{"type": "FeatureCollection", "features": [{"type": "Feature", "properties": {"district_id": "Antoinette-Robidoux"}, "geometry": {"type": "Polygon", "coordinates": [[[-73.4891155620693, 45.540528844534], [-73.4885681365266, 45.5405434134313], [-73.4881995315804, 45.5405361412663], [-73.4875561019581, 45.5405176002442], [-73.4875362594263, 45.540515025568], [-73.4875164329665, 45.5405123904633], [-73.4874966229513, 45.5405096949795], [-73.4874276449691, 45.5404998208259], [-73.4873588874116, 45.5404892146732], [-73.4872903660092, 45.5404778789478], [-73.487290320233, 45.5404778706192], [-73.4872220659888, 45.540465810403], [-73.487154079078, 45.5404530262913], [-73.4870863750478, 45.5404395212077], [-73.4870863299123, 45.5404395113043], [-73.4870189244173, 45.5404252880281], [-73.4869518327058, 45.540410350123], [-73.4868850701199, 45.540394701005], [-73.4868513635166, 45.5403864992765], [-73.4868177473588, 45.5403781162543], [-73.486784223621, 45.5403695524307], [-73.4867165488435, 45.5403516365771], [-73.4866492783949, 45.5403329839575], [-73.4865824285173, 45.5403135990756], [-73.4865160153971, 45.5402934865619], [-73.4864500550248, 45.5402726513234], [-73.4863845633263, 45.5402510983906], [-73.4863195560715, 45.5402288330422], [-73.486255048997, 45.5402058605793], [-73.4861910576774, 45.5401821865484], [-73.4849798570404, 45.5397426017774], [-73.4837332581716, 45.5392865320705], [-73.4827767612266, 45.5389365827666], [-73.482694700019, 45.5389065589861], [-73.4826002224385, 45.5388799094466], [-73.4819227853357, 45.5386888200529], [-73.481824531461, 45.5386611047655], [-73.4817331469488, 45.538638630246], [-73.4813789497488, 45.5385515209818], [-73.481254547779, 45.5385209259578], [-73.4806312864935, 45.5383676399464], [-73.4805438604866, 45.5383461378697], [-73.4804775568162, 45.5383250028718], [-73.4797407350632, 45.5380901321521], [-73.4786787102097, 45.5377143439504], [-73.4779817144248, 45.537547216268], [-73.4777296469227, 45.5374867739017], [-73.4774331543981, 45.5374156771316], [-73.477334805079, 45.5373943198103], [-73.4773327207135, 45.5373938667784], [-73.4759295047391, 45.5372541049034], [-73.4747549516314, 45.5373327185815], [-73.4721437036292, 45.5375074487132], [-73.4713539821711, 45.5374627150582], [-73.4709869430471, 45.5374419225692], [-73.4703595816668, 45.5373427793725], [-73.4691970329131, 45.5370538281731], [-73.469165194303, 45.5370459145091], [-73.4689818763404, 45.537000349288], [-73.468723204546, 45.5369360537396], [-73.4685414504773, 45.5368908769689], [-73.4681707584987, 45.5367987352795], [-73.4677081386912, 45.5366575144769], [-73.4675067393894, 45.5365749350407], [-73.4671276388358, 45.5363993150063], [-73.4670376001902, 45.5363380748897], [-73.4668000612934, 45.5361765103934], [-73.4665063150992, 45.5359312188064], [-73.4658695065544, 45.5353273631931], [-73.4655880646981, 45.5350604794683], [-73.4650255242319, 45.5345270276487], [-73.4639621989656, 45.5336111117257], [-73.4622534569947, 45.532646596312], [-73.46174904759, 45.5323618663017], [-73.4616266705023, 45.5322981841798], [-73.4619250083804, 45.5319197893951], [-73.4619876992572, 45.531806932715], [-73.4622974953616, 45.5312492280778], [-73.4627825766596, 45.5304253048762], [-73.4629399762706, 45.5304703479875], [-73.4630271812813, 45.5304935039014], [-73.4636867023755, 45.5306686252139], [-73.4636485305889, 45.5307404589041], [-73.4634983600218, 45.531023059381], [-73.4644850595903, 45.5312825680297], [-73.4645768403721, 45.5313067068036], [-73.4647312459193, 45.5310252184313], [-73.4647736884614, 45.530947842693], [-73.4657521438675, 45.5312090934436], [-73.4664752783169, 45.531392354928], [-73.4665402978754, 45.5314081346643], [-73.466553414581, 45.5314104765992], [-73.4665667671405, 45.5314120260595], [-73.4665802588112, 45.531412771819], [-73.4665937918424, 45.5314127084743], [-73.4666072681838, 45.5314118364846], [-73.4666205901959, 45.5314101621675], [-73.4666336613573, 45.5314076976539], [-73.4666466184472, 45.531404393914], [-73.4666591197282, 45.5314003138561], [-73.4666710712473, 45.5313954881436], [-73.4666823831838, 45.5313899530439], [-73.4666929705235, 45.5313837501559], [-73.466702753698, 45.531376926097], [-73.4667116591826, 45.5313695321531], [-73.4668012520713, 45.5313931213999], [-73.4668743445317, 45.531412366771], [-73.4668962701036, 45.5314181392927], [-73.4669171690386, 45.5314236415613], [-73.4670979950492, 45.5314712484575], [-73.467173582637, 45.531491148538], [-73.4672480421476, 45.5313701820974], [-73.4673040836238, 45.5312790993788], [-73.4673601633221, 45.5311880265405], [-73.4674162069964, 45.5310969446645], [-73.4674722492094, 45.5310058627591], [-73.4675055986728, 45.5309516641628], [-73.4675282912419, 45.5309147799249], [-73.4675842729283, 45.5308236826472], [-73.4676402544349, 45.5307325835408], [-73.4676962357591, 45.5306414871051], [-73.467770588061, 45.5305204914806], [-73.4677860784561, 45.5304952859647], [-73.4679295433714, 45.530261819944], [-73.4681167940916, 45.5299570987193], [-73.4682294467402, 45.5297737726217], [-73.4682677001125, 45.5297115206962], [-73.4682683651762, 45.5297104383747], [-73.4683118161089, 45.5296417099365], [-73.4678932012486, 45.5295309641521], [-73.4678271871151, 45.5295135004019], [-73.4677555871587, 45.5294939879033], [-73.4674615318344, 45.529413852152], [-73.4674157942942, 45.5294013871437], [-73.4673964847148, 45.5293961247752], [-73.4674510743889, 45.5293012199222], [-73.4675463216969, 45.5291356316435], [-73.4675558870227, 45.5291189999356], [-73.46763187374, 45.52898689452], [-73.4676407098274, 45.5289715349704], [-73.4677174266117, 45.5288381582287], [-73.467725530909, 45.5288240690381], [-73.4678029790328, 45.5286894209694], [-73.4678103515471, 45.5286766030389], [-73.4678885322824, 45.5285406845423], [-73.4678951730219, 45.5285291369731], [-73.4679740825214, 45.5283919462466], [-73.4679799940533, 45.5283816708404], [-73.4680596335891, 45.5282432087831], [-73.4680648133605, 45.5282342055403], [-73.4681451842051, 45.5280944721513], [-73.468149633505, 45.5280867392737], [-73.4682336138431, 45.5279407277469], [-73.4682189562522, 45.5279368048704], [-73.4682921333405, 45.5278096986134], [-73.4683104314051, 45.5277779159685], [-73.4684106865961, 45.5276037762412], [-73.4684579296096, 45.5276164203387], [-73.4685207401411, 45.5275072178679], [-73.4685881482662, 45.527390017053], [-73.4686362832089, 45.5273063254228], [-73.4690373850671, 45.5274172095565], [-73.4690875276691, 45.5273294663042], [-73.4692169776442, 45.5271029397041], [-73.4691062104, 45.5270732807928], [-73.4689095212594, 45.5270206156253], [-73.4687199275762, 45.5269698399248], [-73.4684280387763, 45.5268916823665], [-73.468547269203, 45.5266837938572], [-73.4688861085416, 45.5267752347422], [-73.4689225394325, 45.5267116925983], [-73.4689772560925, 45.5266162570004], [-73.4690684031297, 45.5264572791813], [-73.4691442330237, 45.5263250169834], [-73.4692205405243, 45.5261919207094], [-73.4692935403471, 45.5260646697499], [-73.4693669729498, 45.5259366629917], [-73.4694034501478, 45.5258730766054], [-73.4694399259839, 45.5258094893066], [-73.4695128620489, 45.5256823119681], [-73.4695857990648, 45.5255551354803], [-73.4696587357523, 45.5254279580433], [-73.4697316721111, 45.5253007805567], [-73.4698410753918, 45.5251100155836], [-73.4699163506163, 45.5249788442009], [-73.4699227625053, 45.5249675762965], [-73.469942857798, 45.524932534628], [-73.4700896770932, 45.5246765183641], [-73.4701200740554, 45.5246235122586], [-73.4701424703642, 45.5245844578692], [-73.4705575754932, 45.5247576803754], [-73.4710670434592, 45.5249702752958], [-73.4726274706514, 45.5256214022738], [-73.4726295108257, 45.525622253111], [-73.4726315881141, 45.5256231264531], [-73.4726432327049, 45.5256280225699], [-73.4784878423039, 45.5280852609974], [-73.4785969703481, 45.5281311364], [-73.4816227685194, 45.5294030593545], [-73.4816251789063, 45.5294040729609], [-73.4842546344154, 45.5304928441676], [-73.4852231019514, 45.5308938292205], [-73.4869726739374, 45.5316168240527], [-73.4900625562735, 45.5328935807561], [-73.4909975393493, 45.5332798931926], [-73.4913832933404, 45.5334392735122], [-73.4914237983466, 45.5334560081541], [-73.4932767942781, 45.5342215715553], [-73.494241141916, 45.534619970899], [-73.4954654564143, 45.5351284336822], [-73.4959759111944, 45.5353536201766], [-73.4967743975196, 45.5357058628006], [-73.4967149580657, 45.5357653475993], [-73.4967058257369, 45.5357744869911], [-73.4966654485671, 45.5358148939458], [-73.496134199068, 45.5363465338738], [-73.4954466312038, 45.5370460227071], [-73.49482957477, 45.5376569871942], [-73.4947512481339, 45.5377345397355], [-73.4928677919729, 45.539668472937], [-73.4924451696029, 45.540102400441], [-73.4919790432575, 45.540572145824], [-73.4914958393731, 45.5410620623458], [-73.4914476838976, 45.5411148854922], [-73.491393203039, 45.5411645812074], [-73.4913328040531, 45.5412107751812], [-73.4912669415751, 45.5412531228014], [-73.4911961086576, 45.5412913037545], [-73.4911208393294, 45.5413250337244], [-73.4911116971347, 45.5413103244732], [-73.4911023114993, 45.5412956911281], [-73.4910926836996, 45.5412811356783], [-73.4910778256032, 45.5412595018225], [-73.4910624325719, 45.5412380534489], [-73.4910465092934, 45.5412167970888], [-73.4910464865687, 45.5412167682922], [-73.4910300452303, 45.5411957202066], [-73.4910130839834, 45.5411748768319], [-73.4909956079886, 45.5411542445092], [-73.4909955807824, 45.5411542136876], [-73.4909775955626, 45.5411337998556], [-73.4909591064352, 45.5411136095503], [-73.4909401190249, 45.5410936489133], [-73.4909389488247, 45.5410924421389], [-73.490915379846, 45.5410687225131], [-73.490891106759, 45.5410453561684], [-73.4908661402844, 45.5410223534243], [-73.4908661175585, 45.5410223334011], [-73.4908404764262, 45.5409997110924], [-73.4908141646574, 45.5409774723065], [-73.4907871938662, 45.5409556268594], [-73.4907588075451, 45.5409336007505], [-73.4907297512685, 45.540912010349], [-73.4907000385766, 45.5408908657155], [-73.4906743033642, 45.5408732684051], [-73.4906481134821, 45.540856005529], [-73.4906214777302, 45.5408390828873], [-73.4905944051121, 45.5408225062501], [-73.4905669046739, 45.5408062811009], [-73.4905389856557, 45.5407904128909], [-73.4905106573651, 45.5407749068866], [-73.4904819293905, 45.5407597683649], [-73.4904528113841, 45.5407450024122], [-73.4904112165151, 45.5407262974664], [-73.4903690243471, 45.5407082652411], [-73.4903262439446, 45.5406909100879], [-73.4902829191702, 45.5406742495869], [-73.4902390772506, 45.5406582937601], [-73.4901947281021, 45.5406430458718], [-73.4901946880884, 45.5406430332706], [-73.4901498587962, 45.5406285031808], [-73.4901045689221, 45.540614696438], [-73.4900588288132, 45.540601616646], [-73.4900126706034, 45.5405892733783], [-73.4899661365977, 45.5405776776811], [-73.4899192377971, 45.5405668320057], [-73.4898528191671, 45.5405595280473], [-73.4897862426287, 45.5405529723904], [-73.4897195252527, 45.5405471667157], [-73.4897194781947, 45.5405471633371], [-73.4896526527827, 45.5405421102277], [-73.4895857208241, 45.5405378095317], [-73.4895186994724, 45.5405342623514], [-73.4894515900336, 45.5405314695279], [-73.4893844255629, 45.5405294322015], [-73.4893172232817, 45.5405281508947], [-73.4892500004817, 45.5405276256462], [-73.4891827743319, 45.540527856879], [-73.4891155620693, 45.540528844534]]]}}, {"type": "Feature", "properties": {"district_id": "Boisé-Du Tremblay"}, "geometry": {"type": "Polygon", "coordinates": [[[-73.4240638667406, 45.5487092580671], [-73.4246096855441, 45.5482448848723], [-73.4250874878993, 45.5478383734032], [-73.4260538388854, 45.5470161784087], [-73.4261017092738, 45.5469754486028], [-73.4265623335497, 45.5465835259042], [-73.4266087160111, 45.5465440618958], [-73.4270716909191, 45.5461501301891], [-73.4271401583989, 45.5460918734781], [-73.4275818263379, 45.5457160649847], [-73.4276523350253, 45.5456560689725], [-73.428144282716, 45.5452374704865], [-73.4295248063818, 45.5440627353467], [-73.4320251855844, 45.5419348207293], [-73.4320475590261, 45.5419157790907], [-73.4324397083889, 45.541582011955], [-73.4329844856081, 45.5411183291177], [-73.4334772740292, 45.5407014697074], [-73.4349286997239, 45.5394736326839], [-73.4352683237683, 45.5391863176674], [-73.4364415387927, 45.5381781037574], [-73.4365469014975, 45.538087556777], [-73.4367346120218, 45.537926240807], [-73.4367556609651, 45.5379082494096], [-73.4367919553976, 45.5378772268967], [-73.4368497160061, 45.5378260076857], [-73.4369061955688, 45.5377740885637], [-73.4369613774242, 45.5377214848205], [-73.4370152436307, 45.5376682117453], [-73.4370677788058, 45.5376142864286], [-73.4371189662888, 45.5375597241601], [-73.437168791977, 45.5375045429306], [-73.4372172379285, 45.5374487589291], [-73.4372642926032, 45.537392389248], [-73.4373099393379, 45.5373354518766], [-73.4373780100749, 45.5372451589961], [-73.4374016935884, 45.5372122523107], [-73.4374421524459, 45.5371535231643], [-73.4374811456696, 45.5370943063885], [-73.4375186617195, 45.5370346199755], [-73.4375546916152, 45.5369744828181], [-73.4375892212553, 45.5369139138069], [-73.4376222416628, 45.5368529291353], [-73.4376537425757, 45.5367915494953], [-73.437683713735, 45.5367297928792], [-73.4377121461615, 45.5366676781799], [-73.4377390334376, 45.536605223392], [-73.4377643640215, 45.5365424492063], [-73.4377932868376, 45.5364650789002], [-73.4381216153343, 45.5355313054793], [-73.4383715586728, 45.5348204434076], [-73.438614945587, 45.5341282236263], [-73.4388093201528, 45.5336944717663], [-73.4388094523323, 45.5336941919874], [-73.4389982556973, 45.5332983433813], [-73.4391814024914, 45.5329143458963], [-73.4390424919632, 45.5328747986445], [-73.4386444792914, 45.5327614830744], [-73.4386196447506, 45.5327544123002], [-73.437904016904, 45.5325548409003], [-73.4378275231473, 45.5325334470271], [-73.4377619022821, 45.5325140809639], [-73.4376967701521, 45.5324939115738], [-73.4376321497964, 45.5324729469685], [-73.437568060415, 45.5324511934585], [-73.4375045199286, 45.5324286564533], [-73.4374415500965, 45.5324053431644], [-73.4373791675558, 45.5323812617006], [-73.4373173927864, 45.5323564183729], [-73.4372562449859, 45.5323308212913], [-73.4371957420722, 45.5323044776653], [-73.4371359032425, 45.5322773956052], [-73.4370767451325, 45.5322495841194], [-73.437018286939, 45.5322210513183], [-73.4370110943425, 45.5322174084055], [-73.4370076356012, 45.5322156563123], [-73.4369605452982, 45.5321918053105], [-73.4368745397392, 45.5321462907743], [-73.4368186796416, 45.5321153567371], [-73.4367635975177, 45.532083742825], [-73.4367093087229, 45.5320514571462], [-73.4366558286094, 45.5320185105086], [-73.4366031763703, 45.5319849137218], [-73.4365513647987, 45.5319506757925], [-73.4365004130874, 45.5319158075306], [-73.4364503340275, 45.5318803197424], [-73.436401467902, 45.5318444600741], [-73.4364011442519, 45.5318442223365], [-73.4363528578295, 45.5318075279196], [-73.4355644030774, 45.531220205726], [-73.4355400201126, 45.5312020593199], [-73.4355095481876, 45.5311793436896], [-73.435239576865, 45.5309782371743], [-73.4351847224456, 45.5309373749805], [-73.4351063642444, 45.5308790038455], [-73.4341968230658, 45.5302014583084], [-73.433156729131, 45.5294266312231], [-73.4324242912652, 45.5288809761236], [-73.4323552674467, 45.5288304444006], [-73.4322849996138, 45.528780767645], [-73.4322135095143, 45.528731959365], [-73.4321408176126, 45.5286840357678], [-73.4320669469349, 45.528637011262], [-73.4319919205078, 45.5285909002566], [-73.431915760078, 45.5285457162599], [-73.4318384899526, 45.5285014727817], [-73.4317601331572, 45.528458184231], [-73.4316807139982, 45.5284158641177], [-73.431600255504, 45.5283745241512], [-73.4315187832618, 45.5283341769426], [-73.4314363215776, 45.5282948360017], [-73.431332353203, 45.528247298038], [-73.4313267143114, 45.5282447759985], [-73.4313118691828, 45.5282381496559], [-73.4310966357388, 45.5281420314905], [-73.4310947548339, 45.5281411917059], [-73.4310549602595, 45.5281234354641], [-73.4310506891972, 45.5281215315261], [-73.4309046826289, 45.5280563408406], [-73.4310380332732, 45.5277890998715], [-73.431038845808, 45.5277873339775], [-73.4310414156252, 45.5277817493266], [-73.4310438166089, 45.5277770851092], [-73.431049610533, 45.5277658325168], [-73.4331926717779, 45.5234699136951], [-73.4336742834426, 45.5225043960204], [-73.4339369187975, 45.5225740041617], [-73.4355784326068, 45.5230090496922], [-73.4392156697955, 45.5239727198754], [-73.4404576902159, 45.524301753441], [-73.442851290089, 45.5249440433887], [-73.4430741768625, 45.52500547335], [-73.4436504330156, 45.5251642946073], [-73.444430367307, 45.5253646741229], [-73.4451314029732, 45.5255398680197], [-73.4465558126108, 45.5260738053157], [-73.446848132364, 45.5261824173532], [-73.4490926638985, 45.5270163400167], [-73.4493609937997, 45.5271160292025], [-73.4498484854222, 45.5273207156515], [-73.450859633733, 45.5277066777313], [-73.4524243271464, 45.5283541463118], [-73.4530257595652, 45.5286035282675], [-73.4550985445626, 45.5294629585189], [-73.4575382068093, 45.5304752167305], [-73.457656430333, 45.5305279344777], [-73.4600053055734, 45.5315752808167], [-73.4616266705023, 45.5322981841798], [-73.4615222678339, 45.532411348753], [-73.4612060937072, 45.5327540524029], [-73.4608181103151, 45.5331395718586], [-73.458401169756, 45.53514955442], [-73.4580162919033, 45.5355758531871], [-73.4578103442139, 45.5358039609405], [-73.4574630163692, 45.5362581666317], [-73.4570885949501, 45.5368816655476], [-73.4569079239393, 45.5372330651891], [-73.4566543232963, 45.5378977747586], [-73.4565973397928, 45.5381072569258], [-73.4565069126125, 45.5384799262742], [-73.456446975875, 45.5388610665272], [-73.4559388468861, 45.5420920973105], [-73.4558939970572, 45.5423772707387], [-73.4558612660522, 45.5425853795851], [-73.4558419567095, 45.5426899376725], [-73.4556771511601, 45.5435823203342], [-73.4555878601182, 45.5444123040334], [-73.4555625902102, 45.5445197193499], [-73.4555257091079, 45.5446254631048], [-73.455477432559, 45.5447289165316], [-73.4554180429966, 45.5448294742624], [-73.4553478878884, 45.5449265478704], [-73.4552673777038, 45.5450195693139], [-73.4551769835138, 45.5451079942604], [-73.4550772342346, 45.545191305272], [-73.4545432554716, 45.5455419861892], [-73.4545270692217, 45.5455537253128], [-73.4529137704225, 45.5467237084858], [-73.4522447410785, 45.5471583639251], [-73.4519127979395, 45.5473651870078], [-73.4515920504628, 45.5475810122245], [-73.4511928814717, 45.5478749808158], [-73.4508952047727, 45.5481070919451], [-73.4505555058928, 45.5484289040589], [-73.4505343301005, 45.5484489639343], [-73.4502861887583, 45.5487201477718], [-73.4499688131042, 45.5491327639606], [-73.4498273858639, 45.5493480506585], [-73.4497824314982, 45.5494346913982], [-73.4495331507805, 45.5492370612779], [-73.4494516919541, 45.5491752677275], [-73.4494391794246, 45.5491653468987], [-73.4491080142662, 45.5489027951024], [-73.4490599982228, 45.548864727739], [-73.4486779851058, 45.5485618573424], [-73.4484910708317, 45.5484136656133], [-73.4484517720431, 45.5483825081625], [-73.4483532936269, 45.5483044299046], [-73.4478642885857, 45.548612911824], [-73.4473651752392, 45.5489277632141], [-73.4472955206437, 45.548971701583], [-73.44682824693, 45.5486060193812], [-73.4468080039314, 45.5485901773435], [-73.4465739202908, 45.5484069838802], [-73.4462395639821, 45.5481453130782], [-73.4461508369883, 45.5480758759331], [-73.4461253603159, 45.5480559370517], [-73.4427784624649, 45.5491433694554], [-73.4419019857705, 45.5494224062021], [-73.4417302564603, 45.5494799109323], [-73.4410922018116, 45.5496935637626], [-73.4402601527238, 45.5499632362968], [-73.4398195182821, 45.5500981399298], [-73.4393883917202, 45.5502474419672], [-73.4389677254627, 45.5504108126041], [-73.4387332444718, 45.5505136852394], [-73.4385064780574, 45.5506247681285], [-73.4382880080654, 45.5507437762735], [-73.4380813977591, 45.5508761157482], [-73.4378862169055, 45.5510167596902], [-73.4377031406239, 45.551165221683], [-73.4373575224322, 45.5514703828864], [-73.4373277632928, 45.5514987752718], [-73.4370983036924, 45.5517176952175], [-73.4367843961275, 45.5520293698248], [-73.4361562833666, 45.5526530014821], [-73.4355488349439, 45.553246551687], [-73.4353292668247, 45.5534488905292], [-73.4351605942777, 45.5535972677291], [-73.4350223814387, 45.5537096685981], [-73.434850508072, 45.5538445459854], [-73.4346506301553, 45.5539839062705], [-73.434484396392, 45.554091791273], [-73.4342572970371, 45.5542221368984], [-73.4330008986115, 45.554896283242], [-73.4325447035569, 45.5551434694005], [-73.4324562289053, 45.5552018704028], [-73.4324560997585, 45.5552019558107], [-73.4323790735973, 45.5551360326522], [-73.4323058135663, 45.5550733330819], [-73.4313188429642, 45.5543012618742], [-73.4302791658541, 45.5534971344173], [-73.4296317747398, 45.5529973813302], [-73.4287016112897, 45.5522793222268], [-73.427651908919, 45.5514720443593], [-73.4272163977878, 45.5511371035778], [-73.4240708933324, 45.548714669627], [-73.4240638667406, 45.5487092580671]]]}}, {"type": "Feature", "properties": {"district_id": "Boisé-Fonrouge"}, "geometry": {"type": "Polygon", "coordinates": [[[-73.4336742834426, 45.5225043960204], [-73.4343632028195, 45.5211232089444], [-73.4352045046963, 45.5194364181708], [-73.4353426777938, 45.5191598692556], [-73.4360682984551, 45.51770751444], [-73.4367687381361, 45.5162998835088], [-73.4367688189547, 45.5162997215821], [-73.4374543438844, 45.5149261989255], [-73.4375479799921, 45.5147485692853], [-73.4376503764448, 45.5145733451212], [-73.4377614075065, 45.5144007405037], [-73.4378809384926, 45.5142309649976], [-73.438008823209, 45.5140642245608], [-73.4381385052873, 45.513908130074], [-73.4397921660869, 45.5119760485031], [-73.4398694146013, 45.5118857891674], [-73.4398696410351, 45.51188588377], [-73.4398709062476, 45.5118864144428], [-73.4431016825778, 45.5132418100107], [-73.4446418486504, 45.5138929910891], [-73.4485718588173, 45.5155544340972], [-73.4504783289241, 45.5163460487489], [-73.4520212809887, 45.5169866822284], [-73.4521638228115, 45.5170497308734], [-73.4526196630849, 45.5172515149103], [-73.4541277089013, 45.5178716411724], [-73.4556611882471, 45.5185178824081], [-73.4562897107629, 45.518777819553], [-73.4572403929719, 45.5191709804933], [-73.4581270135294, 45.5195526343645], [-73.4620440699296, 45.5211880457029], [-73.4620564050074, 45.5211932337806], [-73.463281210587, 45.5217083435529], [-73.4643486444687, 45.5221655206233], [-73.4645884314211, 45.5222664879792], [-73.4645884634149, 45.5222665014868], [-73.4662779894795, 45.5229757195495], [-73.467236089334, 45.5233734054806], [-73.4680082467622, 45.5236939016513], [-73.4680510427659, 45.5237116647696], [-73.4701424703642, 45.5245844578692], [-73.4701200740554, 45.5246235122586], [-73.4700896770932, 45.5246765183641], [-73.469942857798, 45.524932534628], [-73.4699227625053, 45.5249675762965], [-73.4699163506163, 45.5249788442009], [-73.4698410753918, 45.5251100155836], [-73.4697316721111, 45.5253007805567], [-73.4696587357523, 45.5254279580433], [-73.4695857990648, 45.5255551354803], [-73.4695128620489, 45.5256823119681], [-73.4694399259839, 45.5258094893066], [-73.4694034501478, 45.5258730766054], [-73.4693669729498, 45.5259366629917], [-73.4692935403471, 45.5260646697499], [-73.4692205405243, 45.5261919207094], [-73.4691442330237, 45.5263250169834], [-73.4690684031297, 45.5264572791813], [-73.4689772560925, 45.5266162570004], [-73.4689225394325, 45.5267116925983], [-73.4688861085416, 45.5267752347422], [-73.468547269203, 45.5266837938572], [-73.4684280387763, 45.5268916823665], [-73.4687199275762, 45.5269698399248], [-73.4689095212594, 45.5270206156253], [-73.4691062104, 45.5270732807928], [-73.4692169776442, 45.5271029397041], [-73.4690875276691, 45.5273294663042], [-73.4690373850671, 45.5274172095565], [-73.4686362832089, 45.5273063254228], [-73.4685881482662, 45.527390017053], [-73.4685207401411, 45.5275072178679], [-73.4684579296096, 45.5276164203387], [-73.4684106865961, 45.5276037762412], [-73.4683104314051, 45.5277779159685], [-73.4682921333405, 45.5278096986134], [-73.4682189562522, 45.5279368048704], [-73.4682336138431, 45.5279407277469], [-73.468149633505, 45.5280867392737], [-73.4681451842051, 45.5280944721513], [-73.4680648133605, 45.5282342055403], [-73.4680596335891, 45.5282432087831], [-73.4679799940533, 45.5283816708404], [-73.4679740825214, 45.5283919462466], [-73.4678951730219, 45.5285291369731], [-73.4678885322824, 45.5285406845423], [-73.4678103515471, 45.5286766030389], [-73.4678029790328, 45.5286894209694], [-73.467725530909, 45.5288240690381], [-73.4677174266117, 45.5288381582287], [-73.4676407098274, 45.5289715349704], [-73.46763187374, 45.52898689452], [-73.4675558870227, 45.5291189999356], [-73.4675463216969, 45.5291356316435], [-73.4674510743889, 45.5293012199222], [-73.4673964847148, 45.5293961247752], [-73.4674157942942, 45.5294013871437], [-73.4674615318344, 45.529413852152], [-73.4677555871587, 45.5294939879033], [-73.4678271871151, 45.5295135004019], [-73.4678932012486, 45.5295309641521], [-73.4683118161089, 45.5296417099365], [-73.4682683651762, 45.5297104383747], [-73.4682677001125, 45.5297115206962], [-73.4682294467402, 45.5297737726217], [-73.4681167940916, 45.5299570987193], [-73.4679295433714, 45.530261819944], [-73.4677860784561, 45.5304952859647], [-73.467770588061, 45.5305204914806], [-73.4676962357591, 45.5306414871051], [-73.4676402544349, 45.5307325835408], [-73.4675842729283, 45.5308236826472], [-73.4675282912419, 45.5309147799249], [-73.4675055986728, 45.5309516641628], [-73.4674722492094, 45.5310058627591], [-73.4674162069964, 45.5310969446645], [-73.4673601633221, 45.5311880265405], [-73.4673040836238, 45.5312790993788], [-73.4672480421476, 45.5313701820974], [-73.467173582637, 45.531491148538], [-73.4670979950492, 45.5314712484575], [-73.4669171690386, 45.5314236415613], [-73.4668962701036, 45.5314181392927], [-73.4668743445317, 45.531412366771], [-73.4668012520713, 45.5313931213999], [-73.4667116591826, 45.5313695321531], [-73.466702753698, 45.531376926097], [-73.4666929705235, 45.5313837501559], [-73.4666823831838, 45.5313899530439], [-73.4666710712473, 45.5313954881436], [-73.4666591197282, 45.5314003138561], [-73.4666466184472, 45.531404393914], [-73.4666336613573, 45.5314076976539], [-73.4666205901959, 45.5314101621675], [-73.4666072681838, 45.5314118364846], [-73.4665937918424, 45.5314127084743], [-73.4665802588112, 45.531412771819], [-73.4665667671405, 45.5314120260595], [-73.466553414581, 45.5314104765992], [-73.4665402978754, 45.5314081346643], [-73.4664752783169, 45.531392354928], [-73.4657521438675, 45.5312090934436], [-73.4647736884614, 45.530947842693], [-73.4647312459193, 45.5310252184313], [-73.4645768403721, 45.5313067068036], [-73.4644850595903, 45.5312825680297], [-73.4634983600218, 45.531023059381], [-73.4636485305889, 45.5307404589041], [-73.4636867023755, 45.5306686252139], [-73.4630271812813, 45.5304935039014], [-73.4629399762706, 45.5304703479875], [-73.4627825766596, 45.5304253048762], [-73.4622974953616, 45.5312492280778], [-73.4619876992572, 45.531806932715], [-73.4619250083804, 45.5319197893951], [-73.4616266705023, 45.5322981841798], [-73.4600053055734, 45.5315752808167], [-73.457656430333, 45.5305279344777], [-73.4575382068093, 45.5304752167305], [-73.4550985445626, 45.5294629585189], [-73.4530257595652, 45.5286035282675], [-73.4524243271464, 45.5283541463118], [-73.450859633733, 45.5277066777313], [-73.4498484854222, 45.5273207156515], [-73.4493609937997, 45.5271160292025], [-73.4490926638985, 45.5270163400167], [-73.446848132364, 45.5261824173532], [-73.4465558126108, 45.5260738053157], [-73.4451314029732, 45.5255398680197], [-73.444430367307, 45.5253646741229], [-73.4436504330156, 45.5251642946073], [-73.4430741768625, 45.52500547335], [-73.442851290089, 45.5249440433887], [-73.4404576902159, 45.524301753441], [-73.4392156697955, 45.5239727198754], [-73.4355784326068, 45.5230090496922], [-73.4339369187975, 45.5225740041617], [-73.4336742834426, 45.5225043960204]]]}}, {"type": "Feature", "properties": {"district_id": "Boisé-Pilon"}, "geometry": {"type": "Polygon", "coordinates": [[[-73.4234783579755, 45.5015339710274], [-73.4235828223881, 45.5013892759426], [-73.4238489578108, 45.5010206474115], [-73.423933922049, 45.5008994348063], [-73.4238480363692, 45.5008688602913], [-73.4234987570422, 45.5007445204965], [-73.4235524209287, 45.5006689695623], [-73.4236395638578, 45.5005462873823], [-73.4237267051286, 45.5004236051321], [-73.4238124511712, 45.5003028889404], [-73.4238138473014, 45.5003009219134], [-73.4238197241141, 45.500292649071], [-73.4238560221192, 45.5002415468557], [-73.4238636373471, 45.5002308248954], [-73.4238713705175, 45.5002199374419], [-73.4239288922865, 45.500138954739], [-73.4239332832042, 45.5001327739373], [-73.4239335767861, 45.5001323611045], [-73.4239399150915, 45.500123437976], [-73.4239944149521, 45.5000467094872], [-73.4240066440994, 45.5000294928156], [-73.4240089030104, 45.500026312471], [-73.4240120080505, 45.5000219412963], [-73.4240161925469, 45.5000160501036], [-73.4240383188284, 45.4999848978333], [-73.4240904390105, 45.4999115196321], [-73.4240924684326, 45.4999086621773], [-73.4241687440268, 45.4998012750976], [-73.4241690299133, 45.4998008730572], [-73.4242561701623, 45.4996781903864], [-73.4243431651707, 45.4995557091152], [-73.4244304482458, 45.4994328239359], [-73.4245156663427, 45.4993094676043], [-73.4246029360557, 45.4991864401037], [-73.4246899836075, 45.4990637246331], [-73.4247770320604, 45.4989410090942], [-73.4248640788553, 45.4988182934852], [-73.4249511252706, 45.4986955787068], [-73.424953925066, 45.4986916320312], [-73.4250381713074, 45.4985728638592], [-73.4250426837806, 45.4985665013245], [-73.4251252169671, 45.4984501480425], [-73.4251376185159, 45.4984326650042], [-73.4252194411162, 45.4983173127121], [-73.4253064859878, 45.4981945967513], [-73.425311708591, 45.4981872340434], [-73.4253961430509, 45.4980681993661], [-73.425398754341, 45.49806451801], [-73.4255728421444, 45.4978190875337], [-73.4256598854796, 45.4976963712919], [-73.4257470707282, 45.4975734544081], [-73.4258339710126, 45.4974509404003], [-73.4259215593004, 45.4973274540384], [-73.4259644886641, 45.4972669295596], [-73.4261395554777, 45.4973278642489], [-73.4263148528796, 45.4973888789041], [-73.4264027498395, 45.4974194717757], [-73.4266221809348, 45.4971143129276], [-73.4265341749353, 45.4970832252388], [-73.4263599217563, 45.4970216707836], [-73.4261856689573, 45.4969601160623], [-73.4262742660338, 45.4968370107053], [-73.426362324351, 45.4967146553996], [-73.4263723790505, 45.4967006855006], [-73.4264063552876, 45.4966534763718], [-73.4264503848468, 45.4965922991251], [-73.4265384424031, 45.4964699418782], [-73.4266044856394, 45.4963781741218], [-73.4266265008584, 45.4963475836616], [-73.4266925438084, 45.4962558158522], [-73.4267585852632, 45.496164048902], [-73.4268466414825, 45.4960416923074], [-73.42685010876, 45.4960368740617], [-73.4269611151504, 45.4958826271896], [-73.4269734101333, 45.495865542507], [-73.4270673565286, 45.4957349973182], [-73.4270702469625, 45.4957309813585], [-73.4271574930251, 45.4956097488032], [-73.4272476278422, 45.4954845002133], [-73.4273353478798, 45.4955154477034], [-73.4275126795019, 45.4952690308949], [-73.427598927975, 45.4951491813203], [-73.4272877113698, 45.4950362223419], [-73.42717114566, 45.4949939138865], [-73.4272111786684, 45.4949386304615], [-73.4272587986124, 45.4948736011386], [-73.4275213921577, 45.4945054490906], [-73.427854499376, 45.4946223022996], [-73.4278703704273, 45.4946278706616], [-73.4279578003047, 45.4945052923201], [-73.4280452310831, 45.4943827130098], [-73.4281077443953, 45.4942950679146], [-73.4281326602024, 45.4942601336288], [-73.4281702549523, 45.4942074245818], [-73.4282419463864, 45.4941069102046], [-73.4282070494998, 45.4940946683885], [-73.4282743892447, 45.4940002557999], [-73.4283059800687, 45.4939559627821], [-73.4283417274837, 45.4939058440689], [-73.4284049101505, 45.4938172579862], [-73.4284398069099, 45.4938294988424], [-73.4285272355933, 45.493706920947], [-73.4286146626188, 45.4935843420812], [-73.4287458043639, 45.4934004741027], [-73.42892144053, 45.4931542186298], [-73.4290114632158, 45.493032553506], [-73.4291078938843, 45.4928978499351], [-73.429186834471, 45.4927875788235], [-73.4292745195281, 45.4926650913771], [-73.4293411594024, 45.4925720031741], [-73.4293622054852, 45.4925426029613], [-73.4294078016236, 45.4924789086332], [-73.4294959753121, 45.4923557365301], [-73.4295836603086, 45.4922332479371], [-73.4296275013825, 45.4921720054132], [-73.4296384632374, 45.4921566932058], [-73.4296932647381, 45.4920801384462], [-73.4297590265982, 45.4919882732386], [-73.4298028685734, 45.4919270288457], [-73.4298467860711, 45.4918656774001], [-73.4298905509591, 45.4918045400064], [-73.4299352782477, 45.4917420588171], [-73.4299361971686, 45.4917407753019], [-73.4299637340268, 45.4917023067177], [-73.4300238802565, 45.4916182854568], [-73.4300663362352, 45.4915589765762], [-73.4301539892825, 45.4914365271019], [-73.4302022339887, 45.4913691303016], [-73.4302422468632, 45.4913132338723], [-73.4304165206525, 45.4910697754965], [-73.4304599959498, 45.4910090408302], [-73.4301174450666, 45.4908858418604], [-73.4300383378246, 45.4908573898283], [-73.4300793635957, 45.4907995630037], [-73.4301801007276, 45.4906575687656], [-73.4302603831715, 45.4906852565496], [-73.4305229890816, 45.4907758231088], [-73.4306026460839, 45.4906640387738], [-73.430682300211, 45.4905522552792], [-73.4307698375715, 45.490582445078], [-73.4308564822244, 45.4904608510852], [-73.4309006784387, 45.4903988290026], [-73.4309220062857, 45.4903689004526], [-73.4309803610758, 45.4902870057191], [-73.430987527576, 45.4902769488795], [-73.4310313800443, 45.4902154088537], [-73.4310462871446, 45.4901944892526], [-73.4311185707938, 45.490093047416], [-73.4312057624438, 45.4899706868096], [-73.4312712828079, 45.4898787368664], [-73.4312931241624, 45.4898480859775], [-73.4313366337942, 45.4897870252413], [-73.4313804842223, 45.489725485075], [-73.4314240974686, 45.4896642794913], [-73.4315114224045, 45.4896947601488], [-73.4316710482315, 45.4894707420638], [-73.4316901467553, 45.4894439398944], [-73.4317904165955, 45.4893032208036], [-73.4318446579325, 45.4892270983646], [-73.4320651226796, 45.4893478206643], [-73.4321265829567, 45.4893814754205], [-73.4321641608029, 45.489402052009], [-73.4321642720326, 45.4894021132646], [-73.4325052853322, 45.4895888441985], [-73.4334887155329, 45.4901273341275], [-73.4357014395609, 45.4913516381349], [-73.4357997377464, 45.4912874237883], [-73.4388311208882, 45.4929665421088], [-73.4424567577366, 45.4949724339366], [-73.4427514010405, 45.4951354349245], [-73.4427625045129, 45.4951415774275], [-73.4427743483897, 45.4951481297295], [-73.4436893134538, 45.4956542888633], [-73.4459790377361, 45.496920895965], [-73.4460580053673, 45.4969600935982], [-73.4461679055361, 45.4968944775128], [-73.4462097247089, 45.4968695094392], [-73.4466169146487, 45.4966263933769], [-73.4466627584721, 45.4965990217334], [-73.4467281078319, 45.4965600034869], [-73.4470340573666, 45.4963773306977], [-73.447034383824, 45.496377134683], [-73.4471087082864, 45.4963327591062], [-73.4471584383756, 45.4963030656637], [-73.4472064913279, 45.4962743747508], [-73.4472496371664, 45.4962486132442], [-73.4473316822585, 45.4961996257849], [-73.4473408357814, 45.4961941607513], [-73.4473789233813, 45.4961714185408], [-73.4474650994853, 45.4961199646149], [-73.4475513548054, 45.4960684629683], [-73.4475894601571, 45.4960457116968], [-73.4476806581172, 45.4959912589303], [-73.4477237868808, 45.4959655071339], [-73.4477718571817, 45.4959368051912], [-73.447777627048, 45.4959333605254], [-73.4478474017974, 45.4958916981147], [-73.4478513076853, 45.4958893657016], [-73.4478518568901, 45.495889038409], [-73.4478519503446, 45.4958889826613], [-73.4478962170482, 45.4958625510365], [-73.4478963271443, 45.4958624862979], [-73.447926274804, 45.4958446047491], [-73.4480005978671, 45.4958002267875], [-73.4480686478676, 45.4957595937774], [-73.4481119849476, 45.4957337186493], [-73.4481492436431, 45.4957114707181], [-73.4482410780586, 45.4956566362559], [-73.4482978889514, 45.4956227153535], [-73.4483275406333, 45.4956050108341], [-73.4484135063402, 45.495553680271], [-73.4485430978978, 45.4954763008102], [-73.4485857406875, 45.495450838217], [-73.4487579731275, 45.4953479968005], [-73.448758626016, 45.4953476074607], [-73.4488181464138, 45.4953120677931], [-73.44893020622, 45.4952451551226], [-73.4489742056397, 45.49521888223], [-73.4490812685894, 45.4951549528621], [-73.4491897561172, 45.4950901736737], [-73.4497100024939, 45.4947795220176], [-73.4499329667677, 45.4946463826784], [-73.45015592615, 45.4945132455982], [-73.4503788870414, 45.4943801071806], [-73.4506018456027, 45.4942469683237], [-73.450824803111, 45.4941138317276], [-73.4511963944935, 45.4938919337254], [-73.4514193492025, 45.4937587932599], [-73.451790938476, 45.4935368915092], [-73.4519692985499, 45.4934303791352], [-73.4523111575319, 45.4932262279105], [-73.452435641156, 45.4931518878442], [-73.4526184086401, 45.4930427424388], [-73.4527570553926, 45.4929599430536], [-73.4528011638995, 45.4929336012331], [-73.4529380154696, 45.4928518743998], [-73.4529800014673, 45.4928268004165], [-73.4530747565588, 45.4927702130445], [-73.4532114972537, 45.4926885506245], [-73.4532772638259, 45.4926492750193], [-73.4533482401129, 45.4926068871406], [-73.4534258943049, 45.4925605120282], [-73.4534849825769, 45.4925252234917], [-73.4536116801473, 45.4924495584645], [-73.4536217220861, 45.4924435605766], [-73.453758463759, 45.4923618974975], [-73.4537974652602, 45.4923386045962], [-73.4538952024778, 45.4922802342524], [-73.4539460953836, 45.4922498418232], [-73.4540306671674, 45.492199334298], [-73.454166128911, 45.4921184332808], [-73.4541690358561, 45.4921166959468], [-73.4543015889874, 45.4920375321012], [-73.4544370499554, 45.4919566307602], [-73.4545725118149, 45.4918757292577], [-73.4547079694477, 45.4917948284917], [-73.4548434292521, 45.4917139266648], [-73.4549121670156, 45.4916728731924], [-73.4549788886687, 45.491633024676], [-73.4551143489768, 45.4915521225258], [-73.4552094172339, 45.4914953436263], [-73.4552498063376, 45.4914712211125], [-73.4553840165952, 45.4913910641221], [-73.455518226472, 45.4913109069727], [-73.4555809754623, 45.4912734294466], [-73.4556519866926, 45.4912310176437], [-73.455729598705, 45.491184662534], [-73.4557857465351, 45.4911511281569], [-73.4559195059993, 45.4910712385121], [-73.4559808132003, 45.4910346222601], [-73.4560532650854, 45.4909913487095], [-73.4561870250727, 45.4909114587495], [-73.4562214947479, 45.4908908718103], [-73.4563207821223, 45.4908315695304], [-73.4564191093126, 45.4907728408986], [-73.4564727040726, 45.4907408304449], [-73.4564807870559, 45.4907360031557], [-73.4565424634394, 45.4906991653788], [-73.4566213245126, 45.4906520641625], [-73.4566407914476, 45.4906404374549], [-73.4567391179728, 45.4905817085454], [-73.456769943207, 45.4905632967848], [-73.4568007952996, 45.4905448697285], [-73.4568624725453, 45.4905080317779], [-73.4569607986097, 45.490449302676], [-73.4570591231898, 45.4903905743882], [-73.4570671804738, 45.490385762345], [-73.457584632234, 45.4908143350268], [-73.4576584858765, 45.4908755024005], [-73.4577353048692, 45.4908294533783], [-73.4579594690033, 45.4910285503349], [-73.4582982963824, 45.4913121257194], [-73.4583551163372, 45.4913537194534], [-73.4584163006551, 45.4913921287173], [-73.4584814895824, 45.4914271276656], [-73.4585502998159, 45.491458510505], [-73.4586223267574, 45.4914860927045], [-73.4586703847934, 45.4915087868841], [-73.4587158908728, 45.4915339492133], [-73.4587585893021, 45.4915614383096], [-73.4587982401624, 45.4915910997169], [-73.4588346206574, 45.4916227667729], [-73.4589317785401, 45.4917066160038], [-73.4589764399633, 45.4917451589133], [-73.4590215360033, 45.4917825447605], [-73.459322889148, 45.4920323711329], [-73.4595555688993, 45.4922211170311], [-73.4596169821075, 45.4922709343739], [-73.4597149723287, 45.4922169782777], [-73.4598309700423, 45.4921540299811], [-73.4598667034849, 45.4921852905545], [-73.4601025602882, 45.4923916194183], [-73.4600460541184, 45.4924253699477], [-73.4598752962018, 45.4925273624039], [-73.4597290157109, 45.4926147353567], [-73.4596543990066, 45.492700306768], [-73.4597555408499, 45.4927851006264], [-73.459777743507, 45.492803714537], [-73.4599010871794, 45.4929071221707], [-73.4599919262483, 45.4929832772894], [-73.4600244325826, 45.49301052967], [-73.460148163318, 45.4931142602128], [-73.460395931141, 45.4929668771175], [-73.4607610296621, 45.4927496986864], [-73.4609946688179, 45.4926107175793], [-73.4621805960696, 45.4935968683811], [-73.4610443476359, 45.4942714051318], [-73.4608953435572, 45.4943598602358], [-73.4606649216658, 45.4944981232291], [-73.4607590070644, 45.494722672193], [-73.4608317553708, 45.4947424541448], [-73.4610572768569, 45.4948037710623], [-73.4610747829159, 45.4947549523662], [-73.4614379427251, 45.4948119636995], [-73.4616550060515, 45.4949928209183], [-73.4617107570507, 45.4950392733915], [-73.4617853035421, 45.4949950548007], [-73.4618598127969, 45.4949508586445], [-73.4621414687843, 45.494783790023], [-73.4622099153911, 45.4948428622805], [-73.462333146902, 45.49494553744], [-73.462451404459, 45.4950440679461], [-73.4621712763025, 45.4952103666634], [-73.4620984577899, 45.4952535953491], [-73.462354510909, 45.4954649895749], [-73.4624228614464, 45.4954199829652], [-73.462576969447, 45.4953185077086], [-73.4626956637961, 45.4952475794], [-73.4627582982862, 45.4952997638166], [-73.4629696029456, 45.4954758159746], [-73.4629997899812, 45.4955009665078], [-73.4631809089218, 45.4956518677367], [-73.4632702967366, 45.4957263424339], [-73.4632570911302, 45.4957341992275], [-73.4629054612202, 45.4959434154764], [-73.4629141048571, 45.4959502238053], [-73.463019750755, 45.4960334369603], [-73.4634933152136, 45.4964340199727], [-73.463775055995, 45.4966635699335], [-73.4640447943418, 45.496897614634], [-73.4642674059066, 45.4970776533095], [-73.4646102989733, 45.4973522124999], [-73.4648484360713, 45.4975446672861], [-73.464919509345, 45.4975810527312], [-73.4649760408083, 45.4975472782332], [-73.4649961868054, 45.4975352426947], [-73.4651840975156, 45.4974229743823], [-73.465273207161, 45.4973697361344], [-73.4653041382825, 45.4973512555365], [-73.4654051402677, 45.4974348681845], [-73.4653944126136, 45.4974412763244], [-73.4650971899441, 45.4976188538129], [-73.4650214762967, 45.4976640892114], [-73.4652225630858, 45.4978318554346], [-73.4652839929037, 45.4978831058374], [-73.465687139482, 45.4976412325848], [-73.4657523936448, 45.4976952500067], [-73.4659038992933, 45.4978206660938], [-73.4660554043359, 45.4979460801773], [-73.4660851271977, 45.4979283224854], [-73.4662366329308, 45.4980537372262], [-73.466388139337, 45.4981791508637], [-73.4664521440095, 45.4982321326925], [-73.4660227006093, 45.4984864447431], [-73.4660857927811, 45.4985397333497], [-73.4662145365799, 45.4986484735386], [-73.4663532020649, 45.4987709553191], [-73.4664183524265, 45.4988285024066], [-73.4655487477754, 45.4993366552239], [-73.4652223379675, 45.4995300227299], [-73.4643942968951, 45.5000201824685], [-73.4637190576515, 45.5004204004333], [-73.4632867554087, 45.5006777543619], [-73.4618457049796, 45.5015355960755], [-73.4616300800202, 45.5016615019342], [-73.461282430673, 45.5018683486181], [-73.4609235885595, 45.5020841888418], [-73.4590129160517, 45.5032128225778], [-73.4583744059872, 45.5036082887229], [-73.4582553256828, 45.5036820414029], [-73.4581587123354, 45.5037418780172], [-73.4585061072527, 45.5039335795143], [-73.4593228676439, 45.5043854621723], [-73.4603343748524, 45.5049469581126], [-73.4607878499896, 45.5051961020865], [-73.4614145660661, 45.5055388694484], [-73.4615369818106, 45.5056068803546], [-73.4616640103155, 45.5056705725317], [-73.4617953432602, 45.5057297910884], [-73.4619306620745, 45.505784391929], [-73.4619304880208, 45.5057844098678], [-73.4617309738515, 45.5058048542226], [-73.4616973506928, 45.5058083964333], [-73.4616500962531, 45.5058134062016], [-73.4611104899078, 45.5058788736096], [-73.4605751333823, 45.5059390749548], [-73.4601983750301, 45.5059818929047], [-73.4601913132983, 45.5059912902012], [-73.4600289357408, 45.5062299617708], [-73.4600173933844, 45.5062469260651], [-73.4600165645373, 45.5062481450619], [-73.459996730405, 45.5062494212939], [-73.457610822385, 45.5064070078974], [-73.4574754033858, 45.5064159505964], [-73.4560020104786, 45.5065132397234], [-73.4547972152295, 45.506592778861], [-73.4523215891351, 45.5067561755036], [-73.4496886782438, 45.5069298938012], [-73.4496709681094, 45.5069310620944], [-73.4479083235927, 45.5070473252573], [-73.4461826678722, 45.5071611220809], [-73.4452068058423, 45.5072254630421], [-73.4428492702901, 45.5073808652365], [-73.4426460110905, 45.5073944553721], [-73.4424832678862, 45.5074051941551], [-73.4398929461558, 45.5075760751487], [-73.4387703296929, 45.5076501145875], [-73.4385930960398, 45.5076577184832], [-73.4384159531048, 45.5076663043842], [-73.4382389118903, 45.5076758717572], [-73.4381375287094, 45.507681795118], [-73.4380361845936, 45.507688040332], [-73.4379348816092, 45.507694607272], [-73.4374517263027, 45.5077264618268], [-73.4339306689649, 45.5079585439785], [-73.4320748136546, 45.5080808230498], [-73.4319130379048, 45.5080914807592], [-73.4318244605361, 45.5080973164997], [-73.4314114531343, 45.507838064031], [-73.4310648622795, 45.5076052749294], [-73.4309686475628, 45.5075470119358], [-73.4308770168893, 45.5074852034425], [-73.4307902341638, 45.5074200274742], [-73.4307453938518, 45.50738342901], [-73.4307020836892, 45.5073459305709], [-73.4306603401902, 45.5073075637739], [-73.4306533148861, 45.5073008736795], [-73.4305775429572, 45.5072238902918], [-73.4305080500082, 45.5071440317365], [-73.4304450560944, 45.5070615509232], [-73.4304163949728, 45.5070199140826], [-73.4303893912825, 45.50697773304], [-73.4303640658972, 45.506935040407], [-73.4302021875478, 45.5065444054234], [-73.4301467262928, 45.5062764901631], [-73.4301109681413, 45.5061037497856], [-73.4298752110296, 45.5050429327124], [-73.4298265815479, 45.5048374948854], [-73.4297535948135, 45.5046356533104], [-73.4296567664663, 45.5044388332544], [-73.4295367804798, 45.5042484245114], [-73.4293944843242, 45.5040657715901], [-73.429360909539, 45.5040274597763], [-73.4293263510618, 45.5039895829433], [-73.429290820288, 45.5039521535787], [-73.4292823647399, 45.503943460726], [-73.429273856738, 45.5039347932175], [-73.4292652964358, 45.5039261512097], [-73.4292400780589, 45.5039011301329], [-73.4292144213346, 45.503876330395], [-73.4291883301918, 45.5038517557932], [-73.4291185336852, 45.5037889861971], [-73.4290459038985, 45.5037278267057], [-73.4289705159066, 45.5036683405296], [-73.4289487843589, 45.5036518884569], [-73.4289268417437, 45.5036355755031], [-73.4289046898622, 45.5036194030072], [-73.4288453911939, 45.503577511791], [-73.4287846888058, 45.5035366268409], [-73.4287226172239, 45.503496771409], [-73.4287134255515, 45.503491029974], [-73.428704205489, 45.5034853110929], [-73.4286949571482, 45.5034796148351], [-73.4285724962659, 45.5034078157851], [-73.4284455430568, 45.5033399847182], [-73.4283143573263, 45.5032762604402], [-73.4278562180074, 45.5030940894268], [-73.4261903189818, 45.5025091025331], [-73.4235700954641, 45.5015669649119], [-73.4234801536788, 45.5015346246167], [-73.4234783579755, 45.5015339710274]]]}}, {"type": "Feature", "properties": {"district_id": "Coteau-Rouge"}, "geometry": {"type": "Polygon", "coordinates": [[[-73.4909981185187, 45.5332790458154], [-73.4909975195053, 45.5332798850925], [-73.4900625562735, 45.5328935807561], [-73.4869726739374, 45.5316168240527], [-73.4852231019514, 45.5308938292205], [-73.4842546344154, 45.5304928441676], [-73.4816251789063, 45.5294040729609], [-73.4816227685194, 45.5294030593545], [-73.4785969703481, 45.5281311364], [-73.4784878423039, 45.5280852609974], [-73.4726432327049, 45.5256280225699], [-73.4726315881141, 45.5256231264531], [-73.4726774117365, 45.5255595970466], [-73.4727896254366, 45.5254040244588], [-73.4728158299373, 45.5253676942722], [-73.472833019897, 45.5253438625086], [-73.4732031430221, 45.524830718254], [-73.4732464879235, 45.5247706227173], [-73.4733650086057, 45.5246063018774], [-73.4735743680809, 45.5243229009603], [-73.4737637065435, 45.5240619910459], [-73.4740243022132, 45.5237021146398], [-73.4741465765099, 45.5235216974747], [-73.4745152623502, 45.5229776884655], [-73.4749509901024, 45.522392845591], [-73.4751473630009, 45.5221106932099], [-73.4753334187382, 45.5218497384856], [-73.4754137750408, 45.521737032823], [-73.4756397585508, 45.5214265130678], [-73.4756623063058, 45.5214341188242], [-73.4757767026261, 45.5214727084911], [-73.4761722964961, 45.5216061534082], [-73.4761760671125, 45.5216073113891], [-73.4765753412623, 45.5217420955368], [-73.476685571459, 45.5217793057817], [-73.4766636107134, 45.5218095179325], [-73.4766456806551, 45.5218341851877], [-73.4765198777816, 45.5220072580609], [-73.4764616017449, 45.5220874299273], [-73.4769571526668, 45.5222575458513], [-73.4770166949878, 45.5221753988401], [-73.4772018363274, 45.5219199668103], [-73.4772204347737, 45.5218943070777], [-73.4775417652887, 45.5220030551937], [-73.4777598550808, 45.5220768622554], [-73.4778406063262, 45.5221041907952], [-73.4781224805074, 45.5221995831848], [-73.4781394484351, 45.5222053247134], [-73.4784058838737, 45.5222954916745], [-73.4788738185808, 45.5224538268453], [-73.4789975344858, 45.5224956940201], [-73.4791058222118, 45.5225323391674], [-73.4795273846316, 45.5226749987482], [-73.4795691197612, 45.5226891220105], [-73.4800286043499, 45.5228446119331], [-73.4804880901908, 45.5230000991036], [-73.4809475772835, 45.5231555844219], [-73.4814070694681, 45.5233110687884], [-73.4818714869858, 45.5234682167878], [-73.4819795890268, 45.5235047322977], [-73.4821035745193, 45.5235466123405], [-73.4825527167437, 45.5236983588301], [-73.482958733184, 45.5238354990228], [-73.4833647528779, 45.5239726368697], [-73.4835754659119, 45.524043765503], [-73.4837618503356, 45.524106717946], [-73.4835728719226, 45.5243928255988], [-73.4835143116496, 45.5244814837783], [-73.4843931592482, 45.5247790096505], [-73.4845270016992, 45.5248243203883], [-73.4845886436916, 45.5247343456451], [-73.4848069177484, 45.5244157389149], [-73.4849183725232, 45.5242455660775], [-73.4852432074454, 45.5237495924638], [-73.4856842625466, 45.5230849673949], [-73.4858865200232, 45.5227670466788], [-73.486073744912, 45.5224727535569], [-73.4864891443532, 45.5218550973595], [-73.4871128554893, 45.5209235656694], [-73.4874730195968, 45.5203764847668], [-73.4875095554977, 45.5203209857082], [-73.48751018293, 45.5203200400445], [-73.4875552965244, 45.5202521151114], [-73.4878392361677, 45.5198245999717], [-73.4878740900168, 45.5197721222766], [-73.4879199435598, 45.519699685471], [-73.488193064851, 45.5192682152662], [-73.4882386102693, 45.5191962624086], [-73.4882737949829, 45.5191433104039], [-73.4885578324006, 45.5187158284985], [-73.4885943340458, 45.5186608932735], [-73.4886415265074, 45.5185919494794], [-73.4889325646257, 45.5181667681895], [-73.4889700357514, 45.5181120254989], [-73.4890108108961, 45.5180419579246], [-73.4891094096312, 45.5178725228388], [-73.4891533009544, 45.5177971005547], [-73.4896078215961, 45.5171222621216], [-73.4900219174884, 45.5164789127141], [-73.4903904532121, 45.515941041789], [-73.4904288150606, 45.5158850523935], [-73.4908396853943, 45.5152866916738], [-73.4912569698625, 45.5146208418034], [-73.4917334465816, 45.5139100025553], [-73.4921465117371, 45.5132850566664], [-73.4922003115383, 45.5132036597831], [-73.4922917959577, 45.5130669566581], [-73.4923719276704, 45.5129472165134], [-73.4925005515176, 45.5127467295135], [-73.4926403602355, 45.5125288077502], [-73.4930823922331, 45.5118764501067], [-73.4933704099458, 45.5114490423147], [-73.4935396226438, 45.5111880978626], [-73.4938791658612, 45.5107006883752], [-73.4939058032306, 45.5106624501143], [-73.4939647332332, 45.5105637099812], [-73.4940004864159, 45.5105038048828], [-73.4941698081133, 45.5105943791434], [-73.4945482260575, 45.5107794998143], [-73.4947949242711, 45.5108845282703], [-73.4950506279906, 45.5109933890087], [-73.4955832226208, 45.5111907695567], [-73.496146317912, 45.5113764561017], [-73.4986844908976, 45.5121675230032], [-73.5003917004986, 45.512699561268], [-73.5045963138026, 45.5140410557294], [-73.5046975812845, 45.514073362214], [-73.5045877038596, 45.5143556307369], [-73.5045452995252, 45.5144245242897], [-73.5044258169024, 45.514618647263], [-73.5043045826862, 45.5145800091116], [-73.5039491712241, 45.5144667364315], [-73.5039209649455, 45.5145104408995], [-73.5038685822893, 45.5145916065779], [-73.5038081406743, 45.5146852586986], [-73.5037476809419, 45.5147789404813], [-73.5036959991144, 45.5148590199452], [-73.5041833771686, 45.5150125304478], [-73.5041252056573, 45.5150984962021], [-73.5037833756606, 45.5156036393193], [-73.5036841361077, 45.5157502887832], [-73.5036425331735, 45.5158152244566], [-73.5035413659141, 45.5159719655709], [-73.5034641885144, 45.5160915388283], [-73.5034623276421, 45.5160944219757], [-73.503349447866, 45.5160583543128], [-73.5033481269319, 45.5160579323261], [-73.5029943157115, 45.515944880718], [-73.5029150727848, 45.516067456429], [-73.5029136124777, 45.5160697150675], [-73.502877295458, 45.5161258894704], [-73.5028343692006, 45.5161922898199], [-73.5028329088869, 45.5161945484573], [-73.5027536652594, 45.5163171231511], [-73.5027522049393, 45.5163193817874], [-73.5031065594542, 45.5164326077925], [-73.5031073376829, 45.5164328561274], [-73.503220538049, 45.5164690266], [-73.5031373529434, 45.5165979041517], [-73.50309193348, 45.5166682729599], [-73.503042525316, 45.5167584185614], [-73.502954830396, 45.5169184188941], [-73.5029498197912, 45.5169275614082], [-73.5029483172494, 45.5169303041623], [-73.5028122939125, 45.5168868416763], [-73.5024571717059, 45.516773370927], [-73.5023682670755, 45.5169091750109], [-73.5023667145715, 45.5169115461241], [-73.5024522421222, 45.5169400575793], [-73.5024555112145, 45.5169411472164], [-73.5023714249903, 45.5170668099872], [-73.5027069126091, 45.5171771770133], [-73.5027101612395, 45.5171782459473], [-73.5027130770709, 45.5171792060083], [-73.5027967888681, 45.5172067679151], [-73.5027171006877, 45.5173521562394], [-73.5026751747338, 45.5174286491066], [-73.5026280391056, 45.5175045346848], [-73.5025405137902, 45.5176454436507], [-73.5024227021575, 45.5176066027818], [-73.5024208320721, 45.5176059882302], [-73.5020773373577, 45.5174931288589], [-73.5020768663182, 45.5174929740948], [-73.5019851117555, 45.517631193088], [-73.5019844756361, 45.5176321514296], [-73.5018089889482, 45.517574493444], [-73.5018082043092, 45.5175742352021], [-73.5018077716697, 45.5175740930341], [-73.5016570238256, 45.5175245626825], [-73.5016568791861, 45.517524514993], [-73.5016310680667, 45.5175160343647], [-73.5015050589718, 45.5174746317184], [-73.5015048720927, 45.5174745705316], [-73.5014544147469, 45.5174579916179], [-73.5013530931069, 45.5174247005516], [-73.5013528639883, 45.5174246249677], [-73.5012777489904, 45.5173999440982], [-73.5012046628414, 45.5173759299398], [-73.5012036631697, 45.5173756015084], [-73.5011010247178, 45.5173418774086], [-73.5010562328325, 45.5173271600345], [-73.5010552523623, 45.5173268379005], [-73.500924359688, 45.5172838293411], [-73.5008841067204, 45.5172706037987], [-73.5008831185722, 45.5172702789639], [-73.5007476246224, 45.5172257585043], [-73.5006730003866, 45.5172012383046], [-73.5005041215534, 45.5174848204452], [-73.5004652106139, 45.5175501580584], [-73.5004089674201, 45.5176325863991], [-73.5004075069713, 45.5176347271258], [-73.4999740163004, 45.5182700316784], [-73.4998134074102, 45.5185152012447], [-73.4999064151786, 45.5185454827968], [-73.5002503676355, 45.5186574659304], [-73.5002490556345, 45.518659422187], [-73.5002196488676, 45.5187032570883], [-73.5002210133606, 45.5187037016069], [-73.5005117391827, 45.5187983486114], [-73.5005130985602, 45.5187987913269], [-73.500688737486, 45.518855970775], [-73.5006901339869, 45.5188564251861], [-73.5008657348707, 45.5189135917639], [-73.5008652689558, 45.5189142864445], [-73.5008541061946, 45.5189309263824], [-73.5008555935803, 45.5189314104856], [-73.5010311052631, 45.5189885471144], [-73.5011196036529, 45.5190173573773], [-73.5011312322653, 45.519000022732], [-73.501132715815, 45.5190005059317], [-73.501265723385, 45.5190438057643], [-73.5012540973649, 45.5190611404231], [-73.5013851019241, 45.5191037886535], [-73.5013967304727, 45.5190864539815], [-73.5013982652282, 45.5190869533743], [-73.5016003258155, 45.5191527326674], [-73.5016720114872, 45.5190458719633], [-73.5016732403167, 45.5190462723744], [-73.5020183014414, 45.519158643389], [-73.5021161269043, 45.519189206503], [-73.5021150658294, 45.5191908847255], [-73.5021948838692, 45.519216887712], [-73.5021957798961, 45.5192171792431], [-73.5021963097944, 45.5192163855735], [-73.5025323678961, 45.5193258631172], [-73.5025319237574, 45.5193265281092], [-73.5024702741385, 45.5194189817831], [-73.5024698299984, 45.5194196476748], [-73.5024610662285, 45.5194327909358], [-73.5024013337387, 45.5195223659394], [-73.5024011110278, 45.5195226997849], [-73.5023036555805, 45.5196688466997], [-73.5023056025358, 45.5196694801481], [-73.5023053414252, 45.5196698724839], [-73.5022599938806, 45.5197378770407], [-73.5019204483228, 45.5196282340916], [-73.5018524612868, 45.5196062800062], [-73.5017217526278, 45.5197879490626], [-73.5017974226927, 45.5198126314208], [-73.5017983404879, 45.5198129310532], [-73.5021044417157, 45.51991277752], [-73.5021088809415, 45.5199142234817], [-73.5021097308971, 45.5199145015167], [-73.5020269092206, 45.5200386468138], [-73.502026664746, 45.520039013953], [-73.5018328299366, 45.5199755127888], [-73.5017155169957, 45.5199370797261], [-73.5017145953588, 45.5199367773935], [-73.5016337319972, 45.5199102863761], [-73.5014348659442, 45.5201866831575], [-73.5015276866085, 45.5202169246899], [-73.5018642639549, 45.5203265832411], [-73.5018229268555, 45.5203893558786], [-73.5017378728763, 45.5205185140024], [-73.5016559314619, 45.5206429442532], [-73.5016546347542, 45.5206425222469], [-73.5013214596186, 45.5205340985257], [-73.5013183106665, 45.5205330736439], [-73.5012215598099, 45.5205015884058], [-73.5010487550722, 45.5207566984798], [-73.5009868620723, 45.5208480706238], [-73.5012826603597, 45.5209451379568], [-73.5012316080752, 45.5210221432571], [-73.501231350791, 45.5210225310911], [-73.5012312880674, 45.5210225103954], [-73.5011557628398, 45.5211364291723], [-73.5011491451036, 45.5211464111678], [-73.5011488801381, 45.5211468097997], [-73.5013083762858, 45.5211988539443], [-73.5012328189843, 45.521313149802], [-73.5012264239665, 45.5213228240539], [-73.5012262588429, 45.5213230733115], [-73.5011869939488, 45.5213824676852], [-73.5011803262688, 45.5213925540641], [-73.5011801470644, 45.5213928249179], [-73.500826284952, 45.5212773578289], [-73.5008265768012, 45.5212769169051], [-73.5007209143509, 45.5212424384425], [-73.5006033304446, 45.5214167984802], [-73.5005408446181, 45.5215094562468], [-73.5004947088142, 45.521580933468], [-73.5003052591965, 45.5218744431209], [-73.5002504362057, 45.521959377372], [-73.5010744957686, 45.5222338238242], [-73.5010204620439, 45.5223143816095], [-73.5008459419931, 45.5225745700083], [-73.500745302767, 45.5225402499106], [-73.5004751732393, 45.5224481302295], [-73.5004749735439, 45.5224480618425], [-73.500420904733, 45.5224296234321], [-73.5004177454918, 45.5224341100465], [-73.5002757084086, 45.5226358006406], [-73.5002805587149, 45.5226374887287], [-73.5002802591808, 45.5226393190042], [-73.5002568468131, 45.5227823567375], [-73.5001703365455, 45.5229051994655], [-73.5001287102015, 45.5229643082132], [-73.5001079366801, 45.5229938049914], [-73.5000456198258, 45.5230822935025], [-73.4999589691064, 45.5232053322291], [-73.4999107228359, 45.5232738388206], [-73.500262646009, 45.5233968106755], [-73.5003336376046, 45.5234216172765], [-73.5002852372553, 45.5235970861978], [-73.5001919216237, 45.5236282307547], [-73.5001704156639, 45.5236587713563], [-73.5001502435644, 45.5236874015918], [-73.5000875099707, 45.5237764363183], [-73.5004238305725, 45.5238934588356], [-73.5005158118973, 45.5239228013338], [-73.5003920542149, 45.5241144938148], [-73.500299853724, 45.5240822825291], [-73.4999563008027, 45.5239622559828], [-73.4999138669707, 45.5240225101371], [-73.4998705907182, 45.5240839601612], [-73.4997857392395, 45.5242044413919], [-73.4997649138767, 45.5242340127879], [-73.4997875184885, 45.5242418801312], [-73.4997675636051, 45.5242716144], [-73.499725990878, 45.5243306447008], [-73.5000603822993, 45.5244470050902], [-73.5001573812242, 45.5244807579861], [-73.5000355221167, 45.5246709473269], [-73.4999360381771, 45.5246363835718], [-73.4997547891035, 45.5245734125438], [-73.4996339322898, 45.5245314229998], [-73.4995928239239, 45.5245904379536], [-73.4995841879814, 45.5246028368149], [-73.4995498707616, 45.5246521029129], [-73.4994640806503, 45.5247752681109], [-73.4994450292194, 45.5248023181029], [-73.4994223002569, 45.5247944083994], [-73.4993574391997, 45.5248865039518], [-73.4996960179809, 45.5250019385849], [-73.4997881684262, 45.5250333557942], [-73.4997401764107, 45.5251032408465], [-73.4998255179025, 45.5251319278959], [-73.4999515902249, 45.5251743059658], [-73.5002548855581, 45.5252762548197], [-73.5004313521766, 45.5253355708159], [-73.5006118235432, 45.5253975968344], [-73.5007871029372, 45.5254578382212], [-73.500962834592, 45.5255173972561], [-73.5011382773089, 45.5255773924451], [-73.5011863030991, 45.5255938158279], [-73.5013137203988, 45.525637387364], [-73.5013968091146, 45.5256658006115], [-73.5014891638616, 45.5256973811131], [-73.5016646076975, 45.5257573754918], [-73.5018400519063, 45.5258173696005], [-73.5020154952078, 45.5258773625393], [-73.5021909401626, 45.5259373561077], [-73.5022989986479, 45.5259743067927], [-73.5023664392585, 45.5259973674018], [-73.5025417556592, 45.5260573118415], [-73.5027172017326, 45.5261173010005], [-73.5028926481789, 45.5261772898893], [-73.5030680949981, 45.5262372785081], [-73.5030694622573, 45.5262377463878], [-73.5032462767145, 45.5262982017122], [-73.5034217242855, 45.5263581888867], [-73.5035971722294, 45.5264181766909], [-73.5037726205462, 45.526478164225], [-73.503948069236, 45.5265381505891], [-73.5041235195789, 45.5265981375829], [-73.5042989677345, 45.5266581243067], [-73.504476627215, 45.5267188665388], [-73.5046525548542, 45.5267781337278], [-73.5048280911734, 45.5268379864572], [-73.5049774509926, 45.5268899448695], [-73.5050027062025, 45.5268987297976], [-73.50508115142, 45.5269260652542], [-73.5050463886875, 45.5269803721037], [-73.5051507895946, 45.5270164977927], [-73.5054705466894, 45.527127142467], [-73.5054077283563, 45.5272193573983], [-73.5053206686373, 45.5273471557727], [-73.5052273939525, 45.5274840778335], [-73.5051573169158, 45.5274600310151], [-73.5049069453452, 45.5273741793819], [-73.5048073435943, 45.5273400257182], [-73.5047770667297, 45.5273855786558], [-73.5046067842169, 45.5276417726052], [-73.5041587563526, 45.5282761764695], [-73.5037627158437, 45.5288205928945], [-73.5037338132154, 45.5288603244393], [-73.5036129051096, 45.5290265268094], [-73.5035506073942, 45.5291121628486], [-73.5034648623729, 45.5290831339761], [-73.5032645985327, 45.5290153379058], [-73.5030712383705, 45.5289498781801], [-73.5029669799289, 45.5289145829503], [-73.5025930883832, 45.5287887243651], [-73.5024667089818, 45.5287462124686], [-73.5026293084388, 45.5285040594272], [-73.5025336697428, 45.528471511709], [-73.5023580642077, 45.5284117490558], [-73.5021824603248, 45.5283519870318], [-73.5020159956214, 45.528593630203], [-73.502046349084, 45.5286039355202], [-73.5017746790576, 45.5290009445849], [-73.5017150120945, 45.5290881390036], [-73.5017139815422, 45.5290896453496], [-73.501342999031, 45.5289624220763], [-73.501332221856, 45.5289587265636], [-73.5012920658844, 45.5290204046957], [-73.5011978621679, 45.5291650953464], [-73.5011134093449, 45.5292948089], [-73.5010289561335, 45.5294245232881], [-73.5009347523481, 45.5295692137116], [-73.5008714630692, 45.5296664202188], [-73.4989564912958, 45.5290280550254], [-73.4989465630597, 45.5290247417271], [-73.4985158041595, 45.5288824732939], [-73.4966192903484, 45.5282412309774], [-73.496196084026, 45.5281148037683], [-73.4961169584366, 45.5281902256305], [-73.4961031195667, 45.5282034168022], [-73.4959918463161, 45.5283094805998], [-73.4958527461626, 45.5284420687398], [-73.4957358718251, 45.5285534708259], [-73.4957136440753, 45.5285746576071], [-73.4955745426145, 45.528707245402], [-73.4954354392199, 45.5288398339243], [-73.4952826333818, 45.5289645715132], [-73.495276864882, 45.5289612670659], [-73.4951255050284, 45.5290861682724], [-73.4950799261262, 45.529125457792], [-73.4949784715822, 45.5292129114363], [-73.4949774857149, 45.5292137617409], [-73.4948246535283, 45.52933848701], [-73.4947622365296, 45.5293894249533], [-73.4946718206662, 45.5294632111719], [-73.4945189871284, 45.5295879360265], [-73.4943065646817, 45.5297614640862], [-73.4942907034942, 45.5297744164767], [-73.494205591231, 45.5298413557117], [-73.4941477220117, 45.5298911822441], [-73.4941332562913, 45.5299036379728], [-73.4941209812942, 45.5299142068501], [-73.4939958021809, 45.5300219884473], [-73.4939820098761, 45.5300338637959], [-73.4939697232989, 45.5300444425543], [-73.4938938706114, 45.5301097542335], [-73.4938813778586, 45.5301205102395], [-73.4938692167217, 45.5301309819128], [-73.4938057311096, 45.5301856455019], [-73.4937930334603, 45.5301965778555], [-73.4937502696055, 45.5302333987316], [-73.4937359603997, 45.5302529154535], [-73.4937179941695, 45.5302774197794], [-73.4936554368402, 45.5303627435441], [-73.4936465721356, 45.5303748350862], [-73.4935928806021, 45.5304480672733], [-73.4935571847657, 45.5304967537466], [-73.4934677957292, 45.5306186723343], [-73.4934649056791, 45.5306226143629], [-73.4933791233797, 45.5307396145658], [-73.493337069847, 45.5308051995718], [-73.4933029452176, 45.5308584194419], [-73.4932940278496, 45.530870664825], [-73.4932024991148, 45.5309963551956], [-73.4931538989184, 45.5310630942347], [-73.4930957280942, 45.5311429748192], [-73.4930205570291, 45.5312462006517], [-73.492988957799, 45.5312895943394], [-73.4928821856687, 45.5314362137558], [-73.492867918098, 45.5314558059539], [-73.4927754129834, 45.5315828330687], [-73.492693004903, 45.5316925451567], [-73.4926594743074, 45.5317371849028], [-73.4925913804184, 45.5318408671146], [-73.4925162329029, 45.5319552901957], [-73.492512654615, 45.531953920407], [-73.4924994795686, 45.5319491405002], [-73.4924591655709, 45.5320033900163], [-73.4924186030699, 45.5320579742412], [-73.4923613457966, 45.5320418228247], [-73.4920751146853, 45.5319813710726], [-73.4919564589659, 45.5319563103756], [-73.4918184231921, 45.5321439259209], [-73.4919280470625, 45.5321837659715], [-73.4919972548768, 45.5322086297795], [-73.4922434246141, 45.5322970693901], [-73.492147546403, 45.5324277229978], [-73.4921498905436, 45.5324286481929], [-73.4920861231434, 45.5325177512044], [-73.4917682904187, 45.5324036220271], [-73.4916568072371, 45.5323635900235], [-73.4914754036547, 45.5326101467876], [-73.4915805478128, 45.5326620032774], [-73.4918112449818, 45.5327757794233], [-73.4918822019453, 45.5328038180539], [-73.4918424996549, 45.5328606094314], [-73.49183956965, 45.5328648006698], [-73.4916750853535, 45.5330910081905], [-73.4913532994449, 45.5329747557629], [-73.491243483648, 45.5329350825216], [-73.4910634185911, 45.5331873643812], [-73.4910470368529, 45.533210316177], [-73.4909980119374, 45.53327900149], [-73.4909981185187, 45.5332790458154]]]}}, {"type": "Feature", "properties": {"district_id": "Croydon-Iberville"}, "geometry": {"type": "Polygon", "coordinates": [[[-73.4318446579325, 45.4892270983646], [-73.4318075482495, 45.4892067775059], [-73.428516607483, 45.4874045976009], [-73.4234517246844, 45.484630561734], [-73.4205430043157, 45.4830372316866], [-73.4196041518569, 45.4825287671731], [-73.419603792681, 45.4825285725535], [-73.4194510625575, 45.4824458554582], [-73.4190573673457, 45.4822263781734], [-73.4190192614571, 45.4822051345856], [-73.4188116263446, 45.4820786481977], [-73.4186150763629, 45.4819436820608], [-73.4184303101382, 45.4818007159604], [-73.4184154127016, 45.4817884150878], [-73.418400602647, 45.4817760621118], [-73.4183858803427, 45.4817636573398], [-73.4183741548844, 45.4817536818975], [-73.4183624878602, 45.481743672609], [-73.4183508794677, 45.4817336296438], [-73.4182819027087, 45.4816721681992], [-73.4182151215009, 45.4816095183554], [-73.4181505771964, 45.4815457189134], [-73.4180616986356, 45.4814519658562], [-73.4179776492948, 45.4813560341884], [-73.4178985369477, 45.4812580469486], [-73.417740935116, 45.4810336244566], [-73.4176091904104, 45.4808010995943], [-73.4175041362082, 45.4805619438143], [-73.417426436958, 45.4803176705121], [-73.4173765839834, 45.4800698254476], [-73.417354892382, 45.4798199769624], [-73.4173609825514, 45.4795683668962], [-73.4173958959239, 45.4793179218194], [-73.417459404695, 45.4790702731177], [-73.4175510948052, 45.4788270339406], [-73.4176703686469, 45.4785897886941], [-73.4178164489653, 45.4783600827215], [-73.4179883839299, 45.4781394122394], [-73.4181685261556, 45.4779477578451], [-73.4183646280519, 45.4777640204853], [-73.4185759883609, 45.4775888570609], [-73.4186130106251, 45.4775602619649], [-73.4186504401244, 45.4775319304824], [-73.4186882730661, 45.477503865484], [-73.4199485415972, 45.4765644196598], [-73.4211588305364, 45.4756554778161], [-73.4230991444859, 45.4741995143421], [-73.423130850052, 45.4741757230104], [-73.4240719002529, 45.4734717904386], [-73.424211120638, 45.4733676472116], [-73.4244111631853, 45.4732180054726], [-73.4274781785463, 45.4709165968132], [-73.427802382896, 45.4706733059283], [-73.4319915595175, 45.4675344370475], [-73.432052235309, 45.4674881147435], [-73.4321557968612, 45.46740905169], [-73.4321817288046, 45.4673892542167], [-73.4323256312853, 45.4674843464976], [-73.4323260120821, 45.467484597781], [-73.4331652215804, 45.4680391449512], [-73.4334585349043, 45.468230775196], [-73.4342229688803, 45.4687301912065], [-73.4347800381182, 45.469094123235], [-73.4348025474847, 45.4691088288115], [-73.4348031046592, 45.4691091935682], [-73.4376595053743, 45.4710345753621], [-73.4378159402855, 45.4711373112646], [-73.4383351658538, 45.4714783022578], [-73.4390221588285, 45.4719294607681], [-73.4395835722968, 45.4723006755505], [-73.4407172109858, 45.4730502336707], [-73.4408361470559, 45.4731307300385], [-73.4409654141624, 45.4732182189398], [-73.4413761186923, 45.4734961837956], [-73.4415625330061, 45.4736223477691], [-73.4415706607363, 45.473627849097], [-73.4419484564212, 45.4738835357275], [-73.442700651858, 45.4743982459864], [-73.4429815905031, 45.4745904822223], [-73.4432199860102, 45.4747536061225], [-73.4435137467147, 45.4749546092264], [-73.4435137757924, 45.4749546292624], [-73.44391615462, 45.475222674811], [-73.4443833938072, 45.4755339195871], [-73.4447645648815, 45.4757878264363], [-73.445121829982, 45.4760274642369], [-73.4452051733136, 45.4760833676746], [-73.4454981423553, 45.4762798752346], [-73.4461510475688, 45.4767013611427], [-73.446279222784, 45.4767841039648], [-73.4463227660371, 45.4768122131682], [-73.4467274914523, 45.477078743259], [-73.4467661161367, 45.4771041788013], [-73.4468776583097, 45.4771776332937], [-73.4469491369601, 45.477226304156], [-73.4472945301061, 45.477461485241], [-73.4473924609877, 45.477528166769], [-73.4479499155436, 45.4779077333662], [-73.4482073872168, 45.4780419285163], [-73.4482443437168, 45.4780697824871], [-73.4483404168551, 45.4781421916803], [-73.4485539165985, 45.4782868412704], [-73.4487925209657, 45.4784484971258], [-73.4489546790919, 45.4785670849584], [-73.4489952871429, 45.4785949803585], [-73.448998075137, 45.4785968955779], [-73.4490038479852, 45.4786008613066], [-73.4494624750282, 45.4789158754817], [-73.4494746007823, 45.4789239745193], [-73.4494780951422, 45.4789263089182], [-73.4494974659822, 45.4789391918196], [-73.4494978772913, 45.4789394655549], [-73.4496042131715, 45.4790101869482], [-73.4496935701859, 45.4790696155599], [-73.4497814505309, 45.4791280990625], [-73.4498691086759, 45.4791867353735], [-73.4499569903433, 45.4792452194153], [-73.4500446501309, 45.4793038558159], [-73.4501121783196, 45.4793487654173], [-73.4501188744165, 45.4793532189843], [-73.4501325558444, 45.4793623185857], [-73.4502743758793, 45.4794565961795], [-73.4502744001684, 45.4794566123874], [-73.4503059468228, 45.4794777153772], [-73.450362032166, 45.4795152332328], [-73.4503670533083, 45.4795185738465], [-73.4503914364225, 45.479534800579], [-73.450449915813, 45.4795737173428], [-73.4504986155296, 45.4796062922173], [-73.4505115194616, 45.4796149237405], [-73.4505116683924, 45.4796150234631], [-73.4505375753429, 45.4796323524618], [-73.4508012966036, 45.47980715002], [-73.450886755925, 45.4798637952595], [-73.4509401608976, 45.4798991929869], [-73.4509463827969, 45.4799033815213], [-73.4510190577659, 45.4799523088082], [-73.4510718198945, 45.4799876209373], [-73.4510721171207, 45.4799878201557], [-73.451098190277, 45.4800052699017], [-73.4511960519173, 45.4800702204034], [-73.4516809925836, 45.48039206869], [-73.4517576820994, 45.4804417816421], [-73.4518295961397, 45.4804884011051], [-73.4521533958456, 45.4806983063069], [-73.4521560984852, 45.4807000585405], [-73.4524506846667, 45.4808910246273], [-73.4528092396367, 45.48112345433], [-73.4525857743939, 45.4812575991208], [-73.4497455544408, 45.482962475929], [-73.4489257278951, 45.4834545541315], [-73.4475626115616, 45.4842689173805], [-73.4469207329217, 45.4846494376176], [-73.4467749507346, 45.4847364847872], [-73.4466218351808, 45.4848279096935], [-73.4465145560809, 45.4848919654489], [-73.4463750931436, 45.4849752375093], [-73.4462326615318, 45.4850602824974], [-73.445865570835, 45.4852794672914], [-73.4447786920731, 45.4859284090785], [-73.4443016012938, 45.4862132567283], [-73.4438998680322, 45.4864531093197], [-73.4436025909554, 45.4866305943028], [-73.4433880789893, 45.4867586640298], [-73.4432805301484, 45.4868228740657], [-73.443172981064, 45.4868870830997], [-73.4430654330146, 45.4869512920322], [-73.4429578834415, 45.4870155008619], [-73.4427256063017, 45.4871541741441], [-73.442504623416, 45.4872861037931], [-73.4423970828096, 45.4873503057966], [-73.442289541958, 45.487414508598], [-73.442131038092, 45.4875091362688], [-73.4419727077889, 45.4876036585243], [-73.4418651659741, 45.4876678600229], [-73.4417576239141, 45.4877320623193], [-73.4416500816098, 45.4877962645136], [-73.4415425390612, 45.4878604666058], [-73.4413878064481, 45.4879528401547], [-73.4412266855773, 45.488049026451], [-73.4411191228658, 45.4881132389295], [-73.4410115599089, 45.4881774522057], [-73.4409039954293, 45.4882416644793], [-73.4407964307034, 45.4883058784504], [-73.4406385810572, 45.4884001543347], [-73.4404928883686, 45.4884870944934], [-73.440320515946, 45.4885899549935], [-73.4395310949257, 45.4890610201681], [-73.4394363171779, 45.4891175747341], [-73.4391653925369, 45.4892792382743], [-73.4390375306429, 45.4893555345881], [-73.4389096671253, 45.4894318298571], [-73.4387818045409, 45.4895081258823], [-73.4386539403309, 45.4895844226622], [-73.4385260757777, 45.4896607174982], [-73.4383982134369, 45.4897370130911], [-73.4382703481923, 45.4898133085383], [-73.4381136270234, 45.4899068220489], [-73.43795602584, 45.4900008594749], [-73.4377984254125, 45.4900948957825], [-73.4376408206195, 45.4901889345682], [-73.4374832178627, 45.4902829713364], [-73.4373256440249, 45.4903769917042], [-73.4370788343922, 45.4905242533674], [-73.4370309540416, 45.4905528222645], [-73.4359124207291, 45.491220193048], [-73.4357997377464, 45.4912874237883], [-73.4357014395609, 45.4913516381349], [-73.4334887155329, 45.4901273341275], [-73.4325052853322, 45.4895888441985], [-73.4321642720326, 45.4894021132646], [-73.4321641608029, 45.489402052009], [-73.4321265829567, 45.4893814754205], [-73.4320651226796, 45.4893478206643], [-73.4318446579325, 45.4892270983646]]]}}, {"type": "Feature", "properties": {"district_id": "Fatima-Parcours-du-Cerf"}, "geometry": {"type": "Polygon", "coordinates": [[[-73.4722363366715, 45.586137138958], [-73.4708883303474, 45.5850549781639], [-73.4707673004245, 45.5849578141878], [-73.4707636560315, 45.5849548888071], [-73.470559487982, 45.5847922730474], [-73.4702741576003, 45.5845650127186], [-73.4702383582677, 45.5845391827684], [-73.4702214680548, 45.5845269964648], [-73.4702214180951, 45.5845269604586], [-73.4701395035319, 45.5844678913146], [-73.4700537730449, 45.5844059974436], [-73.4700265490014, 45.5843863488084], [-73.4697837549191, 45.5841988034041], [-73.4690581620027, 45.5836383370039], [-73.4686094304702, 45.5832937495947], [-73.4685808119557, 45.5832717741662], [-73.468108669884, 45.5829092402053], [-73.4681034809097, 45.5829052561067], [-73.4679368269774, 45.5827772895453], [-73.4678298625177, 45.5826951553351], [-73.4676888239232, 45.5825868569158], [-73.4676444664761, 45.5825527956721], [-73.4672529512445, 45.5822521613884], [-73.4670324749526, 45.582082860528], [-73.466875703946, 45.5819624781248], [-73.4666866955714, 45.5818173398638], [-73.4661415582128, 45.5813987250126], [-73.4661409677431, 45.5813982731225], [-73.4660747313795, 45.5813455728794], [-73.4660719993917, 45.5813433989768], [-73.4660064624811, 45.581291258596], [-73.4636701598957, 45.5794988143947], [-73.4609164471249, 45.5773859185703], [-73.4598454026782, 45.5765037770687], [-73.4590963641268, 45.5759215065573], [-73.4586754942067, 45.5755764568111], [-73.4585728648388, 45.5754923159709], [-73.4582198698413, 45.5752029086141], [-73.4580958342516, 45.5751012190884], [-73.4576211842874, 45.5747121096985], [-73.4568504981318, 45.5741310240445], [-73.4567930558495, 45.5740877143442], [-73.4567887135802, 45.574084440013], [-73.4567027588981, 45.5740196321668], [-73.4566999110599, 45.5740174215501], [-73.4566968621824, 45.5740150556361], [-73.4563728529326, 45.5737635319077], [-73.4560674318086, 45.573526402488], [-73.4560672298127, 45.5735262458395], [-73.4559164759051, 45.5734092962106], [-73.4558656861953, 45.5733698956761], [-73.4553402333724, 45.5729619926287], [-73.4551054499396, 45.5727797376891], [-73.4547885734612, 45.5725337538317], [-73.4545568000407, 45.5723538304072], [-73.4544513893489, 45.5722719997534], [-73.454423780548, 45.5722505684612], [-73.4542972481357, 45.5721523471145], [-73.4540701468626, 45.5719760531332], [-73.4540228767166, 45.5719393578552], [-73.4537105378128, 45.571696887992], [-73.4535196515617, 45.5715487007859], [-73.4530058290165, 45.5711498101715], [-73.4529305175873, 45.5710913431503], [-73.452453421968, 45.5707209542912], [-73.4523344095129, 45.5706285602888], [-73.4520811036355, 45.5704319057063], [-73.4519989712085, 45.5703681414876], [-73.4517253194237, 45.5701556899943], [-73.4517059950459, 45.5701680686972], [-73.4517059483132, 45.570168033359], [-73.4514966863375, 45.5700060992436], [-73.45116593441, 45.5697501483012], [-73.4510471870371, 45.5696582560616], [-73.4505054545171, 45.5692390277066], [-73.4504081489355, 45.5691637243998], [-73.4501173488659, 45.5689386810024], [-73.4498066747026, 45.5687018556133], [-73.4496569809152, 45.5685877440365], [-73.449354976646, 45.5683529566464], [-73.4492395078329, 45.5682631938629], [-73.4492394758215, 45.5682631749522], [-73.4488280013232, 45.5679424853047], [-73.4485545172987, 45.5677311856348], [-73.4485540794634, 45.5677308471004], [-73.4478555881076, 45.5671911718716], [-73.4468588041154, 45.5664206812796], [-73.4467696698138, 45.5663517924226], [-73.4466477423795, 45.5662565023768], [-73.4465106620377, 45.5661493698243], [-73.4457963337421, 45.5655910910803], [-73.4457759767527, 45.5655751813656], [-73.4454020210815, 45.5652826334664], [-73.4449847077288, 45.5649561635834], [-73.4449230328619, 45.5649077862676], [-73.4448825955243, 45.564876073508], [-73.4448774096113, 45.5648720075832], [-73.4448768886193, 45.5648715997073], [-73.4445939620127, 45.5646497240896], [-73.4442033965408, 45.5643434329281], [-73.444069207849, 45.5642385544796], [-73.4438290175368, 45.5640508289936], [-73.4436201061203, 45.5638866288386], [-73.4435288638464, 45.5638151687067], [-73.4434775413841, 45.5637749781293], [-73.4430968472816, 45.5634767928223], [-73.4424604821325, 45.5629782276302], [-73.4423410786017, 45.5628846780799], [-73.4423158818645, 45.5628651209716], [-73.4419961286702, 45.5626169252983], [-73.4416764443083, 45.5623686851122], [-73.4413968820441, 45.562151167165], [-73.4413571117416, 45.5621202244169], [-73.4413110280886, 45.5620843680183], [-73.4408243527387, 45.5617163931003], [-73.4406963203395, 45.56161958669], [-73.4406020808153, 45.561546680652], [-73.4406019806607, 45.5615466025393], [-73.4403634371575, 45.5613620559458], [-73.4400353531946, 45.5611082360798], [-73.4399834995203, 45.5610681194457], [-73.4399489660694, 45.5610414025483], [-73.4399119514521, 45.5610128439499], [-73.4398731328337, 45.5609828891972], [-73.4393594389186, 45.5605865116265], [-73.4392926804129, 45.5605349986871], [-73.4383774069105, 45.5598221958846], [-73.4382948196029, 45.5597578763737], [-73.4379265427138, 45.5594689418753], [-73.437828183732, 45.5593917730421], [-73.437116352523, 45.5588262964791], [-73.4370180634143, 45.5587484869708], [-73.4369379180804, 45.5586850413271], [-73.4368510662086, 45.5586157339976], [-73.4366838038495, 45.558482259188], [-73.4366529214615, 45.5584582171635], [-73.4366244710236, 45.5584360697314], [-73.4364701411166, 45.5583159845661], [-73.4362322018815, 45.558130840185], [-73.4358392377545, 45.5578260504786], [-73.4355416125475, 45.5575947910285], [-73.4354927206868, 45.5575571512467], [-73.4354459011475, 45.5575211075715], [-73.4351970033486, 45.557329487929], [-73.4350513243487, 45.5572173334983], [-73.4347010934158, 45.5569485109347], [-73.4345403699135, 45.556824239519], [-73.4341842911493, 45.5565489136198], [-73.4337574348602, 45.5562257693014], [-73.4336397458729, 45.5561366740444], [-73.4336374206217, 45.5561349139666], [-73.4335831131905, 45.5560938013486], [-73.4331491926234, 45.5557527508843], [-73.4327673949814, 45.5554526627033], [-73.4325424305243, 45.5552758418764], [-73.4324560997585, 45.5552019558107], [-73.4324562289053, 45.5552018704028], [-73.4325447035569, 45.5551434694005], [-73.4330008986115, 45.554896283242], [-73.4342572970371, 45.5542221368984], [-73.434484396392, 45.554091791273], [-73.4346506301553, 45.5539839062705], [-73.434850508072, 45.5538445459854], [-73.4350223814387, 45.5537096685981], [-73.4351605942777, 45.5535972677291], [-73.4353292668247, 45.5534488905292], [-73.4355488349439, 45.553246551687], [-73.4361562833666, 45.5526530014821], [-73.4367843961275, 45.5520293698248], [-73.4370983036924, 45.5517176952175], [-73.4373277632928, 45.5514987752718], [-73.4373575224322, 45.5514703828864], [-73.4377031406239, 45.551165221683], [-73.4378862169055, 45.5510167596902], [-73.4380813977591, 45.5508761157482], [-73.4382880080654, 45.5507437762735], [-73.4385064780574, 45.5506247681285], [-73.4387332444718, 45.5505136852394], [-73.4389677254627, 45.5504108126041], [-73.4393883917202, 45.5502474419672], [-73.4398195182821, 45.5500981399298], [-73.4402601527238, 45.5499632362968], [-73.4410922018116, 45.5496935637626], [-73.4417302564603, 45.5494799109323], [-73.4419019857705, 45.5494224062021], [-73.4427784624649, 45.5491433694554], [-73.4461253603159, 45.5480559370517], [-73.4461508369883, 45.5480758759331], [-73.4462395639821, 45.5481453130782], [-73.4465739202908, 45.5484069838802], [-73.4468080039314, 45.5485901773435], [-73.44682824693, 45.5486060193812], [-73.4472955206437, 45.548971701583], [-73.4473651752392, 45.5489277632141], [-73.4478642885857, 45.548612911824], [-73.4483532936269, 45.5483044299046], [-73.4484517720431, 45.5483825081625], [-73.4484910708317, 45.5484136656133], [-73.4486779851058, 45.5485618573424], [-73.4490599982228, 45.548864727739], [-73.4491080142662, 45.5489027951024], [-73.4494391794246, 45.5491653468987], [-73.4494516919541, 45.5491752677275], [-73.4495331507805, 45.5492370612779], [-73.4497824314982, 45.5494346913982], [-73.4498273858639, 45.5493480506585], [-73.4499688131042, 45.5491327639606], [-73.4502861887583, 45.5487201477718], [-73.4505343301005, 45.5484489639343], [-73.4505555058928, 45.5484289040589], [-73.4508952047727, 45.5481070919451], [-73.4511928814717, 45.5478749808158], [-73.4515920504628, 45.5475810122245], [-73.4519127979395, 45.5473651870078], [-73.4522447410785, 45.5471583639251], [-73.4529137704225, 45.5467237084858], [-73.4545270692217, 45.5455537253128], [-73.4545432554716, 45.5455419861892], [-73.4545579552949, 45.545553619724], [-73.4547513789582, 45.5457067046884], [-73.4552780799804, 45.54612355614], [-73.4555872254422, 45.5463682216678], [-73.4556910297182, 45.546494281353], [-73.4557668790116, 45.5465863909952], [-73.4562534268074, 45.547169991677], [-73.4563566725096, 45.5472571173133], [-73.4565979903622, 45.5474607548901], [-73.4584037367916, 45.5488343541956], [-73.4599183025078, 45.5499840327872], [-73.4648175199341, 45.5537024772726], [-73.4649578286394, 45.5538090455815], [-73.4690157217507, 45.556890869581], [-73.4709164229114, 45.5583342179593], [-73.4719067722952, 45.5590829453127], [-73.4729909188412, 45.5599025535362], [-73.474282644336, 45.5608980546339], [-73.4751678757759, 45.5615661594379], [-73.475717326236, 45.5619807401305], [-73.4758763101769, 45.5621006973671], [-73.477533091815, 45.5633491054792], [-73.4784261396645, 45.5640356157733], [-73.4789647622498, 45.5644496576176], [-73.4790228531064, 45.5644072546475], [-73.4792120094014, 45.5642841011171], [-73.479498431836, 45.5640976191858], [-73.4796150654681, 45.5641862673577], [-73.480052431728, 45.5645186890542], [-73.4804292584001, 45.5648050317314], [-73.4804410230889, 45.5648139717913], [-73.4804478372891, 45.5648095394784], [-73.4810377074696, 45.5644258014489], [-73.4812512352779, 45.5642868925003], [-73.4813955600394, 45.5641288639367], [-73.4817160252385, 45.5637779760881], [-73.4815167930736, 45.5636120066195], [-73.4814042086638, 45.5635182175904], [-73.4815648726072, 45.5634544193564], [-73.4817170592889, 45.5633810792767], [-73.4818596232052, 45.5632987493961], [-73.4819527048548, 45.5632362954861], [-73.4820401730773, 45.5631699587779], [-73.4821217002552, 45.5630999877551], [-73.4821981873178, 45.5630281089782], [-73.4822702758239, 45.5629540211306], [-73.4823378366543, 45.5628778569304], [-73.4824175177616, 45.5627931516749], [-73.4829151524651, 45.5622175900085], [-73.4830409637316, 45.5620453274661], [-73.4838510216676, 45.5608267007406], [-73.483858240032, 45.5608173434865], [-73.4840800783044, 45.560529787645], [-73.4843135365033, 45.5602418730203], [-73.4848917162066, 45.559684053747], [-73.4849729970709, 45.559616576899], [-73.4854146159357, 45.5592611995942], [-73.4855643563645, 45.5591127459515], [-73.4856140336785, 45.5590534322958], [-73.4856571514798, 45.5589916383703], [-73.4856934604679, 45.5589277214895], [-73.4857227507153, 45.5588620512425], [-73.4857448528812, 45.5587950073555], [-73.4857596391903, 45.5587269774962], [-73.4857670241704, 45.5586583550321], [-73.4857671097869, 45.5585922728361], [-73.4857603311156, 45.5585263624122], [-73.4857467243213, 45.5584609751671], [-73.4857263619732, 45.5583964597168], [-73.4856993526568, 45.5583331600282], [-73.4856658403951, 45.5582714135851], [-73.4855514070969, 45.5581094289693], [-73.4848806774774, 45.5572987721339], [-73.4848192320255, 45.5572180515219], [-73.4847394074376, 45.557110575266], [-73.484666712068, 45.5570006308905], [-73.4846013000857, 45.5568884516237], [-73.4845858227007, 45.5568595541193], [-73.484570828755, 45.5568305310971], [-73.4845563203099, 45.5568013865485], [-73.4845474395814, 45.5567829848817], [-73.4845387524649, 45.5567645376603], [-73.4845302594339, 45.5567460458895], [-73.4844948405332, 45.5566632667071], [-73.4844633098815, 45.5565797151318], [-73.4844357014666, 45.5564954812726], [-73.4844133131207, 45.5564156084256], [-73.484394451491, 45.5563352873872], [-73.4843791346049, 45.5562545949905], [-73.4843748714639, 45.556227967736], [-73.4843709942897, 45.5562013113798], [-73.4843675034834, 45.5561746286831], [-73.4843614522637, 45.5560838165286], [-73.4843324260646, 45.55564822051], [-73.484306127651, 45.5552432911996], [-73.4842934843557, 45.5550739296707], [-73.4842920618439, 45.5549043383179], [-73.4843018630905, 45.5547348838593], [-73.4843038412912, 45.5547140864574], [-73.4843059886443, 45.5546932973379], [-73.4843083050792, 45.5546725171797], [-73.4843156678293, 45.5546145449416], [-73.4843243464506, 45.55455666263], [-73.4843343387292, 45.5544988849859], [-73.4843488447682, 45.5544260253338], [-73.4843654397015, 45.5543533860666], [-73.4843841167688, 45.5542809967407], [-73.4844120966567, 45.5541590045199], [-73.484777908575, 45.5527418133907], [-73.4847911539021, 45.5526725422319], [-73.4848095608433, 45.5525918699795], [-73.4848215792478, 45.5525106052555], [-73.4848271722403, 45.5524289975851], [-73.4848258732628, 45.5523389622617], [-73.4848167545858, 45.5522491505199], [-73.4847998502515, 45.5521598972803], [-73.4847929121776, 45.5521319132082], [-73.4847852080889, 45.5521040282323], [-73.4847767408458, 45.5520762527018], [-73.4847449862982, 45.5519892699903], [-73.4847057541328, 45.5519038066946], [-73.4846591898985, 45.5518201798049], [-73.4846204334956, 45.5517601303663], [-73.4845778948218, 45.5517013582978], [-73.4845316589508, 45.5516439811226], [-73.4840679007765, 45.5511526044961], [-73.483952975579, 45.5510308334601], [-73.4852906315153, 45.5503458273511], [-73.4864285834843, 45.5496793626599], [-73.4864442655971, 45.5496696354968], [-73.4875720493133, 45.5489701305517], [-73.48915625555, 45.5479894940418], [-73.4898680093719, 45.5475434566224], [-73.4905509469848, 45.547115466668], [-73.4907156775552, 45.5470149954607], [-73.4923328521868, 45.5459453495116], [-73.4925429371969, 45.5458063890799], [-73.4937714756404, 45.5468058577702], [-73.49386289943, 45.5468802323827], [-73.4939115023994, 45.5469182062721], [-73.4953687972145, 45.548056760807], [-73.4963393821142, 45.548830034081], [-73.4973931395015, 45.5496695378434], [-73.4975305526398, 45.5497514117795], [-73.4976733180059, 45.5498286328732], [-73.4978211167592, 45.5499010286541], [-73.497829664122, 45.5499049952927], [-73.4981080635887, 45.5500222233572], [-73.4983996463813, 45.5501223890873], [-73.4987022991225, 45.5502047664658], [-73.4990138281668, 45.5502687584052], [-73.4993319755051, 45.5503139010778], [-73.4993485105877, 45.5503157119731], [-73.4993650568251, 45.5503174718558], [-73.4993816138986, 45.5503191806921], [-73.4999375945438, 45.5503461153177], [-73.5018305054453, 45.5504377992787], [-73.5038144560033, 45.550533858961], [-73.5058537746486, 45.550632562871], [-73.5122063603591, 45.5509221090757], [-73.5144052695855, 45.5510222502567], [-73.5144267953001, 45.5510232301602], [-73.5136477736852, 45.5517846002622], [-73.513645005334, 45.5517873054984], [-73.5131248498824, 45.5523105919646], [-73.5070472984402, 45.5637461965174], [-73.498387714755, 45.580031576494], [-73.4980415707101, 45.5806914252259], [-73.4979934231352, 45.5807871789958], [-73.4979576663055, 45.5808599323887], [-73.4979306236563, 45.5809165825545], [-73.4978837121815, 45.581014855823], [-73.4978755270732, 45.5810319092655], [-73.4978673598997, 45.5810489681066], [-73.497859213224, 45.5810660305468], [-73.4978510832016, 45.5810830983856], [-73.4978429736771, 45.5811001698235], [-73.4978348820874, 45.5811172457603], [-73.4978268097141, 45.5811343270959], [-73.4978187565572, 45.5811514120305], [-73.4978107226166, 45.5811685014639], [-73.497802706611, 45.5811855944965], [-73.4977947098218, 45.5812026929278], [-73.4977867322491, 45.581219795858], [-73.4977787726113, 45.5812369023872], [-73.4977708321901, 45.5812540134154], [-73.4977629109853, 45.5812711289425], [-73.497755008997, 45.5812882489686], [-73.4977471262252, 45.5813053725937], [-73.4977392613885, 45.5813225007178], [-73.4977314170497, 45.5813396342406], [-73.4977235906461, 45.5813567704628], [-73.4977157821777, 45.5813739120836], [-73.4977079942072, 45.5813910573037], [-73.497700224172, 45.5814082070226], [-73.4976924733533, 45.5814253612405], [-73.4976847417513, 45.5814425190576], [-73.497677029366, 45.5814596813736], [-73.4976693361973, 45.5814768481886], [-73.4976616609638, 45.5814940186027], [-73.4976540049471, 45.5815111935158], [-73.4976463681471, 45.5815283729279], [-73.4976387505638, 45.5815455559391], [-73.4976311521973, 45.5815627434493], [-73.4976235730475, 45.5815799354585], [-73.4976160118331, 45.5815971310669], [-73.4976084698355, 45.5816143302744], [-73.4976009470547, 45.581631533981], [-73.4975934434907, 45.5816487421865], [-73.4975859591436, 45.5816659539913], [-73.4975784940133, 45.581683170295], [-73.4975710468185, 45.5817003910978], [-73.4975636188405, 45.5817176145999], [-73.497556211361, 45.5817348435009], [-73.4975488218169, 45.581752076001], [-73.4975414514898, 45.5817693121004], [-73.4975341003796, 45.5817865526989], [-73.4975267672049, 45.5818037968965], [-73.4975194545287, 45.5818210455931], [-73.4975121597881, 45.581838297889], [-73.497504885546, 45.5818555537842], [-73.4974976292394, 45.5818728141783], [-73.4974903921499, 45.5818900781717], [-73.4974831742775, 45.5819073466641], [-73.4974759756221, 45.5819246187558], [-73.497468796184, 45.5819418944468], [-73.4974616359628, 45.5819591746368], [-73.4974544949589, 45.581976458426], [-73.4974473718907, 45.5819937467143], [-73.4974402693211, 45.5820110377021], [-73.4974331846872, 45.5820283331889], [-73.497426120552, 45.5820456331749], [-73.4974190743526, 45.5820629358603], [-73.4974120473704, 45.5820802430447], [-73.4974050396055, 45.5820975538284], [-73.4973980523393, 45.5821148682115], [-73.497391083009, 45.5821321870936], [-73.4973841328959, 45.582149509575], [-73.4973772020003, 45.5821668347559], [-73.4973702903219, 45.5821841653357], [-73.4973633978609, 45.582201498615], [-73.4973565246173, 45.5822188354936], [-73.4973496693096, 45.5822361768713], [-73.4973428345008, 45.5822535218482], [-73.4973360189094, 45.5822708704246], [-73.4973292225355, 45.5822882226002], [-73.4973224440975, 45.5823055783752], [-73.4973156861585, 45.5823229377494], [-73.497308947437, 45.5823403016228], [-73.4973022266516, 45.5823576681957], [-73.4972955263651, 45.5823750392678], [-73.4972888452962, 45.5823924130394], [-73.4972821821634, 45.5824097913101], [-73.4972755395297, 45.5824271731802], [-73.4972689161135, 45.5824445577498], [-73.4972623106335, 45.5824619468185], [-73.4972557256526, 45.5824793394867], [-73.4972491598893, 45.5824967348543], [-73.4972426120623, 45.5825141347211], [-73.4972360847344, 45.5825315372874], [-73.4972295766241, 45.582548944353], [-73.4972230864501, 45.5825663550179], [-73.4972166167754, 45.5825837683823], [-73.4972101663184, 45.5826011853462], [-73.4972037350792, 45.5826186059094], [-73.4971973230576, 45.5826360309718], [-73.497190930254, 45.5826534587337], [-73.4971845566682, 45.5826708891952], [-73.4971782023002, 45.582688324156], [-73.49717186715, 45.5827057627161], [-73.4971655512178, 45.5827232039758], [-73.4971592545034, 45.5827406488348], [-73.4971529770069, 45.5827580972933], [-73.4971467187284, 45.5827755493512], [-73.4971404809492, 45.5827930050085], [-73.4971342611066, 45.5828104633654], [-73.4971225275912, 45.5828435597385], [-73.4971218739451, 45.5828454745615], [-73.4969856313594, 45.5832443191312], [-73.4969850302462, 45.5832462024606], [-73.4968758935557, 45.5835885130364], [-73.4967572355344, 45.5839941739758], [-73.4967572034905, 45.5839942891532], [-73.4965366590655, 45.5848813308996], [-73.4965281823156, 45.58491542521], [-73.4964929375292, 45.5850688649824], [-73.4965008827817, 45.5850920655479], [-73.4965040521508, 45.585109923675], [-73.4965072599677, 45.5851277791036], [-73.4965105075139, 45.585145630934], [-73.4965137935081, 45.5851634782662], [-73.4965171179501, 45.5851813229], [-73.4965204821216, 45.5851991639355], [-73.4965238847411, 45.5852170013727], [-73.4965273270902, 45.5852348352117], [-73.4965308078874, 45.5852526645525], [-73.4965343271326, 45.5852704911947], [-73.4965378861075, 45.5852883133389], [-73.4965414835306, 45.5853061318848], [-73.496545119402, 45.5853239459325], [-73.4965487937215, 45.5853417572817], [-73.4965525090525, 45.585359563233], [-73.4965562615502, 45.5853773664857], [-73.4965600524965, 45.5853951643405], [-73.4965638831725, 45.5854129594967], [-73.4965677522971, 45.585430749255], [-73.4965716598701, 45.5854485354149], [-73.4965756071732, 45.5854663179764], [-73.4965795929249, 45.58548409514], [-73.4965836171252, 45.5855018687052], [-73.4965876810557, 45.5855196377722], [-73.4965917821533, 45.585537402341], [-73.4965959229812, 45.5855551624116], [-73.4966001035394, 45.585572917984], [-73.4966043212648, 45.585590669958], [-73.496608577439, 45.585608416534], [-73.4966128733437, 45.5856261586117], [-73.4966172076974, 45.5856438952915], [-73.4966215804999, 45.5856616283728], [-73.496625993033, 45.5856793560561], [-73.4966304427336, 45.585697079241], [-73.4966349321648, 45.5857147979278], [-73.4966394600451, 45.5857325112165], [-73.4966440263745, 45.585750220007], [-73.4966486311531, 45.5857679242991], [-73.4966532743809, 45.5857856231932], [-73.496657956058, 45.5858033166892], [-73.4966626774659, 45.585821005687], [-73.4966674373231, 45.5858386892866], [-73.4966722343482, 45.5858563674881], [-73.4966770711042, 45.5858740402915], [-73.4966819463096, 45.5858917085966], [-73.4966868599646, 45.5859093715036], [-73.496691812069, 45.5859270290125], [-73.496696802623, 45.5859446811232], [-73.4967018316266, 45.5859623278358], [-73.4967068990798, 45.5859799691502], [-73.4967120049827, 45.5859976050664], [-73.4967171506168, 45.5860152355846], [-73.4967223334191, 45.5860328607045], [-73.4967267034828, 45.586054710503], [-73.4968775623077, 45.5866147203258], [-73.4971883639687, 45.5878858343479], [-73.4897356068499, 45.5864352178789], [-73.489590178694, 45.5864069059697], [-73.4891971982231, 45.5863303994657], [-73.4891882056259, 45.5863286486708], [-73.4891189524906, 45.5863151657931], [-73.4890540391797, 45.5863025277797], [-73.4890325959346, 45.5862980886618], [-73.489009997426, 45.586293410074], [-73.4890099381568, 45.5862933981455], [-73.488805529991, 45.5862531345304], [-73.4883322408135, 45.5861599061845], [-73.4880428758859, 45.5861022673521], [-73.4874505310304, 45.5859860301478], [-73.4868459329994, 45.5858669195764], [-73.4865579335767, 45.5858097553966], [-73.4865349475272, 45.5858062404284], [-73.4865348981901, 45.5858062323241], [-73.4865348554207, 45.585806224783], [-73.4865282399578, 45.5858049706523], [-73.4861387571194, 45.5857311512722], [-73.485667472694, 45.5856418290813], [-73.4853690944234, 45.5856617753659], [-73.4853320937126, 45.5856642937456], [-73.4853298900802, 45.5856644437343], [-73.4851907094537, 45.5856677157837], [-73.4846400048987, 45.5856806606963], [-73.484377258398, 45.5856868368249], [-73.4843771904765, 45.5856868379405], [-73.4834827687037, 45.5859203282802], [-73.4831659591787, 45.5860030295153], [-73.4831147884408, 45.5860163873654], [-73.4822543146984, 45.5864122028682], [-73.4821676626894, 45.5864520097785], [-73.4821675329137, 45.586452069372], [-73.4817983440773, 45.586099347076], [-73.4813128070719, 45.5858745131921], [-73.4806785232106, 45.5858417618548], [-73.480596784484, 45.5858375412972], [-73.4802907723585, 45.5858825438611], [-73.4800531173082, 45.5859174956596], [-73.479431408535, 45.5862100299557], [-73.4792295646828, 45.5864690769943], [-73.4794599432569, 45.5870222306095], [-73.4794712239548, 45.5870493026696], [-73.4794701889426, 45.5870497143807], [-73.4791286511928, 45.5871852633876], [-73.4788871874432, 45.58728109432], [-73.4783774749381, 45.5874833842219], [-73.4773852993356, 45.5878771383011], [-73.4773697622527, 45.5878846780476], [-73.4773689345095, 45.5878850803325], [-73.4765175925561, 45.5882981215858], [-73.4765174009288, 45.588298192183], [-73.4742505930967, 45.5891273626793], [-73.4740279350261, 45.5892088044446], [-73.4739906860446, 45.5891586032534], [-73.473687431233, 45.5887498962271], [-73.4738504154703, 45.5881452391097], [-73.4736615110664, 45.5878758562049], [-73.4727075046393, 45.5865153727508], [-73.4725801227686, 45.5864131166149], [-73.4722363366715, 45.586137138958]]]}}, {"type": "Feature", "properties": {"district_id": "Georges-Dor"}, "geometry": {"type": "Polygon", "coordinates": [[[-73.4701424703642, 45.5245844578692], [-73.4680510427659, 45.5237116647696], [-73.4680082467622, 45.5236939016513], [-73.467236089334, 45.5233734054806], [-73.4662779894795, 45.5229757195495], [-73.4645884634149, 45.5222665014868], [-73.4645884314211, 45.5222664879792], [-73.4643486444687, 45.5221655206233], [-73.463281210587, 45.5217083435529], [-73.4620564050074, 45.5211932337806], [-73.4620440699296, 45.5211880457029], [-73.4581270135294, 45.5195526343645], [-73.4572403929719, 45.5191709804933], [-73.4562897107629, 45.518777819553], [-73.4556611882471, 45.5185178824081], [-73.4541277089013, 45.5178716411724], [-73.4526196630849, 45.5172515149103], [-73.4521638228115, 45.5170497308734], [-73.4520212809887, 45.5169866822284], [-73.4504783289241, 45.5163460487489], [-73.4485718588173, 45.5155544340972], [-73.4446418486504, 45.5138929910891], [-73.4431016825778, 45.5132418100107], [-73.4398709062476, 45.5118864144428], [-73.4398696410351, 45.51188588377], [-73.4398694146013, 45.5118857891674], [-73.4398757923797, 45.5118783364352], [-73.4399560135819, 45.5117846025151], [-73.4399772368788, 45.5117598032299], [-73.4413321902962, 45.5097310467287], [-73.4413512012592, 45.5097032540681], [-73.4413512422737, 45.5097031955994], [-73.4413513627502, 45.5097030273908], [-73.4413709465491, 45.5096757146366], [-73.4413710311367, 45.5096755986004], [-73.4413712041533, 45.5096753647302], [-73.4413914133578, 45.5096484374259], [-73.4413915453579, 45.509648263824], [-73.4413917850007, 45.509647956201], [-73.441412596555, 45.509621432331], [-73.441412779805, 45.5096212029653], [-73.4414131603932, 45.5096207343427], [-73.4414344910115, 45.5095947083475], [-73.4414347267893, 45.5095944250181], [-73.4414351727059, 45.5095938997389], [-73.441457086478, 45.509568275368], [-73.4414573773421, 45.5095679389761], [-73.4414579731472, 45.5095672670993], [-73.4414803765463, 45.5095421414873], [-73.441480727614, 45.5095417538352], [-73.4414813631111, 45.5095410639817], [-73.4415043522471, 45.5095163165986], [-73.4415047647971, 45.5095158785868], [-73.4415054899477, 45.5095151230906], [-73.4415290084521, 45.5094908087976], [-73.4415294837614, 45.5094903231261], [-73.4415302857488, 45.5094895199775], [-73.4415543323536, 45.5094656270756], [-73.4415548742605, 45.5094650946463], [-73.4415557325816, 45.5094642690303], [-73.441580316262, 45.5094407813265], [-73.4415809286058, 45.5094402021413], [-73.4415819021874, 45.5094393000975], [-73.4416069524917, 45.5094162778449], [-73.4416076378282, 45.5094156555045], [-73.4416086741414, 45.5094147318962], [-73.4416342307918, 45.509392128323], [-73.4416350275474, 45.5093914313524], [-73.4416361099371, 45.5093905032683], [-73.4416621434777, 45.5093683381555], [-73.4416630542071, 45.5093675710552], [-73.4416641519312, 45.5093666645748], [-73.4416906777417, 45.5093449163338], [-73.4416917075622, 45.509344080906], [-73.4416931523614, 45.5093429316451], [-73.4417191022373, 45.5093224266854], [-73.4417198258984, 45.5093218691524], [-73.4417470327762, 45.5093011119718], [-73.4417495853705, 45.5092992137066], [-73.4417754863746, 45.5092801430573], [-73.4417770706552, 45.5092790064643], [-73.441803068321, 45.5092605027586], [-73.4418044566277, 45.5092595253374], [-73.441806167657, 45.509258340217], [-73.4418339320099, 45.5092392660044], [-73.4418344237914, 45.5092389360127], [-73.4418621528835, 45.5092205294582], [-73.4418639022792, 45.5092193686521], [-73.4418663547112, 45.5092177915769], [-73.44189273973, 45.5092008888671], [-73.4418943674228, 45.509199845878], [-73.441896110334, 45.5091987669539], [-73.4419235410009, 45.5091817927813], [-73.4419253171949, 45.5091807048752], [-73.4419271036142, 45.5091796295721], [-73.4419567298438, 45.509161941133], [-73.4419569526619, 45.5091618107691], [-73.4419867319155, 45.5091446407091], [-73.4419886028026, 45.5091435618485], [-73.4419908987889, 45.5091422807393], [-73.4420190613732, 45.5091266197851], [-73.4420209296589, 45.5091255805157], [-73.4420228004671, 45.5091245772412], [-73.4420515105263, 45.5091091685127], [-73.4420522263209, 45.5091087882425], [-73.442053697613, 45.5091079989273], [-73.442055646492, 45.5091069911927], [-73.4420868170263, 45.5090908692286], [-73.4420869015369, 45.5090908260789], [-73.4420885712465, 45.5090899873726], [-73.4421205235146, 45.5090740610612], [-73.4421226131757, 45.509073046198], [-73.4421527837658, 45.5090585533234], [-73.4421545520285, 45.5090577038679], [-73.4421563061748, 45.5090568921986], [-73.4421863571311, 45.5090429814523], [-73.4421889896146, 45.5090417778958], [-73.4421909434763, 45.5090408988389], [-73.4422233894505, 45.5090264547886], [-73.4422238106922, 45.5090262687343], [-73.4422254649116, 45.509025555996], [-73.4422590139645, 45.5090111934792], [-73.4422608614892, 45.509010424148], [-73.4422945866341, 45.5089965521238], [-73.4422963854762, 45.5089958313589], [-73.4423274278153, 45.5089835533901], [-73.4423305159018, 45.5089823464609], [-73.4423323505588, 45.5089816437104], [-73.4423660054308, 45.5089688784355], [-73.4423667902419, 45.5089685845831], [-73.4423684853183, 45.5089679627474], [-73.4424034032513, 45.5089552709859], [-73.4424049702773, 45.5089547183729], [-73.4424403408494, 45.5089424092612], [-73.44244185152, 45.5089418998118], [-73.4424775927967, 45.5089300012034], [-73.4424791469693, 45.5089295016737], [-73.4425139736299, 45.5089184196501], [-73.4425151450107, 45.5089180522041], [-73.442516631309, 45.5089175967319], [-73.44255298853, 45.5089065658578], [-73.4425542443771, 45.508906197554], [-73.4425911131115, 45.5088955475581], [-73.442592404784, 45.5088951873705], [-73.4426295033986, 45.5088849972972], [-73.442630896182, 45.5088846290613], [-73.4426665771614, 45.5088753219091], [-73.4426681504299, 45.5088749186695], [-73.4426693601366, 45.5088746160297], [-73.4427070426836, 45.5088653161682], [-73.442707960509, 45.5088651015663], [-73.4427855103768, 45.5088475530155], [-73.4427865689863, 45.5088473303848], [-73.4428230761435, 45.5088397962867], [-73.44282506278, 45.5088393941517], [-73.4428254608719, 45.5088393169645], [-73.4428865939259, 45.5088277395793], [-73.4428325981903, 45.5086788021704], [-73.442832210214, 45.5086777374628], [-73.4427458500398, 45.5084395347466], [-73.4425866952079, 45.5080005405561], [-73.4425781600575, 45.5079769963888], [-73.4424837263824, 45.5077165101874], [-73.4424736267254, 45.5076886513787], [-73.4424678133942, 45.5076541196963], [-73.4424677816009, 45.5076539226148], [-73.4426458688295, 45.5073946604648], [-73.4426460110905, 45.5073944553721], [-73.4428492702901, 45.5073808652365], [-73.4452068058423, 45.5072254630421], [-73.4461826678722, 45.5071611220809], [-73.4479083235927, 45.5070473252573], [-73.4496709681094, 45.5069310620944], [-73.4496886782438, 45.5069298938012], [-73.4523215891351, 45.5067561755036], [-73.4547972152295, 45.506592778861], [-73.4560020104786, 45.5065132397234], [-73.4574754033858, 45.5064159505964], [-73.457610822385, 45.5064070078974], [-73.459996730405, 45.5062494212939], [-73.4600165645373, 45.5062481450619], [-73.4600173933844, 45.5062469260651], [-73.4600289357408, 45.5062299617708], [-73.4601913132983, 45.5059912902012], [-73.4601983750301, 45.5059818929047], [-73.4605751333823, 45.5059390749548], [-73.4611104899078, 45.5058788736096], [-73.4616500962531, 45.5058134062016], [-73.4616973506928, 45.5058083964333], [-73.4617309738515, 45.5058048542226], [-73.4619304880208, 45.5057844098678], [-73.4619306620745, 45.505784391929], [-73.4620488892597, 45.5057722770899], [-73.4621624307599, 45.5057610424225], [-73.4623277620695, 45.5057464062298], [-73.4633324474691, 45.5056574633202], [-73.4633330080121, 45.5056574203077], [-73.4641033194136, 45.5056012961023], [-73.4655912183771, 45.5055020954533], [-73.4677839438394, 45.5053558670047], [-73.4695432639779, 45.5052385106687], [-73.4721581361307, 45.5050640342505], [-73.4729594941752, 45.5050104467283], [-73.4747549377956, 45.5048903623265], [-73.4800627197898, 45.5045351955853], [-73.4796808759638, 45.5047624835257], [-73.4793438846257, 45.5049630700625], [-73.4793105360743, 45.504982919961], [-73.4789043727992, 45.505224676653], [-73.4788703481811, 45.505244722463], [-73.4788436105127, 45.5052604755625], [-73.4789849486873, 45.5052507464523], [-73.4827375307639, 45.5049907472993], [-73.4847220661997, 45.5048531973788], [-73.485500602175, 45.5047912924581], [-73.4855013290585, 45.5047912277616], [-73.4862759036613, 45.5047199874822], [-73.4862774841185, 45.5047198409976], [-73.4862775724197, 45.5047198311099], [-73.4876352254371, 45.5045715363145], [-73.4876592659748, 45.504763593289], [-73.4876601206004, 45.5047704150904], [-73.4877116345467, 45.504747647418], [-73.4877483612899, 45.5047321659653], [-73.4877854667038, 45.5047171398618], [-73.487822939272, 45.5047025682061], [-73.4878607674757, 45.5046884608947], [-73.4878715100422, 45.5046846215059], [-73.4878989423567, 45.5046748224256], [-73.4879000544921, 45.5046744374107], [-73.4879011679065, 45.5046740550953], [-73.487919306316, 45.5046678516978], [-73.4879374472802, 45.5046616509971], [-73.4879385952453, 45.5046612713846], [-73.4879762732874, 45.5046489547064], [-73.4879772868716, 45.504648634469], [-73.4880154088613, 45.5046367353518], [-73.488016297024, 45.5046364681915], [-73.4880534910459, 45.5046253968197], [-73.4880545340597, 45.5046250882827], [-73.488054839925, 45.5046249983304], [-73.4880554298985, 45.5046248292216], [-73.4880945588006, 45.5046137463406], [-73.4880948749023, 45.5046136608885], [-73.4881178991298, 45.5046074660669], [-73.4881345501312, 45.5046029865795], [-73.488134925101, 45.5046028894354], [-73.4881365606343, 45.5046024693785], [-73.4881501836732, 45.5045989955988], [-73.4881682321176, 45.5045943929729], [-73.4881748024006, 45.5045927181455], [-73.4881752490356, 45.5045926084109], [-73.4882153028121, 45.5045829446366], [-73.4882158863791, 45.5045828097204], [-73.4882560398486, 45.5045736696506], [-73.4882566259733, 45.5045735419332], [-73.4882952768951, 45.5045652628449], [-73.4882966935747, 45.5045649606428], [-73.4882970019934, 45.5045648958857], [-73.4882975471645, 45.504564784361], [-73.4883381751705, 45.5045566251397], [-73.4884797179741, 45.5045371084076], [-73.4889439058658, 45.5044731016459], [-73.4890105637938, 45.5045836132896], [-73.4890389535546, 45.5046306796017], [-73.4889572149208, 45.5046417919902], [-73.4888927807141, 45.5046505511147], [-73.4888289863508, 45.5046592229805], [-73.4885541466292, 45.5046957456079], [-73.4882844241963, 45.5047478208652], [-73.4880215958534, 45.5048151057086], [-73.4877673930037, 45.5048971569001], [-73.4877298790524, 45.5049131097664], [-73.4876927718882, 45.5049295263183], [-73.4876560831013, 45.5049464014285], [-73.4876416952734, 45.5049531984895], [-73.4876273754113, 45.5049600661523], [-73.4876131242157, 45.5049670040811], [-73.4870286852104, 45.5052472951654], [-73.4870259975326, 45.5052485843351], [-73.4864024238343, 45.5055358235356], [-73.4862656718728, 45.5056026506993], [-73.4861228607662, 45.5056628866051], [-73.4859746320233, 45.5057162606652], [-73.4858216514959, 45.5057625331155], [-73.4857388439403, 45.505784114724], [-73.485654997959, 45.5058036135341], [-73.4855702194713, 45.5058210049134], [-73.4854526611963, 45.5058413843114], [-73.4853338305805, 45.5058577127005], [-73.4852140097937, 45.5058699513079], [-73.484726748217, 45.505900686127], [-73.4815959475609, 45.506165678296], [-73.4788148795705, 45.506349664194], [-73.4773737315204, 45.5064486279124], [-73.4767712669493, 45.5064851117044], [-73.4755266741604, 45.5065604701445], [-73.4752347291299, 45.5065874025099], [-73.4749811651093, 45.5066098433276], [-73.4748436049094, 45.5066214489848], [-73.474615225562, 45.5066492464424], [-73.474390601121, 45.5066894176014], [-73.4741710853851, 45.506741720354], [-73.474116372676, 45.5067568806969], [-73.4740620952486, 45.5067727958611], [-73.4740082741628, 45.5067894596713], [-73.4739756870441, 45.5067999859411], [-73.4739432821585, 45.5068107867844], [-73.4739110641849, 45.5068218606417], [-73.4738051474769, 45.506860696988], [-73.4737015249574, 45.506902481483], [-73.4736003625167, 45.5069471472356], [-73.4735671319599, 45.5069627035463], [-73.4735342002825, 45.5069785709915], [-73.4735015733766, 45.5069947467324], [-73.4731592721495, 45.5071673322105], [-73.4730756724444, 45.5072078054525], [-73.4728323998023, 45.5073411312962], [-73.4725976104896, 45.5074817762188], [-73.4723717495804, 45.5076294736478], [-73.4722240921012, 45.5077333527462], [-73.4720808538401, 45.5078402473995], [-73.4719421593272, 45.5079500646934], [-73.4719419877687, 45.5079502050266], [-73.4719175967713, 45.5079702088258], [-73.4718933567116, 45.5079903031322], [-73.4718692682691, 45.5080104873827], [-73.4717805148273, 45.5080867774308], [-73.4716939253647, 45.5081642872492], [-73.4716095337883, 45.5082429864944], [-73.4714172353159, 45.5084353981799], [-73.4712380660223, 45.5086339769094], [-73.4710724253591, 45.5088382801135], [-73.4705986383601, 45.5094792211548], [-73.4705713939395, 45.5095160761741], [-73.4699908606775, 45.5103052981371], [-73.470183029094, 45.5103739758065], [-73.4702459179318, 45.5103964513601], [-73.4706007120818, 45.5105232472681], [-73.4707915808326, 45.5105861348931], [-73.4710991685579, 45.5106874786372], [-73.4711193954047, 45.510694142583], [-73.4712463344274, 45.5107359659633], [-73.4712894971417, 45.5107501871231], [-73.4713937016358, 45.5107841517028], [-73.4714601228848, 45.5108058014158], [-73.4715411625848, 45.5108322157964], [-73.4716296318529, 45.5108610516396], [-73.4716640997917, 45.5108722866221], [-73.4717998372692, 45.5109165285434], [-73.4718065706599, 45.51091872402], [-73.4719658164075, 45.5109706282978], [-73.4720652474169, 45.5110030361652], [-73.4721604506391, 45.5110340661576], [-73.4721716000658, 45.5110376997362], [-73.4722846811547, 45.5110745568553], [-73.472425861892, 45.51112057294], [-73.4725075986178, 45.5111472135619], [-73.472514332064, 45.5111494080968], [-73.4726028036061, 45.5111782431853], [-73.4726912739588, 45.5112070782048], [-73.4728682162147, 45.511264748938], [-73.4729566868385, 45.5112935837516], [-73.4730451575527, 45.5113224184965], [-73.473222100532, 45.5113800877808], [-73.4733990425931, 45.5114377567901], [-73.4735725030824, 45.5114942909187], [-73.4735759862951, 45.511495426425], [-73.4737522009558, 45.5115528571596], [-73.4739534678279, 45.511618453102], [-73.4738808770706, 45.5117268683679], [-73.473779532073, 45.5118782300376], [-73.4737284930768, 45.5119544574069], [-73.473738507715, 45.5119577414324], [-73.4737723919044, 45.5119688541637], [-73.4741046224857, 45.5120778162049], [-73.4742232106728, 45.5121167089883], [-73.4743983791039, 45.5118508406352], [-73.4744933789136, 45.5118848525084], [-73.4748782615945, 45.5120102110628], [-73.4749277379064, 45.5119363188269], [-73.4749524726921, 45.5119443751369], [-73.4751302283392, 45.5120022701971], [-73.4752408051352, 45.512038285186], [-73.4753956218444, 45.5120887088716], [-73.4754690959262, 45.5121126388661], [-73.4756078376743, 45.5121578271308], [-73.4756973258934, 45.5121869731794], [-73.4757089212321, 45.5121696284964], [-73.4758946444084, 45.5122301174025], [-73.4758831476501, 45.5122474945193], [-73.4759256780322, 45.5122613457547], [-73.4759518373947, 45.5122698655665], [-73.4761049175555, 45.5123197228226], [-73.4761288221587, 45.5123275078514], [-73.4762093095686, 45.5123537217324], [-73.4762143502718, 45.5123553631934], [-73.4762987062708, 45.5123828375951], [-73.4763496431603, 45.5123994268347], [-73.4764827582194, 45.5124427798919], [-73.4765708537529, 45.512471470548], [-73.476659726152, 45.5125004150501], [-73.4767035788429, 45.5125146981895], [-73.4768363066967, 45.5125579238772], [-73.4770383972022, 45.5126237412996], [-73.47702694805, 45.5126411698308], [-73.4769472404993, 45.5127624965224], [-73.476867261103, 45.5128842352282], [-73.4768165718318, 45.5129613908714], [-73.4772013147218, 45.5130866983541], [-73.4773056729804, 45.5131206863523], [-73.4773928622386, 45.512983908819], [-73.4774330680238, 45.5129208369708], [-73.4775434112801, 45.5129569252654], [-73.4779269794858, 45.5130823713483], [-73.4780071158251, 45.5129600119442], [-73.4780095695351, 45.5129562645762], [-73.478018396996, 45.5129427866476], [-73.4782059026997, 45.5130039092185], [-73.4783083443749, 45.51303730294], [-73.4784852865799, 45.5130949820509], [-73.4786622291468, 45.5131526599873], [-73.4786635622714, 45.5131506364926], [-73.4788404040269, 45.5132084662068], [-73.4790614570503, 45.5132807543138], [-73.4791056679791, 45.5132952111639], [-73.4792825106401, 45.5133530410923], [-73.4794593536634, 45.5134108707464], [-73.4796361970494, 45.5134686992264], [-73.4797599864829, 45.5135091798988], [-73.4798130407976, 45.513526527432], [-73.4798838234448, 45.5135496748426], [-73.4801030235059, 45.5136213541101], [-73.4801019222072, 45.513623024924], [-73.4800242369336, 45.5137409113003], [-73.4799311112455, 45.5138822285816], [-73.4798812289471, 45.5139632478324], [-73.4802627973891, 45.5140880666068], [-73.4803606517035, 45.5141200764322], [-73.4803632099446, 45.5141209173239], [-73.479924087853, 45.5147874893886], [-73.4798670914819, 45.5148705473103], [-73.4797902124488, 45.5149825810758], [-73.4797737064452, 45.5150185250147], [-73.4797707887083, 45.5150385756615], [-73.4797654395157, 45.5150753431288], [-73.4797736636646, 45.5151379618399], [-73.4797967362061, 45.5151901468174], [-73.4798198083757, 45.5152434916851], [-73.4798511280266, 45.5152945182118], [-73.4798758509521, 45.5153455444674], [-73.4799005743351, 45.5153954108221], [-73.4799104521896, 45.515444114666], [-73.4799087817649, 45.5155055717276], [-73.4798955695447, 45.5155542715091], [-73.4798949919074, 45.5155553521167], [-73.4798589452686, 45.5156227240769], [-73.4796332703509, 45.515933928331], [-73.4795154024344, 45.516096465358], [-73.4794734079351, 45.5161543751941], [-73.4786779830917, 45.5172512221029], [-73.4782709766224, 45.5178045475661], [-73.4782393837603, 45.517848098349], [-73.4776150199679, 45.518708760904], [-73.4772372272254, 45.5192298199779], [-73.4770361887466, 45.5195179410997], [-73.4770323976507, 45.519523373575], [-73.477032036472, 45.5195238909107], [-73.476831764372, 45.5198109095073], [-73.476743697456, 45.5199052551901], [-73.4764416844108, 45.52030932967], [-73.4760614847203, 45.520847016862], [-73.4756623191085, 45.5213955129795], [-73.4756397585508, 45.5214265130678], [-73.4754137750408, 45.521737032823], [-73.4753334187382, 45.5218497384856], [-73.4751473630009, 45.5221106932099], [-73.4749509901024, 45.522392845591], [-73.4745152623502, 45.5229776884655], [-73.4741465765099, 45.5235216974747], [-73.4740243022132, 45.5237021146398], [-73.4737637065435, 45.5240619910459], [-73.4735743680809, 45.5243229009603], [-73.4733650086057, 45.5246063018774], [-73.4732464879235, 45.5247706227173], [-73.4732031430221, 45.524830718254], [-73.472833019897, 45.5253438625086], [-73.4728158299373, 45.5253676942722], [-73.4727896254366, 45.5254040244588], [-73.4726774117365, 45.5255595970466], [-73.4726315881141, 45.5256231264531], [-73.4726295108257, 45.525622253111], [-73.4726274706514, 45.5256214022738], [-73.4710670434592, 45.5249702752958], [-73.4705575754932, 45.5247576803754], [-73.4701424703642, 45.5245844578692]]]}}, {"type": "Feature", "properties": {"district_id": "Greenfield Park"}, "geometry": {"type": "Polygon", "coordinates": [[[-73.4863312424501, 45.4991992058832], [-73.4862283863254, 45.4990545265434], [-73.4856910326212, 45.4994395846502], [-73.4855772285608, 45.4993645026748], [-73.4854065230366, 45.4992518826469], [-73.4842685023257, 45.4985010647887], [-73.4840807782092, 45.4983772121654], [-73.483820357106, 45.4982053908762], [-73.4834150626119, 45.4979379837188], [-73.4836609861332, 45.4977617667081], [-73.4838795819675, 45.4976051268163], [-73.4838369073779, 45.4975769709658], [-73.4835808632926, 45.4974080346256], [-73.4833783803073, 45.4972783585106], [-73.4829380453332, 45.4969876349512], [-73.4825114476454, 45.4967059750138], [-73.4820835468293, 45.4964234521141], [-73.4816142993623, 45.496113623275], [-73.4813578937808, 45.4959443246122], [-73.4811323884461, 45.4957933414084], [-73.4808281116132, 45.4955925813712], [-73.4804725106966, 45.49535795511], [-73.480192299951, 45.4951730689307], [-73.4799746759101, 45.4950294779091], [-73.4794768443539, 45.4947009967205], [-73.4786092474261, 45.4941285211403], [-73.4788139703445, 45.4939815408769], [-73.4791415120003, 45.4937463817601], [-73.4789538699738, 45.4936224180404], [-73.4788452107855, 45.493550632659], [-73.4787297341587, 45.4934743430813], [-73.4786037614081, 45.4933911181172], [-73.4785006416727, 45.4933229913111], [-73.4783853936578, 45.4932468525993], [-73.4783087877966, 45.4931962416102], [-73.4781864297557, 45.493115405056], [-73.4779930219052, 45.4929876269006], [-73.4778138947256, 45.4928692842621], [-73.4778080236874, 45.4928654047907], [-73.4777600794614, 45.4928337290293], [-73.4777307179188, 45.4928143298546], [-73.477566934473, 45.4927061220677], [-73.4775412696187, 45.4926891666484], [-73.4774609917429, 45.4926361292821], [-73.4772912015017, 45.4925239506956], [-73.4772817734202, 45.4925177218948], [-73.4770657659117, 45.4923750074336], [-73.4770631335835, 45.4923732684049], [-73.4770399465911, 45.4923579483875], [-73.4770069747297, 45.4923361646104], [-73.4770037246148, 45.4923340169264], [-73.4765816607194, 45.4920551601389], [-73.4765462474941, 45.4920317632051], [-73.4764356323572, 45.4919586793332], [-73.476236622528, 45.4918271914608], [-73.4761745120864, 45.4917861545928], [-73.476136108795, 45.4917607817474], [-73.4760320753803, 45.4916920451071], [-73.4759808421791, 45.4916581938768], [-73.4759382156806, 45.491630029657], [-73.4758900855324, 45.4915982297859], [-73.4757899141164, 45.4915320438988], [-73.4757386888795, 45.4914981979597], [-73.4756300327447, 45.4914264058943], [-73.4752817842227, 45.4911963090878], [-73.475180958097, 45.4911296896949], [-73.4749949194204, 45.491006766283], [-73.4748359120228, 45.4909017032493], [-73.4746957602335, 45.490809097127], [-73.4746936319776, 45.4908076901977], [-73.4746820378425, 45.4908000308467], [-73.474636132008, 45.490769697683], [-73.4746340114285, 45.4907682970532], [-73.4741272637824, 45.4904334608128], [-73.4739367673372, 45.4903075876598], [-73.4737709891564, 45.4901980466557], [-73.4737214865543, 45.4901653358042], [-73.4738432145398, 45.4900070359709], [-73.4738503401346, 45.4899969323401], [-73.4738640997205, 45.4899774214447], [-73.4738800197287, 45.4899504846187], [-73.4738916086972, 45.4899271740768], [-73.473911720361, 45.4898714251586], [-73.4739195752535, 45.4898278501452], [-73.4739219045289, 45.4898149243995], [-73.4739232813941, 45.4897893664084], [-73.4739220865351, 45.4897559665782], [-73.4739189853343, 45.4897311130433], [-73.4721323613173, 45.488549634228], [-73.4721315563241, 45.4885502351284], [-73.4721314936575, 45.4885501937203], [-73.4721250505059, 45.4885459358792], [-73.4720179431633, 45.4884751575439], [-73.4681420257502, 45.4859136837006], [-73.4681410129482, 45.485913013033], [-73.4672025111366, 45.485291807856], [-73.4671638900996, 45.4852660170737], [-73.4671255941671, 45.4852399870127], [-73.4670876258967, 45.4852137194738], [-73.4666657344711, 45.4854988114304], [-73.4666423185429, 45.4855146346855], [-73.4666120123214, 45.485535112625], [-73.4663673183071, 45.485700454128], [-73.4660998759025, 45.4858812567049], [-73.4658738350498, 45.4860329682098], [-73.4656049675101, 45.4862128324521], [-73.4653213464493, 45.4864017674231], [-73.4651248026339, 45.4865353337932], [-73.4648703865323, 45.4867065108909], [-73.4648426016115, 45.4867252056376], [-73.4645737262182, 45.4869050665286], [-73.4643462551909, 45.4870558378005], [-73.4640773766446, 45.4872356984116], [-73.4637951686069, 45.487425566743], [-73.4637317798651, 45.4874683819887], [-73.4636092806696, 45.4875511234322], [-73.4633551486171, 45.4877219111814], [-73.4631233050507, 45.4878761546973], [-73.4630939858308, 45.4878956601803], [-73.4630741785798, 45.4879088374172], [-73.4630647121356, 45.4879159467364], [-73.4629957194325, 45.4879598944632], [-73.4629239493473, 45.4880056121427], [-73.4628649717876, 45.4879664488042], [-73.4627933116238, 45.4879188641496], [-73.4626220355411, 45.4878052783194], [-73.4625507543258, 45.4877578988], [-73.4624794757887, 45.4877105192367], [-73.4624081986505, 45.487663139629], [-73.4623369177944, 45.4876157590752], [-73.4622656396158, 45.4875683793774], [-73.4620374186831, 45.487416841746], [-73.4620210127284, 45.4874266419111], [-73.461302614704, 45.487855802649], [-73.4611234399995, 45.4879628378357], [-73.4610797078456, 45.4879889625587], [-73.4609311026904, 45.4880777346884], [-73.4607724284926, 45.4881725222331], [-73.4607081928014, 45.4882108947668], [-73.4605495178566, 45.4883056810995], [-73.4603983756335, 45.4883959678948], [-73.4602495712396, 45.4884848560424], [-73.460113762151, 45.4885659828663], [-73.4601007689363, 45.4885737439955], [-73.459951964885, 45.4886626326526], [-73.4598908484113, 45.4886991404372], [-73.4598031603662, 45.4887515202145], [-73.4597422369623, 45.4887879119068], [-73.4596543553794, 45.4888404075809], [-73.4595193214719, 45.4889210687468], [-73.4595055499245, 45.488929294752], [-73.4593567440016, 45.4890181817277], [-73.4592079363306, 45.4891070694074], [-73.4591477941741, 45.4891429949395], [-73.4590591307509, 45.4891959559928], [-73.4589103234237, 45.4892848423823], [-73.4587762626785, 45.4893649208136], [-73.4587615156278, 45.4893737294762], [-73.458627649008, 45.4894536899221], [-73.4586127073646, 45.4894626154748], [-73.4584638986332, 45.4895515012781], [-73.4584047295457, 45.4895868436702], [-73.4583150894331, 45.4896403877858], [-73.4582561172668, 45.4896756122926], [-73.4581662797655, 45.4897292731983], [-73.4580174696299, 45.4898181584153], [-73.457884576209, 45.489897536142], [-73.4578391310758, 45.4899246812082], [-73.4576616519653, 45.4900306893277], [-73.4575835106696, 45.4900773632084], [-73.4575130360721, 45.4901194578749], [-73.4572808036066, 45.4902581678933], [-73.4571824794873, 45.4903168963735], [-73.4571208026581, 45.4903537353981], [-73.4570671804738, 45.490385762345], [-73.4570591231898, 45.4903905743882], [-73.4569607986097, 45.490449302676], [-73.4568624725453, 45.4905080317779], [-73.4568007952996, 45.4905448697285], [-73.456769943207, 45.4905632967848], [-73.4567391179728, 45.4905817085454], [-73.4566407914476, 45.4906404374549], [-73.4566213245126, 45.4906520641625], [-73.4565424634394, 45.4906991653788], [-73.4564807870559, 45.4907360031557], [-73.4564727040726, 45.4907408304449], [-73.4564191093126, 45.4907728408986], [-73.4563207821223, 45.4908315695304], [-73.4562214947479, 45.4908908718103], [-73.4561870250727, 45.4909114587495], [-73.4560532650854, 45.4909913487095], [-73.4559808132003, 45.4910346222601], [-73.4559195059993, 45.4910712385121], [-73.4557857465351, 45.4911511281569], [-73.455729598705, 45.491184662534], [-73.4556519866926, 45.4912310176437], [-73.4555809754623, 45.4912734294466], [-73.455518226472, 45.4913109069727], [-73.4553840165952, 45.4913910641221], [-73.4552498063376, 45.4914712211125], [-73.4552094172339, 45.4914953436263], [-73.4551143489768, 45.4915521225258], [-73.4549788886687, 45.491633024676], [-73.4549121670156, 45.4916728731924], [-73.4548434292521, 45.4917139266648], [-73.4547079694477, 45.4917948284917], [-73.4545725118149, 45.4918757292577], [-73.4544370499554, 45.4919566307602], [-73.4543015889874, 45.4920375321012], [-73.4541690358561, 45.4921166959468], [-73.454166128911, 45.4921184332808], [-73.4540306671674, 45.492199334298], [-73.4539460953836, 45.4922498418232], [-73.4538952024778, 45.4922802342524], [-73.4537974652602, 45.4923386045962], [-73.453758463759, 45.4923618974975], [-73.4536217220861, 45.4924435605766], [-73.4536116801473, 45.4924495584645], [-73.4534849825769, 45.4925252234917], [-73.4534258943049, 45.4925605120282], [-73.4533482401129, 45.4926068871406], [-73.4532772638259, 45.4926492750193], [-73.4532114972537, 45.4926885506245], [-73.4530747565588, 45.4927702130445], [-73.4529800014673, 45.4928268004165], [-73.4529380154696, 45.4928518743998], [-73.4528011638995, 45.4929336012331], [-73.4527570553926, 45.4929599430536], [-73.4526184086401, 45.4930427424388], [-73.452435641156, 45.4931518878442], [-73.4523111575319, 45.4932262279105], [-73.4519692985499, 45.4934303791352], [-73.451790938476, 45.4935368915092], [-73.4514193492025, 45.4937587932599], [-73.4511963944935, 45.4938919337254], [-73.450824803111, 45.4941138317276], [-73.4506018456027, 45.4942469683237], [-73.4503788870414, 45.4943801071806], [-73.45015592615, 45.4945132455982], [-73.4499329667677, 45.4946463826784], [-73.4497100024939, 45.4947795220176], [-73.4491897561172, 45.4950901736737], [-73.4490812685894, 45.4951549528621], [-73.4489742056397, 45.49521888223], [-73.44893020622, 45.4952451551226], [-73.4488181464138, 45.4953120677931], [-73.448758626016, 45.4953476074607], [-73.4487579731275, 45.4953479968005], [-73.4485857406875, 45.495450838217], [-73.4485430978978, 45.4954763008102], [-73.4484135063402, 45.495553680271], [-73.4483275406333, 45.4956050108341], [-73.4482978889514, 45.4956227153535], [-73.4482410780586, 45.4956566362559], [-73.4481492436431, 45.4957114707181], [-73.4481119849476, 45.4957337186493], [-73.4480686478676, 45.4957595937774], [-73.4480005978671, 45.4958002267875], [-73.447926274804, 45.4958446047491], [-73.4478963271443, 45.4958624862979], [-73.4478962170482, 45.4958625510365], [-73.4478519503446, 45.4958889826613], [-73.4478518568901, 45.495889038409], [-73.4478513076853, 45.4958893657016], [-73.4478474017974, 45.4958916981147], [-73.447777627048, 45.4959333605254], [-73.4477718571817, 45.4959368051912], [-73.4477237868808, 45.4959655071339], [-73.4476806581172, 45.4959912589303], [-73.4475894601571, 45.4960457116968], [-73.4475513548054, 45.4960684629683], [-73.4474650994853, 45.4961199646149], [-73.4473789233813, 45.4961714185408], [-73.4473408357814, 45.4961941607513], [-73.4473316822585, 45.4961996257849], [-73.4472496371664, 45.4962486132442], [-73.4472064913279, 45.4962743747508], [-73.4471584383756, 45.4963030656637], [-73.4471087082864, 45.4963327591062], [-73.447034383824, 45.496377134683], [-73.4470340573666, 45.4963773306977], [-73.4467281078319, 45.4965600034869], [-73.4466627584721, 45.4965990217334], [-73.4466169146487, 45.4966263933769], [-73.4462097247089, 45.4968695094392], [-73.4461679055361, 45.4968944775128], [-73.4460580053673, 45.4969600935982], [-73.4459790377361, 45.496920895965], [-73.4436893134538, 45.4956542888633], [-73.4427743483897, 45.4951481297295], [-73.4427625045129, 45.4951415774275], [-73.4427514010405, 45.4951354349245], [-73.4424567577366, 45.4949724339366], [-73.4388311208882, 45.4929665421088], [-73.4357997377464, 45.4912874237883], [-73.4359124207291, 45.491220193048], [-73.4370309540416, 45.4905528222645], [-73.4370788343922, 45.4905242533674], [-73.4373256440249, 45.4903769917042], [-73.4374832178627, 45.4902829713364], [-73.4376408206195, 45.4901889345682], [-73.4377984254125, 45.4900948957825], [-73.43795602584, 45.4900008594749], [-73.4381136270234, 45.4899068220489], [-73.4382703481923, 45.4898133085383], [-73.4383982134369, 45.4897370130911], [-73.4385260757777, 45.4896607174982], [-73.4386539403309, 45.4895844226622], [-73.4387818045409, 45.4895081258823], [-73.4389096671253, 45.4894318298571], [-73.4390375306429, 45.4893555345881], [-73.4391653925369, 45.4892792382743], [-73.4394363171779, 45.4891175747341], [-73.4395310949257, 45.4890610201681], [-73.440320515946, 45.4885899549935], [-73.4404928883686, 45.4884870944934], [-73.4406385810572, 45.4884001543347], [-73.4407964307034, 45.4883058784504], [-73.4409039954293, 45.4882416644793], [-73.4410115599089, 45.4881774522057], [-73.4411191228658, 45.4881132389295], [-73.4412266855773, 45.488049026451], [-73.4413878064481, 45.4879528401547], [-73.4415425390612, 45.4878604666058], [-73.4416500816098, 45.4877962645136], [-73.4417576239141, 45.4877320623193], [-73.4418651659741, 45.4876678600229], [-73.4419727077889, 45.4876036585243], [-73.442131038092, 45.4875091362688], [-73.442289541958, 45.487414508598], [-73.4423970828096, 45.4873503057966], [-73.442504623416, 45.4872861037931], [-73.4427256063017, 45.4871541741441], [-73.4429578834415, 45.4870155008619], [-73.4430654330146, 45.4869512920322], [-73.443172981064, 45.4868870830997], [-73.4432805301484, 45.4868228740657], [-73.4433880789893, 45.4867586640298], [-73.4436025909554, 45.4866305943028], [-73.4438998680322, 45.4864531093197], [-73.4443016012938, 45.4862132567283], [-73.4447786920731, 45.4859284090785], [-73.445865570835, 45.4852794672914], [-73.4462326615318, 45.4850602824974], [-73.4463750931436, 45.4849752375093], [-73.4465145560809, 45.4848919654489], [-73.4466218351808, 45.4848279096935], [-73.4467749507346, 45.4847364847872], [-73.4469207329217, 45.4846494376176], [-73.4475626115616, 45.4842689173805], [-73.4489257278951, 45.4834545541315], [-73.4497455544408, 45.482962475929], [-73.4525857743939, 45.4812575991208], [-73.4528092396367, 45.48112345433], [-73.4528245953128, 45.4811334084771], [-73.4528706981712, 45.481163293417], [-73.4529695214045, 45.4812273546342], [-73.4529985938725, 45.4812462003896], [-73.4533404103302, 45.4814677756711], [-73.4544661829248, 45.4821975168734], [-73.4548203473887, 45.4824270841467], [-73.4549616490873, 45.4825186741228], [-73.4550804509549, 45.4825956800401], [-73.4550804845169, 45.4825957011997], [-73.4557819157139, 45.4830503504923], [-73.4563369427131, 45.4834100982532], [-73.4564401586716, 45.4834769996109], [-73.4564985952953, 45.4835148759369], [-73.4568640360269, 45.4837611008672], [-73.457408015109, 45.4841276170729], [-73.4575597353102, 45.4842298402739], [-73.4578037816844, 45.4843942677817], [-73.4580536061833, 45.4845625869198], [-73.4582175812498, 45.4846730644271], [-73.4584349551732, 45.4848195178628], [-73.4586379071165, 45.4849562527219], [-73.458951962202, 45.4851678401662], [-73.4590715486786, 45.4852484084932], [-73.459071593431, 45.4852484382042], [-73.4592842232658, 45.4853916657356], [-73.4594261472535, 45.4854872650258], [-73.4594284216404, 45.4854887883729], [-73.4594429358582, 45.4854788781241], [-73.4596850935742, 45.485313488013], [-73.4597388685577, 45.4852767604168], [-73.4597674699381, 45.4852572231387], [-73.4597857619126, 45.4852447244195], [-73.4600417066178, 45.4850698724679], [-73.4602100523758, 45.4849548632661], [-73.4605850074467, 45.4846987030683], [-73.4605854470751, 45.4846984028963], [-73.4609004435006, 45.484483201816], [-73.4609024080563, 45.4844818581182], [-73.4612217954048, 45.4842636559844], [-73.4612745563723, 45.4842276105226], [-73.4613874684571, 45.4841504693869], [-73.461629636257, 45.483985018878], [-73.4616316737268, 45.4839836266005], [-73.4616462501805, 45.4839732346722], [-73.4616586960096, 45.483964363667], [-73.4619886933761, 45.4837291191669], [-73.4620395284025, 45.4836945774754], [-73.4643896498259, 45.4820975976059], [-73.465047769097, 45.481671465045], [-73.4650906503312, 45.4816436947192], [-73.4651270376324, 45.4816208848238], [-73.4664117994268, 45.4807506296961], [-73.46641159036, 45.4807499662227], [-73.4662963329779, 45.4803838224313], [-73.4662127592936, 45.4801183278684], [-73.4665500897041, 45.4798907404708], [-73.4668782881831, 45.4796693117969], [-73.46690217539, 45.4796531970634], [-73.4671132232106, 45.4795107897544], [-73.4674397160366, 45.4792899402629], [-73.4675809132233, 45.4791954065051], [-73.4676426825375, 45.479153750305], [-73.4677216202408, 45.4791005160933], [-73.4678440054428, 45.4790179788494], [-73.4678623267875, 45.479005622807], [-73.4678938894364, 45.4789843386025], [-73.4679987270127, 45.4789136382447], [-73.4680021902449, 45.4789113009623], [-73.4680030328598, 45.478910732945], [-73.4680067667248, 45.4789082162188], [-73.4680201113258, 45.4788992160861], [-73.4680232303433, 45.4788971133419], [-73.4680463612922, 45.4788815144424], [-73.4680485519613, 45.4788800366065], [-73.4681437435777, 45.4788158402098], [-73.4682844474277, 45.4787209472978], [-73.4684251629594, 45.478626049565], [-73.4684301082343, 45.4786227144489], [-73.4685329710358, 45.4785533430245], [-73.4685332000815, 45.478553187414], [-73.4685449568964, 45.4785452189067], [-73.4685657782752, 45.4785311042378], [-73.4685955771908, 45.4785109063675], [-73.4686775471317, 45.4784553453182], [-73.4687061361287, 45.4784359623486], [-73.4687123555194, 45.4784317475937], [-73.4688207126385, 45.478358296381], [-73.4688384309097, 45.4783462882568], [-73.4688465024648, 45.4783408175882], [-73.4688637882306, 45.4783290999927], [-73.4689433123846, 45.4782751947028], [-73.4689638827682, 45.4782612508633], [-73.4689661885545, 45.4782596877804], [-73.4689874243032, 45.4782452930691], [-73.4691084496951, 45.478163253504], [-73.4691193059643, 45.4781551067488], [-73.4691273701079, 45.4781490545319], [-73.4692488114794, 45.4780681082435], [-73.4693450008387, 45.4780029050761], [-73.4693919750225, 45.4779710630824], [-73.4694090647893, 45.4779594794283], [-73.4694792433152, 45.4779119079826], [-73.46953515652, 45.4778740070218], [-73.4695385404052, 45.477871712564], [-73.469549421723, 45.4778643364933], [-73.4696196000137, 45.4778167631607], [-73.4696783095916, 45.4777769650202], [-73.4696871691865, 45.4777709590917], [-73.4696897781858, 45.4777691906844], [-73.4698228759598, 45.477678968098], [-73.4698301367333, 45.4776740465018], [-73.4698532708843, 45.477658364673], [-73.4699090640582, 45.4776205426074], [-73.4699679011824, 45.477580657965], [-73.4699697654725, 45.4775793932699], [-73.4699704935303, 45.477578900345], [-73.4699716822229, 45.4775780943944], [-73.4701108498544, 45.4774837549139], [-73.4701115254491, 45.4774832970684], [-73.4701623498467, 45.4774488444056], [-73.4702512069852, 45.4773886093089], [-73.4702546885895, 45.4773862490163], [-73.4703229489572, 45.4773399777271], [-73.4703845415984, 45.477298225501], [-73.470388874077, 45.4772952886227], [-73.470392190611, 45.4772930398642], [-73.4703931336225, 45.4772924003172], [-73.4703978512384, 45.477289200783], [-73.4704335720894, 45.4772649865952], [-73.4704633168909, 45.4772448219635], [-73.4705324777021, 45.4771979379848], [-73.470536564496, 45.477195169309], [-73.4705367014053, 45.4771950757602], [-73.4705400012936, 45.477192838691], [-73.4705438232251, 45.4771902508159], [-73.4706052517635, 45.4771486055092], [-73.4706213148588, 45.4771377160901], [-73.470643207438, 45.4771228742378], [-73.4706733912853, 45.4771024104646], [-73.4706784287468, 45.4770989986368], [-73.4706841750618, 45.4770951037729], [-73.470813750359, 45.4770072659622], [-73.4708180610413, 45.4770043434595], [-73.4708273336776, 45.4769980558952], [-73.4708447875175, 45.4769862246593], [-73.4709541025658, 45.4769121194843], [-73.4709704969187, 45.4769010069377], [-73.4709997445679, 45.4768811794815], [-73.4710944542993, 45.476816974632], [-73.471100941071, 45.4768125769195], [-73.4711141151742, 45.4768036447674], [-73.4711642269466, 45.4767696728928], [-73.471175049622, 45.476762337819], [-73.4712348093994, 45.4767218260071], [-73.4712605414355, 45.4767043835435], [-73.4713312011367, 45.4766564806015], [-73.4713591421662, 45.4766375388492], [-73.4713751614685, 45.4766266781072], [-73.4714008934185, 45.4766092347118], [-73.4715155095449, 45.4765315358814], [-73.4715454544556, 45.4765112333386], [-73.4716558654678, 45.4764363835851], [-73.4716677055289, 45.4764283571838], [-73.4716900162706, 45.4764132317809], [-73.4717744546531, 45.4763559890853], [-73.4718622796533, 45.4762964498505], [-73.4719365547838, 45.4762460946621], [-73.4720650219386, 45.476159132498], [-73.4720826198332, 45.4761472192203], [-73.4720949450061, 45.476138879746], [-73.472160418187, 45.4760945809331], [-73.4721609078855, 45.4760949382919], [-73.4722003043335, 45.4761237052102], [-73.4723330852035, 45.476220658212], [-73.4724040125809, 45.4762724453893], [-73.4725661284044, 45.4763908134697], [-73.4725722366079, 45.4763866738386], [-73.472584421986, 45.4763784134648], [-73.4726060033123, 45.4763638059074], [-73.4726064276471, 45.476364116569], [-73.4726310087288, 45.4763820618185], [-73.4726507755733, 45.4763964938057], [-73.4726560283854, 45.4764003293129], [-73.472686734, 45.4764227500573], [-73.4727412293371, 45.4764625347534], [-73.4727420430818, 45.4764619822163], [-73.4729126129788, 45.4763463600019], [-73.4730652620379, 45.4762428821468], [-73.4730842198231, 45.4762300304948], [-73.4733307188629, 45.4760629326452], [-73.4734609606702, 45.4759746438474], [-73.4734619762335, 45.475973955475], [-73.4734620644601, 45.4759740138731], [-73.4734640322296, 45.4759754573481], [-73.4736560564929, 45.476116239282], [-73.4743584589222, 45.4766311876233], [-73.4743754039109, 45.4766318217684], [-73.4743833077139, 45.4766321175661], [-73.4743923482603, 45.4766324561358], [-73.4744171091193, 45.4766333829021], [-73.4744238301472, 45.4766371403699], [-73.4746093886086, 45.4767408680228], [-73.4746456296885, 45.4767611266863], [-73.4750151427619, 45.4770300284858], [-73.4751607210628, 45.4771725960417], [-73.4754418296502, 45.4773764560237], [-73.4754439906057, 45.4773780231223], [-73.475489944935, 45.4774037092321], [-73.4756965036806, 45.4775191650678], [-73.4757051705949, 45.4775253902546], [-73.4760904602169, 45.4778021223635], [-73.4761451383551, 45.4778540225813], [-73.4761875624074, 45.477894291044], [-73.476187618345, 45.4778943441467], [-73.4761876602175, 45.4778943859983], [-73.4762490290124, 45.4779526341819], [-73.4764526837322, 45.4781016084658], [-73.4764725902412, 45.478116170069], [-73.4766013857301, 45.4781866066337], [-73.4766646062951, 45.4782211811176], [-73.4769078993129, 45.4783923310804], [-73.4770343554711, 45.4785196246424], [-73.4776167331814, 45.4789668814171], [-73.4777057546979, 45.4790336344012], [-73.4778008801562, 45.4791049644481], [-73.4778363507438, 45.4791315620379], [-73.4778910481243, 45.4791710795174], [-73.4785621503167, 45.479655918964], [-73.4788357380085, 45.4798535695983], [-73.4790800301408, 45.4800300540869], [-73.4792465916531, 45.4801503825116], [-73.4793092491229, 45.4801952530394], [-73.479309612303, 45.4801955131609], [-73.4793226138974, 45.4802048235301], [-73.4793611871091, 45.4802324468031], [-73.4794260398328, 45.4802788896951], [-73.4794640827869, 45.4803060588649], [-73.4798394342212, 45.4805741212304], [-73.4800247662239, 45.4807064769214], [-73.4806272103278, 45.4811367094066], [-73.4806471024732, 45.4811509152826], [-73.4814550535333, 45.481727893029], [-73.4815910873409, 45.4818246492084], [-73.4815977058601, 45.481829356697], [-73.4817058761698, 45.4819062938509], [-73.4822896322239, 45.4823235294741], [-73.4828230714452, 45.4827048569572], [-73.4845075914287, 45.4839089810263], [-73.4846170316018, 45.4839872072966], [-73.4851155358613, 45.4843435305261], [-73.4859072168256, 45.484909398132], [-73.4864895368212, 45.4853256105908], [-73.4868229803412, 45.4855639350449], [-73.4869758390156, 45.485675343601], [-73.4871449431234, 45.4857948127994], [-73.4883983858002, 45.4866897588286], [-73.4886920763984, 45.4868994435593], [-73.4886946170255, 45.4869012574499], [-73.4889555580455, 45.4870875595839], [-73.489127745289, 45.487210689387], [-73.4896953658121, 45.4876164371771], [-73.4899415024598, 45.4877923782516], [-73.4909533457653, 45.4885156369829], [-73.4910381910086, 45.4885762826807], [-73.4914750331588, 45.4888885255832], [-73.4915003652284, 45.4889058377966], [-73.4916156187297, 45.4889871921118], [-73.491616914243, 45.4889881066748], [-73.4917175918371, 45.4890591721082], [-73.4919674862339, 45.4892358601908], [-73.4928928275764, 45.4898901090334], [-73.4930383586907, 45.4899913073905], [-73.4930734114489, 45.490015681829], [-73.4935736880952, 45.4903705983117], [-73.4937027534946, 45.4904612887444], [-73.4937099797749, 45.4904663662938], [-73.4938374941712, 45.4905559665498], [-73.4939653514412, 45.4906463466211], [-73.4942764015062, 45.4908662208823], [-73.4944543879227, 45.4909928729569], [-73.4952779521721, 45.4915749441214], [-73.4953890856092, 45.4916534880293], [-73.495526095088, 45.4917497336942], [-73.4957814587385, 45.4919309046896], [-73.4960670213645, 45.4921334985342], [-73.4961168458227, 45.4921688463704], [-73.4961438733313, 45.4921878097169], [-73.4962002120179, 45.492227717925], [-73.4963949768658, 45.4923656866506], [-73.4964080320565, 45.4923749347673], [-73.496466929193, 45.4924166561103], [-73.4964665818117, 45.4924169789189], [-73.4963770628507, 45.4925002164904], [-73.4962877732957, 45.4925832396099], [-73.4962054286073, 45.4926597966043], [-73.4960407372815, 45.4928129104118], [-73.4959583906442, 45.4928894672249], [-73.4958760450633, 45.4929660239777], [-73.4957936992592, 45.4930425797702], [-73.4957113519526, 45.4931191355023], [-73.4955466579492, 45.493272248585], [-73.4954643099731, 45.4933488050357], [-73.4952996159102, 45.493501917756], [-73.4951349183959, 45.4936550302346], [-73.4949702212685, 45.4938081415718], [-73.494805524528, 45.4939612526675], [-73.4946408256153, 45.4941143644213], [-73.49447612581, 45.4942674759334], [-73.4943114251121, 45.4944205863041], [-73.4941467235216, 45.494573697333], [-73.4940168042196, 45.4946944722348], [-73.4939820210384, 45.4947268072204], [-73.4938996688223, 45.4948033625234], [-73.4938173176625, 45.494879917766], [-73.493652613394, 45.4950330271702], [-73.4934879095122, 45.4951861372326], [-73.4933232034585, 45.4953392452535], [-73.4931584952323, 45.4954923557323], [-73.4930008471412, 45.4956389029374], [-73.4928403049619, 45.4957881393745], [-73.4926867411383, 45.495930885452], [-73.4925196851335, 45.4960861751662], [-73.4923314741022, 45.4962611266108], [-73.492084019463, 45.4964911477171], [-73.4919475432225, 45.4966180081161], [-73.4919467587788, 45.4966187378345], [-73.4918369492735, 45.4967208083678], [-73.4918094961953, 45.4967463268841], [-73.4916717710232, 45.4968743458578], [-73.4915512225946, 45.4969863981995], [-73.4914663082755, 45.4970650292684], [-73.4912982204786, 45.4972215210797], [-73.4910513959466, 45.4974513140973], [-73.4908868455694, 45.4976045094409], [-73.4908045694064, 45.497681107472], [-73.4907222930202, 45.4977577054429], [-73.4906811547434, 45.4977960048556], [-73.4905577421378, 45.4979109003041], [-73.4904754650822, 45.497987498094], [-73.4903931890832, 45.4980640958237], [-73.4902239294867, 45.4982216702401], [-73.4901369317856, 45.498302661316], [-73.4899723918061, 45.4984558409227], [-73.489807835577, 45.4986090346844], [-73.4896432784554, 45.4987622282048], [-73.4895186842284, 45.4988782184138], [-73.4893943160123, 45.4989939970423], [-73.4893092164559, 45.4990730403909], [-73.4891447705005, 45.4992262934806], [-73.4889803236531, 45.4993795454295], [-73.4888980858166, 45.4994561861597], [-73.4888158759131, 45.4995327989372], [-73.4887336504288, 45.4996094260504], [-73.4886514260012, 45.4996860522037], [-73.4881580747506, 45.5001458096582], [-73.4879930837337, 45.5002995631173], [-73.4877099597944, 45.50056340225], [-73.4874520248975, 45.5008037647203], [-73.4874888101626, 45.5009288074114], [-73.4875326742063, 45.5010779072765], [-73.4873480323217, 45.5010111167924], [-73.4871692470851, 45.5009862134825], [-73.4871182580962, 45.5007410498753], [-73.4870956324511, 45.5006948988457], [-73.4870838028545, 45.5006654762241], [-73.4868731391031, 45.5001327430036], [-73.4867621608617, 45.4999063691273], [-73.4866925074201, 45.4997782475904], [-73.4866923795151, 45.4997780217147], [-73.4865738197359, 45.4995739799797], [-73.4865737340374, 45.4995738404938], [-73.4865737097346, 45.4995738017977], [-73.4864962536466, 45.4994483607507], [-73.4864961487617, 45.4994481924676], [-73.4864960438753, 45.4994480304833], [-73.4864153672614, 45.499323378161], [-73.4864151881854, 45.499323111786], [-73.4863315008341, 45.4991995730503], [-73.4863312424501, 45.4991992058832]]]}}, {"type": "Feature", "properties": {"district_id": "Laflèche"}, "geometry": {"type": "Polygon", "coordinates": [[[-73.4570671804738, 45.490385762345], [-73.4571208026581, 45.4903537353981], [-73.4571824794873, 45.4903168963735], [-73.4572808036066, 45.4902581678933], [-73.4575130360721, 45.4901194578749], [-73.4575835106696, 45.4900773632084], [-73.4576616519653, 45.4900306893277], [-73.4578391310758, 45.4899246812082], [-73.457884576209, 45.489897536142], [-73.4580174696299, 45.4898181584153], [-73.4581662797655, 45.4897292731983], [-73.4582561172668, 45.4896756122926], [-73.4583150894331, 45.4896403877858], [-73.4584047295457, 45.4895868436702], [-73.4584638986332, 45.4895515012781], [-73.4586127073646, 45.4894626154748], [-73.458627649008, 45.4894536899221], [-73.4587615156278, 45.4893737294762], [-73.4587762626785, 45.4893649208136], [-73.4589103234237, 45.4892848423823], [-73.4590591307509, 45.4891959559928], [-73.4591477941741, 45.4891429949395], [-73.4592079363306, 45.4891070694074], [-73.4593567440016, 45.4890181817277], [-73.4595055499245, 45.488929294752], [-73.4595193214719, 45.4889210687468], [-73.4596543553794, 45.4888404075809], [-73.4597422369623, 45.4887879119068], [-73.4598031603662, 45.4887515202145], [-73.4598908484113, 45.4886991404372], [-73.459951964885, 45.4886626326526], [-73.4601007689363, 45.4885737439955], [-73.460113762151, 45.4885659828663], [-73.4602495712396, 45.4884848560424], [-73.4603983756335, 45.4883959678948], [-73.4605495178566, 45.4883056810995], [-73.4607081928014, 45.4882108947668], [-73.4607724284926, 45.4881725222331], [-73.4609311026904, 45.4880777346884], [-73.4610797078456, 45.4879889625587], [-73.4611234399995, 45.4879628378357], [-73.461302614704, 45.487855802649], [-73.4620210127284, 45.4874266419111], [-73.4620374186831, 45.487416841746], [-73.4622656396158, 45.4875683793774], [-73.4623369177944, 45.4876157590752], [-73.4624081986505, 45.487663139629], [-73.4624794757887, 45.4877105192367], [-73.4625507543258, 45.4877578988], [-73.4626220355411, 45.4878052783194], [-73.4627933116238, 45.4879188641496], [-73.4628649717876, 45.4879664488042], [-73.4629239493473, 45.4880056121427], [-73.4629957194325, 45.4879598944632], [-73.4630647121356, 45.4879159467364], [-73.4630741785798, 45.4879088374172], [-73.4630939858308, 45.4878956601803], [-73.4631233050507, 45.4878761546973], [-73.4633551486171, 45.4877219111814], [-73.4636092806696, 45.4875511234322], [-73.4637317798651, 45.4874683819887], [-73.4637951686069, 45.487425566743], [-73.4640773766446, 45.4872356984116], [-73.4643462551909, 45.4870558378005], [-73.4645737262182, 45.4869050665286], [-73.4648426016115, 45.4867252056376], [-73.4648703865323, 45.4867065108909], [-73.4651248026339, 45.4865353337932], [-73.4653213464493, 45.4864017674231], [-73.4656049675101, 45.4862128324521], [-73.4658738350498, 45.4860329682098], [-73.4660998759025, 45.4858812567049], [-73.4663673183071, 45.485700454128], [-73.4666120123214, 45.485535112625], [-73.4666423185429, 45.4855146346855], [-73.4666657344711, 45.4854988114304], [-73.4670876258967, 45.4852137194738], [-73.4671255941671, 45.4852399870127], [-73.4671638900996, 45.4852660170737], [-73.4672025111366, 45.485291807856], [-73.4681410129482, 45.485913013033], [-73.4681420257502, 45.4859136837006], [-73.4720179431633, 45.4884751575439], [-73.4721250505059, 45.4885459358792], [-73.4721314936575, 45.4885501937203], [-73.4721315563241, 45.4885502351284], [-73.4721323613173, 45.488549634228], [-73.4739189853343, 45.4897311130433], [-73.4739220865351, 45.4897559665782], [-73.4739232813941, 45.4897893664084], [-73.4739219045289, 45.4898149243995], [-73.4739195752535, 45.4898278501452], [-73.473911720361, 45.4898714251586], [-73.4738916086972, 45.4899271740768], [-73.4738800197287, 45.4899504846187], [-73.4738640997205, 45.4899774214447], [-73.4738503401346, 45.4899969323401], [-73.4738432145398, 45.4900070359709], [-73.4737214865543, 45.4901653358042], [-73.4737709891564, 45.4901980466557], [-73.4739367673372, 45.4903075876598], [-73.4741272637824, 45.4904334608128], [-73.4746340114285, 45.4907682970532], [-73.474636132008, 45.490769697683], [-73.4746820378425, 45.4908000308467], [-73.4746936319776, 45.4908076901977], [-73.4746957602335, 45.490809097127], [-73.4748359120228, 45.4909017032493], [-73.4749949194204, 45.491006766283], [-73.475180958097, 45.4911296896949], [-73.4752817842227, 45.4911963090878], [-73.4756300327447, 45.4914264058943], [-73.4757386888795, 45.4914981979597], [-73.4757899141164, 45.4915320438988], [-73.4758900855324, 45.4915982297859], [-73.4759382156806, 45.491630029657], [-73.4759808421791, 45.4916581938768], [-73.4760320753803, 45.4916920451071], [-73.476136108795, 45.4917607817474], [-73.4761745120864, 45.4917861545928], [-73.476236622528, 45.4918271914608], [-73.4764356323572, 45.4919586793332], [-73.4765462474941, 45.4920317632051], [-73.4765816607194, 45.4920551601389], [-73.4770037246148, 45.4923340169264], [-73.4770069747297, 45.4923361646104], [-73.4770399465911, 45.4923579483875], [-73.4770631335835, 45.4923732684049], [-73.4770657659117, 45.4923750074336], [-73.4772817734202, 45.4925177218948], [-73.4772912015017, 45.4925239506956], [-73.4774609917429, 45.4926361292821], [-73.4775412696187, 45.4926891666484], [-73.477566934473, 45.4927061220677], [-73.4777307179188, 45.4928143298546], [-73.4777600794614, 45.4928337290293], [-73.4778080236874, 45.4928654047907], [-73.4778138947256, 45.4928692842621], [-73.4779930219052, 45.4929876269006], [-73.4781864297557, 45.493115405056], [-73.4783087877966, 45.4931962416102], [-73.4783853936578, 45.4932468525993], [-73.4785006416727, 45.4933229913111], [-73.4786037614081, 45.4933911181172], [-73.4787297341587, 45.4934743430813], [-73.4788452107855, 45.493550632659], [-73.4789538699738, 45.4936224180404], [-73.4791415120003, 45.4937463817601], [-73.4788139703445, 45.4939815408769], [-73.4786092474261, 45.4941285211403], [-73.4794768443539, 45.4947009967205], [-73.4799746759101, 45.4950294779091], [-73.480192299951, 45.4951730689307], [-73.4804725106966, 45.49535795511], [-73.4808281116132, 45.4955925813712], [-73.4811323884461, 45.4957933414084], [-73.4813578937808, 45.4959443246122], [-73.4816142993623, 45.496113623275], [-73.4820835468293, 45.4964234521141], [-73.4825114476454, 45.4967059750138], [-73.4829380453332, 45.4969876349512], [-73.4833783803073, 45.4972783585106], [-73.4835808632926, 45.4974080346256], [-73.4838369073779, 45.4975769709658], [-73.4838795819675, 45.4976051268163], [-73.4836609861332, 45.4977617667081], [-73.4834150626119, 45.4979379837188], [-73.483820357106, 45.4982053908762], [-73.4840807782092, 45.4983772121654], [-73.4842685023257, 45.4985010647887], [-73.4854065230366, 45.4992518826469], [-73.4855772285608, 45.4993645026748], [-73.4856910326212, 45.4994395846502], [-73.4862283863254, 45.4990545265434], [-73.4863312424501, 45.4991992058832], [-73.4863315008341, 45.4991995730503], [-73.4864151881854, 45.499323111786], [-73.4864153672614, 45.499323378161], [-73.4864960438753, 45.4994480304833], [-73.4864961487617, 45.4994481924676], [-73.4864962536466, 45.4994483607507], [-73.4865737097346, 45.4995738017977], [-73.4865737340374, 45.4995738404938], [-73.4865738197359, 45.4995739799797], [-73.4866923795151, 45.4997780217147], [-73.4866925074201, 45.4997782475904], [-73.4867621608617, 45.4999063691273], [-73.4868731391031, 45.5001327430036], [-73.4870838028545, 45.5006654762241], [-73.4870956324511, 45.5006948988457], [-73.4871182580962, 45.5007410498753], [-73.4871692470851, 45.5009862134825], [-73.4873480323217, 45.5010111167924], [-73.4875326742063, 45.5010779072765], [-73.4875741546192, 45.5010929112864], [-73.4875804971488, 45.5010952056771], [-73.487883708884, 45.5012199943332], [-73.4879450659368, 45.5012341184674], [-73.4882385328869, 45.5013748971679], [-73.488401283621, 45.5014934303845], [-73.4886254087288, 45.501686240768], [-73.488668097771, 45.5017143732145], [-73.4889348989163, 45.5018751617824], [-73.4891189883786, 45.5019776851179], [-73.4892364360013, 45.5022505440369], [-73.4892657913215, 45.5022886839574], [-73.4894792539417, 45.5024894966422], [-73.4896180074245, 45.502626039852], [-73.4896518173135, 45.5027009440708], [-73.4896856285715, 45.5027758500785], [-73.4897407758929, 45.502834744383], [-73.4897905902951, 45.5028976415863], [-73.4898350692117, 45.5029645407952], [-73.4898848825539, 45.503027437056], [-73.4899453646496, 45.5030823292288], [-73.4899951782182, 45.5031452263401], [-73.4900715811599, 45.5032416907919], [-73.4900020717211, 45.5036442862405], [-73.4900912986441, 45.5038153865756], [-73.4901225581419, 45.5038101108027], [-73.4901538163552, 45.5038048287222], [-73.4901538329799, 45.5038048926125], [-73.4901539902735, 45.5038055018198], [-73.4901611170775, 45.5038331402134], [-73.4902554260834, 45.5041988660981], [-73.4901149730448, 45.5042224164226], [-73.4901900783243, 45.5042845858488], [-73.4900362278126, 45.5043093722092], [-73.4897551386828, 45.504352106091], [-73.4891092664306, 45.5044502939101], [-73.4891087890936, 45.5044503640524], [-73.4889439058658, 45.5044731016459], [-73.4884797179741, 45.5045371084076], [-73.4883381751705, 45.5045566251397], [-73.4882975471645, 45.504564784361], [-73.4882970019934, 45.5045648958857], [-73.4882966935747, 45.5045649606428], [-73.4882952768951, 45.5045652628449], [-73.4882566259733, 45.5045735419332], [-73.4882560398486, 45.5045736696506], [-73.4882158863791, 45.5045828097204], [-73.4882153028121, 45.5045829446366], [-73.4881752490356, 45.5045926084109], [-73.4881748024006, 45.5045927181455], [-73.4881682321176, 45.5045943929729], [-73.4881501836732, 45.5045989955988], [-73.4881365606343, 45.5046024693785], [-73.488134925101, 45.5046028894354], [-73.4881345501312, 45.5046029865795], [-73.4881178991298, 45.5046074660669], [-73.4880948749023, 45.5046136608885], [-73.4880945588006, 45.5046137463406], [-73.4880554298985, 45.5046248292216], [-73.488054839925, 45.5046249983304], [-73.4880545340597, 45.5046250882827], [-73.4880534910459, 45.5046253968197], [-73.488016297024, 45.5046364681915], [-73.4880154088613, 45.5046367353518], [-73.4879772868716, 45.504648634469], [-73.4879762732874, 45.5046489547064], [-73.4879385952453, 45.5046612713846], [-73.4879374472802, 45.5046616509971], [-73.487919306316, 45.5046678516978], [-73.4879011679065, 45.5046740550953], [-73.4879000544921, 45.5046744374107], [-73.4878989423567, 45.5046748224256], [-73.4878715100422, 45.5046846215059], [-73.4878607674757, 45.5046884608947], [-73.487822939272, 45.5047025682061], [-73.4877854667038, 45.5047171398618], [-73.4877483612899, 45.5047321659653], [-73.4877116345467, 45.504747647418], [-73.4876601206004, 45.5047704150904], [-73.4876592659748, 45.504763593289], [-73.4876352254371, 45.5045715363145], [-73.4862775724197, 45.5047198311099], [-73.4862774841185, 45.5047198409976], [-73.4862759036613, 45.5047199874822], [-73.4855013290585, 45.5047912277616], [-73.485500602175, 45.5047912924581], [-73.4847220661997, 45.5048531973788], [-73.4827375307639, 45.5049907472993], [-73.4789849486873, 45.5052507464523], [-73.4788436105127, 45.5052604755625], [-73.4788703481811, 45.505244722463], [-73.4789043727992, 45.505224676653], [-73.4793105360743, 45.504982919961], [-73.4793438846257, 45.5049630700625], [-73.4796808759638, 45.5047624835257], [-73.4800627197898, 45.5045351955853], [-73.4747549377956, 45.5048903623265], [-73.4729594941752, 45.5050104467283], [-73.4721581361307, 45.5050640342505], [-73.4695432639779, 45.5052385106687], [-73.4677839438394, 45.5053558670047], [-73.4655912183771, 45.5055020954533], [-73.4641033194136, 45.5056012961023], [-73.4633330080121, 45.5056574203077], [-73.4633324474691, 45.5056574633202], [-73.4623277620695, 45.5057464062298], [-73.4621624307599, 45.5057610424225], [-73.4620488892597, 45.5057722770899], [-73.4619306620745, 45.505784391929], [-73.4617953432602, 45.5057297910884], [-73.4616640103155, 45.5056705725317], [-73.4615369818106, 45.5056068803546], [-73.4614145660661, 45.5055388694484], [-73.4607878499896, 45.5051961020865], [-73.4603343748524, 45.5049469581126], [-73.4593228676439, 45.5043854621723], [-73.4585061072527, 45.5039335795143], [-73.4581587123354, 45.5037418780172], [-73.4582553256828, 45.5036820414029], [-73.4583744059872, 45.5036082887229], [-73.4590129160517, 45.5032128225778], [-73.4609235885595, 45.5020841888418], [-73.461282430673, 45.5018683486181], [-73.4616300800202, 45.5016615019342], [-73.4618457049796, 45.5015355960755], [-73.4632867554087, 45.5006777543619], [-73.4637190576515, 45.5004204004333], [-73.4643942968951, 45.5000201824685], [-73.4652223379675, 45.4995300227299], [-73.4655487477754, 45.4993366552239], [-73.4664183524265, 45.4988285024066], [-73.4663532020649, 45.4987709553191], [-73.4662145365799, 45.4986484735386], [-73.4660857927811, 45.4985397333497], [-73.4660227006093, 45.4984864447431], [-73.4664521440095, 45.4982321326925], [-73.466388139337, 45.4981791508637], [-73.4662366329308, 45.4980537372262], [-73.4660851271977, 45.4979283224854], [-73.4660554043359, 45.4979460801773], [-73.4659038992933, 45.4978206660938], [-73.4657523936448, 45.4976952500067], [-73.465687139482, 45.4976412325848], [-73.4652839929037, 45.4978831058374], [-73.4652225630858, 45.4978318554346], [-73.4650214762967, 45.4976640892114], [-73.4650971899441, 45.4976188538129], [-73.4653944126136, 45.4974412763244], [-73.4654051402677, 45.4974348681845], [-73.4653041382825, 45.4973512555365], [-73.465273207161, 45.4973697361344], [-73.4651840975156, 45.4974229743823], [-73.4649961868054, 45.4975352426947], [-73.4649760408083, 45.4975472782332], [-73.464919509345, 45.4975810527312], [-73.4648484360713, 45.4975446672861], [-73.4646102989733, 45.4973522124999], [-73.4642674059066, 45.4970776533095], [-73.4640447943418, 45.496897614634], [-73.463775055995, 45.4966635699335], [-73.4634933152136, 45.4964340199727], [-73.463019750755, 45.4960334369603], [-73.4629141048571, 45.4959502238053], [-73.4629054612202, 45.4959434154764], [-73.4632570911302, 45.4957341992275], [-73.4632702967366, 45.4957263424339], [-73.4631809089218, 45.4956518677367], [-73.4629997899812, 45.4955009665078], [-73.4629696029456, 45.4954758159746], [-73.4627582982862, 45.4952997638166], [-73.4626956637961, 45.4952475794], [-73.462576969447, 45.4953185077086], [-73.4624228614464, 45.4954199829652], [-73.462354510909, 45.4954649895749], [-73.4620984577899, 45.4952535953491], [-73.4621712763025, 45.4952103666634], [-73.462451404459, 45.4950440679461], [-73.462333146902, 45.49494553744], [-73.4622099153911, 45.4948428622805], [-73.4621414687843, 45.494783790023], [-73.4618598127969, 45.4949508586445], [-73.4617853035421, 45.4949950548007], [-73.4617107570507, 45.4950392733915], [-73.4616550060515, 45.4949928209183], [-73.4614379427251, 45.4948119636995], [-73.4610747829159, 45.4947549523662], [-73.4610572768569, 45.4948037710623], [-73.4608317553708, 45.4947424541448], [-73.4607590070644, 45.494722672193], [-73.4606649216658, 45.4944981232291], [-73.4608953435572, 45.4943598602358], [-73.4610443476359, 45.4942714051318], [-73.4621805960696, 45.4935968683811], [-73.4609946688179, 45.4926107175793], [-73.4607610296621, 45.4927496986864], [-73.460395931141, 45.4929668771175], [-73.460148163318, 45.4931142602128], [-73.4600244325826, 45.49301052967], [-73.4599919262483, 45.4929832772894], [-73.4599010871794, 45.4929071221707], [-73.459777743507, 45.492803714537], [-73.4597555408499, 45.4927851006264], [-73.4596543990066, 45.492700306768], [-73.4597290157109, 45.4926147353567], [-73.4598752962018, 45.4925273624039], [-73.4600460541184, 45.4924253699477], [-73.4601025602882, 45.4923916194183], [-73.4598667034849, 45.4921852905545], [-73.4598309700423, 45.4921540299811], [-73.4597149723287, 45.4922169782777], [-73.4596169821075, 45.4922709343739], [-73.4595555688993, 45.4922211170311], [-73.459322889148, 45.4920323711329], [-73.4590215360033, 45.4917825447605], [-73.4589764399633, 45.4917451589133], [-73.4589317785401, 45.4917066160038], [-73.4588346206574, 45.4916227667729], [-73.4587982401624, 45.4915910997169], [-73.4587585893021, 45.4915614383096], [-73.4587158908728, 45.4915339492133], [-73.4586703847934, 45.4915087868841], [-73.4586223267574, 45.4914860927045], [-73.4585502998159, 45.491458510505], [-73.4584814895824, 45.4914271276656], [-73.4584163006551, 45.4913921287173], [-73.4583551163372, 45.4913537194534], [-73.4582982963824, 45.4913121257194], [-73.4579594690033, 45.4910285503349], [-73.4577353048692, 45.4908294533783], [-73.4576584858765, 45.4908755024005], [-73.457584632234, 45.4908143350268], [-73.4570671804738, 45.490385762345]]]}}, {"type": "Feature", "properties": {"district_id": "LeMoyne-Jacques-Cartier"}, "geometry": {"type": "Polygon", "coordinates": [[[-73.4756397585508, 45.5214265130678], [-73.4756623191085, 45.5213955129795], [-73.4760614847203, 45.520847016862], [-73.4764416844108, 45.52030932967], [-73.476743697456, 45.5199052551901], [-73.476831764372, 45.5198109095073], [-73.477032036472, 45.5195238909107], [-73.4770323976507, 45.519523373575], [-73.4770361887466, 45.5195179410997], [-73.4772372272254, 45.5192298199779], [-73.4776150199679, 45.518708760904], [-73.4782393837603, 45.517848098349], [-73.4782709766224, 45.5178045475661], [-73.4786779830917, 45.5172512221029], [-73.4794734079351, 45.5161543751941], [-73.4795154024344, 45.516096465358], [-73.4796332703509, 45.515933928331], [-73.4798589452686, 45.5156227240769], [-73.4798949919074, 45.5155553521167], [-73.4798955695447, 45.5155542715091], [-73.4799087817649, 45.5155055717276], [-73.4799104521896, 45.515444114666], [-73.4799005743351, 45.5153954108221], [-73.4798758509521, 45.5153455444674], [-73.4798511280266, 45.5152945182118], [-73.4798198083757, 45.5152434916851], [-73.4797967362061, 45.5151901468174], [-73.4797736636646, 45.5151379618399], [-73.4797654395157, 45.5150753431288], [-73.4797707887083, 45.5150385756615], [-73.4797737064452, 45.5150185250147], [-73.4797902124488, 45.5149825810758], [-73.4798670914819, 45.5148705473103], [-73.479924087853, 45.5147874893886], [-73.4803632099446, 45.5141209173239], [-73.4803606517035, 45.5141200764322], [-73.4802627973891, 45.5140880666068], [-73.4798812289471, 45.5139632478324], [-73.4799311112455, 45.5138822285816], [-73.4800242369336, 45.5137409113003], [-73.4801019222072, 45.513623024924], [-73.4801030235059, 45.5136213541101], [-73.4798838234448, 45.5135496748426], [-73.4798130407976, 45.513526527432], [-73.4797599864829, 45.5135091798988], [-73.4796361970494, 45.5134686992264], [-73.4794593536634, 45.5134108707464], [-73.4792825106401, 45.5133530410923], [-73.4791056679791, 45.5132952111639], [-73.4790614570503, 45.5132807543138], [-73.4788404040269, 45.5132084662068], [-73.4786635622714, 45.5131506364926], [-73.4786622291468, 45.5131526599873], [-73.4784852865799, 45.5130949820509], [-73.4783083443749, 45.51303730294], [-73.4782059026997, 45.5130039092185], [-73.478018396996, 45.5129427866476], [-73.4780095695351, 45.5129562645762], [-73.4780071158251, 45.5129600119442], [-73.4779269794858, 45.5130823713483], [-73.4775434112801, 45.5129569252654], [-73.4774330680238, 45.5129208369708], [-73.4773928622386, 45.512983908819], [-73.4773056729804, 45.5131206863523], [-73.4772013147218, 45.5130866983541], [-73.4768165718318, 45.5129613908714], [-73.476867261103, 45.5128842352282], [-73.4769472404993, 45.5127624965224], [-73.47702694805, 45.5126411698308], [-73.4770383972022, 45.5126237412996], [-73.4768363066967, 45.5125579238772], [-73.4767035788429, 45.5125146981895], [-73.476659726152, 45.5125004150501], [-73.4765708537529, 45.512471470548], [-73.4764827582194, 45.5124427798919], [-73.4763496431603, 45.5123994268347], [-73.4762987062708, 45.5123828375951], [-73.4762143502718, 45.5123553631934], [-73.4762093095686, 45.5123537217324], [-73.4761288221587, 45.5123275078514], [-73.4761049175555, 45.5123197228226], [-73.4759518373947, 45.5122698655665], [-73.4759256780322, 45.5122613457547], [-73.4758831476501, 45.5122474945193], [-73.4758946444084, 45.5122301174025], [-73.4757089212321, 45.5121696284964], [-73.4756973258934, 45.5121869731794], [-73.4756078376743, 45.5121578271308], [-73.4754690959262, 45.5121126388661], [-73.4753956218444, 45.5120887088716], [-73.4752408051352, 45.512038285186], [-73.4751302283392, 45.5120022701971], [-73.4749524726921, 45.5119443751369], [-73.4749277379064, 45.5119363188269], [-73.4748782615945, 45.5120102110628], [-73.4744933789136, 45.5118848525084], [-73.4743983791039, 45.5118508406352], [-73.4742232106728, 45.5121167089883], [-73.4741046224857, 45.5120778162049], [-73.4737723919044, 45.5119688541637], [-73.473738507715, 45.5119577414324], [-73.4737284930768, 45.5119544574069], [-73.473779532073, 45.5118782300376], [-73.4738808770706, 45.5117268683679], [-73.4739534678279, 45.511618453102], [-73.4737522009558, 45.5115528571596], [-73.4735759862951, 45.511495426425], [-73.4735725030824, 45.5114942909187], [-73.4733990425931, 45.5114377567901], [-73.473222100532, 45.5113800877808], [-73.4730451575527, 45.5113224184965], [-73.4729566868385, 45.5112935837516], [-73.4728682162147, 45.511264748938], [-73.4726912739588, 45.5112070782048], [-73.4726028036061, 45.5111782431853], [-73.472514332064, 45.5111494080968], [-73.4725075986178, 45.5111472135619], [-73.472425861892, 45.51112057294], [-73.4722846811547, 45.5110745568553], [-73.4721716000658, 45.5110376997362], [-73.4721604506391, 45.5110340661576], [-73.4720652474169, 45.5110030361652], [-73.4719658164075, 45.5109706282978], [-73.4718065706599, 45.51091872402], [-73.4717998372692, 45.5109165285434], [-73.4716640997917, 45.5108722866221], [-73.4716296318529, 45.5108610516396], [-73.4715411625848, 45.5108322157964], [-73.4714601228848, 45.5108058014158], [-73.4713937016358, 45.5107841517028], [-73.4712894971417, 45.5107501871231], [-73.4712463344274, 45.5107359659633], [-73.4711193954047, 45.510694142583], [-73.4710991685579, 45.5106874786372], [-73.4707915808326, 45.5105861348931], [-73.4706007120818, 45.5105232472681], [-73.4702459179318, 45.5103964513601], [-73.470183029094, 45.5103739758065], [-73.4699908606775, 45.5103052981371], [-73.4705713939395, 45.5095160761741], [-73.4705986383601, 45.5094792211548], [-73.4710724253591, 45.5088382801135], [-73.4712380660223, 45.5086339769094], [-73.4714172353159, 45.5084353981799], [-73.4716095337883, 45.5082429864944], [-73.4716939253647, 45.5081642872492], [-73.4717805148273, 45.5080867774308], [-73.4718692682691, 45.5080104873827], [-73.4718933567116, 45.5079903031322], [-73.4719175967713, 45.5079702088258], [-73.4719419877687, 45.5079502050266], [-73.4719421593272, 45.5079500646934], [-73.4720808538401, 45.5078402473995], [-73.4722240921012, 45.5077333527462], [-73.4723717495804, 45.5076294736478], [-73.4725976104896, 45.5074817762188], [-73.4728323998023, 45.5073411312962], [-73.4730756724444, 45.5072078054525], [-73.4731592721495, 45.5071673322105], [-73.4735015733766, 45.5069947467324], [-73.4735342002825, 45.5069785709915], [-73.4735671319599, 45.5069627035463], [-73.4736003625167, 45.5069471472356], [-73.4737015249574, 45.506902481483], [-73.4738051474769, 45.506860696988], [-73.4739110641849, 45.5068218606417], [-73.4739432821585, 45.5068107867844], [-73.4739756870441, 45.5067999859411], [-73.4740082741628, 45.5067894596713], [-73.4740620952486, 45.5067727958611], [-73.474116372676, 45.5067568806969], [-73.4741710853851, 45.506741720354], [-73.474390601121, 45.5066894176014], [-73.474615225562, 45.5066492464424], [-73.4748436049094, 45.5066214489848], [-73.4749811651093, 45.5066098433276], [-73.4752347291299, 45.5065874025099], [-73.4755266741604, 45.5065604701445], [-73.4767712669493, 45.5064851117044], [-73.4773737315204, 45.5064486279124], [-73.4788148795705, 45.506349664194], [-73.4815959475609, 45.506165678296], [-73.484726748217, 45.505900686127], [-73.4852140097937, 45.5058699513079], [-73.4853338305805, 45.5058577127005], [-73.4854526611963, 45.5058413843114], [-73.4855702194713, 45.5058210049134], [-73.485654997959, 45.5058036135341], [-73.4857388439403, 45.505784114724], [-73.4858216514959, 45.5057625331155], [-73.4859746320233, 45.5057162606652], [-73.4861228607662, 45.5056628866051], [-73.4862656718728, 45.5056026506993], [-73.4864024238343, 45.5055358235356], [-73.4870259975326, 45.5052485843351], [-73.4870286852104, 45.5052472951654], [-73.4876131242157, 45.5049670040811], [-73.4876273754113, 45.5049600661523], [-73.4876416952734, 45.5049531984895], [-73.4876560831013, 45.5049464014285], [-73.4876927718882, 45.5049295263183], [-73.4877298790524, 45.5049131097664], [-73.4877673930037, 45.5048971569001], [-73.4880215958534, 45.5048151057086], [-73.4882844241963, 45.5047478208652], [-73.4885541466292, 45.5046957456079], [-73.4888289863508, 45.5046592229805], [-73.4888927807141, 45.5046505511147], [-73.4889572149208, 45.5046417919902], [-73.4890389535546, 45.5046306796017], [-73.4890105637938, 45.5045836132896], [-73.4889439058658, 45.5044731016459], [-73.4891087890936, 45.5044503640524], [-73.4891092664306, 45.5044502939101], [-73.4897551386828, 45.504352106091], [-73.4900362278126, 45.5043093722092], [-73.4901900783243, 45.5042845858488], [-73.4901149730448, 45.5042224164226], [-73.4902554260834, 45.5041988660981], [-73.4901611170775, 45.5038331402134], [-73.4901539902735, 45.5038055018198], [-73.4901538329799, 45.5038048926125], [-73.4901538163552, 45.5038048287222], [-73.4901225581419, 45.5038101108027], [-73.4900912986441, 45.5038153865756], [-73.4900020717211, 45.5036442862405], [-73.4900715811599, 45.5032416907919], [-73.4899951782182, 45.5031452263401], [-73.4899453646496, 45.5030823292288], [-73.4898848825539, 45.503027437056], [-73.4898350692117, 45.5029645407952], [-73.4897905902951, 45.5028976415863], [-73.4897407758929, 45.502834744383], [-73.4896856285715, 45.5027758500785], [-73.4896518173135, 45.5027009440708], [-73.4896180074245, 45.502626039852], [-73.4894792539417, 45.5024894966422], [-73.4892657913215, 45.5022886839574], [-73.4892364360013, 45.5022505440369], [-73.4891189883786, 45.5019776851179], [-73.4889348989163, 45.5018751617824], [-73.488668097771, 45.5017143732145], [-73.4886254087288, 45.501686240768], [-73.488401283621, 45.5014934303845], [-73.4882385328869, 45.5013748971679], [-73.4879450659368, 45.5012341184674], [-73.487883708884, 45.5012199943332], [-73.4875804971488, 45.5010952056771], [-73.4875741546192, 45.5010929112864], [-73.4875326742063, 45.5010779072765], [-73.4874888101626, 45.5009288074114], [-73.4874520248975, 45.5008037647203], [-73.4877099597944, 45.50056340225], [-73.4879930837337, 45.5002995631173], [-73.4881580747506, 45.5001458096582], [-73.4886514260012, 45.4996860522037], [-73.4887336504288, 45.4996094260504], [-73.4888158759131, 45.4995327989372], [-73.4888980858166, 45.4994561861597], [-73.4889803236531, 45.4993795454295], [-73.4891447705005, 45.4992262934806], [-73.4893092164559, 45.4990730403909], [-73.4893943160123, 45.4989939970423], [-73.4895186842284, 45.4988782184138], [-73.4896432784554, 45.4987622282048], [-73.489807835577, 45.4986090346844], [-73.4899723918061, 45.4984558409227], [-73.4901369317856, 45.498302661316], [-73.4902239294867, 45.4982216702401], [-73.4903931890832, 45.4980640958237], [-73.4904754650822, 45.497987498094], [-73.4905577421378, 45.4979109003041], [-73.4906811547434, 45.4977960048556], [-73.4907222930202, 45.4977577054429], [-73.4908045694064, 45.497681107472], [-73.4908868455694, 45.4976045094409], [-73.4910513959466, 45.4974513140973], [-73.4912982204786, 45.4972215210797], [-73.4914663082755, 45.4970650292684], [-73.4915512225946, 45.4969863981995], [-73.4916717710232, 45.4968743458578], [-73.4918094961953, 45.4967463268841], [-73.4918369492735, 45.4967208083678], [-73.4919467587788, 45.4966187378345], [-73.4919475432225, 45.4966180081161], [-73.492084019463, 45.4964911477171], [-73.4923314741022, 45.4962611266108], [-73.4925196851335, 45.4960861751662], [-73.4926867411383, 45.495930885452], [-73.4928403049619, 45.4957881393745], [-73.4930008471412, 45.4956389029374], [-73.4931584952323, 45.4954923557323], [-73.4933232034585, 45.4953392452535], [-73.4934879095122, 45.4951861372326], [-73.493652613394, 45.4950330271702], [-73.4938173176625, 45.494879917766], [-73.4938996688223, 45.4948033625234], [-73.4939820210384, 45.4947268072204], [-73.4940168042196, 45.4946944722348], [-73.4941467235216, 45.494573697333], [-73.4943114251121, 45.4944205863041], [-73.49447612581, 45.4942674759334], [-73.4946408256153, 45.4941143644213], [-73.494805524528, 45.4939612526675], [-73.4949702212685, 45.4938081415718], [-73.4951349183959, 45.4936550302346], [-73.4952996159102, 45.493501917756], [-73.4954643099731, 45.4933488050357], [-73.4955466579492, 45.493272248585], [-73.4957113519526, 45.4931191355023], [-73.4957936992592, 45.4930425797702], [-73.4958760450633, 45.4929660239777], [-73.4959583906442, 45.4928894672249], [-73.4960407372815, 45.4928129104118], [-73.4962054286073, 45.4926597966043], [-73.4962877732957, 45.4925832396099], [-73.4963770628507, 45.4925002164904], [-73.4964665818117, 45.4924169789189], [-73.496466929193, 45.4924166561103], [-73.4964699100981, 45.4924187681383], [-73.4964770757853, 45.4924238434843], [-73.4970552295488, 45.4928388043842], [-73.4971852156944, 45.4929325327918], [-73.4974306269094, 45.4931104747737], [-73.4975300486387, 45.4931825626272], [-73.4976295960312, 45.4932540540238], [-73.4977052605084, 45.4933083933657], [-73.4978440050433, 45.4934083652137], [-73.4980354744116, 45.4935476988154], [-73.498577374197, 45.493938692038], [-73.4987105357738, 45.4940370304347], [-73.4992672404665, 45.4944387340659], [-73.4993980950032, 45.494535993624], [-73.4997234292969, 45.4947726035818], [-73.4997997244347, 45.494828922756], [-73.4999249130577, 45.4949213310824], [-73.4999528621406, 45.4949419618307], [-73.5001788636026, 45.4951352563811], [-73.500439887239, 45.4953230100054], [-73.5004399790422, 45.4953230639958], [-73.5004412498923, 45.4953238108616], [-73.5003805481748, 45.4953782730389], [-73.5003793042059, 45.4953793890751], [-73.5002636932747, 45.4954869631001], [-73.5002619007248, 45.4954886305159], [-73.500252779318, 45.4954971180938], [-73.5001443266183, 45.4955980329063], [-73.5000976788387, 45.4956414380742], [-73.5000267520565, 45.4957074342738], [-73.4999240290799, 45.4958030152695], [-73.4998386282278, 45.4958824781853], [-73.4997951435391, 45.4959229393911], [-73.499674020521, 45.4960356403369], [-73.4994516822653, 45.4962425177394], [-73.4994341407756, 45.4962588394793], [-73.4993228868446, 45.4963623560591], [-73.4993180617799, 45.4963668453534], [-73.4992037071382, 45.4964732457974], [-73.499125199311, 45.4965462930038], [-73.4990861276541, 45.4965826470797], [-73.4990050342287, 45.4966581003647], [-73.4989685477146, 45.4966920491386], [-73.4988509673198, 45.4968014501746], [-73.4987507335539, 45.4968947100986], [-73.4987333864697, 45.4969108501876], [-73.4986674390532, 45.4969722100363], [-73.4986158051641, 45.4970202518772], [-73.4986022646609, 45.4970328502054], [-73.4984982234032, 45.4971296516439], [-73.4983999765851, 45.4972210618762], [-73.4983806399073, 45.4972390530871], [-73.4982630572356, 45.4973484535074], [-73.4982270256748, 45.4973819777707], [-73.4981461138926, 45.497457259018], [-73.4981454753882, 45.4974578520049], [-73.4980673199056, 45.4975305682345], [-73.4980278918057, 45.4975672521789], [-73.4979691708601, 45.4976218865323], [-73.4979103077678, 45.4976766531295], [-73.497819373458, 45.4977612581417], [-73.4977927232746, 45.4977860530573], [-73.497675138326, 45.4978954528618], [-73.4975945351293, 45.4979686744249], [-73.4975533713277, 45.498006068143], [-73.497471338878, 45.4980866149919], [-73.4974420603461, 45.4981153643554], [-73.497389736908, 45.4981639812921], [-73.4973215987724, 45.4982272922868], [-73.4972162012217, 45.4983252224845], [-73.4972039109111, 45.498336642104], [-73.4970860652019, 45.4984461366686], [-73.4969892268328, 45.498536112251], [-73.4969683789882, 45.4985554826396], [-73.4968800532468, 45.4986375487254], [-73.4967330051938, 45.4987741760111], [-73.496497629577, 45.498992869789], [-73.4964975758323, 45.4989929195038], [-73.4964975534386, 45.4989929401995], [-73.4964805457713, 45.4990087425094], [-73.4963799410852, 45.4991022160431], [-73.4962622534175, 45.4992115612739], [-73.4961445640146, 45.4993209063813], [-73.4960268754356, 45.4994302522652], [-73.495990207792, 45.4994643197442], [-73.495943660484, 45.4995075666169], [-73.4958456319065, 45.4995986443792], [-73.495819721239, 45.4996227176286], [-73.4957914943518, 45.499648942763], [-73.4956788044049, 45.4997536416731], [-73.4956738031264, 45.4997582882768], [-73.4955561114454, 45.4998676336672], [-73.4954384193087, 45.4999769789342], [-73.4953688953794, 45.5000415723155], [-73.4953193369763, 45.5000876152966], [-73.495201643923, 45.5001969603154], [-73.4951717644481, 45.5002238976758], [-73.4951716518354, 45.5002239984536], [-73.4950812735766, 45.50030547454], [-73.4949629307534, 45.5004159413856], [-73.4949005029586, 45.5004742124884], [-73.4948455894785, 45.5005254714146], [-73.4947282464689, 45.5006350022206], [-73.4946109017245, 45.5007445338037], [-73.4944935603639, 45.5008540652644], [-73.4944096197347, 45.5009324168637], [-73.4943996849004, 45.5009416901645], [-73.4942588711591, 45.5010731269176], [-73.4941415271538, 45.5011826571104], [-73.4940241814137, 45.5012921880802], [-73.4939576948905, 45.5013542458875], [-73.4939068352185, 45.5014017189274], [-73.4937894885684, 45.501511248752], [-73.4936721427427, 45.5016207793539], [-73.4935547951824, 45.5017303089332], [-73.4934374484465, 45.5018398392897], [-73.4933840949096, 45.5018896380446], [-73.4933200999759, 45.5019493695235], [-73.4932875806307, 45.5019797220338], [-73.4932027510503, 45.5020588987347], [-73.4929965408373, 45.5022513683939], [-73.4929680531134, 45.502277957689], [-73.4929164539796, 45.5023261181649], [-73.4926873395045, 45.5025399627363], [-73.4926257570936, 45.5026050183462], [-73.4928742788538, 45.5027838050694], [-73.4929260731665, 45.5028258993538], [-73.4930782411183, 45.5029495687249], [-73.4933791522393, 45.5031847434724], [-73.4935330136142, 45.5033049911243], [-73.4937226343693, 45.5035077993424], [-73.4938694644906, 45.5036645809019], [-73.4939095298575, 45.5037073613593], [-73.493939796694, 45.5037425468325], [-73.4940671634865, 45.5038906127926], [-73.4941329956268, 45.503974691901], [-73.494178672477, 45.5040330294857], [-73.494247009228, 45.5041522153539], [-73.4942989351844, 45.5042755873307], [-73.4944424469187, 45.5047080071816], [-73.4944567963579, 45.5047512439808], [-73.4944912087899, 45.5048413721104], [-73.4945315473929, 45.5049470210019], [-73.494560745916, 45.5050139495588], [-73.494581360236, 45.5050612008371], [-73.4946261310813, 45.5051367528574], [-73.4946796591528, 45.5052147820845], [-73.4947552650829, 45.5053249942795], [-73.4948228194894, 45.5054234671586], [-73.4949648871898, 45.5056305615254], [-73.4950954641104, 45.505807536579], [-73.4954873431307, 45.5063542494565], [-73.4956104117293, 45.5065259406262], [-73.4960358009395, 45.507105073262], [-73.4962557893031, 45.5073697792542], [-73.4963866948334, 45.5075272927952], [-73.4967586173256, 45.5080279195848], [-73.4968271131176, 45.5081187866905], [-73.4968611368329, 45.5081639219235], [-73.4968630451519, 45.5081664532325], [-73.4969301940445, 45.5082505759188], [-73.4975432541415, 45.5090185863382], [-73.4975436038269, 45.5090189890251], [-73.4976820025331, 45.5091783841166], [-73.4978795984094, 45.5094326941519], [-73.4979786315017, 45.5095519349295], [-73.4980025717604, 45.5095807599937], [-73.4980733632351, 45.509643880635], [-73.4981183870831, 45.5096732927246], [-73.4982014142077, 45.5097223615515], [-73.4982669635788, 45.5097570334801], [-73.4984657156935, 45.5098436926879], [-73.4985131560966, 45.5098643773097], [-73.4987513726878, 45.5099622271859], [-73.4989762995156, 45.5100442536227], [-73.4990571116672, 45.510070722271], [-73.4990576146317, 45.5100708869463], [-73.4992310492532, 45.5101276934711], [-73.4993840687312, 45.5101701750387], [-73.4998616257426, 45.5103154336056], [-73.5003163812962, 45.510457907252], [-73.5003211716847, 45.51045940795], [-73.5004643216249, 45.5105055997189], [-73.5007255208601, 45.5105898831775], [-73.5011078248017, 45.5107143669392], [-73.5011538560948, 45.51072935515], [-73.5014634392549, 45.5108283828028], [-73.5014662565097, 45.5108293231014], [-73.501574987896, 45.5108656122771], [-73.5016933480277, 45.5109051154419], [-73.5017973442364, 45.5109388471249], [-73.5018016691621, 45.5109402499103], [-73.5019595577341, 45.5109914609106], [-73.5024191966554, 45.5111405432971], [-73.502650518387, 45.5112173729583], [-73.5027727580793, 45.511259937074], [-73.5028225691109, 45.5112772816549], [-73.5028242188563, 45.5112778561631], [-73.5029958808691, 45.5113376291814], [-73.5030357116275, 45.5113514980665], [-73.503035929205, 45.5113515738724], [-73.5031106137523, 45.5113845161967], [-73.5031144383411, 45.511386202621], [-73.5031145330519, 45.5113862433363], [-73.503300080197, 45.5114638937995], [-73.5033021535991, 45.511464761187], [-73.5033150637278, 45.5114701643631], [-73.5033585668779, 45.5114897301522], [-73.5033991658894, 45.5115060610799], [-73.5045485755117, 45.5136550202507], [-73.5046975812845, 45.514073362214], [-73.5045963138026, 45.5140410557294], [-73.5003917004986, 45.512699561268], [-73.4986844908976, 45.5121675230032], [-73.496146317912, 45.5113764561017], [-73.4955832226208, 45.5111907695567], [-73.4950506279906, 45.5109933890087], [-73.4947949242711, 45.5108845282703], [-73.4945482260575, 45.5107794998143], [-73.4941698081133, 45.5105943791434], [-73.4940004864159, 45.5105038048828], [-73.4939647332332, 45.5105637099812], [-73.4939058032306, 45.5106624501143], [-73.4938791658612, 45.5107006883752], [-73.4935396226438, 45.5111880978626], [-73.4933704099458, 45.5114490423147], [-73.4930823922331, 45.5118764501067], [-73.4926403602355, 45.5125288077502], [-73.4925005515176, 45.5127467295135], [-73.4923719276704, 45.5129472165134], [-73.4922917959577, 45.5130669566581], [-73.4922003115383, 45.5132036597831], [-73.4921465117371, 45.5132850566664], [-73.4917334465816, 45.5139100025553], [-73.4912569698625, 45.5146208418034], [-73.4908396853943, 45.5152866916738], [-73.4904288150606, 45.5158850523935], [-73.4903904532121, 45.515941041789], [-73.4900219174884, 45.5164789127141], [-73.4896078215961, 45.5171222621216], [-73.4891533009544, 45.5177971005547], [-73.4891094096312, 45.5178725228388], [-73.4890108108961, 45.5180419579246], [-73.4889700357514, 45.5181120254989], [-73.4889325646257, 45.5181667681895], [-73.4886415265074, 45.5185919494794], [-73.4885943340458, 45.5186608932735], [-73.4885578324006, 45.5187158284985], [-73.4882737949829, 45.5191433104039], [-73.4882386102693, 45.5191962624086], [-73.488193064851, 45.5192682152662], [-73.4879199435598, 45.519699685471], [-73.4878740900168, 45.5197721222766], [-73.4878392361677, 45.5198245999717], [-73.4875552965244, 45.5202521151114], [-73.48751018293, 45.5203200400445], [-73.4875095554977, 45.5203209857082], [-73.4874730195968, 45.5203764847668], [-73.4871128554893, 45.5209235656694], [-73.4864891443532, 45.5218550973595], [-73.486073744912, 45.5224727535569], [-73.4858865200232, 45.5227670466788], [-73.4856842625466, 45.5230849673949], [-73.4852432074454, 45.5237495924638], [-73.4849183725232, 45.5242455660775], [-73.4848069177484, 45.5244157389149], [-73.4845886436916, 45.5247343456451], [-73.4845270016992, 45.5248243203883], [-73.4843931592482, 45.5247790096505], [-73.4835143116496, 45.5244814837783], [-73.4835728719226, 45.5243928255988], [-73.4837618503356, 45.524106717946], [-73.4835754659119, 45.524043765503], [-73.4833647528779, 45.5239726368697], [-73.482958733184, 45.5238354990228], [-73.4825527167437, 45.5236983588301], [-73.4821035745193, 45.5235466123405], [-73.4819795890268, 45.5235047322977], [-73.4818714869858, 45.5234682167878], [-73.4814070694681, 45.5233110687884], [-73.4809475772835, 45.5231555844219], [-73.4804880901908, 45.5230000991036], [-73.4800286043499, 45.5228446119331], [-73.4795691197612, 45.5226891220105], [-73.4795273846316, 45.5226749987482], [-73.4791058222118, 45.5225323391674], [-73.4789975344858, 45.5224956940201], [-73.4788738185808, 45.5224538268453], [-73.4784058838737, 45.5222954916745], [-73.4781394484351, 45.5222053247134], [-73.4781224805074, 45.5221995831848], [-73.4778406063262, 45.5221041907952], [-73.4777598550808, 45.5220768622554], [-73.4775417652887, 45.5220030551937], [-73.4772204347737, 45.5218943070777], [-73.4772018363274, 45.5219199668103], [-73.4770166949878, 45.5221753988401], [-73.4769571526668, 45.5222575458513], [-73.4764616017449, 45.5220874299273], [-73.4765198777816, 45.5220072580609], [-73.4766456806551, 45.5218341851877], [-73.4766636107134, 45.5218095179325], [-73.476685571459, 45.5217793057817], [-73.4765753412623, 45.5217420955368], [-73.4761760671125, 45.5216073113891], [-73.4761722964961, 45.5216061534082], [-73.4757767026261, 45.5214727084911], [-73.4756623063058, 45.5214341188242], [-73.4756397585508, 45.5214265130678]]]}}, {"type": "Feature", "properties": {"district_id": "Longueuil-Montréal-Sud"}, "geometry": {"type": "Polygon", "coordinates": [[[-73.5183693893549, 45.5340125551851], [-73.5183387305809, 45.5340067516557], [-73.5182791884198, 45.5340766219447], [-73.5176169911156, 45.5348536670111], [-73.5176021620983, 45.534871067668], [-73.5175974405147, 45.5348766077992], [-73.5174801633814, 45.5348363094597], [-73.5161805850209, 45.5343897438991], [-73.5161994421557, 45.5343626389986], [-73.5162765816499, 45.5342517607622], [-73.516333207507, 45.534271219779], [-73.5166246203192, 45.5338523480088], [-73.5164696694699, 45.5338003157112], [-73.5162936012964, 45.533741192792], [-73.5161175334916, 45.5336820687008], [-73.5162032470072, 45.5335588660041], [-73.516306105803, 45.5334110169204], [-73.5163624507451, 45.533330027007], [-73.5160534356202, 45.5332242075707], [-73.5159878553664, 45.533201750504], [-73.5159186623188, 45.5331802513313], [-73.5158494693239, 45.5331587521165], [-73.5157756726407, 45.5331339411905], [-73.5121610334684, 45.5319185835557], [-73.5121052936648, 45.5319891845157], [-73.5119022706127, 45.5322858106469], [-73.5116824040528, 45.5322116092655], [-73.5116384310663, 45.5321967691182], [-73.5115065122454, 45.5321522476748], [-73.5114800821556, 45.5321433275353], [-73.5113745923521, 45.532107725179], [-73.5113041907738, 45.5320839656324], [-73.511321119244, 45.5320592327918], [-73.5114057024954, 45.53193565314], [-73.5115072149638, 45.5317873405535], [-73.5115565163657, 45.5317153088912], [-73.5112719480273, 45.5316196187952], [-73.5111886574484, 45.5315916105087], [-73.511139941648, 45.5316615336347], [-73.5111395410263, 45.5316621086707], [-73.5106870815422, 45.5323115294335], [-73.5106025648437, 45.5322828630558], [-73.5096493558987, 45.5319595419883], [-73.5096412638626, 45.5319567972641], [-73.50968299421, 45.5318964577548], [-73.5098877317132, 45.5316004139954], [-73.509722506623, 45.5315443664326], [-73.5095362926907, 45.5314811981618], [-73.5091848513119, 45.5313619794449], [-73.5092018253237, 45.5313373620909], [-73.5090469393559, 45.5312848202861], [-73.509008315857, 45.5312717180884], [-73.5089238118111, 45.5312430513623], [-73.5087440451038, 45.5311820688006], [-73.5087370382242, 45.5311748823249], [-73.5086828335665, 45.5311192899229], [-73.5086256646771, 45.5310606562635], [-73.5085427948617, 45.5310324498485], [-73.5085566432526, 45.5310122186368], [-73.5082919266175, 45.5309245146837], [-73.5082129597816, 45.530898352179], [-73.5083425114748, 45.5307127411395], [-73.5083946642036, 45.5306380210017], [-73.5079974556348, 45.5305023313193], [-73.5079734223729, 45.5304941210707], [-73.5079647634354, 45.5304911639047], [-73.5079131967047, 45.5305663382262], [-73.5077691339989, 45.5307763516002], [-73.5077089790188, 45.5308640467665], [-73.507600508165, 45.5308269941774], [-73.5074983700292, 45.5307921042819], [-73.5074250204987, 45.5307670485644], [-73.5072877628568, 45.530720161408], [-73.5072495332051, 45.5307071017814], [-73.5070781164736, 45.5306485456267], [-73.5070740462844, 45.5306471556279], [-73.5068985597365, 45.5305872083044], [-73.5068675090923, 45.5305766010763], [-73.5067230748417, 45.5305272607105], [-73.5066569035283, 45.5305046561367], [-73.5065019901653, 45.5304517365422], [-73.5064462972212, 45.5304327117077], [-73.5063721023296, 45.5304073647124], [-73.5062357375423, 45.5303607803846], [-73.5061932628276, 45.530346270995], [-73.5060266174803, 45.5302893426081], [-73.5060177717495, 45.5302863214157], [-73.505842281044, 45.5302263697664], [-73.5058205376674, 45.5302585617129], [-73.5056450472578, 45.5301986106601], [-73.5056053945333, 45.5301454447331], [-73.5053947845055, 45.5300734947618], [-73.5053684357244, 45.5300644940153], [-73.5053714554513, 45.5300600225738], [-73.5051871934727, 45.5299970738644], [-73.5052851023694, 45.5298521251192], [-73.5052780619785, 45.5298497489702], [-73.5053780261934, 45.5297017540917], [-73.5054297733289, 45.5296251429519], [-73.5050781895118, 45.5295050252273], [-73.5050317993187, 45.5294891766174], [-73.5049974119038, 45.5294774280301], [-73.5044311073788, 45.5292929988139], [-73.5036575200188, 45.5290410568897], [-73.5036129051096, 45.5290265268094], [-73.5037338132154, 45.5288603244393], [-73.5037627158437, 45.5288205928945], [-73.5041587563526, 45.5282761764695], [-73.5046067842169, 45.5276417726052], [-73.5047770667297, 45.5273855786558], [-73.5048073435943, 45.5273400257182], [-73.5049069453452, 45.5273741793819], [-73.5051573169158, 45.5274600310151], [-73.5052273939525, 45.5274840778335], [-73.5053206686373, 45.5273471557727], [-73.5054077283563, 45.5272193573983], [-73.5054705466894, 45.527127142467], [-73.5051507895946, 45.5270164977927], [-73.5050463886875, 45.5269803721037], [-73.50508115142, 45.5269260652542], [-73.5050027062025, 45.5268987297976], [-73.5049774509926, 45.5268899448695], [-73.5048280911734, 45.5268379864572], [-73.5046525548542, 45.5267781337278], [-73.504476627215, 45.5267188665388], [-73.5042989677345, 45.5266581243067], [-73.5041235195789, 45.5265981375829], [-73.503948069236, 45.5265381505891], [-73.5037726205462, 45.526478164225], [-73.5035971722294, 45.5264181766909], [-73.5034217242855, 45.5263581888867], [-73.5032462767145, 45.5262982017122], [-73.5030694622573, 45.5262377463878], [-73.5030680949981, 45.5262372785081], [-73.5028926481789, 45.5261772898893], [-73.5027172017326, 45.5261173010005], [-73.5025417556592, 45.5260573118415], [-73.5023664392585, 45.5259973674018], [-73.5022989986479, 45.5259743067927], [-73.5021909401626, 45.5259373561077], [-73.5020154952078, 45.5258773625393], [-73.5018400519063, 45.5258173696005], [-73.5016646076975, 45.5257573754918], [-73.5014891638616, 45.5256973811131], [-73.5013968091146, 45.5256658006115], [-73.5013137203988, 45.525637387364], [-73.5011863030991, 45.5255938158279], [-73.5011382773089, 45.5255773924451], [-73.500962834592, 45.5255173972561], [-73.5007871029372, 45.5254578382212], [-73.5006118235432, 45.5253975968344], [-73.5004313521766, 45.5253355708159], [-73.5002548855581, 45.5252762548197], [-73.4999515902249, 45.5251743059658], [-73.4998255179025, 45.5251319278959], [-73.4997401764107, 45.5251032408465], [-73.4997881684262, 45.5250333557942], [-73.4996960179809, 45.5250019385849], [-73.4993574391997, 45.5248865039518], [-73.4994223002569, 45.5247944083994], [-73.4994450292194, 45.5248023181029], [-73.4994640806503, 45.5247752681109], [-73.4995498707616, 45.5246521029129], [-73.4995841879814, 45.5246028368149], [-73.4995928239239, 45.5245904379536], [-73.4996339322898, 45.5245314229998], [-73.4997547891035, 45.5245734125438], [-73.4999360381771, 45.5246363835718], [-73.5000355221167, 45.5246709473269], [-73.5001573812242, 45.5244807579861], [-73.5000603822993, 45.5244470050902], [-73.499725990878, 45.5243306447008], [-73.4997675636051, 45.5242716144], [-73.4997875184885, 45.5242418801312], [-73.4997649138767, 45.5242340127879], [-73.4997857392395, 45.5242044413919], [-73.4998705907182, 45.5240839601612], [-73.4999138669707, 45.5240225101371], [-73.4999563008027, 45.5239622559828], [-73.500299853724, 45.5240822825291], [-73.5003920542149, 45.5241144938148], [-73.5005158118973, 45.5239228013338], [-73.5004238305725, 45.5238934588356], [-73.5000875099707, 45.5237764363183], [-73.5001502435644, 45.5236874015918], [-73.5001704156639, 45.5236587713563], [-73.5001919216237, 45.5236282307547], [-73.5002852372553, 45.5235970861978], [-73.5003336376046, 45.5234216172765], [-73.500262646009, 45.5233968106755], [-73.4999107228359, 45.5232738388206], [-73.4999589691064, 45.5232053322291], [-73.5000456198258, 45.5230822935025], [-73.5001079366801, 45.5229938049914], [-73.5001287102015, 45.5229643082132], [-73.5001703365455, 45.5229051994655], [-73.5002568468131, 45.5227823567375], [-73.5002802591808, 45.5226393190042], [-73.5002805587149, 45.5226374887287], [-73.5002757084086, 45.5226358006406], [-73.5004177454918, 45.5224341100465], [-73.500420904733, 45.5224296234321], [-73.5004749735439, 45.5224480618425], [-73.5004751732393, 45.5224481302295], [-73.500745302767, 45.5225402499106], [-73.5008459419931, 45.5225745700083], [-73.5010204620439, 45.5223143816095], [-73.5010744957686, 45.5222338238242], [-73.5002504362057, 45.521959377372], [-73.5003052591965, 45.5218744431209], [-73.5004947088142, 45.521580933468], [-73.5005408446181, 45.5215094562468], [-73.5006033304446, 45.5214167984802], [-73.5007209143509, 45.5212424384425], [-73.5008265768012, 45.5212769169051], [-73.500826284952, 45.5212773578289], [-73.5011801470644, 45.5213928249179], [-73.5011803262688, 45.5213925540641], [-73.5011869939488, 45.5213824676852], [-73.5012262588429, 45.5213230733115], [-73.5012264239665, 45.5213228240539], [-73.5012328189843, 45.521313149802], [-73.5013083762858, 45.5211988539443], [-73.5011488801381, 45.5211468097997], [-73.5011491451036, 45.5211464111678], [-73.5011557628398, 45.5211364291723], [-73.5012312880674, 45.5210225103954], [-73.501231350791, 45.5210225310911], [-73.5012316080752, 45.5210221432571], [-73.5012826603597, 45.5209451379568], [-73.5009868620723, 45.5208480706238], [-73.5010487550722, 45.5207566984798], [-73.5012215598099, 45.5205015884058], [-73.5013183106665, 45.5205330736439], [-73.5013214596186, 45.5205340985257], [-73.5016546347542, 45.5206425222469], [-73.5016559314619, 45.5206429442532], [-73.5017378728763, 45.5205185140024], [-73.5018229268555, 45.5203893558786], [-73.5018642639549, 45.5203265832411], [-73.5015276866085, 45.5202169246899], [-73.5014348659442, 45.5201866831575], [-73.5016337319972, 45.5199102863761], [-73.5017145953588, 45.5199367773935], [-73.5017155169957, 45.5199370797261], [-73.5018328299366, 45.5199755127888], [-73.502026664746, 45.520039013953], [-73.5020269092206, 45.5200386468138], [-73.5021097308971, 45.5199145015167], [-73.5021088809415, 45.5199142234817], [-73.5021044417157, 45.51991277752], [-73.5017983404879, 45.5198129310532], [-73.5017974226927, 45.5198126314208], [-73.5017217526278, 45.5197879490626], [-73.5018524612868, 45.5196062800062], [-73.5019204483228, 45.5196282340916], [-73.5022599938806, 45.5197378770407], [-73.5023053414252, 45.5196698724839], [-73.5023056025358, 45.5196694801481], [-73.5023036555805, 45.5196688466997], [-73.5024011110278, 45.5195226997849], [-73.5024013337387, 45.5195223659394], [-73.5024610662285, 45.5194327909358], [-73.5024698299984, 45.5194196476748], [-73.5024702741385, 45.5194189817831], [-73.5025319237574, 45.5193265281092], [-73.5025323678961, 45.5193258631172], [-73.5021963097944, 45.5192163855735], [-73.5021957798961, 45.5192171792431], [-73.5021948838692, 45.519216887712], [-73.5021150658294, 45.5191908847255], [-73.5021161269043, 45.519189206503], [-73.5020183014414, 45.519158643389], [-73.5016732403167, 45.5190462723744], [-73.5016720114872, 45.5190458719633], [-73.5016003258155, 45.5191527326674], [-73.5013982652282, 45.5190869533743], [-73.5013967304727, 45.5190864539815], [-73.5013851019241, 45.5191037886535], [-73.5012540973649, 45.5190611404231], [-73.501265723385, 45.5190438057643], [-73.501132715815, 45.5190005059317], [-73.5011312322653, 45.519000022732], [-73.5011196036529, 45.5190173573773], [-73.5010311052631, 45.5189885471144], [-73.5008555935803, 45.5189314104856], [-73.5008541061946, 45.5189309263824], [-73.5008652689558, 45.5189142864445], [-73.5008657348707, 45.5189135917639], [-73.5006901339869, 45.5188564251861], [-73.500688737486, 45.518855970775], [-73.5005130985602, 45.5187987913269], [-73.5005117391827, 45.5187983486114], [-73.5002210133606, 45.5187037016069], [-73.5002196488676, 45.5187032570883], [-73.5002490556345, 45.518659422187], [-73.5002503676355, 45.5186574659304], [-73.4999064151786, 45.5185454827968], [-73.4998134074102, 45.5185152012447], [-73.4999740163004, 45.5182700316784], [-73.5004075069713, 45.5176347271258], [-73.5004089674201, 45.5176325863991], [-73.5004652106139, 45.5175501580584], [-73.5005041215534, 45.5174848204452], [-73.5006730003866, 45.5172012383046], [-73.5007476246224, 45.5172257585043], [-73.5008831185722, 45.5172702789639], [-73.5008841067204, 45.5172706037987], [-73.500924359688, 45.5172838293411], [-73.5010552523623, 45.5173268379005], [-73.5010562328325, 45.5173271600345], [-73.5011010247178, 45.5173418774086], [-73.5012036631697, 45.5173756015084], [-73.5012046628414, 45.5173759299398], [-73.5012777489904, 45.5173999440982], [-73.5013528639883, 45.5174246249677], [-73.5013530931069, 45.5174247005516], [-73.5014544147469, 45.5174579916179], [-73.5015048720927, 45.5174745705316], [-73.5015050589718, 45.5174746317184], [-73.5016310680667, 45.5175160343647], [-73.5016568791861, 45.517524514993], [-73.5016570238256, 45.5175245626825], [-73.5018077716697, 45.5175740930341], [-73.5018082043092, 45.5175742352021], [-73.5018089889482, 45.517574493444], [-73.5019844756361, 45.5176321514296], [-73.5019851117555, 45.517631193088], [-73.5020768663182, 45.5174929740948], [-73.5020773373577, 45.5174931288589], [-73.5024208320721, 45.5176059882302], [-73.5024227021575, 45.5176066027818], [-73.5025405137902, 45.5176454436507], [-73.5026280391056, 45.5175045346848], [-73.5026751747338, 45.5174286491066], [-73.5027171006877, 45.5173521562394], [-73.5027967888681, 45.5172067679151], [-73.5027130770709, 45.5171792060083], [-73.5027101612395, 45.5171782459473], [-73.5027069126091, 45.5171771770133], [-73.5023714249903, 45.5170668099872], [-73.5024555112145, 45.5169411472164], [-73.5024522421222, 45.5169400575793], [-73.5023667145715, 45.5169115461241], [-73.5023682670755, 45.5169091750109], [-73.5024571717059, 45.516773370927], [-73.5028122939125, 45.5168868416763], [-73.5029483172494, 45.5169303041623], [-73.5029498197912, 45.5169275614082], [-73.502954830396, 45.5169184188941], [-73.503042525316, 45.5167584185614], [-73.50309193348, 45.5166682729599], [-73.5031373529434, 45.5165979041517], [-73.503220538049, 45.5164690266], [-73.5031073376829, 45.5164328561274], [-73.5031065594542, 45.5164326077925], [-73.5027522049393, 45.5163193817874], [-73.5027536652594, 45.5163171231511], [-73.5028329088869, 45.5161945484573], [-73.5028343692006, 45.5161922898199], [-73.502877295458, 45.5161258894704], [-73.5029136124777, 45.5160697150675], [-73.5029150727848, 45.516067456429], [-73.5029943157115, 45.515944880718], [-73.5033481269319, 45.5160579323261], [-73.503349447866, 45.5160583543128], [-73.5034623276421, 45.5160944219757], [-73.5034641885144, 45.5160915388283], [-73.5035413659141, 45.5159719655709], [-73.5036425331735, 45.5158152244566], [-73.5036841361077, 45.5157502887832], [-73.5037833756606, 45.5156036393193], [-73.5041252056573, 45.5150984962021], [-73.5041833771686, 45.5150125304478], [-73.5036959991144, 45.5148590199452], [-73.5037476809419, 45.5147789404813], [-73.5038081406743, 45.5146852586986], [-73.5038685822893, 45.5145916065779], [-73.5039209649455, 45.5145104408995], [-73.5039491712241, 45.5144667364315], [-73.5043045826862, 45.5145800091116], [-73.5044258169024, 45.514618647263], [-73.5045452995252, 45.5144245242897], [-73.5045877038596, 45.5143556307369], [-73.5046975812845, 45.514073362214], [-73.5045485755117, 45.5136550202507], [-73.5033991658894, 45.5115060610799], [-73.5034405760478, 45.5115227186111], [-73.5035619355755, 45.5115715360323], [-73.5035752888993, 45.5115769074456], [-73.5037683106726, 45.5116545503874], [-73.5048503171396, 45.5120732932111], [-73.5050761013675, 45.5121613455083], [-73.5060678451808, 45.5125452028765], [-73.5062429637884, 45.512611235291], [-73.5063430546953, 45.5126489765577], [-73.5086292102518, 45.5135350217249], [-73.5086359339305, 45.5135376276076], [-73.5088678579801, 45.5136251914077], [-73.5090558040377, 45.5136898417432], [-73.5094580978593, 45.5138282229755], [-73.5094896376252, 45.5138386270256], [-73.5100103583929, 45.5140103883983], [-73.5101137674577, 45.5140452564666], [-73.5102447564671, 45.5140894240811], [-73.5102467590023, 45.5140900978826], [-73.5113942143976, 45.5144761695997], [-73.5116286163421, 45.514555202436], [-73.5119716053292, 45.5146721306256], [-73.5124995328008, 45.5148521030706], [-73.5130967557438, 45.5150556945269], [-73.5144140569644, 45.5155047429196], [-73.5145650145534, 45.5155559643257], [-73.5145730683164, 45.5155586972409], [-73.5146475753413, 45.5155839793213], [-73.5152510788732, 45.5157938359746], [-73.5165375990431, 45.5162411848236], [-73.5169166981565, 45.5163774595009], [-73.5169249173315, 45.5163804140362], [-73.5172010005705, 45.5164796563047], [-73.5174257614048, 45.5165620431748], [-73.5180634858075, 45.516793950108], [-73.5181238267557, 45.5168131708261], [-73.5182008314415, 45.5168376992697], [-73.5183087649347, 45.5168658470421], [-73.5185298719415, 45.5169206188995], [-73.5189801972264, 45.5170303930402], [-73.5190660369163, 45.517044383868], [-73.5191699815928, 45.5170613259969], [-73.5193216144127, 45.5170860404487], [-73.5193219266765, 45.5170858946217], [-73.5193219996448, 45.5170859234042], [-73.5193502593878, 45.5170873223719], [-73.519428559287, 45.5170911999919], [-73.5194287551261, 45.517091208957], [-73.519565708417, 45.5170983411138], [-73.5198269469629, 45.5171119448514], [-73.5198269552929, 45.5171119736449], [-73.5198338594809, 45.5171356688579], [-73.5198338722964, 45.5171357138477], [-73.519867018882, 45.5172494578805], [-73.519867735255, 45.5172519170212], [-73.5198913850715, 45.5173281672249], [-73.5198965111344, 45.5173446946101], [-73.519910831609, 45.517348496642], [-73.5200201649885, 45.5173775423917], [-73.5213049577518, 45.5177188508727], [-73.5218445679445, 45.5178621943744], [-73.5218873240636, 45.5178735511789], [-73.5219397285418, 45.5178875894399], [-73.5227651450757, 45.5181087005629], [-73.5227667836486, 45.5181091384588], [-73.5234116340049, 45.5182796152164], [-73.5234432435788, 45.5182879716281], [-73.5238665623115, 45.5183998801642], [-73.5242568477685, 45.5185030537714], [-73.5242678353088, 45.518505958148], [-73.5243379133887, 45.5185244824309], [-73.5250335511075, 45.5187083576118], [-73.5250574600322, 45.5187146773495], [-73.5250577744043, 45.5187156898262], [-73.5257357224821, 45.5209074874031], [-73.5258953710364, 45.521433517765], [-73.5297832902815, 45.534240766121], [-73.5278326417639, 45.5370926918107], [-73.5236052725443, 45.5356269942627], [-73.5220762241526, 45.5350967896967], [-73.5219281522953, 45.5350454437624], [-73.5212796811274, 45.5348205735887], [-73.5196998551904, 45.5342727133582], [-73.5196466970315, 45.5342542785299], [-73.5192428110875, 45.53417784664], [-73.5188147003005, 45.5340968290388], [-73.518522989342, 45.5340416239497], [-73.518460328559, 45.5340297652276], [-73.5183693893549, 45.5340125551851]]]}}, {"type": "Feature", "properties": {"district_id": "Maraîchers"}, "geometry": {"type": "Polygon", "coordinates": [[[-73.381738965632, 45.4338822141445], [-73.3817660197185, 45.4339002320347], [-73.3824450820955, 45.4343524508905], [-73.3837653437296, 45.43523164375], [-73.3838820744552, 45.4353090068327], [-73.3841743915254, 45.4355027380073], [-73.3841867840735, 45.435510950941], [-73.3843782595426, 45.4356378497384], [-73.3844458541164, 45.4356826471737], [-73.3846882230619, 45.4358417837926], [-73.3846889684966, 45.4358422731657], [-73.3846893909943, 45.4358425507472], [-73.3846894714086, 45.4358426039198], [-73.3846895390598, 45.4358426480809], [-73.3848674264158, 45.4359594458717], [-73.3849281081477, 45.4359992886551], [-73.3850615861308, 45.4360839913016], [-73.3856172193723, 45.4364365781322], [-73.3857437181495, 45.4365168493052], [-73.386013281555, 45.4366945877666], [-73.3865759733797, 45.4370655978427], [-73.3867485926696, 45.4371802412967], [-73.3870393199966, 45.4373733237033], [-73.3872905624514, 45.4375401815714], [-73.3877795464217, 45.4378649252304], [-73.3879901147866, 45.4380202558491], [-73.3879961798698, 45.4380247304687], [-73.3879966801876, 45.4380250998991], [-73.3881864762094, 45.4381651059739], [-73.3886246080138, 45.4384577353134], [-73.38866004033, 45.4384814009059], [-73.3887114317315, 45.4385157246031], [-73.3898775713488, 45.4392850838792], [-73.3905508848226, 45.439730509572], [-73.3908471226161, 45.4399264814073], [-73.3913818553303, 45.4402802185873], [-73.3914681482614, 45.4403373027055], [-73.3916077216069, 45.4404327440754], [-73.3919843236972, 45.4406902644294], [-73.3925501933399, 45.4410704218193], [-73.3926821532778, 45.4411590725101], [-73.3931926125516, 45.4414982088097], [-73.3933821786196, 45.4416138127372], [-73.3936825607729, 45.4417969941122], [-73.3943504303089, 45.4422359572954], [-73.3943920218475, 45.4422632927909], [-73.3946336031132, 45.4424224892801], [-73.3952194908189, 45.4428216053911], [-73.3953392094478, 45.4429031590146], [-73.3958788863922, 45.4432806104002], [-73.3959825041986, 45.4433530799508], [-73.3963354805533, 45.4435999478487], [-73.3963963716548, 45.4436425337254], [-73.3965066727595, 45.4437148783786], [-73.3965112538563, 45.4437178826376], [-73.397115635959, 45.4441142755327], [-73.3972520750876, 45.4442037599937], [-73.3992840017496, 45.4455363604374], [-73.3997217525002, 45.4458264916971], [-73.3997743515882, 45.4458613522437], [-73.399794219589, 45.4458745210149], [-73.3998443901671, 45.4459077722624], [-73.4009530841239, 45.4466330353979], [-73.4013170435501, 45.4468795931313], [-73.402621364374, 45.4477631532664], [-73.4030126933606, 45.4480203876223], [-73.4043013975054, 45.4488674729376], [-73.4048981011256, 45.4492591377318], [-73.4065302700187, 45.4503304202079], [-73.4071457038569, 45.4507490804289], [-73.4081221940916, 45.4514133385652], [-73.4088356354199, 45.4518852100065], [-73.4101408029338, 45.4527484168246], [-73.4109340083494, 45.4532730042506], [-73.4110067939591, 45.4533208412706], [-73.4123683768027, 45.4542156871158], [-73.4124913851799, 45.4542965277372], [-73.4127149900757, 45.454443172945], [-73.4130803593391, 45.4546827866785], [-73.413083196165, 45.4546846479289], [-73.4131051601886, 45.4546990514543], [-73.4136240590023, 45.4550393474493], [-73.4146476051235, 45.4557105740096], [-73.4146890669864, 45.4557377633755], [-73.4153911093717, 45.4561930817376], [-73.4155100493292, 45.4562702203802], [-73.4155102230503, 45.45627033299], [-73.4162507035606, 45.456750567015], [-73.4163366586739, 45.4568063118513], [-73.4179592465807, 45.4579319364057], [-73.4179905676465, 45.4579524826826], [-73.4180092358763, 45.4579647286488], [-73.4190814565213, 45.4586680882086], [-73.419160393099, 45.4587215655055], [-73.4197082561895, 45.4590927306718], [-73.4204582897482, 45.4596008509458], [-73.4212715886367, 45.4601518139334], [-73.4215608521823, 45.4603431338615], [-73.4216372542016, 45.4603936669809], [-73.4219023429939, 45.4605689971137], [-73.4234001328298, 45.4615596022599], [-73.4245555941734, 45.4623237623176], [-73.4250026287382, 45.4626193972278], [-73.4251361390243, 45.4627076898598], [-73.4255137848084, 45.4629574308195], [-73.425609569278, 45.463020774255], [-73.4261789681108, 45.463397317624], [-73.4262885136129, 45.4634733509557], [-73.4270589624649, 45.464008084307], [-73.4272544605765, 45.4641437676781], [-73.4272624023555, 45.4641492798133], [-73.4277227313589, 45.4644520842463], [-73.4288534362989, 45.4651958400821], [-73.4289031008777, 45.4652285076334], [-73.428934741559, 45.4652493912247], [-73.4289745495889, 45.4652756654829], [-73.4290098868352, 45.4652989872433], [-73.4290461453618, 45.4653229187628], [-73.4291129190397, 45.465366989838], [-73.4291148624916, 45.4653682724292], [-73.4291877106928, 45.4654163515584], [-73.4292580597365, 45.4654627823691], [-73.4293753088252, 45.4655401672569], [-73.4293770031275, 45.4655412850172], [-73.4294465641069, 45.4655871951108], [-73.4295192863732, 45.4656351911627], [-73.4295891610106, 45.4656810059783], [-73.4296617203534, 45.4657285816088], [-73.4297323759402, 45.4657749079311], [-73.4298047732489, 45.4658223753884], [-73.4298757037906, 45.4658688826599], [-73.4299474637298, 45.4659159312049], [-73.4300185376166, 45.465962532959], [-73.4300900499021, 45.4660094201889], [-73.4300902620132, 45.4660095597953], [-73.4301988199506, 45.4660807349518], [-73.4302688158004, 45.4661266286087], [-73.4303407016149, 45.4661737606674], [-73.4304130884442, 45.4662212205306], [-73.4304434973374, 45.4662411581085], [-73.4304829070302, 45.466266996067], [-73.4305241082263, 45.4662940094043], [-73.4305553630972, 45.4663145026736], [-73.4318645531606, 45.4671796598486], [-73.4320392707583, 45.4672951155523], [-73.4320394036522, 45.4672952038165], [-73.4321817288046, 45.4673892542167], [-73.4321557968612, 45.46740905169], [-73.432052235309, 45.4674881147435], [-73.4319915595175, 45.4675344370475], [-73.427802382896, 45.4706733059283], [-73.4274781785463, 45.4709165968132], [-73.4244111631853, 45.4732180054726], [-73.424211120638, 45.4733676472116], [-73.4240719002529, 45.4734717904386], [-73.423130850052, 45.4741757230104], [-73.4230991444859, 45.4741995143421], [-73.4211588305364, 45.4756554778161], [-73.4199485415972, 45.4765644196598], [-73.4186882730661, 45.477503865484], [-73.4186504401244, 45.4775319304824], [-73.4186130106251, 45.4775602619649], [-73.4185759883609, 45.4775888570609], [-73.4183646280519, 45.4777640204853], [-73.4181685261556, 45.4779477578451], [-73.4179883839299, 45.4781394122394], [-73.4178164489653, 45.4783600827215], [-73.4176703686469, 45.4785897886941], [-73.4175510948052, 45.4788270339406], [-73.417459404695, 45.4790702731177], [-73.4173958959239, 45.4793179218194], [-73.4173609825514, 45.4795683668962], [-73.417354892382, 45.4798199769624], [-73.4173765839834, 45.4800698254476], [-73.417426436958, 45.4803176705121], [-73.4175041362082, 45.4805619438143], [-73.4176091904104, 45.4808010995943], [-73.417740935116, 45.4810336244566], [-73.4178985369477, 45.4812580469486], [-73.4179776492948, 45.4813560341884], [-73.4180616986356, 45.4814519658562], [-73.4181505771964, 45.4815457189134], [-73.4182151215009, 45.4816095183554], [-73.4182819027087, 45.4816721681992], [-73.4183508794677, 45.4817336296438], [-73.4183624878602, 45.481743672609], [-73.4183741548844, 45.4817536818975], [-73.4183858803427, 45.4817636573398], [-73.418400602647, 45.4817760621118], [-73.4184154127016, 45.4817884150878], [-73.4184303101382, 45.4818007159604], [-73.4186150763629, 45.4819436820608], [-73.4188116263446, 45.4820786481977], [-73.4190192614571, 45.4822051345856], [-73.4183857940503, 45.4818632963874], [-73.4183174459625, 45.4818264132168], [-73.4167605800915, 45.4809773980917], [-73.4162636571555, 45.480706397916], [-73.4122780136879, 45.4785328536685], [-73.4117903360174, 45.4782680904529], [-73.4098907193355, 45.4772367326644], [-73.4068679479098, 45.4755871636386], [-73.4067487401761, 45.4755223097588], [-73.4039595617525, 45.4740048038018], [-73.4028357896748, 45.4733911497651], [-73.3977246027004, 45.4705997979941], [-73.3976352190164, 45.4705509785453], [-73.3938507341212, 45.4684927222392], [-73.3938432711456, 45.46849993389], [-73.3938430097963, 45.468500178406], [-73.3937843160833, 45.4685593131915], [-73.3936371020541, 45.4687076332426], [-73.3933731273498, 45.4689735902616], [-73.3919692302117, 45.4703448910788], [-73.3910401489945, 45.4712855658239], [-73.3909828341184, 45.4713435945429], [-73.3900464604596, 45.4724751271524], [-73.3884335964029, 45.4746661227251], [-73.3882279441674, 45.4749454773631], [-73.3856071683285, 45.4785308839653], [-73.3850717225541, 45.4792633475023], [-73.3850709901417, 45.479264349195], [-73.3850706079027, 45.4792648716215], [-73.382854367055, 45.4823796093206], [-73.3827612085847, 45.4825105268947], [-73.3823115738966, 45.4831546200231], [-73.381964649852, 45.4836990785256], [-73.3806618458317, 45.486220846513], [-73.3806548092608, 45.4862350459283], [-73.3786095804637, 45.4903616953591], [-73.3785222699943, 45.4905378471261], [-73.3766835605386, 45.4942666996343], [-73.3752189365812, 45.4972365419374], [-73.3746741469936, 45.4983469874875], [-73.3733785309886, 45.5009876538372], [-73.372576074141, 45.5026230547974], [-73.3721154822468, 45.5036098759532], [-73.3719759413134, 45.5040234936024], [-73.3719675040131, 45.5040485033827], [-73.371782659438, 45.5049110817166], [-73.3717382890134, 45.5053368744546], [-73.3717523558087, 45.5067260089885], [-73.3717732778992, 45.5073242235323], [-73.3718017182686, 45.5077192530205], [-73.3717822738568, 45.5077039068801], [-73.3717362823255, 45.5076676095939], [-73.3716991424384, 45.5076382978101], [-73.3715021955229, 45.5074828617074], [-73.3714342706773, 45.5075280563576], [-73.3714196323952, 45.5075377959743], [-73.3714171856239, 45.5075394273342], [-73.3714153766591, 45.5075380341414], [-73.3709115571359, 45.5071497849568], [-73.3685164915791, 45.5053040350734], [-73.3685115620331, 45.5053002365617], [-73.3682667327509, 45.5051118720298], [-73.3682665807374, 45.5051117557747], [-73.3682190917642, 45.5050752177704], [-73.3682148929228, 45.5050719869898], [-73.368201075196, 45.5050613565013], [-73.3679796614479, 45.5048910053201], [-73.36784808945, 45.5047897747286], [-73.3677165255891, 45.5046885493921], [-73.3675849570874, 45.5045873211974], [-73.3674892375253, 45.5045136741345], [-73.3674533852223, 45.5044860910457], [-73.3673890575954, 45.5044365979099], [-73.3673218189391, 45.5043848643466], [-73.3672910124397, 45.5043611617907], [-73.3671902480214, 45.5042836320897], [-73.3670586801324, 45.5041824005827], [-73.3669271139883, 45.504081171624], [-73.3668303167751, 45.5040066921917], [-73.3667955508751, 45.5039799425154], [-73.3666639843965, 45.5038787123497], [-73.3664402321545, 45.5037065521338], [-73.366439836179, 45.503706246624], [-73.3664293977046, 45.5036982141173], [-73.366142229641, 45.5034772571364], [-73.3658791031136, 45.5032747969359], [-73.3657284937651, 45.5031589109701], [-73.3656159823069, 45.5030723379285], [-73.3655930084688, 45.5030546613749], [-73.3654844685967, 45.5029711424438], [-73.3653528570029, 45.5028698720035], [-73.3652212944194, 45.5027686383612], [-73.3651398063217, 45.5027059364922], [-73.3650897412477, 45.5026674117754], [-73.365031589666, 45.502622665864], [-73.3650239322669, 45.502616773641], [-73.3649581246816, 45.5025661363697], [-73.3649000295071, 45.5025214345496], [-73.3647001336669, 45.5023676190058], [-73.3646811493665, 45.5023530109583], [-73.3646650504638, 45.5023406226402], [-73.3641412115194, 45.5019375323908], [-73.3640497005784, 45.5018671142548], [-73.3640073899709, 45.5018345552497], [-73.363861842408, 45.5017225556434], [-73.3637162903145, 45.5016105513447], [-73.363655075508, 45.5015634461794], [-73.3635707464585, 45.501498554067], [-73.363425191687, 45.5013865466902], [-73.3632796464303, 45.5012745472358], [-73.3632654563361, 45.5012636259479], [-73.3630553336759, 45.5011019333168], [-73.3630228358814, 45.5010769227953], [-73.3629973769131, 45.5010573287662], [-73.3629969477639, 45.5010569989088], [-73.3628255315332, 45.5009250875948], [-73.3625441838122, 45.5007085790754], [-73.3618557172246, 45.5001787646943], [-73.3616791809938, 45.5000429077316], [-73.3612020662654, 45.4996757299786], [-73.3612008159221, 45.4996747674263], [-73.3610997578674, 45.4995969943727], [-73.3609647558116, 45.4994930997472], [-73.3609375664419, 45.499472174978], [-73.3609338792937, 45.4994693377811], [-73.3608483326152, 45.4993927423834], [-73.3608030805409, 45.4993522257744], [-73.3607627797863, 45.4993161406142], [-73.3607623057854, 45.4993158484871], [-73.3602061362078, 45.4989735660031], [-73.360205272537, 45.4989730349382], [-73.3601477397742, 45.4989284816348], [-73.3595730684714, 45.4984834445088], [-73.3593401132126, 45.4983030370323], [-73.3577550401312, 45.4970754659391], [-73.357754045334, 45.4970746917342], [-73.3577538141924, 45.4970745123774], [-73.3577384888027, 45.497062544262], [-73.3572962133733, 45.4967171822114], [-73.357210150478, 45.4966499795804], [-73.357099320626, 45.4965634343463], [-73.356807310688, 45.4963354053797], [-73.3567563350907, 45.4962956025458], [-73.3564133898548, 45.4960277922495], [-73.3562469534969, 45.4958978181695], [-73.3562165185266, 45.4958740500697], [-73.3561945280778, 45.4958568785536], [-73.3561931591821, 45.4958558096149], [-73.3561868497474, 45.4958508831225], [-73.356185304633, 45.4958496762856], [-73.3560564346073, 45.4957490418466], [-73.3558884407407, 45.4956178504852], [-73.3558665552023, 45.4956007600235], [-73.3555454756193, 45.4953500231284], [-73.3553486090137, 45.4951962794402], [-73.3549609009077, 45.4948935021708], [-73.3548117809592, 45.4947770465264], [-73.3546626782258, 45.4946606033047], [-73.3541231776256, 45.4942392697762], [-73.3540992258864, 45.4942205638116], [-73.3532873673133, 45.4935865093643], [-73.3532743204414, 45.4935763189625], [-73.352847665489, 45.4932430975433], [-73.3524088334142, 45.4929003600161], [-73.3523675474224, 45.492868114717], [-73.3517994960409, 45.4924244440191], [-73.3512314510241, 45.49198076867], [-73.3512309901081, 45.4919804081318], [-73.3507005699254, 45.4915661122508], [-73.3505892296417, 45.4914715999258], [-73.3505757445199, 45.4914610738964], [-73.3505072477915, 45.4914076063673], [-73.3505026131721, 45.4914039874241], [-73.3501801597992, 45.491152282327], [-73.3499335868839, 45.4909598057422], [-73.3498627306902, 45.4909044954387], [-73.3497900501898, 45.4908477600367], [-73.3496465102363, 45.4907357105451], [-73.3495029823423, 45.4906236698852], [-73.349359443527, 45.4905116200298], [-73.349215923156, 45.4903995835139], [-73.3489288598586, 45.4901754928075], [-73.3489040586955, 45.490156131329], [-73.3486418141609, 45.4899514121923], [-73.3484982774831, 45.4898393603444], [-73.3484269198098, 45.4897836552419], [-73.3484267576725, 45.4897835281485], [-73.3481086902792, 45.4895352270662], [-73.3480497323818, 45.4894892007517], [-73.3470752717452, 45.4887284560222], [-73.3468098169746, 45.488521217761], [-73.3466662709684, 45.4884091491726], [-73.3465227063783, 45.488297066879], [-73.34637914746, 45.4881849898093], [-73.3462355903904, 45.4880729125595], [-73.3460920389975, 45.4879608387341], [-73.3459484830665, 45.4878487611206], [-73.3458049340914, 45.4877366869332], [-73.3456845876181, 45.4876427281082], [-73.3456684528547, 45.4876301318672], [-73.3438915054858, 45.4862427538762], [-73.3438866598094, 45.4862389697009], [-73.3438605970661, 45.4862186200585], [-73.3437421526842, 45.4861261393086], [-73.3421699224663, 45.4848985108412], [-73.3421521005119, 45.4848845952914], [-73.3418420520168, 45.484642494763], [-73.3418319042396, 45.4846345710649], [-73.3418014366726, 45.4846107810348], [-73.3417229313419, 45.4845494782482], [-73.3416593414196, 45.4844998229951], [-73.3411739948562, 45.4841208331667], [-73.3411215171707, 45.4840798549802], [-73.3410174057494, 45.4839985547965], [-73.3409649129757, 45.4839575639183], [-73.3408608173173, 45.4838762771098], [-73.340808319664, 45.4838352825525], [-73.340704253812, 45.4837540190371], [-73.3406517283064, 45.483713001872], [-73.3405476909787, 45.4836317625478], [-73.3404951299611, 45.483590717365], [-73.3404162088001, 45.4835290882441], [-73.3403458294565, 45.4834741307693], [-73.3402082838697, 45.4833667208559], [-73.3400762387587, 45.4832636062435], [-73.3398805230907, 45.4831107694192], [-73.3396848008209, 45.4829579268472], [-73.3394760785376, 45.4827949306976], [-73.3392673510747, 45.4826319296553], [-73.3390592042867, 45.4824693780685], [-73.339027986008, 45.482444998632], [-73.3386639700321, 45.4821607211884], [-73.338659326716, 45.4821570945476], [-73.3386384228635, 45.4821407688001], [-73.3386286293428, 45.4821331863562], [-73.3388360853446, 45.4817327028681], [-73.338919874162, 45.4815709530421], [-73.3389202921956, 45.4815701446695], [-73.3389735683662, 45.4814672980236], [-73.3389942703876, 45.4814273344199], [-73.3391382319225, 45.4811494216266], [-73.3391780894357, 45.4810724769651], [-73.3392301273285, 45.4809720175404], [-73.3392308617594, 45.4809705995158], [-73.3392692205828, 45.4808965466179], [-73.3393329407895, 45.4807735336241], [-73.3393796468112, 45.4806833671726], [-73.3393803632243, 45.4806819851154], [-73.3394142958364, 45.4806164762855], [-73.3394169557019, 45.4806113409997], [-73.3394180824117, 45.4806091667541], [-73.3394551133842, 45.4805376773857], [-73.3395009598367, 45.4804491698902], [-73.3395291699003, 45.4803947094008], [-73.339564828232, 45.4803258681148], [-73.3395655189129, 45.4803245355118], [-73.3396046125539, 45.4802490626668], [-73.3396352005687, 45.4801900108703], [-73.3396786876063, 45.4801060568102], [-73.3397130992687, 45.480039621715], [-73.3397169153524, 45.4800322537243], [-73.3397192793405, 45.4800276903184], [-73.3397541101936, 45.4799604477356], [-73.3398282063502, 45.4798174004114], [-73.3399036075823, 45.4796718325938], [-73.339977724848, 45.4795287420023], [-73.340053102162, 45.4793832172377], [-73.3401272366784, 45.4792400905723], [-73.3401278475977, 45.4792389099282], [-73.3401373238645, 45.4792206149033], [-73.3401626273191, 45.4791717634237], [-73.3402767508362, 45.4789514317366], [-73.3402773398825, 45.4789502942537], [-73.3403515079872, 45.4788070999904], [-73.3403520867315, 45.4788059858887], [-73.3404262596061, 45.4786627798818], [-73.3404268306373, 45.4786616783668], [-73.3404352340956, 45.4786454532646], [-73.3405757719823, 45.478374120623], [-73.3405763198622, 45.4783730622676], [-73.3406505224587, 45.4782297985555], [-73.3406510639023, 45.4782287536884], [-73.3407434552194, 45.4780503735515], [-73.3407436982871, 45.4780499050701], [-73.3407475153831, 45.4780425361439], [-73.3408315697468, 45.4778802497724], [-73.3408317947919, 45.4778798217587], [-73.3409650536165, 45.4776225277742], [-73.3409651822227, 45.4776222795954], [-73.3409878966872, 45.4775784229663], [-73.3410998260052, 45.4773651070499], [-73.3410999726006, 45.477364829201], [-73.3411000304547, 45.4773647239994], [-73.3411334718942, 45.4773009830373], [-73.341183940213, 45.4771940010794], [-73.3411841048964, 45.4771936584666], [-73.3412103876876, 45.4771379377648], [-73.3412240784875, 45.4771089160221], [-73.3412749970723, 45.4770099999782], [-73.3413488976196, 45.476866443808], [-73.3413493490461, 45.4768655616847], [-73.3413504782202, 45.4768633676254], [-73.3413559093076, 45.476852817259], [-73.3413905439663, 45.4767957556405], [-73.3414336261234, 45.4767247787993], [-73.3414337237783, 45.4767246196619], [-73.3414342442107, 45.4767237592304], [-73.3414734404416, 45.476659182093], [-73.3415034116244, 45.4766098040624], [-73.3415043059944, 45.4766083250544], [-73.341513579968, 45.4765815719602], [-73.3415139010524, 45.476580644663], [-73.341565551176, 45.4764316538851], [-73.3415658967574, 45.4764306564336], [-73.3415673358046, 45.4764265083331], [-73.3415755832959, 45.4764027161072], [-73.3416068307375, 45.4763391879164], [-73.3416332039466, 45.4762855998728], [-73.3416336812776, 45.4762845990043], [-73.341633704434, 45.4762845513445], [-73.34170457711, 45.476140460718], [-73.3417050775066, 45.476139443684], [-73.3417101329406, 45.4761291636329], [-73.34177557997, 45.4759940549167], [-73.3418454881679, 45.4758497333984], [-73.3418460091901, 45.4758486570023], [-73.3419164444723, 45.475703248251], [-73.3419221846686, 45.4756913971037], [-73.3419829122488, 45.4755581471112], [-73.3419834334643, 45.4755569996267], [-73.3420448286919, 45.4754222747717], [-73.3420501230707, 45.4754106596609], [-73.3421034091278, 45.4752937324422], [-73.3421162512301, 45.4752655534673], [-73.3421168071773, 45.4752643331425], [-73.3421168483573, 45.4752642432146], [-73.3421170362503, 45.4752638295444], [-73.3421834960815, 45.4751179966897], [-73.342205686175, 45.4750693041934], [-73.3422238829727, 45.4750293751923], [-73.3422495913806, 45.4749729614541], [-73.3422501820639, 45.4749716664891], [-73.3423168664212, 45.4748253362436], [-73.3423441588002, 45.474765447657], [-73.3423793152872, 45.4746883009372], [-73.3423835491384, 45.4746790113523], [-73.3424502366656, 45.4745326720273], [-73.3425019562287, 45.4744191771631], [-73.3425169199872, 45.4743863407525], [-73.3425829337898, 45.4742414788637], [-73.3425836068222, 45.4742400013413], [-73.342650267566, 45.4740937212413], [-73.3426600657071, 45.4740722193764], [-73.3427162690975, 45.4739488862466], [-73.3427169549854, 45.4739473826454], [-73.3427829368745, 45.4738025889743], [-73.3427836382018, 45.4738010511997], [-73.3428209656763, 45.4737191372254], [-73.342850561613, 45.4736565278362], [-73.3428512988458, 45.4736549550165], [-73.3429201622236, 45.4735092482779], [-73.3430072105236, 45.4733250601952], [-73.3430497124983, 45.4732430083752], [-73.3430628695294, 45.4732176084469], [-73.3430990301449, 45.4731475482671], [-73.343104075987, 45.4731377711508], [-73.3432291914276, 45.4728953583102], [-73.3432405577514, 45.4728731818574], [-73.3432413524567, 45.4728716307102], [-73.3432474425984, 45.4728597529752], [-73.3432635359968, 45.4728283451669], [-73.3433164620653, 45.4727250765287], [-73.3433190556621, 45.4727200544349], [-73.3433269855403, 45.4727047247022], [-73.3433323219647, 45.4726943648721], [-73.343333025335, 45.472693002567], [-73.3434060071541, 45.4725516708214], [-73.3434615948327, 45.4724440243993], [-73.3434616334107, 45.472443948865], [-73.3434616745591, 45.4724438688349], [-73.343538811595, 45.4722944908517], [-73.3436159790841, 45.4721450525644], [-73.3436160305184, 45.4721449527516], [-73.3436931301624, 45.4719953883366], [-73.3437702281062, 45.4718458283626], [-73.343847328219, 45.4716962611368], [-73.3438503524973, 45.4716903955612], [-73.3438533163468, 45.4716846450835], [-73.343869840593, 45.471652587182], [-73.3438858710544, 45.471621489641], [-73.3438941453746, 45.4716054377586], [-73.3439235612769, 45.4715483744867], [-73.3439244253552, 45.4715466974504], [-73.3440777324639, 45.471249292808], [-73.3440786209592, 45.4712475699115], [-73.3441052218481, 45.4711959666255], [-73.344123698949, 45.4711601211887], [-73.3441395118261, 45.4711294462412], [-73.3441557194296, 45.4710980051592], [-73.3441878105623, 45.4710357506397], [-73.3441919842836, 45.4710276531988], [-73.3442225949954, 45.4709665520547], [-73.3442309051295, 45.4709499647852], [-73.3442317950456, 45.4709481869986], [-73.3443069679761, 45.4707981362921], [-73.344310930123, 45.4707902266264], [-73.3443197790332, 45.4707725647654], [-73.3443812158786, 45.4706499325604], [-73.3443821134959, 45.4706481412854], [-73.344416963684, 45.4705785764878], [-73.3444572843454, 45.470498091369], [-73.3445024813072, 45.4704078738138], [-73.3445324535013, 45.4703480467961], [-73.3445996646992, 45.4702138862665], [-73.3446066783615, 45.4701998851678], [-73.3446076222623, 45.4701980003695], [-73.3446853856895, 45.4700427733905], [-73.3446968461463, 45.4700198977275], [-73.3447621687842, 45.4698895057919], [-73.3447631499652, 45.4698875472553], [-73.3447940282017, 45.4698259099998], [-73.3448399133503, 45.4697343173672], [-73.3448409086728, 45.4697323300539], [-73.3448912095912, 45.4696319212822], [-73.3449483039263, 45.4695179510921], [-73.344949656732, 45.4695152497833], [-73.3449883890335, 45.4694379324726], [-73.3450521813589, 45.4693105923673], [-73.345085569084, 45.4692439444744], [-73.3451775881006, 45.4690602553582], [-73.3451904266591, 45.4690346270729], [-73.3452476098017, 45.4689204759721], [-73.3452507294101, 45.4689142496464], [-73.3452799259063, 45.4688559664062], [-73.3453481468363, 45.4687197830092], [-73.3453490598272, 45.4687179593521], [-73.345377103952, 45.4686619781375], [-73.3454207047544, 45.4685749398943], [-73.3454216344496, 45.4685730856645], [-73.3454742800482, 45.4684679906768], [-73.3454834445575, 45.4684496974517], [-73.3454932635813, 45.4684300958312], [-73.3454942048528, 45.4684282155207], [-73.3455597964136, 45.4682972781481], [-73.3455650364133, 45.4682868019948], [-73.3455690933963, 45.4682786899442], [-73.3456216102966, 45.4681736909931], [-73.3456568383429, 45.4681032570438], [-73.3457532099311, 45.467909071173], [-73.3457626152014, 45.4678901195594], [-73.3457626679216, 45.4678900143483], [-73.3458495795796, 45.4677148843117], [-73.3458677166982, 45.467679081305], [-73.3458704823913, 45.4676736229544], [-73.3459466011675, 45.4675233716927], [-73.3461342894764, 45.4671528905208], [-73.346173094589, 45.4670762909539], [-73.3461838678397, 45.467055024934], [-73.3461845261403, 45.4670537255387], [-73.3461967958968, 45.4670441163759], [-73.3462062205625, 45.4670367359064], [-73.3462140586404, 45.4670305986911], [-73.3463644299962, 45.4669128461364], [-73.3465869421668, 45.4670535306237], [-73.3466283542104, 45.4670797142466], [-73.3470386066522, 45.4665250557281], [-73.3470841025151, 45.4664644254246], [-73.3471750952267, 45.4663431647625], [-73.3472660888264, 45.4662219040265], [-73.3473570807566, 45.4661006432133], [-73.3474480722962, 45.4659793823245], [-73.3475390634451, 45.46585812136], [-73.3477500124773, 45.4655769946957], [-73.3481191593713, 45.4651027274775], [-73.3481194968535, 45.4651022959986], [-73.348134835047, 45.4650817035449], [-73.3481898847645, 45.4650078226088], [-73.3484613464545, 45.4646434921415], [-73.3484821965827, 45.4646155092904], [-73.3485793638668, 45.4644850996936], [-73.3486423193962, 45.46440060449], [-73.3487214248632, 45.4642944352716], [-73.3488232907793, 45.4641577174393], [-73.3488822401589, 45.4640785996958], [-73.3489827115617, 45.4639437506583], [-73.3490042606085, 45.4639148291897], [-73.3491852288792, 45.4636719415409], [-73.3492757130727, 45.4635504967053], [-73.3493398279488, 45.4634644422942], [-73.3493617423836, 45.4634350299199], [-73.3493661955961, 45.4634290526931], [-73.3493706756352, 45.4634230853999], [-73.349452548145, 45.463314035288], [-73.3494526341279, 45.4633139202206], [-73.3495435753969, 45.4631927943144], [-73.3496346035368, 45.4630715532668], [-73.3496602758313, 45.4630373603798], [-73.3497256300073, 45.4629503121419], [-73.349734709279, 45.4629382184094], [-73.3498139778717, 45.4628326389232], [-73.3498312033847, 45.4628096956083], [-73.3499076830525, 45.4627078305668], [-73.3500897345374, 45.4624653477894], [-73.3502339788484, 45.4622711253788], [-73.3502702451006, 45.4622222930869], [-73.3504148256763, 45.4620276164564], [-73.3505229585594, 45.4618820156451], [-73.3506312628461, 45.4617361827907], [-73.3507608368809, 45.4615617084062], [-73.3507758884146, 45.4615414418561], [-73.3508117687498, 45.4614931271954], [-73.3508626992115, 45.4614245477588], [-73.3509020211203, 45.4613715988362], [-73.3509922743813, 45.4612500704043], [-73.351082525973, 45.4611285427962], [-73.3512411871544, 45.4609148957055], [-73.3512630459595, 45.4608854621843], [-73.3513114640226, 45.4608202636045], [-73.3513532784231, 45.4607639577257], [-73.3515337793931, 45.4605209009417], [-73.3516240286575, 45.4603993719874], [-73.3517749595135, 45.4601961289507], [-73.3518045260192, 45.4601563147554], [-73.3519850231067, 45.4599132572275], [-73.3519987110045, 45.4598948253374], [-73.3520752704299, 45.4597917279012], [-73.3521655173625, 45.4596701994004], [-73.3521720321145, 45.4596614270944], [-73.3522557639093, 45.4595486699254], [-73.3523460100654, 45.4594271412758], [-73.3524362558357, 45.459305611652], [-73.3525609593704, 45.4591376806686], [-73.3525716250407, 45.4591233175284], [-73.3525965479396, 45.4590897546855], [-73.3527069920935, 45.4589410232358], [-73.3528874801378, 45.4586979642186], [-73.3530276556314, 45.4585091923037], [-73.3531594667587, 45.4583316818834], [-73.3531682420749, 45.4583198646314], [-73.3532015264003, 45.4582750408744], [-73.3532467001035, 45.4582142042487], [-73.3532727295352, 45.4581791498229], [-73.3533206463882, 45.4581146210052], [-73.3533509510764, 45.4580738085091], [-73.353360029129, 45.4580615830985], [-73.353498480816, 45.4578751281862], [-73.3535913712329, 45.4577500304023], [-73.3536941731631, 45.4576115824566], [-73.3537718516686, 45.4575069699273], [-73.3538038160225, 45.4574639215033], [-73.3538126103182, 45.4574520772289], [-73.353922164025, 45.4573045357239], [-73.3540346784974, 45.4571530061568], [-73.3540425694097, 45.4571423791071], [-73.3541442310468, 45.4570054635298], [-73.354256743045, 45.4568539355325], [-73.3543132849383, 45.4567777867194], [-73.3543751770218, 45.4566944305961], [-73.3544870937347, 45.4565437006721], [-73.3544876890668, 45.4565428996636], [-73.3544937591634, 45.4565347250546], [-73.3545795550855, 45.4564191747137], [-73.3545972392483, 45.4563953574833], [-73.3546742331146, 45.456291663094], [-73.3547097513787, 45.4562438272241], [-73.3548193004029, 45.4560962839218], [-73.3549377299229, 45.4559367792752], [-73.3549449392136, 45.4559270691431], [-73.3550609367141, 45.4557708394318], [-73.3550925591069, 45.4557282482242], [-73.3551254080048, 45.4556840064373], [-73.3552156430979, 45.4555624745245], [-73.3552632860847, 45.4554983071551], [-73.3553058765244, 45.4554409425358], [-73.3553206977099, 45.4554209801228], [-73.3553403493621, 45.455394512505], [-73.3554863422107, 45.4551978792352], [-73.3556668063445, 45.4549548156371], [-73.3558472702045, 45.4547117517433], [-73.3560250678226, 45.4544722745987], [-73.3560277312336, 45.4544686875505], [-73.3560901724926, 45.4543845842803], [-73.356115308028, 45.454350729358], [-73.3561155466575, 45.4543504075119], [-73.3561179624434, 45.4543471557941], [-73.3561205154983, 45.4543437215793], [-73.3561206360938, 45.454343559758], [-73.3561206874097, 45.454343491434], [-73.3562984211462, 45.4541040902553], [-73.3564026325805, 45.4539637239745], [-73.3565239923384, 45.4538002592635], [-73.3566003081975, 45.4536974553295], [-73.3566593249566, 45.4536179537752], [-73.3567433737128, 45.4535047301719], [-73.3568335903356, 45.4533831987114], [-73.3569472746367, 45.453230051505], [-73.3570140275516, 45.4531401274749], [-73.3571079313119, 45.4530136278278], [-73.3571937717375, 45.4528979891222], [-73.3572059527063, 45.4528815793667], [-73.3572839979706, 45.4527764411077], [-73.3573418720209, 45.4526996130178], [-73.3573751172996, 45.4526554790377], [-73.3574662349622, 45.4525345159905], [-73.3575573535111, 45.452413553769], [-73.3576336202822, 45.4523125073678], [-73.3576487558418, 45.4522924550485], [-73.3577400517648, 45.4521713165264], [-73.3578044050838, 45.4520859278792], [-73.3579226411561, 45.4519290401523], [-73.3580139346243, 45.4518079023004], [-73.3580392025644, 45.4517743728503], [-73.3580568174977, 45.4517509995054], [-73.3581965216788, 45.4515656209709], [-73.3582122213299, 45.4515447882036], [-73.3582878126968, 45.4514444819895], [-73.3584703871755, 45.4512022001913], [-73.3585157460977, 45.4511420095291], [-73.3586388359257, 45.4509786724123], [-73.358744255536, 45.4508387814351], [-73.3588359149135, 45.4507171493371], [-73.358926833768, 45.450596500686], [-73.3590762358016, 45.4503982822347], [-73.359109438534, 45.4503542304658], [-73.3591956195647, 45.4502387031037], [-73.3592000052496, 45.4502328243801], [-73.359368534495, 45.4500069910664], [-73.3594626428617, 45.4498808829012], [-73.3594717822523, 45.4498686354664], [-73.3595612298276, 45.4497468020773], [-73.3595906389564, 45.4497067453401], [-73.3596506770172, 45.4496249686152], [-73.3597028925285, 45.4495538472923], [-73.3597400943145, 45.4495031764369], [-73.3599178166796, 45.4492591198761], [-73.3599569059924, 45.4492054862507], [-73.3599578629551, 45.4492041736404], [-73.3601015429813, 45.4490070347053], [-73.3601056696999, 45.449001371593], [-73.3601343373354, 45.4489620372833], [-73.360161398721, 45.4489260097548], [-73.3601624030361, 45.4489246729047], [-73.3602031387028, 45.4488704410062], [-73.3602313761881, 45.448832847358], [-73.3602377368336, 45.4488243785367], [-73.3602544355976, 45.4488021474316], [-73.3602544958813, 45.4488020674185], [-73.3602545407728, 45.4488020080832], [-73.3602547536935, 45.4488017239905], [-73.3602583669056, 45.4487969133038], [-73.3603116382697, 45.4487257416924], [-73.3603178476086, 45.4487174463528], [-73.3603229551473, 45.4487106218232], [-73.3603812812805, 45.448632697572], [-73.3603986483856, 45.4486094954219], [-73.3604016613347, 45.4486054695676], [-73.3604160308709, 45.4485862716915], [-73.3604232124281, 45.4485766772481], [-73.3604304222036, 45.4485670441451], [-73.360438986452, 45.4485556021946], [-73.360445858884, 45.448546420404], [-73.3604484844636, 45.4485429132897], [-73.3604491411775, 45.4485420367364], [-73.3604576105025, 45.4485307215476], [-73.3604593844041, 45.4485283517051], [-73.3604644470152, 45.4485215874042], [-73.3604661567822, 45.448519303869], [-73.3604747453882, 45.4485078286509], [-73.3604755034335, 45.4485068154438], [-73.3604825926184, 45.4484973450633], [-73.3604877616831, 45.4484904387147], [-73.3604933771066, 45.4484829363092], [-73.3604966824818, 45.4484785211735], [-73.3605029174212, 45.4484701907605], [-73.3605041833933, 45.4484684987854], [-73.3605042500906, 45.4484684097815], [-73.3607041570577, 45.4482013284365], [-73.3607998694684, 45.4480734528769], [-73.3612192971784, 45.4475130719999], [-73.3615445175551, 45.4470785492716], [-73.3615822382537, 45.4470281510785], [-73.3621627912265, 45.4462524615651], [-73.3630167869597, 45.4451113756426], [-73.3634338047229, 45.4449938341329], [-73.3641311284077, 45.4454941737376], [-73.3648436027644, 45.446049137201], [-73.3648647702208, 45.4460656241413], [-73.36486491951, 45.4460657412987], [-73.3650640644067, 45.4462208574824], [-73.3651589495579, 45.4462983802142], [-73.3658303694591, 45.4468469324184], [-73.3659298532654, 45.4469230552335], [-73.3660000935058, 45.4469768003322], [-73.3660703274983, 45.4470305408807], [-73.3663709867413, 45.4472605937349], [-73.3663923446373, 45.447276936635], [-73.3671388553906, 45.4478481236472], [-73.3677194718128, 45.4482923659975], [-73.3678710747583, 45.4481760322347], [-73.3680159200914, 45.4480648817062], [-73.3681607635729, 45.4479537327894], [-73.3683056064874, 45.4478425827863], [-73.3684504501134, 45.4477314316984], [-73.3687673539122, 45.4474882422765], [-73.3688850685038, 45.4473979081315], [-73.3690299149752, 45.447286752704], [-73.3691747544753, 45.4471756015819], [-73.3692158791247, 45.4471440413707], [-73.3692713112678, 45.4471015013273], [-73.3693195934085, 45.4470644493736], [-73.3694114011513, 45.446993993366], [-73.3692248861151, 45.4468709699723], [-73.3690003418352, 45.4467228597803], [-73.3683212596346, 45.446226465601], [-73.3685960874781, 45.4460403839935], [-73.3688083174313, 45.4458966857717], [-73.3699589679062, 45.4450582827064], [-73.3714977442938, 45.4439370190331], [-73.3719994985924, 45.4443055212866], [-73.3735654763954, 45.4431098611689], [-73.3740775143657, 45.443478968631], [-73.3740883919469, 45.4434868093396], [-73.3741179698175, 45.4434642268423], [-73.3755901150231, 45.4423401338223], [-73.3756306432207, 45.4423091861247], [-73.3756263282124, 45.4423060625367], [-73.3755015478809, 45.4422157793496], [-73.3753417324968, 45.4421001431358], [-73.3751981393413, 45.4418632071553], [-73.3740156703494, 45.4399119896511], [-73.3737804911428, 45.4395401968246], [-73.3735435539323, 45.4391671309504], [-73.3728052539214, 45.4380037915074], [-73.3730366388422, 45.438027048279], [-73.3732305304181, 45.4380465375847], [-73.3735456858252, 45.4380782135061], [-73.3744480900911, 45.4381689099263], [-73.3748057257127, 45.4382048520663], [-73.3751337641875, 45.4382378200155], [-73.3752570617721, 45.4382502107332], [-73.3754823300887, 45.4382728493686], [-73.3760979656755, 45.4383347142337], [-73.3766198471941, 45.4383871547709], [-73.3788472345399, 45.4377516903474], [-73.3789858263816, 45.4377121456165], [-73.3783527877975, 45.4372489259795], [-73.3776031077582, 45.4367003401311], [-73.3774719402876, 45.4366043560892], [-73.3779060121461, 45.43630109864], [-73.3780615697434, 45.4361909346314], [-73.3781845816759, 45.4361038214553], [-73.3781858796893, 45.4361029022891], [-73.3781871533812, 45.4361020001942], [-73.3786997053947, 45.4357390217789], [-73.3787987487911, 45.4356705697449], [-73.3790797634078, 45.435476352453], [-73.3787200934086, 45.4352208526607], [-73.3779439088454, 45.4346695870395], [-73.3775285644932, 45.4343745770526], [-73.378588803563, 45.4335959303839], [-73.3786022382218, 45.4335860633636], [-73.3796235375945, 45.4328359836598], [-73.3796354294123, 45.4328272496071], [-73.379636080965, 45.4328267715712], [-73.3797598158118, 45.4327358942184], [-73.3797795462945, 45.4327221886077], [-73.3798326515115, 45.4326853018665], [-73.3798860561435, 45.432648218347], [-73.3801802212477, 45.4328441304268], [-73.3804373610097, 45.4330153829805], [-73.3813191667963, 45.4336026448883], [-73.3814209623627, 45.4336704367389], [-73.3814470079656, 45.4336877823672], [-73.3815059466184, 45.4337270339714], [-73.3815471484627, 45.4337544718649], [-73.3816853335698, 45.4338464982861], [-73.3817353408926, 45.4338798005823], [-73.381738965632, 45.4338822141445]]]}}, {"type": "Feature", "properties": {"district_id": "Parc-Michel-Chartrand"}, "geometry": {"type": "Polygon", "coordinates": [[[-73.4796150654681, 45.5641862673577], [-73.479498431836, 45.5640976191858], [-73.4792120094014, 45.5642841011171], [-73.4790228531064, 45.5644072546475], [-73.4789647622498, 45.5644496576176], [-73.4784261396645, 45.5640356157733], [-73.477533091815, 45.5633491054792], [-73.4758763101769, 45.5621006973671], [-73.475717326236, 45.5619807401305], [-73.4751678757759, 45.5615661594379], [-73.474282644336, 45.5608980546339], [-73.4729909188412, 45.5599025535362], [-73.4719067722952, 45.5590829453127], [-73.4709164229114, 45.5583342179593], [-73.4690157217507, 45.556890869581], [-73.4649578286394, 45.5538090455815], [-73.4648175199341, 45.5537024772726], [-73.4599183025078, 45.5499840327872], [-73.4584037367916, 45.5488343541956], [-73.4565979903622, 45.5474607548901], [-73.4563566725096, 45.5472571173133], [-73.4562534268074, 45.547169991677], [-73.4557668790116, 45.5465863909952], [-73.4556910297182, 45.546494281353], [-73.4555872254422, 45.5463682216678], [-73.4552780799804, 45.54612355614], [-73.4547513789582, 45.5457067046884], [-73.4545579552949, 45.545553619724], [-73.4545432554716, 45.5455419861892], [-73.4550772342346, 45.545191305272], [-73.4551663520593, 45.5451175127431], [-73.4552481266827, 45.5450396351589], [-73.4553221797335, 45.5449580325467], [-73.4553881690104, 45.5448730824941], [-73.4554457894447, 45.5447851774496], [-73.4554947747008, 45.5446947242731], [-73.4555348984586, 45.5446021408616], [-73.4555659747334, 45.5445078554743], [-73.4555878601182, 45.5444123040334], [-73.4556771511601, 45.5435823203342], [-73.4558419567095, 45.5426899376725], [-73.4558612660522, 45.5425853795851], [-73.4558939970572, 45.5423772707387], [-73.4559388468861, 45.5420920973105], [-73.456446975875, 45.5388610665272], [-73.4565069126125, 45.5384799262742], [-73.4565973397928, 45.5381072569258], [-73.4566543232963, 45.5378977747586], [-73.4569079239393, 45.5372330651891], [-73.4570885949501, 45.5368816655476], [-73.4574630163692, 45.5362581666317], [-73.4578103442139, 45.5358039609405], [-73.4580162919033, 45.5355758531871], [-73.458401169756, 45.53514955442], [-73.4608181103151, 45.5331395718586], [-73.4612060937072, 45.5327540524029], [-73.4615222678339, 45.532411348753], [-73.4616266705023, 45.5322981841798], [-73.46174904759, 45.5323618663017], [-73.4622534569947, 45.532646596312], [-73.4639621989656, 45.5336111117257], [-73.4650255242319, 45.5345270276487], [-73.4655880646981, 45.5350604794683], [-73.4658695065544, 45.5353273631931], [-73.4665063150992, 45.5359312188064], [-73.4668000612934, 45.5361765103934], [-73.4670376001902, 45.5363380748897], [-73.4671276388358, 45.5363993150063], [-73.4675067393894, 45.5365749350407], [-73.4677081386912, 45.5366575144769], [-73.4681707584987, 45.5367987352795], [-73.4685414504773, 45.5368908769689], [-73.468723204546, 45.5369360537396], [-73.4689818763404, 45.537000349288], [-73.469165194303, 45.5370459145091], [-73.4691970329131, 45.5370538281731], [-73.4703595816668, 45.5373427793725], [-73.4709869430471, 45.5374419225692], [-73.4713539821711, 45.5374627150582], [-73.4721437036292, 45.5375074487132], [-73.4747549516314, 45.5373327185815], [-73.4759295047391, 45.5372541049034], [-73.4773327207135, 45.5373938667784], [-73.477334805079, 45.5373943198103], [-73.4774331543981, 45.5374156771316], [-73.4777296469227, 45.5374867739017], [-73.4779817144248, 45.537547216268], [-73.4786787102097, 45.5377143439504], [-73.4797407350632, 45.5380901321521], [-73.4804775568162, 45.5383250028718], [-73.4805438604866, 45.5383461378697], [-73.4806312864935, 45.5383676399464], [-73.481254547779, 45.5385209259578], [-73.4813789497488, 45.5385515209818], [-73.4817331469488, 45.538638630246], [-73.481824531461, 45.5386611047655], [-73.4819227853357, 45.5386888200529], [-73.4826002224385, 45.5388799094466], [-73.482694700019, 45.5389065589861], [-73.4827767612266, 45.5389365827666], [-73.4837332581716, 45.5392865320705], [-73.4849798570404, 45.5397426017774], [-73.4861910576774, 45.5401821865484], [-73.4863845633263, 45.5402510983906], [-73.4865824285173, 45.5403135990756], [-73.486784223621, 45.5403695524307], [-73.4868850701199, 45.540394701005], [-73.4870863299123, 45.5404395113043], [-73.4870863750478, 45.5404395212077], [-73.487290320233, 45.5404778706192], [-73.4872903660092, 45.5404778789478], [-73.4874966229513, 45.5405096949795], [-73.4875561019581, 45.5405176002442], [-73.4881995315804, 45.5405361412663], [-73.4885681365266, 45.5405434134313], [-73.4891155620693, 45.540528844534], [-73.4893172232817, 45.5405281508947], [-73.4895186994724, 45.5405342623514], [-73.4897194781947, 45.5405471633371], [-73.4897195252527, 45.5405471667157], [-73.4899192377971, 45.5405668320057], [-73.4900588288132, 45.540601616646], [-73.4901946880884, 45.5406430332706], [-73.4901947281021, 45.5406430458718], [-73.4903262439446, 45.5406909100879], [-73.4904528113841, 45.5407450024122], [-73.4905389856557, 45.5407904128909], [-73.4906214777302, 45.5408390828873], [-73.4907000385766, 45.5408908657155], [-73.4907871938662, 45.5409556268594], [-73.4908661175585, 45.5410223334011], [-73.4908661402844, 45.5410223534243], [-73.4909389488247, 45.5410924421389], [-73.4909401190249, 45.5410936489133], [-73.4909955807824, 45.5411542136876], [-73.4909956079886, 45.5411542445092], [-73.4910464865687, 45.5412167682922], [-73.4910465092934, 45.5412167970888], [-73.4910926836996, 45.5412811356783], [-73.4911208393294, 45.5413250337244], [-73.49114375821, 45.5413735655186], [-73.4911706766229, 45.5414419808675], [-73.4911918178437, 45.5415113909839], [-73.491204691396, 45.5415683579623], [-73.4912046993934, 45.541568396206], [-73.4912136842572, 45.5416257691598], [-73.4912181267512, 45.5416729943007], [-73.4912199275002, 45.5417203056224], [-73.4911346219727, 45.543425452221], [-73.4911201148436, 45.5437154189945], [-73.4911208969426, 45.5438233283768], [-73.4911300485627, 45.5439458229604], [-73.4911479684704, 45.5440678383823], [-73.4911746113097, 45.5441890644163], [-73.4912099096325, 45.5443091939817], [-73.4912537735776, 45.5444279217942], [-73.491309095805, 45.5445510873288], [-73.4913091102069, 45.5445511183742], [-73.4913736638977, 45.5446720719909], [-73.4914472583487, 45.5447904515882], [-73.4915296749961, 45.5449059076585], [-73.4915296967619, 45.5449059373547], [-73.4916207231108, 45.545018169768], [-73.491720077513, 45.5451268346335], [-73.4917201063222, 45.545126865455], [-73.4918275477704, 45.5452316973946], [-73.4924538960288, 45.5457339491025], [-73.4925429371969, 45.5458063890799], [-73.4923328521868, 45.5459453495116], [-73.4907156775552, 45.5470149954607], [-73.4905509469848, 45.547115466668], [-73.4898680093719, 45.5475434566224], [-73.48915625555, 45.5479894940418], [-73.4875720493133, 45.5489701305517], [-73.4864442655971, 45.5496696354968], [-73.4864285834843, 45.5496793626599], [-73.4852906315153, 45.5503458273511], [-73.483952975579, 45.5510308334601], [-73.4840679007765, 45.5511526044961], [-73.4845316589508, 45.5516439811226], [-73.4845996317123, 45.5517305771993], [-73.4846591898985, 45.5518201798049], [-73.4847057539809, 45.5519038066318], [-73.4847449862805, 45.5519892699238], [-73.4847767408458, 45.5520762527018], [-73.4847998502515, 45.5521598972803], [-73.4848167544778, 45.5522491506023], [-73.4848258731032, 45.5523389623594], [-73.4848271722403, 45.5524289975851], [-73.484821579222, 45.5525106051608], [-73.4848095609285, 45.5525918699436], [-73.4847911539021, 45.5526725422319], [-73.484777908575, 45.5527418133907], [-73.4844120966567, 45.5541590045199], [-73.4843841167688, 45.5542809967407], [-73.4843568814075, 45.5543896762193], [-73.4843343387292, 45.5544988849859], [-73.4843198429222, 45.5545855915513], [-73.4843083050792, 45.5546725171797], [-73.4843018630905, 45.5547348838593], [-73.4842934603694, 45.5548619475041], [-73.4842913698451, 45.5549891397901], [-73.4842955938447, 45.5551163059462], [-73.484306127651, 45.5552432911996], [-73.4843324260646, 45.55564822051], [-73.4843614522637, 45.5560838165286], [-73.4843675034834, 45.5561746286831], [-73.4843791346049, 45.5562545949905], [-73.4844034401198, 45.5563754992086], [-73.4844357014666, 45.5564954812726], [-73.4844785870522, 45.5566215818451], [-73.4845302594339, 45.5567460458895], [-73.4845563203099, 45.5568013865485], [-73.4846013000857, 45.5568884516237], [-73.4846667121608, 45.5570006308843], [-73.4847394075573, 45.5571105752142], [-73.4848192320255, 45.5572180515219], [-73.4848806774774, 45.5572987721339], [-73.4855514070969, 45.5581094289693], [-73.4856658403951, 45.5582714135851], [-73.4857052799517, 45.5583457063828], [-73.4857353114125, 45.5584221391478], [-73.4857557046466, 45.5585001251666], [-73.4857663025345, 45.55857906581], [-73.4857670241704, 45.5586583550321], [-73.4857576868871, 45.5587383675912], [-73.4857382929723, 45.5588174842334], [-73.4857089943318, 45.5588950820621], [-73.4856700222891, 45.5589705505613], [-73.4856216827824, 45.5590432960938], [-73.4855643563645, 45.5591127459515], [-73.4854146159357, 45.5592611995942], [-73.4849729970709, 45.559616576899], [-73.4848917162066, 45.559684053747], [-73.4843135365033, 45.5602418730203], [-73.4840800783044, 45.560529787645], [-73.483858240032, 45.5608173434865], [-73.4838510216676, 45.5608267007406], [-73.4830409637316, 45.5620453274661], [-73.4829151524651, 45.5622175900085], [-73.4824175177616, 45.5627931516749], [-73.4823378366543, 45.5628778569304], [-73.4822702757573, 45.5629540212142], [-73.4821981872594, 45.5630281090604], [-73.4821217002552, 45.5630999877551], [-73.4820401731702, 45.5631699588579], [-73.4819527047076, 45.5632362954351], [-73.4818596232052, 45.5632987493961], [-73.4817536457085, 45.5633613166254], [-73.4816420987358, 45.5634189092556], [-73.4815254550784, 45.563471283492], [-73.4814042086638, 45.5635182175904], [-73.4815167930736, 45.5636120066195], [-73.4817160252385, 45.5637779760881], [-73.4813955600394, 45.5641288639367], [-73.4812512352779, 45.5642868925003], [-73.4810377074696, 45.5644258014489], [-73.4804478372891, 45.5648095394784], [-73.4804410230889, 45.5648139717913], [-73.4804292584001, 45.5648050317314], [-73.480052431728, 45.5645186890542], [-73.4796150654681, 45.5641862673577]]]}}, {"type": "Feature", "properties": {"district_id": "Parc-de-la-Cité"}, "geometry": {"type": "Polygon", "coordinates": [[[-73.4088534738718, 45.494940561952], [-73.4087033088585, 45.4948580648739], [-73.4075937013273, 45.4942484566372], [-73.4070846597434, 45.4940054537187], [-73.4065347772837, 45.4937571789167], [-73.403993267766, 45.4926096327032], [-73.403503639485, 45.4923719049607], [-73.4033494262605, 45.492289822114], [-73.4030803211418, 45.4921465844597], [-73.4025699112243, 45.491842339218], [-73.402411274231, 45.4917409046565], [-73.4020169805523, 45.4914726751749], [-73.4011000289153, 45.4907248398865], [-73.4007220861584, 45.4903575380868], [-73.400152849625, 45.4897750733346], [-73.3985677497406, 45.4881530615324], [-73.3981510971765, 45.4877258661485], [-73.3965387879087, 45.4860795198999], [-73.3964172772721, 45.4859554389127], [-73.395696484482, 45.4852194307207], [-73.3953872912328, 45.4849294542466], [-73.3951450832499, 45.4847236785373], [-73.3948789728575, 45.4845132838995], [-73.3944051904848, 45.4841657834574], [-73.3942382539206, 45.4840508410408], [-73.3938300242361, 45.483797155639], [-73.3933458362294, 45.4835297472046], [-73.3931813743379, 45.4834389169228], [-73.3896425555879, 45.4816093604702], [-73.3895369414215, 45.4815547546807], [-73.3894018770122, 45.4814851954275], [-73.3861181720011, 45.4798050991612], [-73.3858903410702, 45.4796885233972], [-73.3852877945497, 45.4793763497061], [-73.3850717225541, 45.4792633475023], [-73.3856071683285, 45.4785308839653], [-73.3882279441674, 45.4749454773631], [-73.3884335964029, 45.4746661227251], [-73.3900464604596, 45.4724751271524], [-73.3909828341184, 45.4713435945429], [-73.3910401489945, 45.4712855658239], [-73.3919692302117, 45.4703448910788], [-73.3933731273498, 45.4689735902616], [-73.3936371020541, 45.4687076332426], [-73.3937843160833, 45.4685593131915], [-73.3938430097963, 45.468500178406], [-73.3938432711456, 45.46849993389], [-73.3938507341212, 45.4684927222392], [-73.3976352190164, 45.4705509785453], [-73.3977246027004, 45.4705997979941], [-73.4028357896748, 45.4733911497651], [-73.4039595617525, 45.4740048038018], [-73.4067487401761, 45.4755223097588], [-73.4068679479098, 45.4755871636386], [-73.4098907193355, 45.4772367326644], [-73.4117903360174, 45.4782680904529], [-73.4122780136879, 45.4785328536685], [-73.4162636571555, 45.480706397916], [-73.4167605800915, 45.4809773980917], [-73.4183174459625, 45.4818264132168], [-73.4183857940503, 45.4818632963874], [-73.4190192614571, 45.4822051345856], [-73.4190573673457, 45.4822263781734], [-73.4194510625575, 45.4824458554582], [-73.419603792681, 45.4825285725535], [-73.4196041518569, 45.4825287671731], [-73.4205430043157, 45.4830372316866], [-73.4234517246844, 45.484630561734], [-73.428516607483, 45.4874045976009], [-73.4318075482495, 45.4892067775059], [-73.4318446579325, 45.4892270983646], [-73.4317904165955, 45.4893032208036], [-73.4316901467553, 45.4894439398944], [-73.4316710482315, 45.4894707420638], [-73.4315114224045, 45.4896947601488], [-73.4314240974686, 45.4896642794913], [-73.4313804842223, 45.489725485075], [-73.4313366337942, 45.4897870252413], [-73.4312931241624, 45.4898480859775], [-73.4312712828079, 45.4898787368664], [-73.4312057624438, 45.4899706868096], [-73.4311185707938, 45.490093047416], [-73.4310462871446, 45.4901944892526], [-73.4310313800443, 45.4902154088537], [-73.430987527576, 45.4902769488795], [-73.4309803610758, 45.4902870057191], [-73.4309220062857, 45.4903689004526], [-73.4309006784387, 45.4903988290026], [-73.4308564822244, 45.4904608510852], [-73.4307698375715, 45.490582445078], [-73.430682300211, 45.4905522552792], [-73.4306026460839, 45.4906640387738], [-73.4305229890816, 45.4907758231088], [-73.4302603831715, 45.4906852565496], [-73.4301801007276, 45.4906575687656], [-73.4300793635957, 45.4907995630037], [-73.4300383378246, 45.4908573898283], [-73.4301174450666, 45.4908858418604], [-73.4304599959498, 45.4910090408302], [-73.4304165206525, 45.4910697754965], [-73.4302422468632, 45.4913132338723], [-73.4302022339887, 45.4913691303016], [-73.4301539892825, 45.4914365271019], [-73.4300663362352, 45.4915589765762], [-73.4300238802565, 45.4916182854568], [-73.4299637340268, 45.4917023067177], [-73.4299361971686, 45.4917407753019], [-73.4299352782477, 45.4917420588171], [-73.4298905509591, 45.4918045400064], [-73.4298467860711, 45.4918656774001], [-73.4298028685734, 45.4919270288457], [-73.4297590265982, 45.4919882732386], [-73.4296932647381, 45.4920801384462], [-73.4296384632374, 45.4921566932058], [-73.4296275013825, 45.4921720054132], [-73.4295836603086, 45.4922332479371], [-73.4294959753121, 45.4923557365301], [-73.4294078016236, 45.4924789086332], [-73.4293622054852, 45.4925426029613], [-73.4293411594024, 45.4925720031741], [-73.4292745195281, 45.4926650913771], [-73.429186834471, 45.4927875788235], [-73.4291078938843, 45.4928978499351], [-73.4290114632158, 45.493032553506], [-73.42892144053, 45.4931542186298], [-73.4287458043639, 45.4934004741027], [-73.4286146626188, 45.4935843420812], [-73.4285272355933, 45.493706920947], [-73.4284398069099, 45.4938294988424], [-73.4284049101505, 45.4938172579862], [-73.4283417274837, 45.4939058440689], [-73.4283059800687, 45.4939559627821], [-73.4282743892447, 45.4940002557999], [-73.4282070494998, 45.4940946683885], [-73.4282419463864, 45.4941069102046], [-73.4281702549523, 45.4942074245818], [-73.4281326602024, 45.4942601336288], [-73.4281077443953, 45.4942950679146], [-73.4280452310831, 45.4943827130098], [-73.4279578003047, 45.4945052923201], [-73.4278703704273, 45.4946278706616], [-73.427854499376, 45.4946223022996], [-73.4275213921577, 45.4945054490906], [-73.4272587986124, 45.4948736011386], [-73.4272111786684, 45.4949386304615], [-73.42717114566, 45.4949939138865], [-73.4272877113698, 45.4950362223419], [-73.427598927975, 45.4951491813203], [-73.4275126795019, 45.4952690308949], [-73.4273353478798, 45.4955154477034], [-73.4272476278422, 45.4954845002133], [-73.4271574930251, 45.4956097488032], [-73.4270702469625, 45.4957309813585], [-73.4270673565286, 45.4957349973182], [-73.4269734101333, 45.495865542507], [-73.4269611151504, 45.4958826271896], [-73.42685010876, 45.4960368740617], [-73.4268466414825, 45.4960416923074], [-73.4267585852632, 45.496164048902], [-73.4266925438084, 45.4962558158522], [-73.4266265008584, 45.4963475836616], [-73.4266044856394, 45.4963781741218], [-73.4265384424031, 45.4964699418782], [-73.4264503848468, 45.4965922991251], [-73.4264063552876, 45.4966534763718], [-73.4263723790505, 45.4967006855006], [-73.426362324351, 45.4967146553996], [-73.4262742660338, 45.4968370107053], [-73.4261856689573, 45.4969601160623], [-73.4263599217563, 45.4970216707836], [-73.4265341749353, 45.4970832252388], [-73.4266221809348, 45.4971143129276], [-73.4264027498395, 45.4974194717757], [-73.4263148528796, 45.4973888789041], [-73.4261395554777, 45.4973278642489], [-73.4259644886641, 45.4972669295596], [-73.4259215593004, 45.4973274540384], [-73.4258339710126, 45.4974509404003], [-73.4257470707282, 45.4975734544081], [-73.4256598854796, 45.4976963712919], [-73.4255728421444, 45.4978190875337], [-73.425398754341, 45.49806451801], [-73.4253961430509, 45.4980681993661], [-73.425311708591, 45.4981872340434], [-73.4253064859878, 45.4981945967513], [-73.4252194411162, 45.4983173127121], [-73.4251376185159, 45.4984326650042], [-73.4251252169671, 45.4984501480425], [-73.4250426837806, 45.4985665013245], [-73.4250381713074, 45.4985728638592], [-73.424953925066, 45.4986916320312], [-73.4249511252706, 45.4986955787068], [-73.4248640788553, 45.4988182934852], [-73.4247770320604, 45.4989410090942], [-73.4246899836075, 45.4990637246331], [-73.4246029360557, 45.4991864401037], [-73.4245156663427, 45.4993094676043], [-73.4244304482458, 45.4994328239359], [-73.4243431651707, 45.4995557091152], [-73.4242561701623, 45.4996781903864], [-73.4241690299133, 45.4998008730572], [-73.4241687440268, 45.4998012750976], [-73.4240924684326, 45.4999086621773], [-73.4240904390105, 45.4999115196321], [-73.4240383188284, 45.4999848978333], [-73.4240161925469, 45.5000160501036], [-73.4240120080505, 45.5000219412963], [-73.4240089030104, 45.500026312471], [-73.4240066440994, 45.5000294928156], [-73.4239944149521, 45.5000467094872], [-73.4239399150915, 45.500123437976], [-73.4239335767861, 45.5001323611045], [-73.4239332832042, 45.5001327739373], [-73.4239288922865, 45.500138954739], [-73.4238713705175, 45.5002199374419], [-73.4238636373471, 45.5002308248954], [-73.4238560221192, 45.5002415468557], [-73.4238197241141, 45.500292649071], [-73.4238138473014, 45.5003009219134], [-73.4238124511712, 45.5003028889404], [-73.4237267051286, 45.5004236051321], [-73.4236395638578, 45.5005462873823], [-73.4235524209287, 45.5006689695623], [-73.4234987570422, 45.5007445204965], [-73.4238480363692, 45.5008688602913], [-73.423933922049, 45.5008994348063], [-73.4238489578108, 45.5010206474115], [-73.4235828223881, 45.5013892759426], [-73.4234783579755, 45.5015339710274], [-73.4234719604575, 45.5015316469454], [-73.4209347250965, 45.5006096994649], [-73.4203050020555, 45.5003101151718], [-73.4201558198267, 45.5002298366764], [-73.4200093323956, 45.5001471406607], [-73.4198656189582, 45.5000620718398], [-73.4198354691405, 45.5000437083288], [-73.4198054486872, 45.5000252403126], [-73.4197755583305, 45.5000066682419], [-73.4196545192634, 45.4999295349343], [-73.4195357227024, 45.4998506964663], [-73.419419217207, 45.4997701850698], [-73.4193933766024, 45.4997518800374], [-73.4193676545122, 45.4997334926483], [-73.4193420514671, 45.4997150232821], [-73.4193243328841, 45.4997021417503], [-73.4193066721778, 45.4996892209754], [-73.4192890695237, 45.499676261086], [-73.419251467654, 45.4996483043101], [-73.4192141359392, 45.499620169067], [-73.4191770760917, 45.4995918566473], [-73.4188764532786, 45.4993674159887], [-73.4187964199781, 45.4993107114677], [-73.4187151968113, 45.4992548499757], [-73.4186328017347, 45.4991998438597], [-73.4185700708328, 45.4991590445398], [-73.4185066951716, 45.4991187410552], [-73.4184426826761, 45.4990789384452], [-73.4183929424827, 45.4990486218504], [-73.4183428329217, 45.4990186076035], [-73.4182923577094, 45.4989888979304], [-73.4181955211973, 45.4989333314831], [-73.4180974054179, 45.4988788862646], [-73.4179980366206, 45.4988255768388], [-73.417919753802, 45.4987848329633], [-73.4178407390945, 45.4987447939341], [-73.4177610053303, 45.4987054662527], [-73.4176844009057, 45.4986686741623], [-73.4176071671524, 45.4986325386695], [-73.4175293154499, 45.4985970650978], [-73.4173268287067, 45.4985068200637], [-73.4166916831075, 45.4982611529612], [-73.4144474277397, 45.497438809494], [-73.4123255763542, 45.496661254279], [-73.411682870368, 45.4964180730068], [-73.4112478360595, 45.4962314482839], [-73.4108132640578, 45.4960253100349], [-73.4093261577096, 45.495212754142], [-73.4090146429092, 45.4950333204244], [-73.4088563245682, 45.4949421281562], [-73.4088562414767, 45.4949420821979], [-73.4088538510384, 45.4949407341232], [-73.4088534956693, 45.4949405331743], [-73.4088534738718, 45.494940561952]]]}}, {"type": "Feature", "properties": {"district_id": "Ruisseau-Massé"}, "geometry": {"type": "Polygon", "coordinates": [[[-73.3718017179487, 45.5077192530202], [-73.3717732778992, 45.5073242235323], [-73.3717523558087, 45.5067260089885], [-73.3717382890134, 45.5053368744546], [-73.371782659438, 45.5049110817166], [-73.3719675040131, 45.5040485033827], [-73.3719759413134, 45.5040234936024], [-73.3721154822468, 45.5036098759532], [-73.372576074141, 45.5026230547974], [-73.3733785309886, 45.5009876538372], [-73.3746741469936, 45.4983469874875], [-73.3752189365812, 45.4972365419374], [-73.3766835605386, 45.4942666996343], [-73.3785222699943, 45.4905378471261], [-73.3786095804637, 45.4903616953591], [-73.3806548092608, 45.4862350459283], [-73.3806618458317, 45.486220846513], [-73.381964649852, 45.4836990785256], [-73.3823115738966, 45.4831546200231], [-73.3827612085847, 45.4825105268947], [-73.382854367055, 45.4823796093206], [-73.3850706079027, 45.4792648716215], [-73.3850709901417, 45.479264349195], [-73.3850717225541, 45.4792633475023], [-73.3852877945497, 45.4793763497061], [-73.3858903410702, 45.4796885233972], [-73.3861181720011, 45.4798050991612], [-73.3894018770122, 45.4814851954275], [-73.3895369414215, 45.4815547546807], [-73.3896425555879, 45.4816093604702], [-73.3931813743379, 45.4834389169228], [-73.3933458362294, 45.4835297472046], [-73.3938300242361, 45.483797155639], [-73.3942382539206, 45.4840508410408], [-73.3944051904848, 45.4841657834574], [-73.3948789728575, 45.4845132838995], [-73.3951450832499, 45.4847236785373], [-73.3953872912328, 45.4849294542466], [-73.395696484482, 45.4852194307207], [-73.3964172772721, 45.4859554389127], [-73.3965387879087, 45.4860795198999], [-73.3981510971765, 45.4877258661485], [-73.3985677497406, 45.4881530615324], [-73.400152849625, 45.4897750733346], [-73.4007220861584, 45.4903575380868], [-73.4011000289153, 45.4907248398865], [-73.4020169805523, 45.4914726751749], [-73.402411274231, 45.4917409046565], [-73.4025699112243, 45.491842339218], [-73.4030803211418, 45.4921465844597], [-73.4033494262605, 45.492289822114], [-73.403503639485, 45.4923719049607], [-73.403993267766, 45.4926096327032], [-73.4065347772837, 45.4937571789167], [-73.4070846597434, 45.4940054537187], [-73.4075937013273, 45.4942484566372], [-73.4087033088585, 45.4948580648739], [-73.4088534738718, 45.494940561952], [-73.4081282234431, 45.4959585256527], [-73.4076020797486, 45.4966696738427], [-73.4065534291834, 45.498167494066], [-73.4065001791551, 45.498243549398], [-73.4064469939476, 45.4983182360946], [-73.4064160515795, 45.4983616885097], [-73.4062846204371, 45.4985805424834], [-73.4060369909172, 45.4990774587092], [-73.4058917835755, 45.4993729828591], [-73.4055668786748, 45.500022693457], [-73.4054551699798, 45.5002295650994], [-73.4053297462275, 45.5004001821718], [-73.4051873433424, 45.5005640766511], [-73.4050286859748, 45.5007204143569], [-73.4049775656062, 45.500766135494], [-73.4049250526067, 45.500811069379], [-73.4048711714825, 45.5008551950398], [-73.404821723423, 45.500894050322], [-73.4047712144951, 45.5009322248617], [-73.4047196636446, 45.5009697043384], [-73.4047104009714, 45.5009762861664], [-73.4047031704618, 45.5009813913705], [-73.4046959205475, 45.500986482948], [-73.4046886512806, 45.5009915608623], [-73.4046243805535, 45.501035319213], [-73.4045586733806, 45.5010780095816], [-73.4044915656375, 45.5011196086575], [-73.404440281958, 45.5011501094572], [-73.404388245223, 45.5011799728826], [-73.4043354714487, 45.5012091897415], [-73.404327674921, 45.5012134175728], [-73.4043198629733, 45.5012176313052], [-73.4043120356569, 45.5012218309109], [-73.4041596491629, 45.5012992901366], [-73.4040020379315, 45.5013713944184], [-73.4038395821515, 45.5014379698181], [-73.4037832971266, 45.5014593228445], [-73.4037265127027, 45.5014800117236], [-73.4036692447263, 45.501500030682], [-73.4034435297183, 45.5015710413101], [-73.4032117663688, 45.5016316571685], [-73.4029749215777, 45.501681625368], [-73.402979971907, 45.5017347276176], [-73.4029883795086, 45.5018231290749], [-73.4030086425489, 45.5020361994984], [-73.4030245958108, 45.5021740501472], [-73.4029027727662, 45.5021817393078], [-73.4026979882456, 45.5021946640801], [-73.4025523113698, 45.5022038577808], [-73.4025572189906, 45.5022423077735], [-73.4025655570225, 45.5023076426111], [-73.4025711388712, 45.5023513788572], [-73.402589281358, 45.5024235023728], [-73.4026042488235, 45.5024816828054], [-73.4026188795335, 45.5025392600533], [-73.4026335318737, 45.5025969264017], [-73.4026607178458, 45.5027039166386], [-73.4026999447294, 45.5026894796778], [-73.4028312339592, 45.502641160965], [-73.4029908696746, 45.502582408198], [-73.4030968284959, 45.5025434107381], [-73.4031030689083, 45.502557079252], [-73.4031208967854, 45.5026096753803], [-73.4031444001813, 45.5026611570107], [-73.4031734410724, 45.5027112217843], [-73.4031907586448, 45.5027367140416], [-73.4032095136835, 45.502761698332], [-73.403229676118, 45.5027861345947], [-73.4032325688232, 45.5027894628658], [-73.4032516080975, 45.5028104010877], [-73.4032716842716, 45.5028308547829], [-73.4032927724353, 45.5028507985717], [-73.40318717941, 45.5028888993776], [-73.402869815593, 45.5030034130739], [-73.4028491123852, 45.5030106635022], [-73.4028987455623, 45.5030803580652], [-73.4029212056535, 45.5031034425461], [-73.402944253569, 45.5031262387263], [-73.4029678818275, 45.5031487392054], [-73.4029867287268, 45.5031660960918], [-73.4030059209836, 45.5031832648316], [-73.4030254548, 45.5032002420271], [-73.4030347442958, 45.5032081472454], [-73.4030441078551, 45.5032160091386], [-73.4030535450693, 45.5032238273635], [-73.403081710668, 45.5032465553938], [-73.403110498615, 45.5032688945307], [-73.4031398980539, 45.5032908363494], [-73.4031456608405, 45.503295039004], [-73.4031777402315, 45.5033178662417], [-73.4032104838535, 45.5033402222792], [-73.4032438777128, 45.5033620975618], [-73.4032505744656, 45.5033663767712], [-73.403257296102, 45.5033706366461], [-73.4032640425089, 45.503374877115], [-73.4032915738931, 45.5033918251784], [-73.4033195009687, 45.5034084500441], [-73.4033478160639, 45.5034247471449], [-73.4033641328448, 45.5034338916936], [-73.4033805718053, 45.5034429273948], [-73.403397131477, 45.5034518534415], [-73.4034169485664, 45.5034623085119], [-73.4034369312615, 45.5034726065445], [-73.4034570770456, 45.5034827462425], [-73.403481419637, 45.5034946818394], [-73.4035059881972, 45.5035063862622], [-73.4035307782866, 45.5035178573959], [-73.4035442036565, 45.5035239305742], [-73.4035576911356, 45.5035299353215], [-73.4035712400186, 45.5035358713235], [-73.4036041538457, 45.503549898802], [-73.403637410443, 45.503563520668], [-73.4036709997025, 45.5035767327811], [-73.4036772775471, 45.5035791426923], [-73.4036835664639, 45.5035815382866], [-73.403689866387, 45.5035839195389], [-73.4037303223087, 45.5035987743913], [-73.4037712062994, 45.5036130379851], [-73.4038125008859, 45.5036267042239], [-73.4038170271591, 45.5036281576822], [-73.4038572326566, 45.503640693089], [-73.4038977853052, 45.5036526628102], [-73.4039386690103, 45.5036640620951], [-73.4039515397725, 45.5036675141354], [-73.4039644409166, 45.5036709096357], [-73.4039773719405, 45.503674248464], [-73.4039877506678, 45.5036769045261], [-73.4040807409908, 45.5037006998098], [-73.4041426309746, 45.5037165368079], [-73.4042199931826, 45.5037363334579], [-73.4043005225403, 45.503756939868], [-73.404359245552, 45.5037719660363], [-73.4044584143338, 45.5037973418101], [-73.4044984980972, 45.503807598445], [-73.4046163063518, 45.5038377444336], [-73.4046377508169, 45.5038432315836], [-73.4047741985977, 45.503878145939], [-73.4047770037141, 45.5038788636525], [-73.4049178198757, 45.503914896383], [-73.4049319986317, 45.5039187262178], [-73.4050602334644, 45.5039515646566], [-73.4050898759258, 45.5039591560688], [-73.4051976717661, 45.5039867600798], [-73.4052477547259, 45.5039995857025], [-73.4053351102394, 45.5040219553374], [-73.4054012552931, 45.5040388929872], [-73.4054056145045, 45.5040400465965], [-73.4055628839412, 45.504081653184], [-73.4056092096023, 45.5040939086407], [-73.4057201189565, 45.5041233207156], [-73.4057460977644, 45.5041302097555], [-73.4058775942688, 45.5041645293085], [-73.4058832390467, 45.5041660025031], [-73.4060213101025, 45.5041999259771], [-73.4060405371442, 45.504204648872], [-73.4061980427, 45.5042433347875], [-73.4062348902204, 45.5042523850647], [-73.4062738045347, 45.5041742332392], [-73.4063632516782, 45.5039928388472], [-73.4064106348188, 45.5038967474429], [-73.4064250737332, 45.5039004036358], [-73.4064387413313, 45.5039038630294], [-73.4065049725999, 45.5039206291409], [-73.4068570752763, 45.5040145580439], [-73.4072627910207, 45.5041273685101], [-73.4073444664556, 45.5041485262069], [-73.407302404095, 45.5042330665281], [-73.4072210355837, 45.504396606326], [-73.4072134321786, 45.5044118875829], [-73.4071650139297, 45.5045092274524], [-73.4071502063422, 45.5045389966206], [-73.407114657567, 45.5046060897068], [-73.4070752936095, 45.5046803865199], [-73.4070634478207, 45.5047027424796], [-73.4070151736109, 45.5048001174916], [-73.4070039980232, 45.5048226620573], [-73.4069669005141, 45.5048974924825], [-73.4069333813223, 45.5049651045707], [-73.4069186272506, 45.5049948674512], [-73.4068703525407, 45.5050922423966], [-73.4068627642632, 45.5051075479364], [-73.4068220789439, 45.5051896173209], [-73.4067921481286, 45.5052499903558], [-73.4067738038992, 45.5052869931217], [-73.4067255286892, 45.5053843680005], [-73.4067215303561, 45.5053924336264], [-73.4066772545923, 45.5054817428582], [-73.4066509135081, 45.5055348759508], [-73.406628979049, 45.5055791176927], [-73.4065807046186, 45.5056764925059], [-73.4065802950237, 45.5056773182266], [-73.4065324287419, 45.505773867296], [-73.4065096761811, 45.5058197613548], [-73.4064841539782, 45.5058712420648], [-73.4064390569833, 45.5059622035356], [-73.4064358777681, 45.5059686168104], [-73.406387602671, 45.5060659915349], [-73.4063684387085, 45.50610464567], [-73.4063393261275, 45.5061633662361], [-73.4062978187957, 45.5062470886556], [-73.4062910506955, 45.506260741816], [-73.4062427738185, 45.5063581164729], [-73.4062271998075, 45.5063895306949], [-73.4061944980546, 45.5064554911085], [-73.4061565791827, 45.5065319726857], [-73.4061462208443, 45.5065528657209], [-73.406097944747, 45.5066502403122], [-73.4060859581998, 45.5066744155288], [-73.4060496672032, 45.5067476148802], [-73.4060153368616, 45.5068168574246], [-73.4060013907725, 45.5068449894271], [-73.4059531128953, 45.5069423639506], [-73.4059447164465, 45.5069592992739], [-73.4059048361311, 45.5070397384531], [-73.4058740943933, 45.5071017419745], [-73.405856557919, 45.5071371138322], [-73.4058082808215, 45.5072344882902], [-73.4058034732647, 45.5072441837287], [-73.4057200110054, 45.507412524004], [-73.4057071702197, 45.5074384225708], [-73.4056365469665, 45.5075808651116], [-73.4055807879981, 45.5076933281427], [-73.4055659002442, 45.5077233534777], [-73.4055440103031, 45.5077675059467], [-73.4052219037348, 45.5076854641725], [-73.404949159006, 45.5076159928785], [-73.4048105463582, 45.5075806864197], [-73.4046742198266, 45.5075459629985], [-73.4045378921847, 45.5075112385136], [-73.4044071791411, 45.5074779430149], [-73.4044015659903, 45.5074765138669], [-73.4042238705467, 45.5074312514185], [-73.4041999034108, 45.5074251465865], [-73.4040661027739, 45.5073910652447], [-73.4039323048583, 45.5073569837483], [-73.4037985058246, 45.507322902094], [-73.4037732352791, 45.5073164649326], [-73.4037337219287, 45.5073958823368], [-73.4036939567682, 45.5074758079248], [-73.4036541478375, 45.5075558189461], [-73.4036142976972, 45.5076359145028], [-73.403573670522, 45.507717571515], [-73.4035299496609, 45.5078054447103], [-73.403448257938, 45.5079697211161], [-73.403372013406, 45.5081229636998], [-73.403316310833, 45.5082346715947], [-73.403134945298, 45.5081905921441], [-73.4028603812998, 45.5081238435483], [-73.402800208311, 45.5082462141216], [-73.402712387186, 45.5084248066638], [-73.4026258562106, 45.5086007744928], [-73.4024515216219, 45.5086119934643], [-73.4021392776246, 45.508632087135], [-73.4019608534823, 45.5086435682075], [-73.4017824305477, 45.5086550490022], [-73.4016040075409, 45.5086665295183], [-73.4015448710903, 45.5086703343901], [-73.4014255831824, 45.5086780097544], [-73.4012474134566, 45.5086894737348], [-73.4012344145116, 45.5086903101483], [-73.4010432457582, 45.5087026102222], [-73.400852076922, 45.508714909976], [-73.400660908003, 45.5087272094098], [-73.4004697377216, 45.5087395085226], [-73.4002785699186, 45.5087518064176], [-73.4002761482894, 45.5087519626759], [-73.4000874007514, 45.5087641048914], [-73.3998962315016, 45.5087764030451], [-73.3997050621691, 45.5087887008788], [-73.3994756586058, 45.5088034573167], [-73.3992200921798, 45.5088146655332], [-73.3988318089453, 45.5088395970928], [-73.3988100935467, 45.5088410104081], [-73.3987172290425, 45.5088470524368], [-73.3982645446987, 45.5088765051477], [-73.3981226537647, 45.5088854931963], [-73.3979882094449, 45.5088940099024], [-73.3979807883832, 45.5088944801916], [-73.3978389229585, 45.5089034661108], [-73.3976975169861, 45.5089124225704], [-73.3975190885435, 45.5089238769041], [-73.397340660029, 45.5089353309591], [-73.3971662606899, 45.5089465265083], [-73.3971622314426, 45.5089467847352], [-73.3969838040641, 45.5089582382338], [-73.3968053753339, 45.5089696914523], [-73.3966269465319, 45.5089811443921], [-73.3964485176579, 45.5089925970531], [-73.3963528817281, 45.5089987354296], [-73.3962382271238, 45.5090060946355], [-73.3960250182215, 45.5090197790413], [-73.3956693925037, 45.5090426023434], [-73.39564558682, 45.5090441391259], [-73.395628125658, 45.5089096273493], [-73.3953025991306, 45.5089245457967], [-73.3949457609984, 45.5089408985687], [-73.3947796154811, 45.5089275422686], [-73.394193254256, 45.5095745856259], [-73.394171029302, 45.5095991093585], [-73.3937786028265, 45.5092848142623], [-73.393773116922, 45.5092804206306], [-73.3932031600094, 45.5088239283349], [-73.3932030220003, 45.5088238184251], [-73.3932029466071, 45.5088237580652], [-73.3930917826719, 45.50873472357], [-73.3928256898902, 45.5085216003337], [-73.3928235431239, 45.5085198805205], [-73.3924743374323, 45.5082401854968], [-73.3918042243626, 45.5077034491495], [-73.3917651591471, 45.5076721590388], [-73.3913479717052, 45.5073380012923], [-73.3913467811291, 45.5073370481265], [-73.3911259807607, 45.5071601862112], [-73.3911134521715, 45.5071501500237], [-73.3910860323968, 45.5071281875223], [-73.3910792908577, 45.5071227883381], [-73.3908502722946, 45.5069393419972], [-73.3908490571402, 45.5069383681063], [-73.3908466472728, 45.5069364383408], [-73.3907639912521, 45.5068702316983], [-73.3905434123858, 45.5066935454482], [-73.3905059249957, 45.5066635175426], [-73.3902878058121, 45.5064887970566], [-73.3902102010681, 45.5064266308788], [-73.3901864152432, 45.5064075844419], [-73.3896367710633, 45.5059673004871], [-73.3896142560121, 45.5059492650058], [-73.3896138468217, 45.5059489372926], [-73.3896108173457, 45.5059465101887], [-73.3896107713471, 45.5059464737006], [-73.3889256866642, 45.5053976847798], [-73.3889019049124, 45.5053786342516], [-73.3885872904535, 45.5051266030993], [-73.3880761033534, 45.5047171002689], [-73.3876815532164, 45.5044010271807], [-73.3875529006919, 45.5042979623977], [-73.3872529281489, 45.5040576495671], [-73.3872478431596, 45.5040535759078], [-73.3871049450397, 45.5039390973403], [-73.38697637351, 45.5038360963183], [-73.3868820970067, 45.5037605687054], [-73.3868589742889, 45.5037420445823], [-73.3867533755356, 45.5036574442273], [-73.3867307789605, 45.5036393417259], [-73.3865968191889, 45.5035320226552], [-73.3865762726415, 45.5035155621221], [-73.3863187972628, 45.5033092868678], [-73.3861427090491, 45.5031682136006], [-73.385813457657, 45.5029044295391], [-73.3858038119025, 45.5028967021664], [-73.3857908131357, 45.5028862881082], [-73.3856951561763, 45.502809654915], [-73.3856654646087, 45.5027858679896], [-73.3856429552902, 45.5027678328458], [-73.3853132489627, 45.5025036781576], [-73.3852910458408, 45.502485890483], [-73.3850022941299, 45.5022545476212], [-73.3848735015868, 45.5021513606361], [-73.384872136845, 45.5021502670758], [-73.3848071086877, 45.5020981662783], [-73.3845336239955, 45.501879048935], [-73.3844613269522, 45.5018211330012], [-73.3844002798262, 45.5017723174995], [-73.384397971318, 45.5017704716092], [-73.3842017103522, 45.501613536301], [-73.3827334763112, 45.5004717952684], [-73.3827261633819, 45.5004661081731], [-73.3823652313399, 45.5001755435635], [-73.3823579623349, 45.5001696918181], [-73.3821695895753, 45.5000180436298], [-73.3821622947438, 45.5000121704739], [-73.3818267803918, 45.4997420660326], [-73.3816727297392, 45.4996180468977], [-73.3815979992351, 45.4995578841972], [-73.3815186800827, 45.4994940275535], [-73.3813646301433, 45.4993700077735], [-73.3812105780064, 45.4992459853061], [-73.3809976204974, 45.4990745384485], [-73.3808299409041, 45.4994161324244], [-73.3786476201506, 45.4988960126145], [-73.3789924756258, 45.498185050918], [-73.3789887349336, 45.4981832310702], [-73.3780690456289, 45.4977364667817], [-73.3777864392325, 45.4975991810697], [-73.3777863922584, 45.4975991585233], [-73.3777851393098, 45.4975985515878], [-73.3777850405717, 45.4975985026656], [-73.3777849421511, 45.4975984548685], [-73.3774813522587, 45.4974509711845], [-73.3772325392433, 45.4973300961478], [-73.3771605405321, 45.4972951214426], [-73.3771500732347, 45.49729003664], [-73.3768193644001, 45.4979645511871], [-73.3768163479012, 45.4979707046671], [-73.3753369620505, 45.5009878583548], [-73.3751232913143, 45.5014235906061], [-73.3741281054598, 45.5034530001947], [-73.3741280630384, 45.5034530865329], [-73.3739079752005, 45.5039018756481], [-73.3736493244615, 45.5044292872822], [-73.3724202124504, 45.5069354195294], [-73.3723767800374, 45.5070239740156], [-73.3722902195119, 45.5072004596836], [-73.3719704505037, 45.5078524191751], [-73.3718544578239, 45.5077608765939], [-73.3718017179487, 45.5077192530202]]]}}, {"type": "Feature", "properties": {"district_id": "Saint-Charles"}, "geometry": {"type": "Polygon", "coordinates": [[[-73.4954654564143, 45.5351284336822], [-73.494241141916, 45.534619970899], [-73.4932767942781, 45.5342215715553], [-73.4914237983466, 45.5334560081541], [-73.4913832933404, 45.5334392735122], [-73.4909975393493, 45.5332798931926], [-73.4909981185187, 45.5332790458154], [-73.4909980119374, 45.53327900149], [-73.4910012564064, 45.5332744559869], [-73.4910470368529, 45.533210316177], [-73.4910634185911, 45.5331873643812], [-73.491243483648, 45.5329350825216], [-73.4913532994449, 45.5329747557629], [-73.4916750853535, 45.5330910081905], [-73.49183956965, 45.5328648006698], [-73.4918424996549, 45.5328606094314], [-73.4918822019453, 45.5328038180539], [-73.4918112449818, 45.5327757794233], [-73.4915805478128, 45.5326620032774], [-73.4914754036547, 45.5326101467876], [-73.4916568072371, 45.5323635900235], [-73.4917682904187, 45.5324036220271], [-73.4920861231434, 45.5325177512044], [-73.4921498905436, 45.5324286481929], [-73.492147546403, 45.5324277229978], [-73.4922434246141, 45.5322970693901], [-73.4919972548768, 45.5322086297795], [-73.4919280470625, 45.5321837659715], [-73.4918184231921, 45.5321439259209], [-73.4919564589659, 45.5319563103756], [-73.4920751146853, 45.5319813710726], [-73.4923613457966, 45.5320418228247], [-73.4924186030699, 45.5320579742412], [-73.4924591655709, 45.5320033900163], [-73.4924994795686, 45.5319491405002], [-73.492512654615, 45.531953920407], [-73.4925162329029, 45.5319552901957], [-73.4925913804184, 45.5318408671146], [-73.4926594743074, 45.5317371849028], [-73.492693004903, 45.5316925451567], [-73.4927754129834, 45.5315828330687], [-73.492867918098, 45.5314558059539], [-73.4928821856687, 45.5314362137558], [-73.492988957799, 45.5312895943394], [-73.4930205570291, 45.5312462006517], [-73.4930957280942, 45.5311429748192], [-73.4931538989184, 45.5310630942347], [-73.4932024991148, 45.5309963551956], [-73.4932940278496, 45.530870664825], [-73.4933029452176, 45.5308584194419], [-73.493337069847, 45.5308051995718], [-73.4933791233797, 45.5307396145658], [-73.4934649056791, 45.5306226143629], [-73.4934677957292, 45.5306186723343], [-73.4935571847657, 45.5304967537466], [-73.4935928806021, 45.5304480672733], [-73.4936465721356, 45.5303748350862], [-73.4936554368402, 45.5303627435441], [-73.4937179941695, 45.5302774197794], [-73.4937359603997, 45.5302529154535], [-73.4937502696055, 45.5302333987316], [-73.4937930334603, 45.5301965778555], [-73.4938057311096, 45.5301856455019], [-73.4938692167217, 45.5301309819128], [-73.4938813778586, 45.5301205102395], [-73.4938938706114, 45.5301097542335], [-73.4939697232989, 45.5300444425543], [-73.4939820098761, 45.5300338637959], [-73.4939958021809, 45.5300219884473], [-73.4941209812942, 45.5299142068501], [-73.4941332562913, 45.5299036379728], [-73.4941477220117, 45.5298911822441], [-73.494205591231, 45.5298413557117], [-73.4942907034942, 45.5297744164767], [-73.4943065646817, 45.5297614640862], [-73.4945189871284, 45.5295879360265], [-73.4946718206662, 45.5294632111719], [-73.4947622365296, 45.5293894249533], [-73.4948246535283, 45.52933848701], [-73.4949774857149, 45.5292137617409], [-73.4949784715822, 45.5292129114363], [-73.4950799261262, 45.529125457792], [-73.4951255050284, 45.5290861682724], [-73.495276864882, 45.5289612670659], [-73.4952826333818, 45.5289645715132], [-73.4954354392199, 45.5288398339243], [-73.4955745426145, 45.528707245402], [-73.4957136440753, 45.5285746576071], [-73.4957358718251, 45.5285534708259], [-73.4958527461626, 45.5284420687398], [-73.4959918463161, 45.5283094805998], [-73.4961031195667, 45.5282034168022], [-73.4961169584366, 45.5281902256305], [-73.496196084026, 45.5281148037683], [-73.4966192903484, 45.5282412309774], [-73.4985158041595, 45.5288824732939], [-73.4989465630597, 45.5290247417271], [-73.4989564912958, 45.5290280550254], [-73.5008714630692, 45.5296664202188], [-73.5009347523481, 45.5295692137116], [-73.5010289561335, 45.5294245232881], [-73.5011134093449, 45.5292948089], [-73.5011978621679, 45.5291650953464], [-73.5012920658844, 45.5290204046957], [-73.501332221856, 45.5289587265636], [-73.501342999031, 45.5289624220763], [-73.5017139815422, 45.5290896453496], [-73.5017150120945, 45.5290881390036], [-73.5017746790576, 45.5290009445849], [-73.502046349084, 45.5286039355202], [-73.5020159956214, 45.528593630203], [-73.5021824603248, 45.5283519870318], [-73.5023580642077, 45.5284117490558], [-73.5025336697428, 45.528471511709], [-73.5026293084388, 45.5285040594272], [-73.5024667089818, 45.5287462124686], [-73.5025930883832, 45.5287887243651], [-73.5029669799289, 45.5289145829503], [-73.5030712383705, 45.5289498781801], [-73.5032645985327, 45.5290153379058], [-73.5034648623729, 45.5290831339761], [-73.5035506073942, 45.5291121628486], [-73.5036129051096, 45.5290265268094], [-73.5036575200188, 45.5290410568897], [-73.5044311073788, 45.5292929988139], [-73.5049974119038, 45.5294774280301], [-73.5050317993187, 45.5294891766174], [-73.5050781895118, 45.5295050252273], [-73.5054297733289, 45.5296251429519], [-73.5053780261934, 45.5297017540917], [-73.5052780619785, 45.5298497489702], [-73.5052851023694, 45.5298521251192], [-73.5051871934727, 45.5299970738644], [-73.5053714554513, 45.5300600225738], [-73.5053684357244, 45.5300644940153], [-73.5053947845055, 45.5300734947618], [-73.5056053945333, 45.5301454447331], [-73.5056450472578, 45.5301986106601], [-73.5058205376674, 45.5302585617129], [-73.505842281044, 45.5302263697664], [-73.5060177717495, 45.5302863214157], [-73.5060266174803, 45.5302893426081], [-73.5061932628276, 45.530346270995], [-73.5062357375423, 45.5303607803846], [-73.5063721023296, 45.5304073647124], [-73.5064462972212, 45.5304327117077], [-73.5065019901653, 45.5304517365422], [-73.5066569035283, 45.5305046561367], [-73.5067230748417, 45.5305272607105], [-73.5068675090923, 45.5305766010763], [-73.5068985597365, 45.5305872083044], [-73.5070740462844, 45.5306471556279], [-73.5070781164736, 45.5306485456267], [-73.5072495332051, 45.5307071017814], [-73.5072877628568, 45.530720161408], [-73.5074250204987, 45.5307670485644], [-73.5074983700292, 45.5307921042819], [-73.507600508165, 45.5308269941774], [-73.5077089790188, 45.5308640467665], [-73.5077691339989, 45.5307763516002], [-73.5079131967047, 45.5305663382262], [-73.5079647634354, 45.5304911639047], [-73.5079734223729, 45.5304941210707], [-73.5079974556348, 45.5305023313193], [-73.5083946642036, 45.5306380210017], [-73.5083425114748, 45.5307127411395], [-73.5082129597816, 45.530898352179], [-73.5082919266175, 45.5309245146837], [-73.5085566432526, 45.5310122186368], [-73.5085427948617, 45.5310324498485], [-73.5086256646771, 45.5310606562635], [-73.5086828335665, 45.5311192899229], [-73.5087370382242, 45.5311748823249], [-73.5087440451038, 45.5311820688006], [-73.5089238118111, 45.5312430513623], [-73.509008315857, 45.5312717180884], [-73.5090469393559, 45.5312848202861], [-73.5092018253237, 45.5313373620909], [-73.5091848513119, 45.5313619794449], [-73.5095362926907, 45.5314811981618], [-73.509722506623, 45.5315443664326], [-73.5098877317132, 45.5316004139954], [-73.50968299421, 45.5318964577548], [-73.5096412638626, 45.5319567972641], [-73.5096493558987, 45.5319595419883], [-73.5106025648437, 45.5322828630558], [-73.5106870815422, 45.5323115294335], [-73.5111395410263, 45.5316621086707], [-73.511139941648, 45.5316615336347], [-73.5111886574484, 45.5315916105087], [-73.5112719480273, 45.5316196187952], [-73.5115565163657, 45.5317153088912], [-73.5115072149638, 45.5317873405535], [-73.5114057024954, 45.53193565314], [-73.511321119244, 45.5320592327918], [-73.5113041907738, 45.5320839656324], [-73.5113745923521, 45.532107725179], [-73.5114800821556, 45.5321433275353], [-73.5115065122454, 45.5321522476748], [-73.5116384310663, 45.5321967691182], [-73.5116824040528, 45.5322116092655], [-73.5119022706127, 45.5322858106469], [-73.5121052936648, 45.5319891845157], [-73.5121610334684, 45.5319185835557], [-73.5157756726407, 45.5331339411905], [-73.5158494693239, 45.5331587521165], [-73.5159186623188, 45.5331802513313], [-73.5159878553664, 45.533201750504], [-73.5160534356202, 45.5332242075707], [-73.5163624507451, 45.533330027007], [-73.516306105803, 45.5334110169204], [-73.5162032470072, 45.5335588660041], [-73.5161175334916, 45.5336820687008], [-73.5162936012964, 45.533741192792], [-73.5164696694699, 45.5338003157112], [-73.5166246203192, 45.5338523480088], [-73.516333207507, 45.534271219779], [-73.5162765816499, 45.5342517607622], [-73.5161994421557, 45.5343626389986], [-73.5161805850209, 45.5343897438991], [-73.5174801633814, 45.5348363094597], [-73.5175974405147, 45.5348766077992], [-73.5176021620983, 45.534871067668], [-73.5176169911156, 45.5348536670111], [-73.5182791884198, 45.5340766219447], [-73.5183387305809, 45.5340067516557], [-73.5183693893549, 45.5340125551851], [-73.518460328559, 45.5340297652276], [-73.518522989342, 45.5340416239497], [-73.5188147003005, 45.5340968290388], [-73.5192428110875, 45.53417784664], [-73.5196466970315, 45.5342542785299], [-73.5196998551904, 45.5342727133582], [-73.5212796811274, 45.5348205735887], [-73.5219281522953, 45.5350454437624], [-73.5220762241526, 45.5350967896967], [-73.5236052725443, 45.5356269942627], [-73.5278326417639, 45.5370926918107], [-73.5276668466579, 45.5373350755], [-73.5272241777391, 45.5379822245655], [-73.5270142825717, 45.5382890686412], [-73.527008644238, 45.5382960662119], [-73.5268834065834, 45.5384515004085], [-73.5268603309923, 45.5384801404687], [-73.5267967335069, 45.5385590711614], [-73.5266832349109, 45.5386731548416], [-73.5198836202267, 45.5455064157011], [-73.5195240638396, 45.5458699666563], [-73.5181370093679, 45.5472723751389], [-73.5144267953001, 45.5510232301602], [-73.5144052695855, 45.5510222502567], [-73.5122063603591, 45.5509221090757], [-73.5058537746486, 45.550632562871], [-73.5038144560033, 45.550533858961], [-73.5018305054453, 45.5504377992787], [-73.4999375945438, 45.5503461153177], [-73.4993816138986, 45.5503191806921], [-73.4993650568251, 45.5503174718558], [-73.4993485105877, 45.5503157119731], [-73.4993319755051, 45.5503139010778], [-73.4990138281668, 45.5502687584052], [-73.4987022991225, 45.5502047664658], [-73.4983996463813, 45.5501223890873], [-73.4981080635887, 45.5500222233572], [-73.497829664122, 45.5499049952927], [-73.4978211167592, 45.5499010286541], [-73.4976733180059, 45.5498286328732], [-73.4975305526398, 45.5497514117794], [-73.4973931395015, 45.5496695378434], [-73.4963393821142, 45.548830034081], [-73.4953687972145, 45.548056760807], [-73.4939115023994, 45.5469182062721], [-73.49386289943, 45.5468802323827], [-73.4937714756404, 45.5468058577702], [-73.4925429371969, 45.5458063890799], [-73.4924538960288, 45.5457339491025], [-73.4918275477704, 45.5452316973946], [-73.4917908560506, 45.5451972004115], [-73.4917550384992, 45.5451622527865], [-73.4917201063222, 45.545126865455], [-73.491720077513, 45.5451268346335], [-73.4916860515215, 45.5450910288601], [-73.4916529319628, 45.5450548058995], [-73.4916207231108, 45.545018169768], [-73.4915894368374, 45.5449811331257], [-73.491559093585, 45.5449437208573], [-73.4915296967619, 45.5449059373547], [-73.4915296749961, 45.5449059076585], [-73.491501238099, 45.5448677694994], [-73.4914737654738, 45.5448292839551], [-73.4914472583487, 45.5447904515882], [-73.4914217314203, 45.5447512932442], [-73.4913972011139, 45.5447118353762], [-73.4913736638977, 45.5446720719909], [-73.491351129699, 45.5446320190726], [-73.4913296108392, 45.5445916992831], [-73.4913091102069, 45.5445511183742], [-73.491309095805, 45.5445510873288], [-73.4912896226893, 45.5445102634564], [-73.491271180025, 45.5444692039978], [-73.4912537735776, 45.5444279217942], [-73.4912382069325, 45.5443885202836], [-73.4912235842431, 45.5443489406244], [-73.4912099096325, 45.5443091939817], [-73.4911971868968, 45.544269291544], [-73.4911854196834, 45.54422924459], [-73.4911746113097, 45.5441890644163], [-73.4911647648716, 45.5441487624543], [-73.4911558830907, 45.5441083499765], [-73.4911479684704, 45.5440678383823], [-73.4911410232533, 45.5440272389867], [-73.4911350493898, 45.5439865633547], [-73.4911300485627, 45.5439458229604], [-73.4911260221607, 45.5439050293562], [-73.4911229713345, 45.5438641939887], [-73.4911208969426, 45.5438233283768], [-73.4911198798949, 45.5437873625985], [-73.4911196191767, 45.5437513901868], [-73.4911201148436, 45.5437154189945], [-73.4911346219727, 45.543425452221], [-73.4912199275002, 45.5417203056224], [-73.491219621006, 45.5417045301114], [-73.491219020722, 45.5416887587703], [-73.4912181267512, 45.5416729943007], [-73.4912169391645, 45.5416572394168], [-73.4912154582485, 45.5416414968043], [-73.4912136842572, 45.5416257691598], [-73.4912111238612, 45.5416066120591], [-73.4912081286521, 45.5415874861168], [-73.4912046993934, 45.541568396206], [-73.491204691396, 45.5415683579623], [-73.491200831462, 45.541549321672], [-73.4911965399138, 45.5415303310685], [-73.4911918178437, 45.5415113909839], [-73.4911854176099, 45.5414881585455], [-73.4911783696307, 45.5414650188677], [-73.4911706766229, 45.5414419808675], [-73.4911623415159, 45.5414190534302], [-73.4911533675587, 45.5413962453841], [-73.49114375821, 45.5413735655186], [-73.491136444384, 45.5413573128768], [-73.4911288042478, 45.5413411345338], [-73.4911208393294, 45.5413250337244], [-73.4911961086576, 45.5412913037545], [-73.4912669415751, 45.5412531228014], [-73.4913328040531, 45.5412107751812], [-73.491393203039, 45.5411645812074], [-73.4914476838976, 45.5411148854922], [-73.4914958393731, 45.5410620623458], [-73.4919790432575, 45.540572145824], [-73.4924451696029, 45.540102400441], [-73.4928677919729, 45.539668472937], [-73.4947512481339, 45.5377345397355], [-73.49482957477, 45.5376569871942], [-73.4954466312038, 45.5370460227071], [-73.496134199068, 45.5363465338738], [-73.4966654485671, 45.5358148939458], [-73.4967058257369, 45.5357744869911], [-73.4967149580657, 45.5357653475993], [-73.4967743975196, 45.5357058628006], [-73.4959759111944, 45.5353536201766], [-73.4954654564143, 45.5351284336822]]]}}, {"type": "Feature", "properties": {"district_id": "Vieux-Saint-Hubert-la Savane"}, "geometry": {"type": "Polygon", "coordinates": [[[-73.3901110443193, 45.5375241474621], [-73.3901047246944, 45.5375193947387], [-73.3898622895382, 45.5373370599656], [-73.3898614789343, 45.5373364499939], [-73.3898611998891, 45.5373362402876], [-73.3898608163219, 45.5373359519697], [-73.3875817430711, 45.5356217814908], [-73.3868419006959, 45.5350652878462], [-73.3785218227429, 45.5288060146145], [-73.3785209596591, 45.5288053651376], [-73.3785204816238, 45.5288050053685], [-73.3781921344106, 45.5285579459263], [-73.3781447569449, 45.5285222975356], [-73.3780753134764, 45.5284700453639], [-73.3780713090195, 45.5284670320275], [-73.3780687910562, 45.5284651372031], [-73.3777465617988, 45.5282226750997], [-73.3777425650456, 45.528219667609], [-73.3771515701124, 45.5277749671799], [-73.3770787069543, 45.527720139877], [-73.3770150952767, 45.5276722735212], [-73.377483980897, 45.5265717291344], [-73.3774840111342, 45.5265716587543], [-73.3774940863446, 45.5265480105295], [-73.3775395045644, 45.5264429827182], [-73.3775791514033, 45.526351300521], [-73.3776251822357, 45.5262512714873], [-73.3777032746491, 45.5261336803992], [-73.3777813239485, 45.5260352575919], [-73.3778932425775, 45.5259190730103], [-73.3779587601129, 45.5258504798628], [-73.3781609432009, 45.5256808849228], [-73.378224579709, 45.5256275050023], [-73.3783125692178, 45.5255536978598], [-73.3795154679095, 45.5245217400173], [-73.3795578749897, 45.5244850894935], [-73.3802832711163, 45.5238581495753], [-73.3808572489013, 45.5233650965506], [-73.3814576447392, 45.5228493380562], [-73.3817288256592, 45.5226148670551], [-73.3819046907434, 45.5224545958051], [-73.3819334972078, 45.5224272886627], [-73.3820314460338, 45.5223344370415], [-73.3821406573813, 45.5222307199121], [-73.3821828613688, 45.5221837818915], [-73.3822726426114, 45.522083925603], [-73.3825958341364, 45.5217286944494], [-73.3828905658764, 45.5214060362011], [-73.3835522840852, 45.5207033893258], [-73.3837201628905, 45.5205371024508], [-73.3839159050965, 45.5203407916697], [-73.3840357152326, 45.5202116917632], [-73.3840597138209, 45.5201858319857], [-73.3841833889295, 45.5200525662074], [-73.3846123173387, 45.5195744002712], [-73.3849440632655, 45.5192048733903], [-73.3852531223814, 45.5188602132298], [-73.3854562748784, 45.5186314359919], [-73.3856154418506, 45.5184579705288], [-73.3856387595267, 45.5184762239737], [-73.3856390662425, 45.5184764636385], [-73.3856549476712, 45.5184889052125], [-73.3856666833444, 45.518498099159], [-73.3858572823639, 45.5186473247632], [-73.3863065576402, 45.5181583883093], [-73.3881604059908, 45.5161407758566], [-73.3882528955611, 45.5160401120562], [-73.3886068303242, 45.5156548890601], [-73.3890909864131, 45.5151279224686], [-73.3892304390903, 45.5149761366681], [-73.3899080890868, 45.5142385452372], [-73.3905214984056, 45.513570855548], [-73.3905730563537, 45.5135147345887], [-73.3912003539342, 45.512831906313], [-73.391901932925, 45.51206819731], [-73.3920809530469, 45.5118733193401], [-73.3928749790418, 45.5110089382543], [-73.3928826963909, 45.5110005375928], [-73.3929030253187, 45.5109784297648], [-73.3929474125767, 45.5109301568308], [-73.3929935968271, 45.5108799302058], [-73.3930995070154, 45.51076474971], [-73.3931012082133, 45.5107628994272], [-73.3931715298406, 45.510686421502], [-73.3932144180756, 45.5106397798233], [-73.3932158319942, 45.5106382417403], [-73.393216981083, 45.510636992034], [-73.3932936204432, 45.5105536426699], [-73.39331481439, 45.5105305932153], [-73.3934550378959, 45.5103780919801], [-73.3935338984007, 45.5102923239475], [-73.3936511871174, 45.5101647624822], [-73.3936573691266, 45.5101580441673], [-73.3936630105837, 45.5101519142955], [-73.393689005696, 45.5101236402567], [-73.3937277584912, 45.5100814944173], [-73.3937829568943, 45.5100214585739], [-73.3938706866616, 45.5099260481931], [-73.3939276119714, 45.5098640816965], [-73.3939437616395, 45.5098465002783], [-73.3939663850027, 45.5098218741538], [-73.3941707994278, 45.5095993597516], [-73.394171029302, 45.5095991093585], [-73.394193254256, 45.5095745856259], [-73.3947796154811, 45.5089275422686], [-73.3949457609984, 45.5089408985687], [-73.3953025991306, 45.5089245457967], [-73.395628125658, 45.5089096273493], [-73.39564558682, 45.5090441391259], [-73.3956693925037, 45.5090426023434], [-73.3960250182215, 45.5090197790413], [-73.3962382271238, 45.5090060946355], [-73.3963528817281, 45.5089987354296], [-73.3964485176579, 45.5089925970531], [-73.3966269465319, 45.5089811443921], [-73.3968053753339, 45.5089696914523], [-73.3969838040641, 45.5089582382338], [-73.3971622314426, 45.5089467847352], [-73.3971662606899, 45.5089465265083], [-73.397340660029, 45.5089353309591], [-73.3975190885435, 45.5089238769041], [-73.3976975169861, 45.5089124225704], [-73.3978389229585, 45.5089034661108], [-73.3979807883832, 45.5088944801916], [-73.3979882094449, 45.5088940099024], [-73.3981226537647, 45.5088854931963], [-73.3982645446987, 45.5088765051477], [-73.3987172290425, 45.5088470524368], [-73.3988100935467, 45.5088410104081], [-73.3988318089453, 45.5088395970928], [-73.3992200921798, 45.5088146655332], [-73.3994756586058, 45.5088034573167], [-73.3997050621691, 45.5087887008788], [-73.3998962315016, 45.5087764030451], [-73.4000874007514, 45.5087641048914], [-73.4002761482894, 45.5087519626759], [-73.4002785699186, 45.5087518064176], [-73.4004697377216, 45.5087395085226], [-73.400660908003, 45.5087272094098], [-73.400852076922, 45.508714909976], [-73.4010432457582, 45.5087026102222], [-73.4012344145116, 45.5086903101483], [-73.4012474134566, 45.5086894737348], [-73.4014255831824, 45.5086780097544], [-73.4015448710903, 45.5086703343901], [-73.4016040075409, 45.5086665295183], [-73.4017824305477, 45.5086550490022], [-73.4019608534823, 45.5086435682075], [-73.4021392776246, 45.508632087135], [-73.4024515216219, 45.5086119934643], [-73.4026258562106, 45.5086007744928], [-73.402712387186, 45.5084248066638], [-73.402800208311, 45.5082462141216], [-73.4028603812998, 45.5081238435483], [-73.403134945298, 45.5081905921441], [-73.403316310833, 45.5082346715947], [-73.403372013406, 45.5081229636998], [-73.403448257938, 45.5079697211161], [-73.4035299496609, 45.5078054447103], [-73.403573670522, 45.507717571515], [-73.4036142976972, 45.5076359145028], [-73.4036541478375, 45.5075558189461], [-73.4036939567682, 45.5074758079248], [-73.4037337219287, 45.5073958823368], [-73.4037732352791, 45.5073164649326], [-73.4037985058246, 45.507322902094], [-73.4039323048583, 45.5073569837483], [-73.4040661027739, 45.5073910652447], [-73.4041999034108, 45.5074251465865], [-73.4042238705467, 45.5074312514185], [-73.4044015659903, 45.5074765138669], [-73.4044071791411, 45.5074779430149], [-73.4045378921847, 45.5075112385136], [-73.4046742198266, 45.5075459629985], [-73.4048105463582, 45.5075806864197], [-73.404949159006, 45.5076159928785], [-73.4052219037348, 45.5076854641725], [-73.4055440103031, 45.5077675059467], [-73.4055659002442, 45.5077233534777], [-73.4055807879981, 45.5076933281427], [-73.4056365469665, 45.5075808651116], [-73.4057071702197, 45.5074384225708], [-73.4057200110054, 45.507412524004], [-73.4058034732647, 45.5072441837287], [-73.4058082808215, 45.5072344882902], [-73.405856557919, 45.5071371138322], [-73.4058740943933, 45.5071017419745], [-73.4059048361311, 45.5070397384531], [-73.4059447164465, 45.5069592992739], [-73.4059531128953, 45.5069423639506], [-73.4060013907725, 45.5068449894271], [-73.4060153368616, 45.5068168574246], [-73.4060496672032, 45.5067476148802], [-73.4060859581998, 45.5066744155288], [-73.406097944747, 45.5066502403122], [-73.4061462208443, 45.5065528657209], [-73.4061565791827, 45.5065319726857], [-73.4061944980546, 45.5064554911085], [-73.4062271998075, 45.5063895306949], [-73.4062427738185, 45.5063581164729], [-73.4062910506955, 45.506260741816], [-73.4062978187957, 45.5062470886556], [-73.4063393261275, 45.5061633662361], [-73.4063684387085, 45.50610464567], [-73.406387602671, 45.5060659915349], [-73.4064358777681, 45.5059686168104], [-73.4064390569833, 45.5059622035356], [-73.4064841539782, 45.5058712420648], [-73.4065096761811, 45.5058197613548], [-73.4065324287419, 45.505773867296], [-73.4065802950237, 45.5056773182266], [-73.4065807046186, 45.5056764925059], [-73.406628979049, 45.5055791176927], [-73.4066509135081, 45.5055348759508], [-73.4066772545923, 45.5054817428582], [-73.4067215303561, 45.5053924336264], [-73.4067255286892, 45.5053843680005], [-73.4067738038992, 45.5052869931217], [-73.4067921481286, 45.5052499903558], [-73.4068220789439, 45.5051896173209], [-73.4068627642632, 45.5051075479364], [-73.4068703525407, 45.5050922423966], [-73.4069186272506, 45.5049948674512], [-73.4069333813223, 45.5049651045707], [-73.4069669005141, 45.5048974924825], [-73.4070039980232, 45.5048226620573], [-73.4070151736109, 45.5048001174916], [-73.4070634478207, 45.5047027424796], [-73.4070752936095, 45.5046803865199], [-73.407114657567, 45.5046060897068], [-73.4071502063422, 45.5045389966206], [-73.4071650139297, 45.5045092274524], [-73.4072134321786, 45.5044118875829], [-73.4072210355837, 45.504396606326], [-73.407302404095, 45.5042330665281], [-73.4073444664556, 45.5041485262069], [-73.4072627910207, 45.5041273685101], [-73.4068570752763, 45.5040145580439], [-73.4065049725999, 45.5039206291409], [-73.4064387413313, 45.5039038630294], [-73.4064250737332, 45.5039004036358], [-73.4064106348188, 45.5038967474429], [-73.4063632516782, 45.5039928388472], [-73.4062738045347, 45.5041742332392], [-73.4062348902204, 45.5042523850647], [-73.4061980427, 45.5042433347875], [-73.4060405371442, 45.504204648872], [-73.4060213101025, 45.5041999259771], [-73.4058832390467, 45.5041660025031], [-73.4058775942688, 45.5041645293085], [-73.4057460977644, 45.5041302097555], [-73.4057201189565, 45.5041233207156], [-73.4056092096023, 45.5040939086407], [-73.4055628839412, 45.504081653184], [-73.4054056145045, 45.5040400465965], [-73.4054012552931, 45.5040388929872], [-73.4053351102394, 45.5040219553374], [-73.4052477547259, 45.5039995857025], [-73.4051976717661, 45.5039867600798], [-73.4050898759258, 45.5039591560688], [-73.4050602334644, 45.5039515646566], [-73.4049319986317, 45.5039187262178], [-73.4049178198757, 45.503914896383], [-73.4047770037141, 45.5038788636525], [-73.4047741985977, 45.503878145939], [-73.4046377508169, 45.5038432315836], [-73.4046163063518, 45.5038377444336], [-73.4044984980972, 45.503807598445], [-73.4044584143338, 45.5037973418101], [-73.404359245552, 45.5037719660363], [-73.4043005225403, 45.503756939868], [-73.4042199931826, 45.5037363334579], [-73.4041426309746, 45.5037165368079], [-73.4040807409908, 45.5037006998098], [-73.4039877506678, 45.5036769045261], [-73.4039773719405, 45.503674248464], [-73.4039644409166, 45.5036709096357], [-73.4039515397725, 45.5036675141354], [-73.4039386690103, 45.5036640620951], [-73.4038977853052, 45.5036526628102], [-73.4038572326566, 45.503640693089], [-73.4038170271591, 45.5036281576822], [-73.4038125008859, 45.5036267042239], [-73.4037712062994, 45.5036130379851], [-73.4037303223087, 45.5035987743913], [-73.403689866387, 45.5035839195389], [-73.4036835664639, 45.5035815382866], [-73.4036772775471, 45.5035791426923], [-73.4036709997025, 45.5035767327811], [-73.403637410443, 45.503563520668], [-73.4036041538457, 45.503549898802], [-73.4035712400186, 45.5035358713235], [-73.4035576911356, 45.5035299353215], [-73.4035442036565, 45.5035239305742], [-73.4035307782866, 45.5035178573959], [-73.4035059881972, 45.5035063862622], [-73.403481419637, 45.5034946818394], [-73.4034570770456, 45.5034827462425], [-73.4034369312615, 45.5034726065445], [-73.4034169485664, 45.5034623085119], [-73.403397131477, 45.5034518534415], [-73.4033805718053, 45.5034429273948], [-73.4033641328448, 45.5034338916936], [-73.4033478160639, 45.5034247471449], [-73.4033195009687, 45.5034084500441], [-73.4032915738931, 45.5033918251784], [-73.4032640425089, 45.503374877115], [-73.403257296102, 45.5033706366461], [-73.4032505744656, 45.5033663767712], [-73.4032438777128, 45.5033620975618], [-73.4032104838535, 45.5033402222792], [-73.4031777402315, 45.5033178662417], [-73.4031456608405, 45.503295039004], [-73.4031398980539, 45.5032908363494], [-73.403110498615, 45.5032688945307], [-73.403081710668, 45.5032465553938], [-73.4030535450693, 45.5032238273635], [-73.4030441078551, 45.5032160091386], [-73.4030347442958, 45.5032081472454], [-73.4030254548, 45.5032002420271], [-73.4030059209836, 45.5031832648316], [-73.4029867287268, 45.5031660960918], [-73.4029678818275, 45.5031487392054], [-73.402944253569, 45.5031262387263], [-73.4029212056535, 45.5031034425461], [-73.4028987455623, 45.5030803580652], [-73.4028491123852, 45.5030106635022], [-73.402869815593, 45.5030034130739], [-73.40318717941, 45.5028888993776], [-73.4032927724353, 45.5028507985717], [-73.4032716842716, 45.5028308547829], [-73.4032516080975, 45.5028104010877], [-73.4032325688232, 45.5027894628658], [-73.403229676118, 45.5027861345947], [-73.4032095136835, 45.502761698332], [-73.4031907586448, 45.5027367140416], [-73.4031734410724, 45.5027112217843], [-73.4031444001813, 45.5026611570107], [-73.4031208967854, 45.5026096753803], [-73.4031030689083, 45.502557079252], [-73.4030968284959, 45.5025434107381], [-73.4029908696746, 45.502582408198], [-73.4028312339592, 45.502641160965], [-73.4026999447294, 45.5026894796778], [-73.4026607178458, 45.5027039166386], [-73.4026335318737, 45.5025969264017], [-73.4026188795335, 45.5025392600533], [-73.4026042488235, 45.5024816828054], [-73.402589281358, 45.5024235023728], [-73.4025711388712, 45.5023513788572], [-73.4025655570225, 45.5023076426111], [-73.4025572189906, 45.5022423077735], [-73.4025523113698, 45.5022038577808], [-73.4026979882456, 45.5021946640801], [-73.4029027727662, 45.5021817393078], [-73.4030245958108, 45.5021740501472], [-73.4030086425489, 45.5020361994984], [-73.4029883795086, 45.5018231290749], [-73.402979971907, 45.5017347276176], [-73.4029749215777, 45.501681625368], [-73.4032117663688, 45.5016316571685], [-73.4034435297183, 45.5015710413101], [-73.4036692447263, 45.501500030682], [-73.4037265127027, 45.5014800117236], [-73.4037832971266, 45.5014593228445], [-73.4038395821515, 45.5014379698181], [-73.4040020379315, 45.5013713944184], [-73.4041596491629, 45.5012992901366], [-73.4043120356569, 45.5012218309109], [-73.4043198629733, 45.5012176313052], [-73.404327674921, 45.5012134175728], [-73.4043354714487, 45.5012091897415], [-73.404388245223, 45.5011799728826], [-73.404440281958, 45.5011501094572], [-73.4044915656375, 45.5011196086575], [-73.4045586733806, 45.5010780095816], [-73.4046243805535, 45.501035319213], [-73.4046886512806, 45.5009915608623], [-73.4046959205475, 45.500986482948], [-73.4047031704618, 45.5009813913705], [-73.4047104009714, 45.5009762861664], [-73.4047196636446, 45.5009697043384], [-73.4047712144951, 45.5009322248617], [-73.404821723423, 45.500894050322], [-73.4048711714825, 45.5008551950398], [-73.4049250526067, 45.500811069379], [-73.4049775656062, 45.500766135494], [-73.4050286859748, 45.5007204143569], [-73.4051873433424, 45.5005640766511], [-73.4053297462275, 45.5004001821718], [-73.4054551699798, 45.5002295650994], [-73.4055668786748, 45.500022693457], [-73.4058917835755, 45.4993729828591], [-73.4060369909172, 45.4990774587092], [-73.4062846204371, 45.4985805424834], [-73.4064160515795, 45.4983616885097], [-73.4064469939476, 45.4983182360946], [-73.4065001791551, 45.498243549398], [-73.4065534291834, 45.498167494066], [-73.4076020797486, 45.4966696738427], [-73.4081282234431, 45.4959585256527], [-73.4088534738718, 45.494940561952], [-73.4088534956693, 45.4949405331743], [-73.4088538510384, 45.4949407341232], [-73.4088562414767, 45.4949420821979], [-73.4088563245682, 45.4949421281562], [-73.4090146429092, 45.4950333204244], [-73.4093261577096, 45.495212754142], [-73.4108132640578, 45.4960253100349], [-73.4112478360595, 45.4962314482839], [-73.411682870368, 45.4964180730068], [-73.4123255763542, 45.496661254279], [-73.4144474277397, 45.497438809494], [-73.4166916831075, 45.4982611529612], [-73.4173268287067, 45.4985068200637], [-73.4175293154499, 45.4985970650978], [-73.4176071671524, 45.4986325386695], [-73.4176844009057, 45.4986686741623], [-73.4177610053303, 45.4987054662527], [-73.4178407390945, 45.4987447939341], [-73.417919753802, 45.4987848329633], [-73.4179980366206, 45.4988255768388], [-73.4180974054179, 45.4988788862646], [-73.4181955211973, 45.4989333314831], [-73.4182923577094, 45.4989888979304], [-73.4183428329217, 45.4990186076035], [-73.4183929424827, 45.4990486218504], [-73.4184426826761, 45.4990789384452], [-73.4185066951716, 45.4991187410552], [-73.4185700708328, 45.4991590445398], [-73.4186328017347, 45.4991998438597], [-73.4187151968113, 45.4992548499757], [-73.4187964199781, 45.4993107114677], [-73.4188764532786, 45.4993674159887], [-73.4191770760917, 45.4995918566473], [-73.4192141359392, 45.499620169067], [-73.419251467654, 45.4996483043101], [-73.4192890695237, 45.499676261086], [-73.4193066721778, 45.4996892209754], [-73.4193243328841, 45.4997021417503], [-73.4193420514671, 45.4997150232821], [-73.4193676545122, 45.4997334926483], [-73.4193933766024, 45.4997518800374], [-73.419419217207, 45.4997701850698], [-73.4195357227024, 45.4998506964663], [-73.4196545192634, 45.4999295349343], [-73.4197755583305, 45.5000066682419], [-73.4198054486872, 45.5000252403126], [-73.4198354691405, 45.5000437083288], [-73.4198656189582, 45.5000620718398], [-73.4200093323956, 45.5001471406607], [-73.4201558198267, 45.5002298366764], [-73.4203050020555, 45.5003101151718], [-73.4209347250965, 45.5006096994649], [-73.4234719604575, 45.5015316469454], [-73.4234783579755, 45.5015339710274], [-73.4234801536788, 45.5015346246167], [-73.4235700954641, 45.5015669649119], [-73.4261903189818, 45.5025091025331], [-73.4278562180074, 45.5030940894268], [-73.4283143573263, 45.5032762604402], [-73.4284455430568, 45.5033399847182], [-73.4285724962659, 45.5034078157851], [-73.4286949571482, 45.5034796148351], [-73.428704205489, 45.5034853110929], [-73.4287134255515, 45.503491029974], [-73.4287226172239, 45.503496771409], [-73.4287846888058, 45.5035366268409], [-73.4288453911939, 45.503577511791], [-73.4289046898622, 45.5036194030072], [-73.4289268417437, 45.5036355755031], [-73.4289487843589, 45.5036518884569], [-73.4289705159066, 45.5036683405296], [-73.4290459038985, 45.5037278267057], [-73.4291185336852, 45.5037889861971], [-73.4291883301918, 45.5038517557932], [-73.4292144213346, 45.503876330395], [-73.4292400780589, 45.5039011301329], [-73.4292652964358, 45.5039261512097], [-73.429273856738, 45.5039347932175], [-73.4292823647399, 45.503943460726], [-73.429290820288, 45.5039521535787], [-73.4293263510618, 45.5039895829433], [-73.429360909539, 45.5040274597763], [-73.4293944843242, 45.5040657715901], [-73.4295367804798, 45.5042484245114], [-73.4296567664663, 45.5044388332544], [-73.4297535948135, 45.5046356533104], [-73.4298265815479, 45.5048374948854], [-73.4298752110296, 45.5050429327124], [-73.4301109681413, 45.5061037497856], [-73.4301467262928, 45.5062764901631], [-73.4302021875478, 45.5065444054234], [-73.4303640658972, 45.506935040407], [-73.4303893912825, 45.50697773304], [-73.4304163949728, 45.5070199140826], [-73.4304450560944, 45.5070615509232], [-73.4305080500082, 45.5071440317365], [-73.4305775429572, 45.5072238902918], [-73.4306533148861, 45.5073008736795], [-73.4306603401902, 45.5073075637739], [-73.4307020836892, 45.5073459305709], [-73.4307453938518, 45.50738342901], [-73.4307902341638, 45.5074200274742], [-73.4308770168893, 45.5074852034425], [-73.4309686475628, 45.5075470119358], [-73.4310648622795, 45.5076052749294], [-73.4314114531343, 45.507838064031], [-73.4318244605361, 45.5080973164997], [-73.4319130379048, 45.5080914807592], [-73.4320748136546, 45.5080808230498], [-73.4339306689649, 45.5079585439785], [-73.4374517263027, 45.5077264618268], [-73.4379348816092, 45.507694607272], [-73.4380361845936, 45.507688040332], [-73.4381375287094, 45.507681795118], [-73.4382389118903, 45.5076758717572], [-73.4384159531048, 45.5076663043842], [-73.4385930960398, 45.5076577184832], [-73.4387703296929, 45.5076501145875], [-73.4398929461558, 45.5075760751487], [-73.4424832678862, 45.5074051941551], [-73.4426460110905, 45.5073944553721], [-73.4426458688295, 45.5073946604648], [-73.4424677816009, 45.5076539226148], [-73.4424678133942, 45.5076541196963], [-73.4424736267254, 45.5076886513787], [-73.4424837263824, 45.5077165101874], [-73.4425781600575, 45.5079769963888], [-73.4425866952079, 45.5080005405561], [-73.4427458500398, 45.5084395347466], [-73.442832210214, 45.5086777374628], [-73.4428325981903, 45.5086788021704], [-73.4428865939259, 45.5088277395793], [-73.4428254608719, 45.5088393169645], [-73.44282506278, 45.5088393941517], [-73.4428230761435, 45.5088397962867], [-73.4427865689863, 45.5088473303848], [-73.4427855103768, 45.5088475530155], [-73.442707960509, 45.5088651015663], [-73.4427070426836, 45.5088653161682], [-73.4426693601366, 45.5088746160297], [-73.4426681504299, 45.5088749186695], [-73.4426665771614, 45.5088753219091], [-73.442630896182, 45.5088846290613], [-73.4426295033986, 45.5088849972972], [-73.442592404784, 45.5088951873705], [-73.4425911131115, 45.5088955475581], [-73.4425542443771, 45.508906197554], [-73.44255298853, 45.5089065658578], [-73.442516631309, 45.5089175967319], [-73.4425151450107, 45.5089180522041], [-73.4425139736299, 45.5089184196501], [-73.4424791469693, 45.5089295016737], [-73.4424775927967, 45.5089300012034], [-73.44244185152, 45.5089418998118], [-73.4424403408494, 45.5089424092612], [-73.4424049702773, 45.5089547183729], [-73.4424034032513, 45.5089552709859], [-73.4423684853183, 45.5089679627474], [-73.4423667902419, 45.5089685845831], [-73.4423660054308, 45.5089688784355], [-73.4423323505588, 45.5089816437104], [-73.4423305159018, 45.5089823464609], [-73.4423274278153, 45.5089835533901], [-73.4422963854762, 45.5089958313589], [-73.4422945866341, 45.5089965521238], [-73.4422608614892, 45.509010424148], [-73.4422590139645, 45.5090111934792], [-73.4422254649116, 45.509025555996], [-73.4422238106922, 45.5090262687343], [-73.4422233894505, 45.5090264547886], [-73.4421909434763, 45.5090408988389], [-73.4421889896146, 45.5090417778958], [-73.4421863571311, 45.5090429814523], [-73.4421563061748, 45.5090568921986], [-73.4421545520285, 45.5090577038679], [-73.4421527837658, 45.5090585533234], [-73.4421226131757, 45.509073046198], [-73.4421205235146, 45.5090740610612], [-73.4420885712465, 45.5090899873726], [-73.4420869015369, 45.5090908260789], [-73.4420868170263, 45.5090908692286], [-73.442055646492, 45.5091069911927], [-73.442053697613, 45.5091079989273], [-73.4420522263209, 45.5091087882425], [-73.4420515105263, 45.5091091685127], [-73.4420228004671, 45.5091245772412], [-73.4420209296589, 45.5091255805157], [-73.4420190613732, 45.5091266197851], [-73.4419908987889, 45.5091422807393], [-73.4419886028026, 45.5091435618485], [-73.4419867319155, 45.5091446407091], [-73.4419569526619, 45.5091618107691], [-73.4419567298438, 45.509161941133], [-73.4419271036142, 45.5091796295721], [-73.4419253171949, 45.5091807048752], [-73.4419235410009, 45.5091817927813], [-73.441896110334, 45.5091987669539], [-73.4418943674228, 45.509199845878], [-73.44189273973, 45.5092008888671], [-73.4418663547112, 45.5092177915769], [-73.4418639022792, 45.5092193686521], [-73.4418621528835, 45.5092205294582], [-73.4418344237914, 45.5092389360127], [-73.4418339320099, 45.5092392660044], [-73.441806167657, 45.509258340217], [-73.4418044566277, 45.5092595253374], [-73.441803068321, 45.5092605027586], [-73.4417770706552, 45.5092790064643], [-73.4417754863746, 45.5092801430573], [-73.4417495853705, 45.5092992137066], [-73.4417470327762, 45.5093011119718], [-73.4417198258984, 45.5093218691524], [-73.4417191022373, 45.5093224266854], [-73.4416931523614, 45.5093429316451], [-73.4416917075622, 45.509344080906], [-73.4416906777417, 45.5093449163338], [-73.4416641519312, 45.5093666645748], [-73.4416630542071, 45.5093675710552], [-73.4416621434777, 45.5093683381555], [-73.4416361099371, 45.5093905032683], [-73.4416350275474, 45.5093914313524], [-73.4416342307918, 45.509392128323], [-73.4416086741414, 45.5094147318962], [-73.4416076378282, 45.5094156555045], [-73.4416069524917, 45.5094162778449], [-73.4415819021874, 45.5094393000975], [-73.4415809286058, 45.5094402021413], [-73.441580316262, 45.5094407813265], [-73.4415557325816, 45.5094642690303], [-73.4415548742605, 45.5094650946463], [-73.4415543323536, 45.5094656270756], [-73.4415302857488, 45.5094895199775], [-73.4415294837614, 45.5094903231261], [-73.4415290084521, 45.5094908087976], [-73.4415054899477, 45.5095151230906], [-73.4415047647971, 45.5095158785868], [-73.4415043522471, 45.5095163165986], [-73.4414813631111, 45.5095410639817], [-73.441480727614, 45.5095417538352], [-73.4414803765463, 45.5095421414873], [-73.4414579731472, 45.5095672670993], [-73.4414573773421, 45.5095679389761], [-73.441457086478, 45.509568275368], [-73.4414351727059, 45.5095938997389], [-73.4414347267893, 45.5095944250181], [-73.4414344910115, 45.5095947083475], [-73.4414131603932, 45.5096207343427], [-73.441412779805, 45.5096212029653], [-73.441412596555, 45.509621432331], [-73.4413917850007, 45.509647956201], [-73.4413915453579, 45.509648263824], [-73.4413914133578, 45.5096484374259], [-73.4413712041533, 45.5096753647302], [-73.4413710311367, 45.5096755986004], [-73.4413709465491, 45.5096757146366], [-73.4413513627502, 45.5097030273908], [-73.4413512422737, 45.5097031955994], [-73.4413512012592, 45.5097032540681], [-73.4413321902962, 45.5097310467287], [-73.4399772368788, 45.5117598032299], [-73.4399560135819, 45.5117846025151], [-73.4398757923797, 45.5118783364352], [-73.4398694146013, 45.5118857891674], [-73.4397921660869, 45.5119760485031], [-73.4381385052873, 45.513908130074], [-73.438008823209, 45.5140642245608], [-73.4378809384926, 45.5142309649976], [-73.4377614075065, 45.5144007405037], [-73.4376503764448, 45.5145733451212], [-73.4375479799921, 45.5147485692853], [-73.4374543438844, 45.5149261989255], [-73.4367688189547, 45.5162997215821], [-73.4367687381361, 45.5162998835088], [-73.4360682984551, 45.51770751444], [-73.4353426777938, 45.5191598692556], [-73.4352045046963, 45.5194364181708], [-73.4343632028195, 45.5211232089444], [-73.4336742834426, 45.5225043960204], [-73.4331926717779, 45.5234699136951], [-73.431049610533, 45.5277658325168], [-73.4310438166089, 45.5277770851092], [-73.4310414156252, 45.5277817493266], [-73.431038845808, 45.5277873339775], [-73.4310380332732, 45.5277890998715], [-73.4309046826289, 45.5280563408406], [-73.4310506891972, 45.5281215315261], [-73.4310549602595, 45.5281234354641], [-73.4310947548339, 45.5281411917059], [-73.4310966357388, 45.5281420314905], [-73.4313118691828, 45.5282381496559], [-73.4313267143114, 45.5282447759985], [-73.431332353203, 45.528247298038], [-73.4314363215776, 45.5282948360017], [-73.4315187832618, 45.5283341769426], [-73.431600255504, 45.5283745241512], [-73.4316807139982, 45.5284158641177], [-73.4317601331572, 45.528458184231], [-73.4318384899526, 45.5285014727817], [-73.431915760078, 45.5285457162599], [-73.4319919205078, 45.5285909002566], [-73.4320669469349, 45.528637011262], [-73.4321408176126, 45.5286840357678], [-73.4322135095143, 45.528731959365], [-73.4322849996138, 45.528780767645], [-73.4323552674467, 45.5288304444006], [-73.4324242912652, 45.5288809761236], [-73.433156729131, 45.5294266312231], [-73.4341968230658, 45.5302014583084], [-73.4351063642444, 45.5308790038455], [-73.4351847224456, 45.5309373749805], [-73.435239576865, 45.5309782371743], [-73.4355095481876, 45.5311793436896], [-73.4355400201126, 45.5312020593199], [-73.4355644030774, 45.531220205726], [-73.4363528578295, 45.5318075279196], [-73.4364011442519, 45.5318442223365], [-73.436401467902, 45.5318444600741], [-73.4364503340275, 45.5318803197424], [-73.4365004130874, 45.5319158075306], [-73.4365513647987, 45.5319506757925], [-73.4366031763703, 45.5319849137218], [-73.4366558286094, 45.5320185105086], [-73.4367093087229, 45.5320514571462], [-73.4367635975177, 45.532083742825], [-73.4368186796416, 45.5321153567371], [-73.4368745397392, 45.5321462907743], [-73.4369605452982, 45.5321918053105], [-73.4370076356012, 45.5322156563123], [-73.4370110943425, 45.5322174084055], [-73.437018286939, 45.5322210513183], [-73.4370767451325, 45.5322495841194], [-73.4371359032425, 45.5322773956052], [-73.4371957420722, 45.5323044776653], [-73.4372562449859, 45.5323308212913], [-73.4373173927864, 45.5323564183729], [-73.4373791675558, 45.5323812617006], [-73.4374415500965, 45.5324053431644], [-73.4375045199286, 45.5324286564533], [-73.437568060415, 45.5324511934585], [-73.4376321497964, 45.5324729469685], [-73.4376967701521, 45.5324939115738], [-73.4377619022821, 45.5325140809639], [-73.4378275231473, 45.5325334470271], [-73.437904016904, 45.5325548409003], [-73.4386196447506, 45.5327544123002], [-73.4386444792914, 45.5327614830744], [-73.4390424919632, 45.5328747986445], [-73.4391814024914, 45.5329143458963], [-73.4389982556973, 45.5332983433813], [-73.4388094523323, 45.5336941919874], [-73.4388093201528, 45.5336944717663], [-73.438614945587, 45.5341282236263], [-73.4383715586728, 45.5348204434076], [-73.4381216153343, 45.5355313054793], [-73.4377932868376, 45.5364650789002], [-73.4377643640215, 45.5365424492063], [-73.4377390334376, 45.536605223392], [-73.4377121461615, 45.5366676781799], [-73.437683713735, 45.5367297928792], [-73.4376537425757, 45.5367915494953], [-73.4376222416628, 45.5368529291353], [-73.4375892212553, 45.5369139138069], [-73.4375546916152, 45.5369744828181], [-73.4375186617195, 45.5370346199755], [-73.4374811456696, 45.5370943063885], [-73.4374421524459, 45.5371535231643], [-73.4374016935884, 45.5372122523107], [-73.4373780100749, 45.5372451589961], [-73.4373099393379, 45.5373354518766], [-73.4372642926032, 45.537392389248], [-73.4372172379285, 45.5374487589291], [-73.437168791977, 45.5375045429306], [-73.4371189662888, 45.5375597241601], [-73.4370677788058, 45.5376142864286], [-73.4370152436307, 45.5376682117453], [-73.4369613774242, 45.5377214848205], [-73.4369061955688, 45.5377740885637], [-73.4368497160061, 45.5378260076857], [-73.4367919553976, 45.5378772268967], [-73.4367556609651, 45.5379082494096], [-73.4367346120218, 45.537926240807], [-73.4365469014975, 45.538087556777], [-73.4364415387927, 45.5381781037574], [-73.4352683237683, 45.5391863176674], [-73.4349286997239, 45.5394736326839], [-73.4334772740292, 45.5407014697074], [-73.4329844856081, 45.5411183291177], [-73.4324397083889, 45.541582011955], [-73.4320475590261, 45.5419157790907], [-73.4320251855844, 45.5419348207293], [-73.4295248063818, 45.5440627353467], [-73.428144282716, 45.5452374704865], [-73.4276523350253, 45.5456560689725], [-73.4275818263379, 45.5457160649847], [-73.4271401583989, 45.5460918734781], [-73.4270716909191, 45.5461501301891], [-73.4266087160111, 45.5465440618958], [-73.4265623335497, 45.5465835259042], [-73.4261017092738, 45.5469754486028], [-73.4260538388854, 45.5470161784087], [-73.4250874878993, 45.5478383734032], [-73.4246096855441, 45.5482448848723], [-73.4240638667406, 45.5487092580671], [-73.423453389412, 45.5482390422152], [-73.4231311907776, 45.5479908668186], [-73.4231249994502, 45.5479860982453], [-73.4229044605783, 45.5478162250145], [-73.4228956511534, 45.5478094394788], [-73.4227466259048, 45.5476946492858], [-73.4227377899714, 45.5476878436985], [-73.4227329240854, 45.5476840950646], [-73.4225887922322, 45.5475730731122], [-73.4225799371464, 45.5475662533271], [-73.4223659256944, 45.5474014045534], [-73.4223017087817, 45.5473519396423], [-73.4222765372236, 45.547332550171], [-73.4221884583341, 45.5472647039766], [-73.4221729420385, 45.5472527519057], [-73.4220225144271, 45.5471368788731], [-73.4220124550256, 45.5471291300404], [-73.4216684534878, 45.5468641457633], [-73.4216620980198, 45.5468592507952], [-73.4215147741115, 45.546745765805], [-73.4213674571923, 45.5466322855764], [-73.4212265327144, 45.5465237296438], [-73.421220127433, 45.5465187952486], [-73.4210792255899, 45.5464102557946], [-73.4210728142576, 45.5464053168877], [-73.4209319216157, 45.5462967844548], [-73.4209254863235, 45.5462918268514], [-73.4207781647393, 45.5461783406765], [-73.4206373132082, 45.5460698382739], [-73.420630850464, 45.5460648594885], [-73.4203211703036, 45.5458263006445], [-73.4203106454084, 45.5458181929756], [-73.4202666935308, 45.5457843347567], [-73.4202072192075, 45.5457385187762], [-73.4201976553662, 45.5457311514336], [-73.4197958288671, 45.5454216025326], [-73.4197301130678, 45.5453709774666], [-73.419312209471, 45.5456531633283], [-73.4192845613375, 45.5456718322752], [-73.4190936853619, 45.5458007209753], [-73.4190495884718, 45.5458304970431], [-73.4189998420153, 45.545864087094], [-73.4189934682374, 45.5458683907664], [-73.4189176766378, 45.5459195676092], [-73.4187521721589, 45.5460313210566], [-73.4186288239549, 45.5461146089538], [-73.4184274117171, 45.5462506069558], [-73.4184271178444, 45.5462508053849], [-73.4184269617746, 45.5462509107792], [-73.418426787759, 45.5462510278587], [-73.4182752315281, 45.5463533614076], [-73.417469476901, 45.5468674970548], [-73.4174209615564, 45.5468984478568], [-73.4172804101503, 45.5469916805612], [-73.4172729046273, 45.5469966593192], [-73.4172727815647, 45.5469967411152], [-73.4172727552856, 45.546996758643], [-73.4172725972912, 45.5469968635844], [-73.4169627135418, 45.5472024180305], [-73.4166529589297, 45.5474078848885], [-73.4166369956012, 45.547418632582], [-73.4165448081397, 45.5474807009855], [-73.4165201249402, 45.5474973632139], [-73.4164037251509, 45.5475759363735], [-73.4163036756903, 45.5476434723055], [-73.4162321751079, 45.5476917366001], [-73.4161562663968, 45.5477429769717], [-73.4160940075173, 45.5477850030987], [-73.4159786183284, 45.5478628931379], [-73.4158637358385, 45.5479404403701], [-73.4158606719793, 45.547942269055], [-73.415692870519, 45.5480424131776], [-73.4156673648603, 45.5480576348755], [-73.4155905110032, 45.5481035005741], [-73.4155854297517, 45.5481068178895], [-73.4155660453555, 45.5481194737059], [-73.4154763642486, 45.548178024508], [-73.4154484305822, 45.5481962621853], [-73.4154189877399, 45.5482154847337], [-73.415252526499, 45.548324163242], [-73.4152398208652, 45.5483324586273], [-73.4152233360654, 45.5483432210318], [-73.4152181355503, 45.548346616078], [-73.4150795720569, 45.5484286726877], [-73.4150705944524, 45.5484339892187], [-73.4149887804069, 45.5484824385252], [-73.4149886586333, 45.5484825104215], [-73.41498857916, 45.5484825573788], [-73.414987399876, 45.5484832556738], [-73.4149095878895, 45.5485293350337], [-73.4148898354849, 45.548541032135], [-73.4148888205008, 45.5485419066943], [-73.4148843672009, 45.5485457443263], [-73.4147470234313, 45.5486640969979], [-73.4146037237758, 45.5487875810886], [-73.4144604234927, 45.5489110649964], [-73.4143220632615, 45.5490302919288], [-73.414178761745, 45.5491537752522], [-73.4140354551114, 45.5492772628884], [-73.4139315769662, 45.5493667743576], [-73.4138970985334, 45.5493964843521], [-73.4137537897045, 45.549519972303], [-73.4136104876219, 45.5496434535528], [-73.4134634258441, 45.5497701736556], [-73.4134424638643, 45.5497882361511], [-73.4134197007218, 45.5498078508441], [-73.4134193660118, 45.5498081394377], [-73.4134189726316, 45.5498084783776], [-73.4132835421693, 45.5499251754657], [-73.4132569531398, 45.5499480862445], [-73.4130720550053, 45.5501074067201], [-73.4130720303185, 45.5501074280724], [-73.4130712586188, 45.5501080926888], [-73.4130711537808, 45.5501081828175], [-73.4130711233234, 45.5501082088896], [-73.4130706020168, 45.5501086581858], [-73.4128739445105, 45.550278110761], [-73.4126775830288, 45.5504473063159], [-73.4119945874199, 45.5508738849272], [-73.4119723521195, 45.5508890905401], [-73.4119234976223, 45.5509225011244], [-73.4116967976284, 45.5510775338127], [-73.4116967655746, 45.5510775562838], [-73.4114518709724, 45.5512450301655], [-73.4114495522744, 45.5512508808988], [-73.4112111690348, 45.551861730984], [-73.4111778210503, 45.5519471813315], [-73.4107874662809, 45.5530686081127], [-73.4106679900595, 45.5529788214152], [-73.410642965079, 45.5529600146322], [-73.4103144798473, 45.5527131557755], [-73.4085547901388, 45.5513906837509], [-73.4074064054994, 45.5505275821242], [-73.4071631303496, 45.5503447369322], [-73.4062212235923, 45.5496367841904], [-73.4062001783396, 45.5496209657951], [-73.4057880046485, 45.5493111611459], [-73.4054250454331, 45.5490383441347], [-73.4047648059114, 45.5485420669995], [-73.4044397715452, 45.5482977465434], [-73.4038212668856, 45.5478328225387], [-73.4033952160885, 45.5475125577994], [-73.4031736563909, 45.5473460085107], [-73.4031702324814, 45.5473434347765], [-73.4031539746728, 45.5473312131423], [-73.4026168493318, 45.5469274420567], [-73.4025140803166, 45.5468501869204], [-73.4022620237652, 45.5466607060567], [-73.4021209664189, 45.5465546666785], [-73.401975469342, 45.5464452891959], [-73.4015247985378, 45.5461064933878], [-73.4014128531698, 45.5460223368172], [-73.4012659379319, 45.5459118899907], [-73.4009877195435, 45.5457027316913], [-73.4009537596691, 45.5456772011123], [-73.4007572503471, 45.5455294684079], [-73.4006065533452, 45.5454161757547], [-73.4005586500606, 45.5453801622019], [-73.3999278146121, 45.5449058982324], [-73.3998270819312, 45.5448301660833], [-73.3997093642354, 45.5447416642002], [-73.3995905067806, 45.5446523049981], [-73.3994530173318, 45.5445489370386], [-73.3993072236711, 45.5444393254995], [-73.398908946391, 45.5441398867099], [-73.3989076614518, 45.5441389207229], [-73.3987390384395, 45.544012142757], [-73.3987364717702, 45.5440102130316], [-73.3985796942645, 45.5438923402135], [-73.3985785535274, 45.5438914825562], [-73.398535441812, 45.5438590688217], [-73.3984817038603, 45.5438186661008], [-73.3984814599191, 45.5438184829922], [-73.3983201518947, 45.5436972021551], [-73.3982301734698, 45.5436295508139], [-73.3982150166448, 45.5436181552748], [-73.3982118041968, 45.54361573995], [-73.3982035543964, 45.5436095372227], [-73.3980407852181, 45.5434871571086], [-73.3980281429787, 45.5434776516463], [-73.3980142647492, 45.5434672175724], [-73.3979417530138, 45.5434126987396], [-73.3978705899437, 45.5433591938324], [-73.3978416593244, 45.5433374416292], [-73.3978301191806, 45.5433287654301], [-73.3962342522493, 45.5421288400414], [-73.3960505466845, 45.5419907082138], [-73.3960167220339, 45.5419652741306], [-73.396004558415, 45.5419561279125], [-73.3958062729259, 45.5418070318468], [-73.3955025037452, 45.5415786177828], [-73.3953420352365, 45.5414579547977], [-73.3952132251306, 45.5413610961254], [-73.3945964990997, 45.5408973461133], [-73.394378043644, 45.5407330743196], [-73.3942015254935, 45.5406003372795], [-73.3939393639586, 45.5404031962882], [-73.3935878203649, 45.5401388390994], [-73.3931889491261, 45.5398388875993], [-73.3927417521633, 45.5395025898851], [-73.3917314051543, 45.538742775033], [-73.3901111386138, 45.5375242181901], [-73.3901110443193, 45.5375241474621]]]}}]}