{
"type": "FeatureCollection",
"name": "Ward",
"crs": { "type": "name", "properties": { "name": "urn:ogc:def:crs:OGC:1.3:CRS84" } },
"features": [
{ "type": "Feature", "properties": { "OBJECTID": 1, "WARDTYPE": "SUBWARD", "WARDNAME": "201", "WARD_ID": 192, "YEAR": 2018, "ACTIVE": "Yes", "Shape__Area": 451218.94799804699, "Shape__Length": 2715.4089368692098 }, "geometry": { "type": "Polygon", "coordinates": [ [ [ -78.342647800553706, 44.296277551166398 ], [ -78.342708847835496, 44.2962628789126 ], [ -78.350370190932907, 44.294428206235303 ], [ -78.353140783586994, 44.300362938004703 ], [ -78.348109376430997, 44.301662738633503 ], [ -78.346285040344995, 44.302134227761698 ], [ -78.345465560221498, 44.302346005163102 ], [ -78.345308026025705, 44.301991193338999 ], [ -78.3452303052931, 44.301813880996399 ], [ -78.345020440728902, 44.301323493201103 ], [ -78.344914870639599, 44.300698427450598 ], [ -78.344916411348393, 44.300692255864902 ], [ -78.344954220854504, 44.300540825234002 ], [ -78.344951443719296, 44.300388006734501 ], [ -78.344896485970295, 44.300213143875403 ], [ -78.344805085603895, 44.2999888308564 ], [ -78.344657146314105, 44.299731956583798 ], [ -78.343897907935002, 44.298881089903098 ], [ -78.343795598507299, 44.298694342921401 ], [ -78.342647800553706, 44.296277551166398 ] ] ] } },
{ "type": "Feature", "properties": { "OBJECTID": 2, "WARDTYPE": "SUBWARD", "WARDNAME": "316", "WARD_ID": 194, "YEAR": 2018, "ACTIVE": "Yes", "Shape__Area": 55758.1787109375, "Shape__Length": 1160.5252795082299 }, "geometry": { "type": "Polygon", "coordinates": [ [ [ -78.341715126841507, 44.310511413696801 ], [ -78.341679928830501, 44.310428636338003 ], [ -78.341401508103402, 44.309815256958899 ], [ -78.341015205696493, 44.309901803691801 ], [ -78.341009855985206, 44.309890004275502 ], [ -78.341124158971297, 44.309864873443502 ], [ -78.341399740583299, 44.309583938081303 ], [ -78.341274403354305, 44.3093084723698 ], [ -78.3409779363637, 44.309234595967503 ], [ -78.341135578992805, 44.309197388249302 ], [ -78.341213466868297, 44.309179004740997 ], [ -78.341576316534301, 44.309093362376103 ], [ -78.341939166607702, 44.309007715262197 ], [ -78.342302015510995, 44.308922070564698 ], [ -78.342394329488599, 44.308900279672898 ], [ -78.343172854004905, 44.3087165135533 ], [ -78.343045183677802, 44.3084352588752 ], [ -78.343033346663304, 44.308409184992797 ], [ -78.342906845209001, 44.308130505142699 ], [ -78.344792116563696, 44.3076892349319 ], [ -78.344962247573093, 44.307643825476603 ], [ -78.344848625326094, 44.308532812407002 ], [ -78.344783760658302, 44.309049415257 ], [ -78.344798304246197, 44.3092632724209 ], [ -78.344836698785102, 44.309425435851303 ], [ -78.344887931374203, 44.309572334781002 ], [ -78.344975612287996, 44.309813442948801 ], [ -78.343124742092201, 44.310207546311297 ], [ -78.341715126841507, 44.310511413696801 ] ] ] } },
{ "type": "Feature", "properties": { "OBJECTID": 3, "WARDTYPE": "SUBWARD", "WARDNAME": "101", "WARD_ID": 161, "YEAR": 2010, "ACTIVE": "Yes", "Shape__Area": 402122.38525390602, "Shape__Length": 2945.2644260593702 }, "geometry": { "type": "Polygon", "coordinates": [ [ [ -78.307540724301404, 44.2899387725125 ], [ -78.3075878464129, 44.2898609294895 ], [ -78.307588547926599, 44.289856112435999 ], [ -78.307641229077404, 44.289743823478901 ], [ -78.307642451064197, 44.289741219884299 ], [ -78.307742287499195, 44.289610035289698 ], [ -78.308265891561803, 44.288922004910802 ], [ -78.308245406964701, 44.288878207609997 ], [ -78.308241820532203, 44.288846684374903 ], [ -78.308261863822295, 44.288825299132697 ], [ -78.308268710595996, 44.2888290617053 ], [ -78.308303736164504, 44.2887866742211 ], [ -78.308299155634003, 44.288777203301102 ], [ -78.308312866884293, 44.288762401925801 ], [ -78.308323654278198, 44.288767697864898 ], [ -78.308523067217905, 44.288528964363302 ], [ -78.308509307949095, 44.2885228781455 ], [ -78.308522017493502, 44.288508053125199 ], [ -78.308531803269403, 44.2885133254278 ], [ -78.308572903756797, 44.28846964065 ], [ -78.308564481226398, 44.288456478033602 ], [ -78.308597321755101, 44.288418342273097 ], [ -78.308630917299794, 44.288406908592599 ], [ -78.3086541687085, 44.288380808532303 ], [ -78.308671802858299, 44.2883898660873 ], [ -78.308653876926897, 44.288409574589501 ], [ -78.308678017455804, 44.288424138611198 ], [ -78.308729911339498, 44.288368910091997 ], [ -78.308758862260305, 44.288327819689698 ], [ -78.308807710012204, 44.2883340129167 ], [ -78.3088609782167, 44.288265407073098 ], [ -78.309109552996503, 44.288004064162401 ], [ -78.309294012162795, 44.287833109031503 ], [ -78.3092620706215, 44.2878225043385 ], [ -78.309246330656904, 44.287794043682702 ], [ -78.3093813797568, 44.287669028112099 ], [ -78.309588115435702, 44.287469056699301 ], [ -78.309750221853193, 44.287368082980699 ], [ -78.309826161401006, 44.287351867106402 ], [ -78.309868310300104, 44.287329093051497 ], [ -78.309896634306796, 44.287301671830903 ], [ -78.309910706258606, 44.287278956297897 ], [ -78.312273031672703, 44.286713841102497 ], [ -78.314072479497497, 44.2862791651701 ], [ -78.316462196430393, 44.285687723327399 ], [ -78.318813687960102, 44.285110216854299 ], [ -78.321059615559903, 44.284579083983203 ], [ -78.322497581497402, 44.287676803290601 ], [ -78.320011970153203, 44.288281421276302 ], [ -78.317500408776894, 44.288866217164703 ], [ -78.316502308667197, 44.289124782589298 ], [ -78.315508035543004, 44.289363428642602 ], [ -78.311716133295207, 44.290283813136398 ], [ -78.310496951769807, 44.290583112463402 ], [ -78.310053255488, 44.290617875761498 ], [ -78.309728229777605, 44.290603896863303 ], [ -78.309184068250005, 44.290509804189298 ], [ -78.3088196778031, 44.290392132357901 ], [ -78.307540724301404, 44.2899387725125 ] ] ] } },
{ "type": "Feature", "properties": { "OBJECTID": 4, "WARDTYPE": "SUBWARD", "WARDNAME": "215", "WARD_ID": 186, "YEAR": 2010, "ACTIVE": "Yes", "Shape__Area": 392187.99487304699, "Shape__Length": 2894.02222566204 }, "geometry": { "type": "Polygon", "coordinates": [ [ [ -78.377171064123402, 44.288352698815501 ], [ -78.376443263673806, 44.288517242085298 ], [ -78.372703334028003, 44.289362679950798 ], [ -78.369022336906895, 44.2901862609801 ], [ -78.367343299254102, 44.290559279771102 ], [ -78.366227679888397, 44.290805988733602 ], [ -78.365982037768205, 44.290175925969201 ], [ -78.365608522087797, 44.289188802474897 ], [ -78.365416590346797, 44.2886371175303 ], [ -78.365543211830101, 44.288395944947702 ], [ -78.365620061248606, 44.288292047151103 ], [ -78.365715771739801, 44.288185656847801 ], [ -78.366910092327203, 44.2871009294809 ], [ -78.367245746103094, 44.286662006000597 ], [ -78.367496040279207, 44.286694649999802 ], [ -78.367741699533596, 44.286712216700401 ], [ -78.367860109601196, 44.2867138307397 ], [ -78.367980303250803, 44.286706831379703 ], [ -78.368226305030802, 44.286675110050702 ], [ -78.369506432647896, 44.286486625787397 ], [ -78.370597779057306, 44.286324575677803 ], [ -78.370993206297996, 44.286247796531697 ], [ -78.371246308409695, 44.286181584887601 ], [ -78.371439153084793, 44.286113434187001 ], [ -78.371820810709906, 44.285953786518903 ], [ -78.372055015077294, 44.285834532754201 ], [ -78.372325779919905, 44.285680004419397 ], [ -78.372454250834494, 44.285559425042997 ], [ -78.372699051876594, 44.285333157957901 ], [ -78.372864652668099, 44.285150992772998 ], [ -78.373001541377107, 44.284956715013998 ], [ -78.373148505539405, 44.2847029658857 ], [ -78.373217301788202, 44.284545444077601 ], [ -78.3732632901866, 44.284389738131402 ], [ -78.373308027335895, 44.284172514155003 ], [ -78.373319187080796, 44.284013219480101 ], [ -78.373329126269795, 44.283707880975001 ], [ -78.373361293133698, 44.2835984059842 ], [ -78.373463956284994, 44.2834556905554 ], [ -78.373546861524005, 44.283375016175398 ], [ -78.373702414694094, 44.283273996778398 ], [ -78.373837271210505, 44.283219931457097 ], [ -78.375034238819694, 44.282958046987098 ], [ -78.376551659713101, 44.286476198064598 ], [ -78.377030428459804, 44.287588705695399 ], [ -78.377098530602595, 44.287811826960798 ], [ -78.377137647169405, 44.288018264386899 ], [ -78.377171064123402, 44.288352698815501 ] ] ] } },
{ "type": "Feature", "properties": { "OBJECTID": 5, "WARDTYPE": "SUBWARD", "WARDNAME": "114", "WARD_ID": 187, "YEAR": 2018, "ACTIVE": "Yes", "Shape__Area": 949255.44775390602, "Shape__Length": 4614.4763523355596 }, "geometry": { "type": "Polygon", "coordinates": [ [ [ -78.363210762568102, 44.291470295045102 ], [ -78.362272696794406, 44.291682016761001 ], [ -78.359541243456505, 44.2922984547006 ], [ -78.358535185490993, 44.2925437080617 ], [ -78.358473065740995, 44.292561702229698 ], [ -78.358248502762294, 44.292639831786701 ], [ -78.357937410298007, 44.292763993514299 ], [ -78.357451237562401, 44.292977021172902 ], [ -78.357249759056899, 44.292850217655698 ], [ -78.357214302743898, 44.292840703682998 ], [ -78.357129153006795, 44.292851825959701 ], [ -78.356892637225698, 44.292893754930901 ], [ -78.3565259485285, 44.292976163295698 ], [ -78.3561736951998, 44.2930608764282 ], [ -78.356142763207302, 44.292980854353402 ], [ -78.356076029198505, 44.292828781892197 ], [ -78.356007154071307, 44.292671836996 ], [ -78.355938281918995, 44.292514889423302 ], [ -78.355869406359702, 44.292357941727197 ], [ -78.355800536117997, 44.2922009950099 ], [ -78.355731661257593, 44.292044047240701 ], [ -78.355662791593701, 44.291887103148497 ], [ -78.355593917310998, 44.291730158004398 ], [ -78.355525048467101, 44.291573211141099 ], [ -78.355456175004505, 44.291416263226097 ], [ -78.355387306940102, 44.2912593144911 ], [ -78.355237559374899, 44.290918064469103 ], [ -78.355161782789594, 44.290745284347203 ], [ -78.355000689925603, 44.290377960991201 ], [ -78.354802785276206, 44.289926688493203 ], [ -78.354685699736805, 44.289659710549401 ], [ -78.354616866237393, 44.289502748612598 ], [ -78.354548028078895, 44.289345786523299 ], [ -78.354479195277804, 44.289188824513602 ], [ -78.354410362826002, 44.289031862467397 ], [ -78.354341530723403, 44.288874900384897 ], [ -78.354272693961803, 44.288717938149802 ], [ -78.354203862557597, 44.288560975994301 ], [ -78.354135031502594, 44.288404013802399 ], [ -78.354066195788704, 44.288247051458001 ], [ -78.353997365432093, 44.288090089193197 ], [ -78.3539285354247, 44.287933126892 ], [ -78.353542151278603, 44.288024158427199 ], [ -78.353302688446107, 44.2880806178241 ], [ -78.352908575225896, 44.288173553050697 ], [ -78.352869919020904, 44.288182664147001 ], [ -78.352697554515103, 44.2882232884267 ], [ -78.352316965604004, 44.2883129845425 ], [ -78.352135489830204, 44.288355755372599 ], [ -78.3519540138049, 44.288398525907397 ], [ -78.351573069575295, 44.288488268909703 ], [ -78.3513336115046, 44.288544677457601 ], [ -78.350970568733203, 44.288630199169297 ], [ -78.350920618747196, 44.288642025641799 ], [ -78.350495017107704, 44.288742803227102 ], [ -78.350185193383595, 44.288816165095298 ], [ -78.349947149724898, 44.288872527934203 ], [ -78.349931942389603, 44.288876103712099 ], [ -78.349929898150606, 44.288871619672399 ], [ -78.349680233092002, 44.288930319366798 ], [ -78.349421064487899, 44.288991250204603 ], [ -78.349174305578302, 44.289049267236102 ], [ -78.348926968795695, 44.289107414356501 ], [ -78.348707363255897, 44.289159046007804 ], [ -78.3484661442792, 44.289212463703798 ], [ -78.348480371414396, 44.289074566944102 ], [ -78.348503425380301, 44.2885625080431 ], [ -78.348374032727605, 44.288052668884298 ], [ -78.348064285716006, 44.287630790619801 ], [ -78.347637876490396, 44.287318556738299 ], [ -78.348491958434494, 44.286481088521697 ], [ -78.350115426288198, 44.2849906613935 ], [ -78.350992350314002, 44.284185558077901 ], [ -78.352509806668095, 44.282791677780899 ], [ -78.353220957647693, 44.282218764071303 ], [ -78.355063311830406, 44.280732581371502 ], [ -78.355437359167396, 44.280430939462398 ], [ -78.355725619327202, 44.280200843213201 ], [ -78.355821750055895, 44.280118126636403 ], [ -78.355869862100405, 44.280062714202998 ], [ -78.355918085018203, 44.279978358464398 ], [ -78.355949083892199, 44.279915235717397 ], [ -78.355981153879597, 44.279828244297903 ], [ -78.355997907702502, 44.279747005623904 ], [ -78.356001859754102, 44.279696695797497 ], [ -78.355996981658706, 44.279604789198601 ], [ -78.355985994612794, 44.279397805747998 ], [ -78.357787704007805, 44.278961317860798 ], [ -78.359476697924904, 44.282905555124003 ], [ -78.361383253942904, 44.287240214747897 ], [ -78.361914794816897, 44.288469325776497 ], [ -78.362135674704106, 44.288980064671897 ], [ -78.362268201404603, 44.289286507219899 ], [ -78.362579707645295, 44.2900067774193 ], [ -78.363210762568102, 44.291470295045102 ] ] ] } },
{ "type": "Feature", "properties": { "OBJECTID": 6, "WARDTYPE": "SUBWARD", "WARDNAME": "120", "WARD_ID": 169, "YEAR": 2010, "ACTIVE": "Yes", "Shape__Area": 231622.92480468799, "Shape__Length": 2758.0776876396799 }, "geometry": { "type": "Polygon", "coordinates": [ [ [ -78.337224943248302, 44.297630558584501 ], [ -78.336700335850495, 44.296360347206999 ], [ -78.336672423021696, 44.296301673856597 ], [ -78.336866757647101, 44.296265537794902 ], [ -78.338039547520296, 44.295957650923 ], [ -78.338175806663301, 44.295925345699203 ], [ -78.337942154951804, 44.295406583851303 ], [ -78.337816849251695, 44.295131932042899 ], [ -78.337449875059903, 44.294298184028399 ], [ -78.336780492840603, 44.292718930755903 ], [ -78.336831052693199, 44.292701741050799 ], [ -78.336886677232997, 44.292685252863997 ], [ -78.337278278546705, 44.292588562202603 ], [ -78.337727319330696, 44.292468830276498 ], [ -78.338684054679902, 44.292216097244498 ], [ -78.338635221667502, 44.292133969564397 ], [ -78.338627432513107, 44.292118169909799 ], [ -78.338625039656407, 44.292100781935602 ], [ -78.338635573342799, 44.292082921100103 ], [ -78.338653593205706, 44.292065597613302 ], [ -78.338678571351593, 44.2920510624675 ], [ -78.338703844288204, 44.292041320076002 ], [ -78.340110187190703, 44.291684869365703 ], [ -78.339815594509702, 44.290993766571397 ], [ -78.339288627346306, 44.289785084707098 ], [ -78.340463624257296, 44.289493202059901 ], [ -78.340927048317795, 44.289373580083698 ], [ -78.341748863919094, 44.2891823398867 ], [ -78.342789032913601, 44.288923203727201 ], [ -78.343553623085398, 44.290677222933802 ], [ -78.343434491581306, 44.290767686194698 ], [ -78.341372661217605, 44.292301075402598 ], [ -78.341191753491501, 44.292469621872399 ], [ -78.341124783003707, 44.292544077075 ], [ -78.340950569603393, 44.2927620901037 ], [ -78.3407072277152, 44.293092437217602 ], [ -78.340543665271696, 44.293340731061697 ], [ -78.340422540565001, 44.293562383847799 ], [ -78.340385350723594, 44.293640786069403 ], [ -78.340360156898598, 44.293716288893798 ], [ -78.340337347885296, 44.293792772764903 ], [ -78.3403192289244, 44.293884110686797 ], [ -78.3403205533197, 44.293969347600701 ], [ -78.340323252964893, 44.294143135638798 ], [ -78.340339955860301, 44.294227794575797 ], [ -78.340492768560395, 44.294755425655801 ], [ -78.340704837036895, 44.2953726823525 ], [ -78.340849749217199, 44.295903543581801 ], [ -78.340926164953501, 44.296183473071501 ], [ -78.340929506535502, 44.296334698795498 ], [ -78.340937325852494, 44.296688656465101 ], [ -78.337672374339107, 44.297517045494097 ], [ -78.337224943248302, 44.297630558584501 ] ] ] } },
{ "type": "Feature", "properties": { "OBJECTID": 7, "WARDTYPE": "SUBWARD", "WARDNAME": "119", "WARD_ID": 170, "YEAR": 2018, "ACTIVE": "Yes", "Shape__Area": 454160.28759765602, "Shape__Length": 3115.18287352894 }, "geometry": { "type": "Polygon", "coordinates": [ [ [ -78.342789032913601, 44.288923203727201 ], [ -78.341748863919094, 44.2891823398867 ], [ -78.340927048317795, 44.289373580083698 ], [ -78.340463624257296, 44.289493202059901 ], [ -78.339288627346306, 44.289785084707098 ], [ -78.338973714780593, 44.289066987291797 ], [ -78.338677156473906, 44.288371010013698 ], [ -78.336596942602498, 44.2888978361716 ], [ -78.336249566843605, 44.288212636110401 ], [ -78.334997562670395, 44.288534591573097 ], [ -78.334900596041805, 44.288317510057297 ], [ -78.331210007950801, 44.289280988628498 ], [ -78.329733853529206, 44.285899492776799 ], [ -78.333408136784499, 44.284941624989997 ], [ -78.336814632658403, 44.2840603646437 ], [ -78.337342498163196, 44.283940175494003 ], [ -78.337970034863503, 44.283791129788 ], [ -78.339137405514606, 44.283501516044502 ], [ -78.340305681019501, 44.283219140657401 ], [ -78.341586440336997, 44.286136704585402 ], [ -78.342675689695994, 44.288660589527097 ], [ -78.342789032913601, 44.288923203727201 ] ] ] } },
{ "type": "Feature", "properties": { "OBJECTID": 8, "WARDTYPE": "SUBWARD", "WARDNAME": "106", "WARD_ID": 171, "YEAR": 2010, "ACTIVE": "Yes", "Shape__Area": 669463.99340820301, "Shape__Length": 3546.8686064363601 }, "geometry": { "type": "Polygon", "coordinates": [ [ [ -78.336814632658403, 44.2840603646437 ], [ -78.333408136784499, 44.284941624989997 ], [ -78.329733853529206, 44.285899492776799 ], [ -78.329138113830197, 44.284622728353803 ], [ -78.329008157561404, 44.284344208049099 ], [ -78.328265167438502, 44.282798231267101 ], [ -78.327950539580797, 44.282127734430503 ], [ -78.327628158055106, 44.2814337162702 ], [ -78.327483248288402, 44.281082354327502 ], [ -78.327319952156898, 44.280753785339499 ], [ -78.326856358654297, 44.2797326526182 ], [ -78.326396076958304, 44.278756623918298 ], [ -78.3260500692665, 44.278016378181 ], [ -78.325852056125598, 44.277592755882303 ], [ -78.325467930732501, 44.276770942889002 ], [ -78.325067743528606, 44.275914739504799 ], [ -78.326127577125106, 44.275675366322801 ], [ -78.326452743620905, 44.275508763724602 ], [ -78.328382608545198, 44.2750573303748 ], [ -78.328829414765494, 44.275969328700398 ], [ -78.331600887588294, 44.275307412579799 ], [ -78.332600613448506, 44.275091598270102 ], [ -78.332978748197903, 44.275936125516303 ], [ -78.333663954357704, 44.277437168656299 ], [ -78.333968220953395, 44.278123129826803 ], [ -78.334619714464793, 44.279287586262299 ], [ -78.335092786628906, 44.2794769626868 ], [ -78.335054212700996, 44.279781419529101 ], [ -78.335039987336899, 44.2798892328004 ], [ -78.335035778602801, 44.2799362876695 ], [ -78.335051366959107, 44.280095770888003 ], [ -78.335100827976007, 44.280261857095397 ], [ -78.335467170636207, 44.281085937582503 ], [ -78.335943019285494, 44.282136885625299 ], [ -78.336814632658403, 44.2840603646437 ] ] ] } },
{ "type": "Feature", "properties": { "OBJECTID": 9, "WARDTYPE": "SUBWARD", "WARDNAME": "318", "WARD_ID": 191, "YEAR": 2018, "ACTIVE": "Yes", "Shape__Area": 404123.74755859398, "Shape__Length": 2691.2320410772099 }, "geometry": { "type": "Polygon", "coordinates": [ [ [ -78.334921637377306, 44.298214874787099 ], [ -78.335441373686905, 44.298083011179003 ], [ -78.337221068184704, 44.297621420386101 ], [ -78.342647800553706, 44.296277551166398 ], [ -78.343795598507299, 44.298694342921401 ], [ -78.343897907935002, 44.298881089903098 ], [ -78.344657146314105, 44.299731956583798 ], [ -78.344805085603895, 44.2999888308564 ], [ -78.344896485970295, 44.300213143875403 ], [ -78.344951443719296, 44.300388006734501 ], [ -78.344954220854504, 44.300540825234002 ], [ -78.344914870639599, 44.300698427450598 ], [ -78.343165495730403, 44.300276448721 ], [ -78.343151809984107, 44.300385929083703 ], [ -78.343168069933498, 44.300452078302499 ], [ -78.343722418595803, 44.3016280207151 ], [ -78.343728743025395, 44.301650332745702 ], [ -78.343736279651694, 44.301689677446703 ], [ -78.343732158130905, 44.301738679133202 ], [ -78.343720902726801, 44.301790309277003 ], [ -78.343705141262603, 44.3018290037909 ], [ -78.343682094205406, 44.301871688049602 ], [ -78.343662982666103, 44.301894276038702 ], [ -78.343647754067902, 44.301912269334302 ], [ -78.343604390174093, 44.3019484633218 ], [ -78.343575359246302, 44.301970287493603 ], [ -78.343549298188293, 44.3019864153881 ], [ -78.343520723146, 44.3020031365728 ], [ -78.343490069872402, 44.3020183509338 ], [ -78.343451018642497, 44.302036535223799 ], [ -78.343409914522297, 44.302050206341796 ], [ -78.342905182968394, 44.302179982401398 ], [ -78.3419510663267, 44.302424734025003 ], [ -78.337279953088895, 44.303585331329103 ], [ -78.336547049090996, 44.30200999038 ], [ -78.336206759579497, 44.301274334917501 ], [ -78.335139657532494, 44.298990633185703 ], [ -78.334947315198093, 44.298578985296402 ], [ -78.334917730487405, 44.298369753977497 ], [ -78.334921637377306, 44.298214874787099 ] ] ] } },
{ "type": "Feature", "properties": { "OBJECTID": 10, "WARDTYPE": "SUBWARD", "WARDNAME": "205", "WARD_ID": 196, "YEAR": 2010, "ACTIVE": "Yes", "Shape__Area": 2554107.8713378902, "Shape__Length": 6276.7798751529199 }, "geometry": { "type": "Polygon", "coordinates": [ [ [ -78.343843961792501, 44.313743344241097 ], [ -78.344321800322106, 44.312492965906202 ], [ -78.344350066221693, 44.312418995927302 ], [ -78.344897759825997, 44.309830020292502 ], [ -78.345090823053098, 44.3097889099299 ], [ -78.347179921431305, 44.3093440367076 ], [ -78.348904721026997, 44.308975213600498 ], [ -78.350148369390695, 44.308706825882197 ], [ -78.352056780810997, 44.308308841208699 ], [ -78.353948746065996, 44.307894148265703 ], [ -78.356398416707904, 44.307367659880001 ], [ -78.3565275875944, 44.3073503455186 ], [ -78.356619578020997, 44.307332571545899 ], [ -78.361580177887006, 44.306239088054703 ], [ -78.361650234979507, 44.306221650215697 ], [ -78.362257760577705, 44.306077371900201 ], [ -78.362295640065398, 44.306211444292401 ], [ -78.362524613629802, 44.3066856504323 ], [ -78.362616280049494, 44.306875494420296 ], [ -78.362616348567499, 44.306875476197298 ], [ -78.362697843816207, 44.307044646096102 ], [ -78.362703689027896, 44.307043016597397 ], [ -78.362709537714593, 44.307041393480702 ], [ -78.362715389835898, 44.307039777645201 ], [ -78.3627212454724, 44.307038167292298 ], [ -78.362727104583797, 44.307036563321397 ], [ -78.362732967170203, 44.307034965732399 ], [ -78.362738831938799, 44.307033375395697 ], [ -78.362744700222606, 44.3070317905417 ], [ -78.362750571981294, 44.307030212069499 ], [ -78.362756448427206, 44.307028640907497 ], [ -78.3627623283882, 44.307027075228198 ], [ -78.362768210571801, 44.307025515901799 ], [ -78.362774096190094, 44.3070239638567 ], [ -78.362779985323598, 44.307022417294199 ], [ -78.362785877891696, 44.307020878012899 ], [ -78.362791772682399, 44.307019345084697 ], [ -78.362797672240703, 44.307017817667898 ], [ -78.362803573981296, 44.307016297503502 ], [ -78.362809479196798, 44.307014783721002 ], [ -78.362815386634907, 44.307013276291499 ], [ -78.362821298800299, 44.307011775272898 ], [ -78.362827213188297, 44.307010280607201 ], [ -78.362833131051204, 44.307008792323501 ], [ -78.362839052389106, 44.307007310421703 ], [ -78.362844975949599, 44.307005834872797 ], [ -78.3628509029447, 44.307004366605298 ], [ -78.362856833455098, 44.307002903820297 ], [ -78.3628627661477, 44.3070014482876 ], [ -78.362868703608001, 44.306999998266498 ], [ -78.362874641998104, 44.306998555468702 ], [ -78.362880585115704, 44.306997119081799 ], [ -78.362886530455796, 44.306995689047902 ], [ -78.362892479270798, 44.3069942653959 ], [ -78.362898430308505, 44.306992848096897 ], [ -78.362904384780805, 44.306991438079102 ], [ -78.362910342768402, 44.306990033543997 ], [ -78.362916302938203, 44.306988636261103 ], [ -78.362922266583098, 44.306987245360197 ], [ -78.3629282324505, 44.306985860812198 ], [ -78.362934201792896, 44.306984482646101 ], [ -78.362940174610301, 44.306983110861999 ], [ -78.362946149609996, 44.306981746330202 ], [ -78.362952128124903, 44.306980387281001 ], [ -78.362958108822099, 44.306979035484098 ], [ -78.362964091741901, 44.3069776900401 ], [ -78.362970078136698, 44.306976350978097 ], [ -78.362976068006503, 44.306975018297997 ], [ -78.362982060058599, 44.306973692870201 ], [ -78.362988054373602, 44.306972372895999 ], [ -78.362994052123298, 44.306971060203097 ], [ -78.363000053348003, 44.306969753892098 ], [ -78.363006056754898, 44.306968454833402 ], [ -78.363012062424801, 44.3069671612284 ], [ -78.363018071529396, 44.306965874904598 ], [ -78.3630240828968, 44.306964594034497 ], [ -78.363030095153803, 44.306963321287 ], [ -78.363036112178605, 44.306962054051098 ], [ -78.363042132678402, 44.306960793197099 ], [ -78.363048155360502, 44.306959539595397 ], [ -78.363054180265195, 44.3069582923466 ], [ -78.363060207392493, 44.306957051450901 ], [ -78.363066236742398, 44.306955816908101 ], [ -78.363072269526995, 44.306954589646601 ], [ -78.363078304534298, 44.306953368738 ], [ -78.363084343016496, 44.306952154211302 ], [ -78.363090383721399, 44.306950946037603 ], [ -78.363096426608607, 44.306949745116299 ], [ -78.363102471718406, 44.306948550547901 ], [ -78.363108519050897, 44.306947362332501 ], [ -78.363114569858396, 44.306946180498898 ], [ -78.363120622848101, 44.306945005917697 ], [ -78.363126678060596, 44.306943837689502 ], [ -78.363132736748, 44.306942675843104 ], [ -78.363138796365405, 44.306941521220203 ], [ -78.363144859498107, 44.306940372079701 ], [ -78.363150924813098, 44.306939230191702 ], [ -78.363156992310493, 44.3069380955559 ], [ -78.363163062070797, 44.306936966373698 ], [ -78.363169134013503, 44.306935844443899 ], [ -78.363175209431205, 44.306934728895897 ], [ -78.363181285778793, 44.3069336205714 ], [ -78.363187365601505, 44.306932518628699 ], [ -78.363193447646793, 44.306931423039003 ], [ -78.363199531914802, 44.306930333802299 ], [ -78.3632056183651, 44.306929251817898 ], [ -78.363211707038005, 44.306928176186403 ], [ -78.363217797933601, 44.306927106907899 ], [ -78.3632238910116, 44.306926044881699 ], [ -78.363229986352493, 44.306924988309099 ], [ -78.363236083835503, 44.3069239398882 ], [ -78.363242183581406, 44.306922896920902 ], [ -78.363248285509698, 44.306921861206 ], [ -78.363254389620394, 44.306920832743302 ], [ -78.363260494741496, 44.306919809705299 ], [ -78.363266604550006, 44.306918793977502 ], [ -78.363272715328605, 44.306917784573699 ], [ -78.363278828289594, 44.306916782422199 ], [ -78.363284942220901, 44.3069157865948 ], [ -78.363291059627201, 44.306914797149197 ], [ -78.363297179215905, 44.306913814955898 ], [ -78.363303299774898, 44.306912839086699 ], [ -78.363309422556597, 44.306911869570499 ], [ -78.363315548773002, 44.3069109073354 ], [ -78.363321675959796, 44.306909951424501 ], [ -78.363327805328893, 44.306909002765799 ], [ -78.363333935668194, 44.306908060431098 ], [ -78.363340069482703, 44.3069071244783 ], [ -78.363346204227099, 44.306906195749001 ], [ -78.363352342446703, 44.306905273401398 ], [ -78.363358481636496, 44.306904357378002 ], [ -78.363364621756304, 44.306903448577899 ], [ -78.363370765351206, 44.306902546159598 ], [ -78.363376909916397, 44.306901650065498 ], [ -78.363383056664006, 44.306900761223602 ], [ -78.363389205594004, 44.306899879634003 ], [ -78.363395355534607, 44.306899003469098 ], [ -78.363401507657599, 44.306898134556498 ], [ -78.363407661962995, 44.306897272896201 ], [ -78.363413818491097, 44.306896417588902 ], [ -78.363419975989501, 44.306895568605498 ], [ -78.363426135670295, 44.306894726874503 ], [ -78.363432297573794, 44.306893891496401 ], [ -78.363438460407295, 44.306893063341803 ], [ -78.363444625463501, 44.306892241540098 ], [ -78.363450791490095, 44.3068914260624 ], [ -78.363456958446605, 44.306890617808001 ], [ -78.363463128878294, 44.306889815935598 ], [ -78.363469301492401, 44.306889021315399 ], [ -78.363475475076797, 44.306888233019301 ], [ -78.363481649591193, 44.306887451946501 ], [ -78.363487826328395, 44.3068866772268 ], [ -78.363494005288302, 44.306885908859897 ], [ -78.363500185178196, 44.3068851477164 ], [ -78.363506366038393, 44.306884392896997 ], [ -78.363512549081094, 44.306883645329798 ], [ -78.363518734346499, 44.306882904115596 ], [ -78.363524920542005, 44.306882170124801 ], [ -78.363531107707701, 44.306881442458 ], [ -78.363537297055899, 44.306880722043402 ], [ -78.363543488626902, 44.306880007981903 ], [ -78.363549681168195, 44.306879300244297 ], [ -78.363555874639502, 44.306878599730098 ], [ -78.363562070293298, 44.306877906468301 ], [ -78.363568266917397, 44.306877219530399 ], [ -78.363574464511899, 44.306876538916597 ], [ -78.363580664288804, 44.306875865555099 ], [ -78.363586865035998, 44.306875198517602 ], [ -78.363593067965795, 44.306874538732401 ], [ -78.363599271865795, 44.306873885271202 ], [ -78.363605476695994, 44.306873239033301 ], [ -78.3636116837489, 44.306872599148498 ], [ -78.363617891731806, 44.306871966487002 ], [ -78.363624100685101, 44.306871340149499 ], [ -78.363630310608698, 44.306870720135997 ], [ -78.363636522714899, 44.306870107374799 ], [ -78.363642734498697, 44.306869501808102 ], [ -78.363648951010106, 44.306868902652198 ], [ -78.363655165946696, 44.306868310661798 ], [ -78.363661383106106, 44.306867725024297 ], [ -78.363667601235903, 44.306867145710797 ], [ -78.363673820336004, 44.306866572721397 ], [ -78.363680041538103, 44.306866008782997 ], [ -78.363686262498405, 44.306865450240302 ], [ -78.363692485641195, 44.306864898949797 ], [ -78.363698709754402, 44.306864353983499 ], [ -78.363704934837898, 44.306863815341103 ], [ -78.363711162063694, 44.306863284850401 ], [ -78.363717389047693, 44.306862759755397 ], [ -78.363723618214294, 44.306862241912697 ], [ -78.363729847058494, 44.306861731264497 ], [ -78.363736078125498, 44.306861226969197 ], [ -78.363742310122603, 44.306860729897203 ], [ -78.363748543090097, 44.306860239149302 ], [ -78.363754776987705, 44.3068597556247 ], [ -78.363761011855701, 44.306859278424199 ], [ -78.363767247653797, 44.306858808447103 ], [ -78.363773484422296, 44.306858344793902 ], [ -78.363779722120896, 44.3068578883641 ], [ -78.363785960789897, 44.306857438258398 ], [ -78.363792200389, 44.306856995376002 ], [ -78.363798440918202, 44.306856559716898 ], [ -78.363804682417907, 44.306856130381902 ], [ -78.3638109248879, 44.3068557073709 ], [ -78.363817167035705, 44.306855291554299 ], [ -78.363823412618402, 44.306854883019 ], [ -78.363829657919098, 44.306854480778703 ], [ -78.363835904190296, 44.306854084862501 ], [ -78.363842151351193, 44.306853697069002 ], [ -78.363848398270505, 44.306853314671201 ], [ -78.363854647332005, 44.306852940425102 ], [ -78.363860896151806, 44.306852571574701 ], [ -78.363867145861505, 44.306852210846998 ], [ -78.363873396541607, 44.306851856443302 ], [ -78.363879648192096, 44.3068515083636 ], [ -78.3638859007728, 44.306851167507297 ], [ -78.363892153031202, 44.306850833845502 ], [ -78.363898407512494, 44.306850506536598 ], [ -78.3639046617117, 44.306850185522798 ], [ -78.363910915548402, 44.306849872602697 ], [ -78.363917171648296, 44.306849565136297 ], [ -78.3639234273856, 44.306849265763702 ], [ -78.363929685345795, 44.306848972744 ], [ -78.363935941771601, 44.306848685990403 ], [ -78.363942200379995, 44.306848406489202 ], [ -78.363948458666101, 44.306848134182303 ], [ -78.363954717922695, 44.306847868199597 ], [ -78.363960978109404, 44.306847609440098 ], [ -78.363967238014197, 44.306847356975801 ], [ -78.363973498849106, 44.306847111734797 ], [ -78.363979759402099, 44.306846872788903 ], [ -78.363986022137695, 44.306846641095298 ], [ -78.363992284551003, 44.306846416596102 ], [ -78.363998547934898, 44.306846198420999 ], [ -78.364004810996406, 44.306845987440298 ], [ -78.3640110750285, 44.306845782783597 ], [ -78.364017338738293, 44.306845585321398 ], [ -78.364023603418602, 44.3068453941831 ], [ -78.364029867776594, 44.306845210239302 ], [ -78.3640361330649, 44.306845033518897 ], [ -78.364042399323594, 44.3068448631225 ], [ -78.364048665300402, 44.306844699021198 ], [ -78.364054932167207, 44.306844543042601 ], [ -78.364061198751898, 44.3068443933591 ], [ -78.364067465054802, 44.306844249970602 ], [ -78.364073732287807, 44.306844113805603 ], [ -78.364080000451096, 44.306843984863903 ], [ -78.3640862683324, 44.306843862217299 ], [ -78.364092535891501, 44.306843746765097 ], [ -78.364098804421204, 44.306843637637002 ], [ -78.364105072628604, 44.306843535703202 ], [ -78.364111341766204, 44.3068434409929 ], [ -78.364117610621904, 44.306843352577701 ], [ -78.364123880448204, 44.306843270486397 ], [ -78.364130149911901, 44.306843196488998 ], [ -78.364136417841294, 44.306843128757698 ], [ -78.364142687993706, 44.306843067379397 ], [ -78.3641489578239, 44.306843013195497 ], [ -78.364155228584295, 44.306842966234903 ], [ -78.364161497810301, 44.3068429255406 ], [ -78.364167767966606, 44.306842892069596 ], [ -78.364174037840996, 44.306842864893703 ], [ -78.3641803086457, 44.306842844941102 ], [ -78.364186577875699, 44.306842832154103 ], [ -78.3641928480763, 44.306842825691099 ], [ -78.3641991192071, 44.306842826451501 ], [ -78.364205388803697, 44.306842833478001 ], [ -78.364211659330394, 44.3068428477279 ], [ -78.364217929535002, 44.3068428691722 ], [ -78.364224199457695, 44.306842896911597 ], [ -78.364230469058299, 44.306842931845502 ], [ -78.364236738376903, 44.306842973074502 ], [ -78.364243008625905, 44.306843021526802 ], [ -78.364249278552705, 44.306843077173603 ], [ -78.364255548197605, 44.3068431391155 ], [ -78.364261817560603, 44.3068432073525 ], [ -78.364268086561196, 44.3068432836832 ], [ -78.364274355280003, 44.306843366309003 ], [ -78.364280624969197, 44.3068434552589 ], [ -78.364286891831497, 44.306843551345402 ], [ -78.364293162129002, 44.306843654713099 ], [ -78.364299430892103, 44.306843764346901 ], [ -78.364305698080699, 44.3068438811463 ], [ -78.364311966199594, 44.306844005168998 ], [ -78.364318234036602, 44.306844135486898 ], [ -78.364324501591696, 44.306844272099802 ], [ -78.364330767532095, 44.306844416777601 ], [ -78.364337034483199, 44.306844566880102 ], [ -78.364343301071997, 44.306844725076303 ], [ -78.364349567378994, 44.306844889567699 ], [ -78.364355832111301, 44.3068450612246 ], [ -78.364362097814293, 44.306845239205501 ], [ -78.364368363195197, 44.306845424380803 ], [ -78.364374627041698, 44.306845615822297 ], [ -78.364380891818598, 44.306845814487197 ], [ -78.364387155021006, 44.3068460203177 ], [ -78.3643934179415, 44.306846232443199 ], [ -78.364399680539904, 44.3068464517631 ], [ -78.364405942896795, 44.306846676478798 ], [ -78.364412204851007, 44.306846910187701 ], [ -78.364418466523404, 44.306847150191601 ], [ -78.364424726661596, 44.306847396461798 ], [ -78.364430987730103, 44.306847649955202 ], [ -78.364437246011803, 44.306847909685999 ], [ -78.364443506476405, 44.306848176669 ], [ -78.364449765366501, 44.306848450817597 ], [ -78.364456022722294, 44.3068487312324 ], [ -78.364462279755998, 44.306849018841604 ], [ -78.3644685365079, 44.306849312745904 ], [ -78.364474792937798, 44.306849613844598 ], [ -78.364481049045494, 44.3068499221378 ], [ -78.364487303619001, 44.306850236697201 ], [ -78.364493557910706, 44.306850557551599 ], [ -78.364499810587702, 44.306850886470997 ], [ -78.3645060642353, 44.306851221714297 ], [ -78.364512316348694, 44.306851563223901 ], [ -78.364518566887497, 44.306851911899003 ], [ -78.364524818356699, 44.306852267797403 ], [ -78.364531068291797, 44.306852629962002 ], [ -78.364537316652303, 44.306852999292197 ], [ -78.364543564730994, 44.306853374917502 ], [ -78.364549812487695, 44.306853757737201 ], [ -78.364556058669905, 44.306854147722397 ], [ -78.364562304570399, 44.306854544002803 ], [ -78.364568550148704, 44.306854947477497 ], [ -78.364574794192905, 44.306855357218502 ], [ -78.364581037915002, 44.306855774154002 ], [ -78.364587280062693, 44.306856198254899 ], [ -78.364593520676095, 44.3068566286221 ], [ -78.364599762260298, 44.306857065313302 ], [ -78.364606000977204, 44.306857510040402 ], [ -78.364612239452697, 44.306857960163299 ], [ -78.364618477565799, 44.306858418380003 ], [ -78.364624714144796, 44.306858882862798 ], [ -78.364630950442006, 44.306859353640803 ], [ -78.364637185164796, 44.306859831584298 ], [ -78.364643418313094, 44.306860316693403 ], [ -78.364649651179604, 44.306860808097603 ], [ -78.364655882471794, 44.306861306667301 ], [ -78.364662113441796, 44.3068618124314 ], [ -78.364668342877707, 44.306862324461697 ], [ -78.364674570779499, 44.3068628427582 ], [ -78.364680798359203, 44.306863368249303 ], [ -78.3646870243645, 44.306863900905697 ], [ -78.364693250088095, 44.306864439857399 ], [ -78.364699474237199, 44.306864985974499 ], [ -78.364705696811896, 44.306865539257203 ], [ -78.364711917892706, 44.306866097906799 ], [ -78.364718138611195, 44.306866664650101 ], [ -78.364724357795595, 44.306867237659603 ], [ -78.364730575405503, 44.3068678178347 ], [ -78.364736792733794, 44.3068684043049 ], [ -78.364743008487594, 44.306868997940597 ], [ -78.364749222707303, 44.3068695978425 ], [ -78.364755435352507, 44.306870204909998 ], [ -78.364761646463606, 44.306870818243603 ], [ -78.364767857252701, 44.306871438771701 ], [ -78.364774066467405, 44.306872066465402 ], [ -78.364780274148004, 44.306872700425203 ], [ -78.364786480254097, 44.306873341550599 ], [ -78.364792684826099, 44.306873988942201 ], [ -78.364798889076198, 44.306874643528197 ], [ -78.364805090539704, 44.3068753043515 ], [ -78.364811291681207, 44.306875972369298 ], [ -78.364817491288605, 44.306876646653301 ], [ -78.364823689321597, 44.3068773281028 ], [ -78.364829885820498, 44.306878015818498 ], [ -78.364836080744894, 44.306878710699799 ], [ -78.364842274094997, 44.306879412746497 ], [ -78.364848465910995, 44.306880121059599 ], [ -78.364854657405004, 44.306880836566997 ], [ -78.364860846112506, 44.306881558311701 ], [ -78.364867033285904, 44.306882286322697 ], [ -78.364873220097095, 44.3068830224274 ], [ -78.364879404161897, 44.306883763870097 ], [ -78.364885586612203, 44.306884513377703 ], [ -78.364891767568594, 44.306885268252103 ], [ -78.364897948162806, 44.306886031220401 ], [ -78.3649041260107, 44.306886799526502 ], [ -78.364910302243999, 44.306887575897598 ], [ -78.364916476943193, 44.306888358534898 ], [ -78.364922650108298, 44.306889147438397 ], [ -78.364928821698996, 44.3068899435074 ], [ -78.364934991755703, 44.306890745842601 ], [ -78.364941158985602, 44.3068915553145 ], [ -78.364947325933798, 44.306892371081403 ], [ -78.364953490014898, 44.306893194884402 ], [ -78.364959652602295, 44.306894024054202 ], [ -78.3649658136152, 44.306894860389598 ], [ -78.364971973053898, 44.306895703890497 ], [ -78.364978130958505, 44.306896553657701 ], [ -78.364984286076506, 44.306897409662099 ], [ -78.364990440872702, 44.306898272860998 ], [ -78.364996592882306, 44.306899142297198 ], [ -78.365002743317604, 44.306900018898901 ], [ -78.365008890926205, 44.306900902637302 ], [ -78.3650150357482, 44.306901792612898 ], [ -78.365021181541096, 44.306902688912601 ], [ -78.365027324507196, 44.306903592349002 ], [ -78.365033465898904, 44.3069045029509 ], [ -78.365039604504204, 44.306905419789999 ], [ -78.3650457415754, 44.306906342895502 ], [ -78.365051875819802, 44.306907273137497 ], [ -78.3650580097827, 44.306908209674702 ], [ -78.365064139666401, 44.306909153319502 ], [ -78.365070269268401, 44.306910103259597 ], [ -78.365076396043705, 44.306911060336297 ], [ -78.365082521284904, 44.306912023679097 ], [ -78.365088643699394, 44.306912994158601 ], [ -78.365094764579794, 44.306913970904397 ], [ -78.365100883886001, 44.306914954815703 ], [ -78.3651070004057, 44.306915944964302 ], [ -78.365113114138893, 44.306916941350202 ], [ -78.365119227550295, 44.306917944930497 ], [ -78.3651253368824, 44.306918955618599 ], [ -78.365131445933002, 44.306919972601797 ], [ -78.365137552197098, 44.306920995822402 ], [ -78.365143655634498, 44.3069220261795 ], [ -78.365149757537907, 44.306923062802902 ], [ -78.365155855362104, 44.306924106534098 ], [ -78.365161954157202, 44.306925156589301 ], [ -78.365168048913304, 44.306926212852801 ], [ -78.365174142095199, 44.306927276282003 ], [ -78.365180232450399, 44.306928346847698 ], [ -78.365186320019106, 44.3069294236508 ], [ -78.365192406053893, 44.3069305067201 ], [ -78.365198490514302, 44.306931596955003 ], [ -78.365204570935902, 44.306932693398302 ], [ -78.365210651075898, 44.306933796136697 ], [ -78.365216727136698, 44.3069349059828 ], [ -78.365222801623304, 44.306936022994499 ], [ -78.365228873323403, 44.306937146243499 ], [ -78.365234943489597, 44.306938275758803 ], [ -78.365241010869298, 44.306939411511301 ], [ -78.365247075422303, 44.306940554400498 ], [ -78.365253137148699, 44.3069417044264 ], [ -78.365259197341004, 44.3069428607185 ], [ -78.365265254746902, 44.306944023247901 ], [ -78.365271310578507, 44.306945192942798 ], [ -78.365277362371401, 44.306946368846198 ], [ -78.365283412630205, 44.306947551015803 ], [ -78.3652894600623, 44.306948740322099 ], [ -78.365295505960503, 44.3069499358946 ], [ -78.365301546526993, 44.306951138545898 ], [ -78.365307588064596, 44.306952347521303 ], [ -78.365313625563203, 44.306953562704997 ], [ -78.365319660235201, 44.306954785025397 ], [ -78.365325692120706, 44.306956013583203 ], [ -78.365331722472305, 44.306957248407201 ], [ -78.365337748744807, 44.3069584903389 ], [ -78.365343773483403, 44.306959738536897 ], [ -78.365349795395304, 44.306960993871499 ], [ -78.365355814520697, 44.306962255443501 ], [ -78.365361830859797, 44.306963523252698 ], [ -78.365367844372201, 44.306964798198699 ], [ -78.365373855098198, 44.306966079382001 ], [ -78.365379863037802, 44.306967366802503 ], [ -78.365385869403198, 44.306968661388701 ], [ -78.365391871729798, 44.306969962183203 ], [ -78.365397871270005, 44.306971269215097 ], [ -78.365403869236005, 44.306972583412602 ], [ -78.365409863163094, 44.306973903818502 ], [ -78.365415855556293, 44.3069752304906 ], [ -78.365421843870493, 44.306976564270499 ], [ -78.365427830690905, 44.306977903417298 ], [ -78.365433813392002, 44.306979250571104 ], [ -78.365439793346994, 44.306980603063003 ], [ -78.365445770475404, 44.306981962691502 ], [ -78.365451746029606, 44.306983329485597 ], [ -78.365457717585201, 44.306984701588803 ], [ -78.365463686354403, 44.306986079929402 ], [ -78.365469652256806, 44.306987466305898 ], [ -78.365475615413104, 44.306988858020397 ], [ -78.365481575742706, 44.3069902568716 ], [ -78.365487532033498, 44.306991661931299 ], [ -78.365493486790399, 44.306993073257097 ], [ -78.365499437468301, 44.306994491690702 ], [ -78.365505385359796, 44.3069959163617 ], [ -78.365511330464898, 44.306997347269998 ], [ -78.365517272743404, 44.306998785315002 ], [ -78.365523212275903, 44.307000228697902 ], [ -78.365529147729205, 44.307001679188701 ], [ -78.365535080396199, 44.307003135916702 ], [ -78.365541010236697, 44.3070045997815 ], [ -78.365546937290802, 44.307006069883599 ], [ -78.365552860305996, 44.3070075461941 ], [ -78.365558780534997, 44.307009028741902 ], [ -78.365564697977604, 44.307010517527097 ], [ -78.365570612593601, 44.307012013448997 ], [ -78.365576523170802, 44.3070135155793 ], [ -78.365582430961695, 44.307015023947002 ], [ -78.365588335926006, 44.307016539451297 ], [ -78.365594235639406, 44.307018060235798 ], [ -78.365600135031002, 44.3070195882148 ], [ -78.365606030383901, 44.307021122402197 ], [ -78.365611921657703, 44.307022663697502 ], [ -78.365617810185498, 44.307024210330702 ], [ -78.365623695886697, 44.307025764100601 ], [ -78.3656295775491, 44.307027324078902 ], [ -78.365635455172693, 44.307028890265698 ], [ -78.365641331222307, 44.307030463618098 ], [ -78.365647203273298, 44.307032042279602 ], [ -78.365653071245305, 44.307033628048799 ], [ -78.365658936430904, 44.307035220055504 ], [ -78.365664798830295, 44.307036818299402 ], [ -78.365670657190904, 44.307038422751802 ], [ -78.3656765114726, 44.307040034312003 ], [ -78.365682362967902, 44.307041652109497 ], [ -78.365688211676897, 44.307043276144398 ], [ -78.365694056347095, 44.307044906387702 ], [ -78.365699896978597, 44.307046542839501 ], [ -78.365705734823806, 44.307048185528501 ], [ -78.365711569842404, 44.307049835354398 ], [ -78.365717400862593, 44.3070514904893 ], [ -78.365723227803699, 44.307053152732003 ], [ -78.365729051958596, 44.307054821211999 ], [ -78.365734872074697, 44.307056495900497 ], [ -78.365740689404504, 44.307058176826402 ], [ -78.365746501402896, 44.307059864831103 ], [ -78.365752311907698, 44.307061558202797 ], [ -78.3657581170811, 44.307063258653301 ], [ -78.365763919508396, 44.307064964441899 ], [ -78.365769719109196, 44.307066677367096 ], [ -78.365775514671299, 44.307068396500902 ], [ -78.365781306194606, 44.307070121842997 ], [ -78.365787093679202, 44.307071853393602 ], [ -78.365792878337302, 44.307073592080997 ], [ -78.365798657744506, 44.307075336048499 ], [ -78.365804435577601, 44.307077087181597 ], [ -78.3658102081598, 44.307078843595001 ], [ -78.365815977915403, 44.307080607144997 ], [ -78.365821743672598, 44.307082376004203 ], [ -78.365827505350794, 44.307084151971097 ], [ -78.365833262990293, 44.3070859341465 ], [ -78.365839017843498, 44.307087722559302 ], [ -78.365844768658107, 44.3070895171806 ], [ -78.365850515433905, 44.307091318010301 ], [ -78.365856258170993, 44.307093125048397 ], [ -78.365861998121801, 44.307094938323999 ], [ -78.365867732781496, 44.3070967577791 ], [ -78.365873464614694, 44.307098584370898 ], [ -78.365879192449398, 44.307100416271801 ], [ -78.365884916245506, 44.307102254381199 ], [ -78.365890636002803, 44.307104098699 ], [ -78.365896351681201, 44.307105950124601 ], [ -78.365902063361105, 44.307107806859399 ], [ -78.365907770962096, 44.307109670701998 ], [ -78.365913475817095, 44.307111539882598 ], [ -78.365919175380895, 44.307113415242803 ], [ -78.365924872118299, 44.307115297739699 ], [ -78.365930564857194, 44.3071171855457 ], [ -78.365936252305005, 44.307119079531297 ], [ -78.365941936926305, 44.3071209806536 ], [ -78.365947617549196, 44.307122887085001 ], [ -78.365953292840601, 44.307124800595297 ], [ -78.365958965386099, 44.307126719443701 ], [ -78.365964633892901, 44.307128644500601 ], [ -78.365970297108603, 44.307130575736899 ], [ -78.365975957497795, 44.307132514110101 ], [ -78.365981612636105, 44.307134457763503 ], [ -78.365987264988206, 44.307136407654198 ], [ -78.365992912049194, 44.307138363724498 ], [ -78.365998555071499, 44.307140326003299 ], [ -78.366004195307596, 44.307142294519501 ], [ -78.366009830252594, 44.3071442692152 ], [ -78.366015461199098, 44.307146249220096 ], [ -78.366021088066702, 44.3071482363328 ], [ -78.366026709643194, 44.307150229625101 ], [ -78.366032328473693, 44.307152228255397 ], [ -78.366037942013193, 44.307154233065297 ], [ -78.366043552766399, 44.307156244112498 ], [ -78.366049158188204, 44.307158262238801 ], [ -78.366054758318896, 44.307160286544502 ], [ -78.366060354451307, 44.307162316159399 ], [ -78.366065949049798, 44.307164352040701 ], [ -78.366071537145103, 44.307166393173198 ], [ -78.366077121161496, 44.307168441413602 ], [ -78.366082701139206, 44.307170495862501 ], [ -78.366088275866005, 44.307172555591599 ], [ -78.366093846554193, 44.3071746215291 ], [ -78.366099413203699, 44.307176693675203 ], [ -78.366104975814693, 44.3071787720298 ], [ -78.366110534386905, 44.307180856592801 ], [ -78.366116087668004, 44.307182947335498 ], [ -78.366121635698406, 44.307185043358402 ], [ -78.366127180902197, 44.307187146517997 ], [ -78.366132720855205, 44.307189254957898 ], [ -78.366138256769602, 44.307191369606201 ], [ -78.3661437873929, 44.307193490434202 ], [ -78.366149314017804, 44.307195616571299 ], [ -78.366154836563794, 44.307197749816297 ], [ -78.366160353859001, 44.307199888341501 ], [ -78.366165867115498, 44.3072020330752 ], [ -78.366171376333398, 44.307204184017301 ], [ -78.3661768803005, 44.307206340239802 ], [ -78.366182380228906, 44.307208502670697 ], [ -78.366187874825997, 44.307210672180602 ], [ -78.366193365464994, 44.307212846100299 ], [ -78.366198850772605, 44.307215027098898 ], [ -78.366204332041605, 44.3072172143061 ], [ -78.366209808059807, 44.307219406793401 ], [ -78.366215280039398, 44.307221605489303 ], [ -78.366220746768093, 44.307223809465498 ], [ -78.366226209418002, 44.3072260205495 ], [ -78.366231666817001, 44.307228236913801 ], [ -78.366237120177402, 44.307230459486497 ], [ -78.366242569539494, 44.307232687368398 ], [ -78.366248012358, 44.307234921401097 ], [ -78.366253452390396, 44.307237161671097 ], [ -78.366258885879205, 44.307239408091803 ], [ -78.366264315369705, 44.307241659821798 ], [ -78.366269740781306, 44.307243918659502 ], [ -78.366275160982298, 44.307246181878199 ], [ -78.366280575852002, 44.307248452175799 ], [ -78.366285985470995, 44.307250727753697 ], [ -78.366291391051305, 44.307253009540098 ], [ -78.366296792633193, 44.307255296635702 ], [ -78.366302187671593, 44.307257589881999 ], [ -78.366307578671496, 44.307259889336798 ], [ -78.366312965672904, 44.307262194100801 ], [ -78.366318346090594, 44.307264505914802 ], [ -78.366323722550206, 44.3072668221387 ], [ -78.366329093678502, 44.307269145441502 ], [ -78.366334460808503, 44.307271474053501 ], [ -78.366339822687607, 44.307273807945798 ], [ -78.366345179275697, 44.3072761480176 ], [ -78.366350530572703, 44.307278494269099 ], [ -78.366355877831197, 44.307280846729199 ], [ -78.366361219838794, 44.307283204469499 ], [ -78.366366556595594, 44.307285567489998 ], [ -78.366371888061394, 44.307287936690301 ], [ -78.366377214236195, 44.307290312070101 ], [ -78.366382536372299, 44.307292693658397 ], [ -78.366387853257706, 44.307295080526998 ], [ -78.366393164892301, 44.307297472675899 ], [ -78.366398471235797, 44.307299871004503 ], [ -78.366403773540696, 44.307302275541502 ], [ -78.366409069342396, 44.307304685330003 ], [ -78.366414361145701, 44.3073071004276 ], [ -78.366419647617803, 44.3073095226042 ], [ -78.366424928879297, 44.307311949161701 ], [ -78.366430204809504, 44.307314382798197 ], [ -78.366435475488899, 44.307316821714998 ], [ -78.366440740917596, 44.307319265912099 ], [ -78.366446001055195, 44.307321716288797 ], [ -78.366451255941996, 44.307324171945801 ], [ -78.3664565067903, 44.3073266338114 ], [ -78.366461751135304, 44.3073291009283 ], [ -78.366466991441698, 44.307331574253801 ], [ -78.366472225244905, 44.307334052830598 ], [ -78.366477455009502, 44.307336537616003 ], [ -78.366482678270899, 44.307339027652802 ], [ -78.366487897493698, 44.307341523898202 ], [ -78.366493110213298, 44.307344025394897 ], [ -78.366498318934504, 44.307346532200803 ], [ -78.366503521112307, 44.307349045157402 ], [ -78.366508719251499, 44.307351564322602 ], [ -78.366513910927694, 44.307354087839897 ], [ -78.366519098525103, 44.307356618465001 ], [ -78.366524279659501, 44.307359153442199 ], [ -78.366529455502899, 44.307361694599003 ], [ -78.366534626055198, 44.307364241935602 ], [ -78.3665397913568, 44.307366794552301 ], [ -78.366544951407604, 44.307369352449399 ], [ -78.366550106167495, 44.307371916526201 ], [ -78.366555254424, 44.307374485854297 ], [ -78.366560398682296, 44.307377060491604 ], [ -78.366565536397005, 44.307379641279702 ], [ -78.366570668861101, 44.3073822273481 ], [ -78.366575796074301, 44.307384818696903 ], [ -78.366580917996501, 44.307387416225197 ], [ -78.366586034668003, 44.307390019033903 ], [ -78.366591146048407, 44.3073926280222 ], [ -78.366596250965898, 44.307395241362499 ], [ -78.366601350552102, 44.307397861781901 ], [ -78.366606444927797, 44.307400486582303 ], [ -78.366611532760004, 44.307403117533397 ], [ -78.366616616594001, 44.307405753793802 ], [ -78.366621693924699, 44.307408395305501 ], [ -78.366626765964298, 44.307411042996897 ], [ -78.366631831500797, 44.307413695939701 ], [ -78.366636893039001, 44.307416354191702 ], [ -78.366641948073905, 44.307419017695203 ], [ -78.366646996565393, 44.307421687349397 ], [ -78.3666520410586, 44.307424362312801 ], [ -78.366657079048593, 44.3074270425276 ], [ -78.366662110495099, 44.307429728893197 ], [ -78.366667137983498, 44.3074324196687 ], [ -78.366672158928495, 44.307435116595002 ], [ -78.366677174622694, 44.307437818801503 ], [ -78.366682183773506, 44.307440527158903 ], [ -78.366687187713794, 44.307443239897196 ], [ -78.366692186362997, 44.307445958815201 ], [ -78.366697178509099, 44.307448682984599 ], [ -78.366702165404405, 44.307451412434403 ], [ -78.366707145796497, 44.307454147135601 ], [ -78.366712120897503, 44.307456888016397 ], [ -78.366717089495395, 44.3074596341486 ], [ -78.366722052842505, 44.307462385561301 ], [ -78.366727010938902, 44.307465142254202 ], [ -78.3667319625321, 44.307467904198603 ], [ -78.366736908874501, 44.307470671423303 ], [ -78.366741848713701, 44.307473443899397 ], [ -78.366746783261902, 44.307476222555202 ], [ -78.366751711306904, 44.307479006462501 ], [ -78.366756634141396, 44.3074817947507 ], [ -78.3667615504324, 44.307484589189698 ], [ -78.366766461472693, 44.307487388909003 ], [ -78.3667713660098, 44.307490193879801 ], [ -78.366776264003406, 44.307493005001398 ], [ -78.366781158039103, 44.3074958205328 ], [ -78.366786044318999, 44.307498641286898 ], [ -78.366790925348198, 44.307501467321202 ], [ -78.366795799833895, 44.307504299506398 ], [ -78.366800669109097, 44.307507136072502 ], [ -78.366805531840896, 44.307509978789398 ], [ -78.366810389321998, 44.307512826786699 ], [ -78.366815240340102, 44.307515679136003 ], [ -78.366820084814705, 44.307518537636199 ], [ -78.366824924038596, 44.3075214014167 ], [ -78.366829756799504, 44.307524269549297 ], [ -78.366834583016995, 44.307527143832701 ], [ -78.366839403983803, 44.307530023396403 ], [ -78.3668442184876, 44.3075329073123 ], [ -78.371463631357997, 44.317130258911 ], [ -78.368282075934403, 44.3179294964878 ], [ -78.364357895956104, 44.318915202709697 ], [ -78.364364803556199, 44.318931284498802 ], [ -78.363807940742007, 44.319067439311702 ], [ -78.360782269326904, 44.319807167391701 ], [ -78.356399948587907, 44.320831021995701 ], [ -78.353352675046594, 44.3215611511337 ], [ -78.353348217472103, 44.3215515498648 ], [ -78.351779108113107, 44.321927032092603 ], [ -78.351585117268499, 44.322027650314297 ], [ -78.349566705614393, 44.319866243805897 ], [ -78.349529100064004, 44.319883007942302 ], [ -78.348311509782505, 44.318554407869897 ], [ -78.347751124583496, 44.3179561637684 ], [ -78.344529590764296, 44.3144933732775 ], [ -78.343971123339898, 44.313880283281797 ], [ -78.343971473246398, 44.313880114969201 ], [ -78.343843961792501, 44.313743344241097 ] ] ] } },
{ "type": "Feature", "properties": { "OBJECTID": 11, "WARDTYPE": "SUBWARD", "WARDNAME": "202", "WARD_ID": 197, "YEAR": 2010, "ACTIVE": "Yes", "Shape__Area": 345264.04394531302, "Shape__Length": 2886.9751198868798 }, "geometry": { "type": "Polygon", "coordinates": [ [ [ -78.350148369390695, 44.308706825882197 ], [ -78.348904721026997, 44.308975213600498 ], [ -78.347179921431305, 44.3093440367076 ], [ -78.345090823053098, 44.3097889099299 ], [ -78.344975612287996, 44.309813442948801 ], [ -78.344840782836798, 44.309442683839301 ], [ -78.344798304246197, 44.3092632724209 ], [ -78.344783760658302, 44.309049415257 ], [ -78.344962247573093, 44.307643825476603 ], [ -78.344983561768501, 44.307458096943499 ], [ -78.345072195615799, 44.307143228219502 ], [ -78.345159209264807, 44.3068809627853 ], [ -78.345517230803594, 44.305801832296197 ], [ -78.345792719356197, 44.3048705346568 ], [ -78.345829734166003, 44.304519043507099 ], [ -78.345843237185093, 44.304219571094201 ], [ -78.345784239892595, 44.303739771557197 ], [ -78.345594896327199, 44.302730742605597 ], [ -78.345465560221498, 44.302346005163102 ], [ -78.346285040344995, 44.302134227761698 ], [ -78.348109376430997, 44.301662738633503 ], [ -78.348310701946801, 44.3016107142466 ], [ -78.350991011043902, 44.300918049898101 ], [ -78.351197741396504, 44.301366724265101 ], [ -78.351232751510594, 44.301427148617897 ], [ -78.351273243610095, 44.301490557648499 ], [ -78.351328705222201, 44.301545580406 ], [ -78.351432765458696, 44.301641436655899 ], [ -78.351501328687206, 44.301735727384198 ], [ -78.352433881530501, 44.303617408389599 ], [ -78.351435180202003, 44.303861911094401 ], [ -78.350430001519399, 44.304098505084902 ], [ -78.3498159509261, 44.304245126588299 ], [ -78.349394578573296, 44.304337603704198 ], [ -78.350276853955805, 44.306221140196598 ], [ -78.350272049766303, 44.306244421506001 ], [ -78.350257965283802, 44.306268878321902 ], [ -78.350247618812205, 44.306281706586901 ], [ -78.350240825568804, 44.306290130346099 ], [ -78.350227786688706, 44.3063041709039 ], [ -78.350208269872795, 44.3063228613685 ], [ -78.350176933313605, 44.3063433264835 ], [ -78.350134654743897, 44.306361330099598 ], [ -78.349174574278805, 44.306615017144701 ], [ -78.349539284855695, 44.307386201629598 ], [ -78.350148369390695, 44.308706825882197 ] ] ] } },
{ "type": "Feature", "properties": { "OBJECTID": 12, "WARDTYPE": "SUBWARD", "WARDNAME": "203", "WARD_ID": 198, "YEAR": 2010, "ACTIVE": "Yes", "Shape__Area": 286409.10253906302, "Shape__Length": 2669.1248760305202 }, "geometry": { "type": "Polygon", "coordinates": [ [ [ -78.356398416707904, 44.307367659880001 ], [ -78.353948746065996, 44.307894148265703 ], [ -78.352056780810997, 44.308308841208699 ], [ -78.350148369390695, 44.308706825882197 ], [ -78.349539284855695, 44.307386201629598 ], [ -78.349174574278805, 44.306615017144701 ], [ -78.350134654743897, 44.306361330099598 ], [ -78.350176933313605, 44.3063433264835 ], [ -78.350208269872795, 44.3063228613685 ], [ -78.350227786688706, 44.3063041709039 ], [ -78.350240825568804, 44.306290130346099 ], [ -78.350247618812205, 44.306281706586901 ], [ -78.350257965283802, 44.306268878321902 ], [ -78.350272049766303, 44.306244421506001 ], [ -78.350276853955805, 44.306221140196598 ], [ -78.349394578573296, 44.304337603704198 ], [ -78.3498159509261, 44.304245126588299 ], [ -78.350430001519399, 44.304098505084902 ], [ -78.351435180202003, 44.303861911094401 ], [ -78.352433881530501, 44.303617408389599 ], [ -78.351501328687206, 44.301735727384198 ], [ -78.351432765458696, 44.301641436655899 ], [ -78.351328705222201, 44.301545580406 ], [ -78.351273243610095, 44.301490557648499 ], [ -78.351232751510594, 44.301427148617897 ], [ -78.351197741396504, 44.301366724265101 ], [ -78.350991011043902, 44.300918049898101 ], [ -78.353140783586994, 44.300362938004703 ], [ -78.3538756720111, 44.301956443461499 ], [ -78.354316204415298, 44.302901446477101 ], [ -78.354694834180194, 44.303721912677503 ], [ -78.355026198382703, 44.304453915728303 ], [ -78.355096448392104, 44.304592335391199 ], [ -78.356102305312803, 44.306796096924103 ], [ -78.356398416707904, 44.307367659880001 ] ] ] } },
{ "type": "Feature", "properties": { "OBJECTID": 13, "WARDTYPE": "SUBWARD", "WARDNAME": "207", "WARD_ID": 199, "YEAR": 2010, "ACTIVE": "Yes", "Shape__Area": 469579.75366210903, "Shape__Length": 3430.1489689989698 }, "geometry": { "type": "Polygon", "coordinates": [ [ [ -78.353140783586994, 44.300362938004703 ], [ -78.353818958202197, 44.3001803765776 ], [ -78.354947245333193, 44.299896430827097 ], [ -78.355282833454993, 44.299800235063799 ], [ -78.355416152816801, 44.299756620956799 ], [ -78.355482845553794, 44.299730224987698 ], [ -78.355534192923699, 44.299702857689802 ], [ -78.355586949581195, 44.299675483404101 ], [ -78.355638879355794, 44.299643185218002 ], [ -78.355696697799502, 44.299600238076401 ], [ -78.355747414392198, 44.299555873204604 ], [ -78.355846599555505, 44.299459135552702 ], [ -78.355491783911305, 44.299259737333799 ], [ -78.355368510373395, 44.299164015801203 ], [ -78.355335154834705, 44.299128643485901 ], [ -78.355309563532302, 44.299091438022799 ], [ -78.355278190769496, 44.2990321317927 ], [ -78.355024757737695, 44.298493082017799 ], [ -78.356136285094294, 44.298201937133697 ], [ -78.356982699507697, 44.297987598648497 ], [ -78.357252926902802, 44.297911998133301 ], [ -78.357493145867593, 44.297833001465598 ], [ -78.357880215827294, 44.297690264158199 ], [ -78.358270916032396, 44.297570058911802 ], [ -78.358314714101397, 44.297540563833302 ], [ -78.358342497341695, 44.297505249634298 ], [ -78.358358834151701, 44.297465781331198 ], [ -78.358357403926703, 44.297425015991102 ], [ -78.358031943616893, 44.296737189423403 ], [ -78.358031045438196, 44.2967017804487 ], [ -78.358043287284005, 44.296674234340799 ], [ -78.358309789097305, 44.296429267310003 ], [ -78.3583791482924, 44.296355392073799 ], [ -78.358529707784996, 44.296167772912199 ], [ -78.359701606403902, 44.296526194995103 ], [ -78.359691480286102, 44.296642211175602 ], [ -78.359657314135902, 44.296916503115398 ], [ -78.359660563219705, 44.297094625644 ], [ -78.359687463659995, 44.297281054737702 ], [ -78.359715277657699, 44.297406832418197 ], [ -78.359760493741604, 44.2975396728595 ], [ -78.359953229772302, 44.298018476994997 ], [ -78.358827890259093, 44.2983164193517 ], [ -78.359910397880796, 44.300597399424497 ], [ -78.359968442724494, 44.300719770896698 ], [ -78.360928392595596, 44.302742888625701 ], [ -78.361022176462498, 44.302967169988399 ], [ -78.360910324542004, 44.3029955842851 ], [ -78.360908361231196, 44.302991587570801 ], [ -78.360417654029007, 44.303061849182498 ], [ -78.360478814101597, 44.303190642059 ], [ -78.361065274217907, 44.304425566286596 ], [ -78.361121088584696, 44.304543093366902 ], [ -78.361614187578098, 44.305581370886998 ], [ -78.361826374362906, 44.306028149699301 ], [ -78.361878517103406, 44.306167436784598 ], [ -78.361650234979507, 44.306221650215697 ], [ -78.361580177887006, 44.306239088054703 ], [ -78.356619578020997, 44.307332571545899 ], [ -78.3565275875944, 44.3073503455186 ], [ -78.356398416707904, 44.307367659880001 ], [ -78.356102305312803, 44.306796096924103 ], [ -78.355096448392104, 44.304592335391199 ], [ -78.355026198382703, 44.304453915728303 ], [ -78.354694834180194, 44.303721912677503 ], [ -78.354316204415298, 44.302901446477101 ], [ -78.3538756720111, 44.301956443461499 ], [ -78.353140783586994, 44.300362938004703 ] ] ] } },
{ "type": "Feature", "properties": { "OBJECTID": 14, "WARDTYPE": "SUBWARD", "WARDNAME": "208", "WARD_ID": 200, "YEAR": 2018, "ACTIVE": "Yes", "Shape__Area": 353622.20068359398, "Shape__Length": 3011.3511945740202 }, "geometry": { "type": "Polygon", "coordinates": [ [ [ -78.353140783586994, 44.300362938004703 ], [ -78.350370190932907, 44.294428206235303 ], [ -78.350989079331896, 44.294285057135603 ], [ -78.351834059416802, 44.2943275264223 ], [ -78.351999507788506, 44.294322595806797 ], [ -78.352374786393597, 44.294439874445501 ], [ -78.353383163554, 44.294929635777002 ], [ -78.353488041935407, 44.294974762234801 ], [ -78.353647785988201, 44.295025841116697 ], [ -78.353726290401298, 44.2950438813997 ], [ -78.353880506783298, 44.295063222092701 ], [ -78.353996225451993, 44.295079459119897 ], [ -78.354108657471997, 44.2950895051491 ], [ -78.354193391708506, 44.295090421247899 ], [ -78.354295963930596, 44.295089586450302 ], [ -78.354385672770306, 44.295081668924503 ], [ -78.354501767574902, 44.295065320432002 ], [ -78.354680466746402, 44.295021502047902 ], [ -78.354835440504701, 44.294967064877397 ], [ -78.354975622981996, 44.294913185041402 ], [ -78.355137789214496, 44.294838474167797 ], [ -78.355336241476607, 44.294741304512698 ], [ -78.355472191390405, 44.294667548657301 ], [ -78.3556316463211, 44.2945656506365 ], [ -78.355716519845799, 44.2945073988435 ], [ -78.355847167828699, 44.294401847876799 ], [ -78.3559783635163, 44.294280514936197 ], [ -78.356104611397001, 44.294137737814701 ], [ -78.356489580355898, 44.2937081345164 ], [ -78.357116354322798, 44.293205458494398 ], [ -78.357451237562401, 44.292977021172902 ], [ -78.357937410298007, 44.292763993514299 ], [ -78.358248502762294, 44.292639831786701 ], [ -78.358473065740995, 44.292561702229698 ], [ -78.358535185490993, 44.2925437080617 ], [ -78.359541243456505, 44.2922984547006 ], [ -78.359981860357706, 44.293332715322798 ], [ -78.360311960637404, 44.294077890946397 ], [ -78.360471427682299, 44.294408826569303 ], [ -78.360527928872301, 44.294502004798801 ], [ -78.3606078861458, 44.294615967244198 ], [ -78.360829614155406, 44.294878433399901 ], [ -78.360581188340703, 44.295046709992 ], [ -78.360506279967794, 44.295111958732797 ], [ -78.360440796292593, 44.295178746966201 ], [ -78.360376838120999, 44.2952526898491 ], [ -78.360075727752601, 44.295762317859896 ], [ -78.359826202266007, 44.296246147762702 ], [ -78.359701606403902, 44.296526194995103 ], [ -78.358529707784996, 44.296167772912199 ], [ -78.3583791482924, 44.296355392073799 ], [ -78.358309789097305, 44.296429267310003 ], [ -78.358043287284005, 44.296674234340799 ], [ -78.358031045438196, 44.2967017804487 ], [ -78.358031943616893, 44.296737189423403 ], [ -78.358357403926703, 44.297425015991102 ], [ -78.358358834151701, 44.297465781331198 ], [ -78.358342497341695, 44.297505249634298 ], [ -78.358314714101397, 44.297540563833302 ], [ -78.358270916032396, 44.297570058911802 ], [ -78.357880215827294, 44.297690264158199 ], [ -78.357493145867593, 44.297833001465598 ], [ -78.357252926902802, 44.297911998133301 ], [ -78.356982699507697, 44.297987598648497 ], [ -78.356136285094294, 44.298201937133697 ], [ -78.355024757737695, 44.298493082017799 ], [ -78.355278190769496, 44.2990321317927 ], [ -78.355309563532302, 44.299091438022799 ], [ -78.355335154834705, 44.299128643485901 ], [ -78.355368510373395, 44.299164015801203 ], [ -78.355491783911305, 44.299259737333799 ], [ -78.355846599555505, 44.299459135552702 ], [ -78.355747414392198, 44.299555873204604 ], [ -78.355696697799502, 44.299600238076401 ], [ -78.355638879355794, 44.299643185218002 ], [ -78.355586949581195, 44.299675483404101 ], [ -78.355534192923699, 44.299702857689802 ], [ -78.355482845553794, 44.299730224987698 ], [ -78.355416152816801, 44.299756620956799 ], [ -78.355282833454993, 44.299800235063799 ], [ -78.354947245333193, 44.299896430827097 ], [ -78.353818958202197, 44.3001803765776 ], [ -78.353140783586994, 44.300362938004703 ] ] ] } },
{ "type": "Feature", "properties": { "OBJECTID": 15, "WARDTYPE": "SUBWARD", "WARDNAME": "209", "WARD_ID": 202, "YEAR": 2010, "ACTIVE": "Yes", "Shape__Area": 275086.87133789097, "Shape__Length": 2052.2679773743998 }, "geometry": { "type": "Polygon", "coordinates": [ [ [ -78.366227679888397, 44.290805988733602 ], [ -78.367466915544796, 44.2935376730426 ], [ -78.3683287704186, 44.2954382881802 ], [ -78.367190638697295, 44.295717274576603 ], [ -78.366725592940099, 44.295830948354499 ], [ -78.365729733645196, 44.296078663698999 ], [ -78.365526985868698, 44.296121951596099 ], [ -78.365291139154493, 44.296150697301897 ], [ -78.365104997347103, 44.2961587994767 ], [ -78.3648535415807, 44.296146540851602 ], [ -78.364676591650905, 44.2961305289612 ], [ -78.364496690235796, 44.2960943156978 ], [ -78.363659676039205, 44.295899919339 ], [ -78.363084166644796, 44.295750971315101 ], [ -78.362599472544602, 44.295640012819298 ], [ -78.362196588959605, 44.2955252845166 ], [ -78.361590899547195, 44.295352801354497 ], [ -78.361573775002498, 44.295344004136702 ], [ -78.361458211404596, 44.295284636979098 ], [ -78.361202505571299, 44.295139521314098 ], [ -78.360829614155406, 44.294878433399901 ], [ -78.3606078861458, 44.294615967244198 ], [ -78.360527928872301, 44.294502004798801 ], [ -78.360471427682299, 44.294408826569303 ], [ -78.360311960637404, 44.294077890946397 ], [ -78.359981860357706, 44.293332715322798 ], [ -78.359541243456505, 44.2922984547006 ], [ -78.362272696794406, 44.291682016761001 ], [ -78.363210762568102, 44.291470295045102 ], [ -78.366227679888397, 44.290805988733602 ] ] ] } },
{ "type": "Feature", "properties": { "OBJECTID": 16, "WARDTYPE": "SUBWARD", "WARDNAME": "210", "WARD_ID": 204, "YEAR": 2010, "ACTIVE": "Yes", "Shape__Area": 256485.869384766, "Shape__Length": 2591.6612424467398 }, "geometry": { "type": "Polygon", "coordinates": [ [ [ -78.364676591650905, 44.2961305289612 ], [ -78.364633886671797, 44.296467523348397 ], [ -78.364614026599995, 44.296607796557701 ], [ -78.364646389086005, 44.296752804509801 ], [ -78.365124756153307, 44.2977839685513 ], [ -78.365493491669298, 44.298572322934099 ], [ -78.364238876106, 44.2988775946339 ], [ -78.364207977655497, 44.298888249905801 ], [ -78.364186108456593, 44.298902184513899 ], [ -78.363957557723197, 44.299092826583603 ], [ -78.363001171040494, 44.2998702426381 ], [ -78.362930381479302, 44.299917758943998 ], [ -78.362840911173805, 44.299961630538903 ], [ -78.362791707031207, 44.299985551260797 ], [ -78.362720569662599, 44.300008474576103 ], [ -78.362573180938597, 44.300047810933201 ], [ -78.362341014822405, 44.300114447262999 ], [ -78.362313811229896, 44.300138191027202 ], [ -78.362296234602596, 44.300160828425902 ], [ -78.362281831009994, 44.300190428078601 ], [ -78.362281598041605, 44.3002147662434 ], [ -78.362540331453403, 44.300756007354899 ], [ -78.362572201782996, 44.300807411425403 ], [ -78.362623635668399, 44.300860891596201 ], [ -78.362676067071703, 44.300903188116301 ], [ -78.362746095769594, 44.300943629668701 ], [ -78.362896949328601, 44.300996950637 ], [ -78.363004349150401, 44.301020105746701 ], [ -78.363093917885294, 44.301037548010399 ], [ -78.363138286504594, 44.301059470207001 ], [ -78.363167147354105, 44.3010850458069 ], [ -78.363188254323504, 44.301112448110899 ], [ -78.363196081753202, 44.3011418951913 ], [ -78.363171462487401, 44.301207352963601 ], [ -78.3630471955519, 44.301389025173997 ], [ -78.362985286468202, 44.301462698989702 ], [ -78.362931308421196, 44.301523201252998 ], [ -78.362894313582302, 44.301555033932203 ], [ -78.362778865337006, 44.301640806589397 ], [ -78.362677782384495, 44.301701609584001 ], [ -78.362625302289203, 44.3017324686124 ], [ -78.362569643809493, 44.301756368846803 ], [ -78.362507500726693, 44.301784876298399 ], [ -78.362444754801501, 44.301807363125498 ], [ -78.361833902450897, 44.301968192941402 ], [ -78.362072797226304, 44.302487139323198 ], [ -78.362111671635205, 44.3025611871332 ], [ -78.362179122892201, 44.302663800339303 ], [ -78.3622350373481, 44.302733589230598 ], [ -78.362316928415297, 44.302819920479301 ], [ -78.362380377441497, 44.302876786143997 ], [ -78.362442004723306, 44.302926076146797 ], [ -78.362505246494507, 44.3029714277884 ], [ -78.362574496392796, 44.3030159279052 ], [ -78.362653168207501, 44.303060861732803 ], [ -78.362712134446099, 44.303091094225003 ], [ -78.3628016627774, 44.3031349157527 ], [ -78.362625386130006, 44.303183114203897 ], [ -78.362582317223996, 44.3031936273768 ], [ -78.362536761400904, 44.303204748378697 ], [ -78.362116548510201, 44.303307325766099 ], [ -78.361831826252697, 44.303376827449704 ], [ -78.361547103352294, 44.303446328405698 ], [ -78.361399513067596, 44.303134518336599 ], [ -78.361341611682803, 44.303057804981002 ], [ -78.361304092182806, 44.303066955987802 ], [ -78.361247268236497, 44.303075088154998 ], [ -78.361206093621405, 44.303074298383898 ], [ -78.361161259759996, 44.303066988813498 ], [ -78.361132730100294, 44.303058410429898 ], [ -78.361092600824804, 44.3030397832527 ], [ -78.361058440272799, 44.303014974090601 ], [ -78.361022176462498, 44.302967169988399 ], [ -78.360928392595596, 44.302742888625701 ], [ -78.359968442724494, 44.300719770896698 ], [ -78.359910397880796, 44.300597399424497 ], [ -78.358827890259093, 44.2983164193517 ], [ -78.359953229772302, 44.298018476994997 ], [ -78.359760493741604, 44.2975396728595 ], [ -78.359715277657699, 44.297406832418197 ], [ -78.359687463659995, 44.297281054737702 ], [ -78.359660563219705, 44.297094625644 ], [ -78.359657314135902, 44.296916503115398 ], [ -78.359691480286102, 44.296642211175602 ], [ -78.359701606403902, 44.296526194995103 ], [ -78.359826202266007, 44.296246147762702 ], [ -78.360075727752601, 44.295762317859896 ], [ -78.360376838120999, 44.2952526898491 ], [ -78.360440796292593, 44.295178746966201 ], [ -78.360506279967794, 44.295111958732797 ], [ -78.360581188340703, 44.295046709992 ], [ -78.360829614155406, 44.294878433399901 ], [ -78.361202505571299, 44.295139521314098 ], [ -78.361458211404596, 44.295284636979098 ], [ -78.361573775002498, 44.295344004136702 ], [ -78.361590899547195, 44.295352801354497 ], [ -78.362196588959605, 44.2955252845166 ], [ -78.362599472544602, 44.295640012819298 ], [ -78.363084166644796, 44.295750971315101 ], [ -78.363659676039205, 44.295899919339 ], [ -78.364496690235796, 44.2960943156978 ], [ -78.364676591650905, 44.2961305289612 ] ] ] } },
{ "type": "Feature", "properties": { "OBJECTID": 17, "WARDTYPE": "SUBWARD", "WARDNAME": "117", "WARD_ID": 189, "YEAR": 2018, "ACTIVE": "Yes", "Shape__Area": 348288.48193359398, "Shape__Length": 3802.44276652897 }, "geometry": { "type": "Polygon", "coordinates": [ [ [ -78.347834082461006, 44.2903704347085 ], [ -78.347500646752394, 44.290750943771201 ], [ -78.346596228703206, 44.291783015102297 ], [ -78.345132813454597, 44.293452886248403 ], [ -78.345380030920794, 44.2940154802629 ], [ -78.346135756062296, 44.293835686071503 ], [ -78.346170185498906, 44.293823763762099 ], [ -78.346215875389007, 44.293801562754197 ], [ -78.346246413740005, 44.293775295832901 ], [ -78.346252869015899, 44.293766145115697 ], [ -78.346647907858497, 44.293325930242297 ], [ -78.346665618384904, 44.293306498846803 ], [ -78.346704106737604, 44.293285992924901 ], [ -78.346728741134697, 44.293277747282701 ], [ -78.346762802309897, 44.293363456070303 ], [ -78.347287160578801, 44.294571991962499 ], [ -78.348195520868899, 44.294362878087902 ], [ -78.348230483877302, 44.294441229586297 ], [ -78.348318947992894, 44.294420309487897 ], [ -78.348534538589604, 44.294369323617403 ], [ -78.348974242947406, 44.294260987355202 ], [ -78.348947445388404, 44.294198811084399 ], [ -78.348859373064698, 44.293994436783102 ], [ -78.348856594635905, 44.293987994672698 ], [ -78.348791619702297, 44.293837226437397 ], [ -78.348789672341297, 44.293832705018097 ], [ -78.348745325528299, 44.293729799374901 ], [ -78.3487425107798, 44.293723273592299 ], [ -78.348699016489206, 44.293622371947002 ], [ -78.34869774997, 44.293619432826198 ], [ -78.348652722636302, 44.293514944851601 ], [ -78.348651546898395, 44.293512216703697 ], [ -78.348606428944095, 44.293407517739602 ], [ -78.348604625405898, 44.293403338162697 ], [ -78.348560135412399, 44.293300090611297 ], [ -78.348558206337501, 44.293295609224799 ], [ -78.348513847049801, 44.293192663582801 ], [ -78.348467552749099, 44.2930852327951 ], [ -78.348422005729404, 44.292979526276099 ], [ -78.348421261113202, 44.292977802049101 ], [ -78.348376520118805, 44.292873990416702 ], [ -78.348374963053303, 44.292870378335799 ], [ -78.348331289706906, 44.2927690258417 ], [ -78.348328670486495, 44.292762947527798 ], [ -78.348283667658507, 44.292658499578103 ], [ -78.348282383088701, 44.2926555168197 ], [ -78.348213834145199, 44.292496442950302 ], [ -78.348185351815104, 44.292406886749703 ], [ -78.348667384529406, 44.292293411240301 ], [ -78.349675554847195, 44.294587285586601 ], [ -78.346000147177804, 44.295467412067303 ], [ -78.345496270361195, 44.295592858712801 ], [ -78.342708842786195, 44.296262879695298 ], [ -78.3424910464215, 44.296315228308501 ], [ -78.340937325852494, 44.296688656465101 ], [ -78.340929506535502, 44.296334698795498 ], [ -78.340926164953501, 44.296183473071501 ], [ -78.340704837036895, 44.2953726823525 ], [ -78.340492768560395, 44.294755425655801 ], [ -78.340339955860301, 44.294227794575797 ], [ -78.340323252964893, 44.294143135638798 ], [ -78.3403205533197, 44.293969347600701 ], [ -78.3403192289244, 44.293884110686797 ], [ -78.340337347885296, 44.293792772764903 ], [ -78.340358746282604, 44.293720517950398 ], [ -78.340385350723594, 44.293640786069403 ], [ -78.340422540565001, 44.293562383847799 ], [ -78.340543665271696, 44.293340731061697 ], [ -78.3407072277152, 44.293092437217602 ], [ -78.340950569603393, 44.2927620901037 ], [ -78.341124783003707, 44.292544077075 ], [ -78.341191753491501, 44.292469621872399 ], [ -78.341372661217605, 44.292301075402598 ], [ -78.343434491581306, 44.290767686194698 ], [ -78.343553623085398, 44.290677222933802 ], [ -78.344451602428293, 44.289995322135702 ], [ -78.3464443394151, 44.288482009483602 ], [ -78.3465837041648, 44.288352180455398 ], [ -78.347637876490396, 44.287318556738299 ], [ -78.348064285716006, 44.287630790619801 ], [ -78.348374032727605, 44.288052668884298 ], [ -78.348503425380301, 44.2885625080431 ], [ -78.348480371414396, 44.289074566944102 ], [ -78.3484661442792, 44.289212463703798 ], [ -78.348358096169505, 44.289616817514201 ], [ -78.348170206775606, 44.289970645485297 ], [ -78.347834082461006, 44.2903704347085 ] ] ] } },
{ "type": "Feature", "properties": { "OBJECTID": 18, "WARDTYPE": "SUBWARD", "WARDNAME": "116", "WARD_ID": 190, "YEAR": 2018, "ACTIVE": "Yes", "Shape__Area": 69979.170166015596, "Shape__Length": 1391.44657962837 }, "geometry": { "type": "Polygon", "coordinates": [ [ [ -78.348667384529406, 44.292293411240301 ], [ -78.348185351815104, 44.292406886749703 ], [ -78.348213834145199, 44.292496442950302 ], [ -78.348282383088701, 44.2926555168197 ], [ -78.348283667658507, 44.292658499578103 ], [ -78.348328670486495, 44.292762947527798 ], [ -78.348331289706906, 44.2927690258417 ], [ -78.348374963053303, 44.292870378335799 ], [ -78.348376520118805, 44.292873990416702 ], [ -78.348421261113202, 44.292977802049101 ], [ -78.348422005729404, 44.292979526276099 ], [ -78.348467552749099, 44.2930852327951 ], [ -78.348513847049801, 44.293192663582801 ], [ -78.348558206337501, 44.293295609224799 ], [ -78.348560135412399, 44.293300090611297 ], [ -78.348604625405898, 44.293403338162697 ], [ -78.348606428944095, 44.293407517739602 ], [ -78.348651546898395, 44.293512216703697 ], [ -78.348652722636302, 44.293514944851601 ], [ -78.34869774997, 44.293619432826198 ], [ -78.348699016489206, 44.293622371947002 ], [ -78.3487425107798, 44.293723273592299 ], [ -78.348745325528299, 44.293729799374901 ], [ -78.348789672341297, 44.293832705018097 ], [ -78.348791619702297, 44.293837226437397 ], [ -78.348856594635905, 44.293987994672698 ], [ -78.348859373064698, 44.293994436783102 ], [ -78.348947445388404, 44.294198811084399 ], [ -78.348974242947406, 44.294260987355202 ], [ -78.348534538589604, 44.294369323617403 ], [ -78.348318947992894, 44.294420309487897 ], [ -78.348230483877302, 44.294441229586297 ], [ -78.348195520868899, 44.294362878087902 ], [ -78.347287160578801, 44.294571991962499 ], [ -78.346762802309897, 44.293363456070303 ], [ -78.346728741134697, 44.293277747282701 ], [ -78.346704106737604, 44.293285992924901 ], [ -78.346665618384904, 44.293306498846803 ], [ -78.346647907858497, 44.293325930242297 ], [ -78.346252869015899, 44.293766145115697 ], [ -78.346246413740005, 44.293775295832901 ], [ -78.346215875389007, 44.293801562754197 ], [ -78.346170185498906, 44.293823763762099 ], [ -78.346135756062296, 44.293835686071503 ], [ -78.345380030920794, 44.2940154802629 ], [ -78.345132813454597, 44.293452886248403 ], [ -78.346596228703206, 44.291783015102297 ], [ -78.347500646752394, 44.290750943771201 ], [ -78.347834082461006, 44.2903704347085 ], [ -78.348010233876295, 44.290721752696498 ], [ -78.348667384529406, 44.292293411240301 ] ] ] } },
{ "type": "Feature", "properties": { "OBJECTID": 19, "WARDTYPE": "SUBWARD", "WARDNAME": "102", "WARD_ID": 162, "YEAR": 2010, "ACTIVE": "Yes", "Shape__Area": 342056.9375, "Shape__Length": 2925.3730973194301 }, "geometry": { "type": "Polygon", "coordinates": [ [ [ -78.321059615559903, 44.284579083983203 ], [ -78.318813687960102, 44.285110216854299 ], [ -78.316462196430393, 44.285687723327399 ], [ -78.314072479497497, 44.2862791651701 ], [ -78.312273031672703, 44.286713841102497 ], [ -78.309910706258606, 44.287278956297897 ], [ -78.309975030751602, 44.287235144004299 ], [ -78.309993493589303, 44.2872225691561 ], [ -78.310047792615705, 44.287197200466899 ], [ -78.310116623433103, 44.287139043895003 ], [ -78.310137804817401, 44.287114335194097 ], [ -78.310145965782795, 44.287089319669299 ], [ -78.310362814725906, 44.2869119895078 ], [ -78.3104007313663, 44.2868632090779 ], [ -78.310450135822904, 44.286789120559099 ], [ -78.310488227220304, 44.286746390496198 ], [ -78.310548808417195, 44.286713088671398 ], [ -78.310681281947893, 44.2866618220988 ], [ -78.310733527594806, 44.2866491274578 ], [ -78.310916451569597, 44.2866172312347 ], [ -78.310956475214894, 44.286603323079603 ], [ -78.311072770232002, 44.2865164847843 ], [ -78.311198339574602, 44.2863953769061 ], [ -78.311211407696703, 44.286382774715101 ], [ -78.311254408872202, 44.286324390740297 ], [ -78.3112806554402, 44.286274035120996 ], [ -78.311291599139906, 44.286230985828901 ], [ -78.311302231242394, 44.286177190656701 ], [ -78.311389268852693, 44.2859654638644 ], [ -78.311403121490301, 44.285925457600698 ], [ -78.311422758538299, 44.2858906291452 ], [ -78.311456154376899, 44.285861890141497 ], [ -78.311470624603999, 44.285830537501802 ], [ -78.311493523924099, 44.285790024077698 ], [ -78.311534395449897, 44.285751373485603 ], [ -78.311574539407303, 44.285728552471603 ], [ -78.311614349997399, 44.285712924931801 ], [ -78.311646388063394, 44.285692072756603 ], [ -78.311671728737295, 44.285682201105502 ], [ -78.311688239547294, 44.2856757730327 ], [ -78.311724677778898, 44.2856463817754 ], [ -78.311757542004003, 44.285589192116802 ], [ -78.311767152918094, 44.285572478788197 ], [ -78.311832359525397, 44.285496111373703 ], [ -78.311888629758897, 44.285437052926099 ], [ -78.311921061571297, 44.285407567256499 ], [ -78.312054506967399, 44.285295473830999 ], [ -78.312100696400094, 44.285239361285903 ], [ -78.312114411657106, 44.2852139407347 ], [ -78.312128404131599, 44.285188596931199 ], [ -78.312155669749799, 44.285138621607601 ], [ -78.312200592987594, 44.285012915462502 ], [ -78.312251954176602, 44.285015389720698 ], [ -78.312273157652399, 44.284955771872198 ], [ -78.312238692678307, 44.284952590822201 ], [ -78.312323647611805, 44.284785291675199 ], [ -78.312388980702593, 44.284728639444303 ], [ -78.312424424652804, 44.284671906447201 ], [ -78.312440605760102, 44.284625011911103 ], [ -78.312482174766103, 44.284529070058902 ], [ -78.312474665168395, 44.284432602886 ], [ -78.312445710119306, 44.284414801434103 ], [ -78.312457310716198, 44.284393255371398 ], [ -78.312463392637696, 44.284360487922797 ], [ -78.312480774819704, 44.2843252820863 ], [ -78.312517694149406, 44.284285098533097 ], [ -78.312520883877994, 44.284259245561202 ], [ -78.312531402529103, 44.284226361996502 ], [ -78.312551744535, 44.284198029250902 ], [ -78.3125811000928, 44.284169911409997 ], [ -78.312596049407105, 44.2841333086605 ], [ -78.312593816305494, 44.284070178852801 ], [ -78.312603030889505, 44.284019947688499 ], [ -78.312587362835899, 44.284013849431801 ], [ -78.312687282285907, 44.283889442342002 ], [ -78.312745439081894, 44.283872488962999 ], [ -78.312744302208301, 44.283848290574397 ], [ -78.312752083596706, 44.283809582554298 ], [ -78.312765726894995, 44.283796219479001 ], [ -78.312859096540606, 44.283749442257502 ], [ -78.312879044261607, 44.283729745560898 ], [ -78.312881451851496, 44.2837167481728 ], [ -78.312856631963299, 44.283671600023503 ], [ -78.312900583153805, 44.283653188603601 ], [ -78.312913832556305, 44.283648458928603 ], [ -78.312939934222698, 44.283515831880699 ], [ -78.312956400881106, 44.283484529637597 ], [ -78.312990664975302, 44.283458687906602 ], [ -78.313007098772403, 44.283428105106701 ], [ -78.313009872417197, 44.283389278286798 ], [ -78.313030443484394, 44.283355911974802 ], [ -78.3131667103941, 44.283225878016303 ], [ -78.313203355280507, 44.283213776520498 ], [ -78.313283639828896, 44.283212065082203 ], [ -78.313392244722294, 44.283182931391799 ], [ -78.313471393445894, 44.283096206622297 ], [ -78.313498873155893, 44.282977296128898 ], [ -78.313527554239499, 44.282941959921402 ], [ -78.313581286807207, 44.282840952642402 ], [ -78.313589872166304, 44.282806583925499 ], [ -78.313841320611502, 44.282569065477901 ], [ -78.313874335320506, 44.282526628916202 ], [ -78.313885564076301, 44.282500244846901 ], [ -78.313984740983599, 44.282413991005598 ], [ -78.314006953280895, 44.2823885855992 ], [ -78.314222545654999, 44.282233768601898 ], [ -78.314261159892794, 44.282222433324002 ], [ -78.314372207156694, 44.282161666284502 ], [ -78.314866722740305, 44.281782218013902 ], [ -78.314880496249501, 44.281765976845897 ], [ -78.314918469291101, 44.281746703792201 ], [ -78.315020779012698, 44.281657641831103 ], [ -78.315039148601898, 44.2816285447106 ], [ -78.315058508899199, 44.281598167283597 ], [ -78.3150936520383, 44.281576530091698 ], [ -78.315226598612298, 44.281519158202499 ], [ -78.315254276449494, 44.281483797954998 ], [ -78.315260464195603, 44.281458015407097 ], [ -78.315300633650395, 44.281390538842999 ], [ -78.315356236466201, 44.281336389279403 ], [ -78.315374409068099, 44.281311608817397 ], [ -78.315379201833593, 44.2812944361484 ], [ -78.315377821817194, 44.281280719426903 ], [ -78.315386522119695, 44.281265799330598 ], [ -78.315419290589006, 44.2812507250515 ], [ -78.315455720415599, 44.281221332380099 ], [ -78.3154721838022, 44.281190029684304 ], [ -78.315464696571794, 44.281178330009197 ], [ -78.315475700474806, 44.281162358536797 ], [ -78.315515366461696, 44.2811323217284 ], [ -78.315547935214198, 44.281100396663597 ], [ -78.315583585326195, 44.281077413617801 ], [ -78.315625021065898, 44.281048138614103 ], [ -78.315634919435695, 44.281028925325302 ], [ -78.3156389401056, 44.281006692916002 ], [ -78.315664301459506, 44.280956153375399 ], [ -78.315754856583894, 44.280904986221302 ], [ -78.315775097377397, 44.280878813878502 ], [ -78.315895496233296, 44.280788736034701 ], [ -78.315908529983901, 44.280766715548303 ], [ -78.316009277792801, 44.280689859774903 ], [ -78.316041914674997, 44.280677663119199 ], [ -78.316125309509502, 44.280607601470699 ], [ -78.316153332312098, 44.280586653601702 ], [ -78.316331138584403, 44.280446789080102 ], [ -78.316399219684996, 44.280426782920799 ], [ -78.316454163875804, 44.280387021820097 ], [ -78.316463963542006, 44.280369966810497 ], [ -78.316524179605096, 44.2803245678151 ], [ -78.316545157893799, 44.280304174467098 ], [ -78.316550951683098, 44.280287025278298 ], [ -78.316548289439893, 44.280257433484202 ], [ -78.316561074159097, 44.280163507042403 ], [ -78.316613567002506, 44.280121127837702 ], [ -78.316650239598999, 44.280143741604398 ], [ -78.316714664551498, 44.280181987504001 ], [ -78.316745933168605, 44.280210223402399 ], [ -78.316771035150296, 44.280209373011097 ], [ -78.316807822841994, 44.280172065842798 ], [ -78.3169953119599, 44.280039630124598 ], [ -78.316999594151099, 44.280011642013299 ], [ -78.317023741599598, 44.279987721941602 ], [ -78.317058511853602, 44.279972694237301 ], [ -78.317086880203902, 44.279966158751002 ], [ -78.317107793894195, 44.279947204229003 ], [ -78.317102029979907, 44.279919700220397 ], [ -78.317127851371694, 44.279903021716301 ], [ -78.317166037634195, 44.279901038309902 ], [ -78.317205585730605, 44.279891164425798 ], [ -78.317243851664401, 44.279865415451802 ], [ -78.317280523188103, 44.279808659332097 ], [ -78.317293077665397, 44.279775103824903 ], [ -78.317279300821994, 44.279747411506499 ], [ -78.317255181878906, 44.279726678373102 ], [ -78.317252486531501, 44.279697806039401 ], [ -78.317287121025103, 44.279641722266398 ], [ -78.317315044670806, 44.279622932451602 ], [ -78.317332443773495, 44.279593091918599 ], [ -78.317341831279407, 44.279563063100099 ], [ -78.317434198624298, 44.279449997861903 ], [ -78.317461724403401, 44.279395907649203 ], [ -78.317472342559299, 44.279360866166598 ], [ -78.317605277105102, 44.279259557484899 ], [ -78.317682968174594, 44.2791605516556 ], [ -78.317692565928198, 44.279103879430799 ], [ -78.317780088431306, 44.278987098934401 ], [ -78.317792165954899, 44.27895932997 ], [ -78.317800243309804, 44.278940757910803 ], [ -78.317811399151495, 44.278871878463697 ], [ -78.317847492574998, 44.278805745646501 ], [ -78.318085967151106, 44.278544145396999 ], [ -78.318116023872406, 44.278522524598998 ], [ -78.318180115413398, 44.278524030378797 ], [ -78.318269340855807, 44.278497703827497 ], [ -78.318270552621897, 44.278497346075198 ], [ -78.318411157297405, 44.278805621225104 ], [ -78.3188126935556, 44.279693551114001 ], [ -78.318982769140305, 44.2800617202046 ], [ -78.319206925092601, 44.280532519927597 ], [ -78.319637282024701, 44.281478514672401 ], [ -78.320118570264398, 44.282520535365499 ], [ -78.320450378192405, 44.283236809495797 ], [ -78.320748793772196, 44.283884388885099 ], [ -78.321059615559903, 44.284579083983203 ] ] ] } },
{ "type": "Feature", "properties": { "OBJECTID": 20, "WARDTYPE": "SUBWARD", "WARDNAME": "103", "WARD_ID": 163, "YEAR": 2010, "ACTIVE": "Yes", "Shape__Area": 270877.73754882801, "Shape__Length": 2511.3444257165102 }, "geometry": { "type": "Polygon", "coordinates": [ [ [ -78.319637282024701, 44.281478514672401 ], [ -78.319206925092601, 44.280532519927597 ], [ -78.318982769140305, 44.2800617202046 ], [ -78.3188126935556, 44.279693551114001 ], [ -78.318411157297405, 44.278805621225104 ], [ -78.318270552621897, 44.278497346075198 ], [ -78.318288641083896, 44.2784937485727 ], [ -78.318278250327296, 44.2784824021969 ], [ -78.318289528032494, 44.278476905345499 ], [ -78.318313384883695, 44.278503393904799 ], [ -78.318372155504605, 44.278489649852197 ], [ -78.318369623367104, 44.278457180249397 ], [ -78.318388475049701, 44.278455095127399 ], [ -78.318420911175593, 44.278408174630499 ], [ -78.3184499561401, 44.278366158416198 ], [ -78.3186406037415, 44.278230193020399 ], [ -78.318685877934399, 44.278204608177099 ], [ -78.318737867389999, 44.278185663074602 ], [ -78.318795682454805, 44.278148849161802 ], [ -78.318885275361893, 44.278074609695103 ], [ -78.318936740819098, 44.278067175791797 ], [ -78.318999712990504, 44.278049208747703 ], [ -78.319036497889897, 44.278011900780001 ], [ -78.319053679892505, 44.277964769479802 ], [ -78.319086360808598, 44.277929525782902 ], [ -78.319168517508999, 44.277864474367398 ], [ -78.319252087640095, 44.277812420133898 ], [ -78.319272293045898, 44.277786966549499 ], [ -78.319290809597106, 44.277776598023202 ], [ -78.319326894652406, 44.277776725220001 ], [ -78.319358245295604, 44.277748652453099 ], [ -78.319379582983302, 44.277720344539802 ], [ -78.319394257064005, 44.277709709307103 ], [ -78.319425371784305, 44.277685966735199 ], [ -78.319472921443904, 44.277677115420303 ], [ -78.319506055181094, 44.277657773097197 ], [ -78.319541127013693, 44.277640836811898 ], [ -78.319580354540705, 44.277631769325303 ], [ -78.319619602706098, 44.277622743722702 ], [ -78.319662993160904, 44.277612736834399 ], [ -78.319706480764694, 44.277602852848403 ], [ -78.319750600328405, 44.277597312236097 ], [ -78.319795579065101, 44.277594976974697 ], [ -78.319848372648593, 44.277592190484398 ], [ -78.319901215202805, 44.277589484344198 ], [ -78.319947534436807, 44.277584731731302 ], [ -78.319990771391602, 44.277571651155398 ], [ -78.320032704760095, 44.277546649044098 ], [ -78.3200707818729, 44.277519700002998 ], [ -78.320099030102, 44.277495990779997 ], [ -78.320131042260101, 44.277475265219202 ], [ -78.320191654452401, 44.277458193706302 ], [ -78.3202543836627, 44.277446262049502 ], [ -78.320339095282506, 44.2774308203389 ], [ -78.320422324253201, 44.277412324218197 ], [ -78.320475880781501, 44.277395788246302 ], [ -78.320529228044506, 44.277378948443697 ], [ -78.320586861060704, 44.277361333241103 ], [ -78.320644528897304, 44.277343778245204 ], [ -78.320704844950399, 44.277327343208697 ], [ -78.320765281972498, 44.277310727322202 ], [ -78.320821737765598, 44.2772867004755 ], [ -78.320867729194802, 44.2772533243553 ], [ -78.320895219319993, 44.277227151976803 ], [ -78.320917091221901, 44.277210995702603 ], [ -78.321066359409102, 44.277134067786399 ], [ -78.321086596511094, 44.277107894395598 ], [ -78.321130560361894, 44.277111086823403 ], [ -78.321181350431502, 44.277096433804097 ], [ -78.321216097832803, 44.2770597975355 ], [ -78.321287386492202, 44.2770132153871 ], [ -78.321300928127798, 44.2770020095627 ], [ -78.321353962379703, 44.276960040578501 ], [ -78.321446685321405, 44.2768829916294 ], [ -78.321520281409903, 44.276775939366999 ], [ -78.321507126413493, 44.276766292971999 ], [ -78.321670801843894, 44.276605922138302 ], [ -78.321688467315795, 44.276614259102203 ], [ -78.321745794557899, 44.276553697217899 ], [ -78.321723337283601, 44.276540508752802 ], [ -78.321783838159504, 44.276478933771102 ], [ -78.321777993279994, 44.276475195511402 ], [ -78.321830094360607, 44.276425177498702 ], [ -78.321845841548793, 44.276434805449398 ], [ -78.321915201479698, 44.276389826966998 ], [ -78.321943776116598, 44.276356646777202 ], [ -78.322069576069595, 44.2762796530982 ], [ -78.322082291738795, 44.276242499698803 ], [ -78.322125049217405, 44.276206051060797 ], [ -78.322268940330403, 44.276128041113203 ], [ -78.322362366635701, 44.276057489932803 ], [ -78.322586549613206, 44.275881154449799 ], [ -78.322593667092093, 44.275876189787503 ], [ -78.3226921973678, 44.275806388244597 ], [ -78.322709385079705, 44.2758169645492 ], [ -78.322719038810803, 44.275810233593802 ], [ -78.322700680979807, 44.275798934829098 ], [ -78.322751054560698, 44.275760320249702 ], [ -78.322773075762598, 44.275774279730399 ], [ -78.322797417178194, 44.2757553757328 ], [ -78.322750945830094, 44.275727302578098 ], [ -78.322881333841394, 44.275623407156601 ], [ -78.322932712240103, 44.275655009207 ], [ -78.322991015831903, 44.275592103643497 ], [ -78.323158659864802, 44.275436116250503 ], [ -78.323133424089306, 44.275420871482297 ], [ -78.323245852687805, 44.275309676329897 ], [ -78.323271381121998, 44.275325208823901 ], [ -78.323333301176305, 44.275229127883897 ], [ -78.323443208649806, 44.2752371967307 ], [ -78.323455298114396, 44.275227487075099 ], [ -78.323449607322502, 44.275214839726402 ], [ -78.323460383548095, 44.275201048010999 ], [ -78.323462373507994, 44.275179307857499 ], [ -78.323453633415994, 44.275162177630797 ], [ -78.323474460609205, 44.2751004637242 ], [ -78.323494630559793, 44.2750757287723 ], [ -78.323556361105204, 44.274952577198697 ], [ -78.323589397094807, 44.274909418038099 ], [ -78.323658722829407, 44.274839741155198 ], [ -78.323668878890899, 44.274814771387298 ], [ -78.323663307097405, 44.274782950840702 ], [ -78.323695082295401, 44.2746792631646 ], [ -78.323728129624996, 44.274613777243701 ], [ -78.323727401270702, 44.274585671380997 ], [ -78.323766697026102, 44.274492963382002 ], [ -78.323770223938695, 44.274481522465003 ], [ -78.323782174982995, 44.274483243104903 ], [ -78.323782228754595, 44.274504130899302 ], [ -78.323802104283502, 44.2744858710156 ], [ -78.323854548290299, 44.274390590337298 ], [ -78.323872303826505, 44.274286573926801 ], [ -78.323899865331299, 44.274209435737497 ], [ -78.323929145056894, 44.274182753595198 ], [ -78.323925575887301, 44.274150980006901 ], [ -78.324006589889905, 44.274088779169503 ], [ -78.324018813724095, 44.2740624173911 ], [ -78.323981830587101, 44.273993849220403 ], [ -78.323970185188898, 44.273963326752501 ], [ -78.323982693377303, 44.273886555868202 ], [ -78.323973214071998, 44.273852483052899 ], [ -78.323994036811698, 44.273813358803402 ], [ -78.323993835238795, 44.273784962793798 ], [ -78.324131400995697, 44.273848956658 ], [ -78.324386556506497, 44.274421099575399 ], [ -78.324738967299794, 44.275211304317899 ], [ -78.325067743528606, 44.275914739504799 ], [ -78.325467930732501, 44.276770942889002 ], [ -78.325852056125598, 44.277592755882303 ], [ -78.3260500692665, 44.278016378181 ], [ -78.326396076958304, 44.278756623918298 ], [ -78.326856358654297, 44.2797326526182 ], [ -78.326763821351605, 44.279735624362097 ], [ -78.326664699279505, 44.279753469310101 ], [ -78.325771370858106, 44.279985278580902 ], [ -78.325620949331693, 44.279732682763097 ], [ -78.325589221583499, 44.279711546254298 ], [ -78.325549992376096, 44.279695988579398 ], [ -78.325481231827396, 44.2796886481595 ], [ -78.323101279819099, 44.280276934884903 ], [ -78.320788319034804, 44.280847661832603 ], [ -78.320741766996903, 44.2808747551869 ], [ -78.320724316081396, 44.280899481425898 ], [ -78.320698101514594, 44.280940992061701 ], [ -78.320698969994098, 44.280987917074498 ], [ -78.320791535865197, 44.281194230192398 ], [ -78.319637282024701, 44.281478514672401 ] ] ] } },
{ "type": "Feature", "properties": { "OBJECTID": 21, "WARDTYPE": "SUBWARD", "WARDNAME": "510", "WARD_ID": 242, "YEAR": 2010, "ACTIVE": "Yes", "Shape__Area": 1423830.20849609, "Shape__Length": 6530.6186473898397 }, "geometry": { "type": "Polygon", "coordinates": [ [ [ -78.351506912285402, 44.321943908868398 ], [ -78.351585117268499, 44.322027650314297 ], [ -78.352774801264403, 44.323199852414902 ], [ -78.3513042992046, 44.323931894061303 ], [ -78.357391824969795, 44.329828803553802 ], [ -78.3473457173734, 44.335122779177603 ], [ -78.342775542419702, 44.330625879151 ], [ -78.342584356709494, 44.330733484701398 ], [ -78.341406900006504, 44.331332888417599 ], [ -78.340360354280804, 44.331865623747397 ], [ -78.340326694231095, 44.331882942180997 ], [ -78.339865265554707, 44.332127269968701 ], [ -78.339402719104996, 44.332370158190997 ], [ -78.337514171006703, 44.333341762474902 ], [ -78.337141214708694, 44.333533632940501 ], [ -78.336509648312301, 44.333858538853598 ], [ -78.334874043552503, 44.334696070456097 ], [ -78.334538498049596, 44.334868564958398 ], [ -78.3342989106537, 44.334991729048198 ], [ -78.334186794539406, 44.335049364251901 ], [ -78.334151121537502, 44.335067702464102 ], [ -78.334039007724201, 44.335125335774698 ], [ -78.333926891106003, 44.335182970709297 ], [ -78.333814774311307, 44.335240604628503 ], [ -78.333702658511498, 44.335298239360299 ], [ -78.333478425088501, 44.335413506647598 ], [ -78.333192015975101, 44.335560734563401 ], [ -78.332919382052594, 44.335700879766101 ], [ -78.332624409015907, 44.335852507446504 ], [ -78.332315341769601, 44.336011378971698 ], [ -78.3322062367467, 44.3360621675807 ], [ -78.332169831204197, 44.336046086772299 ], [ -78.332124706925299, 44.336027263400297 ], [ -78.3320900094443, 44.336012490974397 ], [ -78.332070865178196, 44.336005697483898 ], [ -78.332051986380705, 44.336002342040103 ], [ -78.332049900357902, 44.336007622906102 ], [ -78.332039332869797, 44.336022568936002 ], [ -78.332028490008895, 44.336037944261101 ], [ -78.332013080131205, 44.336055888452698 ], [ -78.331996125083705, 44.336070731992599 ], [ -78.331948851922107, 44.336100013087403 ], [ -78.331200119095598, 44.3364713956706 ], [ -78.330193711883496, 44.335444094700399 ], [ -78.329872503437002, 44.335126033558197 ], [ -78.329762235448797, 44.3350295122669 ], [ -78.329672080750598, 44.334955672967602 ], [ -78.329594150387393, 44.334895159154598 ], [ -78.329528449485494, 44.334847966471699 ], [ -78.329302285503999, 44.334704105754803 ], [ -78.328940515077306, 44.334503698652 ], [ -78.329189697091905, 44.334228344882497 ], [ -78.329260505611202, 44.334154555068402 ], [ -78.329301210000096, 44.334121869598299 ], [ -78.329358874505502, 44.334084503379898 ], [ -78.329434559800802, 44.334041858212998 ], [ -78.330174597792194, 44.333665602285897 ], [ -78.331157636534201, 44.333152308271501 ], [ -78.333382664704303, 44.332008417573398 ], [ -78.333583181748295, 44.331891687123303 ], [ -78.333682004674003, 44.3318227082028 ], [ -78.333763591744898, 44.3317518933626 ], [ -78.333820805622196, 44.331684070652798 ], [ -78.333976382853095, 44.331458116395801 ], [ -78.334050547494797, 44.331315174424901 ], [ -78.334309582554695, 44.330866099123803 ], [ -78.334396514462, 44.330751255558802 ], [ -78.334539877458099, 44.330612928905801 ], [ -78.334639365335704, 44.330536067455498 ], [ -78.334912600984495, 44.3303751474091 ], [ -78.335590520995098, 44.330027719743498 ], [ -78.336448918747493, 44.329578627181803 ], [ -78.336631426951897, 44.329458435356798 ], [ -78.336721947208702, 44.329386620436303 ], [ -78.336805428810393, 44.3293083753071 ], [ -78.336969989474895, 44.3291171790231 ], [ -78.337473196182799, 44.328561776768602 ], [ -78.338141961509393, 44.327780770966598 ], [ -78.338197900754295, 44.327721512116703 ], [ -78.338265798685796, 44.327655513552401 ], [ -78.338354607586297, 44.327577729992797 ], [ -78.338488661669999, 44.327488307453301 ], [ -78.338746152027795, 44.327341977170498 ], [ -78.339285176473794, 44.327080416240698 ], [ -78.339480258516204, 44.326962090169701 ], [ -78.339856008424803, 44.3267728913235 ], [ -78.340146646075496, 44.326639005105797 ], [ -78.3404557916257, 44.326496953535496 ], [ -78.340583492822503, 44.326447388737101 ], [ -78.340717563646393, 44.326408725078998 ], [ -78.340859131389095, 44.326379775228801 ], [ -78.341019635973495, 44.326356415901699 ], [ -78.3411238439964, 44.326346102614998 ], [ -78.341317944460997, 44.326335700752601 ], [ -78.341476727282895, 44.326335527786902 ], [ -78.341669049972793, 44.3263451456612 ], [ -78.341925201435302, 44.326381486096103 ], [ -78.342603285387199, 44.326525001718501 ], [ -78.342887290979704, 44.326491118756998 ], [ -78.343006285554793, 44.326462782328498 ], [ -78.343134291189799, 44.326420755261402 ], [ -78.345287058653, 44.325386418932403 ], [ -78.345793103169001, 44.325147160259597 ], [ -78.346810699672503, 44.324659036668599 ], [ -78.3474346536578, 44.324368667541201 ], [ -78.348037721473602, 44.324068349638502 ], [ -78.348790721689596, 44.323710113055 ], [ -78.349786171639096, 44.3232346959255 ], [ -78.350298647277896, 44.322959552704198 ], [ -78.350361021586394, 44.322915302561199 ], [ -78.350401297263403, 44.322886906451998 ], [ -78.350441226344699, 44.322855290098097 ], [ -78.350484094301095, 44.322822017016101 ], [ -78.350512676372404, 44.322794523402997 ], [ -78.350540694470794, 44.322765072095898 ], [ -78.350585880444498, 44.322717974121197 ], [ -78.350635065645307, 44.322662938486999 ], [ -78.350787754718695, 44.322476725683799 ], [ -78.3509273630481, 44.322326101312299 ], [ -78.351010648827696, 44.322252972698699 ], [ -78.351153821778098, 44.322140382810701 ], [ -78.351391560176097, 44.321999683712299 ], [ -78.351506912285402, 44.321943908868398 ] ] ] } },
{ "type": "Feature", "properties": { "OBJECTID": 22, "WARDTYPE": "SUBWARD", "WARDNAME": "511", "WARD_ID": 243, "YEAR": 2010, "ACTIVE": "Yes", "Shape__Area": 1098879.87329102, "Shape__Length": 5286.6456737986 }, "geometry": { "type": "Polygon", "coordinates": [ [ [ -78.3473457173734, 44.335122779177603 ], [ -78.3470583842401, 44.335268824947498 ], [ -78.339870276697496, 44.338893476958802 ], [ -78.332579239497207, 44.342581592473401 ], [ -78.326352485155994, 44.345723898510798 ], [ -78.324880106149607, 44.342552274451698 ], [ -78.324727453508004, 44.3422198521422 ], [ -78.324556601682801, 44.341855997632599 ], [ -78.324519548586196, 44.341749013022401 ], [ -78.324923569750098, 44.341658900378597 ], [ -78.327285706425201, 44.341075428445698 ], [ -78.327103444992602, 44.340421480975102 ], [ -78.327201744318302, 44.340230965793197 ], [ -78.327270059408093, 44.340118979713203 ], [ -78.327572531578696, 44.339686018836403 ], [ -78.328197943085598, 44.339905583486498 ], [ -78.328301000628699, 44.339927819740502 ], [ -78.328404983907603, 44.339939734325 ], [ -78.328500876796099, 44.339947492858499 ], [ -78.328593995413399, 44.339941767805399 ], [ -78.328662603839206, 44.339931702322097 ], [ -78.329223122014596, 44.339795942302302 ], [ -78.329109306078607, 44.339559881427597 ], [ -78.329083285162, 44.339484092506098 ], [ -78.3290719646524, 44.339413307375999 ], [ -78.329071248550605, 44.339344135196498 ], [ -78.329083181943105, 44.339280487795797 ], [ -78.329106405413995, 44.339223129203198 ], [ -78.329479362292005, 44.3386843377655 ], [ -78.329555545268207, 44.338575163159497 ], [ -78.329682754091806, 44.3383928664095 ], [ -78.329719626925396, 44.338349374316998 ], [ -78.329746929426094, 44.338318845540499 ], [ -78.329808626934494, 44.338261374022302 ], [ -78.330256312140193, 44.337896626964998 ], [ -78.330138258768898, 44.337791763892703 ], [ -78.329628508332803, 44.337270561924797 ], [ -78.331200119095598, 44.3364713956706 ], [ -78.331948851922107, 44.336100013087403 ], [ -78.331996125083705, 44.336070731992599 ], [ -78.332013080131205, 44.336055888452698 ], [ -78.332028490008895, 44.336037944261101 ], [ -78.332039332869797, 44.336022568936002 ], [ -78.332049900357902, 44.336007622906102 ], [ -78.332051986380705, 44.336002342040103 ], [ -78.332070865178196, 44.336005697483898 ], [ -78.3320900094443, 44.336012490974397 ], [ -78.332124706925299, 44.336027263400297 ], [ -78.332169831204197, 44.336046086772299 ], [ -78.3322062367467, 44.3360621675807 ], [ -78.332315341769601, 44.336011378971698 ], [ -78.332624409015907, 44.335852507446504 ], [ -78.332919382052594, 44.335700879766101 ], [ -78.333192015975101, 44.335560734563401 ], [ -78.333478425088501, 44.335413506647598 ], [ -78.333702658511498, 44.335298239360299 ], [ -78.333814774311307, 44.335240604628503 ], [ -78.333926891106003, 44.335182970709297 ], [ -78.334039007724201, 44.335125335774698 ], [ -78.334151121537502, 44.335067702464102 ], [ -78.334186794539406, 44.335049364251901 ], [ -78.3342989106537, 44.334991729048198 ], [ -78.334538498049596, 44.334868564958398 ], [ -78.334874043552503, 44.334696070456097 ], [ -78.336509648312301, 44.333858538853598 ], [ -78.337141214708694, 44.333533632940501 ], [ -78.337514171006703, 44.333341762474902 ], [ -78.339402719104996, 44.332370158190997 ], [ -78.339865265554707, 44.332127269968701 ], [ -78.340326694231095, 44.331882942180997 ], [ -78.340360354280804, 44.331865623747397 ], [ -78.341406900006504, 44.331332888417599 ], [ -78.342584356709494, 44.330733484701398 ], [ -78.342775542419702, 44.330625879151 ], [ -78.3473457173734, 44.335122779177603 ] ] ] } },
{ "type": "Feature", "properties": { "OBJECTID": 23, "WARDTYPE": "SUBWARD", "WARDNAME": "518", "WARD_ID": 244, "YEAR": 2010, "ACTIVE": "Yes", "Shape__Area": 342219.08569335903, "Shape__Length": 2785.4271109133201 }, "geometry": { "type": "Polygon", "coordinates": [ [ [ -78.324519548586196, 44.341749013022401 ], [ -78.321794868513706, 44.3423841517005 ], [ -78.326381857170304, 44.333706403058301 ], [ -78.328284090176496, 44.334256864784599 ], [ -78.328826736218701, 44.334458125442403 ], [ -78.328940515077306, 44.334503698652 ], [ -78.329302285503999, 44.334704105754803 ], [ -78.329528449485494, 44.334847966471699 ], [ -78.329594150387393, 44.334895159154598 ], [ -78.329672080750598, 44.334955672967602 ], [ -78.329762235448797, 44.3350295122669 ], [ -78.329872503437002, 44.335126033558197 ], [ -78.330193711883496, 44.335444094700399 ], [ -78.331200119095598, 44.3364713956706 ], [ -78.329628508332803, 44.337270561924797 ], [ -78.330138258768898, 44.337791763892703 ], [ -78.330256312140193, 44.337896626964998 ], [ -78.329808626934494, 44.338261374022302 ], [ -78.329746929426094, 44.338318845540499 ], [ -78.329719626925396, 44.338349374316998 ], [ -78.329682754091806, 44.3383928664095 ], [ -78.329555545268207, 44.338575163159497 ], [ -78.329479362292005, 44.3386843377655 ], [ -78.329106405413995, 44.339223129203198 ], [ -78.329083181943105, 44.339280487795797 ], [ -78.329071248550605, 44.339344135196498 ], [ -78.3290719646524, 44.339413307375999 ], [ -78.329083285162, 44.339484092506098 ], [ -78.329109306078607, 44.339559881427597 ], [ -78.329223122014596, 44.339795942302302 ], [ -78.328662603839206, 44.339931702322097 ], [ -78.328593995413399, 44.339941767805399 ], [ -78.328500876796099, 44.339947492858499 ], [ -78.328404983907603, 44.339939734325 ], [ -78.328301000628699, 44.339927819740502 ], [ -78.328197943085598, 44.339905583486498 ], [ -78.327572531578696, 44.339686018836403 ], [ -78.327270059408093, 44.340118979713203 ], [ -78.327201744318302, 44.340230965793197 ], [ -78.327103444992602, 44.340421480975102 ], [ -78.327285706425201, 44.341075428445698 ], [ -78.324923569750098, 44.341658900378597 ], [ -78.324519548586196, 44.341749013022401 ] ] ] } },
{ "type": "Feature", "properties": { "OBJECTID": 24, "WARDTYPE": "SUBWARD", "WARDNAME": "517", "WARD_ID": 245, "YEAR": 2010, "ACTIVE": "Yes", "Shape__Area": 392826.55590820301, "Shape__Length": 3057.6586939143399 }, "geometry": { "type": "Polygon", "coordinates": [ [ [ -78.321794868513706, 44.3423841517005 ], [ -78.318292374422001, 44.3432047332849 ], [ -78.318012164097198, 44.342612763320297 ], [ -78.317742108437898, 44.342001700582998 ], [ -78.317759445089493, 44.341831902327201 ], [ -78.317761339094602, 44.3417522294436 ], [ -78.317760366859304, 44.341564470825702 ], [ -78.317774684307494, 44.3413400837632 ], [ -78.317798222313598, 44.341137078784598 ], [ -78.317884534656699, 44.340807010536203 ], [ -78.317976197600203, 44.340578402696202 ], [ -78.318051102248802, 44.340424548639497 ], [ -78.318226037865699, 44.340115331264499 ], [ -78.318827147823896, 44.339436432797598 ], [ -78.320372076423496, 44.337783038445899 ], [ -78.320502830181198, 44.337620950889097 ], [ -78.320622494068502, 44.337453586534799 ], [ -78.320719077330097, 44.337297988832397 ], [ -78.320800454965493, 44.337142325828601 ], [ -78.320860636813194, 44.336976233448901 ], [ -78.3209229421267, 44.336780157736797 ], [ -78.320957891639594, 44.336558758023699 ], [ -78.320977783796707, 44.336231085864398 ], [ -78.320963664932805, 44.336141994680702 ], [ -78.320942948967399, 44.336022603882903 ], [ -78.320922010933799, 44.335932314624998 ], [ -78.320892393018397, 44.335827926807603 ], [ -78.320862689531793, 44.335733237424797 ], [ -78.320815600867604, 44.335615204592997 ], [ -78.320762406295302, 44.335498602099896 ], [ -78.320689757851895, 44.335363980397801 ], [ -78.320649684110293, 44.335300780393403 ], [ -78.320563418141205, 44.335185778229402 ], [ -78.320462555136203, 44.335038999366702 ], [ -78.320399168714701, 44.334964517139497 ], [ -78.320317651592106, 44.334880638908103 ], [ -78.320064246920197, 44.3346437369485 ], [ -78.319783264710793, 44.334391415182402 ], [ -78.320696932626802, 44.333852912649 ], [ -78.322747458533101, 44.332693840722399 ], [ -78.3234336548756, 44.332349186073898 ], [ -78.323755182939195, 44.3326306965714 ], [ -78.323935024321401, 44.332772971862198 ], [ -78.324078672512101, 44.332868837305703 ], [ -78.3242146499245, 44.332948825565602 ], [ -78.324431358262004, 44.333060472697603 ], [ -78.324954456293995, 44.333293321750901 ], [ -78.326381857170304, 44.333706403058301 ], [ -78.321794868513706, 44.3423841517005 ] ] ] } },
{ "type": "Feature", "properties": { "OBJECTID": 25, "WARDTYPE": "SUBWARD", "WARDNAME": "104", "WARD_ID": 164, "YEAR": 2010, "ACTIVE": "Yes", "Shape__Area": 235476.521240234, "Shape__Length": 2000.3602756553501 }, "geometry": { "type": "Polygon", "coordinates": [ [ [ -78.319637282024701, 44.281478514672401 ], [ -78.320791535865197, 44.281194230192398 ], [ -78.320698969994098, 44.280987917074498 ], [ -78.320698101514594, 44.280940992061701 ], [ -78.320724316081396, 44.280899481425898 ], [ -78.320741766996903, 44.2808747551869 ], [ -78.320788319034804, 44.280847661832603 ], [ -78.323101279819099, 44.280276934884903 ], [ -78.325481231827396, 44.2796886481595 ], [ -78.325549992376096, 44.279695988579398 ], [ -78.325589221583499, 44.279711546254298 ], [ -78.325620949331693, 44.279732682763097 ], [ -78.325771370858106, 44.279985278580902 ], [ -78.326664699279505, 44.279753469310101 ], [ -78.326763821351605, 44.279735624362097 ], [ -78.326856358654297, 44.2797326526182 ], [ -78.327319952156898, 44.280753785339499 ], [ -78.327483248288402, 44.281082354327502 ], [ -78.327628158055106, 44.2814337162702 ], [ -78.327950539580797, 44.282127734430503 ], [ -78.328265167438502, 44.282798231267101 ], [ -78.324729480054899, 44.283670208977099 ], [ -78.324065117645901, 44.283836547348699 ], [ -78.3221915925443, 44.284307892944803 ], [ -78.321059615559903, 44.284579083983203 ], [ -78.320748793772196, 44.283884388885099 ], [ -78.320450378192405, 44.283236809495797 ], [ -78.320118570264398, 44.282520535365499 ], [ -78.319637282024701, 44.281478514672401 ] ] ] } },
{ "type": "Feature", "properties": { "OBJECTID": 26, "WARDTYPE": "SUBWARD", "WARDNAME": "105", "WARD_ID": 165, "YEAR": 2010, "ACTIVE": "Yes", "Shape__Area": 221583.54541015599, "Shape__Length": 1945.8458470876001 }, "geometry": { "type": "Polygon", "coordinates": [ [ [ -78.321059615559903, 44.284579083983203 ], [ -78.3221915925443, 44.284307892944803 ], [ -78.324065117645901, 44.283836547348699 ], [ -78.324729480054899, 44.283670208977099 ], [ -78.328265167438502, 44.282798231267101 ], [ -78.329008157561404, 44.284344208049099 ], [ -78.329138113830197, 44.284622728353803 ], [ -78.329733853529206, 44.285899492776799 ], [ -78.322497581497402, 44.287676803290601 ], [ -78.321059615559903, 44.284579083983203 ] ] ] } },
{ "type": "Feature", "properties": { "OBJECTID": 27, "WARDTYPE": "SUBWARD", "WARDNAME": "516", "WARD_ID": 239, "YEAR": 2010, "ACTIVE": "Yes", "Shape__Area": 330793.89916992199, "Shape__Length": 2760.0349222618502 }, "geometry": { "type": "Polygon", "coordinates": [ [ [ -78.322808629369007, 44.328508573353297 ], [ -78.322797071338201, 44.329664107528501 ], [ -78.322795052928697, 44.330811510715499 ], [ -78.322814944645401, 44.331064777974802 ], [ -78.322866173708405, 44.331311962424202 ], [ -78.3229050278279, 44.331453198587297 ], [ -78.322963452921897, 44.331613074776101 ], [ -78.323035869691907, 44.331771874640502 ], [ -78.323198502521507, 44.3320409203004 ], [ -78.3234336548756, 44.332349186073898 ], [ -78.322747458533101, 44.332693840722399 ], [ -78.320696932626802, 44.333852912649 ], [ -78.319783264710793, 44.334391415182402 ], [ -78.319320474154907, 44.334653726720902 ], [ -78.319112967918201, 44.3347563099883 ], [ -78.318946851519101, 44.334826371257797 ], [ -78.318833644436594, 44.334867667156402 ], [ -78.318714935149302, 44.3349118910252 ], [ -78.318552965704797, 44.334958109043399 ], [ -78.318272692684204, 44.335030835173598 ], [ -78.318001911345306, 44.335082670408099 ], [ -78.317764673398699, 44.335113762270602 ], [ -78.317592366542897, 44.3351331527155 ], [ -78.317433544468301, 44.335144332416903 ], [ -78.317248741305704, 44.3351534500231 ], [ -78.317124208290593, 44.335154937991298 ], [ -78.3170400879211, 44.335150202342398 ], [ -78.316951184327806, 44.335144954476903 ], [ -78.316852033645503, 44.335137214984002 ], [ -78.316754114584697, 44.335129176657297 ], [ -78.316644053023694, 44.335117467766501 ], [ -78.316527856298194, 44.3351023015274 ], [ -78.316426728601797, 44.3350852243586 ], [ -78.316296924086004, 44.335060184252796 ], [ -78.316121642286902, 44.335024268918801 ], [ -78.315961189017102, 44.334981931939097 ], [ -78.315750972210793, 44.334915348671899 ], [ -78.315361640221994, 44.3347965138163 ], [ -78.314996165574897, 44.3353203007226 ], [ -78.314898675770294, 44.335269899506201 ], [ -78.314748234638003, 44.335188619121098 ], [ -78.314800383825897, 44.334966157547498 ], [ -78.314810785196201, 44.334936153028799 ], [ -78.314832311370594, 44.334904249554697 ], [ -78.314863137899096, 44.334844476309598 ], [ -78.314899223091501, 44.334801390900097 ], [ -78.314908670861499, 44.334748317825202 ], [ -78.314904167791695, 44.334715081813101 ], [ -78.314925792387299, 44.334681019977801 ], [ -78.314935667997702, 44.334662526586101 ], [ -78.314947416957096, 44.334646958137597 ], [ -78.314968367680294, 44.3346056773497 ], [ -78.314998405422699, 44.334563171672301 ], [ -78.315128824884695, 44.334322085106102 ], [ -78.315128873697802, 44.334299039238203 ], [ -78.315121905877305, 44.334275828327101 ], [ -78.315167553385905, 44.334199118345303 ], [ -78.315178315753997, 44.334161199868603 ], [ -78.315316129524007, 44.333964468848201 ], [ -78.315391106835193, 44.333852189165498 ], [ -78.315560809750707, 44.333519837917102 ], [ -78.315577913043001, 44.333430932950002 ], [ -78.315578322937398, 44.333399973157903 ], [ -78.315595837348894, 44.3333240418036 ], [ -78.315614289707298, 44.333293506323599 ], [ -78.315641270646694, 44.333273974699097 ], [ -78.315679885819094, 44.333263358400799 ], [ -78.315850286891205, 44.3332673664613 ], [ -78.315858404286701, 44.333265396685903 ], [ -78.315860161955797, 44.333248872972398 ], [ -78.315837239051703, 44.333245453055603 ], [ -78.315792461292105, 44.333237197885502 ], [ -78.315781271140395, 44.333240535836303 ], [ -78.315754305968099, 44.333237741064501 ], [ -78.315721556533504, 44.333229768725701 ], [ -78.315698994902505, 44.333218434863802 ], [ -78.315694541415098, 44.333206086403401 ], [ -78.3157059614541, 44.333197712331703 ], [ -78.315743836892906, 44.333181317760797 ], [ -78.315816859035706, 44.333120375857497 ], [ -78.315821146860998, 44.3330923881323 ], [ -78.315860745506399, 44.333016255835098 ], [ -78.315869583803504, 44.332954524801202 ], [ -78.315867019306694, 44.332922774843098 ], [ -78.315856271831606, 44.332894432657099 ], [ -78.315852967662707, 44.332856904449997 ], [ -78.315857713671093, 44.332774911040701 ], [ -78.315795759019096, 44.332593399290097 ], [ -78.315797483837002, 44.332577595022997 ], [ -78.315779669982902, 44.332528201193703 ], [ -78.315772110964303, 44.332517940364099 ], [ -78.315769415168901, 44.332489068192203 ], [ -78.315784810119197, 44.332437574418798 ], [ -78.315780142469194, 44.3324079356574 ], [ -78.315763381011095, 44.332379452936699 ], [ -78.315751089954901, 44.332340992267902 ], [ -78.3157209341759, 44.3322761826837 ], [ -78.315721853657607, 44.332256039061903 ], [ -78.315692832905796, 44.332188375283401 ], [ -78.315631080437896, 44.332134347933199 ], [ -78.315649926464701, 44.3320951790663 ], [ -78.315659898498396, 44.332030593825202 ], [ -78.315635018588395, 44.331960147432298 ], [ -78.315648425940907, 44.331930213515797 ], [ -78.315671742406806, 44.331925000091999 ], [ -78.315696747975693, 44.331816834996502 ], [ -78.315698013029404, 44.331811102990201 ], [ -78.315726336732894, 44.331674207136899 ], [ -78.315755584243206, 44.331648967025401 ], [ -78.315824971937701, 44.331557690413298 ], [ -78.315843981822297, 44.331514924266301 ], [ -78.315852228759397, 44.331466143266603 ], [ -78.3158448650521, 44.3313636980306 ], [ -78.315808234310097, 44.3312648876814 ], [ -78.315783043300101, 44.331223242780602 ], [ -78.315753383290001, 44.331191575854703 ], [ -78.315708391437596, 44.331122096952598 ], [ -78.315705235959399, 44.3311032970377 ], [ -78.315473230581503, 44.330800390146898 ], [ -78.315400571107403, 44.330765551174899 ], [ -78.315364716356498, 44.330759666356698 ], [ -78.315346230673796, 44.330746987847398 ], [ -78.315344471798596, 44.330719577233801 ], [ -78.315343189670898, 44.3307037031473 ], [ -78.315341052457001, 44.330662600362601 ], [ -78.315340772686298, 44.330646748950898 ], [ -78.315329417591698, 44.3306097506809 ], [ -78.315399088934399, 44.330600168296002 ], [ -78.315401007610802, 44.3305581372909 ], [ -78.315392692230901, 44.330520491199103 ], [ -78.3153721849486, 44.330486158558102 ], [ -78.315343133717306, 44.330463148476703 ], [ -78.315297290139299, 44.330456308482901 ], [ -78.315273053445793, 44.3304377329397 ], [ -78.315252941540095, 44.330438700338703 ], [ -78.315249540481901, 44.330447262979703 ], [ -78.315192542345301, 44.330530908255803 ], [ -78.315128888089205, 44.3305625411272 ], [ -78.315091523836003, 44.330589750819698 ], [ -78.315024779916101, 44.330601144808497 ], [ -78.314815986254999, 44.330581108655998 ], [ -78.314765328191996, 44.3305698338729 ], [ -78.314719320357696, 44.3305665908807 ], [ -78.314708557722696, 44.330560575930299 ], [ -78.314710019942396, 44.330550527254701 ], [ -78.314658014326199, 44.330524816329998 ], [ -78.314606189774594, 44.330517115131798 ], [ -78.314568988938603, 44.330496794002698 ], [ -78.314413186376001, 44.330436951276702 ], [ -78.314381128625797, 44.330413870213299 ], [ -78.314385285455899, 44.330388760328802 ], [ -78.314375804250403, 44.330354686030503 ], [ -78.314356168472798, 44.330323255490498 ], [ -78.314281783457105, 44.330260286639202 ], [ -78.314293547856195, 44.330222391802202 ], [ -78.3142976551988, 44.330176394386001 ], [ -78.314285791365606, 44.330128580745701 ], [ -78.314315400078897, 44.3300954270807 ], [ -78.314315136774496, 44.330057249243502 ], [ -78.314348935591397, 44.330042199648801 ], [ -78.314402846162906, 44.330026182794803 ], [ -78.314459205114801, 44.330022467253698 ], [ -78.314509287423107, 44.3300243657716 ], [ -78.314546520798302, 44.330043967467098 ], [ -78.3145860544697, 44.330057141290901 ], [ -78.314611867642995, 44.330041183525204 ], [ -78.314615350548195, 44.330008855579202 ], [ -78.3146683412116, 44.330012983108503 ], [ -78.314706117039407, 44.330042680588797 ], [ -78.314707103298005, 44.330065030600501 ], [ -78.314744813479095, 44.330096166962797 ], [ -78.314834363935304, 44.330112677991004 ], [ -78.314908321455206, 44.330141065883403 ], [ -78.314949942476105, 44.330174454833298 ], [ -78.315003344388501, 44.330191555834602 ], [ -78.315153856776604, 44.330279361890199 ], [ -78.3151773707893, 44.330313765292999 ], [ -78.315178998287394, 44.330344051898599 ], [ -78.315190106314205, 44.330364480221903 ], [ -78.315253614258594, 44.330401984959799 ], [ -78.315269141565594, 44.330391546873997 ], [ -78.315309857988694, 44.330378820358099 ], [ -78.315334750306604, 44.330339073522502 ], [ -78.315336276876394, 44.330283652513899 ], [ -78.315332647636595, 44.3302598755294 ], [ -78.315971051172596, 44.3301077006684 ], [ -78.322808629369007, 44.328508573353297 ] ] ] } },
{ "type": "Feature", "properties": { "OBJECTID": 28, "WARDTYPE": "SUBWARD", "WARDNAME": "107", "WARD_ID": 172, "YEAR": 2010, "ACTIVE": "Yes", "Shape__Area": 1599659.9167480499, "Shape__Length": 6551.1949841002497 }, "geometry": { "type": "Polygon", "coordinates": [ [ [ -78.332600613448506, 44.275091598270102 ], [ -78.331600887588294, 44.275307412579799 ], [ -78.328829414765494, 44.275969328700398 ], [ -78.328382608545198, 44.2750573303748 ], [ -78.326452743620905, 44.275508763724602 ], [ -78.326127577125106, 44.275675366322801 ], [ -78.325067743528606, 44.275914739504799 ], [ -78.324738967299794, 44.275211304317899 ], [ -78.324386556506497, 44.274421099575399 ], [ -78.324131400995697, 44.273848956658 ], [ -78.323993765734201, 44.273775180503797 ], [ -78.323977669029404, 44.273732309853003 ], [ -78.323991743625896, 44.2736872656034 ], [ -78.324020642452197, 44.273646890223603 ], [ -78.324030221511606, 44.2736125439625 ], [ -78.3240172595589, 44.273566865901103 ], [ -78.324036177473502, 44.273525536312 ], [ -78.324036298418307, 44.273478724496002 ], [ -78.324040603251902, 44.273463725886103 ], [ -78.324039804000506, 44.273445676306601 ], [ -78.324046498190597, 44.273430708500896 ], [ -78.324039794254105, 44.273401742327998 ], [ -78.324089321016103, 44.2732602987112 ], [ -78.324101827221597, 44.273249788499399 ], [ -78.324116120469895, 44.273155774027103 ], [ -78.324136518140094, 44.273126002713902 ], [ -78.324149796963795, 44.2731205521861 ], [ -78.324227548331905, 44.272865254276503 ], [ -78.3242671360413, 44.272766070894903 ], [ -78.324263751380002, 44.272752307272803 ], [ -78.324268312081301, 44.272740170344399 ], [ -78.324260312750496, 44.272717655846598 ], [ -78.3242677679726, 44.272692547084603 ], [ -78.324287273551107, 44.272675794513702 ], [ -78.324307213618098, 44.272656095598101 ], [ -78.324342686368993, 44.2725813033991 ], [ -78.324430381613098, 44.272460200358502 ], [ -78.324425832267707, 44.272450010569301 ], [ -78.324411302268004, 44.272438866616604 ], [ -78.3244231988905, 44.272419699373799 ], [ -78.324446175481995, 44.272399351380699 ], [ -78.324497124001397, 44.272381099454599 ], [ -78.324551555191903, 44.2723744527405 ], [ -78.324587146868495, 44.272319109338603 ], [ -78.324588899456003, 44.272302585227798 ], [ -78.324588126769498, 44.272297525539202 ], [ -78.324573694764894, 44.272284223227203 ], [ -78.324513658914796, 44.272259768890898 ], [ -78.324494514271507, 44.272239874082999 ], [ -78.324480616208405, 44.272192733673599 ], [ -78.324487441931296, 44.272108627269702 ], [ -78.324520192837099, 44.272049616175401 ], [ -78.324615582058797, 44.271913568577602 ], [ -78.324723368299999, 44.2717252349712 ], [ -78.324734774753907, 44.271716859589702 ], [ -78.324734842065894, 44.271717253690198 ], [ -78.324735191857897, 44.271718601507601 ], [ -78.324736109518796, 44.271719915819098 ], [ -78.324737442783402, 44.271721128235797 ], [ -78.324738859750596, 44.271721932085697 ], [ -78.324740694281203, 44.271722590873097 ], [ -78.324742697570699, 44.271722954721902 ], [ -78.324744563129201, 44.271722930022101 ], [ -78.324746151476504, 44.271722718769098 ], [ -78.324747718331906, 44.271722208118803 ], [ -78.324749751187696, 44.271721258248697 ], [ -78.324750998226094, 44.2717201747259 ], [ -78.324751659814694, 44.271719401584001 ], [ -78.324756063762194, 44.271711596718497 ], [ -78.324788376389094, 44.271594218992398 ], [ -78.324789043910201, 44.271593204713703 ], [ -78.324805412766096, 44.271596076709599 ], [ -78.324821270558004, 44.2716000494745 ], [ -78.324828878788196, 44.271564936722498 ], [ -78.324835507224407, 44.2715514077763 ], [ -78.324885170746001, 44.271517280595504 ], [ -78.324902302209296, 44.271493194398701 ], [ -78.324939427919105, 44.271404036224403 ], [ -78.324960923819106, 44.2713721298148 ], [ -78.324979611698296, 44.271335836243502 ], [ -78.325011103074502, 44.271322439784498 ], [ -78.325044658361193, 44.271267768735498 ], [ -78.325050302995294, 44.271235940996498 ], [ -78.325133823610201, 44.271205740072702 ], [ -78.325261833527605, 44.2712315491762 ], [ -78.325335950424105, 44.271246321918603 ], [ -78.325385775312796, 44.271243081574397 ], [ -78.325378102251904, 44.271213372538199 ], [ -78.3253421014943, 44.271210620413697 ], [ -78.325288213577096, 44.271199580692098 ], [ -78.3252033081409, 44.2711775869371 ], [ -78.325119753135596, 44.271163385194697 ], [ -78.325040573679203, 44.271119036448702 ], [ -78.325010246658806, 44.271082271276903 ], [ -78.325161373676295, 44.270997268124198 ], [ -78.325200958147406, 44.270964345075498 ], [ -78.325243154650096, 44.270940125925698 ], [ -78.325334774463798, 44.270842881564 ], [ -78.325374447340593, 44.2707975150255 ], [ -78.325422237905997, 44.2707432350199 ], [ -78.325470471452505, 44.270679191909899 ], [ -78.3255004487646, 44.270617976464898 ], [ -78.325599466432294, 44.270465923181199 ], [ -78.325696722180297, 44.270238042775297 ], [ -78.3257333372337, 44.270150262396797 ], [ -78.325743079355405, 44.2701343755785 ], [ -78.325746590463396, 44.270095655671597 ], [ -78.325818003047004, 44.270051594323299 ], [ -78.325823429765407, 44.2700341659503 ], [ -78.325873223000102, 44.269952956607902 ], [ -78.325866409701305, 44.269931910449699 ], [ -78.325928328656701, 44.269873402170198 ], [ -78.325934770113705, 44.269844654006299 ], [ -78.325963139400699, 44.269832444537997 ], [ -78.325952250145406, 44.269807341661398 ], [ -78.325955923210003, 44.269792663076103 ], [ -78.326032694215698, 44.269763041602502 ], [ -78.3260653018623, 44.269720599081701 ], [ -78.326075292716396, 44.269699226338602 ], [ -78.326079787497207, 44.2696885282393 ], [ -78.326084097042497, 44.269659820155397 ], [ -78.326065306668795, 44.269632454358003 ], [ -78.326010639376307, 44.269572565410101 ], [ -78.326020763633593, 44.269559298336802 ], [ -78.326077401301106, 44.269542619413002 ], [ -78.326129228576505, 44.269538071621497 ], [ -78.326207194501194, 44.269473817150399 ], [ -78.326391009780494, 44.269136645485901 ], [ -78.326491007601803, 44.2688905096323 ], [ -78.326494795997604, 44.268870522062699 ], [ -78.326467160548802, 44.268739513925802 ], [ -78.326468098844202, 44.268718829406701 ], [ -78.326544055815802, 44.268613204681799 ], [ -78.326551319028198, 44.268544233099398 ], [ -78.326524552030406, 44.268457276322998 ], [ -78.326568039748096, 44.268360344091597 ], [ -78.326556459241104, 44.268328382931799 ], [ -78.326560246267903, 44.268311186201899 ], [ -78.326587715041498, 44.268280139581101 ], [ -78.326603036648393, 44.268185428584403 ], [ -78.326599466241404, 44.268153655023198 ], [ -78.326608912225595, 44.2681221863037 ], [ -78.3266017283851, 44.268081685404603 ], [ -78.326624625349098, 44.2680188417593 ], [ -78.326660494084706, 44.267913088340002 ], [ -78.326654399012995, 44.267892779269303 ], [ -78.326648173412295, 44.267875348045401 ], [ -78.326659012171206, 44.267835269226303 ], [ -78.326699060827195, 44.267769946339698 ], [ -78.326779417236494, 44.2675672839868 ], [ -78.326903524042805, 44.267394455132802 ], [ -78.326975350999305, 44.267335638106999 ], [ -78.326969647412, 44.267306695506001 ], [ -78.326983055165698, 44.267298366756599 ], [ -78.326987233528499, 44.267272536460801 ], [ -78.327623866772797, 44.266561454457197 ], [ -78.327634009601297, 44.266558811004501 ], [ -78.327685591733299, 44.266482234145698 ], [ -78.327690249045801, 44.266467938651601 ], [ -78.327956173520306, 44.266217763188301 ], [ -78.328227627024205, 44.2660224536953 ], [ -78.328242818211194, 44.265996881108798 ], [ -78.328269283754807, 44.2659658105894 ], [ -78.328322740029407, 44.265958419016201 ], [ -78.3283798521649, 44.265936708456103 ], [ -78.328433086166498, 44.2658457653867 ], [ -78.328566502188593, 44.265710604305298 ], [ -78.328654433174904, 44.265672329412702 ], [ -78.329106003806302, 44.265328544756699 ], [ -78.329367352872893, 44.265214720172601 ], [ -78.329525919490706, 44.265100748434698 ], [ -78.329527112687899, 44.265100046219104 ], [ -78.342081276502896, 44.261828217499897 ], [ -78.342767197037205, 44.263282842954801 ], [ -78.350232336634605, 44.261485391488897 ], [ -78.347542377487201, 44.2667368959196 ], [ -78.3468598626757, 44.2678941431924 ], [ -78.346327015964704, 44.268560178192701 ], [ -78.345291810021806, 44.269534467769503 ], [ -78.344484253450702, 44.269072288030102 ], [ -78.344305678914907, 44.268989593050698 ], [ -78.344242800730896, 44.2689712733074 ], [ -78.344123180522402, 44.268957283549099 ], [ -78.343988752463702, 44.268965499408203 ], [ -78.343568147694796, 44.269078766520103 ], [ -78.341842177815195, 44.2695011112651 ], [ -78.341469440149595, 44.269592316473897 ], [ -78.340925463803003, 44.269725418219799 ], [ -78.339630584115696, 44.270047315730999 ], [ -78.338989233719204, 44.270205258024703 ], [ -78.337833869263704, 44.270489772821797 ], [ -78.334221749827293, 44.271337995654598 ], [ -78.333245359383895, 44.271566109217403 ], [ -78.331215667325694, 44.272040265274697 ], [ -78.331302410601495, 44.272231924163599 ], [ -78.332288802962097, 44.2744112934272 ], [ -78.332600613448506, 44.275091598270102 ] ] ] } },
{ "type": "Feature", "properties": { "OBJECTID": 29, "WARDTYPE": "SUBWARD", "WARDNAME": "108", "WARD_ID": 173, "YEAR": 2010, "ACTIVE": "Yes", "Shape__Area": 1699054.99609375, "Shape__Length": 6142.28458484778 }, "geometry": { "type": "Polygon", "coordinates": [ [ [ -78.345291810021806, 44.269534467769503 ], [ -78.346327015964704, 44.268560178192701 ], [ -78.3468598626757, 44.2678941431924 ], [ -78.347079067272603, 44.267549157349997 ], [ -78.347542377487201, 44.2667368959196 ], [ -78.350295640464495, 44.2663387296857 ], [ -78.350887936392894, 44.266311409176701 ], [ -78.350956732560206, 44.2670982398256 ], [ -78.3509166792972, 44.267208877013303 ], [ -78.350814433263693, 44.267298199820999 ], [ -78.350697620372699, 44.2673474495707 ], [ -78.350248415205002, 44.267459688692597 ], [ -78.349948151322394, 44.267555231879101 ], [ -78.349556652997904, 44.267743668248002 ], [ -78.349189084579194, 44.267958914810798 ], [ -78.349562933476506, 44.268664194886298 ], [ -78.349601316250599, 44.270230486902499 ], [ -78.349237789584194, 44.271582362960402 ], [ -78.349171065365894, 44.271830486148701 ], [ -78.349137194554203, 44.271935893313099 ], [ -78.348850815225404, 44.272562043875098 ], [ -78.348735739725697, 44.272703301155403 ], [ -78.348632377651697, 44.272810673669802 ], [ -78.347802309909696, 44.273581781138503 ], [ -78.347741101014805, 44.2736584242665 ], [ -78.347703869090907, 44.273730741333402 ], [ -78.347676011141104, 44.273805476482202 ], [ -78.347661889727206, 44.273907751726497 ], [ -78.347708836114904, 44.274139977360903 ], [ -78.347748132288601, 44.274229931895299 ], [ -78.347870266045604, 44.274489900911497 ], [ -78.347888516874207, 44.274527953128398 ], [ -78.3485126946305, 44.275927716998503 ], [ -78.348869063471497, 44.276845545263903 ], [ -78.348892884951596, 44.276920234913298 ], [ -78.348873543120803, 44.2769779475136 ], [ -78.348870696261599, 44.276980589443902 ], [ -78.348811601062394, 44.277035491777703 ], [ -78.348657892296004, 44.277083702369403 ], [ -78.348201977386907, 44.277203080419703 ], [ -78.347055523354697, 44.27746796756 ], [ -78.347026034747302, 44.277472655105001 ], [ -78.346815002178502, 44.277525966151302 ], [ -78.346690998107405, 44.277555166333798 ], [ -78.3465322731725, 44.277596267669999 ], [ -78.346368552015903, 44.277659262725699 ], [ -78.346251965787104, 44.2777108610223 ], [ -78.346100973125502, 44.277792690198197 ], [ -78.345973208451198, 44.277875088036602 ], [ -78.345734945962704, 44.278081830968198 ], [ -78.347254809656206, 44.281428918184403 ], [ -78.345635543776993, 44.281810742924399 ], [ -78.344112048062001, 44.282213221448998 ], [ -78.344088467643402, 44.2822194501288 ], [ -78.343994467367907, 44.282248631507102 ], [ -78.343849484729702, 44.2822936400323 ], [ -78.341443948024406, 44.282929992788297 ], [ -78.340305681019501, 44.283219140657401 ], [ -78.339137405514606, 44.283501516044502 ], [ -78.337970034863503, 44.283791129788 ], [ -78.337342498163196, 44.283940175494003 ], [ -78.336814632658403, 44.2840603646437 ], [ -78.335943019285494, 44.282136885625299 ], [ -78.335467170636207, 44.281085937582503 ], [ -78.335100827976007, 44.280261857095397 ], [ -78.335051366959107, 44.280095770888003 ], [ -78.335035778602801, 44.2799362876695 ], [ -78.335039987336899, 44.2798892328004 ], [ -78.335054212700996, 44.279781419529101 ], [ -78.335092786628906, 44.2794769626868 ], [ -78.334619714464793, 44.279287586262299 ], [ -78.333968220953395, 44.278123129826803 ], [ -78.333663954357704, 44.277437168656299 ], [ -78.332978748197903, 44.275936125516303 ], [ -78.332600613448506, 44.275091598270102 ], [ -78.332288802962097, 44.2744112934272 ], [ -78.331302410601495, 44.272231924163599 ], [ -78.331215667325694, 44.272040265274697 ], [ -78.333245359383895, 44.271566109217403 ], [ -78.334221749827293, 44.271337995654598 ], [ -78.337833869263704, 44.270489772821797 ], [ -78.338989233719204, 44.270205258024703 ], [ -78.339630584115696, 44.270047315730999 ], [ -78.340925463803003, 44.269725418219799 ], [ -78.341469440149595, 44.269592316473897 ], [ -78.341842177815195, 44.2695011112651 ], [ -78.343568147694796, 44.269078766520103 ], [ -78.343988752463702, 44.268965499408203 ], [ -78.344123180522402, 44.268957283549099 ], [ -78.344242800730896, 44.2689712733074 ], [ -78.344305678914907, 44.268989593050698 ], [ -78.344484253450702, 44.269072288030102 ], [ -78.345291810021806, 44.269534467769503 ] ] ] } },
{ "type": "Feature", "properties": { "OBJECTID": 30, "WARDTYPE": "SUBWARD", "WARDNAME": "118", "WARD_ID": 174, "YEAR": 2010, "ACTIVE": "Yes", "Shape__Area": 615221.80981445301, "Shape__Length": 3803.6205853505498 }, "geometry": { "type": "Polygon", "coordinates": [ [ [ -78.343553623085398, 44.290677222933802 ], [ -78.342789032913601, 44.288923203727201 ], [ -78.342675689695994, 44.288660589527097 ], [ -78.341586440336997, 44.286136704585402 ], [ -78.340305681019501, 44.283219140657401 ], [ -78.341443948024406, 44.282929992788297 ], [ -78.343849484729702, 44.2822936400323 ], [ -78.343994467367907, 44.282248631507102 ], [ -78.344088467643402, 44.2822194501288 ], [ -78.344112048062001, 44.282213221448998 ], [ -78.345635543776993, 44.281810742924399 ], [ -78.347254809656206, 44.281428918184403 ], [ -78.355985994612794, 44.279397805747998 ], [ -78.355996643303797, 44.279598422672599 ], [ -78.356001859754102, 44.279696695797497 ], [ -78.355997907702502, 44.279747005623904 ], [ -78.355981153879597, 44.279828244297903 ], [ -78.355949083892199, 44.279915235717397 ], [ -78.355918085018203, 44.279978358464398 ], [ -78.355869862100405, 44.280062714202998 ], [ -78.355821750055895, 44.280118126636403 ], [ -78.355725619327202, 44.280200843213201 ], [ -78.355437359167396, 44.280430939462398 ], [ -78.355063311830406, 44.280732581371502 ], [ -78.353220957647693, 44.282218764071303 ], [ -78.352509806668095, 44.282791677780899 ], [ -78.350992350314002, 44.284185558077901 ], [ -78.350115426288198, 44.2849906613935 ], [ -78.348491958434494, 44.286481088521697 ], [ -78.347637876490396, 44.287318556738299 ], [ -78.3465837041648, 44.288352180455398 ], [ -78.3464443394151, 44.288482009483602 ], [ -78.344451602428293, 44.289995322135702 ], [ -78.343553623085398, 44.290677222933802 ] ] ] } },
{ "type": "Feature", "properties": { "OBJECTID": 31, "WARDTYPE": "SUBWARD", "WARDNAME": "110", "WARD_ID": 175, "YEAR": 2010, "ACTIVE": "Yes", "Shape__Area": 1653686.3129882801, "Shape__Length": 5517.5947039678304 }, "geometry": { "type": "Polygon", "coordinates": [ [ [ -78.355985994612794, 44.279397805747998 ], [ -78.347254809656206, 44.281428918184403 ], [ -78.345734945962704, 44.278081830968198 ], [ -78.345973208451198, 44.277875088036602 ], [ -78.346100973125502, 44.277792690198197 ], [ -78.346251965787104, 44.2777108610223 ], [ -78.346368552015903, 44.277659262725699 ], [ -78.3465322731725, 44.277596267669999 ], [ -78.346690998107405, 44.277555166333798 ], [ -78.346815002178502, 44.277525966151302 ], [ -78.347026034747302, 44.277472655105001 ], [ -78.347055523354697, 44.27746796756 ], [ -78.348201977386907, 44.277203080419703 ], [ -78.348657892296004, 44.277083702369403 ], [ -78.348811601062394, 44.277035491777703 ], [ -78.348870696261599, 44.276980589443902 ], [ -78.348873543120803, 44.2769779475136 ], [ -78.348892884951596, 44.276920234913298 ], [ -78.348869063471497, 44.276845545263903 ], [ -78.3485126946305, 44.275927716998503 ], [ -78.347888516874207, 44.274527953128398 ], [ -78.347870266045604, 44.274489900911497 ], [ -78.347748132288601, 44.274229931895299 ], [ -78.347708836114904, 44.274139977360903 ], [ -78.347661889727206, 44.273907751726497 ], [ -78.347676011141104, 44.273805476482202 ], [ -78.347703869090907, 44.273730741333402 ], [ -78.347741101014805, 44.2736584242665 ], [ -78.347802309909696, 44.273581781138503 ], [ -78.348632377651697, 44.272810673669802 ], [ -78.348735739725697, 44.272703301155403 ], [ -78.348850815225404, 44.272562043875098 ], [ -78.349137194554203, 44.271935893313099 ], [ -78.349171065365894, 44.271830486148701 ], [ -78.349237789584194, 44.271582362960402 ], [ -78.349601316250599, 44.270230486902499 ], [ -78.349562933476506, 44.268664194886298 ], [ -78.349189084579194, 44.267958914810798 ], [ -78.349556652997904, 44.267743668248002 ], [ -78.349948151322394, 44.267555231879101 ], [ -78.350248415205002, 44.267459688692597 ], [ -78.350697620372699, 44.2673474495707 ], [ -78.350814433263693, 44.267298199820999 ], [ -78.3509166792972, 44.267208877013303 ], [ -78.350956732560206, 44.2670982398256 ], [ -78.350887936392894, 44.266311409176701 ], [ -78.354656049572, 44.2663742445678 ], [ -78.355029610127204, 44.266380467271297 ], [ -78.355358432995899, 44.2663859430888 ], [ -78.356184553102594, 44.2663996973736 ], [ -78.356701061893403, 44.266398449742901 ], [ -78.357217566009993, 44.266378304518199 ], [ -78.357704262055805, 44.266332882054002 ], [ -78.358617783243901, 44.266195328892699 ], [ -78.359042499173498, 44.266110665442 ], [ -78.359687960305706, 44.265957034643499 ], [ -78.360020933798296, 44.266662581309099 ], [ -78.361243652294107, 44.269270386622097 ], [ -78.361326511955298, 44.269416451682801 ], [ -78.361442012892994, 44.269682537047402 ], [ -78.361497825201496, 44.269792887367103 ], [ -78.361902762198795, 44.270628226994603 ], [ -78.362390032538897, 44.2716050725626 ], [ -78.363296785299596, 44.273535476551601 ], [ -78.363804842178993, 44.274687407429099 ], [ -78.364948819826594, 44.277203622755103 ], [ -78.364955592428302, 44.277218510406499 ], [ -78.3597058994864, 44.278494107021899 ], [ -78.357275236676102, 44.279086131173599 ], [ -78.356788479806497, 44.279203806793298 ], [ -78.355985994612794, 44.279397805747998 ] ] ] } },
{ "type": "Feature", "properties": { "OBJECTID": 32, "WARDTYPE": "SUBWARD", "WARDNAME": "112", "WARD_ID": 176, "YEAR": 2010, "ACTIVE": "Yes", "Shape__Area": 428779.05786132801, "Shape__Length": 3033.0418015692799 }, "geometry": { "type": "Polygon", "coordinates": [ [ [ -78.364955592428302, 44.277218510406499 ], [ -78.364948819826594, 44.277203622755103 ], [ -78.363804842178993, 44.274687407429099 ], [ -78.363296785299596, 44.273535476551601 ], [ -78.364860959401, 44.273150979550699 ], [ -78.3660912244587, 44.272848544066598 ], [ -78.364276767051393, 44.268958167043102 ], [ -78.365848243735698, 44.268038112987398 ], [ -78.365973101062295, 44.267987023890797 ], [ -78.367149488747103, 44.2675750185388 ], [ -78.367306258937205, 44.267522442114497 ], [ -78.367642376612096, 44.267417153840498 ], [ -78.368072441521605, 44.2672945413264 ], [ -78.370003692422799, 44.271466850122103 ], [ -78.370095389907306, 44.271622972308101 ], [ -78.370102431654701, 44.271628363380998 ], [ -78.370381829287496, 44.272220351037603 ], [ -78.371050986805102, 44.273622497965199 ], [ -78.371131348332995, 44.2738118631286 ], [ -78.371303154156493, 44.274194762913197 ], [ -78.371726580832302, 44.275138915932601 ], [ -78.371853166649998, 44.275425322125002 ], [ -78.371874730160997, 44.2754986874384 ], [ -78.371896293721605, 44.275572052748203 ], [ -78.370296747842204, 44.275951539652297 ], [ -78.366933273158097, 44.276749423222398 ], [ -78.365493279402799, 44.277090981010701 ], [ -78.364955592428302, 44.277218510406499 ] ] ] } },
{ "type": "Feature", "properties": { "OBJECTID": 33, "WARDTYPE": "SUBWARD", "WARDNAME": "111", "WARD_ID": 177, "YEAR": 2010, "ACTIVE": "Yes", "Shape__Area": 362858.81738281302, "Shape__Length": 2942.9019324467399 }, "geometry": { "type": "Polygon", "coordinates": [ [ [ -78.368072441521605, 44.2672945413264 ], [ -78.367642376612096, 44.267417153840498 ], [ -78.367306258937205, 44.267522442114497 ], [ -78.367149488747103, 44.2675750185388 ], [ -78.365973101062295, 44.267987023890797 ], [ -78.365848243735698, 44.268038112987398 ], [ -78.364276767051393, 44.268958167043102 ], [ -78.3660912244587, 44.272848544066598 ], [ -78.364860959401, 44.273150979550699 ], [ -78.363296785299596, 44.273535476551601 ], [ -78.362390032538897, 44.2716050725626 ], [ -78.361902762198795, 44.270628226994603 ], [ -78.361497825201496, 44.269792887367103 ], [ -78.361442012892994, 44.269682537047402 ], [ -78.361326511955298, 44.269416451682801 ], [ -78.361243652294107, 44.269270386622097 ], [ -78.360020933798296, 44.266662581309099 ], [ -78.359687960305706, 44.265957034643499 ], [ -78.362786960955205, 44.264956778188001 ], [ -78.365169441669394, 44.264119010800599 ], [ -78.366101882406099, 44.263872693741902 ], [ -78.366447929985895, 44.263783831432399 ], [ -78.367864798113501, 44.266845830268601 ], [ -78.368072441521605, 44.2672945413264 ] ] ] } },
{ "type": "Feature", "properties": { "OBJECTID": 34, "WARDTYPE": "SUBWARD", "WARDNAME": "109", "WARD_ID": 178, "YEAR": 2010, "ACTIVE": "Yes", "Shape__Area": 1476525.4089355499, "Shape__Length": 6041.5863807775804 }, "geometry": { "type": "Polygon", "coordinates": [ [ [ -78.366447929985895, 44.263783831432399 ], [ -78.366101882406099, 44.263872693741902 ], [ -78.365169441669394, 44.264119010800599 ], [ -78.362786960955205, 44.264956778188001 ], [ -78.359687960305706, 44.265957034643499 ], [ -78.359042499173498, 44.266110665442 ], [ -78.358617783243901, 44.266195328892699 ], [ -78.357704262055805, 44.266332882054002 ], [ -78.357217566009993, 44.266378304518199 ], [ -78.356701061893403, 44.266398449742901 ], [ -78.356184553102594, 44.2663996973736 ], [ -78.355358432995899, 44.2663859430888 ], [ -78.355029610127204, 44.266380467271297 ], [ -78.354656049572, 44.2663742445678 ], [ -78.350887936392894, 44.266311409176701 ], [ -78.350295640464495, 44.2663387296857 ], [ -78.347542377487201, 44.2667368959196 ], [ -78.350232336634605, 44.261485391488897 ], [ -78.351151897748693, 44.2594629697493 ], [ -78.351599770788596, 44.258477892133698 ], [ -78.3519158824286, 44.257787073212199 ], [ -78.352145137902497, 44.257286006456901 ], [ -78.352424264845297, 44.256652828588997 ], [ -78.353061937929198, 44.2552440217639 ], [ -78.353351869963603, 44.254668267241399 ], [ -78.354329844133503, 44.2533395702741 ], [ -78.356890827534997, 44.252725641021101 ], [ -78.3572651058047, 44.252635912443097 ], [ -78.358201216869006, 44.254630136682898 ], [ -78.359213339867907, 44.256862540332797 ], [ -78.360831646742795, 44.256418965599302 ], [ -78.360110245428899, 44.254786331618099 ], [ -78.359308122073998, 44.253091891695199 ], [ -78.361100601786404, 44.252657498557198 ], [ -78.362130688079802, 44.254954950718798 ], [ -78.362366078624007, 44.255523265901303 ], [ -78.363669719344699, 44.258284919231002 ], [ -78.364691403541997, 44.258038964759301 ], [ -78.367264173896601, 44.263572901601201 ], [ -78.366447929985895, 44.263783831432399 ] ] ] } },
{ "type": "Feature", "properties": { "OBJECTID": 35, "WARDTYPE": "SUBWARD", "WARDNAME": "113", "WARD_ID": 179, "YEAR": 2010, "ACTIVE": "Yes", "Shape__Area": 937647.27612304699, "Shape__Length": 4584.94364647778 }, "geometry": { "type": "Polygon", "coordinates": [ [ [ -78.367264173896601, 44.263572901601201 ], [ -78.367312581873904, 44.263677015895802 ], [ -78.374313029231402, 44.2619810185899 ], [ -78.374460236721802, 44.261945349214301 ], [ -78.376225467443803, 44.2654833624104 ], [ -78.378945849026593, 44.265595454908699 ], [ -78.378655430693499, 44.266949572364702 ], [ -78.377188479178201, 44.266709960592799 ], [ -78.377057092773398, 44.267254692310402 ], [ -78.378547507262795, 44.267492593871502 ], [ -78.378517449410694, 44.267713863116398 ], [ -78.378113232707804, 44.269244518175903 ], [ -78.378007373125399, 44.269590075046601 ], [ -78.377450021253495, 44.269495915121702 ], [ -78.377318974844698, 44.269896393355502 ], [ -78.377876330235793, 44.269990554001097 ], [ -78.377722668813703, 44.270460155506797 ], [ -78.377620050584, 44.270773757940297 ], [ -78.379016928238102, 44.2737497605549 ], [ -78.378920978301394, 44.2737723692847 ], [ -78.378975727820006, 44.273887682295303 ], [ -78.374265801536396, 44.275006878168099 ], [ -78.371895439739504, 44.275570044363498 ], [ -78.368072441521605, 44.2672945413264 ], [ -78.367864798113501, 44.266845830268601 ], [ -78.366447929985895, 44.263783831432399 ], [ -78.367264173896601, 44.263572901601201 ] ] ] } },
{ "type": "Feature", "properties": { "OBJECTID": 36, "WARDTYPE": "SUBWARD", "WARDNAME": "211", "WARD_ID": 205, "YEAR": 2018, "ACTIVE": "Yes", "Shape__Area": 270612.05200195301, "Shape__Length": 2627.6568010118099 }, "geometry": { "type": "Polygon", "coordinates": [ [ [ -78.365493491669298, 44.298572322934099 ], [ -78.365124756153307, 44.2977839685513 ], [ -78.364646389086005, 44.296752804509801 ], [ -78.364614026599995, 44.296607796557701 ], [ -78.364633886671797, 44.296467523348397 ], [ -78.364676591650905, 44.2961305289612 ], [ -78.3648535415807, 44.296146540851602 ], [ -78.365104997347103, 44.2961587994767 ], [ -78.365291139154493, 44.296150697301897 ], [ -78.365526985868698, 44.296121951596099 ], [ -78.365729733645196, 44.296078663698999 ], [ -78.366725592940099, 44.295830948354499 ], [ -78.367190638697295, 44.295717274576603 ], [ -78.3683287704186, 44.2954382881802 ], [ -78.368516032124106, 44.295392387596898 ], [ -78.3685704094611, 44.2955098348435 ], [ -78.368699963969704, 44.2957872265726 ], [ -78.368830467782004, 44.296065392660502 ], [ -78.368837096646601, 44.296079551107297 ], [ -78.368998228237601, 44.296423764357797 ], [ -78.369118003595901, 44.296679622366902 ], [ -78.369221809713096, 44.296901373327501 ], [ -78.369351260650205, 44.297177903016298 ], [ -78.369351482609403, 44.297178378077398 ], [ -78.369374468666095, 44.297232047702799 ], [ -78.369953778084906, 44.298424030813798 ], [ -78.369830000846093, 44.298563388861602 ], [ -78.369650284361597, 44.298763688710302 ], [ -78.369355576147996, 44.299092144404497 ], [ -78.369034075274996, 44.299450457156603 ], [ -78.368364366944405, 44.300198113499 ], [ -78.3682547320266, 44.300300774546699 ], [ -78.368146079929005, 44.300375636817897 ], [ -78.36800284233, 44.300448307011997 ], [ -78.3678893108724, 44.300490329581699 ], [ -78.367676171157001, 44.3005484127005 ], [ -78.367593490685294, 44.300568670926403 ], [ -78.366363030013702, 44.300866878643198 ], [ -78.366312565165799, 44.300876092745 ], [ -78.366283215511203, 44.300881451056 ], [ -78.366223760943598, 44.300886464066302 ], [ -78.366176127991096, 44.300887046750901 ], [ -78.366134710283603, 44.300886091102598 ], [ -78.366084040507005, 44.300883380678997 ], [ -78.366053336266205, 44.300880039787401 ], [ -78.365662422752393, 44.300810243010197 ], [ -78.365592823699203, 44.300992598034497 ], [ -78.365423793922503, 44.301435447867597 ], [ -78.365355113371393, 44.301614219210897 ], [ -78.365298115265603, 44.301762421993303 ], [ -78.365257808401694, 44.301850608482901 ], [ -78.365199038777504, 44.301959168849699 ], [ -78.365138972511005, 44.302053896177597 ], [ -78.365045067389303, 44.302180119169897 ], [ -78.365001841675294, 44.302222225830199 ], [ -78.364826529142306, 44.302392995019602 ], [ -78.364697724059198, 44.302518459758303 ], [ -78.364582074174805, 44.302622137023498 ], [ -78.364517155616397, 44.3026928711894 ], [ -78.364462705127906, 44.302763822700399 ], [ -78.364416702204096, 44.302833219986297 ], [ -78.364378449340407, 44.302903930546101 ], [ -78.364352818624994, 44.3029626455236 ], [ -78.3643288866093, 44.303031803339003 ], [ -78.364311024772704, 44.303102919870298 ], [ -78.364300546442394, 44.303167382768201 ], [ -78.364295783827899, 44.303232062265401 ], [ -78.364295713149701, 44.303289108600303 ], [ -78.364299274148706, 44.303339270631497 ], [ -78.363732541862007, 44.303344599618903 ], [ -78.363652407181903, 44.303344956386198 ], [ -78.363536844932597, 44.3033399214357 ], [ -78.363414515110506, 44.303327336964998 ], [ -78.363300611225995, 44.303308677448399 ], [ -78.363189435127097, 44.303283642034799 ], [ -78.363056483939104, 44.303244091557097 ], [ -78.362954533796696, 44.303205872891297 ], [ -78.362857686118602, 44.303162337930701 ], [ -78.3628016627774, 44.3031349157527 ], [ -78.362712134446099, 44.303091094225003 ], [ -78.362653168207501, 44.303060861732803 ], [ -78.362574496392796, 44.3030159279052 ], [ -78.362505246494507, 44.3029714277884 ], [ -78.362442004723306, 44.302926076146797 ], [ -78.362380377441497, 44.302876786143997 ], [ -78.362316928415297, 44.302819920479301 ], [ -78.3622350373481, 44.302733589230598 ], [ -78.362179122892201, 44.302663800339303 ], [ -78.362111671635205, 44.3025611871332 ], [ -78.362072797226304, 44.302487139323198 ], [ -78.361833902450897, 44.301968192941402 ], [ -78.362444754801501, 44.301807363125498 ], [ -78.362507500726693, 44.301784876298399 ], [ -78.362569643809493, 44.301756368846803 ], [ -78.362625302289203, 44.3017324686124 ], [ -78.362677782384495, 44.301701609584001 ], [ -78.362778865337006, 44.301640806589397 ], [ -78.362894313582302, 44.301555033932203 ], [ -78.362931308421196, 44.301523201252998 ], [ -78.362985286468202, 44.301462698989702 ], [ -78.3630471955519, 44.301389025173997 ], [ -78.363171462487401, 44.301207352963601 ], [ -78.363196081753202, 44.3011418951913 ], [ -78.363188254323504, 44.301112448110899 ], [ -78.363167147354105, 44.3010850458069 ], [ -78.363138286504594, 44.301059470207001 ], [ -78.363093917885294, 44.301037548010399 ], [ -78.363004349150401, 44.301020105746701 ], [ -78.362896949328601, 44.300996950637 ], [ -78.362746095769594, 44.300943629668701 ], [ -78.362676067071703, 44.300903188116301 ], [ -78.362623635668399, 44.300860891596201 ], [ -78.362572201782996, 44.300807411425403 ], [ -78.362540331453403, 44.300756007354899 ], [ -78.362281598041605, 44.3002147662434 ], [ -78.362281831009994, 44.300190428078601 ], [ -78.362296234602596, 44.300160828425902 ], [ -78.362313811229896, 44.300138191027202 ], [ -78.362341014822405, 44.300114447262999 ], [ -78.362573180938597, 44.300047810933201 ], [ -78.362720569662599, 44.300008474576103 ], [ -78.362791707031207, 44.299985551260797 ], [ -78.362840911173805, 44.299961630538903 ], [ -78.362930381479302, 44.299917758943998 ], [ -78.363001171040494, 44.2998702426381 ], [ -78.363957557723197, 44.299092826583603 ], [ -78.364186108456593, 44.298902184513899 ], [ -78.364207977655497, 44.298888249905801 ], [ -78.364238876106, 44.2988775946339 ], [ -78.365493491669298, 44.298572322934099 ] ] ] } },
{ "type": "Feature", "properties": { "OBJECTID": 37, "WARDTYPE": "SUBWARD", "WARDNAME": "213", "WARD_ID": 208, "YEAR": 2018, "ACTIVE": "Yes", "Shape__Area": 275048.96313476597, "Shape__Length": 2592.0148053140101 }, "geometry": { "type": "Polygon", "coordinates": [ [ [ -78.378556556719602, 44.2918193544498 ], [ -78.379431892534797, 44.293772389817804 ], [ -78.380041274135195, 44.295050756373399 ], [ -78.379249526577695, 44.295243154634498 ], [ -78.379038383577296, 44.295293080861001 ], [ -78.378847292730697, 44.295338265316403 ], [ -78.378661546033797, 44.295363833531901 ], [ -78.378530725046403, 44.295371003398401 ], [ -78.378400879124797, 44.295369504204501 ], [ -78.378250498126505, 44.295356979247799 ], [ -78.378143239319698, 44.295338831081303 ], [ -78.377966791750396, 44.295294000083302 ], [ -78.3779632913527, 44.2952929734858 ], [ -78.377820151062707, 44.295250998666098 ], [ -78.377703197555604, 44.295200662945099 ], [ -78.377610431840793, 44.295152232288601 ], [ -78.377547661706899, 44.295120894663398 ], [ -78.377467187488904, 44.295080719146902 ], [ -78.377331164987694, 44.295028451384702 ], [ -78.377204485682896, 44.2949912221452 ], [ -78.377065897929, 44.294961631699302 ], [ -78.376910637889907, 44.2949411001117 ], [ -78.376702210429897, 44.294933230614397 ], [ -78.3764756106129, 44.294949854735698 ], [ -78.376278631539094, 44.294986623283499 ], [ -78.376047611084303, 44.295042753668099 ], [ -78.375437689154893, 44.295190760836697 ], [ -78.375345747769302, 44.295215303283499 ], [ -78.375266690905505, 44.295237679649901 ], [ -78.375177403485097, 44.295264685831697 ], [ -78.375054008276507, 44.295305141057398 ], [ -78.374918954194797, 44.2953537789653 ], [ -78.374787210667606, 44.295405867996998 ], [ -78.374663444105195, 44.2954592503811 ], [ -78.374570746171202, 44.295502234141701 ], [ -78.374458494780995, 44.295557955389803 ], [ -78.374262980681806, 44.295665495439003 ], [ -78.3733457791962, 44.296203621843098 ], [ -78.372431349157196, 44.296740104872299 ], [ -78.370353329919993, 44.297965984426497 ], [ -78.370317478192106, 44.297998635416697 ], [ -78.370268594136604, 44.298038256824299 ], [ -78.3702061392096, 44.298095670189802 ], [ -78.370158697855999, 44.2981457311177 ], [ -78.369938401658899, 44.298393759350503 ], [ -78.369374468666095, 44.297232047702799 ], [ -78.369351482609403, 44.297178378077398 ], [ -78.369351260650205, 44.297177903016298 ], [ -78.369221809713096, 44.296901373327501 ], [ -78.369118003595901, 44.296679622366902 ], [ -78.368998228237601, 44.296423764357797 ], [ -78.368837096646601, 44.296079551107297 ], [ -78.368830467782004, 44.296065392660502 ], [ -78.368699963969704, 44.2957872265726 ], [ -78.3685704094611, 44.2955098348435 ], [ -78.368516032124106, 44.295392387596898 ], [ -78.369135354382294, 44.295211503844399 ], [ -78.369623757154102, 44.295036955737601 ], [ -78.369927722782506, 44.294914809022302 ], [ -78.370254391793296, 44.294766071689601 ], [ -78.3705317503819, 44.2946223806874 ], [ -78.370757488128007, 44.294508259904902 ], [ -78.3711197156113, 44.2943021990042 ], [ -78.371704249536606, 44.2939156080256 ], [ -78.372003984774096, 44.2937335473285 ], [ -78.372274583872297, 44.2935930958946 ], [ -78.372404011635695, 44.293530135078697 ], [ -78.372819860404405, 44.293343805559502 ], [ -78.373105179074201, 44.293229392108898 ], [ -78.373544224669303, 44.293072906869298 ], [ -78.373850361171094, 44.292989219947202 ], [ -78.374360218389398, 44.292841472823902 ], [ -78.3755076764607, 44.292561231810502 ], [ -78.376585995260996, 44.292297864053602 ], [ -78.377718288549602, 44.292023190475298 ], [ -78.3777183911739, 44.292023165824403 ], [ -78.378556556719602, 44.2918193544498 ] ] ] } },
{ "type": "Feature", "properties": { "OBJECTID": 38, "WARDTYPE": "SUBWARD", "WARDNAME": "221", "WARD_ID": 180, "YEAR": 2010, "ACTIVE": "Yes", "Shape__Area": 212001.66528320301, "Shape__Length": 1931.0044872916901 }, "geometry": { "type": "Polygon", "coordinates": [ [ [ -78.378975727820006, 44.273887682295303 ], [ -78.379177342333904, 44.2743098218996 ], [ -78.380357844569303, 44.277032130491001 ], [ -78.380336232389993, 44.277037965309198 ], [ -78.379645515820101, 44.277207023024403 ], [ -78.379055218393603, 44.277346796693699 ], [ -78.378965752457106, 44.277364811627102 ], [ -78.378925418996999, 44.277371314667597 ], [ -78.378884126128199, 44.277375609779 ], [ -78.378669467643206, 44.277391649202301 ], [ -78.378390320534905, 44.277401689597298 ], [ -78.378264106499998, 44.277407127549402 ], [ -78.378078580886296, 44.277429115100098 ], [ -78.377625764458202, 44.277458272124797 ], [ -78.377326138020507, 44.277482570770601 ], [ -78.377165666404494, 44.2775368475913 ], [ -78.376022293473099, 44.2778005953421 ], [ -78.375821692683402, 44.277855010163798 ], [ -78.375637858172098, 44.277920566658402 ], [ -78.375504727215002, 44.277986283877702 ], [ -78.375310628783595, 44.278095782509901 ], [ -78.375043468069606, 44.278243299601499 ], [ -78.374936337016095, 44.278296044966801 ], [ -78.374852905970897, 44.278327840120298 ], [ -78.374271470224798, 44.278469251213302 ], [ -78.373242325575106, 44.278702583267702 ], [ -78.371896293721605, 44.275572052748203 ], [ -78.378975727820006, 44.273887682295303 ] ] ] } },
{ "type": "Feature", "properties": { "OBJECTID": 39, "WARDTYPE": "SUBWARD", "WARDNAME": "204", "WARD_ID": 195, "YEAR": 2010, "ACTIVE": "Yes", "Shape__Area": 62552.224853515603, "Shape__Length": 1255.7616994026801 }, "geometry": { "type": "Polygon", "coordinates": [ [ [ -78.341025024731394, 44.310660169610003 ], [ -78.341715126841507, 44.310511413696801 ], [ -78.343124742092201, 44.310207546311297 ], [ -78.344897759825997, 44.309830020292502 ], [ -78.344350066221693, 44.312418995927302 ], [ -78.343843961792501, 44.313743344241097 ], [ -78.343356875952097, 44.313220876662498 ], [ -78.343369520336793, 44.313189566711998 ], [ -78.343382156061196, 44.313158253857701 ], [ -78.343394781832203, 44.313126938969603 ], [ -78.343407397649898, 44.313095622047697 ], [ -78.3434200059787, 44.313064304049803 ], [ -78.343430302502199, 44.313038505863901 ], [ -78.343437299135502, 44.313020978249099 ], [ -78.343444080855306, 44.313003989399697 ], [ -78.343457766316305, 44.312970335938203 ], [ -78.343470333619905, 44.312939008876903 ], [ -78.343482892182294, 44.312907680710197 ], [ -78.343495440832001, 44.312876349610498 ], [ -78.343507979487796, 44.312845017376397 ], [ -78.343520508230995, 44.312813682209303 ], [ -78.343533029485499, 44.312782345966099 ], [ -78.343545538322303, 44.312751006731503 ], [ -78.343558038417797, 44.3127196663917 ], [ -78.343570529812794, 44.3126883240474 ], [ -78.343583010002007, 44.312656979640202 ], [ -78.343595481490595, 44.3126256332284 ], [ -78.3436079430261, 44.312594284783003 ], [ -78.343620395860995, 44.312562934333002 ], [ -78.343632837490205, 44.312531581820103 ], [ -78.343645270419003, 44.312500227302799 ], [ -78.343649144868607, 44.312490448625901 ], [ -78.343657693394604, 44.3124688707518 ], [ -78.343658572179194, 44.3124666522124 ], [ -78.342913152278896, 44.312630503725103 ], [ -78.341743202977298, 44.311355825551601 ], [ -78.341666710750999, 44.311372229795701 ], [ -78.341137284751198, 44.310774675529601 ], [ -78.341107512939601, 44.310741067905198 ], [ -78.341025024731394, 44.310660169610003 ] ] ] } },
{ "type": "Feature", "properties": { "OBJECTID": 40, "WARDTYPE": "SUBWARD", "WARDNAME": "115", "WARD_ID": 188, "YEAR": 2018, "ACTIVE": "Yes", "Shape__Area": 372585.20581054699, "Shape__Length": 2548.4408656574401 }, "geometry": { "type": "Polygon", "coordinates": [ [ [ -78.357451237562401, 44.292977021172902 ], [ -78.357116354322798, 44.293205458494398 ], [ -78.356489580355898, 44.2937081345164 ], [ -78.356104611397001, 44.294137737814701 ], [ -78.3559783635163, 44.294280514936197 ], [ -78.355847167828699, 44.294401847876799 ], [ -78.355716519845799, 44.2945073988435 ], [ -78.3556316463211, 44.2945656506365 ], [ -78.355472191390405, 44.294667548657301 ], [ -78.355336241476607, 44.294741304512698 ], [ -78.355137789214496, 44.294838474167797 ], [ -78.354975622981996, 44.294913185041402 ], [ -78.354835440504701, 44.294967064877397 ], [ -78.354680466746402, 44.295021502047902 ], [ -78.354501767574902, 44.295065320432002 ], [ -78.354385672770306, 44.295081668924503 ], [ -78.354295963930596, 44.295089586450302 ], [ -78.354193391708506, 44.295090421247899 ], [ -78.354108657471997, 44.2950895051491 ], [ -78.353996225451993, 44.295079459119897 ], [ -78.353880506783298, 44.295063222092701 ], [ -78.353726290401298, 44.2950438813997 ], [ -78.353647785988201, 44.295025841116697 ], [ -78.353488041935407, 44.294974762234801 ], [ -78.353383163554, 44.294929635777002 ], [ -78.352374786393597, 44.294439874445501 ], [ -78.351999507788506, 44.294322595806797 ], [ -78.351834059416802, 44.2943275264223 ], [ -78.350989079331896, 44.294285057135603 ], [ -78.350370190932907, 44.294428206235303 ], [ -78.349675554847195, 44.294587285586601 ], [ -78.348667384529406, 44.292293411240301 ], [ -78.348009896438796, 44.290768213712802 ], [ -78.347834082461006, 44.2903704347085 ], [ -78.348170206775606, 44.289970645485297 ], [ -78.348358096169505, 44.289616817514201 ], [ -78.3484661442792, 44.289212463703798 ], [ -78.348707363255897, 44.289159046007804 ], [ -78.348926968795695, 44.289107414356501 ], [ -78.349174305578302, 44.289049267236102 ], [ -78.349421064487899, 44.288991250204603 ], [ -78.349680233092002, 44.288930319366798 ], [ -78.349929898150606, 44.288871619672399 ], [ -78.349931942389603, 44.288876103712099 ], [ -78.349947149724898, 44.288872527934203 ], [ -78.350185193383595, 44.288816165095298 ], [ -78.350495017107704, 44.288742803227102 ], [ -78.350920618747196, 44.288642025641799 ], [ -78.350970568733203, 44.288630199169297 ], [ -78.3513336115046, 44.288544677457601 ], [ -78.351573069575295, 44.288488268909703 ], [ -78.3519540138049, 44.288398525907397 ], [ -78.352135489830204, 44.288355755372599 ], [ -78.352316965604004, 44.2883129845425 ], [ -78.352697554515103, 44.2882232884267 ], [ -78.352869919020904, 44.288182664147001 ], [ -78.352908575225896, 44.288173553050697 ], [ -78.353302688446107, 44.2880806178241 ], [ -78.353542151278603, 44.288024158427199 ], [ -78.3539285354247, 44.287933126892 ], [ -78.353961620300097, 44.288008573879701 ], [ -78.3561736951998, 44.2930608764282 ], [ -78.3565259485285, 44.292976163295698 ], [ -78.356892637225698, 44.292893754930901 ], [ -78.357129153006795, 44.292851825959701 ], [ -78.357214302743898, 44.292840703682998 ], [ -78.357249759056899, 44.292850217655698 ], [ -78.357370608741206, 44.292926276615702 ], [ -78.357451237562401, 44.292977021172902 ] ] ] } },
{ "type": "Feature", "properties": { "OBJECTID": 41, "WARDTYPE": "SUBWARD", "WARDNAME": "407", "WARD_ID": 283, "YEAR": 2010, "ACTIVE": "Yes", "Shape__Area": 312086.59204101597, "Shape__Length": 2646.9179138054501 }, "geometry": { "type": "Polygon", "coordinates": [ [ [ -78.305896311043597, 44.289355177112803 ], [ -78.305885540492397, 44.289380941883302 ], [ -78.305023469573499, 44.289259472652901 ], [ -78.3016839327273, 44.289263905044798 ], [ -78.300947363164198, 44.289274032357703 ], [ -78.300571570996894, 44.2892963713062 ], [ -78.300241279597799, 44.289327804874297 ], [ -78.299688506380704, 44.289411516846798 ], [ -78.299186435844106, 44.289509695927698 ], [ -78.297356472688705, 44.289941053348599 ], [ -78.297119305672197, 44.2894232508717 ], [ -78.2967702301261, 44.288768666893802 ], [ -78.296501267732296, 44.288374719552003 ], [ -78.296765340566395, 44.288297906646299 ], [ -78.296995283095001, 44.288245701616503 ], [ -78.297216072083501, 44.288204585993803 ], [ -78.298407313010998, 44.288700806161302 ], [ -78.2996707640322, 44.287109150946598 ], [ -78.300888164902602, 44.285572404222599 ], [ -78.301546240412506, 44.284740263980403 ], [ -78.302012373141906, 44.284150819951698 ], [ -78.302861762038503, 44.284508194444697 ], [ -78.303755328904302, 44.284694222312297 ], [ -78.304537259981998, 44.284934277016802 ], [ -78.305488015494802, 44.285229829269802 ], [ -78.3058613976647, 44.285344951150698 ], [ -78.3058877027254, 44.2853237672226 ], [ -78.305933580268004, 44.285309566857798 ], [ -78.306078242208301, 44.2852823966928 ], [ -78.3063806347905, 44.285227946471402 ], [ -78.307153632255805, 44.285113771528401 ], [ -78.307326793386494, 44.2850989721301 ], [ -78.308187281535297, 44.285356860958998 ], [ -78.307511289060301, 44.286598800669097 ], [ -78.307131517512403, 44.287256312024702 ], [ -78.306418837399605, 44.288377648490801 ], [ -78.306052761821107, 44.288980929514203 ], [ -78.305896311043597, 44.289355177112803 ] ] ] } },
{ "type": "Feature", "properties": { "OBJECTID": 42, "WARDTYPE": "SUBWARD", "WARDNAME": "401", "WARD_ID": 301, "YEAR": 2013, "ACTIVE": "Yes", "Shape__Area": 3651294.1518554701, "Shape__Length": 9185.0660920175505 }, "geometry": { "type": "Polygon", "coordinates": [ [ [ -78.309382999577394, 44.2780987336306 ], [ -78.3088827989083, 44.277076967460303 ], [ -78.3086175446564, 44.276535201281199 ], [ -78.3075945922496, 44.274445778659299 ], [ -78.307259173592698, 44.273743051191801 ], [ -78.307061219206702, 44.273325144067897 ], [ -78.303421973525204, 44.265517758435202 ], [ -78.309899538765407, 44.263879327089001 ], [ -78.309996502391897, 44.263849550355502 ], [ -78.310226309811696, 44.263040864273798 ], [ -78.310567792513197, 44.262439570039199 ], [ -78.313793448531996, 44.258026114212001 ], [ -78.313947353663295, 44.257987462098399 ], [ -78.316540993661206, 44.257346206427798 ], [ -78.321610694968996, 44.256106005367997 ], [ -78.321569305153901, 44.2560167091643 ], [ -78.323012297214404, 44.255671221650502 ], [ -78.324075486516307, 44.255100885488702 ], [ -78.323985289494999, 44.254906301149198 ], [ -78.324118118020806, 44.254874496495503 ], [ -78.323976894160694, 44.254561204610198 ], [ -78.331863095977795, 44.252732502839301 ], [ -78.334456599278695, 44.258786259649803 ], [ -78.334426695925103, 44.2588055440782 ], [ -78.334344525270694, 44.258847394375103 ], [ -78.334277729563794, 44.258885574884502 ], [ -78.334213071141207, 44.258923195774202 ], [ -78.334174040395496, 44.258981516654998 ], [ -78.334143336446104, 44.258997724048001 ], [ -78.334074138466093, 44.2590130324445 ], [ -78.334028665353202, 44.259048125845403 ], [ -78.333914583603601, 44.259085462869599 ], [ -78.333888892931796, 44.259101780079 ], [ -78.333832954783702, 44.259137309596397 ], [ -78.333761657812104, 44.2591805225874 ], [ -78.333661332985699, 44.2592432319693 ], [ -78.333581475874695, 44.259285587693597 ], [ -78.333476379711101, 44.259341330700103 ], [ -78.333339187313896, 44.259433718009603 ], [ -78.333256586001696, 44.259482559862398 ], [ -78.333186004238001, 44.259526254645102 ], [ -78.333139362234306, 44.259555070610901 ], [ -78.333110341295594, 44.259583464569999 ], [ -78.333095317662895, 44.259598163619799 ], [ -78.333025711372201, 44.259639341391697 ], [ -78.332974826800907, 44.2597019844576 ], [ -78.332948637762797, 44.259712718854097 ], [ -78.332921053590795, 44.259724025638903 ], [ -78.332876144948301, 44.259742432402497 ], [ -78.332855875026098, 44.259772633264703 ], [ -78.3328148226894, 44.259814622106603 ], [ -78.332749404304593, 44.259876113427701 ], [ -78.332698127384205, 44.259901923799802 ], [ -78.332633110663906, 44.259954421602501 ], [ -78.332559998220901, 44.260013823526101 ], [ -78.332536177826498, 44.2600436082596 ], [ -78.332479012834199, 44.260119919192199 ], [ -78.332478105853895, 44.260123463120799 ], [ -78.332341749082005, 44.260235512929803 ], [ -78.332279166295905, 44.260311834892498 ], [ -78.332234945558, 44.260336729615702 ], [ -78.332199393150205, 44.2604136832379 ], [ -78.332178979776003, 44.260421848885102 ], [ -78.332112652496207, 44.260492321427499 ], [ -78.332073095279398, 44.260569181410403 ], [ -78.331993402964599, 44.260624936981003 ], [ -78.331753380116297, 44.260901655714903 ], [ -78.331589747092494, 44.2610215224976 ], [ -78.331491587780505, 44.261133743940299 ], [ -78.331478047328702, 44.261178261521401 ], [ -78.331444038652805, 44.2611934015139 ], [ -78.331340822778898, 44.2613315228052 ], [ -78.331284431137504, 44.261373418062 ], [ -78.331211780717595, 44.261483894880598 ], [ -78.331196131803793, 44.261530703868097 ], [ -78.331165210579897, 44.261557888827802 ], [ -78.331105337227498, 44.2615825981092 ], [ -78.331039533627703, 44.261638677722601 ], [ -78.331015062966998, 44.261656201271897 ], [ -78.331003118098096, 44.261665464991601 ], [ -78.330882849683505, 44.261778969526198 ], [ -78.330279667071906, 44.2624091069287 ], [ -78.330254050974006, 44.262493404539697 ], [ -78.3300704649875, 44.262652238455701 ], [ -78.330000662220698, 44.262688691375999 ], [ -78.329990800356995, 44.262707276626301 ], [ -78.329999532358997, 44.262727467154797 ], [ -78.329980936624295, 44.262767364887502 ], [ -78.329835505225304, 44.262913590204299 ], [ -78.329793943777204, 44.262923961584796 ], [ -78.329555603945593, 44.263143723422701 ], [ -78.329493007448505, 44.263236788762001 ], [ -78.329427342424296, 44.2632814370738 ], [ -78.329313084973506, 44.263425243630103 ], [ -78.3293125204696, 44.263446026962697 ], [ -78.329319600963601, 44.263466719072298 ], [ -78.329354428812806, 44.263486079728501 ], [ -78.329358796212304, 44.263497525473497 ], [ -78.329352418016796, 44.263555350881802 ], [ -78.329351880629801, 44.263575508251499 ], [ -78.329356192913295, 44.263593701228999 ], [ -78.329389967851895, 44.263611416731102 ], [ -78.329439478840698, 44.263610864507399 ], [ -78.329644355086202, 44.263515909611698 ], [ -78.329840877308797, 44.2633038985837 ], [ -78.329863742001294, 44.263296961067397 ], [ -78.329940379686093, 44.263311537705398 ], [ -78.329983045093499, 44.263307223991099 ], [ -78.330152691688298, 44.263143645621199 ], [ -78.330201335901094, 44.263068172835403 ], [ -78.330267853935098, 44.263018502439401 ], [ -78.330294637666697, 44.262983117516399 ], [ -78.330317883920799, 44.262970517048103 ], [ -78.330336563571905, 44.262939800511198 ], [ -78.330382200938303, 44.262922415618597 ], [ -78.330465844675004, 44.262870801278801 ], [ -78.330478882275102, 44.262834648305102 ], [ -78.330611211614098, 44.262753656396399 ], [ -78.330630394439893, 44.262725656027499 ], [ -78.330741639033903, 44.262631656972502 ], [ -78.330837411567302, 44.262469864815998 ], [ -78.3308560442063, 44.262465078851001 ], [ -78.330872990769095, 44.262467095611299 ], [ -78.330880382264994, 44.262478161868501 ], [ -78.330864393464296, 44.262546299569003 ], [ -78.330877226249797, 44.262558933509403 ], [ -78.3308741318084, 44.262574706139503 ], [ -78.330862030905195, 44.262590178148898 ], [ -78.330852053410794, 44.262605789836002 ], [ -78.330793785359603, 44.262713991839398 ], [ -78.330459159500407, 44.263012892384403 ], [ -78.330411254040897, 44.263069736793298 ], [ -78.330333107034207, 44.263100110522402 ], [ -78.330262048856596, 44.263185851750997 ], [ -78.330222142883102, 44.263219417287402 ], [ -78.330146049635005, 44.263275140477901 ], [ -78.330002019574806, 44.263347672785699 ], [ -78.329917243912007, 44.263453792252903 ], [ -78.329787866576396, 44.263485267505096 ], [ -78.329627128014394, 44.2635735100556 ], [ -78.329492675235002, 44.263749863132098 ], [ -78.329450713855096, 44.263769047803301 ], [ -78.329419551466998, 44.263837460500902 ], [ -78.329363273189102, 44.263857743444603 ], [ -78.329323088765605, 44.263845999904298 ], [ -78.3292775607961, 44.263830530198597 ], [ -78.329248009306696, 44.263846764120601 ], [ -78.329185389545998, 44.263898865857797 ], [ -78.329156283966299, 44.263913579707697 ], [ -78.329102258605701, 44.263925279719601 ], [ -78.329071377630896, 44.263937701299703 ], [ -78.329049084750693, 44.263956895884697 ], [ -78.328901356680305, 44.2641536585447 ], [ -78.328791126627095, 44.264230667769901 ], [ -78.328488938091795, 44.264460500047399 ], [ -78.328365221218604, 44.264490191247702 ], [ -78.327948269593705, 44.264790014109103 ], [ -78.327690557623797, 44.264976249317201 ], [ -78.327522552823595, 44.265083115773798 ], [ -78.327280682623794, 44.265269716424903 ], [ -78.327174059390302, 44.265368461220802 ], [ -78.327072176358598, 44.265470139296802 ], [ -78.326966015737796, 44.265563805428201 ], [ -78.326859728916006, 44.265657428891402 ], [ -78.326739858857593, 44.265764493175702 ], [ -78.326623318584893, 44.265873488096098 ], [ -78.3265549558093, 44.265954435770503 ], [ -78.326489018443098, 44.266036542153799 ], [ -78.326386887874406, 44.266145972443901 ], [ -78.3263867730074, 44.266146074186402 ], [ -78.326266241428499, 44.266253483482501 ], [ -78.326145709406802, 44.266360892638602 ], [ -78.3260423355824, 44.2664754692168 ], [ -78.325953683196303, 44.266597544203002 ], [ -78.325904818985293, 44.266669116252601 ], [ -78.325861016215299, 44.2667420150309 ], [ -78.325843641128898, 44.266821025526298 ], [ -78.325837182876498, 44.2668609215035 ], [ -78.3258177071136, 44.266897422753601 ], [ -78.325747847304598, 44.2669616913346 ], [ -78.325675970945994, 44.267024452370102 ], [ -78.325611269784304, 44.2670910771241 ], [ -78.325547525589698, 44.267158311245602 ], [ -78.325470170464797, 44.267239227624898 ], [ -78.325404015594003, 44.267324403631399 ], [ -78.325345104869299, 44.267424044021197 ], [ -78.325286196441695, 44.267523684432803 ], [ -78.325121821851596, 44.2678000871311 ], [ -78.325080047458897, 44.267962142184501 ], [ -78.325011656802104, 44.268055609379203 ], [ -78.324999162552402, 44.268110053763301 ], [ -78.324952538087203, 44.268209792792803 ], [ -78.324933077723799, 44.268373548263597 ], [ -78.324929246531696, 44.268413791133199 ], [ -78.324902734402698, 44.268467907000598 ], [ -78.3249008187925, 44.268488028434298 ], [ -78.324907870396004, 44.268597668025002 ], [ -78.324902297871603, 44.2686321082776 ], [ -78.324910394453894, 44.268718725126298 ], [ -78.324900294348097, 44.268764582889702 ], [ -78.324888452928803, 44.268804638037402 ], [ -78.324871256447196, 44.2688964239507 ], [ -78.324825001389101, 44.268965922086899 ], [ -78.324756170696404, 44.269356111847202 ], [ -78.324743687000606, 44.269388229439798 ], [ -78.324743860705397, 44.269428566156797 ], [ -78.324752142639397, 44.269466932221597 ], [ -78.324690028951494, 44.2695987182761 ], [ -78.324696602230205, 44.269630562266698 ], [ -78.324694234214405, 44.269651814648697 ], [ -78.324684759680906, 44.269736878134303 ], [ -78.324623011596998, 44.269802307511398 ], [ -78.3245528775672, 44.269849545464901 ], [ -78.324488382038894, 44.270110393147903 ], [ -78.3244468165651, 44.270164877193402 ], [ -78.324422795667203, 44.270208247940097 ], [ -78.324295824776001, 44.270333471977303 ], [ -78.324284276566104, 44.270367051894098 ], [ -78.3242373562789, 44.270407004928202 ], [ -78.324203746796798, 44.270440787929701 ], [ -78.324163329456894, 44.2704627436799 ], [ -78.324122912087205, 44.270484699415 ], [ -78.324057209172096, 44.270532723343997 ], [ -78.323984075803907, 44.270621758249597 ], [ -78.323917571665405, 44.270714517237302 ], [ -78.323837940913293, 44.270811892086002 ], [ -78.323759134764103, 44.270909588704903 ], [ -78.323686705889898, 44.271002320283799 ], [ -78.323614728265099, 44.271095208240901 ], [ -78.323557699687498, 44.271152476788103 ], [ -78.323514173695202, 44.271213427156397 ], [ -78.323502277878404, 44.271253322419703 ], [ -78.323489053147, 44.271279660685103 ], [ -78.323453059633195, 44.271299703274501 ], [ -78.323444383964102, 44.271336231357303 ], [ -78.323371035322594, 44.271453521561803 ], [ -78.323368256786395, 44.271464047327399 ], [ -78.323344702292701, 44.271553285536903 ], [ -78.323323653623206, 44.2715698073049 ], [ -78.323270484884603, 44.271595569015403 ], [ -78.323261952643705, 44.271612384270703 ], [ -78.323206269440007, 44.271643848793403 ], [ -78.323187271807299, 44.271662219196003 ], [ -78.323134521623402, 44.271673136005198 ], [ -78.323137962939597, 44.271680238904501 ], [ -78.323164048685598, 44.271690750120698 ], [ -78.323184311397299, 44.271707974126699 ], [ -78.323185729012593, 44.271732044897902 ], [ -78.323160511718797, 44.271752066408098 ], [ -78.323086812666503, 44.2717579941311 ], [ -78.323077692313802, 44.271766239300902 ], [ -78.323063031782297, 44.271779493356803 ], [ -78.323049730584898, 44.271804749437401 ], [ -78.323048601594294, 44.271832361617101 ], [ -78.323037090588599, 44.271862341144001 ], [ -78.322936961653696, 44.272006108713903 ], [ -78.322906909870895, 44.272136297720799 ], [ -78.3229104837053, 44.272164203847403 ], [ -78.322923694675296, 44.2721795519832 ], [ -78.322909397950198, 44.272223960702803 ], [ -78.322822215932803, 44.272308883279003 ], [ -78.3225799104587, 44.272492806772803 ], [ -78.322354013826796, 44.2725748966526 ], [ -78.322350491838705, 44.272578173888398 ], [ -78.322320317483104, 44.272646607722301 ], [ -78.322328565491006, 44.272685693374498 ], [ -78.3223262238091, 44.272715167688403 ], [ -78.322299633336797, 44.272726787773401 ], [ -78.322267860594295, 44.272764214403097 ], [ -78.322217336101403, 44.272773112346798 ], [ -78.322156254607094, 44.272771679456199 ], [ -78.322127616576097, 44.272806297781301 ], [ -78.322135537492898, 44.272852578927903 ], [ -78.322114301062996, 44.272878729079103 ], [ -78.322078959991899, 44.272884382025403 ], [ -78.322054654120606, 44.2729119006083 ], [ -78.322034030573406, 44.2728804470879 ], [ -78.321986522193797, 44.272867088698398 ], [ -78.321954544789307, 44.272864898039501 ], [ -78.321965248974493, 44.272960218923501 ], [ -78.321954046274698, 44.2730082112041 ], [ -78.321965310340403, 44.273025040651198 ], [ -78.321992628554497, 44.273041526509402 ], [ -78.321994488220994, 44.273066778027399 ], [ -78.321986367172201, 44.273091075168502 ], [ -78.321922914833294, 44.273053575260697 ], [ -78.321890132173394, 44.273047044339002 ], [ -78.321861755386806, 44.273075907821799 ], [ -78.321870685641002, 44.273166145514899 ], [ -78.321848901232997, 44.2732484603399 ], [ -78.321837326399006, 44.273326693342398 ], [ -78.321813858078499, 44.273357832649097 ], [ -78.321787557261203, 44.273435082744498 ], [ -78.321754698154706, 44.273471583456498 ], [ -78.321739540365201, 44.273515611704603 ], [ -78.321738726890402, 44.273555565126202 ], [ -78.321760446325399, 44.2735987480715 ], [ -78.321760669993296, 44.2736324238547 ], [ -78.321722353458696, 44.273651150990503 ], [ -78.321637349913601, 44.273674274400101 ], [ -78.321597722848395, 44.273697022011604 ], [ -78.3215936038455, 44.273726994772097 ], [ -78.321600164451795, 44.273759198736897 ], [ -78.321581886891096, 44.273827641421697 ], [ -78.321581959205602, 44.273864644694903 ], [ -78.321635538156102, 44.273890569576103 ], [ -78.321687946215306, 44.273909174678003 ], [ -78.321687780069894, 44.273932127961999 ], [ -78.321635823496393, 44.273936670692102 ], [ -78.3215894470287, 44.273956284503903 ], [ -78.321581225412601, 44.273993814293497 ], [ -78.321601372227093, 44.274055056027599 ], [ -78.321534327167896, 44.2741379292913 ], [ -78.321524665379002, 44.274165791369398 ], [ -78.321527151279597, 44.274182774994301 ], [ -78.321580498451695, 44.274197264486602 ], [ -78.321618250727596, 44.274199230638203 ], [ -78.321654807979002, 44.274208190934701 ], [ -78.321684758742705, 44.274232931195698 ], [ -78.321652724815607, 44.274251265546297 ], [ -78.321608716964903, 44.274265627780402 ], [ -78.321558399980603, 44.274283713169702 ], [ -78.321533172450899, 44.274320572937697 ], [ -78.321540509728706, 44.274368550055598 ], [ -78.321527008562796, 44.274453309869102 ], [ -78.321512478465294, 44.274486275744501 ], [ -78.321481117927206, 44.2745201142911 ], [ -78.321427565090403, 44.2745983525299 ], [ -78.321393682472106, 44.2746297839359 ], [ -78.321367529907903, 44.274664824996599 ], [ -78.321361766477494, 44.274698000170098 ], [ -78.321440252422505, 44.274749267346998 ], [ -78.321423452813306, 44.274760486770703 ], [ -78.321361102798704, 44.2747565929252 ], [ -78.321335256634796, 44.274735276340799 ], [ -78.321309884495605, 44.274739366016 ], [ -78.321290750365606, 44.2747661055081 ], [ -78.321262378694001, 44.274783805462299 ], [ -78.321240752416898, 44.274804724661102 ], [ -78.321238031372999, 44.274834370096997 ], [ -78.321227024219397, 44.274861390321803 ], [ -78.321196530228207, 44.2748761595536 ], [ -78.321141656421204, 44.2748897264403 ], [ -78.3210803027049, 44.2749521129412 ], [ -78.321059835687606, 44.2750161035706 ], [ -78.321049809331001, 44.275038195247099 ], [ -78.321016980337902, 44.275054710193999 ], [ -78.320970026559607, 44.275029120570302 ], [ -78.320958611532703, 44.274993561631 ], [ -78.320984574389698, 44.274951677675404 ], [ -78.3209927942723, 44.274925222256698 ], [ -78.321066475689904, 44.274870053683202 ], [ -78.3210590988202, 44.274833869297403 ], [ -78.321087934803501, 44.274794933646398 ], [ -78.321115258638002, 44.274745159121998 ], [ -78.3212039727877, 44.274668016264002 ], [ -78.321240668535495, 44.274610539164101 ], [ -78.321225444191597, 44.274570569504398 ], [ -78.321182843412402, 44.274559485724303 ], [ -78.321128638803799, 44.2745610954656 ], [ -78.321098343683005, 44.2746100800384 ], [ -78.320999308787407, 44.274715789605899 ], [ -78.320980833639695, 44.274769372901403 ], [ -78.320953411549297, 44.274821305762899 ], [ -78.320916624615506, 44.274924875041997 ], [ -78.320912364799398, 44.274974470604299 ], [ -78.320866766963206, 44.2750072510037 ], [ -78.320859960942599, 44.275046703650503 ], [ -78.320895179916405, 44.275087862858001 ], [ -78.320859870122703, 44.275092795931698 ], [ -78.320797961204605, 44.275065414783597 ], [ -78.320753050213895, 44.275083086528703 ], [ -78.320790200990501, 44.275191992278103 ], [ -78.320770769555295, 44.275222505884898 ], [ -78.320768852206896, 44.275242627187602 ], [ -78.3207409844469, 44.275282305705701 ], [ -78.320685601493594, 44.275309814783803 ], [ -78.320674200931094, 44.275362123628 ], [ -78.320640966285694, 44.275409598626098 ], [ -78.320577977527705, 44.275405959443503 ], [ -78.320522398083895, 44.275437785180401 ], [ -78.3205268231399, 44.275494786838301 ], [ -78.320498562489007, 44.275543098774797 ], [ -78.320480375210394, 44.275656467426103 ], [ -78.320191932356707, 44.275893132332897 ], [ -78.320116507821297, 44.275942497606799 ], [ -78.320053872155398, 44.275997204656697 ], [ -78.319547691298496, 44.276304379409297 ], [ -78.319481180060706, 44.276356114234602 ], [ -78.319411075357806, 44.2764207286857 ], [ -78.319275558470594, 44.2765349429311 ], [ -78.319199196418296, 44.2765828451247 ], [ -78.319087987629104, 44.276669541239997 ], [ -78.318943595502901, 44.276714405041403 ], [ -78.318880709497705, 44.276752540383498 ], [ -78.318631402250702, 44.2769440260927 ], [ -78.318562323489203, 44.276989034382197 ], [ -78.318508167621104, 44.277050868330399 ], [ -78.318461911958806, 44.277098036801 ], [ -78.318363691727996, 44.277170117860003 ], [ -78.318333282098806, 44.277219884030899 ], [ -78.318281654897802, 44.277249828095499 ], [ -78.318223480219999, 44.277294555778496 ], [ -78.318009826385094, 44.2774955204261 ], [ -78.317876601878197, 44.277603304821099 ], [ -78.317802600411198, 44.277643339060603 ], [ -78.317732258154393, 44.277669054737402 ], [ -78.317317007211898, 44.277894089791502 ], [ -78.317253641628795, 44.277920689358197 ], [ -78.3171877489888, 44.2779587530949 ], [ -78.317107097045096, 44.2779907081025 ], [ -78.316980940938294, 44.278053283405399 ], [ -78.316952694620696, 44.278123201522497 ], [ -78.316923559346804, 44.278168611092802 ], [ -78.316888771643903, 44.278162031605902 ], [ -78.316883891343394, 44.278115102278797 ], [ -78.316835149295102, 44.278106754324 ], [ -78.316781025433897, 44.278128529285802 ], [ -78.316677817476304, 44.278171477377299 ], [ -78.316532065994593, 44.278312096053703 ], [ -78.316386229954205, 44.278432546257797 ], [ -78.316344552613302, 44.278489184413601 ], [ -78.316291925012607, 44.278544124658602 ], [ -78.316235979813499, 44.278583862158499 ], [ -78.316182823954506, 44.278606379817298 ], [ -78.316145710417899, 44.2786508813791 ], [ -78.3161009433842, 44.278687280505999 ], [ -78.316095808762498, 44.278733974389603 ], [ -78.316059185970104, 44.278808604559302 ], [ -78.3158012127452, 44.278188592948503 ], [ -78.315758929186302, 44.2780937173466 ], [ -78.315636833499099, 44.2778345613768 ], [ -78.315538877514697, 44.277675212750502 ], [ -78.315458565141597, 44.277554051170597 ], [ -78.3153145609013, 44.277370835070201 ], [ -78.312013445528194, 44.278158123772002 ], [ -78.311870810707205, 44.278183278613199 ], [ -78.311768907886702, 44.278186226499102 ], [ -78.311699966806501, 44.278173911167897 ], [ -78.311639030037597, 44.278149306413397 ], [ -78.311595701499499, 44.278119772263402 ], [ -78.311572038570404, 44.2780942663735 ], [ -78.311548786763595, 44.278059860981102 ], [ -78.311354828693098, 44.277673015390398 ], [ -78.309382999577394, 44.2780987336306 ] ] ] } },
{ "type": "Feature", "properties": { "OBJECTID": 43, "WARDTYPE": "SUBWARD", "WARDNAME": "405", "WARD_ID": 303, "YEAR": 2013, "ACTIVE": "Yes", "Shape__Area": 1235402.2145996101, "Shape__Length": 6173.5424277033899 }, "geometry": { "type": "Polygon", "coordinates": [ [ [ -78.299726944021401, 44.283113896390901 ], [ -78.299892907893195, 44.283457638415598 ], [ -78.299775714537205, 44.283484402598603 ], [ -78.298945680313594, 44.283687827998797 ], [ -78.298708586598707, 44.2837459338757 ], [ -78.297512440342601, 44.284039069539503 ], [ -78.297275345219205, 44.2840971714948 ], [ -78.297271788609507, 44.284098043380602 ], [ -78.297094103186694, 44.284141586949502 ], [ -78.296951845434506, 44.284176447822702 ], [ -78.296916973982704, 44.284184993065601 ], [ -78.296809579927697, 44.2842113101349 ], [ -78.296667321853803, 44.2842461706446 ], [ -78.296525061073893, 44.284281031812597 ], [ -78.296382805223303, 44.284315891118801 ], [ -78.296240545373607, 44.2843507519529 ], [ -78.296098286656203, 44.284385611735601 ], [ -78.295956025232897, 44.2844204721765 ], [ -78.295795776402102, 44.284459739914197 ], [ -78.295587478452802, 44.284510781758598 ], [ -78.295309293175194, 44.284578947121801 ], [ -78.295227279762301, 44.284599043560497 ], [ -78.294965547390007, 44.284663175765502 ], [ -78.294844585577394, 44.284692811085598 ], [ -78.293108527798793, 44.280976811442699 ], [ -78.291172807575805, 44.276938727426398 ], [ -78.291311838981898, 44.276926361790203 ], [ -78.290088198932494, 44.274356906225897 ], [ -78.297845884913698, 44.2724694666395 ], [ -78.297924962395498, 44.272637859995299 ], [ -78.3056824454126, 44.270749251852102 ], [ -78.303305202506493, 44.265552984586499 ], [ -78.303409377268096, 44.265520691083999 ], [ -78.307048621423206, 44.273328077077899 ], [ -78.307246575727703, 44.273745984221499 ], [ -78.307581994247599, 44.2744487117224 ], [ -78.308604946247897, 44.276538134446497 ], [ -78.308870200394395, 44.277079900652097 ], [ -78.307729182208902, 44.277217335671203 ], [ -78.307377748624106, 44.277272166860101 ], [ -78.307033374975902, 44.277352810724103 ], [ -78.306347431994297, 44.277542956084602 ], [ -78.306316787953506, 44.2775520964287 ], [ -78.306300466311697, 44.277556507966302 ], [ -78.306263834196898, 44.277568596752701 ], [ -78.305973353456096, 44.277672205952697 ], [ -78.305864245790801, 44.277715001405603 ], [ -78.305727148858793, 44.2777689694137 ], [ -78.305613792173801, 44.277815258256702 ], [ -78.305463704214404, 44.2779126729532 ], [ -78.305267124163507, 44.278076906197001 ], [ -78.305108527867503, 44.278304446012498 ], [ -78.304974087609295, 44.278578265875502 ], [ -78.304613032301702, 44.278486871820803 ], [ -78.304420550269697, 44.2784514181497 ], [ -78.304236267824805, 44.278441513304998 ], [ -78.303910025371394, 44.278451240348303 ], [ -78.303578335593002, 44.278504856107702 ], [ -78.302882906612894, 44.278693827387698 ], [ -78.302620804940901, 44.278778940580601 ], [ -78.302314984532998, 44.278898069694201 ], [ -78.301986784091994, 44.279052723450803 ], [ -78.3004113578192, 44.2799822690694 ], [ -78.299987274078305, 44.280309411809498 ], [ -78.299713584031295, 44.280567155636703 ], [ -78.299517002478396, 44.280755010296303 ], [ -78.299398199954595, 44.2808863738261 ], [ -78.299275263793305, 44.281061094159902 ], [ -78.299200148576503, 44.281223564066401 ], [ -78.299169416626398, 44.281331565583898 ], [ -78.299141162774504, 44.281455816366503 ], [ -78.299105262515994, 44.281726505861101 ], [ -78.299206710793101, 44.2819940639585 ], [ -78.299326925705998, 44.282253688858603 ], [ -78.299391491355905, 44.282421960020201 ], [ -78.299540325665504, 44.282718230673098 ], [ -78.299726944021401, 44.283113896390901 ] ] ] } },
{ "type": "Feature", "properties": { "OBJECTID": 44, "WARDTYPE": "SUBWARD", "WARDNAME": "403", "WARD_ID": 284, "YEAR": 2010, "ACTIVE": "Yes", "Shape__Area": 509219.15234375, "Shape__Length": 3687.3977456185698 }, "geometry": { "type": "Polygon", "coordinates": [ [ [ -78.302012373141906, 44.284150819951698 ], [ -78.302645548601802, 44.283350114790402 ], [ -78.302870862019901, 44.282942549604698 ], [ -78.303040017294506, 44.282557232760503 ], [ -78.3030835921885, 44.282467595965798 ], [ -78.303542708928106, 44.281526087109597 ], [ -78.304218885771803, 44.280132017144503 ], [ -78.3045006635964, 44.279552300627003 ], [ -78.304974087609295, 44.278578265875502 ], [ -78.305108527867503, 44.278304446012498 ], [ -78.305267124163507, 44.278076906197001 ], [ -78.305463704214404, 44.2779126729532 ], [ -78.305613792173801, 44.277815258256702 ], [ -78.305727148858793, 44.2777689694137 ], [ -78.305864245790801, 44.277715001405603 ], [ -78.305973353456096, 44.277672205952697 ], [ -78.306263834196898, 44.277568596752701 ], [ -78.306300466311697, 44.277556507966302 ], [ -78.306316787953506, 44.2775520964287 ], [ -78.306347431994297, 44.277542956084602 ], [ -78.307033374975902, 44.277352810724103 ], [ -78.307377748624106, 44.277272166860101 ], [ -78.307729182208902, 44.277217335671203 ], [ -78.308870200394395, 44.277079900652097 ], [ -78.309370400864793, 44.278101666872303 ], [ -78.310022760911494, 44.279458121856301 ], [ -78.310642250214997, 44.280800982063603 ], [ -78.310704869755895, 44.280976546426601 ], [ -78.310800697350601, 44.281119532298902 ], [ -78.311411068260199, 44.282437973709499 ], [ -78.311437897121806, 44.282555933759902 ], [ -78.311559420954396, 44.2828670591676 ], [ -78.311636296645005, 44.282982542723197 ], [ -78.311615230527806, 44.282994888183303 ], [ -78.311611503679003, 44.283010645344 ], [ -78.311578437777399, 44.283032193535597 ], [ -78.311533238943397, 44.283077943584601 ], [ -78.311409397349905, 44.283265165963499 ], [ -78.311395031469203, 44.283294356791103 ], [ -78.311374114749796, 44.283313310180901 ], [ -78.311330146815905, 44.283397981248001 ], [ -78.311294043228997, 44.283420178029701 ], [ -78.311251848543904, 44.283422065047198 ], [ -78.311222656953603, 44.283446585289397 ], [ -78.311208323772107, 44.283475056638601 ], [ -78.311055124583007, 44.283646462384503 ], [ -78.311051364694094, 44.283662938971197 ], [ -78.311036981950394, 44.283714456304502 ], [ -78.311001699112495, 44.283718666721697 ], [ -78.310978073155994, 44.283731074198101 ], [ -78.310969010089707, 44.2837539078714 ], [ -78.310973130947801, 44.283773450100398 ], [ -78.310825955993806, 44.283922671394699 ], [ -78.310820898901795, 44.283945599430297 ], [ -78.310710680820605, 44.284097850989198 ], [ -78.310685691819202, 44.284118148757102 ], [ -78.310648437900397, 44.284165526074901 ], [ -78.310605322939907, 44.284187557446401 ], [ -78.3105099135214, 44.284322872324097 ], [ -78.310440873377999, 44.2843637388494 ], [ -78.310378201962095, 44.284484700272401 ], [ -78.310149567366693, 44.284814937270703 ], [ -78.310121555273795, 44.284901424288798 ], [ -78.309927412777299, 44.285244717419602 ], [ -78.309878316649502, 44.285397688327798 ], [ -78.309841914275793, 44.285470293280198 ], [ -78.309767041776894, 44.285572961199897 ], [ -78.309729637604406, 44.285645542504199 ], [ -78.309697472478007, 44.285669272041297 ], [ -78.309661761237194, 44.285682833955597 ], [ -78.309633799370403, 44.285702342096499 ], [ -78.3096218293948, 44.2857229464705 ], [ -78.309624405386998, 44.285776303758297 ], [ -78.309628624448706, 44.285793688573101 ], [ -78.309613698372601, 44.2858351097683 ], [ -78.309580827344703, 44.285852339718097 ], [ -78.309555639977205, 44.285876954800599 ], [ -78.309534638807804, 44.285919673244301 ], [ -78.309259954971793, 44.2862481027705 ], [ -78.309236045663596, 44.286332524691602 ], [ -78.309107297677897, 44.286495142099803 ], [ -78.309092535380302, 44.286532965963502 ], [ -78.309084948323999, 44.286567357854103 ], [ -78.309031647885405, 44.286636683284598 ], [ -78.309006231146597, 44.286666333501799 ], [ -78.308920928073903, 44.286799724574401 ], [ -78.308909400362893, 44.286832583101997 ], [ -78.308853293255595, 44.286897520934502 ], [ -78.308817958021095, 44.286924776599001 ], [ -78.308753524863505, 44.2870183261374 ], [ -78.308735888944298, 44.287053202205897 ], [ -78.308651178637504, 44.287129709362098 ], [ -78.308629748994306, 44.287181779537299 ], [ -78.308606070652701, 44.287217233341003 ], [ -78.308574774266802, 44.2872438639329 ], [ -78.308287566546795, 44.287582799105003 ], [ -78.308244185180598, 44.287610584176598 ], [ -78.308203446733401, 44.287646355817799 ], [ -78.308140769587794, 44.2877233821619 ], [ -78.308031033118397, 44.287820905386397 ], [ -78.307980574583496, 44.287849964802 ], [ -78.307821347584493, 44.287977290268103 ], [ -78.3075838227319, 44.2882381698751 ], [ -78.307548420273903, 44.288266864901303 ], [ -78.307516695273307, 44.288302847995702 ], [ -78.307479089122893, 44.288379745106504 ], [ -78.307410107853997, 44.288419170706199 ], [ -78.307395475501195, 44.288454116508703 ], [ -78.307375063828701, 44.288483884415797 ], [ -78.307344259585904, 44.288499722917798 ], [ -78.307325046817894, 44.2885251977549 ], [ -78.307313879659802, 44.288550142156602 ], [ -78.307271877192505, 44.288601252313804 ], [ -78.307359882316007, 44.288643677933599 ], [ -78.307361792344693, 44.2886539870767 ], [ -78.307327650325703, 44.288690633324599 ], [ -78.307278387581206, 44.288742857816999 ], [ -78.307259695868893, 44.288743227134198 ], [ -78.307180194470803, 44.288706698114602 ], [ -78.307155497810598, 44.288746627182199 ], [ -78.307101375307695, 44.288790005140299 ], [ -78.307065625175397, 44.288848220080098 ], [ -78.307056903395903, 44.288885465947502 ], [ -78.307036768017298, 44.288931085229699 ], [ -78.307045220923996, 44.288987462091399 ], [ -78.307057042733703, 44.288992062330301 ], [ -78.307032525605095, 44.289023893989501 ], [ -78.307025580201596, 44.289022289686699 ], [ -78.307012804377194, 44.289038553422102 ], [ -78.307005858972502, 44.289036949118 ], [ -78.307002097540007, 44.289053425520699 ], [ -78.307009814267502, 44.289060089587302 ], [ -78.306858221849495, 44.2893273171711 ], [ -78.306679178966903, 44.289536999190197 ], [ -78.306628772375007, 44.289615494467697 ], [ -78.306469758227706, 44.289559123711697 ], [ -78.305973557208404, 44.289407965061599 ], [ -78.305885540492397, 44.289380941883302 ], [ -78.305896311043597, 44.289355177112803 ], [ -78.306052761821107, 44.288980929514203 ], [ -78.306418837399605, 44.288377648490801 ], [ -78.307131517512403, 44.287256312024702 ], [ -78.307511289060301, 44.286598800669097 ], [ -78.308187281535297, 44.285356860958998 ], [ -78.307326793386494, 44.2850989721301 ], [ -78.307153632255805, 44.285113771528401 ], [ -78.3063806347905, 44.285227946471402 ], [ -78.306078242208301, 44.2852823966928 ], [ -78.305933580268004, 44.285309566857798 ], [ -78.3058877027254, 44.2853237672226 ], [ -78.3058613976647, 44.285344951150698 ], [ -78.305488015494802, 44.285229829269802 ], [ -78.304537259981998, 44.284934277016802 ], [ -78.303755328904302, 44.284694222312297 ], [ -78.302861762038503, 44.284508194444697 ], [ -78.302012373141906, 44.284150819951698 ] ] ] } },
{ "type": "Feature", "properties": { "OBJECTID": 45, "WARDTYPE": "SUBWARD", "WARDNAME": "404", "WARD_ID": 285, "YEAR": 2010, "ACTIVE": "Yes", "Shape__Area": 177921.929931641, "Shape__Length": 1790.1953237564201 }, "geometry": { "type": "Polygon", "coordinates": [ [ [ -78.301546240412506, 44.284740263980403 ], [ -78.300833639713503, 44.284458486912101 ], [ -78.300556260309804, 44.284299562418603 ], [ -78.300309982321494, 44.2841368777284 ], [ -78.300108209288297, 44.283887030332401 ], [ -78.299994311549696, 44.2836971860891 ], [ -78.299898036564898, 44.2834682641993 ], [ -78.299892907893195, 44.283457638415598 ], [ -78.299726944021401, 44.283113896390901 ], [ -78.299540325665504, 44.282718230673098 ], [ -78.299391491355905, 44.282421960020201 ], [ -78.299326925705998, 44.282253688858603 ], [ -78.299206710793101, 44.2819940639585 ], [ -78.299105262515994, 44.281726505861101 ], [ -78.299141162774504, 44.281455816366503 ], [ -78.299169416626398, 44.281331565583898 ], [ -78.299200148576503, 44.281223564066401 ], [ -78.299275263793305, 44.281061094159902 ], [ -78.299398199954595, 44.2808863738261 ], [ -78.299517002478396, 44.280755010296303 ], [ -78.299713584031295, 44.280567155636703 ], [ -78.299987274078305, 44.280309411809498 ], [ -78.3004113578192, 44.2799822690694 ], [ -78.301986784091994, 44.279052723450803 ], [ -78.302314984532998, 44.278898069694201 ], [ -78.302620804940901, 44.278778940580601 ], [ -78.302882906612894, 44.278693827387698 ], [ -78.303578335593002, 44.278504856107702 ], [ -78.303910025371394, 44.278451240348303 ], [ -78.304236267824805, 44.278441513304998 ], [ -78.304420550269697, 44.2784514181497 ], [ -78.304613032301702, 44.278486871820803 ], [ -78.304974087609295, 44.278578265875502 ], [ -78.3045006635964, 44.279552300627003 ], [ -78.304218885771803, 44.280132017144503 ], [ -78.303542708928106, 44.281526087109597 ], [ -78.3030835921885, 44.282467595965798 ], [ -78.303040017294506, 44.282557232760503 ], [ -78.302870862019901, 44.282942549604698 ], [ -78.302645548601802, 44.283350114790402 ], [ -78.302012373141906, 44.284150819951698 ], [ -78.301546240412506, 44.284740263980403 ] ] ] } },
{ "type": "Feature", "properties": { "OBJECTID": 46, "WARDTYPE": "SUBWARD", "WARDNAME": "521", "WARD_ID": 247, "YEAR": 2010, "ACTIVE": "Yes", "Shape__Area": 167084.16479492199, "Shape__Length": 1771.0607610757399 }, "geometry": { "type": "Polygon", "coordinates": [ [ [ -78.316925273822093, 44.343530140784601 ], [ -78.3150482458, 44.343978313572201 ], [ -78.311476697900403, 44.344830975138102 ], [ -78.310124369194298, 44.345149057736201 ], [ -78.309735345894197, 44.344315837454701 ], [ -78.310235419531693, 44.343872073834397 ], [ -78.310751357273105, 44.343396945327903 ], [ -78.311387425603698, 44.342789652711801 ], [ -78.311940547311806, 44.342205359607 ], [ -78.312539783206006, 44.341496627121401 ], [ -78.313428713171504, 44.340399550559503 ], [ -78.313710759352603, 44.340005808286101 ], [ -78.313812109373401, 44.339830944913203 ], [ -78.3145274236836, 44.3401170040162 ], [ -78.314624173353707, 44.340178583011799 ], [ -78.315184495748298, 44.340401995703402 ], [ -78.315246868767204, 44.340427884492499 ], [ -78.315303400217005, 44.340457281959502 ], [ -78.315351463009193, 44.340484397885497 ], [ -78.315389169292203, 44.340509037534297 ], [ -78.315443822811602, 44.340550608372602 ], [ -78.315476175321095, 44.340585684083301 ], [ -78.315495666762004, 44.3406088473876 ], [ -78.315519106454801, 44.340640681348702 ], [ -78.315548652255799, 44.340692418107103 ], [ -78.315571555503496, 44.340736111344697 ], [ -78.316355894868806, 44.342350736306301 ], [ -78.316925273822093, 44.343530140784601 ] ] ] } },
{ "type": "Feature", "properties": { "OBJECTID": 47, "WARDTYPE": "SUBWARD", "WARDNAME": "414", "WARD_ID": 259, "YEAR": 2010, "ACTIVE": "Yes", "Shape__Area": 556213.04638671898, "Shape__Length": 3539.20861135018 }, "geometry": { "type": "Polygon", "coordinates": [ [ [ -78.300196959007707, 44.314737001558598 ], [ -78.299969836772206, 44.3142826174875 ], [ -78.299828234704506, 44.314313859214103 ], [ -78.299631895103701, 44.314346878479 ], [ -78.299516736177196, 44.314356750738703 ], [ -78.299392723923305, 44.314341533383697 ], [ -78.299293141025103, 44.314317005266901 ], [ -78.299130283588397, 44.314259250562202 ], [ -78.299083900994106, 44.314237806819101 ], [ -78.299034168842894, 44.314210226739597 ], [ -78.298952005282004, 44.314160049311603 ], [ -78.298865300521797, 44.313974683307698 ], [ -78.298856182191699, 44.313927894438201 ], [ -78.298861213867198, 44.3138831005244 ], [ -78.298886533063893, 44.313798594756697 ], [ -78.298926986722194, 44.313725419684701 ], [ -78.299064023002998, 44.313531545051397 ], [ -78.299115612761398, 44.313452176631898 ], [ -78.2991545892407, 44.313375768740698 ], [ -78.299183794732201, 44.313286482559903 ], [ -78.299220448897501, 44.313180677887402 ], [ -78.2992374884399, 44.313094877791201 ], [ -78.299296152140599, 44.312753829459602 ], [ -78.299358565444706, 44.312329230508297 ], [ -78.299450652504603, 44.312020828224398 ], [ -78.299516821028902, 44.311858183233099 ], [ -78.299879109885694, 44.311011264123401 ], [ -78.299964239421996, 44.3107873876124 ], [ -78.300023123156194, 44.310589563619402 ], [ -78.300056658779198, 44.310434990701403 ], [ -78.300072648450595, 44.310298209948201 ], [ -78.300067416194096, 44.310172634420702 ], [ -78.300050606173698, 44.310074884475398 ], [ -78.300007358251307, 44.309873457184601 ], [ -78.299723047184997, 44.3089983742165 ], [ -78.299712098716796, 44.308936299500701 ], [ -78.299687244798506, 44.308790467163703 ], [ -78.299680511003999, 44.308593140009599 ], [ -78.299698640535098, 44.308412346740297 ], [ -78.299741490511707, 44.308174790612703 ], [ -78.299809478092399, 44.307927254455002 ], [ -78.300130996899895, 44.307925775931601 ], [ -78.300193221499796, 44.307931169307203 ], [ -78.300351471965698, 44.307936269794602 ], [ -78.302142521100706, 44.307951751308799 ], [ -78.302645774708097, 44.307946456580503 ], [ -78.302990268180196, 44.3079249595704 ], [ -78.303490450638094, 44.307853367763897 ], [ -78.305529491041796, 44.307388918602697 ], [ -78.307408907146694, 44.306947971249599 ], [ -78.309279799993107, 44.306500655639098 ], [ -78.311568636190202, 44.305965747171797 ], [ -78.312024101299002, 44.306986959377703 ], [ -78.312244286433298, 44.307490382878697 ], [ -78.312247200907095, 44.3075102432012 ], [ -78.312238360513106, 44.3075402015333 ], [ -78.312219910642497, 44.307581377918503 ], [ -78.312155335557804, 44.307672791194697 ], [ -78.311541063557499, 44.308516727743999 ], [ -78.311489685772401, 44.3085873138522 ], [ -78.311437508445394, 44.308690412619796 ], [ -78.311398395828903, 44.309038420785399 ], [ -78.311382971655803, 44.309082282697197 ], [ -78.311354360231903, 44.309133471941401 ], [ -78.311333735070605, 44.3091481107828 ], [ -78.311323140715004, 44.309155628828201 ], [ -78.311258198815295, 44.3091814783552 ], [ -78.310606801123399, 44.309345169 ], [ -78.308700191243304, 44.309818096137398 ], [ -78.306886323985395, 44.3102681841915 ], [ -78.307144604229194, 44.310884341258699 ], [ -78.307501354853301, 44.311623389137701 ], [ -78.308066186599902, 44.312762856383401 ], [ -78.306972993770103, 44.313036304019299 ], [ -78.305951361002599, 44.313292344255501 ], [ -78.303498180926198, 44.313910806817198 ], [ -78.303288832821593, 44.313973958025002 ], [ -78.302243062087896, 44.3142464243086 ], [ -78.301814943588795, 44.314352764934597 ], [ -78.301773965102399, 44.314359029092202 ], [ -78.300196959007707, 44.314737001558598 ] ] ] } },
{ "type": "Feature", "properties": { "OBJECTID": 48, "WARDTYPE": "SUBWARD", "WARDNAME": "411", "WARD_ID": 261, "YEAR": 2010, "ACTIVE": "Yes", "Shape__Area": 429549.38940429699, "Shape__Length": 4365.77469919552 }, "geometry": { "type": "Polygon", "coordinates": [ [ [ -78.314402113434994, 44.305906609079202 ], [ -78.3141602054515, 44.305862996728997 ], [ -78.313609279112796, 44.305763668654798 ], [ -78.313162838802796, 44.305681030790602 ], [ -78.313049675287203, 44.305673210254199 ], [ -78.312954790728398, 44.305674070041697 ], [ -78.312852262155602, 44.305685066982498 ], [ -78.312756629928202, 44.305702412892202 ], [ -78.312109026365206, 44.305839448926399 ], [ -78.311568636190202, 44.305965747171797 ], [ -78.309279799993107, 44.306500655639098 ], [ -78.309254887888997, 44.306370950610301 ], [ -78.309140722222907, 44.304513946935302 ], [ -78.309141680451603, 44.304294651084497 ], [ -78.309079399657705, 44.303277172648798 ], [ -78.309018754408896, 44.302049085567198 ], [ -78.308973604897901, 44.301042371029197 ], [ -78.308960852143599, 44.300758057853699 ], [ -78.304580958155995, 44.300908242312801 ], [ -78.304029490468395, 44.300926227999099 ], [ -78.303582358032401, 44.300938863100399 ], [ -78.304779241359995, 44.298673522960897 ], [ -78.304968108553396, 44.298727712780803 ], [ -78.305063402437, 44.298771015337699 ], [ -78.3050682136641, 44.2987754502633 ], [ -78.305120634692301, 44.2987694856498 ], [ -78.305146417101, 44.298775856121097 ], [ -78.305349709322101, 44.2987820958366 ], [ -78.305437713871896, 44.298809381104498 ], [ -78.305458158240299, 44.298822827721203 ], [ -78.305463510287495, 44.298837358513403 ], [ -78.305463697799993, 44.298920908763002 ], [ -78.305379374591794, 44.299010386481399 ], [ -78.305372573701504, 44.2990275112777 ], [ -78.305382012592304, 44.299062304782602 ], [ -78.305376147608399, 44.299080892117701 ], [ -78.305311370650799, 44.299137700963797 ], [ -78.305212190194496, 44.299179293126102 ], [ -78.305182085053701, 44.299201629520603 ], [ -78.305110880471105, 44.299247681228401 ], [ -78.3052359831117, 44.299207223286302 ], [ -78.305251337729104, 44.299200383549099 ], [ -78.305441685618007, 44.299117009914397 ], [ -78.305470934508307, 44.299113379025798 ], [ -78.3054997553444, 44.299119100918901 ], [ -78.305521399162402, 44.299128254501902 ], [ -78.305543959953894, 44.299161197071598 ], [ -78.305550260692399, 44.299198797375702 ], [ -78.305584338435693, 44.299243290480902 ], [ -78.305601264847695, 44.299289784269199 ], [ -78.305665164302297, 44.299351305121597 ], [ -78.306217432635094, 44.299723129247603 ], [ -78.306563905979104, 44.299762051533598 ], [ -78.306963367116893, 44.299762365788801 ], [ -78.307190984538295, 44.299811532406402 ], [ -78.3072145666371, 44.299822171838201 ], [ -78.307286168542106, 44.299835384501598 ], [ -78.307336403966204, 44.299855295324299 ], [ -78.307587881206899, 44.299904440606397 ], [ -78.307624011271898, 44.299903852363798 ], [ -78.307675921432093, 44.299931004764197 ], [ -78.30771075362, 44.299936867884703 ], [ -78.3078159484526, 44.299971755391098 ], [ -78.308071554811605, 44.299994550420699 ], [ -78.308316615957906, 44.3000217380471 ], [ -78.308376592896906, 44.3000260332281 ], [ -78.308412180495296, 44.300015348828602 ], [ -78.308449282364705, 44.299971569886701 ], [ -78.308441285936496, 44.299949054434201 ], [ -78.308463850254896, 44.299938062931901 ], [ -78.308468319135898, 44.299928085190302 ], [ -78.308540562988995, 44.299905301075 ], [ -78.308587073962201, 44.299897034848598 ], [ -78.308590653533102, 44.299906482142603 ], [ -78.308697349255297, 44.299878712451999 ], [ -78.308736507105394, 44.299853023465602 ], [ -78.308750830695104, 44.299802945594401 ], [ -78.308767714327701, 44.299784617872099 ], [ -78.308774514337699, 44.2997674928531 ], [ -78.308773841431602, 44.299760274762399 ], [ -78.308758979118394, 44.299756323242399 ], [ -78.308723393673304, 44.299437866077497 ], [ -78.3089209260676, 44.299416595165297 ], [ -78.308953800746295, 44.299772439937897 ], [ -78.308978349630095, 44.299827755597001 ], [ -78.308991486718298, 44.299847511312898 ], [ -78.309046534386297, 44.299871856166099 ], [ -78.309071758707503, 44.299890456376602 ], [ -78.309246821300704, 44.299965885239097 ], [ -78.309252956878296, 44.299963624327603 ], [ -78.309256445569901, 44.2999308212028 ], [ -78.309285465759004, 44.299932225502801 ], [ -78.3092800118133, 44.299963786733301 ], [ -78.309279946049799, 44.299965225628199 ], [ -78.3094876756861, 44.300006133250697 ], [ -78.309504403640503, 44.300012274912902 ], [ -78.309502752854399, 44.299983441505098 ], [ -78.309533709644597, 44.299986331833502 ], [ -78.309528702734099, 44.299942280243101 ], [ -78.309552778547996, 44.299942126589599 ], [ -78.309558787223494, 44.299986202690803 ], [ -78.309735726583099, 44.299976688775097 ], [ -78.309733997759295, 44.300080360078702 ], [ -78.309782116545307, 44.300080773928997 ], [ -78.309785077201994, 44.2999720900984 ], [ -78.309902417899394, 44.2999719746282 ], [ -78.309974413897507, 44.299976552220102 ], [ -78.309974184378802, 44.299981602773698 ], [ -78.310171603093906, 44.2999848001812 ], [ -78.310208800751298, 44.299982795831497 ], [ -78.310352335195404, 44.300002022917703 ], [ -78.310375885103397, 44.3000133811599 ], [ -78.310521570520194, 44.3000513845029 ], [ -78.310584583444495, 44.3000989634088 ], [ -78.310607131687505, 44.300110297102698 ], [ -78.310632915289105, 44.300116667261598 ], [ -78.310645577055396, 44.3001248880269 ], [ -78.310649255567895, 44.300132176919803 ], [ -78.310648795453901, 44.300142249195297 ], [ -78.310695551011804, 44.300150552990097 ], [ -78.310743391145095, 44.3001972449728 ], [ -78.311007926088394, 44.300302247412297 ], [ -78.311153169506397, 44.300341389190798 ], [ -78.311295670531706, 44.300361310968803 ], [ -78.311345021385094, 44.300356711622797 ], [ -78.311452394551694, 44.300333312657301 ], [ -78.311476963329895, 44.300322367770399 ], [ -78.311480297269298, 44.300315244069402 ], [ -78.311491415582097, 44.300313345271803 ], [ -78.311506046800702, 44.3003136898798 ], [ -78.311497196939101, 44.300274589421399 ], [ -78.311536562617704, 44.300269034589 ], [ -78.311546106180899, 44.300310294044898 ], [ -78.311665858120904, 44.3003145728917 ], [ -78.311701447852798, 44.300303887515199 ], [ -78.311725343302896, 44.300285724491303 ], [ -78.3117528516932, 44.300276289220399 ], [ -78.311860175142002, 44.300275935821603 ], [ -78.311888225397993, 44.300276596394902 ], [ -78.311929463237902, 44.300273966405399 ], [ -78.311964985950098, 44.300264719813498 ], [ -78.312002742182997, 44.300250484248501 ], [ -78.312070108850307, 44.3002247021549 ], [ -78.312157659184095, 44.300174187500303 ], [ -78.312177810085203, 44.300150173526497 ], [ -78.312174082140402, 44.300121997063599 ], [ -78.312235470652695, 44.300051421203101 ], [ -78.312283655173701, 44.300050395100001 ], [ -78.312294461369405, 44.300033364200097 ], [ -78.312366590242505, 44.299991128940597 ], [ -78.312416476096601, 44.299940586122403 ], [ -78.312515580073807, 44.299828747979298 ], [ -78.313092499757403, 44.299247663270002 ], [ -78.313387606537802, 44.298890176692097 ], [ -78.313408331421996, 44.298875539800498 ], [ -78.313530560567301, 44.298724288871597 ], [ -78.313614017729094, 44.298653510513397 ], [ -78.313616874777296, 44.298634851960401 ], [ -78.313635530323097, 44.298621606771903 ], [ -78.313724963832698, 44.298507755612903 ], [ -78.313734652075297, 44.2984712522479 ], [ -78.3137960868237, 44.298421562175001 ], [ -78.313815744025405, 44.298408340528198 ], [ -78.313877638172698, 44.298348578102498 ], [ -78.313884338053299, 44.298333611085297 ], [ -78.3139058346149, 44.298324033820499 ], [ -78.313984954116194, 44.298216421749601 ], [ -78.3141406165837, 44.298079641100003 ], [ -78.314157021417898, 44.298049777741198 ], [ -78.314153703604305, 44.2980345749951 ], [ -78.314159500077594, 44.298017426035798 ], [ -78.3142689511306, 44.297926372348101 ], [ -78.314464300624493, 44.297688973598397 ], [ -78.314459915362505, 44.2976751861924 ], [ -78.314509671304194, 44.297595691823098 ], [ -78.314511230914206, 44.297583484726303 ], [ -78.314544533916404, 44.297556899753502 ], [ -78.3145503302229, 44.297539750768998 ], [ -78.314583665996494, 44.297512446332597 ], [ -78.314584387909306, 44.297496618412801 ], [ -78.314654491163495, 44.297432727343697 ], [ -78.314677629825098, 44.297431111014099 ], [ -78.314897170676602, 44.297300873592597 ], [ -78.314921606317299, 44.297292805715998 ], [ -78.315225812916097, 44.297065168440398 ], [ -78.315521468394294, 44.2969590469217 ], [ -78.315613381295293, 44.296944643325297 ], [ -78.315704784411594, 44.296919424322098 ], [ -78.315805578918301, 44.296864176720703 ], [ -78.315856059498898, 44.296856721088801 ], [ -78.316101891284703, 44.296787598279799 ], [ -78.316143782444101, 44.296770577662699 ], [ -78.316319381875601, 44.2967682242341 ], [ -78.316375231719604, 44.296752972153598 ], [ -78.316469624690598, 44.296750149739999 ], [ -78.316501483589306, 44.296755220052397 ], [ -78.316555661124497, 44.2967766599415 ], [ -78.316713463492206, 44.296812779563403 ], [ -78.316933753922299, 44.296907985616002 ], [ -78.316960065111104, 44.296946775880102 ], [ -78.317001121987801, 44.296970067824901 ], [ -78.317019335505293, 44.296988501499101 ], [ -78.317100666332394, 44.297096285881501 ], [ -78.317117863651006, 44.2971370225671 ], [ -78.317114006057906, 44.297155657696699 ], [ -78.317135458132697, 44.297213059509303 ], [ -78.317142769158593, 44.2972506829365 ], [ -78.317106651841399, 44.2973830752968 ], [ -78.317097297433406, 44.297456318172401 ], [ -78.3170988821701, 44.297553585514201 ], [ -78.317090463901806, 44.297628290836101 ], [ -78.317017510705, 44.297754775810603 ], [ -78.316934747346707, 44.297810448303601 ], [ -78.3168691483895, 44.297907576903803 ], [ -78.316864849793006, 44.297957891463298 ], [ -78.316830367226501, 44.298010377410002 ], [ -78.316805971296304, 44.298105592694597 ], [ -78.316764654821398, 44.298131990857399 ], [ -78.316740812674794, 44.298171042661899 ], [ -78.316550374405594, 44.298322854246301 ], [ -78.316523771048296, 44.298334472624397 ], [ -78.316338784799399, 44.2984986558087 ], [ -78.316317881973703, 44.298539216172301 ], [ -78.316194935712105, 44.298662365454099 ], [ -78.316040611775406, 44.298879845326098 ], [ -78.316025602986102, 44.298901099105699 ], [ -78.316012696131395, 44.298920241638498 ], [ -78.316000758244996, 44.298940127176103 ], [ -78.315993829229598, 44.298960130488503 ], [ -78.315980922350803, 44.298979273016897 ], [ -78.315964008357497, 44.298998321321598 ], [ -78.315950132482698, 44.2990167208389 ], [ -78.315934285844307, 44.2990343537912 ], [ -78.315917404619299, 44.299052682636599 ], [ -78.315899620005695, 44.299068829568597 ], [ -78.315882804359902, 44.2990857195053 ], [ -78.315872935551198, 44.299104213236802 ], [ -78.315867073850001, 44.299122801192802 ], [ -78.315860308808595, 44.299139206338303 ], [ -78.315856516217906, 44.299156403403003 ], [ -78.315851820288302, 44.299171417657099 ], [ -78.315844086216501, 44.299187080692597 ], [ -78.3158353503607, 44.299202720170697 ], [ -78.315824676541894, 44.2992168736316 ], [ -78.315809026617401, 44.299230189855201 ], [ -78.315790436947196, 44.299241996502303 ], [ -78.315773850830993, 44.299253850260698 ], [ -78.315765180590503, 44.299268049930497 ], [ -78.3157654606905, 44.299283902317498 ], [ -78.315769747957305, 44.299299848034501 ], [ -78.315764050210802, 44.299314838726602 ], [ -78.3157444259204, 44.299327341259101 ], [ -78.315722896464706, 44.299337638318597 ], [ -78.315701563817598, 44.299343618665702 ], [ -78.315681462569103, 44.299344586407699 ], [ -78.315679968742799, 44.299355354619301 ], [ -78.315690397897598, 44.299368563882098 ], [ -78.315708972570704, 44.299379082902902 ], [ -78.315722407044007, 44.299392363735997 ], [ -78.315722687172496, 44.299408215223202 ], [ -78.315715987618802, 44.299423182354197 ], [ -78.315707481310199, 44.299433785661002 ], [ -78.315696002449897, 44.299443598841599 ], [ -78.3156834561957, 44.299454827365501 ], [ -78.315677922426005, 44.299466220795502 ], [ -78.315679335538803, 44.299479218035302 ], [ -78.315690799301606, 44.299491731405197 ], [ -78.315691145026705, 44.299506143989497 ], [ -78.315678565954599, 44.299518091963598 ], [ -78.315683953406307, 44.299531902887402 ], [ -78.315690506661198, 44.299542140112699 ], [ -78.315686204291396, 44.299548520941798 ], [ -78.315684003901396, 44.299552790533198 ], [ -78.315682936509404, 44.299554205877598 ], [ -78.315699003104896, 44.299641729747599 ], [ -78.315587698634701, 44.299795401472203 ], [ -78.3155845948516, 44.299797489148403 ], [ -78.314959171048201, 44.300603112866597 ], [ -78.314947626202496, 44.300614364862803 ], [ -78.314932469882095, 44.300660822812397 ], [ -78.314938169968997, 44.300689765797401 ], [ -78.314929606254296, 44.300731304854096 ], [ -78.314906403463993, 44.300746447304498 ], [ -78.314883200661797, 44.300761589749897 ], [ -78.314874967790502, 44.300793125490898 ], [ -78.314874929212607, 44.300816371567201 ], [ -78.314872854867005, 44.300839450918701 ], [ -78.314834347902305, 44.300884307140997 ], [ -78.314790704546397, 44.300927823544697 ], [ -78.314770748349304, 44.300964653517703 ], [ -78.314756722103098, 44.301002683513097 ], [ -78.314752054596099, 44.301025749574002 ], [ -78.314747821805895, 44.301048849268298 ], [ -78.314734491604099, 44.301096518707901 ], [ -78.314733305134695, 44.301143692380798 ], [ -78.314748407611901, 44.301187990235803 ], [ -78.314763508858107, 44.301232288059701 ], [ -78.314758805274394, 44.301258123427303 ], [ -78.314761055939996, 44.301274741490502 ], [ -78.3147476403756, 44.3013270021411 ], [ -78.314712397250304, 44.301352101071103 ], [ -78.3147360798378, 44.301360580643198 ], [ -78.314745902908896, 44.301409066633802 ], [ -78.314737314986004, 44.301443435287197 ], [ -78.314649799387297, 44.301537166081502 ], [ -78.314643166662805, 44.301594627843201 ], [ -78.314633362647697, 44.301611682539402 ], [ -78.314561036375096, 44.301658235914402 ], [ -78.314530820945706, 44.301748993313304 ], [ -78.314525944750997, 44.301789931274499 ], [ -78.314507568141394, 44.301819028058503 ], [ -78.314435930751699, 44.301850472887899 ], [ -78.314426093810098, 44.301868247013203 ], [ -78.314432401706497, 44.301905846987999 ], [ -78.314417443077502, 44.301991921745298 ], [ -78.314420687578306, 44.302250557930897 ], [ -78.314378041579701, 44.302415925952097 ], [ -78.314354134800098, 44.302588216851099 ], [ -78.314279575057995, 44.3026836926119 ], [ -78.3142659931585, 44.3026956168287 ], [ -78.314276178488896, 44.302780122492202 ], [ -78.314411362156605, 44.302877601807801 ], [ -78.314504762949298, 44.302944781310401 ], [ -78.314737430837397, 44.303089866457 ], [ -78.314796869669095, 44.303127996052901 ], [ -78.314854567424305, 44.303160322882903 ], [ -78.314895430747001, 44.303187932351399 ], [ -78.314898339699994, 44.303234095008101 ], [ -78.315015575213096, 44.303302392927698 ], [ -78.315059772408503, 44.303322878533599 ], [ -78.315152296298294, 44.303515193508098 ], [ -78.315169596462397, 44.303641639323999 ], [ -78.315177941496501, 44.303678566941898 ], [ -78.315113666692895, 44.3038563904813 ], [ -78.315053232892495, 44.303993971880999 ], [ -78.315029427595704, 44.3042080381624 ], [ -78.314929323981403, 44.304643578580702 ], [ -78.314909000049397, 44.304714496125797 ], [ -78.314894658314998, 44.304765935535201 ], [ -78.314874278924094, 44.3048389188058 ], [ -78.314852818204301, 44.304979577517599 ], [ -78.314818573485198, 44.305004699951503 ], [ -78.314785714834301, 44.3051314063026 ], [ -78.314745511715898, 44.305221208538597 ], [ -78.314724161642999, 44.305293448720498 ], [ -78.314679179895904, 44.305378096960197 ], [ -78.3146344124862, 44.3055239691016 ], [ -78.314517183580193, 44.305763205790697 ], [ -78.314402113434994, 44.305906609079202 ] ] ] } },
{ "type": "Feature", "properties": { "OBJECTID": 49, "WARDTYPE": "SUBWARD", "WARDNAME": "412", "WARD_ID": 262, "YEAR": 2010, "ACTIVE": "Yes", "Shape__Area": 456859.49829101597, "Shape__Length": 2756.2998443577399 }, "geometry": { "type": "Polygon", "coordinates": [ [ [ -78.309279799993107, 44.306500655639098 ], [ -78.307408907146694, 44.306947971249599 ], [ -78.305529491041796, 44.307388918602697 ], [ -78.303490450638094, 44.307853367763897 ], [ -78.302990268180196, 44.3079249595704 ], [ -78.302645774708097, 44.307946456580503 ], [ -78.302142521100706, 44.307951751308799 ], [ -78.300351471965698, 44.307936269794602 ], [ -78.300193221499796, 44.307931169307203 ], [ -78.300130996899895, 44.307925775931601 ], [ -78.299809478092399, 44.307927254455002 ], [ -78.299838297462898, 44.307822328291202 ], [ -78.299851795265099, 44.307773193566099 ], [ -78.300147897584793, 44.3066194306206 ], [ -78.300265007380403, 44.306364098234098 ], [ -78.301904276042407, 44.303373795020498 ], [ -78.302022061060995, 44.303170476697098 ], [ -78.302077102106693, 44.302986756171599 ], [ -78.302126818892404, 44.3027929346975 ], [ -78.302139189821602, 44.302631983743098 ], [ -78.302137831632095, 44.3024991354661 ], [ -78.302136682612797, 44.302386451150298 ], [ -78.302220109382304, 44.301891105859298 ], [ -78.302291234487996, 44.301358218939697 ], [ -78.302301860111797, 44.300975036291597 ], [ -78.303582358032401, 44.300938863100399 ], [ -78.304029490468395, 44.300926227999099 ], [ -78.304580958155995, 44.300908242312801 ], [ -78.308960852143599, 44.300758057853699 ], [ -78.308973604897901, 44.301042371029197 ], [ -78.309018754408896, 44.302049085567198 ], [ -78.309079399657705, 44.303277172648798 ], [ -78.309141680451603, 44.304294651084497 ], [ -78.309140722222907, 44.304513946935302 ], [ -78.309254887888997, 44.306370950610301 ], [ -78.309279799993107, 44.306500655639098 ] ] ] } },
{ "type": "Feature", "properties": { "OBJECTID": 50, "WARDTYPE": "SUBWARD", "WARDNAME": "413", "WARD_ID": 263, "YEAR": 2010, "ACTIVE": "Yes", "Shape__Area": 1427978.10864258, "Shape__Length": 5993.80025759203 }, "geometry": { "type": "Polygon", "coordinates": [ [ [ -78.289526885267193, 44.315341262964303 ], [ -78.289461449313393, 44.315234139146597 ], [ -78.285254200695107, 44.306008688902999 ], [ -78.285608894278397, 44.305929529877503 ], [ -78.285627792297802, 44.305925460783698 ], [ -78.285723777464696, 44.305905100403798 ], [ -78.286860070814797, 44.3056634703713 ], [ -78.287268924112198, 44.305576525899298 ], [ -78.287614182203001, 44.305503103417898 ], [ -78.287596165507196, 44.305459732074702 ], [ -78.2894430587003, 44.305066420736502 ], [ -78.289461386921602, 44.305109724466199 ], [ -78.290493031395499, 44.304887874739102 ], [ -78.294197446886997, 44.304098664765398 ], [ -78.294139903170304, 44.3039713887893 ], [ -78.297657970006796, 44.303172382784801 ], [ -78.297603943217894, 44.303047573028898 ], [ -78.297023139317702, 44.301660685152001 ], [ -78.296701491290705, 44.300863657687898 ], [ -78.296679878001498, 44.300751727434601 ], [ -78.296647012255406, 44.300389138189303 ], [ -78.296657215065906, 44.300207981023902 ], [ -78.296705744936702, 44.300017540401598 ], [ -78.296766194695493, 44.299852463787602 ], [ -78.297083782360502, 44.299148980932003 ], [ -78.297679455929597, 44.2978027858451 ], [ -78.297692281326704, 44.297656959907698 ], [ -78.297682628861594, 44.297591090304898 ], [ -78.297662959552895, 44.297503232836299 ], [ -78.297611372544793, 44.297383102782199 ], [ -78.297529994985695, 44.2972761244868 ], [ -78.297303636359501, 44.296974033385602 ], [ -78.297161202050901, 44.296735907836101 ], [ -78.297113058501495, 44.2965777196885 ], [ -78.297023693691798, 44.296152072996101 ], [ -78.297298673843002, 44.296130729538902 ], [ -78.297403454280101, 44.296131215406199 ], [ -78.297665663793296, 44.296148212250799 ], [ -78.297850576130003, 44.296172122197902 ], [ -78.298047752551696, 44.2962115548588 ], [ -78.2981885779527, 44.296254784971701 ], [ -78.298543915451404, 44.296400476787397 ], [ -78.299070188147198, 44.296648591100897 ], [ -78.299225070696096, 44.296708415180099 ], [ -78.299376618740496, 44.296745293085301 ], [ -78.299536356500894, 44.296763880023597 ], [ -78.299691212533006, 44.296765152334899 ], [ -78.299847230014095, 44.296747877365597 ], [ -78.300457077166797, 44.296608721423702 ], [ -78.301852076905007, 44.299645899612798 ], [ -78.301944376109603, 44.299848652458898 ], [ -78.302224036271895, 44.300554905351198 ], [ -78.302301860111797, 44.300975036291597 ], [ -78.302291234487996, 44.301358218939697 ], [ -78.302220109382304, 44.301891105859298 ], [ -78.302136682612797, 44.302386451150298 ], [ -78.302137831632095, 44.3024991354661 ], [ -78.302139189821602, 44.302631983743098 ], [ -78.302126818892404, 44.3027929346975 ], [ -78.302077102106693, 44.302986756171599 ], [ -78.302022061060995, 44.303170476697098 ], [ -78.301904276042407, 44.303373795020498 ], [ -78.300265007380403, 44.306364098234098 ], [ -78.300147897584793, 44.3066194306206 ], [ -78.299979997280403, 44.3072736626576 ], [ -78.299809478092399, 44.307927254455002 ], [ -78.299741490511707, 44.308174790612703 ], [ -78.299698640535098, 44.308412346740297 ], [ -78.299680511003999, 44.308593140009599 ], [ -78.299687244798506, 44.308790467163703 ], [ -78.299712098716796, 44.308936299500701 ], [ -78.299723047184997, 44.3089983742165 ], [ -78.300007358251307, 44.309873457184601 ], [ -78.300050606173698, 44.310074884475398 ], [ -78.300067416194096, 44.310172634420702 ], [ -78.300072648450595, 44.310298209948201 ], [ -78.300056658779198, 44.310434990701403 ], [ -78.300023123156194, 44.310589563619402 ], [ -78.299964239421996, 44.3107873876124 ], [ -78.299879109885694, 44.311011264123401 ], [ -78.299516821028902, 44.311858183233099 ], [ -78.299450652504603, 44.312020828224398 ], [ -78.299358565444706, 44.312329230508297 ], [ -78.299296152140599, 44.312753829459602 ], [ -78.2992374884399, 44.313094877791201 ], [ -78.299220448897501, 44.313180677887402 ], [ -78.299183794732201, 44.313286482559903 ], [ -78.298848182130996, 44.313238269907004 ], [ -78.298614279431604, 44.313222979165701 ], [ -78.298495242087697, 44.313224187978697 ], [ -78.298329513945504, 44.313240730613302 ], [ -78.298053085105394, 44.313295705253097 ], [ -78.2974048827096, 44.313450403928201 ], [ -78.296704789860499, 44.313629704330303 ], [ -78.291381203144098, 44.314879956418899 ], [ -78.2897146961527, 44.315297650524499 ], [ -78.289526885267193, 44.315341262964303 ] ] ] } },
{ "type": "Feature", "properties": { "OBJECTID": 51, "WARDTYPE": "SUBWARD", "WARDNAME": "409", "WARD_ID": 264, "YEAR": 2010, "ACTIVE": "Yes", "Shape__Area": 189762.24169921901, "Shape__Length": 2143.0521907541802 }, "geometry": { "type": "Polygon", "coordinates": [ [ [ -78.294139903170304, 44.3039713887893 ], [ -78.293864152519802, 44.303354708461399 ], [ -78.294356772228994, 44.303248753316403 ], [ -78.293141973946604, 44.300673855162898 ], [ -78.293356569095295, 44.300516382500803 ], [ -78.293443305374097, 44.300432343796402 ], [ -78.293568803128494, 44.300261058062802 ], [ -78.293894049760596, 44.299837107623702 ], [ -78.2941307998735, 44.2994892169583 ], [ -78.294693886130602, 44.298195104254603 ], [ -78.294996197993996, 44.297519180861499 ], [ -78.295238677835698, 44.297095321221498 ], [ -78.295394307783297, 44.296923562612498 ], [ -78.295510465424798, 44.296797884705903 ], [ -78.295641042866606, 44.296686182128198 ], [ -78.295895331300102, 44.296498711414998 ], [ -78.296081647375303, 44.2964011127006 ], [ -78.296257967678997, 44.2963262736262 ], [ -78.296578186610702, 44.296222673681001 ], [ -78.296752538845396, 44.296181720521901 ], [ -78.296891571155697, 44.2961602301678 ], [ -78.297023693691798, 44.296152072996101 ], [ -78.297113058501495, 44.2965777196885 ], [ -78.297161202050901, 44.296735907836101 ], [ -78.297303636359501, 44.296974033385602 ], [ -78.297529994985695, 44.2972761244868 ], [ -78.297611372544793, 44.297383102782199 ], [ -78.297662959552895, 44.297503232836299 ], [ -78.297682628861594, 44.297591090304898 ], [ -78.297692281326704, 44.297656959907698 ], [ -78.297679455929597, 44.2978027858451 ], [ -78.297083782360502, 44.299148980932003 ], [ -78.296766194695493, 44.299852463787602 ], [ -78.296705744936702, 44.300017540401598 ], [ -78.296657215065906, 44.300207981023902 ], [ -78.296647012255406, 44.300389138189303 ], [ -78.296679878001498, 44.300751727434601 ], [ -78.296701491290705, 44.300863657687898 ], [ -78.297023139317702, 44.301660685152001 ], [ -78.297603943217894, 44.303047573028898 ], [ -78.297657970006796, 44.303172382784801 ], [ -78.294139903170304, 44.3039713887893 ] ] ] } },
{ "type": "Feature", "properties": { "OBJECTID": 52, "WARDTYPE": "SUBWARD", "WARDNAME": "408", "WARD_ID": 265, "YEAR": 2010, "ACTIVE": "Yes", "Shape__Area": 1465684.9541015599, "Shape__Length": 6020.9227290856197 }, "geometry": { "type": "Polygon", "coordinates": [ [ [ -78.294139903170304, 44.3039713887893 ], [ -78.294197446886997, 44.304098664765398 ], [ -78.290493031395499, 44.304887874739102 ], [ -78.289461386921602, 44.305109724466199 ], [ -78.2894430587003, 44.305066420736502 ], [ -78.287596165507196, 44.305459732074702 ], [ -78.287614182203001, 44.305503103417898 ], [ -78.287268924112198, 44.305576525899298 ], [ -78.286860070814797, 44.3056634703713 ], [ -78.285723777464696, 44.305905100403798 ], [ -78.285627792297802, 44.305925460783698 ], [ -78.285608894278397, 44.305929529877503 ], [ -78.285254200695107, 44.306008688902999 ], [ -78.285235999879902, 44.305968773477503 ], [ -78.283869493956104, 44.302971738734598 ], [ -78.282403778460903, 44.299922130509998 ], [ -78.2823354500254, 44.299779957757401 ], [ -78.274644068197503, 44.301719437237402 ], [ -78.273887840711694, 44.300273819707201 ], [ -78.273274396241405, 44.299176867929603 ], [ -78.273820745551305, 44.2990444294973 ], [ -78.273058769258398, 44.296500286469701 ], [ -78.273038012254503, 44.296430976934403 ], [ -78.273222489048095, 44.296387114688798 ], [ -78.276036890185196, 44.295713451868302 ], [ -78.276906924166994, 44.2955051802656 ], [ -78.276912875034398, 44.295499340783401 ], [ -78.276845519251594, 44.295316874324001 ], [ -78.279582002084098, 44.2946316759665 ], [ -78.282993948551606, 44.293861836128698 ], [ -78.284886337452093, 44.2934017365031 ], [ -78.286834059717094, 44.2929677215091 ], [ -78.287914925584801, 44.292699924052599 ], [ -78.288665141457898, 44.292476497005303 ], [ -78.289598602708296, 44.294287922800599 ], [ -78.289777259252702, 44.294703541719798 ], [ -78.290754775146098, 44.296771909478601 ], [ -78.290836335611601, 44.296944480413302 ], [ -78.290931407909795, 44.297145637102503 ], [ -78.291009460370205, 44.297310778379099 ], [ -78.291070830423394, 44.297440628909598 ], [ -78.291132200776602, 44.297570478512 ], [ -78.291193571305499, 44.297700329884002 ], [ -78.291218332587704, 44.297752719496501 ], [ -78.291254947143003, 44.297830180446702 ], [ -78.291651961587803, 44.297733951664497 ], [ -78.291786339667993, 44.297699961188599 ], [ -78.291909504263003, 44.297956089233502 ], [ -78.292361418138697, 44.297850054612297 ], [ -78.292418511847401, 44.297833752650803 ], [ -78.292467197116196, 44.2978078487087 ], [ -78.293025546602806, 44.297404683840398 ], [ -78.293114448433499, 44.297351972367103 ], [ -78.293197600951899, 44.297310777689503 ], [ -78.293310667294193, 44.297266860424102 ], [ -78.293932226106705, 44.297084656140598 ], [ -78.2940202393428, 44.297044922909301 ], [ -78.294109208765903, 44.296983508367603 ], [ -78.2943318386789, 44.296765070131897 ], [ -78.294385428930894, 44.296732227048601 ], [ -78.294448542643394, 44.296720294464698 ], [ -78.294500516524394, 44.296737029154301 ], [ -78.295238677835698, 44.297095321221498 ], [ -78.294996197993996, 44.297519180861499 ], [ -78.294693886130602, 44.298195104254603 ], [ -78.2941307998735, 44.2994892169583 ], [ -78.293894049760596, 44.299837107623702 ], [ -78.293568803128494, 44.300261058062802 ], [ -78.293443305374097, 44.300432343796402 ], [ -78.293356569095295, 44.300516382500803 ], [ -78.293141973946604, 44.300673855162898 ], [ -78.294356772228994, 44.303248753316403 ], [ -78.293864152519802, 44.303354708461399 ], [ -78.294139903170304, 44.3039713887893 ] ] ] } },
{ "type": "Feature", "properties": { "OBJECTID": 53, "WARDTYPE": "SUBWARD", "WARDNAME": "402", "WARD_ID": 287, "YEAR": 2010, "ACTIVE": "Yes", "Shape__Area": 173903.90576171901, "Shape__Length": 1880.99235732749 }, "geometry": { "type": "Polygon", "coordinates": [ [ [ -78.309370400864793, 44.278101666872303 ], [ -78.311342230160307, 44.2776759488547 ], [ -78.311536188155799, 44.278062794464901 ], [ -78.311559439956099, 44.278097199859701 ], [ -78.311583102880803, 44.278122705752097 ], [ -78.311626431414496, 44.278152239906703 ], [ -78.311687368180699, 44.278176844667797 ], [ -78.311756309261298, 44.278189160006697 ], [ -78.311858212087003, 44.278186212132098 ], [ -78.312000846919801, 44.278161057307102 ], [ -78.315301962610107, 44.2773737689783 ], [ -78.315445966817194, 44.277556985093803 ], [ -78.315526279167599, 44.2776781466819 ], [ -78.315624235121902, 44.277837495318302 ], [ -78.3157463307586, 44.278096651300203 ], [ -78.315788614298796, 44.278191526906198 ], [ -78.316046587401104, 44.2788115385423 ], [ -78.316035691215205, 44.278833741652299 ], [ -78.316038484270905, 44.278860455640498 ], [ -78.316032428291805, 44.278883360439799 ], [ -78.315962940764607, 44.278934302980602 ], [ -78.315929025311604, 44.278974558318602 ], [ -78.3158875912262, 44.279003833482101 ], [ -78.315779002025806, 44.2791208373636 ], [ -78.315706293696806, 44.2791544186152 ], [ -78.315580613794197, 44.279272460853797 ], [ -78.315573901961798, 44.2793097546976 ], [ -78.3155513637345, 44.279342355004403 ], [ -78.3153989422606, 44.279497219837303 ], [ -78.315373250465498, 44.279511020099498 ], [ -78.315339940511507, 44.2795159984896 ], [ -78.315309241469393, 44.279529680972502 ], [ -78.315309554433398, 44.279544813051302 ], [ -78.315324725158206, 44.279563895693897 ], [ -78.315316960988895, 44.279580278255601 ], [ -78.315167539708995, 44.279691279630299 ], [ -78.3151230198592, 44.279744249346997 ], [ -78.314914845545204, 44.279934533613996 ], [ -78.314899546401193, 44.279962262497797 ], [ -78.314775913918695, 44.280057304805098 ], [ -78.314754098962297, 44.280118010723797 ], [ -78.314578425436395, 44.2802550420637 ], [ -78.314535612376204, 44.280314533720002 ], [ -78.314387993879805, 44.280429897816902 ], [ -78.314382971329493, 44.280452106611797 ], [ -78.314358658648203, 44.2804796233562 ], [ -78.314348202408198, 44.280511067227501 ], [ -78.314306224160106, 44.280530245860902 ], [ -78.314249584750101, 44.280541157055197 ], [ -78.314153676179103, 44.280577792561303 ], [ -78.314125357488706, 44.280605214996697 ], [ -78.314103854283502, 44.280681052836101 ], [ -78.314082644170696, 44.2807064818494 ], [ -78.314073320408099, 44.280735071443203 ], [ -78.314035627597704, 44.280770195751998 ], [ -78.313969253066503, 44.280796722674999 ], [ -78.313935909478005, 44.280802420085898 ], [ -78.313904848605105, 44.280824016142297 ], [ -78.313889647151797, 44.280849586511501 ], [ -78.313895968541104, 44.280864859978699 ], [ -78.313891914424701, 44.280887811763598 ], [ -78.313868585448503, 44.280893744814001 ], [ -78.313641456175603, 44.281059813260903 ], [ -78.313567333507706, 44.281124329502902 ], [ -78.313526290426694, 44.281144970304197 ], [ -78.313499910098599, 44.281217812342597 ], [ -78.313400504929106, 44.281309101976802 ], [ -78.313395794376902, 44.281346442781803 ], [ -78.313362369149601, 44.281375905509897 ], [ -78.3133367260141, 44.281410592962501 ], [ -78.313308570590905, 44.2814344179112 ], [ -78.313287473976004, 44.281435361813102 ], [ -78.3132574625145, 44.2814339352079 ], [ -78.313220818763398, 44.2814460367522 ], [ -78.313053642977906, 44.281616396046701 ], [ -78.313046354327597, 44.2816443132321 ], [ -78.313054433048293, 44.2816869966382 ], [ -78.313041530531706, 44.281750072675003 ], [ -78.312893561454302, 44.281894955753799 ], [ -78.312857854293, 44.281952453365001 ], [ -78.312799309810501, 44.2820050920025 ], [ -78.312782104583604, 44.282030615047603 ], [ -78.3126916933861, 44.282100509048803 ], [ -78.312628452501698, 44.282124228058699 ], [ -78.312613693715804, 44.282162051587697 ], [ -78.312585882660002, 44.282200289849698 ], [ -78.312572026809505, 44.282240296204201 ], [ -78.312512972621704, 44.282282119326403 ], [ -78.312477182383404, 44.2823194485767 ], [ -78.312388970300404, 44.282385072763802 ], [ -78.312247563730196, 44.282429998317397 ], [ -78.312221869918204, 44.282443797813698 ], [ -78.312010557357993, 44.282658490414697 ], [ -78.311991381427404, 44.282683246706803 ], [ -78.311966689349504, 44.282741003416803 ], [ -78.311699898251007, 44.282963031671201 ], [ -78.311661086069606, 44.282978682762803 ], [ -78.311647097893598, 44.282977633099399 ], [ -78.311636296645005, 44.282982542723197 ], [ -78.311559420954396, 44.2828670591676 ], [ -78.311437897121806, 44.282555933759902 ], [ -78.311411068260199, 44.282437973709499 ], [ -78.310800697350601, 44.281119532298902 ], [ -78.310704869755895, 44.280976546426601 ], [ -78.310642250214997, 44.280800982063603 ], [ -78.310022760911494, 44.279458121856301 ], [ -78.309370400864793, 44.278101666872303 ] ] ] } },
{ "type": "Feature", "properties": { "OBJECTID": 54, "WARDTYPE": "SUBWARD", "WARDNAME": "522", "WARD_ID": 248, "YEAR": 2010, "ACTIVE": "Yes", "Shape__Area": 816348.66674804699, "Shape__Length": 7078.2274710842903 }, "geometry": { "type": "Polygon", "coordinates": [ [ [ -78.309735345894197, 44.344315837454701 ], [ -78.310124369194298, 44.345149057736201 ], [ -78.311420989025194, 44.347926035029403 ], [ -78.313335851566407, 44.352020206871799 ], [ -78.313180768522798, 44.352092878819199 ], [ -78.313329751566897, 44.352410641720397 ], [ -78.310124854934102, 44.353762588222999 ], [ -78.307577797291998, 44.354853814101503 ], [ -78.305858696266995, 44.355584937957502 ], [ -78.304598294434101, 44.356144890474198 ], [ -78.300938704819799, 44.357770576986802 ], [ -78.300988934946801, 44.357741026793597 ], [ -78.301063639047001, 44.357690058958703 ], [ -78.301169376653107, 44.357615089005698 ], [ -78.301255501797399, 44.357538031154498 ], [ -78.301360020942894, 44.357439938462598 ], [ -78.301434969909593, 44.357358817092802 ], [ -78.301505782379493, 44.357268634781398 ], [ -78.301555532807996, 44.357183395734701 ], [ -78.301623897575894, 44.357011857406299 ], [ -78.301662546527695, 44.356861997288 ], [ -78.301717680978001, 44.356683880240801 ], [ -78.301783639784304, 44.356501207991997 ], [ -78.301854861128703, 44.356360771180199 ], [ -78.301914575086798, 44.356256472875998 ], [ -78.301976021047395, 44.356178503396102 ], [ -78.302103306321897, 44.356038286080597 ], [ -78.302258998414302, 44.355903605081302 ], [ -78.301712020991104, 44.355374392076897 ], [ -78.301682937846607, 44.355331060508298 ], [ -78.301672001666802, 44.355296843745798 ], [ -78.301658396361404, 44.355246539055301 ], [ -78.301655967773598, 44.355200294126803 ], [ -78.301662046741797, 44.355142021033302 ], [ -78.301689186744795, 44.355078804582199 ], [ -78.3017236613574, 44.355009754901502 ], [ -78.302241125462302, 44.354315330994403 ], [ -78.302308395787605, 44.354217138433199 ], [ -78.302611433539496, 44.353824900150897 ], [ -78.302763626596601, 44.353657221800397 ], [ -78.302965432670206, 44.353451172017699 ], [ -78.303176140221495, 44.353257410227101 ], [ -78.303591107244202, 44.352885628327897 ], [ -78.3036750141071, 44.352833417695997 ], [ -78.303767238780793, 44.352805671203299 ], [ -78.303855079449505, 44.352793183316201 ], [ -78.303945383317796, 44.352792313029603 ], [ -78.304008363652798, 44.352799886447997 ], [ -78.304680508012595, 44.3529810788635 ], [ -78.3057410489223, 44.353290199638302 ], [ -78.305949120927806, 44.352939474762699 ], [ -78.306081305298704, 44.352674479272402 ], [ -78.306128587992703, 44.352573533200797 ], [ -78.306151649175305, 44.352495480146402 ], [ -78.3061642916133, 44.352417966235301 ], [ -78.306164609392297, 44.352278341597099 ], [ -78.306160482890903, 44.352093886570003 ], [ -78.306161996755307, 44.351875617207497 ], [ -78.306197790287897, 44.351708550466 ], [ -78.306224876699602, 44.351627635891099 ], [ -78.306265584741098, 44.3515473596715 ], [ -78.306403583712495, 44.351323801844202 ], [ -78.306530612790894, 44.351169730841598 ], [ -78.306632177824596, 44.3510663275162 ], [ -78.307297805467499, 44.350585316021899 ], [ -78.307406470525805, 44.350502263586101 ], [ -78.307423443982003, 44.3504782666135 ], [ -78.307422306654004, 44.3504714337287 ], [ -78.307419438330399, 44.350454185276597 ], [ -78.307407016787593, 44.350434586825898 ], [ -78.307342101923496, 44.350385596752197 ], [ -78.306660801668102, 44.349908252142001 ], [ -78.305587125149998, 44.3491559571479 ], [ -78.304347951985093, 44.348287670587503 ], [ -78.303153116383598, 44.349170626306403 ], [ -78.303054523594597, 44.3490982808596 ], [ -78.303000519721493, 44.349060540234298 ], [ -78.301963712625806, 44.3483359679689 ], [ -78.301970443791902, 44.348331099956397 ], [ -78.302151543425694, 44.348200080427802 ], [ -78.302307373389894, 44.3481288608357 ], [ -78.302355441351295, 44.3480875040364 ], [ -78.302373145998402, 44.348073518111399 ], [ -78.302415915651395, 44.348060124558003 ], [ -78.302497333437401, 44.348013794121798 ], [ -78.302584115261894, 44.347938061462798 ], [ -78.302643124454093, 44.347920730287903 ], [ -78.302674326258796, 44.347896980223503 ], [ -78.302780167878595, 44.347843304348999 ], [ -78.302812127697393, 44.347803007150397 ], [ -78.302871718815894, 44.347751119155298 ], [ -78.302917363854803, 44.347740674227403 ], [ -78.302946341337602, 44.347743519586203 ], [ -78.302978951364196, 44.347732766631701 ], [ -78.303017633284199, 44.347699110167198 ], [ -78.303029077539904, 44.347668411209099 ], [ -78.303027831649999, 44.3476518167626 ], [ -78.303092975854895, 44.347610142007298 ], [ -78.303126643368103, 44.347576367927502 ], [ -78.303262340373394, 44.347484505235798 ], [ -78.303329378021004, 44.347423430098303 ], [ -78.303334279625105, 44.3474041000201 ], [ -78.303350407766402, 44.347380713864602 ], [ -78.303445431029402, 44.347344067007597 ], [ -78.303580718516301, 44.3472392303375 ], [ -78.303677767179906, 44.347180303479398 ], [ -78.303769881132197, 44.347141427872401 ], [ -78.303932138349595, 44.347039388497301 ], [ -78.303965949654497, 44.347024342326002 ], [ -78.304006614029106, 44.347013059099602 ], [ -78.304078774879102, 44.346971550404902 ], [ -78.304122908929699, 44.3469502660366 ], [ -78.304434242282397, 44.346727149095898 ], [ -78.304426493128105, 44.3466772710604 ], [ -78.304431031358007, 44.346665854747897 ], [ -78.304449717410407, 44.346674218427403 ], [ -78.3044658374492, 44.3466947643102 ], [ -78.304482453581301, 44.3467045204385 ], [ -78.304516902993001, 44.346697410668099 ], [ -78.304600863051704, 44.346661222702799 ], [ -78.304612288578596, 44.3466528498925 ], [ -78.304606841366507, 44.3465965442659 ], [ -78.304669053074306, 44.346574966353899 ], [ -78.304679619541304, 44.346585298916501 ], [ -78.304707151006397, 44.346575865977698 ], [ -78.304699692494196, 44.346563446153198 ], [ -78.304764977845494, 44.346540500331898 ], [ -78.304793956513095, 44.3465804904869 ], [ -78.304894819237802, 44.346554369442501 ], [ -78.304990359691999, 44.3465501433081 ], [ -78.305042777615, 44.346523292426902 ], [ -78.305066385929706, 44.346489999583198 ], [ -78.305112391224398, 44.3464716398815 ], [ -78.305180025596101, 44.346463153639803 ], [ -78.305244145668496, 44.3464437811217 ], [ -78.305286419312495, 44.3464311778189 ], [ -78.305379868561303, 44.346397743965497 ], [ -78.305407134720099, 44.346394066337297 ], [ -78.305543551921801, 44.346349298555403 ], [ -78.305571492073099, 44.346352838977403 ], [ -78.305514602502399, 44.346389667595197 ], [ -78.305496305442006, 44.3464166039508 ], [ -78.3055302424915, 44.3464426127032 ], [ -78.305597149964299, 44.346449953848897 ], [ -78.305652047586307, 44.346434684707901 ], [ -78.3056861944807, 44.3463685104729 ], [ -78.3057034178793, 44.346361956118301 ], [ -78.305738625159293, 44.346363266109499 ], [ -78.305791809079196, 44.346385407782698 ], [ -78.305828606300196, 44.346392758291202 ], [ -78.305874922611196, 44.3463895301986 ], [ -78.305981465716897, 44.3463423498523 ], [ -78.306197006044101, 44.346216357187203 ], [ -78.306388561920997, 44.346109964219202 ], [ -78.306503004696907, 44.3459779840816 ], [ -78.306557549603099, 44.345882761082898 ], [ -78.306565114443899, 44.345849090245103 ], [ -78.306581966147405, 44.345809875903299 ], [ -78.306617470959907, 44.345779744324702 ], [ -78.306659029909397, 44.345705102072898 ], [ -78.306685709342304, 44.345670440919001 ], [ -78.306735084233097, 44.3455347645301 ], [ -78.306733850266198, 44.345493765811597 ], [ -78.306744144465696, 44.345445318367602 ], [ -78.306741641862203, 44.345394249875099 ], [ -78.306742098534997, 44.3453490453618 ], [ -78.306749393159905, 44.345332000668897 ], [ -78.3067069836586, 44.345118535667297 ], [ -78.306677102802894, 44.345004036147699 ], [ -78.306669819190702, 44.344900152879603 ], [ -78.306648856743095, 44.344831957746301 ], [ -78.306645484480796, 44.344730327421601 ], [ -78.306633967778893, 44.344696925637201 ], [ -78.306615875396005, 44.344675612396301 ], [ -78.306605993433706, 44.344584631733703 ], [ -78.306631516577397, 44.3444656777814 ], [ -78.306636535080997, 44.344421862893697 ], [ -78.306624671194498, 44.344155102234197 ], [ -78.306689689943298, 44.343765557953198 ], [ -78.306692373621999, 44.343728890148498 ], [ -78.306722296111701, 44.343645330659903 ], [ -78.306730236780496, 44.343625351914099 ], [ -78.306732538504903, 44.343618924260497 ], [ -78.306795379457299, 44.343539742564197 ], [ -78.307091421164998, 44.343277365636702 ], [ -78.307360924214706, 44.343112311571304 ], [ -78.307356833094502, 44.343092048950197 ], [ -78.307361073857706, 44.343087107461699 ], [ -78.307388934054302, 44.3430704794402 ], [ -78.3074031658428, 44.3430664929529 ], [ -78.307500066748602, 44.343054375297598 ], [ -78.307515796549694, 44.3430396217585 ], [ -78.307541452675295, 44.3430272630183 ], [ -78.307565630987, 44.3430033459207 ], [ -78.307637108606897, 44.342845143461197 ], [ -78.307725946969896, 44.342768014889103 ], [ -78.307881340319696, 44.342727746688098 ], [ -78.307916396664794, 44.342729292817801 ], [ -78.307953982605497, 44.342719376903901 ], [ -78.3080284981163, 44.3427139321251 ], [ -78.308060940971401, 44.342706774853902 ], [ -78.308100007326502, 44.342708416398501 ], [ -78.308132284193405, 44.342704856284101 ], [ -78.308165235379306, 44.342708514246098 ], [ -78.308190707752104, 44.342722078885103 ], [ -78.308211628778594, 44.342725453129901 ], [ -78.308385463517595, 44.342676976512998 ], [ -78.308416329523595, 44.342660419118602 ], [ -78.308436365513202, 44.342639285029001 ], [ -78.308461747817901, 44.342567141501398 ], [ -78.308458791872695, 44.342544024812298 ], [ -78.308464317187003, 44.342511025056801 ], [ -78.308489365659597, 44.342490009152897 ], [ -78.308522203617997, 44.342474218446299 ], [ -78.3085414016914, 44.342449463488002 ], [ -78.308545562104399, 44.3424243539462 ], [ -78.308558580399307, 44.342403054359998 ], [ -78.308560307572705, 44.342387250281803 ], [ -78.308572290405706, 44.342366646496799 ], [ -78.3086144000047, 44.342323706083697 ], [ -78.308624377789897, 44.342303055016103 ], [ -78.308678404196897, 44.342240949666703 ], [ -78.308714216546605, 44.342225949253702 ], [ -78.308742634629098, 44.342197090339603 ], [ -78.308845488384804, 44.342142618106799 ], [ -78.308972454883303, 44.342021733948698 ], [ -78.309560652645999, 44.341734548355603 ], [ -78.309587441982899, 44.341719334988099 ], [ -78.309717985878194, 44.341651830475797 ], [ -78.3097761669937, 44.341608548201599 ], [ -78.309794408221194, 44.341604656812002 ], [ -78.309931743121595, 44.341498420310103 ], [ -78.309944661936498, 44.341479278873102 ], [ -78.309964844693795, 44.341470816612201 ], [ -78.310022760911906, 44.3414393467529 ], [ -78.310079283813806, 44.341366496286 ], [ -78.310074830982302, 44.341354147635897 ], [ -78.310077394346393, 44.341341964330198 ], [ -78.310104825005894, 44.341334688356703 ], [ -78.310104316301206, 44.341323873091298 ], [ -78.310115672904899, 44.341316938533801 ], [ -78.310121244987002, 44.341304826129701 ], [ -78.310153209781305, 44.341286133498599 ], [ -78.310154773140397, 44.341273926625398 ], [ -78.310498042471295, 44.340921906130603 ], [ -78.3105199504231, 44.340903696650201 ], [ -78.310712967256407, 44.340677054232302 ], [ -78.310720627689705, 44.3406412237875 ], [ -78.310743472125395, 44.340624476764297 ], [ -78.310873705829906, 44.340453972348499 ], [ -78.310878637184899, 44.340433922406199 ], [ -78.311074941633194, 44.340135334948499 ], [ -78.3111486026541, 44.340060727006197 ], [ -78.3112633712704, 44.339855287327197 ], [ -78.311304178470806, 44.339818797190198 ], [ -78.311335255819401, 44.339775595884099 ], [ -78.312191846662799, 44.339082753164298 ], [ -78.312202332945503, 44.339072917027202 ], [ -78.312154858671093, 44.3389918548407 ], [ -78.312185345597598, 44.338917669986998 ], [ -78.312232989938195, 44.338819401695403 ], [ -78.312371918910003, 44.338853642396401 ], [ -78.312511344939793, 44.338745291314403 ], [ -78.3126798244854, 44.338659950858897 ], [ -78.312699873462705, 44.338660422874398 ], [ -78.312728270872, 44.338653889244 ], [ -78.312797901179806, 44.338601512104503 ], [ -78.312853579774298, 44.338525039255401 ], [ -78.312878492216001, 44.3385068991442 ], [ -78.312882355698093, 44.338488265307397 ], [ -78.313035042641204, 44.338331250877303 ], [ -78.313056456401199, 44.338279899201403 ], [ -78.313134533630205, 44.338174424497801 ], [ -78.313419037832602, 44.337438575478501 ], [ -78.313431922156994, 44.337376219686 ], [ -78.313439153503396, 44.3373058084319 ], [ -78.313438760838906, 44.337138707495299 ], [ -78.313548108758397, 44.336941781360899 ], [ -78.313635968965997, 44.336837148724896 ], [ -78.313646494565603, 44.336831022504199 ], [ -78.313653233719904, 44.336813546546203 ], [ -78.313671456673106, 44.336789837275902 ], [ -78.313726021576997, 44.336669256764502 ], [ -78.3138498579345, 44.336532956328298 ], [ -78.313905591236306, 44.336477395786503 ], [ -78.313978004153697, 44.336418831886498 ], [ -78.314027502381606, 44.336344449281803 ], [ -78.314050920585501, 44.336349242431403 ], [ -78.314077746846806, 44.336382978548599 ], [ -78.314066113234702, 44.336456556057897 ], [ -78.314058912846903, 44.336510712746197 ], [ -78.314059124458694, 44.3365477081744 ], [ -78.314101247153999, 44.336563719526403 ], [ -78.314111649281998, 44.336577648456597 ], [ -78.314126554042303, 44.336580880049802 ], [ -78.314145895699099, 44.336574853195501 ], [ -78.314156217942298, 44.336399931611801 ], [ -78.314151535064994, 44.336371984956898 ], [ -78.314122519808095, 44.336308484712198 ], [ -78.314086190074903, 44.336249907894 ], [ -78.314095058856907, 44.336211069907698 ], [ -78.314213074971704, 44.3361374496181 ], [ -78.314252619546906, 44.336125646610803 ], [ -78.3143074141569, 44.336116406277398 ], [ -78.314348764449093, 44.3360392822417 ], [ -78.314386352006096, 44.335992632156199 ], [ -78.314413918556397, 44.335958476157003 ], [ -78.314438653056598, 44.3359086319673 ], [ -78.314506151619099, 44.3358024140407 ], [ -78.314585088602996, 44.335678639755201 ], [ -78.314651574542793, 44.335594472631101 ], [ -78.314737354683103, 44.335423454403397 ], [ -78.314740262709094, 44.335381750104901 ], [ -78.314727704814302, 44.3353179061425 ], [ -78.314744302742895, 44.335205391455098 ], [ -78.314748234638003, 44.335188619121098 ], [ -78.314898675770294, 44.335269899506201 ], [ -78.314996165574897, 44.3353203007226 ], [ -78.314966727677898, 44.335362489204002 ], [ -78.3146852668104, 44.3357967177528 ], [ -78.314563703204698, 44.335999782877103 ], [ -78.314474141775605, 44.336174464336402 ], [ -78.314392117478803, 44.336380749813301 ], [ -78.314321441162505, 44.336579448240897 ], [ -78.314269783318906, 44.3367850616768 ], [ -78.314243139565093, 44.336941168823003 ], [ -78.3142287079162, 44.337060266766699 ], [ -78.314215835718102, 44.337182790030297 ], [ -78.314211064708402, 44.337305687565298 ], [ -78.314214986392102, 44.337761898085503 ], [ -78.314224064173899, 44.338454386055602 ], [ -78.314217619438097, 44.338567812921703 ], [ -78.314205615811204, 44.338680648046001 ], [ -78.314191357244198, 44.338776940699297 ], [ -78.314178348077903, 44.338875977972798 ], [ -78.314160313476293, 44.338946599598003 ], [ -78.314031330421003, 44.339386225377801 ], [ -78.313999664501907, 44.339473328910998 ], [ -78.313869120625, 44.339732578585 ], [ -78.313812109373401, 44.339830944913203 ], [ -78.313710759352603, 44.340005808286101 ], [ -78.313428713171504, 44.340399550559503 ], [ -78.312539783206006, 44.341496627121401 ], [ -78.311940547311806, 44.342205359607 ], [ -78.311387425603698, 44.342789652711801 ], [ -78.310751357273105, 44.343396945327903 ], [ -78.310235419531693, 44.343872073834397 ], [ -78.309735345894197, 44.344315837454701 ] ] ] } },
{ "type": "Feature", "properties": { "OBJECTID": 55, "WARDTYPE": "SUBWARD", "WARDNAME": "520", "WARD_ID": 249, "YEAR": 2010, "ACTIVE": "Yes", "Shape__Area": 774400.83935546898, "Shape__Length": 3730.6289761048702 }, "geometry": { "type": "Polygon", "coordinates": [ [ [ -78.316925273822093, 44.343530140784601 ], [ -78.318292374422001, 44.3432047332849 ], [ -78.321794868513706, 44.3423841517005 ], [ -78.324519548586196, 44.341749013022401 ], [ -78.324556601682801, 44.341855997632599 ], [ -78.324727453508004, 44.3422198521422 ], [ -78.324880106149607, 44.342552274451698 ], [ -78.326352485155994, 44.345723898510798 ], [ -78.326191079528101, 44.345805342062803 ], [ -78.322970176915504, 44.347430477130303 ], [ -78.320880220849006, 44.348484463143599 ], [ -78.319831462588894, 44.348976029842298 ], [ -78.315925068157796, 44.350806851435202 ], [ -78.313329594593995, 44.352013231935402 ], [ -78.310124369194298, 44.345149057736201 ], [ -78.311476697900403, 44.344830975138102 ], [ -78.3150482458, 44.343978313572201 ], [ -78.316925273822093, 44.343530140784601 ] ] ] } },
{ "type": "Feature", "properties": { "OBJECTID": 56, "WARDTYPE": "SUBWARD", "WARDNAME": "523", "WARD_ID": 250, "YEAR": 2010, "ACTIVE": "Yes", "Shape__Area": 1693872.8957519501, "Shape__Length": 8756.6778026073207 }, "geometry": { "type": "Polygon", "coordinates": [ [ [ -78.303153116383598, 44.349170626306403 ], [ -78.304347951985093, 44.348287670587503 ], [ -78.305587125149998, 44.3491559571479 ], [ -78.306660801668102, 44.349908252142001 ], [ -78.307342101923496, 44.350385596752197 ], [ -78.307407016787593, 44.350434586825898 ], [ -78.307419438330399, 44.350454185276597 ], [ -78.307422306654004, 44.3504714337287 ], [ -78.307423443982003, 44.3504782666135 ], [ -78.307406470525805, 44.350502263586101 ], [ -78.307297805467499, 44.350585316021899 ], [ -78.306632177824596, 44.3510663275162 ], [ -78.306530612790894, 44.351169730841598 ], [ -78.306403583712495, 44.351323801844202 ], [ -78.306265584741098, 44.3515473596715 ], [ -78.306224876699602, 44.351627635891099 ], [ -78.306197790287897, 44.351708550466 ], [ -78.306161996755307, 44.351875617207497 ], [ -78.306160482890903, 44.352093886570003 ], [ -78.306164609392297, 44.352278341597099 ], [ -78.3061642916133, 44.352417966235301 ], [ -78.306151649175305, 44.352495480146402 ], [ -78.306128587992703, 44.352573533200797 ], [ -78.306081305298704, 44.352674479272402 ], [ -78.305949120927806, 44.352939474762699 ], [ -78.3057410489223, 44.353290199638302 ], [ -78.304680508012595, 44.3529810788635 ], [ -78.304008363652798, 44.352799886447997 ], [ -78.303945383317796, 44.352792313029603 ], [ -78.303855079449505, 44.352793183316201 ], [ -78.303767238780793, 44.352805671203299 ], [ -78.3036750141071, 44.352833417695997 ], [ -78.303591107244202, 44.352885628327897 ], [ -78.303176140221495, 44.353257410227101 ], [ -78.302965432670206, 44.353451172017699 ], [ -78.302763626596601, 44.353657221800397 ], [ -78.302611433539496, 44.353824900150897 ], [ -78.302308395787605, 44.354217138433199 ], [ -78.302241125462302, 44.354315330994403 ], [ -78.3017236613574, 44.355009754901502 ], [ -78.301689186744795, 44.355078804582199 ], [ -78.301662046741797, 44.355142021033302 ], [ -78.301655967773598, 44.355200294126803 ], [ -78.301658396361404, 44.355246539055301 ], [ -78.301672001666802, 44.355296843745798 ], [ -78.301682937846607, 44.355331060508298 ], [ -78.301712020991104, 44.355374392076897 ], [ -78.302258998414302, 44.355903605081302 ], [ -78.302103306321897, 44.356038286080597 ], [ -78.301976021047395, 44.356178503396102 ], [ -78.301914575086798, 44.356256472875998 ], [ -78.301854861128703, 44.356360771180199 ], [ -78.301783639784304, 44.356501207991997 ], [ -78.301717680978001, 44.356683880240801 ], [ -78.301662546527695, 44.356861997288 ], [ -78.301623897575894, 44.357011857406299 ], [ -78.301555532807996, 44.357183395734701 ], [ -78.301505782379493, 44.357268634781398 ], [ -78.301434969909593, 44.357358817092802 ], [ -78.301360020942894, 44.357439938462598 ], [ -78.301255501797399, 44.357538031154498 ], [ -78.301169376653107, 44.357615089005698 ], [ -78.301063639047001, 44.357690058958703 ], [ -78.300988934946801, 44.357741026793597 ], [ -78.300938704819799, 44.357770576986802 ], [ -78.300033707699299, 44.3581725680502 ], [ -78.301276765939605, 44.361081272130797 ], [ -78.304054526112097, 44.367007039779701 ], [ -78.297050003128106, 44.368709283402403 ], [ -78.295584229254004, 44.3654788687424 ], [ -78.294806045676395, 44.366474081483297 ], [ -78.295119190821794, 44.366591883014202 ], [ -78.294534894238794, 44.367337228838501 ], [ -78.295263314181895, 44.367634828911498 ], [ -78.295224965146204, 44.367684436096198 ], [ -78.294491623258097, 44.367392434025298 ], [ -78.294002441427196, 44.368016417300801 ], [ -78.293886849947995, 44.368325793093298 ], [ -78.293601593312403, 44.368904932279797 ], [ -78.293470041951693, 44.369271992954701 ], [ -78.293511891106903, 44.369402137928503 ], [ -78.293805478764895, 44.369520401165701 ], [ -78.293647467543906, 44.369724732172998 ], [ -78.293475783311294, 44.370001538114302 ], [ -78.293288853492299, 44.370245277272801 ], [ -78.293092513845295, 44.370596519170398 ], [ -78.292849356410301, 44.3705418676752 ], [ -78.291142655946203, 44.372554317043601 ], [ -78.290654072802596, 44.3713889709515 ], [ -78.290672067004095, 44.371323686537799 ], [ -78.290832414188799, 44.371134474863297 ], [ -78.290924997382305, 44.371064650796797 ], [ -78.291285538725703, 44.370692933843003 ], [ -78.2913176928772, 44.370670650011597 ], [ -78.291334257688405, 44.370616306746399 ], [ -78.291372487230106, 44.370571120183101 ], [ -78.291395673345804, 44.370525576620203 ], [ -78.291437650478997, 44.370486240689203 ], [ -78.291491263377594, 44.370259924858701 ], [ -78.291485421953098, 44.3701906455669 ], [ -78.2915018961301, 44.370072921167903 ], [ -78.291548061030497, 44.369964543887903 ], [ -78.291629610137406, 44.369894457405202 ], [ -78.291639167661998, 44.369883160742901 ], [ -78.291650509155701, 44.369811408314398 ], [ -78.291648074578902, 44.369733567279702 ], [ -78.291661230515601, 44.369687785658101 ], [ -78.291669786292005, 44.369676465223201 ], [ -78.291712292186901, 44.369625618284999 ], [ -78.291734061227302, 44.369545470680997 ], [ -78.291803145151505, 44.369397305030901 ], [ -78.291813690118005, 44.369342818853497 ], [ -78.291865001272598, 44.369231682675 ], [ -78.291910353126994, 44.369097358185698 ], [ -78.291923906776503, 44.369042943379398 ], [ -78.291953242195703, 44.368994664727403 ], [ -78.292081315280697, 44.368525240966903 ], [ -78.292120632689802, 44.3683475611818 ], [ -78.292124570271397, 44.368327488560901 ], [ -78.292151633909398, 44.3682849176814 ], [ -78.292180316709604, 44.368098342088203 ], [ -78.292175758557505, 44.368066544465997 ], [ -78.292207051907099, 44.367888673379397 ], [ -78.292202626426203, 44.3678539980423 ], [ -78.292213908257906, 44.367805291021597 ], [ -78.292203125651497, 44.3677560605596 ], [ -78.292234996695697, 44.367696318528701 ], [ -78.292242208308494, 44.367670561846701 ], [ -78.292244139939598, 44.367650441632698 ], [ -78.292243933045199, 44.367633151549001 ], [ -78.292519588255203, 44.367054875443102 ], [ -78.292610158263699, 44.366985002205503 ], [ -78.292732332813898, 44.366861142121898 ], [ -78.292736742399399, 44.366852604122499 ], [ -78.292497215568005, 44.366581883227603 ], [ -78.292400522476299, 44.3665450191993 ], [ -78.292370477721903, 44.366478046636097 ], [ -78.292417906108597, 44.3663639371917 ], [ -78.292422565062395, 44.366306430446201 ], [ -78.292427107303695, 44.366295014741901 ], [ -78.292376267005906, 44.366221787151702 ], [ -78.2924133848841, 44.366069981898903 ], [ -78.292436716882406, 44.366064773639103 ], [ -78.292440388855795, 44.366050456426699 ], [ -78.292432218292703, 44.366009930525401 ], [ -78.292438616419801, 44.365958226758401 ], [ -78.292430916891604, 44.365929235483101 ], [ -78.292442463396299, 44.365874772978103 ], [ -78.2924346312208, 44.365848659419399 ], [ -78.292436902320702, 44.365842951566201 ], [ -78.292437432937305, 44.3658314406998 ], [ -78.292438361515707, 44.365811296683603 ], [ -78.292438154544399, 44.365794006594001 ], [ -78.292360427535499, 44.365694213432697 ], [ -78.292337785518995, 44.365575560919403 ], [ -78.292347177662805, 44.3654807152272 ], [ -78.2922685067077, 44.365357852699297 ], [ -78.292243477077804, 44.365290999065003 ], [ -78.292246602538398, 44.365244979393601 ], [ -78.292243917605902, 44.365216107063702 ], [ -78.292206663785393, 44.365186947611903 ], [ -78.292155542134395, 44.365064205598003 ], [ -78.292179314343599, 44.364984105379101 ], [ -78.292174093037602, 44.364966696329397 ], [ -78.292214808164402, 44.364780406089899 ], [ -78.292160335165093, 44.364459337924302 ], [ -78.2920828394182, 44.364071463650802 ], [ -78.292072736548903, 44.364051057918601 ], [ -78.291958023384197, 44.3639042931567 ], [ -78.291911595062999, 44.363822527421902 ], [ -78.291597295407101, 44.3634319150379 ], [ -78.291510960527106, 44.363366488288399 ], [ -78.291467881223298, 44.363299205258997 ], [ -78.291437456287099, 44.3632840789586 ], [ -78.291370234694995, 44.363196057843197 ], [ -78.291240704025896, 44.3631094388683 ], [ -78.290798033982497, 44.362672564764701 ], [ -78.290782652142695, 44.362657795344397 ], [ -78.290271309885995, 44.362164552743003 ], [ -78.290231831396099, 44.362062785246003 ], [ -78.290469709411397, 44.361498021118898 ], [ -78.290467807134505, 44.361408669148801 ], [ -78.290564033347493, 44.361085415622902 ], [ -78.290570846565998, 44.361068292161697 ], [ -78.290618760276601, 44.361008931338397 ], [ -78.290634362630399, 44.360888305356497 ], [ -78.290634391919397, 44.360778833174599 ], [ -78.2906080090399, 44.360654329716503 ], [ -78.2905772464742, 44.360624790842003 ], [ -78.290321812531303, 44.360264380761102 ], [ -78.290246898857802, 44.359951468837899 ], [ -78.290307347649801, 44.359598557431703 ], [ -78.290277973387902, 44.359517195848902 ], [ -78.290270952633193, 44.359517029175301 ], [ -78.2902640665028, 44.3593180859623 ], [ -78.290272088762805, 44.359318276412203 ], [ -78.290320030983494, 44.359149443475097 ], [ -78.290318482640501, 44.359117717193598 ], [ -78.290354715373198, 44.359115697377703 ], [ -78.290354110810696, 44.359107039527899 ], [ -78.2903493623663, 44.359101165070797 ], [ -78.290348153159997, 44.3590838511697 ], [ -78.290400430369999, 44.359082211325301 ], [ -78.290398616538297, 44.359056240473798 ], [ -78.290362516484606, 44.359055384388199 ], [ -78.290361572764795, 44.359032314157602 ], [ -78.290375744376405, 44.359029769715697 ], [ -78.290375139769495, 44.359021112765198 ], [ -78.290366114771899, 44.359020898518303 ], [ -78.290365996801498, 44.359018014851799 ], [ -78.290349200279195, 44.359017616112702 ], [ -78.2903372996754, 44.359014452732303 ], [ -78.290307068975494, 44.358973402941999 ], [ -78.290310460828493, 44.358921627877599 ], [ -78.290297955609603, 44.3589098084421 ], [ -78.290301598304396, 44.3588090637109 ], [ -78.290319648233805, 44.358809492212501 ], [ -78.290342063370403, 44.358671742771598 ], [ -78.290335398080003, 44.358533302970201 ], [ -78.290205330756294, 44.358110328911103 ], [ -78.2901556798613, 44.357967987705997 ], [ -78.290137762922996, 44.357964681469703 ], [ -78.290116259052297, 44.357930320758904 ], [ -78.290094310231297, 44.357666200387797 ], [ -78.290109520430306, 44.357665834083598 ], [ -78.290085112261295, 44.3576479765971 ], [ -78.289980812682202, 44.357406388378401 ], [ -78.2900514073133, 44.357404232909097 ], [ -78.290046688256297, 44.357392827872197 ], [ -78.290015301316103, 44.357289811914498 ], [ -78.290021277367899, 44.3572690675175 ], [ -78.290041971661793, 44.357240991452898 ], [ -78.289945271964498, 44.3571757954345 ], [ -78.290007726352002, 44.357127583321599 ], [ -78.289997485270504, 44.357088449373897 ], [ -78.289984741046297, 44.357060057443299 ], [ -78.290037352416505, 44.356964077313698 ], [ -78.290102808687095, 44.3568943299178 ], [ -78.290144310688106, 44.356865066133203 ], [ -78.290204088159697, 44.356809588190004 ], [ -78.290295267488602, 44.356704440527302 ], [ -78.290339811902797, 44.356674528680401 ], [ -78.290586573234705, 44.356547866530804 ], [ -78.290650958043599, 44.356479533814699 ], [ -78.290683959402202, 44.356416938083498 ], [ -78.290699092408502, 44.356393530134703 ], [ -78.2907699245511, 44.356315987567903 ], [ -78.290853095391299, 44.356253862367502 ], [ -78.290894033904806, 44.3562368286169 ], [ -78.290926279532201, 44.356212386364099 ], [ -78.290954639281907, 44.356163364504603 ], [ -78.290947977441306, 44.356133677504403 ], [ -78.290955527269801, 44.356122333224697 ], [ -78.290978084850906, 44.3561120653548 ], [ -78.290979013614702, 44.356091921328499 ], [ -78.290971249529903, 44.356064368819098 ], [ -78.290980531812906, 44.356037220886698 ], [ -78.290975908593595, 44.356006862055096 ], [ -78.290993761294999, 44.355924460838402 ], [ -78.291008562348097, 44.355908247136 ], [ -78.291017512891798, 44.355888293494502 ], [ -78.291102098943199, 44.355860772101799 ], [ -78.291158483675403, 44.355857068738302 ], [ -78.291245572565998, 44.355818803384999 ], [ -78.291305712735706, 44.355755411076103 ], [ -78.291355203191699, 44.355727056635203 ], [ -78.291397069801206, 44.355689878655497 ], [ -78.291437303520198, 44.355666346031498 ], [ -78.291855476839302, 44.355326963292796 ], [ -78.292444089708695, 44.354948409111699 ], [ -78.2924830877418, 44.3549298883216 ], [ -78.292508445622204, 44.354902401365599 ], [ -78.292546440896004, 44.3548838567677 ], [ -78.292573033479201, 44.354851357565899 ], [ -78.292603960105694, 44.354790152482998 ], [ -78.292637306373294, 44.354763575195598 ], [ -78.292889624101406, 44.354428897107603 ], [ -78.292965976697104, 44.354296747588499 ], [ -78.292997143001898, 44.354252113068199 ], [ -78.293048744083094, 44.354156107543098 ], [ -78.293157854706195, 44.354031936934497 ], [ -78.293171345243096, 44.354000567310102 ], [ -78.293210375555503, 44.353981326816303 ], [ -78.293230884905498, 44.353950123630497 ], [ -78.293235682546893, 44.3539113456835 ], [ -78.293261055753405, 44.353839925680496 ], [ -78.293263317748199, 44.353812611074197 ], [ -78.293267253726995, 44.353792538334503 ], [ -78.293276874452005, 44.353779802571303 ], [ -78.293259091138694, 44.353773619125697 ], [ -78.293262298046997, 44.3537693738716 ], [ -78.293413196346805, 44.353823327726701 ], [ -78.293465298043998, 44.353829644307098 ], [ -78.2934906304273, 44.353824483250598 ], [ -78.293496439165395, 44.353807335777503 ], [ -78.293465791471903, 44.353762160868499 ], [ -78.293374411540299, 44.353698534307298 ], [ -78.293383987040997, 44.3536771908689 ], [ -78.293445896069002, 44.353618880870798 ], [ -78.293467432400007, 44.353565375264097 ], [ -78.293644308666799, 44.353408240598 ], [ -78.293789727673897, 44.353236675706597 ], [ -78.293825351646305, 44.353225996842902 ], [ -78.293860933739197, 44.353194430679501 ], [ -78.293904826663507, 44.353134973072798 ], [ -78.293998277190099, 44.353070798962897 ], [ -78.293988917265906, 44.353052701274898 ], [ -78.294075262521801, 44.353008654371401 ], [ -78.294088616709303, 44.353017613559302 ], [ -78.294253010452493, 44.353028712821498 ], [ -78.2942775805232, 44.353040098511897 ], [ -78.2943074621313, 44.353045128151201 ], [ -78.294941193214598, 44.353034905144398 ], [ -78.294903547833798, 44.352971973474197 ], [ -78.295128265575102, 44.352902774461498 ], [ -78.295167122249495, 44.352967744168197 ], [ -78.295410467612001, 44.3528955361774 ], [ -78.295422367290598, 44.352898699007802 ], [ -78.295447434223505, 44.352899292962299 ], [ -78.295471200476499, 44.352906338046701 ], [ -78.295495723206599, 44.352962375815899 ], [ -78.295523169096299, 44.352976710246899 ], [ -78.295551310321898, 44.352975936586503 ], [ -78.295553779226907, 44.352965912044098 ], [ -78.295569382281201, 44.352954038045702 ], [ -78.295599923012901, 44.352857532345801 ], [ -78.295636547873499, 44.352846876629002 ], [ -78.295700047587403, 44.352841178936799 ], [ -78.295747769330802, 44.352829345661398 ], [ -78.295926373265402, 44.352743549859902 ], [ -78.2959682927887, 44.352683324484303 ], [ -78.296205209907995, 44.352508162305298 ], [ -78.296268448603399, 44.352442680085197 ], [ -78.296311058517205, 44.352432886138203 ], [ -78.296609424417994, 44.352231090162398 ], [ -78.296814865610003, 44.352150970100602 ], [ -78.296839932252894, 44.3521515637417 ], [ -78.296864724289094, 44.3521363060947 ], [ -78.296875877372898, 44.352112082837401 ], [ -78.296920820705395, 44.352095141749402 ], [ -78.297046133965694, 44.352054896275703 ], [ -78.297066352705997, 44.352051773979397 ], [ -78.297394173690293, 44.351951503855801 ], [ -78.297604050946703, 44.351927664348203 ], [ -78.297637668152902, 44.351916936777599 ], [ -78.297685059206103, 44.351912297031802 ], [ -78.297729682772697, 44.351924156744303 ], [ -78.297769953435207, 44.351921509042299 ], [ -78.297814974007593, 44.351924735513002 ], [ -78.2978645116835, 44.351938872160403 ], [ -78.297922533815495, 44.351943126596403 ], [ -78.298113535992798, 44.3519368447527 ], [ -78.298209615916804, 44.351921113609698 ], [ -78.298303218268799, 44.351893800266097 ], [ -78.298472149990104, 44.351865388902503 ], [ -78.298583798800095, 44.3518385024515 ], [ -78.298715468342706, 44.351814869740899 ], [ -78.2988114923712, 44.3518221837206 ], [ -78.299519296330601, 44.351554546762898 ], [ -78.299596776767899, 44.351506684840999 ], [ -78.299611134930998, 44.351478215834902 ], [ -78.299703257080395, 44.3514393428419 ], [ -78.299773950030598, 44.351386278703501 ], [ -78.2998205349584, 44.351377297694199 ], [ -78.299898687018597, 44.351336653627101 ], [ -78.299946187673299, 44.351285921621297 ], [ -78.300269083767006, 44.3510522864918 ], [ -78.300281467985002, 44.351023050493197 ], [ -78.300428966740697, 44.350914905368697 ], [ -78.300545415977695, 44.350805305520801 ], [ -78.300561843629893, 44.350775444899703 ], [ -78.300564234042994, 44.350774100609399 ], [ -78.300621986218005, 44.350690957904 ], [ -78.300679738225298, 44.350607815164203 ], [ -78.300759041152801, 44.350535276779901 ], [ -78.300862929946803, 44.350477441389799 ], [ -78.300966558738395, 44.350430863057198 ], [ -78.301070427906595, 44.3503850573452 ], [ -78.301159385426601, 44.350344958690698 ], [ -78.301236110124606, 44.350295429376303 ], [ -78.301294889364797, 44.350233631744999 ], [ -78.301351272393802, 44.350170925772602 ], [ -78.301401400667103, 44.350116912564403 ], [ -78.301450132768295, 44.350061006363802 ], [ -78.301463677399099, 44.350017328496399 ], [ -78.301459456815095, 44.349971422880301 ], [ -78.301455981613302, 44.349896797306599 ], [ -78.301434912286396, 44.349824908524397 ], [ -78.301397427988604, 44.349761637070003 ], [ -78.301385828537406, 44.349749893366599 ], [ -78.301364451650301, 44.349712656867503 ], [ -78.301354699586199, 44.3496627312919 ], [ -78.301368647174499, 44.349621288432701 ], [ -78.301397270739898, 44.349588114940502 ], [ -78.301435073208793, 44.349595490632304 ], [ -78.3014508393574, 44.349580018589101 ], [ -78.301470318691301, 44.349571116287699 ], [ -78.301511592762694, 44.349568490983103 ], [ -78.301537152650099, 44.349558291987698 ], [ -78.301530188718502, 44.349535080390297 ], [ -78.301510500425906, 44.349521564591399 ], [ -78.301969566087607, 44.349352261388901 ], [ -78.302005967246501, 44.349346459797303 ], [ -78.302017553350296, 44.349329088327003 ], [ -78.302008035808896, 44.349304105881501 ], [ -78.302015915818799, 44.349290968115803 ], [ -78.302029718074607, 44.349282741774203 ], [ -78.302192880639495, 44.349213136106897 ], [ -78.302199033466593, 44.349229396399899 ], [ -78.302135356988899, 44.349323770334401 ], [ -78.3021347227224, 44.349340320347501 ], [ -78.302144209401106, 44.349352338136299 ], [ -78.302377869023601, 44.349493441592898 ], [ -78.302411852091893, 44.349491093784003 ], [ -78.302808815680095, 44.349228862660297 ], [ -78.302776932056403, 44.349229099545497 ], [ -78.302775581534505, 44.349212052491403 ], [ -78.302842444177898, 44.3492067894869 ], [ -78.302884624194803, 44.349176187532301 ], [ -78.302910263173402, 44.349134210494498 ], [ -78.302912433106002, 44.349106173280802 ], [ -78.302905840734098, 44.349077478885697 ], [ -78.302866029544802, 44.349026393022697 ], [ -78.302538160247295, 44.348813923307702 ], [ -78.302511093439307, 44.348805001149202 ], [ -78.302462353748695, 44.348803579212003 ], [ -78.302369188612204, 44.3488516125811 ], [ -78.302346543805896, 44.348869352917802 ], [ -78.301986381843506, 44.3492701939537 ], [ -78.301942904653899, 44.349282580318899 ], [ -78.301885331408698, 44.3493314545887 ], [ -78.301488063596807, 44.349485552633297 ], [ -78.301482036914805, 44.349488381050399 ], [ -78.301369361999804, 44.349518314222799 ], [ -78.301354651733803, 44.349510764257097 ], [ -78.301350728787398, 44.349486904328302 ], [ -78.301332240540106, 44.349474223514598 ], [ -78.301315228630401, 44.349407561285602 ], [ -78.301329792666806, 44.349396382142402 ], [ -78.301328712423299, 44.349376190510299 ], [ -78.301271594449304, 44.349308580040301 ], [ -78.301201692372501, 44.3490822194033 ], [ -78.301213017030705, 44.349010464503301 ], [ -78.301294392455802, 44.348943248523 ], [ -78.301309781898098, 44.348848543652899 ], [ -78.3013317617567, 44.3488288972299 ], [ -78.301368757638699, 44.3487663927638 ], [ -78.3014012489202, 44.348742888703399 ], [ -78.301963712625806, 44.3483359679689 ], [ -78.303000519721493, 44.349060540234298 ], [ -78.303054523594597, 44.3490982808596 ], [ -78.303153116383598, 44.349170626306403 ] ] ] } },
{ "type": "Feature", "properties": { "OBJECTID": 57, "WARDTYPE": "SUBWARD", "WARDNAME": "421", "WARD_ID": 251, "YEAR": 2010, "ACTIVE": "Yes", "Shape__Area": 5329748.7487792997, "Shape__Length": 12752.013430318901 }, "geometry": { "type": "Polygon", "coordinates": [ [ [ -78.283284814524905, 44.377378541106403 ], [ -78.282374926973503, 44.375343163086498 ], [ -78.279054030438402, 44.367913266290998 ], [ -78.274801146163895, 44.358770131200998 ], [ -78.273607560968102, 44.3562675217023 ], [ -78.2684665404757, 44.345786747891701 ], [ -78.277147636258803, 44.343683737292999 ], [ -78.277166132143705, 44.343728601545202 ], [ -78.2932691098475, 44.339781888235201 ], [ -78.293224803984003, 44.339683979005201 ], [ -78.295842811876099, 44.3390363063736 ], [ -78.294727678864703, 44.343018154712396 ], [ -78.298314086994097, 44.341925272139399 ], [ -78.299607305256202, 44.342030827495101 ], [ -78.300090299851405, 44.342234988048197 ], [ -78.300570012347507, 44.341860863297299 ], [ -78.301218255848696, 44.3417155798086 ], [ -78.301859091982607, 44.340756345471597 ], [ -78.303080317310801, 44.343514383732 ], [ -78.304018899350794, 44.345688681281601 ], [ -78.304066234896993, 44.345768364282002 ], [ -78.3041259421164, 44.3458507485906 ], [ -78.304127848464702, 44.345967285268301 ], [ -78.304028574006907, 44.345987267281501 ], [ -78.303990654061494, 44.346004377083801 ], [ -78.303924881575895, 44.346027091290999 ], [ -78.303937576155406, 44.346045616252901 ], [ -78.303801462545593, 44.346102899470402 ], [ -78.303789059710695, 44.346088216545397 ], [ -78.303775758790806, 44.346094369916202 ], [ -78.303708414923094, 44.346140313519598 ], [ -78.303667584838195, 44.3461551938166 ], [ -78.303581487776995, 44.346194212386202 ], [ -78.303535163366604, 44.346241372648301 ], [ -78.303492065235403, 44.346261961045997 ], [ -78.303447424020007, 44.346272429922301 ], [ -78.303400480585495, 44.346289326352903 ], [ -78.303281421953102, 44.346368618401399 ], [ -78.303210078135294, 44.346436073742503 ], [ -78.303161933870598, 44.346457263010201 ], [ -78.302931518884506, 44.346644837188897 ], [ -78.302880872738001, 44.346676770488301 ], [ -78.302843096231896, 44.346712608959997 ], [ -78.302799799428797, 44.346737513706501 ], [ -78.302763124458295, 44.346771217526999 ], [ -78.302730967107905, 44.346815831357503 ], [ -78.302537380739494, 44.347010036747101 ], [ -78.3024938512023, 44.347039977400698 ], [ -78.302398863833204, 44.347141443916897 ], [ -78.302379960029597, 44.347159722814403 ], [ -78.301425389171698, 44.347926517422302 ], [ -78.301397866921107, 44.347957556314597 ], [ -78.3009501529651, 44.348286913178299 ], [ -78.300837059288597, 44.348410997187102 ], [ -78.300825369814703, 44.348425125115497 ], [ -78.3004225470888, 44.348847729283797 ], [ -78.300247797252098, 44.3491777771196 ], [ -78.300187277672507, 44.349380887455801 ], [ -78.300168977213005, 44.349407822860897 ], [ -78.300129015925293, 44.349491143096699 ], [ -78.300101704373404, 44.349605011668302 ], [ -78.300085044234294, 44.349639908251397 ], [ -78.299964553269305, 44.350012291430097 ], [ -78.299965137246502, 44.350043274596104 ], [ -78.299982997354206, 44.350069624904201 ], [ -78.300025152044796, 44.350091508363903 ], [ -78.300035729338205, 44.3501234481324 ], [ -78.300018938041106, 44.350161222470597 ], [ -78.300017825343801, 44.350207289168502 ], [ -78.300007490518794, 44.3502574608261 ], [ -78.299934375225703, 44.350341437169199 ], [ -78.299908196455505, 44.350386911818703 ], [ -78.299859177341801, 44.350405198110003 ], [ -78.299804340699595, 44.350419025454002 ], [ -78.299793498885904, 44.350458380935102 ], [ -78.299748258842001, 44.350481798099899 ], [ -78.299712350969401, 44.350520560585899 ], [ -78.2996933557163, 44.350562604038998 ], [ -78.299653569420499, 44.350598393883097 ], [ -78.299605058074206, 44.350627495338202 ], [ -78.299604341684798, 44.350664929695803 ], [ -78.299567165234393, 44.350709423862099 ], [ -78.299298840632403, 44.3508694456225 ], [ -78.2992590208232, 44.350905954751298 ], [ -78.299193793413494, 44.350927458333103 ], [ -78.299124379334899, 44.350930857376497 ], [ -78.299072737679396, 44.350918832141602 ], [ -78.298964043298398, 44.350968835946396 ], [ -78.298898947987297, 44.350987461615503 ], [ -78.298855580210599, 44.351013803598804 ], [ -78.298797536424104, 44.3510318758644 ], [ -78.298737156612106, 44.351057094990402 ], [ -78.298638763288494, 44.351123187047001 ], [ -78.298568456030594, 44.3511460104816 ], [ -78.298454053026603, 44.351211003254498 ], [ -78.298327872131296, 44.3512483488783 ], [ -78.298270599084503, 44.3512714806389 ], [ -78.298134844163499, 44.351276909869398 ], [ -78.297939182209305, 44.351319092308998 ], [ -78.297777785807696, 44.351380091058502 ], [ -78.297660991947794, 44.351409735781502 ], [ -78.297392168569502, 44.351449464929097 ], [ -78.296861459853503, 44.351574459317902 ], [ -78.296817551407003, 44.351590704675701 ], [ -78.296769203341299, 44.351616207697802 ], [ -78.296643747433606, 44.351637723842401 ], [ -78.296609127565205, 44.351648427372702 ], [ -78.296506910383698, 44.351688499191702 ], [ -78.296362347222995, 44.351732609415897 ], [ -78.296282177323505, 44.351751596737202 ], [ -78.296212738710494, 44.351777320159599 ], [ -78.296090707904099, 44.351833487256201 ], [ -78.295813879361802, 44.351916236075702 ], [ -78.295742392479795, 44.351921024383998 ], [ -78.295607846679601, 44.351943764462298 ], [ -78.295436544007998, 44.351980037788699 ], [ -78.2953160909167, 44.351980064492601 ], [ -78.295186955515305, 44.351994289670202 ], [ -78.295027177234502, 44.352020032214 ], [ -78.294861780265293, 44.352036998765399 ], [ -78.294812295876895, 44.352065354892702 ], [ -78.294519014238105, 44.352134746708501 ], [ -78.294409875580897, 44.352172491931597 ], [ -78.294382552638396, 44.352133672760999 ], [ -78.294357254184504, 44.352138114604998 ], [ -78.294327383208199, 44.352154691746797 ], [ -78.294253279041897, 44.352216314237801 ], [ -78.294184361297496, 44.352296065057502 ], [ -78.294089607161098, 44.352370161825696 ], [ -78.294041123542002, 44.352398541340797 ], [ -78.293951945605698, 44.352460526495904 ], [ -78.293900279425301, 44.3524708250701 ], [ -78.293830474531902, 44.352504460741301 ], [ -78.293750907918806, 44.352532103187002 ], [ -78.293665659091801, 44.352585808749303 ], [ -78.293677780886895, 44.352616075198398 ], [ -78.293577576292094, 44.352665518911401 ], [ -78.293566675993404, 44.352674659287203 ], [ -78.293479659561399, 44.3527114877214 ], [ -78.293448386490795, 44.352736673990101 ], [ -78.2933875572066, 44.352815175680803 ], [ -78.293314187536197, 44.352882576707302 ], [ -78.293175719755197, 44.352968600010001 ], [ -78.293119810315105, 44.352983839121599 ], [ -78.293066479298602, 44.353008502176699 ], [ -78.293014711817307, 44.353020958596801 ], [ -78.292955529116696, 44.353041881735798 ], [ -78.292906845544593, 44.353074577324897 ], [ -78.292880477621196, 44.353080433909497 ], [ -78.292832118310201, 44.3530843284735 ], [ -78.292777408970593, 44.353095274577598 ], [ -78.292725302837695, 44.3530933184921 ], [ -78.292679676820995, 44.353081433044999 ], [ -78.2926168064199, 44.353073459855899 ], [ -78.292571511913806, 44.353054380057898 ], [ -78.292485727123093, 44.352993676337498 ], [ -78.291626246090203, 44.353288549892099 ], [ -78.291614456112697, 44.353303916852397 ], [ -78.291621842372606, 44.353306972083303 ], [ -78.291602531320905, 44.353323079757502 ], [ -78.291590739158806, 44.353339364940098 ], [ -78.291548874415696, 44.353376543049201 ], [ -78.291437940344196, 44.353534673902899 ], [ -78.291402760058304, 44.353584819637497 ], [ -78.291357654819905, 44.353626962296403 ], [ -78.2913190377148, 44.353680782378603 ], [ -78.291189339553995, 44.353815986119201 ], [ -78.291140455379505, 44.353852997489703 ], [ -78.291105409815799, 44.353894658569999 ], [ -78.290951171478198, 44.354104902407599 ], [ -78.290847102799404, 44.354228470350698 ], [ -78.290765424742702, 44.3543453674869 ], [ -78.290711095131201, 44.354391612238302 ], [ -78.290425736308705, 44.3547024542017 ], [ -78.290397848782007, 44.354763010620097 ], [ -78.290288930081701, 44.354882861820698 ], [ -78.290243417515796, 44.354912030455502 ], [ -78.290075599871201, 44.355111867658501 ], [ -78.289946555087099, 44.355319827364099 ], [ -78.289931329788899, 44.355367000180401 ], [ -78.289866952671304, 44.355456939187903 ], [ -78.289807342247101, 44.355508819848097 ], [ -78.289787567768997, 44.355545801592001 ], [ -78.289756192042901, 44.355573145047302 ], [ -78.289730308815393, 44.355633748885097 ], [ -78.289667597518701, 44.355709322994898 ], [ -78.289643648226601, 44.355752806366802 ], [ -78.289617482887095, 44.355772952503003 ], [ -78.289605630411202, 44.355812282978299 ], [ -78.289498687424299, 44.355954507037303 ], [ -78.289482989867906, 44.355990145106297 ], [ -78.289442264398801, 44.3560460751143 ], [ -78.289292823507097, 44.356347898083399 ], [ -78.289270571268105, 44.356373297421598 ], [ -78.289264037792705, 44.356427878728901 ], [ -78.289258625832105, 44.356436392801001 ], [ -78.289087916416605, 44.356916325009401 ], [ -78.289074348467395, 44.356927525329397 ], [ -78.289037851463704, 44.356935301097202 ], [ -78.289032778263206, 44.3569582275369 ], [ -78.289039678463098, 44.357004485289004 ], [ -78.288935649444497, 44.357388050571103 ], [ -78.289012366683394, 44.357726934088198 ], [ -78.289101712732901, 44.357835648179801 ], [ -78.289160417514907, 44.357868732855401 ], [ -78.289173792267306, 44.357883453934399 ], [ -78.289186297003894, 44.357895274383303 ], [ -78.289351189485402, 44.358020186784699 ], [ -78.289538000893998, 44.358151323562801 ], [ -78.289579875299694, 44.358198469404599 ], [ -78.289612316855994, 44.358256857086701 ], [ -78.289619011395999, 44.3582858247159 ], [ -78.289613672763807, 44.358314506606703 ], [ -78.289611740695193, 44.3583346267908 ], [ -78.289656229740601, 44.3584365135289 ], [ -78.289678186274003, 44.358526341744302 ], [ -78.289653939417406, 44.358790805662899 ], [ -78.289592400248097, 44.358884412939503 ], [ -78.289601704877199, 44.3589220851444 ], [ -78.289610862614495, 44.358919421738001 ], [ -78.289635460255695, 44.358908482365798 ], [ -78.289567460754597, 44.3590768387336 ], [ -78.289534781463303, 44.359110633105701 ], [ -78.289522026199705, 44.359147781466099 ], [ -78.289472459123502, 44.359264720796403 ], [ -78.289467857592399, 44.359299181011501 ], [ -78.289403396554903, 44.359456097837302 ], [ -78.289372928654998, 44.359507229870403 ], [ -78.2892700638901, 44.359778469218099 ], [ -78.289260589960506, 44.3597988604158 ], [ -78.289251458186897, 44.359830873227601 ], [ -78.289244094775199, 44.359878952850003 ], [ -78.289052580592099, 44.360474974786399 ], [ -78.289015248505194, 44.360577374331399 ], [ -78.289020406848806, 44.360737089576297 ], [ -78.289011810340796, 44.360784689754702 ], [ -78.289021301559799, 44.361016824820801 ], [ -78.289084914884299, 44.361433090217901 ], [ -78.289090256693001, 44.361504968629099 ], [ -78.289096730343502, 44.361522407570703 ], [ -78.289180830469505, 44.361712291360099 ], [ -78.2891854461988, 44.361721043576701 ], [ -78.289558477195598, 44.362308325954302 ], [ -78.289932329819095, 44.362896886958197 ], [ -78.289946708655705, 44.362911632678298 ], [ -78.290443498019101, 44.363459267643002 ], [ -78.290455340449995, 44.363485476543502 ], [ -78.290466504581005, 44.363482860699698 ], [ -78.290714652354893, 44.364001544886399 ], [ -78.290725388974806, 44.3641170342908 ], [ -78.290717838000106, 44.364128378514401 ], [ -78.290723471775706, 44.364180367789203 ], [ -78.290734237839999, 44.364186385062503 ], [ -78.290771654012602, 44.364507049055902 ], [ -78.290761227108106, 44.364515444155302 ], [ -78.290766860942796, 44.3645674334267 ], [ -78.290779632826002, 44.364573498305397 ], [ -78.290790089357898, 44.3646515298189 ], [ -78.290797316498995, 44.365060783992902 ], [ -78.2907822732856, 44.365060426931798 ], [ -78.290764516441996, 44.365140669636702 ], [ -78.290786963576096, 44.365481144322899 ], [ -78.290789175840999, 44.365498482012804 ], [ -78.290804116007905, 44.365588143390802 ], [ -78.290793777439902, 44.365659919581198 ], [ -78.290865854475598, 44.366839903349501 ], [ -78.290875042996802, 44.366923666460998 ], [ -78.290868789616795, 44.367015705646097 ], [ -78.290887063370604, 44.367076637490598 ], [ -78.290885529511698, 44.367088124535599 ], [ -78.290845294914305, 44.3671332633687 ], [ -78.290839483902403, 44.367150410619097 ], [ -78.290761625011598, 44.367249392783499 ], [ -78.290747864328395, 44.367286517374097 ], [ -78.290702083902104, 44.3673430479692 ], [ -78.290614445448, 44.367588721887302 ], [ -78.290604637187798, 44.367648987178399 ], [ -78.290621834240596, 44.367689727464601 ], [ -78.290606406664196, 44.367741216780601 ], [ -78.290585817120501, 44.367752251487502 ], [ -78.290512867825996, 44.367940656748502 ], [ -78.290308238982803, 44.368241170456798 ], [ -78.290315272603706, 44.368284550368102 ], [ -78.290297587479898, 44.368384960701199 ], [ -78.2903017606303, 44.368468604775202 ], [ -78.290310682945602, 44.368558123317399 ], [ -78.290312172060098, 44.368612895049203 ], [ -78.290314384257698, 44.3686302327392 ], [ -78.290355162060905, 44.3690085937194 ], [ -78.290424688533506, 44.369177334218101 ], [ -78.290514319139703, 44.369280292985998 ], [ -78.290561531576799, 44.369301578845999 ], [ -78.290685012165298, 44.369454314746498 ], [ -78.290697652322294, 44.369463257366597 ], [ -78.290800425786003, 44.369477220256698 ], [ -78.290921342152004, 44.369750891227199 ], [ -78.2909388042101, 44.369785876021197 ], [ -78.290935338080899, 44.3698174832329 ], [ -78.290956842762, 44.369938989822501 ], [ -78.2908997179008, 44.370067272761297 ], [ -78.290889894706098, 44.370084324778603 ], [ -78.2908532862226, 44.370181405166697 ], [ -78.290661865507005, 44.3704130922346 ], [ -78.290652322209397, 44.370467602072701 ], [ -78.290334479655399, 44.3707625474458 ], [ -78.290312295602902, 44.370808114579297 ], [ -78.290146256002998, 44.370968381772002 ], [ -78.290056931309607, 44.370989307930401 ], [ -78.290007739832802, 44.371054399811598 ], [ -78.290000261163598, 44.3710859117203 ], [ -78.290004612091096, 44.371100419328599 ], [ -78.289744670476693, 44.371402499454597 ], [ -78.289733976533, 44.371416649831701 ], [ -78.289610074167399, 44.371621129682801 ], [ -78.289612816250795, 44.371626956518497 ], [ -78.289633819528405, 44.371650502149897 ], [ -78.289173918580005, 44.3720861138627 ], [ -78.289057164708495, 44.372163158746702 ], [ -78.289038744598599, 44.372167071348699 ], [ -78.288983786908901, 44.372202594228398 ], [ -78.288985394353503, 44.372211274989702 ], [ -78.288880943903493, 44.372280084569702 ], [ -78.288687092254094, 44.372408820564303 ], [ -78.288652278994903, 44.37243037068 ], [ -78.288638917252896, 44.372428785698297 ], [ -78.288584703086997, 44.372465265926699 ], [ -78.288584075283396, 44.372476144266798 ], [ -78.2885039679703, 44.372528437464503 ], [ -78.287930346389004, 44.372768144806301 ], [ -78.287899514741696, 44.372761740520701 ], [ -78.287471669919398, 44.372921364327603 ], [ -78.287436558441101, 44.372928812373701 ], [ -78.287409528856301, 44.372918897237099 ], [ -78.287391740153694, 44.372896417892399 ], [ -78.287399764291294, 44.372866719665502 ], [ -78.287435054363002, 44.372855404718898 ], [ -78.287447293293496, 44.3728485834556 ], [ -78.288358933778099, 44.372470075557104 ], [ -78.288393609341199, 44.372431287512001 ], [ -78.288399841068397, 44.372405057678897 ], [ -78.287709884253303, 44.371701489157701 ], [ -78.287692545581706, 44.3716882933211 ], [ -78.287576322966203, 44.371593163869001 ], [ -78.28727686517, 44.371470632678403 ], [ -78.287222008280807, 44.371462666912102 ], [ -78.287161046681604, 44.371442852527899 ], [ -78.286984058137605, 44.371426942295301 ], [ -78.286869918135906, 44.371392719808398 ], [ -78.286436441722898, 44.371323987711797 ], [ -78.286228362384605, 44.3714403969079 ], [ -78.286168357352096, 44.371579142104302 ], [ -78.286103921642095, 44.371650801907798 ], [ -78.286002356170997, 44.371925669785099 ], [ -78.285999259887106, 44.371943781594503 ], [ -78.285963493291703, 44.372084903545101 ], [ -78.285965044158999, 44.372102945800002 ], [ -78.285845183823398, 44.372254387366297 ], [ -78.285771347777697, 44.372429577627798 ], [ -78.285712550525602, 44.372658799493799 ], [ -78.285715045349505, 44.372691718634002 ], [ -78.285709670588702, 44.3727238204443 ], [ -78.285716266439394, 44.372790237081297 ], [ -78.285647838836994, 44.372972624773801 ], [ -78.285644454208494, 44.372991539955699 ], [ -78.285659626515795, 44.373032592915997 ], [ -78.285655257513298, 44.373059227000397 ], [ -78.285663192050094, 44.3730857935656 ], [ -78.285644363941103, 44.373183565139897 ], [ -78.285676329579104, 44.373263188852803 ], [ -78.285681756605797, 44.373289695785701 ], [ -78.285674489838698, 44.373343719155997 ], [ -78.285680341282301, 44.373396343975202 ], [ -78.285639490786707, 44.3734980931793 ], [ -78.285642330836296, 44.373512655044998 ], [ -78.285641277120206, 44.373527304366903 ], [ -78.285604982837995, 44.373587479466202 ], [ -78.285592439607896, 44.373649749846599 ], [ -78.285543833550307, 44.373677582567304 ], [ -78.285537644128695, 44.373694720530303 ], [ -78.2855441330113, 44.373722693151002 ], [ -78.285463734895899, 44.373919650459598 ], [ -78.285465568477406, 44.373960245768899 ], [ -78.285454247942297, 44.3740790352673 ], [ -78.2853979042916, 44.374135762580302 ], [ -78.285369758339399, 44.374193430585798 ], [ -78.285391214562395, 44.374209875640297 ], [ -78.285413548666298, 44.374210046707198 ], [ -78.285647009953905, 44.374153030208198 ], [ -78.285691807661195, 44.3741532852899 ], [ -78.285701455539794, 44.374161797193103 ], [ -78.285639998077002, 44.374190674742003 ], [ -78.285528060675503, 44.374209169014797 ], [ -78.285255717611307, 44.374311714357702 ], [ -78.285035658433102, 44.374510481038101 ], [ -78.285020503158407, 44.3745233544971 ], [ -78.2849678381546, 44.374587371243599 ], [ -78.284860525500804, 44.374638946303499 ], [ -78.284538161861903, 44.374902514016597 ], [ -78.284532646497397, 44.374926780079498 ], [ -78.284535120513894, 44.374962849679498 ], [ -78.2845168671154, 44.375026424508697 ], [ -78.284386302767302, 44.375092098707199 ], [ -78.284145015655, 44.375426749256597 ], [ -78.284007939863599, 44.375996778508302 ], [ -78.284022221195798, 44.376051872660597 ], [ -78.283987242366095, 44.376127822415398 ], [ -78.283944722246403, 44.3762306871837 ], [ -78.283908491203206, 44.376333701591001 ], [ -78.283839576648901, 44.376463036302297 ], [ -78.283785113548802, 44.376552069562202 ], [ -78.283730436747206, 44.376645609853902 ], [ -78.2836759733013, 44.376734643050703 ], [ -78.283597406212294, 44.376800520250903 ], [ -78.2835307813952, 44.376880228854802 ], [ -78.2834834366802, 44.376951364795097 ], [ -78.283442381318693, 44.3770226468027 ], [ -78.283425841598103, 44.377108066720503 ], [ -78.283415586297593, 44.377193632606797 ], [ -78.283400512810601, 44.377247469995801 ], [ -78.283353167622593, 44.377318605866698 ], [ -78.283327185270707, 44.377336054037002 ], [ -78.283284814524905, 44.377378541106403 ] ] ] } },
{ "type": "Feature", "properties": { "OBJECTID": 58, "WARDTYPE": "SUBWARD", "WARDNAME": "422", "WARD_ID": 252, "YEAR": 2010, "ACTIVE": "Yes", "Shape__Area": 662024.77441406297, "Shape__Length": 5319.3555756401202 }, "geometry": { "type": "Polygon", "coordinates": [ [ [ -78.304153262945107, 44.345938356577904 ], [ -78.3041259421164, 44.3458507485906 ], [ -78.304066234896993, 44.345768364282002 ], [ -78.304018899350794, 44.345688681281601 ], [ -78.303080317310801, 44.343514383732 ], [ -78.301859091982607, 44.340756345471597 ], [ -78.303754792525595, 44.340293012079897 ], [ -78.304593894715296, 44.339944641561402 ], [ -78.304993318681298, 44.339851737973603 ], [ -78.305844836745806, 44.339518597691303 ], [ -78.305498089626795, 44.339305865337501 ], [ -78.305371823843004, 44.3392395080703 ], [ -78.305127291816305, 44.339176566804198 ], [ -78.304858153924101, 44.339137398219599 ], [ -78.304592118525804, 44.339090596823297 ], [ -78.303439840364305, 44.3389128678117 ], [ -78.303205783971706, 44.3389506926179 ], [ -78.302943302277697, 44.339035028617303 ], [ -78.302226034594398, 44.339368937287297 ], [ -78.302100934466097, 44.3392170086736 ], [ -78.301994348177999, 44.339095164430901 ], [ -78.301947486963201, 44.339025049919499 ], [ -78.301930045921097, 44.338968569539503 ], [ -78.301930616410203, 44.338912513105399 ], [ -78.301931934462999, 44.338883792233602 ], [ -78.301947720511393, 44.338845349192901 ], [ -78.301988374336901, 44.338788803379103 ], [ -78.302588094997901, 44.338001816059297 ], [ -78.303000509822198, 44.337489118318402 ], [ -78.303180667671896, 44.337375529168803 ], [ -78.303323123177293, 44.337306437198102 ], [ -78.305344256369096, 44.336683386089497 ], [ -78.305972321495005, 44.336497259553603 ], [ -78.307552403916205, 44.336084808222303 ], [ -78.308661332705896, 44.335795328034003 ], [ -78.308688222070501, 44.3357905892057 ], [ -78.308728167068907, 44.3357896512575 ], [ -78.308812350825704, 44.335800159888997 ], [ -78.308574679531503, 44.3344505300091 ], [ -78.308488804870194, 44.333881479269898 ], [ -78.3084547573729, 44.332984666969303 ], [ -78.308339096248503, 44.331373077564599 ], [ -78.308347225468694, 44.331225941169201 ], [ -78.308379868753505, 44.3310564465448 ], [ -78.308421058362001, 44.330905693683697 ], [ -78.308477716357203, 44.330776205418999 ], [ -78.308955317207506, 44.3299832735688 ], [ -78.309072868901495, 44.330012202352201 ], [ -78.3091335947923, 44.330029716435 ], [ -78.309474188255805, 44.329976177165399 ], [ -78.310171410940498, 44.329824265268599 ], [ -78.311258041008401, 44.329587494185901 ], [ -78.311713721181604, 44.329488199104702 ], [ -78.311921849088193, 44.329389990394397 ], [ -78.312377225758098, 44.3292825677308 ], [ -78.312385177875697, 44.329298805965301 ], [ -78.312422147044899, 44.329324163892203 ], [ -78.312427141595407, 44.329346608301201 ], [ -78.312404269282894, 44.329364075256699 ], [ -78.312382809781795, 44.329394538527502 ], [ -78.312373803157101, 44.329503800754097 ], [ -78.312386157533297, 44.329584756251201 ], [ -78.312445455438194, 44.329670418145 ], [ -78.312446440836993, 44.3296927681562 ], [ -78.312383918949095, 44.329765478680102 ], [ -78.312376967653705, 44.3298078079671 ], [ -78.312390423976296, 44.329842695348702 ], [ -78.312373169727493, 44.329912870611601 ], [ -78.312380134066998, 44.3300239484171 ], [ -78.312373214622397, 44.330109491630203 ], [ -78.312371223981302, 44.330218918141902 ], [ -78.312366244339799, 44.330262014069199 ], [ -78.312365309756899, 44.330270800349602 ], [ -78.312357451732595, 44.330344632294903 ], [ -78.312307384180002, 44.330408272262297 ], [ -78.312295765898696, 44.330464896041804 ], [ -78.312298755816897, 44.330487294151297 ], [ -78.312312442428393, 44.330517144524002 ], [ -78.312309565927805, 44.330558130209802 ], [ -78.312237921239003, 44.330720653281404 ], [ -78.312163401884803, 44.330836294341502 ], [ -78.312134069301493, 44.330929232166902 ], [ -78.312071307970896, 44.331270578749098 ], [ -78.312072651177999, 44.331416814938599 ], [ -78.312063661871903, 44.331459816424001 ], [ -78.312050187064699, 44.331491188769299 ], [ -78.312043269403603, 44.331532798597898 ], [ -78.312043757557205, 44.331653806965598 ], [ -78.312055635605603, 44.331723227746302 ], [ -78.312054303148699, 44.331774331950697 ], [ -78.312071208693098, 44.3318654777026 ], [ -78.312124674508993, 44.331969007887899 ], [ -78.312194392219794, 44.3320462726182 ], [ -78.312424547789604, 44.332213741313502 ], [ -78.312448422578498, 44.332240231350198 ], [ -78.312486527423403, 44.33226273511 ], [ -78.312516021749104, 44.3322980000762 ], [ -78.312537168590794, 44.332340270692903 ], [ -78.313380433059606, 44.332441506486703 ], [ -78.3135071556257, 44.3324351262278 ], [ -78.313538934815298, 44.332442356148199 ], [ -78.313562432370205, 44.332455152003902 ], [ -78.313632579775003, 44.332523064013102 ], [ -78.313670685270395, 44.332545567392202 ], [ -78.313710318981506, 44.332556583213197 ], [ -78.314051380194499, 44.332734581039198 ], [ -78.314150465255906, 44.332806053635998 ], [ -78.314284435716004, 44.332882668287503 ], [ -78.314483445707097, 44.333073167225798 ], [ -78.314483117628797, 44.333124295081802 ], [ -78.314474689567206, 44.3331550662244 ], [ -78.314457139206795, 44.333187783399602 ], [ -78.314438505801803, 44.333244242329002 ], [ -78.314412066847297, 44.333273869491002 ], [ -78.314394994305701, 44.333318121407601 ], [ -78.314338649160106, 44.333387377195997 ], [ -78.314303435786499, 44.333477296305702 ], [ -78.314153444082706, 44.333685511548097 ], [ -78.3141425989037, 44.333703261840903 ], [ -78.314103572546202, 44.333744836471098 ], [ -78.314094945759393, 44.333779924222299 ], [ -78.3140747834819, 44.333803937243701 ], [ -78.314051794894596, 44.333845889237303 ], [ -78.314050512010198, 44.333873947601603 ], [ -78.314040308897106, 44.333899635404698 ], [ -78.314022019841701, 44.333926573372501 ], [ -78.314000017057793, 44.333946941973998 ], [ -78.313990912362399, 44.333970494962003 ], [ -78.313991669553602, 44.333997881112197 ], [ -78.313983289169499, 44.334049539695002 ], [ -78.313987364611506, 44.334179995282398 ], [ -78.313978392644003, 44.334244603888898 ], [ -78.313962206787807, 44.334269430679797 ], [ -78.313917395707307, 44.334305827582199 ], [ -78.313901916401406, 44.334337152964203 ], [ -78.313898991436801, 44.334401183644097 ], [ -78.313872600955307, 44.334451698173503 ], [ -78.313868739324107, 44.334470332998599 ], [ -78.313867474023397, 44.3344760649764 ], [ -78.313846340636005, 44.334499334882601 ], [ -78.313765132609603, 44.334563683960397 ], [ -78.313731462464403, 44.334575855520796 ], [ -78.313721865797703, 44.334610200195101 ], [ -78.313650006344901, 44.334667567006598 ], [ -78.313472829893499, 44.3348556947088 ], [ -78.313213537799001, 44.3351059905876 ], [ -78.313044722804804, 44.335340665027402 ], [ -78.312998134035496, 44.335427899594102 ], [ -78.312990377183695, 44.335465888607601 ], [ -78.312975866572401, 44.335497956880502 ], [ -78.312954372052005, 44.335529140525999 ], [ -78.312949293566902, 44.335574394777801 ], [ -78.312921357204502, 44.335614789618703 ], [ -78.312899630874497, 44.335738876058201 ], [ -78.312882244455594, 44.335767995741399 ], [ -78.312847110728498, 44.335790215649801 ], [ -78.312811925970806, 44.335835481356199 ], [ -78.312799404340794, 44.3358899232204 ], [ -78.312776085165197, 44.335939069350502 ], [ -78.312698570404606, 44.335988379999897 ], [ -78.312672441180297, 44.3360331386368 ], [ -78.312631045666706, 44.336082579378299 ], [ -78.312588219156893, 44.336185282621699 ], [ -78.312581398559303, 44.336224734084198 ], [ -78.312547068295402, 44.336251294129198 ], [ -78.312508779646706, 44.336298647316497 ], [ -78.312428763746993, 44.3364465688948 ], [ -78.312427020832502, 44.3364846994644 ], [ -78.312433362982901, 44.336521579961499 ], [ -78.312446178844695, 44.336592463175897 ], [ -78.312442053509002, 44.336616853489502 ], [ -78.312472293682703, 44.336655467022297 ], [ -78.312326992544598, 44.336853955602798 ], [ -78.312320060509407, 44.336890350693402 ], [ -78.312260162815804, 44.336951793814599 ], [ -78.312241889050597, 44.336956405056 ], [ -78.312225585980499, 44.336961782917697 ], [ -78.311825070141595, 44.337205868265698 ], [ -78.311789507524594, 44.337237440587501 ], [ -78.311746418890493, 44.337258032366599 ], [ -78.311697265462499, 44.337301528297701 ], [ -78.311331763089001, 44.337547876958503 ], [ -78.3112981049035, 44.337581654640502 ], [ -78.310940880743701, 44.337866368628703 ], [ -78.310864460641497, 44.337957476493798 ], [ -78.310769948308106, 44.338027271709599 ], [ -78.310723700841905, 44.338072996335399 ], [ -78.310446818416295, 44.338290460597598 ], [ -78.310388602735401, 44.3384223293342 ], [ -78.310404097392905, 44.338456544721097 ], [ -78.310450404542095, 44.338497247887602 ], [ -78.310471174769503, 44.338525825821897 ], [ -78.310466916797296, 44.338553093806198 ], [ -78.310445042652503, 44.338570583861099 ], [ -78.310419553657695, 44.338579346109803 ], [ -78.310344567718104, 44.338573257876 ], [ -78.310283122323298, 44.338578291947798 ], [ -78.310251944894503, 44.338623651271902 ], [ -78.310086429263606, 44.338797644887798 ], [ -78.310076223476997, 44.338823332252701 ], [ -78.310058128496095, 44.338845952823497 ], [ -78.310031043113099, 44.3388676413011 ], [ -78.3099860477775, 44.338886026817498 ], [ -78.309948705551093, 44.3389564484267 ], [ -78.309909572619503, 44.339000179727897 ], [ -78.309860746799302, 44.339036480387101 ], [ -78.309837917618097, 44.339074834158097 ], [ -78.309729909437394, 44.339154393486197 ], [ -78.309650460220993, 44.339267755902902 ], [ -78.309612809635496, 44.339279112197701 ], [ -78.309596390014903, 44.339308974368599 ], [ -78.309533692697102, 44.339341346836498 ], [ -78.309472718624505, 44.339401848417097 ], [ -78.309404317406702, 44.339449210956303 ], [ -78.309375491241894, 44.339465096492802 ], [ -78.309365104456703, 44.339472774058102 ], [ -78.309337591735201, 44.339503815137498 ], [ -78.309299644598397, 44.339521646305698 ], [ -78.309262008424099, 44.339554609383299 ], [ -78.309235300544998, 44.339589989821903 ], [ -78.309188049375905, 44.339635691051598 ], [ -78.309170658646593, 44.339664810047999 ], [ -78.309079772044996, 44.339764938495897 ], [ -78.309063120245597, 44.339799836644403 ], [ -78.308929372201405, 44.3399155195332 ], [ -78.308862133110395, 44.340003241382902 ], [ -78.308846516511196, 44.340037443686398 ], [ -78.308837590355196, 44.3400790059139 ], [ -78.308816585886902, 44.340099397030002 ], [ -78.308781038355505, 44.340108641976101 ], [ -78.308751946970105, 44.3401302828483 ], [ -78.308741048722098, 44.340171078351702 ], [ -78.308708259494594, 44.340207756615698 ], [ -78.308672858033006, 44.340235730654904 ], [ -78.308649321533196, 44.340267585535599 ], [ -78.308645225979902, 44.340291256180997 ], [ -78.308648757489195, 44.3403237492847 ], [ -78.308599956031998, 44.340403263083203 ], [ -78.308530401375194, 44.340475805541601 ], [ -78.308512713617006, 44.340511399396703 ], [ -78.3085110679839, 44.340547371520302 ], [ -78.308481745710495, 44.340574048407298 ], [ -78.308455103966594, 44.3406079906798 ], [ -78.308444137025802, 44.340650224969004 ], [ -78.3084222111722, 44.340690760402701 ], [ -78.308394697362402, 44.3407218012225 ], [ -78.308385228180597, 44.3407532675459 ], [ -78.308394555665799, 44.340812545414799 ], [ -78.3083829652888, 44.340868449147401 ], [ -78.308311455187393, 44.340917898363301 ], [ -78.3083283140395, 44.340944223786401 ], [ -78.308322115759495, 44.340970005488003 ], [ -78.308245000105998, 44.341032286406801 ], [ -78.308223270359804, 44.341068505113498 ], [ -78.308192386435394, 44.341107388810599 ], [ -78.308067974642597, 44.341150548769498 ], [ -78.308007166502904, 44.341163519041203 ], [ -78.307959983693607, 44.341163846697398 ], [ -78.307915265847299, 44.3411541494118 ], [ -78.307711724361397, 44.341194002238801 ], [ -78.307619330728997, 44.3411954240201 ], [ -78.307480111686203, 44.3412331925377 ], [ -78.307407964222193, 44.341230770419202 ], [ -78.307296444719398, 44.341211574650302 ], [ -78.307137853915094, 44.341212154617303 ], [ -78.307062041166702, 44.341224050177999 ], [ -78.306882538175202, 44.341286795421397 ], [ -78.306773986442295, 44.341312322706997 ], [ -78.306708212063299, 44.341346061440802 ], [ -78.306582823495802, 44.341432409833502 ], [ -78.306467426520896, 44.341519714084903 ], [ -78.306458879157702, 44.3415310358806 ], [ -78.3063725600163, 44.341575092881598 ], [ -78.306224027674006, 44.341684661919999 ], [ -78.306171647655006, 44.341710794043898 ], [ -78.306122914922, 44.341744934624799 ], [ -78.306096316429802, 44.3417997636923 ], [ -78.306072678984506, 44.341833776304497 ], [ -78.306027758264804, 44.341872328122399 ], [ -78.305956667399997, 44.341956356226802 ], [ -78.305883261229297, 44.342025205052103 ], [ -78.305475712046103, 44.342508934540803 ], [ -78.305409493590503, 44.342639891504298 ], [ -78.3053886913752, 44.342721505308297 ], [ -78.305398999992207, 44.342803133331699 ], [ -78.305434707824304, 44.342943698630997 ], [ -78.305436607288101, 44.342989837440101 ], [ -78.305462118661893, 44.3430682232515 ], [ -78.305514038574799, 44.343161636828398 ], [ -78.305520180276403, 44.34320283425 ], [ -78.305543330613503, 44.343245153394598 ], [ -78.305610603922403, 44.343310120626001 ], [ -78.305664087383207, 44.343391327330203 ], [ -78.305685550597502, 44.3434047978919 ], [ -78.305700039882595, 44.3434389901619 ], [ -78.305739857365694, 44.343468018538204 ], [ -78.305775197219305, 44.343660430744002 ], [ -78.305778765851699, 44.343757744433603 ], [ -78.305768068218896, 44.34385976291 ], [ -78.305757495596495, 44.343893363608302 ], [ -78.305763649543707, 44.343956167847097 ], [ -78.305750366076097, 44.343983222593998 ], [ -78.305758749066101, 44.344096257045699 ], [ -78.305769033472203, 44.344123385542296 ], [ -78.305770491237695, 44.344157270204398 ], [ -78.305737433143406, 44.344309176144897 ], [ -78.305747399750501, 44.344485864839001 ], [ -78.305734465947197, 44.344592872045702 ], [ -78.305707206144803, 44.344662089751402 ], [ -78.305621890951301, 44.344771709702798 ], [ -78.3055889915927, 44.344854478398602 ], [ -78.305539510494995, 44.344926772604197 ], [ -78.305452716914502, 44.3451343071807 ], [ -78.3053971223829, 44.3452086176571 ], [ -78.305363416517693, 44.345287045934597 ], [ -78.305225267206097, 44.345454476161102 ], [ -78.305027372229901, 44.345633459532301 ], [ -78.304988186337397, 44.345656301522297 ], [ -78.304920257243097, 44.345671262655202 ], [ -78.304910045416904, 44.345696948486399 ], [ -78.304887935950504, 44.3457194743225 ], [ -78.304839878917804, 44.345716899168799 ], [ -78.304810210800099, 44.345729162561803 ], [ -78.304780212776706, 44.345748620336899 ], [ -78.304744529251096, 44.345760741672898 ], [ -78.304703391165603, 44.345760490492097 ], [ -78.304662232928905, 44.3457825655778 ], [ -78.304617626512993, 44.345792315517599 ], [ -78.30458177797, 44.345808033995702 ], [ -78.304538072603194, 44.345819965835901 ], [ -78.304336443126104, 44.345905231471399 ], [ -78.304237993741097, 44.345907227703997 ], [ -78.304153262945107, 44.345938356577904 ] ] ] } },
{ "type": "Feature", "properties": { "OBJECTID": 59, "WARDTYPE": "SUBWARD", "WARDNAME": "420", "WARD_ID": 253, "YEAR": 2010, "ACTIVE": "Yes", "Shape__Area": 1072972.99926758, "Shape__Length": 6006.4901645808905 }, "geometry": { "type": "Polygon", "coordinates": [ [ [ -78.294721789307602, 44.343015012715902 ], [ -78.295836923857195, 44.339033165369997 ], [ -78.303419366903896, 44.330003953909099 ], [ -78.303927756451401, 44.325588371783198 ], [ -78.304294248941403, 44.325502078367798 ], [ -78.304467746695195, 44.325458255820799 ], [ -78.3046581318481, 44.325412854774797 ], [ -78.305018973445399, 44.325326482305002 ], [ -78.305399529200301, 44.325235392098499 ], [ -78.306347553317593, 44.3250084674672 ], [ -78.306488830721705, 44.324974648769 ], [ -78.306666897441502, 44.324932641205002 ], [ -78.306846018734007, 44.324890384560497 ], [ -78.307025195561295, 44.324848114539598 ], [ -78.307204351934203, 44.324805847355201 ], [ -78.307383509149602, 44.324763583509501 ], [ -78.307562658767694, 44.324721315601302 ], [ -78.307797668443499, 44.3246658741011 ], [ -78.307899903894196, 44.324641752452798 ], [ -78.308033976159805, 44.324610120623497 ], [ -78.308162936429099, 44.3245796968882 ], [ -78.308214568103907, 44.324568569913197 ], [ -78.308395473555095, 44.3245295902924 ], [ -78.308576378943499, 44.324490606781502 ], [ -78.308578349110903, 44.324506422455698 ], [ -78.308990581062702, 44.324405609526401 ], [ -78.309065506003193, 44.324387523014501 ], [ -78.309201711193197, 44.324345097177599 ], [ -78.309509507125696, 44.324273945818 ], [ -78.309572527411206, 44.324259377530801 ], [ -78.309688468955301, 44.324235196513598 ], [ -78.310041796778194, 44.326327800004798 ], [ -78.310108564394596, 44.326770346110301 ], [ -78.310113417599993, 44.327034770384003 ], [ -78.310071641391801, 44.3272603526705 ], [ -78.309946178255998, 44.327584833105597 ], [ -78.309569982150094, 44.3285942134059 ], [ -78.309265497402606, 44.329411172787701 ], [ -78.3091512909497, 44.329650820045202 ], [ -78.309052217868995, 44.329809475143101 ], [ -78.308887412377004, 44.3300830957646 ], [ -78.308471828520297, 44.330773063268602 ], [ -78.308415170474404, 44.3309025524295 ], [ -78.308373980812405, 44.331053306187599 ], [ -78.308341337553998, 44.331222799910698 ], [ -78.308333208319894, 44.3313699363054 ], [ -78.308448869280497, 44.332981525712697 ], [ -78.308482917900307, 44.3338783389421 ], [ -78.308568791289304, 44.334447388755599 ], [ -78.308806462438497, 44.335797018644698 ], [ -78.308722279940497, 44.335786510038602 ], [ -78.308682332438195, 44.335787447925703 ], [ -78.308655444327698, 44.3357921867822 ], [ -78.307546515571801, 44.336081666914197 ], [ -78.305966433198606, 44.336494118165099 ], [ -78.305338368089707, 44.336680244669097 ], [ -78.3033172349501, 44.3373032956749 ], [ -78.303174779445996, 44.337372387638297 ], [ -78.302994622848203, 44.337485976808203 ], [ -78.302582206743907, 44.337998674497697 ], [ -78.301982487292705, 44.3387856618154 ], [ -78.301941832211, 44.338842207597501 ], [ -78.301926046159593, 44.338880650637201 ], [ -78.301924726809801, 44.338909372378602 ], [ -78.301924157609605, 44.338965427942902 ], [ -78.3019415986452, 44.339021908323602 ], [ -78.301988459850506, 44.3390920228372 ], [ -78.3020950473326, 44.339213868013999 ], [ -78.302220146227199, 44.339365795704801 ], [ -78.302937412649996, 44.339031887041898 ], [ -78.303199895590595, 44.338947551085397 ], [ -78.303433951973702, 44.338909726291099 ], [ -78.304586230053403, 44.3390874553603 ], [ -78.304852265432302, 44.339134256769903 ], [ -78.305121402052606, 44.339173425338402 ], [ -78.305365935312494, 44.339236366646197 ], [ -78.305492201082799, 44.339302723919701 ], [ -78.305838948161593, 44.339515456290499 ], [ -78.304987430112206, 44.339848596529201 ], [ -78.304588006159506, 44.339941500096799 ], [ -78.303748903982793, 44.340289870572398 ], [ -78.301853203500599, 44.340753203867898 ], [ -78.301212367308807, 44.341712438170703 ], [ -78.300564123829702, 44.341857721626504 ], [ -78.300084411323894, 44.342231846352597 ], [ -78.299601416775701, 44.342027685775598 ], [ -78.298308198596203, 44.341922130355101 ], [ -78.294721789307602, 44.343015012715902 ] ] ] } },
{ "type": "Feature", "properties": { "OBJECTID": 60, "WARDTYPE": "SUBWARD", "WARDNAME": "418", "WARD_ID": 254, "YEAR": 2010, "ACTIVE": "Yes", "Shape__Area": 347179.15966796898, "Shape__Length": 3624.0541856238601 }, "geometry": { "type": "Polygon", "coordinates": [ [ [ -78.308955317207506, 44.3299832735688 ], [ -78.309058105685494, 44.3298126163631 ], [ -78.309157178756195, 44.329653961259801 ], [ -78.309271385192105, 44.329414313996203 ], [ -78.309575869876895, 44.328597354597498 ], [ -78.309952065905307, 44.327587974276199 ], [ -78.310077529016496, 44.327263493834202 ], [ -78.310119305205006, 44.327037911545098 ], [ -78.310114451973604, 44.326773487271097 ], [ -78.310047683057505, 44.3263309411386 ], [ -78.309694356304604, 44.324238336791197 ], [ -78.309683892229302, 44.324176363691201 ], [ -78.309661073151503, 44.323896556880001 ], [ -78.309657787627799, 44.323644834498097 ], [ -78.309725853034294, 44.323164449343999 ], [ -78.309966360321894, 44.321891204304698 ], [ -78.310044487421493, 44.321475883003203 ], [ -78.310375347797105, 44.319716931793103 ], [ -78.310636448107104, 44.318337040700499 ], [ -78.310685608304297, 44.318189901884601 ], [ -78.314561846197904, 44.317285614641797 ], [ -78.314809658450599, 44.317222451824101 ], [ -78.314847512192301, 44.317217215916202 ], [ -78.314747804048906, 44.317327451689799 ], [ -78.314751484049495, 44.317334740469903 ], [ -78.314767862842302, 44.317349530193098 ], [ -78.314754425891493, 44.317380183594103 ], [ -78.314749006888306, 44.317411025613303 ], [ -78.314693039430097, 44.317516301676903 ], [ -78.314683824831803, 44.317564338801702 ], [ -78.314578233668897, 44.317811772240297 ], [ -78.314547631673307, 44.317932769614501 ], [ -78.314551657020601, 44.317954470942503 ], [ -78.314547796937404, 44.317973105870799 ], [ -78.314553861650595, 44.318038068429203 ], [ -78.314557526684993, 44.318155550652598 ], [ -78.314547673057106, 44.318283518140703 ], [ -78.314534104401602, 44.318317049295999 ], [ -78.314534335322193, 44.318355946653298 ], [ -78.3145205367681, 44.318394513943701 ], [ -78.314518188266504, 44.318423987744602 ], [ -78.314524431812202, 44.318463026558703 ], [ -78.314469057217295, 44.318643219406397 ], [ -78.314463653576695, 44.318695668391598 ], [ -78.314445585562396, 44.318763811919702 ], [ -78.314455457911095, 44.318811701198698 ], [ -78.314458127546004, 44.3188854101831 ], [ -78.314419114676795, 44.319079441664798 ], [ -78.3144247627813, 44.319196027043198 ], [ -78.314422348498397, 44.319226939732602 ], [ -78.314393847507006, 44.319257958881401 ], [ -78.314381985926801, 44.319298012164097 ], [ -78.3143934383545, 44.3193328522106 ], [ -78.314363505722199, 44.3193732005371 ], [ -78.314346798945706, 44.319409538713501 ], [ -78.3143439248162, 44.319450523670902 ], [ -78.314325213756007, 44.3194868146863 ], [ -78.314327415912203, 44.319526478638402 ], [ -78.314345143834203, 44.3195557045754 ], [ -78.314395265699204, 44.319578490466697 ], [ -78.314413798407202, 44.319655990114398 ], [ -78.3144341702818, 44.319693200670699 ], [ -78.314429160567499, 44.319737016266401 ], [ -78.314404896474301, 44.319763093554499 ], [ -78.314392526537702, 44.319792331564798 ], [ -78.314374308023105, 44.319817830864899 ], [ -78.314365108660596, 44.319843542365902 ], [ -78.314322774142894, 44.319913848153 ], [ -78.314311981431601, 44.319952486132202 ], [ -78.314297771358, 44.319978079732202 ], [ -78.314306708848406, 44.320002057301103 ], [ -78.3141743017176, 44.320353290419902 ], [ -78.314092144416904, 44.320460830779098 ], [ -78.314014734155194, 44.3205303110892 ], [ -78.313968422422704, 44.320555869471399 ], [ -78.313803284078702, 44.320701069043302 ], [ -78.313714011672005, 44.320766668890002 ], [ -78.313651271371995, 44.320844416615003 ], [ -78.313610479321795, 44.3208809080609 ], [ -78.313563904310399, 44.320912221845198 ], [ -78.313527022188197, 44.320950965943098 ], [ -78.313477637758993, 44.320977892247399 ], [ -78.313421665362497, 44.320995300606199 ], [ -78.313373956587895, 44.3210294685097 ], [ -78.3133360721164, 44.3210681889528 ], [ -78.313250265087405, 44.321123786909297 ], [ -78.313219526963806, 44.321159794640799 ], [ -78.313171932977596, 44.3211694776627 ], [ -78.313131041825699, 44.321208127263603 ], [ -78.313076958192596, 44.321294000860497 ], [ -78.312982969048505, 44.321353007113302 ], [ -78.312741792344795, 44.321625334603198 ], [ -78.312711562868699, 44.321672156576 ], [ -78.3126860154524, 44.321726291874697 ], [ -78.312660254556704, 44.321763137750402 ], [ -78.312594421795197, 44.321952446242904 ], [ -78.312562958637002, 44.322092148464101 ], [ -78.312538821866099, 44.322291081241197 ], [ -78.312542123603393, 44.322328610438802 ], [ -78.312572466692501, 44.322433036573997 ], [ -78.312575439781497, 44.322477760236197 ], [ -78.312598357751, 44.322525114136297 ], [ -78.312613323553805, 44.3226147738119 ], [ -78.312655200021894, 44.322730274762598 ], [ -78.312666699784302, 44.322786002470501 ], [ -78.312688418558906, 44.322837649440203 ], [ -78.312761576783302, 44.322927238654003 ], [ -78.312761281805706, 44.322977647133598 ], [ -78.312782834719599, 44.323076824721298 ], [ -78.312839908526698, 44.323233015710798 ], [ -78.312905016736195, 44.323367068977497 ], [ -78.312934227275093, 44.3234743492226 ], [ -78.3129943246892, 44.323652217913498 ], [ -78.313005413976597, 44.323738905389703 ], [ -78.313075402845598, 44.323832020887203 ], [ -78.313083881518196, 44.323866070822703 ], [ -78.313083847170404, 44.323910723669997 ], [ -78.313094805397199, 44.323956355495497 ], [ -78.3131270398667, 44.323997446602398 ], [ -78.313151963219994, 44.324044847587302 ], [ -78.313186021191697, 44.324155842962902 ], [ -78.313215791362097, 44.3242069591209 ], [ -78.313234701644802, 44.3242542185492 ], [ -78.313289592652595, 44.324348418974097 ], [ -78.313303294839301, 44.324399877125003 ], [ -78.313302670308204, 44.324501413473598 ], [ -78.313310655027607, 44.324546255065897 ], [ -78.313330666274794, 44.324591379729497 ], [ -78.313385639783903, 44.324793615072402 ], [ -78.313405486864895, 44.324842336958397 ], [ -78.313404090303294, 44.324894880160002 ], [ -78.313426385410196, 44.325087703689498 ], [ -78.313407918228606, 44.325184498754801 ], [ -78.313506332978903, 44.325226427167898 ], [ -78.313516322369296, 44.325271315922997 ], [ -78.313513282883804, 44.325315898034198 ], [ -78.3135077788845, 44.3253265717956 ], [ -78.313463253921597, 44.325334886721102 ], [ -78.313421111269193, 44.325356941882703 ], [ -78.3134133563711, 44.325394930125 ], [ -78.313422507749095, 44.325436198962997 ], [ -78.313453297384697, 44.325465012222502 ], [ -78.3134700230367, 44.325494214683701 ], [ -78.313487158132205, 44.325497538467602 ], [ -78.313071293841503, 44.326579563937202 ], [ -78.313072553663602, 44.326617765252202 ], [ -78.313077914820198, 44.326632295850999 ], [ -78.313084963396406, 44.326631741550898 ], [ -78.313126716112393, 44.326687320655097 ], [ -78.313138533619494, 44.326711077098899 ], [ -78.3131394404882, 44.326754150494899 ], [ -78.313157743402101, 44.3267925369178 ], [ -78.313032960052197, 44.326825697021299 ], [ -78.313025549917299, 44.3268341652267 ], [ -78.3130029088599, 44.326846596213699 ], [ -78.312937943339506, 44.326863071493896 ], [ -78.312921447215601, 44.326872766241003 ], [ -78.312924437255901, 44.326895164348102 ], [ -78.313036145866803, 44.327019511182698 ], [ -78.313144832204102, 44.327078246750901 ], [ -78.313209189827404, 44.327097046921402 ], [ -78.313217585667402, 44.327110928724402 ], [ -78.3131676533703, 44.327171692306401 ], [ -78.313159832241396, 44.327211120302699 ], [ -78.31307732034, 44.327172446824697 ], [ -78.313041353186804, 44.327147112691399 ], [ -78.313021340993203, 44.3271459213857 ], [ -78.312999505271705, 44.327118759232697 ], [ -78.312988053634101, 44.327083919101199 ], [ -78.312858123992299, 44.326941137773801 ], [ -78.312829009722194, 44.326919565999297 ], [ -78.312804315063502, 44.326911062222798 ], [ -78.312775216977698, 44.326911097414197 ], [ -78.312668633135999, 44.326938117166399 ], [ -78.312647503390295, 44.326961386962701 ], [ -78.312639074200803, 44.326992157068702 ], [ -78.312640733169104, 44.327021726044201 ], [ -78.312700422905095, 44.327142686934202 ], [ -78.312725873014998, 44.327178577775797 ], [ -78.312849247737603, 44.3272671884434 ], [ -78.312875963240501, 44.327297346380703 ], [ -78.312886412590601, 44.327332162927398 ], [ -78.312900624708504, 44.327350502994697 ], [ -78.312939515498101, 44.3273557398389 ], [ -78.312957376367194, 44.327382088212403 ], [ -78.312905273449203, 44.327446401678401 ], [ -78.312877784666298, 44.327499050832799 ], [ -78.312826652751198, 44.3275201739268 ], [ -78.312815118693393, 44.327509099096098 ], [ -78.312818882042194, 44.327448689220901 ], [ -78.312807496197905, 44.327412410181999 ], [ -78.312754130974497, 44.327350654478302 ], [ -78.312718279806305, 44.3273447698122 ], [ -78.312666821217903, 44.3273291530287 ], [ -78.312621013260397, 44.327321593477699 ], [ -78.312573741627503, 44.327324081625903 ], [ -78.312527851159501, 44.327340286451502 ], [ -78.312472299721406, 44.327348341373899 ], [ -78.312439784141603, 44.327335332056599 ], [ -78.312395077134795, 44.327325636776798 ], [ -78.312302558711707, 44.327264400312501 ], [ -78.312280689457793, 44.327281890867397 ], [ -78.312284401636603, 44.3273323936696 ], [ -78.312249929444803, 44.3273841580179 ], [ -78.312248203894995, 44.327399962224497 ], [ -78.312222554683302, 44.327456255636001 ], [ -78.312230933396293, 44.327492463923903 ], [ -78.312235713591804, 44.327541550534697 ], [ -78.312272746367299, 44.327609403885504 ], [ -78.312271973272601, 44.3276482775549 ], [ -78.312282586699197, 44.327679496918996 ], [ -78.312313195589695, 44.327734234137502 ], [ -78.312318189992297, 44.327756678552603 ], [ -78.312361631126095, 44.327816039226597 ], [ -78.312360151701597, 44.327848414285803 ], [ -78.312365885385901, 44.3278766378642 ], [ -78.312354712068597, 44.3279015824738 ], [ -78.312352328998799, 44.3279317755959 ], [ -78.312405924501704, 44.327988493565499 ], [ -78.312468934935396, 44.328036792345998 ], [ -78.312486827404399, 44.328062421314897 ], [ -78.312482012480501, 44.328101920039401 ], [ -78.312435905505097, 44.328232634679502 ], [ -78.312376450409502, 44.328655444242102 ], [ -78.312363206621399, 44.328681780538503 ], [ -78.312404298260205, 44.328770613978797 ], [ -78.312413448427293, 44.3288558162551 ], [ -78.312405166241902, 44.328905316410399 ], [ -78.312413430620197, 44.328922076052898 ], [ -78.312412575866503, 44.328940780740503 ], [ -78.312403965777506, 44.3289535428679 ], [ -78.312394828763502, 44.329021748607602 ], [ -78.312402665752899, 44.329047861044103 ], [ -78.312420558479005, 44.329073490026197 ], [ -78.312420278568894, 44.3291015720052 ], [ -78.312399426898196, 44.329140693128899 ], [ -78.312386789816102, 44.329219619751001 ], [ -78.312375714857495, 44.3292424060146 ], [ -78.312372329422502, 44.329272575529998 ], [ -78.312377224505298, 44.329282567701298 ], [ -78.311921849088193, 44.329389990394397 ], [ -78.311713721181604, 44.329488199104702 ], [ -78.311258041008401, 44.329587494185901 ], [ -78.310171410940498, 44.329824265268599 ], [ -78.309474188255805, 44.329976177165399 ], [ -78.3091335947923, 44.330029716435 ], [ -78.308955317207506, 44.3299832735688 ] ] ] } },
{ "type": "Feature", "properties": { "OBJECTID": 61, "WARDTYPE": "SUBWARD", "WARDNAME": "419", "WARD_ID": 255, "YEAR": 2010, "ACTIVE": "Yes", "Shape__Area": 307068.33911132801, "Shape__Length": 2390.0576741351601 }, "geometry": { "type": "Polygon", "coordinates": [ [ [ -78.309694356304604, 44.324238336791197 ], [ -78.309515395680293, 44.324277087033501 ], [ -78.309207598484804, 44.324348238379201 ], [ -78.309071393291404, 44.324390664223003 ], [ -78.308996468348496, 44.324408750738698 ], [ -78.308584236383496, 44.324509563688999 ], [ -78.308582266214401, 44.324493748014902 ], [ -78.308401360819701, 44.324532731534902 ], [ -78.308220455362203, 44.324571711164801 ], [ -78.308168823685506, 44.324582838142497 ], [ -78.308039863412006, 44.324613261884402 ], [ -78.307905791142005, 44.324644893720397 ], [ -78.307803555687997, 44.324669015373999 ], [ -78.307568546004404, 44.324724456886102 ], [ -78.3073893951277, 44.324766724773802 ], [ -78.307210239159105, 44.324808988658098 ], [ -78.307031082780298, 44.324851255851698 ], [ -78.306851905947198, 44.324893525881599 ], [ -78.306672784648796, 44.324935782535199 ], [ -78.306494717923101, 44.3249777901082 ], [ -78.3063534405144, 44.325011608813597 ], [ -78.305405416366199, 44.325238533493 ], [ -78.305024860640103, 44.325329622819503 ], [ -78.304664018989897, 44.325415996206999 ], [ -78.304473633830796, 44.3254613972626 ], [ -78.304300136071603, 44.325505219818503 ], [ -78.303933643610705, 44.3255915123531 ], [ -78.304287095496804, 44.3225211605398 ], [ -78.304321828773396, 44.322049125587597 ], [ -78.304306451358897, 44.3215765616713 ], [ -78.304241052222906, 44.321106205909899 ], [ -78.304126011764197, 44.320640784235003 ], [ -78.303961997672005, 44.320182991489297 ], [ -78.303836774517606, 44.319905500075102 ], [ -78.303802826862693, 44.319810943503903 ], [ -78.303884356472494, 44.319791644368898 ], [ -78.307901440305997, 44.318840681709503 ], [ -78.3081779002503, 44.318771150825 ], [ -78.309398875457305, 44.318487945370599 ], [ -78.310685608304297, 44.318189901884601 ], [ -78.310636448107104, 44.318337040700499 ], [ -78.310375347797105, 44.319716931793103 ], [ -78.310044487421493, 44.321475883003203 ], [ -78.309966360321894, 44.321891204304698 ], [ -78.309725853034294, 44.323164449343999 ], [ -78.309657787627799, 44.323644834498097 ], [ -78.309661073151503, 44.323896556880001 ], [ -78.309683892229302, 44.324176363691201 ], [ -78.309694356304604, 44.324238336791197 ] ] ] } },
{ "type": "Feature", "properties": { "OBJECTID": 62, "WARDTYPE": "SUBWARD", "WARDNAME": "415", "WARD_ID": 256, "YEAR": 2010, "ACTIVE": "Yes", "Shape__Area": 438978.92285156302, "Shape__Length": 3949.7577590289702 }, "geometry": { "type": "Polygon", "coordinates": [ [ [ -78.310685608304297, 44.318189901884601 ], [ -78.309863505055802, 44.316466130807598 ], [ -78.309494558918701, 44.315706601086902 ], [ -78.309355593709, 44.315408935140901 ], [ -78.309178451660998, 44.315061019510601 ], [ -78.308814666445201, 44.314292318271697 ], [ -78.308399565206599, 44.313444099712399 ], [ -78.308375849277994, 44.313395639466997 ], [ -78.308066186599902, 44.312762856383401 ], [ -78.307501354853301, 44.311623389137701 ], [ -78.307144604229194, 44.310884341258699 ], [ -78.306886323985395, 44.3102681841915 ], [ -78.308700191243304, 44.309818096137398 ], [ -78.310606801123399, 44.309345169 ], [ -78.311258198815295, 44.3091814783552 ], [ -78.311323140715004, 44.309155628828201 ], [ -78.311333735070605, 44.3091481107828 ], [ -78.311354360231903, 44.309133471941401 ], [ -78.311382971655803, 44.309082282697197 ], [ -78.311398395828903, 44.309038420785399 ], [ -78.311437508445394, 44.308690412619796 ], [ -78.311489685772401, 44.3085873138522 ], [ -78.311541063557499, 44.308516727743999 ], [ -78.312155335557804, 44.307672791194697 ], [ -78.312219910642497, 44.307581377918503 ], [ -78.312238360513106, 44.3075402015333 ], [ -78.312247200907095, 44.3075102432012 ], [ -78.312244286433298, 44.307490382878697 ], [ -78.312024101299002, 44.306986959377703 ], [ -78.311568636190202, 44.305965747171797 ], [ -78.312109026365206, 44.305839448926399 ], [ -78.312756629928202, 44.305702412892202 ], [ -78.312852262155602, 44.305685066982498 ], [ -78.312954790728398, 44.305674070041697 ], [ -78.313049675287203, 44.305673210254199 ], [ -78.313162838802796, 44.305681030790602 ], [ -78.313609279112796, 44.305763668654798 ], [ -78.3141602054515, 44.305862996728997 ], [ -78.314403013397097, 44.305906750890301 ], [ -78.3143790766553, 44.305954416484298 ], [ -78.314354063503103, 44.305997041300998 ], [ -78.314280188558797, 44.306077408461498 ], [ -78.314194651765703, 44.3061495787354 ], [ -78.313996184236899, 44.306410670666999 ], [ -78.313966850565194, 44.3064380690669 ], [ -78.313836968375796, 44.306602824407904 ], [ -78.313808998538505, 44.306666265959102 ], [ -78.313739506775903, 44.306716486585898 ], [ -78.313647514040198, 44.306820194276398 ], [ -78.3136284457442, 44.306864399278801 ], [ -78.313543186464202, 44.306952420467198 ], [ -78.313527944723901, 44.306978709961797 ], [ -78.313388714448706, 44.307150446986199 ], [ -78.313364833313798, 44.3071902173333 ], [ -78.313334661238599, 44.307213994723902 ], [ -78.313328403722807, 44.307241215873397 ], [ -78.313268930514099, 44.307335605549802 ], [ -78.3132571050607, 44.307374939411503 ], [ -78.313233453634197, 44.307409673583201 ], [ -78.313044995974707, 44.307583132346203 ], [ -78.313021245800797, 44.307620024813801 ], [ -78.313010881868905, 44.307649309945702 ], [ -78.312861563676094, 44.3078661828146 ], [ -78.312853006383094, 44.307899831792298 ], [ -78.312725729307999, 44.308073289815503 ], [ -78.312710158400904, 44.308106773664697 ], [ -78.312631285245601, 44.3082086287111 ], [ -78.312561199304895, 44.308271798608899 ], [ -78.312534278479603, 44.308312217430696 ], [ -78.312489388531603, 44.308350772731899 ], [ -78.312423999915595, 44.3083989284819 ], [ -78.312376596624205, 44.308470554762998 ], [ -78.312284023826095, 44.308564884781198 ], [ -78.312258433159798, 44.308598132638402 ], [ -78.312232612474304, 44.308636416625802 ], [ -78.312043884504604, 44.308859562630303 ], [ -78.311771731464901, 44.309042571876802 ], [ -78.311747504973894, 44.309067929305101 ], [ -78.311729123313299, 44.309097025488697 ], [ -78.311688829300095, 44.309254525286498 ], [ -78.311657882791806, 44.309317175955897 ], [ -78.311620824312101, 44.309469710375197 ], [ -78.311626654057903, 44.309539709177898 ], [ -78.311617865723804, 44.309578394164099 ], [ -78.311603164249505, 44.309614779217299 ], [ -78.311573336102697, 44.309652968664501 ], [ -78.3114809231745, 44.309743700668498 ], [ -78.311462903001797, 44.3098088164015 ], [ -78.311462064437507, 44.309849129061298 ], [ -78.311473545164503, 44.309883249887001 ], [ -78.311459450129703, 44.309972225381102 ], [ -78.311461354502299, 44.310018364418298 ], [ -78.311371961770803, 44.310171602573803 ], [ -78.311292673071705, 44.310307521454 ], [ -78.311249817549097, 44.310345403952802 ], [ -78.311160002295594, 44.310379299371803 ], [ -78.311124882317401, 44.310401519167698 ], [ -78.311056304183197, 44.310475526957703 ], [ -78.310981956116606, 44.3106098973889 ], [ -78.3109172314186, 44.310841004162 ], [ -78.310898258268395, 44.310883050256102 ], [ -78.310881630689494, 44.311027423057801 ], [ -78.310886540535904, 44.311073632901902 ], [ -78.310901700296697, 44.3111150426667 ], [ -78.310913015136293, 44.311196694252502 ], [ -78.310956163281105, 44.3112841373161 ], [ -78.3110148672707, 44.311360423274898 ], [ -78.311155318898798, 44.311601404937697 ], [ -78.311274963370593, 44.3117050542374 ], [ -78.3113306304421, 44.311738055209403 ], [ -78.311435756645594, 44.311764298673602 ], [ -78.311474291421405, 44.311799056709901 ], [ -78.311487940806302, 44.311829627497502 ], [ -78.311525884995305, 44.311833402084702 ], [ -78.311575098062406, 44.311810073655401 ], [ -78.311616507458197, 44.311847780233499 ], [ -78.311674112256199, 44.311926200624399 ], [ -78.311984843550405, 44.312040831407103 ], [ -78.312142452023707, 44.312081994311797 ], [ -78.312189414391099, 44.312085981033299 ], [ -78.312235013313995, 44.312097858066302 ], [ -78.3123157640877, 44.312130728969997 ], [ -78.312411298641706, 44.312147382810998 ], [ -78.312455829949201, 44.3121606750613 ], [ -78.312503925829702, 44.312161807455801 ], [ -78.312596963845607, 44.312145272177297 ], [ -78.312644057721698, 44.312146380922002 ], [ -78.312815218568304, 44.312264205429301 ], [ -78.312856778167102, 44.312276707342797 ], [ -78.312903838054297, 44.312278535401497 ], [ -78.313035855890007, 44.312352945049497 ], [ -78.313084395509705, 44.312366331408398 ], [ -78.313138569290203, 44.312366166161397 ], [ -78.313184645065803, 44.3123895775813 ], [ -78.313235123061304, 44.312404449944999 ], [ -78.313298824198498, 44.3124153121963 ], [ -78.313350238557007, 44.3124316469912 ], [ -78.313615851744899, 44.3124580645893 ], [ -78.313733414579602, 44.312453629104397 ], [ -78.313824974936907, 44.312469468012502 ], [ -78.313900716344406, 44.312458286404002 ], [ -78.313915072791801, 44.312451422025902 ], [ -78.313921872959298, 44.312434296733201 ], [ -78.313923498910597, 44.312420650788297 ], [ -78.313910472870305, 44.312420344260602 ], [ -78.313905232185206, 44.312381328981097 ], [ -78.314122419986603, 44.312369874549603 ], [ -78.314247604626999, 44.3123742605326 ], [ -78.314319899325199, 44.3124825543008 ], [ -78.314352835389798, 44.312486210114002 ], [ -78.314432534842695, 44.312498168362097 ], [ -78.314553580448006, 44.312505337514096 ], [ -78.314603927591904, 44.312523087079001 ], [ -78.314733154723498, 44.312526847410801 ], [ -78.314798990383196, 44.312534878152398 ], [ -78.314886330548802, 44.312577265123302 ], [ -78.314933359204502, 44.312579811831 ], [ -78.315008737879396, 44.312532609883597 ], [ -78.3150358576912, 44.312531807359001 ], [ -78.315073277408203, 44.312547091971403 ], [ -78.3150850060549, 44.312553849841997 ], [ -78.315110828445, 44.312559498774696 ], [ -78.315122361844203, 44.312614506882902 ], [ -78.315125024052605, 44.3126440985789 ], [ -78.315156547559795, 44.312678690454703 ], [ -78.3151990932041, 44.312713541570197 ], [ -78.315252282642703, 44.3127349588082 ], [ -78.315369587158301, 44.312824144340802 ], [ -78.315392865056396, 44.312863583770003 ], [ -78.315495301979794, 44.312904884890003 ], [ -78.315541050948895, 44.312935489885 ], [ -78.315574547314597, 44.312970848262601 ], [ -78.315595113485898, 44.313003741884998 ], [ -78.315627849518506, 44.3130513441345 ], [ -78.315662478039002, 44.313083848225297 ], [ -78.3157051909334, 44.313110427740398 ], [ -78.315731560765897, 44.3131933619553 ], [ -78.315769986715097, 44.313282258616901 ], [ -78.315777068643996, 44.313324918212103 ], [ -78.315771386854806, 44.313361515889298 ], [ -78.315745023611797, 44.313389704790403 ], [ -78.315729321577507, 44.313426066829699 ], [ -78.315724379219901, 44.313468443663098 ], [ -78.315722228546903, 44.313493600834001 ], [ -78.315751249686102, 44.313736997875402 ], [ -78.315751020612794, 44.313742019633104 ], [ -78.315747113079794, 44.313783700579201 ], [ -78.315779871437499, 44.313857213266402 ], [ -78.315888016307795, 44.314015324102698 ], [ -78.315910163921401, 44.314101551224802 ], [ -78.315937319521097, 44.314143962604 ], [ -78.3159797025789, 44.314182410706103 ], [ -78.316119515220706, 44.314262041606902 ], [ -78.316298231010805, 44.314412448456899 ], [ -78.316337525078495, 44.314430657605001 ], [ -78.316364779567394, 44.314470910542198 ], [ -78.316371713098107, 44.3144948408533 ], [ -78.316371286544396, 44.314504193700799 ], [ -78.316353633513799, 44.314605329861998 ], [ -78.316325889309894, 44.314619802221998 ], [ -78.316282112408999, 44.314633897628298 ], [ -78.316226050907403, 44.314697399450097 ], [ -78.316165243971696, 44.314798961391602 ], [ -78.316136777698702, 44.3148292615938 ], [ -78.316058736446905, 44.3148908060883 ], [ -78.316058524297901, 44.314917449283797 ], [ -78.316035987010395, 44.314927722676302 ], [ -78.316002904169196, 44.314949271639101 ], [ -78.315981190791902, 44.314985492356101 ], [ -78.315968460505999, 44.3150226445185 ], [ -78.315936051457598, 44.315051411516698 ], [ -78.315921515187497, 44.315084199879998 ], [ -78.315932423980996, 44.315108943912598 ], [ -78.315909871284703, 44.3151415437734 ], [ -78.315875392399803, 44.315171702524999 ], [ -78.315857751450295, 44.315206578537101 ], [ -78.315709670251806, 44.3153961155868 ], [ -78.315480957650607, 44.3158358335413 ], [ -78.315458915933107, 44.315923182128302 ], [ -78.315448290761907, 44.316002156558199 ], [ -78.315459774850396, 44.316036277036801 ], [ -78.315396895329798, 44.316139230244602 ], [ -78.315370877902595, 44.316225765084901 ], [ -78.315356622628798, 44.316318338325203 ], [ -78.315326809280805, 44.316378135697398 ], [ -78.315325430556697, 44.316408352553502 ], [ -78.315301169985901, 44.316478363611502 ], [ -78.315276645064003, 44.316510196732402 ], [ -78.315231637899799, 44.316617171303903 ], [ -78.315202135327596, 44.316648167110301 ], [ -78.315182292372498, 44.316687312543003 ], [ -78.315154925209399, 44.316715477679502 ], [ -78.315149111288605, 44.316754953084001 ], [ -78.315096596406306, 44.316828620842301 ], [ -78.315085967761803, 44.316863661666602 ], [ -78.315028836482497, 44.316972511634098 ], [ -78.314916838718403, 44.317140569507501 ], [ -78.314847512192301, 44.317217215916202 ], [ -78.314809658450599, 44.317222451824101 ], [ -78.314561846197904, 44.317285614641797 ], [ -78.310685608304297, 44.318189901884601 ] ] ] } },
{ "type": "Feature", "properties": { "OBJECTID": 63, "WARDTYPE": "SUBWARD", "WARDNAME": "417", "WARD_ID": 257, "YEAR": 2010, "ACTIVE": "Yes", "Shape__Area": 884594.89282226597, "Shape__Length": 4650.1968233624402 }, "geometry": { "type": "Polygon", "coordinates": [ [ [ -78.310685608304297, 44.318189901884601 ], [ -78.309398875457305, 44.318487945370599 ], [ -78.3081779002503, 44.318771150825 ], [ -78.307901440305997, 44.318840681709503 ], [ -78.303884356472494, 44.319791644368898 ], [ -78.303802826862693, 44.319810943503903 ], [ -78.303836774517606, 44.319905500075102 ], [ -78.301986870624702, 44.3203679747851 ], [ -78.298858504249694, 44.321109554260197 ], [ -78.298625237059994, 44.321155199295603 ], [ -78.298245062317804, 44.321245310874701 ], [ -78.297816712210903, 44.321346840463598 ], [ -78.293166093748098, 44.322444488902299 ], [ -78.292900944976694, 44.321893413702298 ], [ -78.292849079805706, 44.321906415182198 ], [ -78.291783465254795, 44.3198260012296 ], [ -78.291859113702799, 44.319802617154103 ], [ -78.290684798172606, 44.317563952109197 ], [ -78.290608634657104, 44.317584033582001 ], [ -78.290086220256001, 44.316659496120103 ], [ -78.289811270558602, 44.316077194981901 ], [ -78.289563545077698, 44.315531253546297 ], [ -78.289558645453596, 44.315393257241602 ], [ -78.289526885267193, 44.315341262964303 ], [ -78.2897146961527, 44.315297650524499 ], [ -78.291381203144098, 44.314879956418899 ], [ -78.296704789860499, 44.313629704330303 ], [ -78.2974048827096, 44.313450403928201 ], [ -78.298053085105394, 44.313295705253097 ], [ -78.298329513945504, 44.313240730613302 ], [ -78.298495242087697, 44.313224187978697 ], [ -78.298614279431604, 44.313222979165701 ], [ -78.298848182130996, 44.313238269907004 ], [ -78.299183794732201, 44.313286482559903 ], [ -78.2991545892407, 44.313375768740698 ], [ -78.299115612761398, 44.313452176631898 ], [ -78.299064023002998, 44.313531545051397 ], [ -78.298926986722194, 44.313725419684701 ], [ -78.298886533063893, 44.313798594756697 ], [ -78.298861213867198, 44.3138831005244 ], [ -78.298856182191699, 44.313927894438201 ], [ -78.298865300521797, 44.313974683307698 ], [ -78.298952005282004, 44.314160049311603 ], [ -78.299034168842894, 44.314210226739597 ], [ -78.299083900994106, 44.314237806819101 ], [ -78.299130283588397, 44.314259250562202 ], [ -78.299293141025103, 44.314317005266901 ], [ -78.299392723923305, 44.314341533383697 ], [ -78.299516736177196, 44.314356750738703 ], [ -78.299631895103701, 44.314346878479 ], [ -78.299828234704506, 44.314313859214103 ], [ -78.299969836772206, 44.3142826174875 ], [ -78.300196959007707, 44.314737001558598 ], [ -78.300956594578594, 44.315683915245998 ], [ -78.302300592891399, 44.317509519465801 ], [ -78.302743056065296, 44.317421021919301 ], [ -78.303857520249096, 44.317131210394699 ], [ -78.304211791299807, 44.317038044690101 ], [ -78.306642127993697, 44.316422672490901 ], [ -78.3080028853892, 44.3160819969928 ], [ -78.309494558918701, 44.315706601086902 ], [ -78.309863505055802, 44.316466130807598 ], [ -78.310685608304297, 44.318189901884601 ] ] ] } },
{ "type": "Feature", "properties": { "OBJECTID": 64, "WARDTYPE": "SUBWARD", "WARDNAME": "416", "WARD_ID": 258, "YEAR": 2010, "ACTIVE": "Yes", "Shape__Area": 220007.33203125, "Shape__Length": 1970.70077511932 }, "geometry": { "type": "Polygon", "coordinates": [ [ [ -78.309494558918701, 44.315706601086902 ], [ -78.3080028853892, 44.3160819969928 ], [ -78.306642127993697, 44.316422672490901 ], [ -78.304211791299807, 44.317038044690101 ], [ -78.303857520249096, 44.317131210394699 ], [ -78.302743056065296, 44.317421021919301 ], [ -78.302300592891399, 44.317509519465801 ], [ -78.300956594578594, 44.315683915245998 ], [ -78.300196959007707, 44.314737001558598 ], [ -78.301773965102399, 44.314359029092202 ], [ -78.301814943588795, 44.314352764934597 ], [ -78.302243062087896, 44.3142464243086 ], [ -78.303288832821593, 44.313973958025002 ], [ -78.303498180926198, 44.313910806817198 ], [ -78.305951361002599, 44.313292344255501 ], [ -78.306972993770103, 44.313036304019299 ], [ -78.308066186599902, 44.312762856383401 ], [ -78.308375849277994, 44.313395639466997 ], [ -78.308399565206599, 44.313444099712399 ], [ -78.308814666445201, 44.314292318271697 ], [ -78.309178451660998, 44.315061019510601 ], [ -78.309355593709, 44.315408935140901 ], [ -78.309494558918701, 44.315706601086902 ] ] ] } },
{ "type": "Feature", "properties": { "OBJECTID": 65, "WARDTYPE": "SUBWARD", "WARDNAME": "309", "WARD_ID": 225, "YEAR": 2010, "ACTIVE": "Yes", "Shape__Area": 218075.52880859401, "Shape__Length": 2144.9745674997298 }, "geometry": { "type": "Polygon", "coordinates": [ [ [ -78.325107911812395, 44.314595645694098 ], [ -78.325003372841806, 44.3132005217592 ], [ -78.323893520484205, 44.313233723947398 ], [ -78.323813012302395, 44.311989605568201 ], [ -78.323698288442799, 44.3107413788874 ], [ -78.324867381824006, 44.3107005029199 ], [ -78.325979269994093, 44.3106661324993 ], [ -78.326549320704103, 44.310641126104997 ], [ -78.328255010730501, 44.310587995348698 ], [ -78.328178481789905, 44.309350209755202 ], [ -78.329296280379495, 44.309306888488997 ], [ -78.330444333717594, 44.309261685430997 ], [ -78.330541191330994, 44.310511536953697 ], [ -78.330618791813905, 44.311752594081803 ], [ -78.3306400982501, 44.311866534459298 ], [ -78.330649882256694, 44.311964518950198 ], [ -78.330660372286602, 44.312047049587598 ], [ -78.330668605383593, 44.312089555142002 ], [ -78.330685057325894, 44.312130211063398 ], [ -78.330783578909703, 44.312333564805698 ], [ -78.330943173746107, 44.312624719101102 ], [ -78.331176503921299, 44.313017906019198 ], [ -78.3306146161041, 44.313164005704799 ], [ -78.328471679621998, 44.313749416229399 ], [ -78.326777075895905, 44.314175746687901 ], [ -78.325926741375596, 44.314389662809297 ], [ -78.325107911812395, 44.314595645694098 ] ] ] } },
{ "type": "Feature", "properties": { "OBJECTID": 66, "WARDTYPE": "SUBWARD", "WARDNAME": "501", "WARD_ID": 226, "YEAR": 2010, "ACTIVE": "Yes", "Shape__Area": 418733.15917968802, "Shape__Length": 2750.4883161630901 }, "geometry": { "type": "Polygon", "coordinates": [ [ [ -78.341025024731394, 44.310660169610003 ], [ -78.341137284751198, 44.310774675529601 ], [ -78.341666710750999, 44.311372229795701 ], [ -78.341743202977298, 44.311355825551601 ], [ -78.342913152278896, 44.312630503725103 ], [ -78.343658572179194, 44.3124666522124 ], [ -78.343657693394604, 44.3124688707518 ], [ -78.343649144868607, 44.312490448625901 ], [ -78.343645270419003, 44.312500227302799 ], [ -78.343632837490205, 44.312531581820103 ], [ -78.343620395860995, 44.312562934333002 ], [ -78.3436079430261, 44.312594284783003 ], [ -78.343595481490595, 44.3126256332284 ], [ -78.343583010002007, 44.312656979640202 ], [ -78.343570529812794, 44.3126883240474 ], [ -78.343558038417797, 44.3127196663917 ], [ -78.343545538322303, 44.312751006731503 ], [ -78.343533029485499, 44.312782345966099 ], [ -78.343520508230995, 44.312813682209303 ], [ -78.343507979487796, 44.312845017376397 ], [ -78.343495440832001, 44.312876349610498 ], [ -78.343482892182294, 44.312907680710197 ], [ -78.343470333619905, 44.312939008876903 ], [ -78.343457766316305, 44.312970335938203 ], [ -78.343444080855306, 44.313003989399697 ], [ -78.343437299135502, 44.313020978249099 ], [ -78.343430302502199, 44.313038505863901 ], [ -78.3434200059787, 44.313064304049803 ], [ -78.343407397649898, 44.313095622047697 ], [ -78.343394781832203, 44.313126938969603 ], [ -78.343382156061196, 44.313158253857701 ], [ -78.343369520336793, 44.313189566711998 ], [ -78.343356875952097, 44.313220876662498 ], [ -78.343971473246398, 44.313880114969201 ], [ -78.343971123339898, 44.313880283281797 ], [ -78.344529590764296, 44.3144933732775 ], [ -78.340247447528597, 44.315755020442097 ], [ -78.338518169149197, 44.316603578292202 ], [ -78.336430738414705, 44.317628842662501 ], [ -78.335130515870901, 44.316300914899699 ], [ -78.334503936080296, 44.315648432797097 ], [ -78.333850968638004, 44.314986298395198 ], [ -78.333217204398906, 44.314335246519398 ], [ -78.332591691750395, 44.313688013818499 ], [ -78.332034392433599, 44.313121430736999 ], [ -78.331791256746897, 44.3128604111089 ], [ -78.333526785744596, 44.312411495327197 ], [ -78.334171154215596, 44.312245227356499 ], [ -78.337032951557802, 44.311571044289202 ], [ -78.339315213916706, 44.311046753750297 ], [ -78.340585886375194, 44.310754825373202 ], [ -78.341025024731394, 44.310660169610003 ] ] ] } },
{ "type": "Feature", "properties": { "OBJECTID": 67, "WARDTYPE": "SUBWARD", "WARDNAME": "306", "WARD_ID": 222, "YEAR": 2010, "ACTIVE": "Yes", "Shape__Area": 316706.05566406302, "Shape__Length": 2516.1864715808101 }, "geometry": { "type": "Polygon", "coordinates": [ [ [ -78.320063631192795, 44.305907459847603 ], [ -78.3206330746102, 44.305880841015501 ], [ -78.322302284079299, 44.305800946423297 ], [ -78.322312694942696, 44.305800448814502 ], [ -78.322465831626602, 44.305793117944603 ], [ -78.322479073326804, 44.305792483260198 ], [ -78.323384050619694, 44.305749155720498 ], [ -78.323456053274796, 44.306790775530402 ], [ -78.323471166015196, 44.307009402200897 ], [ -78.323480310201106, 44.307124134623301 ], [ -78.323492134343695, 44.307272487728703 ], [ -78.323500572335107, 44.307378351157602 ], [ -78.3235702623479, 44.308252718716297 ], [ -78.320236194813106, 44.308379769606397 ], [ -78.320306575557197, 44.309605384859601 ], [ -78.319182710819206, 44.309643437524699 ], [ -78.319038925955098, 44.309654781882401 ], [ -78.3188895327648, 44.309661971890698 ], [ -78.318058831900103, 44.309693765755199 ], [ -78.317246814946401, 44.309715585483097 ], [ -78.317178587352302, 44.309724194676797 ], [ -78.317113654638405, 44.309728624761703 ], [ -78.316925483989607, 44.309736139550999 ], [ -78.315954062605201, 44.3097657950468 ], [ -78.315932954197507, 44.309763915876097 ], [ -78.315904668574703, 44.309756109761103 ], [ -78.315884345587904, 44.309747126057601 ], [ -78.315881941570794, 44.309746064818697 ], [ -78.315866044067306, 44.309731427003001 ], [ -78.315858179116603, 44.309722325715597 ], [ -78.315855282998498, 44.3097136905768 ], [ -78.315849333197804, 44.309597005292297 ], [ -78.315736523816597, 44.309597686259501 ], [ -78.314966820199501, 44.309612911641601 ], [ -78.314782971493301, 44.309287288777099 ], [ -78.314610606408706, 44.309294325299 ], [ -78.314543775545701, 44.309297056356101 ], [ -78.314495240831704, 44.309298997049197 ], [ -78.314379405638604, 44.3093036288248 ], [ -78.314344181579401, 44.3093050363629 ], [ -78.314225242566494, 44.309309793015601 ], [ -78.314221577322897, 44.309309939947198 ], [ -78.314140771505606, 44.3093131711029 ], [ -78.313890003633503, 44.3093231979867 ], [ -78.313805437237505, 44.3093265762828 ], [ -78.313777487299902, 44.309195642133901 ], [ -78.3137479025429, 44.309103714523701 ], [ -78.313707388901605, 44.308982747847097 ], [ -78.313696827208602, 44.308957116876201 ], [ -78.313691384497403, 44.308943905960597 ], [ -78.313687167536401, 44.308933671398698 ], [ -78.313680567722201, 44.308917655896302 ], [ -78.313673382264099, 44.308900214976298 ], [ -78.313655580945394, 44.3088570121662 ], [ -78.313630136166196, 44.308783028147197 ], [ -78.313607094294696, 44.308703921378502 ], [ -78.313545916575293, 44.308585619286603 ], [ -78.313537498517604, 44.308562277739902 ], [ -78.313544497407804, 44.3085262873266 ], [ -78.313551563600697, 44.308509862421097 ], [ -78.313569266389806, 44.308468724059502 ], [ -78.313611300350701, 44.308377084691998 ], [ -78.3136419053845, 44.308297053694801 ], [ -78.313679023308495, 44.308198130596899 ], [ -78.313752822637994, 44.308037199860998 ], [ -78.313789105220394, 44.307958823900002 ], [ -78.313809128473096, 44.307915567735797 ], [ -78.313830753665599, 44.307864242268501 ], [ -78.313846237038703, 44.307827496300199 ], [ -78.3138559852583, 44.307804359001601 ], [ -78.313902771588999, 44.307741611417299 ], [ -78.313941557518206, 44.307666366959197 ], [ -78.314070426088307, 44.307471699366303 ], [ -78.314089933447093, 44.3074198486661 ], [ -78.314209485720895, 44.307264963717998 ], [ -78.314189503763302, 44.307256800685103 ], [ -78.314291962283605, 44.3071463652593 ], [ -78.314382420196395, 44.307043639155403 ], [ -78.314435572348998, 44.306958732242897 ], [ -78.314476533664703, 44.306882769937197 ], [ -78.314540720419899, 44.306814277161699 ], [ -78.314701443145594, 44.306625743695299 ], [ -78.314781787553301, 44.306555322576102 ], [ -78.314853365698596, 44.3064759156793 ], [ -78.314886844339, 44.306438776321897 ], [ -78.314914877068901, 44.306407676651197 ], [ -78.3149656663511, 44.306352549997797 ], [ -78.3149994048525, 44.306316471844298 ], [ -78.315025077159305, 44.306289017664199 ], [ -78.315064759814604, 44.3062465829071 ], [ -78.315094581175003, 44.3062221396019 ], [ -78.315129251333801, 44.306193723078401 ], [ -78.315167895317799, 44.306161715175897 ], [ -78.315200160210296, 44.3061294906 ], [ -78.315232252925398, 44.306097439319799 ], [ -78.31531004624, 44.305918492377003 ], [ -78.315340026092201, 44.305895350934101 ], [ -78.315380898398601, 44.305844771323898 ], [ -78.315407756924799, 44.3057889087858 ], [ -78.315447614534094, 44.305706009627698 ], [ -78.315466112386204, 44.305667538268402 ], [ -78.315497798040496, 44.305610591863598 ], [ -78.315541417972199, 44.305532196113901 ], [ -78.315564131281207, 44.305491374219301 ], [ -78.315584212691803, 44.305456662728602 ], [ -78.315644436268599, 44.305352565560099 ], [ -78.315703350284494, 44.305220245366897 ], [ -78.315811805767694, 44.3049933329903 ], [ -78.315841308398007, 44.304910177580801 ], [ -78.315846460155598, 44.3048786080479 ], [ -78.316026269526105, 44.304841729417603 ], [ -78.316814540195097, 44.304822212184597 ], [ -78.317832693741195, 44.304774579448903 ], [ -78.318843458850395, 44.304727279030899 ], [ -78.319971963778599, 44.3046744623284 ], [ -78.320063631192795, 44.305907459847603 ] ] ] } },
{ "type": "Feature", "properties": { "OBJECTID": 68, "WARDTYPE": "SUBWARD", "WARDNAME": "214", "WARD_ID": 209, "YEAR": 2010, "ACTIVE": "Yes", "Shape__Area": 509167.86474609398, "Shape__Length": 5065.0032963959002 }, "geometry": { "type": "Polygon", "coordinates": [ [ [ -78.377171064123402, 44.288352698815501 ], [ -78.377876782857797, 44.288210033653598 ], [ -78.380010433521306, 44.292972000063202 ], [ -78.383749061623504, 44.300831297705599 ], [ -78.383273286302497, 44.3009559636604 ], [ -78.382929907677095, 44.3010362687547 ], [ -78.381378277014605, 44.297855334171501 ], [ -78.380041274135195, 44.295050756373399 ], [ -78.379431892534797, 44.293772389817804 ], [ -78.378556556719602, 44.2918193544498 ], [ -78.3777183911739, 44.292023165824403 ], [ -78.377718288549602, 44.292023190475298 ], [ -78.376585995260996, 44.292297864053602 ], [ -78.3755076764607, 44.292561231810502 ], [ -78.374360218389398, 44.292841472823902 ], [ -78.373850361171094, 44.292989219947202 ], [ -78.373544224669303, 44.293072906869298 ], [ -78.373105179074201, 44.293229392108898 ], [ -78.372819860404405, 44.293343805559502 ], [ -78.372404011635695, 44.293530135078697 ], [ -78.372274583872297, 44.2935930958946 ], [ -78.372003984774096, 44.2937335473285 ], [ -78.371704249536606, 44.2939156080256 ], [ -78.3711197156113, 44.2943021990042 ], [ -78.370757488128007, 44.294508259904902 ], [ -78.3705317503819, 44.2946223806874 ], [ -78.370254391793296, 44.294766071689601 ], [ -78.369927722782506, 44.294914809022302 ], [ -78.369623757154102, 44.295036955737601 ], [ -78.369135354382294, 44.295211503844399 ], [ -78.368516032124106, 44.295392387596898 ], [ -78.3683287704186, 44.2954382881802 ], [ -78.366227679888397, 44.290805988733602 ], [ -78.367343299254102, 44.290559279771102 ], [ -78.369022336906895, 44.2901862609801 ], [ -78.372703334028003, 44.289362679950798 ], [ -78.376443263673806, 44.288517242085298 ], [ -78.377171064123402, 44.288352698815501 ] ] ] } },
{ "type": "Feature", "properties": { "OBJECTID": 69, "WARDTYPE": "SUBWARD", "WARDNAME": "206", "WARD_ID": 210, "YEAR": 2018, "ACTIVE": "Yes", "Shape__Area": 1319920.31567383, "Shape__Length": 5155.9452555306498 }, "geometry": { "type": "Polygon", "coordinates": [ [ [ -78.362299181806094, 44.3060783290423 ], [ -78.382971326047894, 44.301037218315997 ], [ -78.383314704628205, 44.300956913095803 ], [ -78.383790479877305, 44.300832246966301 ], [ -78.383825495622105, 44.300905846073597 ], [ -78.384212629042096, 44.300827154918302 ], [ -78.3881119097762, 44.309155219411799 ], [ -78.387067334031698, 44.309274065499203 ], [ -78.383410102054, 44.309690085523599 ], [ -78.373737886206101, 44.310780108553203 ], [ -78.373541449252301, 44.3108009074639 ], [ -78.373375577293601, 44.3108141303914 ], [ -78.373121300097694, 44.3108267870413 ], [ -78.372847816837506, 44.310830202683199 ], [ -78.372536706143507, 44.310821269435699 ], [ -78.372330512315102, 44.310807788662999 ], [ -78.372078196210097, 44.310782980746801 ], [ -78.371807925257698, 44.310746053466701 ], [ -78.371467434183302, 44.310683761976698 ], [ -78.371238053546406, 44.310631449277899 ], [ -78.370994973689307, 44.310566432784498 ], [ -78.370685326871296, 44.310468417782403 ], [ -78.370430609602806, 44.310374011637599 ], [ -78.370205224224605, 44.310279138223898 ], [ -78.369974620028103, 44.310169954840099 ], [ -78.369767473762494, 44.310060300494399 ], [ -78.369546865526104, 44.309933886576502 ], [ -78.369351252127501, 44.309809251024298 ], [ -78.369178377712402, 44.309687798625397 ], [ -78.368990899746507, 44.309542228525302 ], [ -78.368835727869197, 44.309409023566502 ], [ -78.368669655394498, 44.309249337516697 ], [ -78.368522168283107, 44.309107520757301 ], [ -78.367620597603803, 44.308131989339202 ], [ -78.367490474804697, 44.308000497228697 ], [ -78.367345802888707, 44.307869871292702 ], [ -78.367170927919503, 44.307729650202397 ], [ -78.367028283521904, 44.307631757028503 ], [ -78.366885640892406, 44.307533862815802 ], [ -78.366880826386506, 44.307530978901703 ], [ -78.366876005417495, 44.307528099339599 ], [ -78.366871179197801, 44.307525225057901 ], [ -78.366866346434705, 44.307522356927002 ], [ -78.366861507208597, 44.307519493148199 ], [ -78.366856662731806, 44.307516634649801 ], [ -78.366851811711598, 44.307513782302102 ], [ -78.366846954228393, 44.307510934306599 ], [ -78.366842091494405, 44.307508091591401 ], [ -78.366837222217001, 44.307505255027003 ], [ -78.366832347729201, 44.307502422843498 ], [ -78.366827466697799, 44.307499596810899 ], [ -78.3668225804157, 44.307496776058599 ], [ -78.366817686377999, 44.307493960528902 ], [ -78.366812788382205, 44.307491149409103 ], [ -78.366807883842995, 44.307488344440003 ], [ -78.366802972800599, 44.307485544722397 ], [ -78.366798056507406, 44.307482750285097 ], [ -78.366793133670797, 44.307479961998602 ], [ -78.366788205623607, 44.307477178093102 ], [ -78.366783271073302, 44.307474399439002 ], [ -78.366778331231998, 44.307471626964698 ], [ -78.366773384887495, 44.307468859741697 ], [ -78.366768433292194, 44.3074660977991 ], [ -78.366763475193807, 44.307463341107898 ], [ -78.366758511844495, 44.307460589697101 ], [ -78.366753543244499, 44.307457843566603 ], [ -78.366748568141404, 44.307455102687499 ], [ -78.366743587747195, 44.307452367987999 ], [ -78.3667386008498, 44.307449638540099 ], [ -78.366733608701693, 44.307446914372399 ], [ -78.366728610050302, 44.307444195456199 ], [ -78.366723606107996, 44.307441482719597 ], [ -78.366718596955195, 44.307438774364101 ], [ -78.366713581258907, 44.307436072159298 ], [ -78.366708560311807, 44.307433375234801 ], [ -78.366703532821305, 44.307430684461103 ], [ -78.366698501372696, 44.307427998097197 ], [ -78.366693463380699, 44.307425317884203 ], [ -78.366688418885502, 44.307422642922504 ], [ -78.366683370391996, 44.3074199732701 ], [ -78.366678315355003, 44.307417309768503 ], [ -78.366673253814795, 44.307414651518201 ], [ -78.366668188276293, 44.307411998577201 ], [ -78.366663116234506, 44.307409350887603 ], [ -78.366658038901804, 44.307406709377702 ], [ -78.366652955065902, 44.307404073119201 ], [ -78.366647867231606, 44.307401442169798 ], [ -78.366642772853893, 44.3073988173713 ], [ -78.3666376732657, 44.307396196953697 ], [ -78.366632568346205, 44.307393583615202 ], [ -78.366627456963798, 44.307390974628603 ], [ -78.366622340290306, 44.307388371821801 ], [ -78.366617218366102, 44.307385774295199 ], [ -78.366612091150898, 44.3073831829483 ], [ -78.366606958684898, 44.3073805968817 ], [ -78.3666018209681, 44.307378016095498 ], [ -78.3665966767079, 44.307375441460003 ], [ -78.366591528449305, 44.307372872133598 ], [ -78.366586373687497, 44.307370308058701 ], [ -78.366581213634802, 44.3073677501635 ], [ -78.366576048331197, 44.307365197548499 ], [ -78.366570877776894, 44.307362650213904 ], [ -78.366565701931506, 44.307360109058799 ], [ -78.366560520795105, 44.307357574083497 ], [ -78.366555333195805, 44.307355043460198 ], [ -78.366550141517607, 44.3073525199448 ], [ -78.366544943376496, 44.307350000781398 ], [ -78.366539741196803, 44.307347487826597 ], [ -78.366534532473594, 44.307344981022503 ], [ -78.366529319752104, 44.307342479527698 ], [ -78.3665241005274, 44.307339983284201 ], [ -78.366518877264099, 44.3073374932492 ], [ -78.366513647497499, 44.307335008465699 ], [ -78.366508413692401, 44.307332529890701 ], [ -78.366503173384103, 44.307330056567103 ], [ -78.366497929037195, 44.307327589452001 ], [ -78.366492678187001, 44.3073251275883 ], [ -78.366487423298295, 44.3073226719332 ], [ -78.366482163158807, 44.307320221558399 ], [ -78.366476897728205, 44.307317777363103 ], [ -78.366471627046906, 44.307315338448198 ], [ -78.366466351114795, 44.3073129048136 ], [ -78.366461069851397, 44.307310478257897 ], [ -78.366455783377504, 44.307308056083201 ], [ -78.366450491572294, 44.307305640987401 ], [ -78.366445195768705, 44.307303231200898 ], [ -78.366439893461902, 44.307300826665703 ], [ -78.366434587116501, 44.307298428339102 ], [ -78.366429275480101, 44.307296036192 ], [ -78.366423958592904, 44.307293649325302 ], [ -78.366418636454895, 44.307291267738798 ], [ -78.366413309025901, 44.307288892331997 ], [ -78.366407978810699, 44.307286523162603 ], [ -78.366402642051995, 44.307284160143901 ], [ -78.366397300042493, 44.307281802405498 ], [ -78.366391952782294, 44.307279449947401 ], [ -78.366386601483399, 44.3072771036978 ], [ -78.366381244893503, 44.307274763627802 ], [ -78.366375883012495, 44.307272429737502 ], [ -78.366370515880803, 44.307270101127401 ], [ -78.366365144750603, 44.307267777826397 ], [ -78.3663597682892, 44.307265461604501 ], [ -78.366354387869706, 44.307263149792398 ], [ -78.366349000866407, 44.307260845030299 ], [ -78.366343609864799, 44.307258545577398 ], [ -78.366338214824594, 44.307256252333097 ], [ -78.366332813240803, 44.307253965239397 ], [ -78.366327407658801, 44.307251683454901 ], [ -78.366321998038103, 44.307249407878899 ], [ -78.366316583166594, 44.307247137583197 ], [ -78.366311162963797, 44.307244874366397 ], [ -78.366305737550405, 44.307242615530598 ], [ -78.3663003080582, 44.307240363802698 ], [ -78.3662948745676, 44.307238117383903 ], [ -78.3662894345334, 44.307235877115801 ], [ -78.366283991713104, 44.307233643085098 ], [ -78.366278542349406, 44.307231415205102 ], [ -78.366273090239702, 44.3072291926632 ], [ -78.366267631586496, 44.307226976271998 ], [ -78.366262168934796, 44.3072247651899 ], [ -78.366256702204396, 44.307222561215703 ], [ -78.366251230223099, 44.307220362521697 ], [ -78.366245754203206, 44.3072181700363 ], [ -78.366240272932401, 44.307215982831103 ], [ -78.3662347876231, 44.307213801834401 ], [ -78.366229296982397, 44.307211627916701 ], [ -78.366223802383601, 44.307209458408799 ], [ -78.366218302453404, 44.307207295979801 ], [ -78.366212798484696, 44.307205139759297 ], [ -78.366207289265105, 44.3072029888191 ], [ -78.366201776006903, 44.307200844087397 ], [ -78.366196258710005, 44.307198705564097 ], [ -78.366190736162295, 44.307196572321097 ], [ -78.366185209535701, 44.307194446186003 ], [ -78.366179678910797, 44.307192325359999 ], [ -78.366174142994694, 44.3071902107136 ], [ -78.366168603040094, 44.307188102275703 ], [ -78.366163057834498, 44.307185999118097 ], [ -78.366157509802505, 44.307183903097197 ], [ -78.366151956519701, 44.307181812356497 ], [ -78.366146397945897, 44.3071797277954 ], [ -78.366140835333297, 44.307177649442799 ], [ -78.3661352686821, 44.3071755772987 ], [ -78.366129697992307, 44.307173511363096 ], [ -78.366124123263802, 44.307171451636002 ], [ -78.3661185432845, 44.307169397189099 ], [ -78.366112959266502, 44.307167348950799 ], [ -78.366107371169605, 44.307165307820199 ], [ -78.366101777821896, 44.307163271969898 ], [ -78.366096180435406, 44.307161242328 ], [ -78.366090580303094, 44.307159218024303 ], [ -78.366084974839396, 44.307157200799402 ], [ -78.366079364084598, 44.307155189754099 ], [ -78.366073750583794, 44.307153184046904 ], [ -78.366068131751703, 44.307151185418597 ], [ -78.366062510213794, 44.307149191229001 ], [ -78.366056883344697, 44.307147204118301 ], [ -78.366051252396502, 44.307145224115402 ], [ -78.366045617409796, 44.307143250320998 ], [ -78.366039977172093, 44.3071412818068 ], [ -78.366034334148296, 44.307139319530101 ], [ -78.366028687085702, 44.307137363461798 ], [ -78.366023034732095, 44.3071354135731 ], [ -78.366017379592193, 44.307133469921702 ], [ -78.366011719201396, 44.307131531550603 ], [ -78.366006055984201, 44.307129600316202 ], [ -78.366000387475907, 44.307127675261398 ], [ -78.365994714928803, 44.307125756415097 ], [ -78.365989039635807, 44.307123842906698 ], [ -78.365983359011395, 44.307121936477401 ], [ -78.365977674388603, 44.307120035357102 ], [ -78.3659719869393, 44.3071181413735 ], [ -78.365966294198898, 44.307116253569497 ], [ -78.365960597460003, 44.307114371074597 ], [ -78.365954897894596, 44.307112495716503 ], [ -78.365949193038105, 44.307110626537998 ], [ -78.365943485435594, 44.307108762697403 ], [ -78.365937773754197, 44.307106905964702 ], [ -78.365932058074307, 44.307105054540997 ], [ -78.365926338315504, 44.3071032102253 ], [ -78.365920614518004, 44.307101372117899 ], [ -78.365914886681793, 44.307099540219099 ], [ -78.365909154847103, 44.307097713629297 ], [ -78.365903418933499, 44.307095894147402 ], [ -78.365897680233601, 44.3070940809028 ], [ -78.365891937495107, 44.307092273866701 ], [ -78.365886190717802, 44.307090473038997 ], [ -78.365880439901801, 44.307088678419802 ], [ -78.365874685047103, 44.307086890009103 ], [ -78.365868927406197, 44.307085107835803 ], [ -78.365863165726495, 44.307083331870899 ], [ -78.365857399967993, 44.307081563013803 ], [ -78.365851630210798, 44.307079799465797 ], [ -78.365845857627207, 44.307078043054503 ], [ -78.365840079792704, 44.307076291923401 ], [ -78.365834300384094, 44.307074547958003 ], [ -78.365828515724601, 44.307072809272697 ], [ -78.365822728238598, 44.307071077724203 ], [ -78.365816936713898, 44.307069352384097 ], [ -78.365811141150402, 44.307067633252402 ], [ -78.365805341548196, 44.3070659203293 ], [ -78.365799539119493, 44.307064214542798 ], [ -78.365793733944699, 44.307062514094298 ], [ -78.365787923438504, 44.307060820724701 ], [ -78.365782111438804, 44.307059132722102 ], [ -78.365776294107604, 44.3070574517983 ], [ -78.365770473990096, 44.307055777111898 ], [ -78.365764649833906, 44.307054108633899 ], [ -78.365758822891294, 44.3070524463933 ], [ -78.365752991869797, 44.307050791260501 ], [ -78.365747156849807, 44.3070491414367 ], [ -78.365741319003305, 44.307047498749697 ], [ -78.365735478370496, 44.307045862300001 ], [ -78.365729633698905, 44.3070442320588 ], [ -78.365723784988504, 44.307042608026002 ], [ -78.365717933491894, 44.307040990230597 ], [ -78.365712079209004, 44.307039378672499 ], [ -78.365706220847002, 44.307037774222202 ], [ -78.365700358446304, 44.3070361759804 ], [ -78.365694493259298, 44.307034583975899 ], [ -78.365688625285998, 44.307032998208697 ], [ -78.365682753233699, 44.307031419549403 ], [ -78.365676877182906, 44.307029846199001 ], [ -78.365670999557906, 44.3070282800144 ], [ -78.365665117894196, 44.307026720038102 ], [ -78.365659232191703, 44.3070251662703 ], [ -78.3656533436627, 44.307023619639203 ], [ -78.365647452387606, 44.307022078346101 ], [ -78.365641557033399, 44.3070205441608 ], [ -78.365635658892998, 44.307019016212799 ], [ -78.365629757925902, 44.307017495401503 ], [ -78.365623852960397, 44.307015979899198 ], [ -78.365617945168196, 44.307014471533698 ], [ -78.365612034589702, 44.307012969405598 ], [ -78.365606119972497, 44.307011473485801 ], [ -78.365600202528597, 44.307009984702702 ], [ -78.365594282298403, 44.307008502156997 ], [ -78.365588359281901, 44.307007025848598 ], [ -78.365582432226603, 44.307005555748603 ], [ -78.365576502384997, 44.307004091886 ], [ -78.365570569716695, 44.307002635160103 ], [ -78.3655646342621, 44.307001184671499 ], [ -78.365558694728506, 44.306999741290703 ], [ -78.365552752448707, 44.306998303247802 ], [ -78.365546807342398, 44.3069968723416 ], [ -78.365540859449695, 44.306995447672797 ], [ -78.365534908770698, 44.306994029241302 ], [ -78.365528954012504, 44.306992617917601 ], [ -78.365522997720504, 44.306991212860098 ], [ -78.365517037389694, 44.306989814010997 ], [ -78.365511074232302, 44.306988422298701 ], [ -78.365505108288502, 44.3069870368236 ], [ -78.365499139558395, 44.306985657585898 ], [ -78.365493168001606, 44.306984285484802 ], [ -78.365487193698598, 44.306982918721801 ], [ -78.365481215316706, 44.3069815590665 ], [ -78.365475235400794, 44.306980205677398 ], [ -78.365469252658301, 44.306978859425001 ], [ -78.365463265836695, 44.306977520280398 ], [ -78.365457277521401, 44.306976186502702 ], [ -78.365451283874705, 44.306974859803802 ], [ -78.365445291198796, 44.306973539429002 ], [ -78.365439293231702, 44.3069722252337 ], [ -78.365433293690401, 44.306970918203902 ], [ -78.365427291362707, 44.306969617411497 ], [ -78.365421284996202, 44.306968322827501 ], [ -78.365415277055405, 44.306967035409102 ], [ -78.365409266328399, 44.306965754228003 ], [ -78.365403252814801, 44.306964479284197 ], [ -78.365397236474706, 44.306963211477097 ], [ -78.365391217348105, 44.306961949907297 ], [ -78.365385195435195, 44.306960694574798 ], [ -78.365379170695604, 44.306959446378997 ], [ -78.365373144421994, 44.306958204449501 ], [ -78.365367114069301, 44.306956969627599 ], [ -78.365361082182702, 44.306955741072002 ], [ -78.365355047509695, 44.306954518753798 ], [ -78.365349010009993, 44.3069533035722 ], [ -78.365342969723798, 44.306952094627903 ], [ -78.365336927903797, 44.306950891949803 ], [ -78.3653308820045, 44.306949696379498 ], [ -78.365324834571396, 44.306948507075397 ], [ -78.365318784311498, 44.306947324908002 ], [ -78.365312732517694, 44.306946149006798 ], [ -78.365306676684995, 44.306944979313997 ], [ -78.365300619278102, 44.306943816786799 ], [ -78.365294559084703, 44.306942660496901 ], [ -78.365288497357398, 44.306941510473202 ], [ -78.365282432803397, 44.306940367586201 ], [ -78.365276365422602, 44.306939231835798 ], [ -78.365270295255499, 44.306938102322697 ], [ -78.365264223554405, 44.3069369790759 ], [ -78.365258149066804, 44.306935862066403 ], [ -78.365252073004996, 44.306934752222404 ], [ -78.365245992864004, 44.306933649486197 ], [ -78.365239912441496, 44.306932553045101 ], [ -78.365233827980106, 44.3069314628125 ], [ -78.365227741944395, 44.306930379745303 ], [ -78.365221654374693, 44.306929302944397 ], [ -78.365215564018499, 44.306928232380898 ], [ -78.365209470835694, 44.306927168953898 ], [ -78.365203376078597, 44.306926112692501 ], [ -78.365197278535106, 44.306925062668498 ], [ -78.365191179457497, 44.3069240189106 ], [ -78.365185077553093, 44.3069229822894 ], [ -78.365178974114798, 44.306921951934399 ], [ -78.365172867849793, 44.306920928716103 ], [ -78.365166758798296, 44.3069199117351 ], [ -78.365160648212694, 44.306918901020197 ], [ -78.365154536052898, 44.306917897471003 ], [ -78.365148422318796, 44.306916901087298 ], [ -78.365142305798202, 44.306915910940901 ], [ -78.365136186491199, 44.306914927031798 ], [ -78.365130065609804, 44.306913950288298 ], [ -78.365123943194405, 44.306912979811003 ], [ -78.365117817952296, 44.306912016470299 ], [ -78.365111691176196, 44.306911059395901 ], [ -78.365105561573202, 44.306910109458002 ], [ -78.365099431688705, 44.306909165815298 ], [ -78.365093297724997, 44.306908229280403 ], [ -78.3650871634797, 44.306907299040603 ], [ -78.365081026407694, 44.306906375937402 ], [ -78.365074887801498, 44.306905459100399 ], [ -78.365068746408895, 44.306904548500697 ], [ -78.365062603441999, 44.306903645066598 ], [ -78.365056458900796, 44.306902748798002 ], [ -78.365050312825403, 44.306901858795598 ], [ -78.365044165216105, 44.306900975059499 ], [ -78.365038014779898, 44.306900098459899 ], [ -78.365031862769499, 44.306899229026001 ], [ -78.365025707972507, 44.306898365829298 ], [ -78.365019552853695, 44.306897509827103 ], [ -78.365013394948306, 44.306896660062201 ], [ -78.365007235508799, 44.306895816563497 ], [ -78.365001074495098, 44.306894980230403 ], [ -78.364994911906905, 44.306894151062799 ], [ -78.364988747784693, 44.306893328161401 ], [ -78.364982580876003, 44.306892511497203 ], [ -78.364976413645394, 44.306891702027599 ], [ -78.364970243587905, 44.306890899694601 ], [ -78.364964071996397, 44.306890103627801 ], [ -78.364957898870799, 44.306889313827199 ], [ -78.364951724170893, 44.3068885311922 ], [ -78.364945547896497, 44.306887755722698 ], [ -78.364939370047907, 44.3068869874187 ], [ -78.364933189452898, 44.306886224452697 ], [ -78.364927008495798, 44.3068854695805 ], [ -78.364920826044795, 44.306884720075097 ], [ -78.364914641979198, 44.306883978634701 ], [ -78.364908455167296, 44.306883242532201 ], [ -78.364902267993202, 44.306882514523501 ], [ -78.364896079285003, 44.306881792780999 ], [ -78.364889887790298, 44.306881077275797 ], [ -78.364883695973603, 44.306880368964997 ], [ -78.364877502622804, 44.306879666920402 ], [ -78.364871307697697, 44.306878972041403 ], [ -78.3648651111981, 44.306878284327901 ], [ -78.364858913164397, 44.306877602880597 ], [ -78.364852713556303, 44.306876928598903 ], [ -78.364846512414104, 44.306876260583401 ], [ -78.364840310950001, 44.3068755997623 ], [ -78.364834106699206, 44.3068749451785 ], [ -78.364827902126606, 44.3068742977892 ], [ -78.364821696019803, 44.306873656665999 ], [ -78.364815488338607, 44.306873022708402 ], [ -78.364809279123193, 44.306872395017002 ], [ -78.364803068333401, 44.3068717744911 ], [ -78.364796857221705, 44.306871161159798 ], [ -78.364790644575805, 44.306870554094601 ], [ -78.364784430355499, 44.306869954194902 ], [ -78.364778214601102, 44.3068693605614 ], [ -78.3647719972723, 44.306868774093402 ], [ -78.364765779661695, 44.3068681939206 ], [ -78.364759560476699, 44.306867620913302 ], [ -78.364753339757598, 44.306867054172201 ], [ -78.364747118676206, 44.306866495524901 ], [ -78.364740896100898, 44.306865942244499 ], [ -78.364734671951197, 44.306865396129602 ], [ -78.364728444974602, 44.306864857151297 ], [ -78.364722220221196, 44.306864324525897 ], [ -78.364715992640896, 44.306863799037203 ], [ -78.364709764738507, 44.306863280742903 ], [ -78.364703535302098, 44.3068627687149 ], [ -78.364697304331401, 44.306862262952997 ], [ -78.364691073038699, 44.306861764385502 ], [ -78.364684840171606, 44.306861272983603 ], [ -78.364678607022796, 44.306860787876801 ], [ -78.364672372299495, 44.306860309935601 ], [ -78.364666136001702, 44.306859839159799 ], [ -78.364659899422193, 44.306859374679199 ], [ -78.364653661308495, 44.306858916464797 ], [ -78.364647422832505, 44.306858466344103 ], [ -78.364641184115001, 44.306858021619199 ], [ -78.364634942530401, 44.306857584930299 ], [ -78.364628701916402, 44.3068571545654 ], [ -78.364622459768299, 44.306856730466698 ], [ -78.364616216045704, 44.306856313533601 ], [ -78.364609972001006, 44.306855903794798 ], [ -78.364603726422104, 44.3068555003223 ], [ -78.364597480521198, 44.306855104044203 ], [ -78.364591234338505, 44.306854714061203 ], [ -78.364584985328904, 44.3068543312149 ], [ -78.364578738502104, 44.306853955620802 ], [ -78.3645724901412, 44.306853586292803 ], [ -78.364566240205704, 44.306853224130499 ], [ -78.364559988736005, 44.306852868234301 ], [ -78.364553738196605, 44.306852519561502 ], [ -78.364547486082799, 44.3068521780542 ], [ -78.364541232434803, 44.306851842813103 ], [ -78.364534979757394, 44.306851513896 ], [ -78.364528725465306, 44.306851193043798 ], [ -78.364522470891302, 44.306850878486699 ], [ -78.364516214783094, 44.306850570195799 ], [ -78.364509958352897, 44.3068502690993 ], [ -78.364503701600498, 44.306849975197302 ], [ -78.364497444566396, 44.306849687590301 ], [ -78.364491187210206, 44.3068494071779 ], [ -78.364484928319698, 44.306849133031498 ], [ -78.3644786691072, 44.306848866079697 ], [ -78.364472409572599, 44.306848606322298 ], [ -78.364466148503794, 44.306848352831103 ], [ -78.364459888365204, 44.306848106563201 ], [ -78.364453626692395, 44.306847866561498 ], [ -78.364447364697597, 44.306847633754302 ], [ -78.364441102380596, 44.3068474081415 ], [ -78.364434839781794, 44.306847188823802 ], [ -78.364428576860902, 44.306846976700598 ], [ -78.364422313658196, 44.306846770872397 ], [ -78.364416048880997, 44.3068465722098 ], [ -78.364409785033999, 44.306846380770502 ], [ -78.364403519652797, 44.306846195597501 ], [ -78.364397253949505, 44.306846017618803 ], [ -78.364390989216801, 44.306845845964197 ], [ -78.364384722909605, 44.306845681475103 ], [ -78.364378456320495, 44.306845523281098 ], [ -78.364372189369007, 44.306845373180899 ], [ -78.364365923428394, 44.306845228505402 ], [ -78.364359655872903, 44.306845091894701 ], [ -78.364353388035596, 44.306844961579102 ], [ -78.364347119916403, 44.3068448375587 ], [ -78.364340852727594, 44.306844720761603 ], [ -78.364334583964094, 44.306844611130003 ], [ -78.364328314918794, 44.3068445077935 ], [ -78.364322046803807, 44.306844411680402 ], [ -78.3643157771143, 44.3068443227328 ], [ -78.364309508395294, 44.3068442401092 ], [ -78.364303239394403, 44.306844163780703 ], [ -78.364296970031106, 44.306844095546097 ], [ -78.364290700385894, 44.306844033606502 ], [ -78.364284430458895, 44.306843977961897 ], [ -78.364278160209807, 44.306843929511899 ], [ -78.364271890890805, 44.306843888285201 ], [ -78.364265621290102, 44.306843853353598 ], [ -78.364259351367096, 44.306843825616397 ], [ -78.364253081162303, 44.306843804174299 ], [ -78.364246810635294, 44.306843789926702 ], [ -78.364240541038598, 44.306843782902497 ], [ -78.364234269907499, 44.306843782144398 ], [ -78.364227999706699, 44.306843788609697 ], [ -78.364221730476501, 44.306843801398998 ], [ -78.364215459671598, 44.306843821353802 ], [ -78.364209189796995, 44.306843848531997 ], [ -78.364202919640604, 44.306843882005197 ], [ -78.3641966504143, 44.306843922701901 ], [ -78.364190379653706, 44.306843969664698 ], [ -78.364184109823398, 44.3068440238509 ], [ -78.364177840923304, 44.306844085260401 ], [ -78.364171571741295, 44.306844152964999 ], [ -78.364165302277399, 44.306844226964699 ], [ -78.364159032450999, 44.306844309058199 ], [ -78.364152763595101, 44.3068443974758 ], [ -78.364146494457401, 44.306844492188397 ], [ -78.364140226249802, 44.3068445941243 ], [ -78.364133956467597, 44.306844703225899 ], [ -78.364127690160799, 44.306844818709202 ], [ -78.364121422279297, 44.306844941358101 ], [ -78.364115154116007, 44.306845070302103 ], [ -78.364108886882804, 44.306845206469397 ], [ -78.364102620579899, 44.306845349860097 ], [ -78.364096353994995, 44.306845499545901 ], [ -78.364090087128105, 44.3068456555268 ], [ -78.364083821151297, 44.306845819630396 ], [ -78.364077554892404, 44.306845990029103 ], [ -78.364071289604098, 44.306846166751797 ], [ -78.364065025245907, 44.306846350697903 ], [ -78.364058760565598, 44.306846541838397 ], [ -78.364052496855706, 44.306846739302898 ], [ -78.364046232823597, 44.306846943961901 ], [ -78.364039969761905, 44.306847154944798 ], [ -78.364033706378095, 44.306847373122203 ], [ -78.364027443964702, 44.306847597623701 ], [ -78.364021182481494, 44.306847829348499 ], [ -78.364014920675999, 44.306848068267698 ], [ -78.364008659841005, 44.306848313510997 ], [ -78.364002399936297, 44.306848565977603 ], [ -78.363996139749503, 44.306848824739298 ], [ -78.363989880492895, 44.306849090724299 ], [ -78.363983622206703, 44.3068493630335 ], [ -78.363977362345906, 44.306849642507999 ], [ -78.363971107172603, 44.306849929292802 ], [ -78.363964849212394, 44.3068502223148 ], [ -78.363958593475104, 44.306850521689697 ], [ -78.363952337375196, 44.3068508291584 ], [ -78.363946083538494, 44.306851142080703 ], [ -78.363939829339301, 44.306851463096798 ], [ -78.363933574857995, 44.306851790407997 ], [ -78.363927322599693, 44.306852124072101 ], [ -78.363921070019003, 44.306852464930699 ], [ -78.363914818368499, 44.306852813012597 ], [ -78.363908567688497, 44.306853167418602 ], [ -78.363902317978898, 44.306853528148501 ], [ -78.363896069159097, 44.306853897001197 ], [ -78.363889820097597, 44.306854271249598 ], [ -78.363883573178398, 44.306854653649602 ], [ -78.363877326017501, 44.306855041445402 ], [ -78.363871079746403, 44.306855437364 ], [ -78.363864834445806, 44.306855839606399 ], [ -78.363858590115598, 44.306856248172998 ], [ -78.363852346715504, 44.306856663962897 ], [ -78.363846104245496, 44.306857086976201 ], [ -78.363839862745905, 44.306857516313499 ], [ -78.363833622216802, 44.306857951974798 ], [ -78.363827382617799, 44.306858394859397 ], [ -78.363821143948897, 44.3068588449675 ], [ -78.363814906250397, 44.306859301399598 ], [ -78.363808668229595, 44.306859765025997 ], [ -78.3638024336841, 44.306860235034399 ], [ -78.363796198816203, 44.306860712237203 ], [ -78.363789964918695, 44.306861195764 ], [ -78.363783731951401, 44.306861686514203 ], [ -78.363777499954395, 44.3068621835884 ], [ -78.363771268887504, 44.306862687886003 ], [ -78.363765040043504, 44.306863198536497 ], [ -78.363758810877101, 44.3068637163815 ], [ -78.363752583893302, 44.306864241478699 ], [ -78.363746356667605, 44.306864771971703 ], [ -78.363740131584294, 44.306865310616303 ], [ -78.3637339074712, 44.306865855585002 ], [ -78.363727684328595, 44.306866406877703 ], [ -78.363721463368506, 44.3068669654226 ], [ -78.363715242126304, 44.3068675302627 ], [ -78.363709023066704, 44.306868102354997 ], [ -78.363702804937105, 44.3068686816707 ], [ -78.363696587777895, 44.306869267310503 ], [ -78.363690372841504, 44.306869859303099 ], [ -78.363684157582696, 44.306870458490302 ], [ -78.363677944546694, 44.306871064030297 ], [ -78.363671732440807, 44.306871676793797 ], [ -78.363665522517394, 44.306872296809502 ], [ -78.363659313564298, 44.306872923149299 ], [ -78.363653105581605, 44.306873555812999 ], [ -78.363646898528998, 44.306874195700097 ], [ -78.363640693699097, 44.3068748419402 ], [ -78.363634488587095, 44.306875494475399 ], [ -78.363628286869798, 44.306876155191098 ], [ -78.363622086122803, 44.306876822230898 ], [ -78.363615886346196, 44.306877495594698 ], [ -78.363609688752007, 44.306878176210802 ], [ -78.363603492128107, 44.306878863150899 ], [ -78.363597296474595, 44.306879556414998 ], [ -78.3635911030036, 44.3068802569315 ], [ -78.363584910462606, 44.306880964671301 ], [ -78.363578718891901, 44.306881678735103 ], [ -78.363572529544001, 44.306882399151803 ], [ -78.363566342378604, 44.3068831268209 ], [ -78.363560156183496, 44.306883860813997 ], [ -78.363553970918304, 44.3068846020305 ], [ -78.363547787876001, 44.306885349599902 ], [ -78.363541607016103, 44.306886104421601 ], [ -78.363535427126493, 44.3068868655673 ], [ -78.363529248166998, 44.306887633936498 ], [ -78.363523071430095, 44.306888408658502 ], [ -78.363516896915996, 44.306889189733504 ], [ -78.363510723331999, 44.306889978031897 ], [ -78.363504551970607, 44.306890772683197 ], [ -78.363498381539301, 44.306891574557902 ], [ -78.363492213330701, 44.306892382785499 ], [ -78.363486047304605, 44.306893198265499 ], [ -78.363479882248697, 44.3068940200695 ], [ -78.363473719415595, 44.306894848226399 ], [ -78.363467557512394, 44.306895683606697 ], [ -78.363461397831998, 44.306896525340001 ], [ -78.363455240334005, 44.306897374325501 ], [ -78.363449082553899, 44.306898229606198 ], [ -78.363442929501304, 44.306899091297701 ], [ -78.363436777378695, 44.306899960212498 ], [ -78.363430627438504, 44.306900836379697 ], [ -78.363424478509003, 44.306901717971499 ], [ -78.363418331761807, 44.306902606815598 ], [ -78.363412187197099, 44.3069035029121 ], [ -78.363406043602595, 44.306904405332503 ], [ -78.363399903483199, 44.306905314134902 ], [ -78.363393764293804, 44.3069062301606 ], [ -78.363387626074697, 44.306907152510298 ], [ -78.363381491330699, 44.306908081242 ], [ -78.363375357516702, 44.306909017197 ], [ -78.363369227177799, 44.306909959533897 ], [ -78.363363097809099, 44.306910908194801 ], [ -78.363356970622903, 44.306911864108002 ], [ -78.363350844406895, 44.306912826345297 ], [ -78.363344721625694, 44.3069137958638 ], [ -78.363338601067198, 44.3069147717353 ], [ -78.363332481479006, 44.306915753930703 ], [ -78.363326364073103, 44.306916743378501 ], [ -78.363320250142394, 44.306917739208203 ], [ -78.363314137181803, 44.306918741361898 ], [ -78.363308026403701, 44.306919750767896 ], [ -78.363301917848204, 44.3069207665269 ], [ -78.363295811475098, 44.306921789538201 ], [ -78.363289707364999, 44.306922818003102 ], [ -78.363283605437204, 44.306923853720299 ], [ -78.363277505691897, 44.3069248966899 ], [ -78.3632714082094, 44.306925945113001 ], [ -78.363265312869004, 44.306927001687797 ], [ -78.363259219791601, 44.3069280637162 ], [ -78.363253128896503, 44.306929132996899 ], [ -78.363247038971707, 44.306930208601699 ], [ -78.363240952521906, 44.306931290588302 ], [ -78.363234869506996, 44.3069323798562 ], [ -78.363228787462205, 44.306933475448098 ], [ -78.363222707640105, 44.306934577393001 ], [ -78.363216631293099, 44.3069356857198 ], [ -78.363210555875995, 44.306936801269998 ], [ -78.363204483933899, 44.306937923202 ], [ -78.363198414174207, 44.306939052386397 ], [ -78.363192346677394, 44.306940187024402 ], [ -78.3631862813629, 44.306941328914696 ], [ -78.363180218230895, 44.306942478057401 ], [ -78.3631741586141, 44.306943632682497 ], [ -78.363168099927194, 44.306944794531098 ], [ -78.363162044715494, 44.306945962761603 ], [ -78.363155991726302, 44.306947137344999 ], [ -78.363149940919399, 44.306948319180698 ], [ -78.363143893587605, 44.3069495073984 ], [ -78.363137848478502, 44.306950701969001 ], [ -78.363131805591905, 44.3069519028926 ], [ -78.363125764887698, 44.306953111068502 ], [ -78.363119726405998, 44.306954325597303 ], [ -78.363113691399505, 44.3069555465081 ], [ -78.363107658615505, 44.306956773771802 ], [ -78.363101629266296, 44.306958008316798 ], [ -78.363095602139595, 44.306959249214799 ], [ -78.363089577235598, 44.306960496465798 ], [ -78.363083554554194, 44.306961750069597 ], [ -78.363077535307497, 44.306963010954803 ], [ -78.363071518283405, 44.306964278192901 ], [ -78.363065504774696, 44.306965550913603 ], [ -78.363059493407903, 44.306966831785999 ], [ -78.363053484304004, 44.306968118112003 ], [ -78.363047478634897, 44.306969411719201 ], [ -78.363041475228698, 44.306970710780099 ], [ -78.363035474004704, 44.306972017093301 ], [ -78.363029476255704, 44.306973329788399 ], [ -78.363023481941497, 44.306974649764797 ], [ -78.363017489890197, 44.306975975194703 ], [ -78.3630114987686, 44.306977307848101 ], [ -78.363005512374599, 44.306978646912299 ], [ -78.362999530707995, 44.306979992387397 ], [ -78.362993550011495, 44.306981344186497 ], [ -78.3629875714973, 44.306982703237999 ], [ -78.3629815964984, 44.306984067771999 ], [ -78.362975623681805, 44.306985439558296 ], [ -78.362969654340105, 44.306986817726496 ], [ -78.362963688473499, 44.3069882022766 ], [ -78.3629577248294, 44.3069895931798 ], [ -78.362951764660394, 44.306990990464797 ], [ -78.362945806673594, 44.306992395002197 ], [ -78.362939852202004, 44.306993805022103 ], [ -78.362933901165206, 44.306995222323302 ], [ -78.362927952350901, 44.306996645977499 ], [ -78.362922007011605, 44.306998076013599 ], [ -78.3629160638949, 44.306999512402697 ], [ -78.362910125505607, 44.307000955202597 ], [ -78.362904188046102, 44.307002405226001 ], [ -78.362898255354295, 44.307003860760801 ], [ -78.362892324844694, 44.307005323547898 ], [ -78.362886397850502, 44.307006791817699 ], [ -78.362880474290904, 44.307008267368701 ], [ -78.362874552953798, 44.307009749272702 ], [ -78.362868635091701, 44.307011237558598 ], [ -78.362862720704598, 44.307012732226397 ], [ -78.362856808540002, 44.307014233247202 ], [ -78.362850901102803, 44.307015740678899 ], [ -78.362844995888096, 44.307017254463503 ], [ -78.362839094148498, 44.307018774630102 ], [ -78.362833194591005, 44.307020302048997 ], [ -78.362827299801197, 44.307021834979501 ], [ -78.362821407233994, 44.307023374262897 ], [ -78.362815518101399, 44.307024920827601 ], [ -78.362809632484002, 44.307026472874803 ], [ -78.362803750301296, 44.307028032203299 ], [ -78.3627978715936, 44.307029597913797 ], [ -78.362791995148598, 44.307031169077902 ], [ -78.362786123350503, 44.307032748451597 ], [ -78.362780253855504, 44.307034332379502 ], [ -78.362774389087804, 44.307035922718299 ], [ -78.362768526502407, 44.3070375203095 ], [ -78.362762667391905, 44.307039124282603 ], [ -78.362756811756299, 44.307040734637603 ], [ -78.362750959636003, 44.3070423504752 ], [ -78.3627451109503, 44.307043973594098 ], [ -78.362739265739506, 44.307045603094899 ], [ -78.362657770369097, 44.306876433222797 ], [ -78.362657701851106, 44.306876451445802 ], [ -78.362566035294805, 44.306686607487897 ], [ -78.362337061389297, 44.306212401422997 ], [ -78.362299181806094, 44.3060783290423 ] ] ] } },
{ "type": "Feature", "properties": { "OBJECTID": 70, "WARDTYPE": "SUBWARD", "WARDNAME": "301", "WARD_ID": 211, "YEAR": 2010, "ACTIVE": "Yes", "Shape__Area": 420092.18627929699, "Shape__Length": 4043.00554640263 }, "geometry": { "type": "Polygon", "coordinates": [ [ [ -78.307532934257594, 44.289936011264899 ], [ -78.307938171239698, 44.290079660304201 ], [ -78.3088196778031, 44.290392132357901 ], [ -78.309184068250005, 44.290509804189298 ], [ -78.309728229777605, 44.290603896863303 ], [ -78.310053255488, 44.290617875761498 ], [ -78.310496951769807, 44.290583112463402 ], [ -78.311716133295207, 44.290283813136398 ], [ -78.315508035543004, 44.289363428642602 ], [ -78.316502308667197, 44.289124782589298 ], [ -78.317500408776894, 44.288866217164703 ], [ -78.320011970153203, 44.288281421276302 ], [ -78.322497581497402, 44.287676803290601 ], [ -78.323093845624996, 44.288919887762901 ], [ -78.320592549152195, 44.289523594043899 ], [ -78.3180849284293, 44.2901236306543 ], [ -78.317084656397796, 44.290355058869999 ], [ -78.316288187785901, 44.290554117306698 ], [ -78.316251834081896, 44.290559741009801 ], [ -78.316203564139101, 44.290562923862701 ], [ -78.316065933691405, 44.290557840510601 ], [ -78.316306382920402, 44.291077452607702 ], [ -78.316390690822402, 44.291258446265402 ], [ -78.316931133929003, 44.2924186647857 ], [ -78.317115763744894, 44.292800077348403 ], [ -78.317206388721104, 44.292950915440798 ], [ -78.316996592065095, 44.2930845482283 ], [ -78.316972120649595, 44.293072978826103 ], [ -78.316904078898105, 44.293046931517402 ], [ -78.316711982589695, 44.292973397054602 ], [ -78.316465557335405, 44.292922788155899 ], [ -78.3154781528211, 44.292743955706499 ], [ -78.315301635251302, 44.292713923923898 ], [ -78.315135366568796, 44.2926961660635 ], [ -78.314915533787797, 44.292678687472097 ], [ -78.314727376633897, 44.2926711841762 ], [ -78.3144773256344, 44.292682225033701 ], [ -78.314157227108694, 44.292726234718302 ], [ -78.313964909884604, 44.292758079812401 ], [ -78.313797770256997, 44.292787778429897 ], [ -78.313655934075697, 44.292821365514101 ], [ -78.313523377008195, 44.292862862791203 ], [ -78.313418573239602, 44.292900789007703 ], [ -78.313348682826302, 44.292932278822903 ], [ -78.313321007170799, 44.292944748097803 ], [ -78.313156925716797, 44.293018661140401 ], [ -78.313062353520195, 44.293061250932098 ], [ -78.312989678252407, 44.293101049369298 ], [ -78.312952597482806, 44.293121356458897 ], [ -78.312636024371599, 44.293294828463203 ], [ -78.312536417084601, 44.2933442665353 ], [ -78.312427640516503, 44.293380937842002 ], [ -78.312344821187594, 44.293412065913003 ], [ -78.312239918703696, 44.293436930168497 ], [ -78.312187029221406, 44.293445836351097 ], [ -78.311480745930595, 44.2936070986121 ], [ -78.311369914131404, 44.293650378963399 ], [ -78.311332252393797, 44.293665408807897 ], [ -78.311246836965495, 44.293701049246998 ], [ -78.311203144577306, 44.293721299958499 ], [ -78.311141621689004, 44.293749898457499 ], [ -78.311086047294594, 44.293780837330402 ], [ -78.311058100625999, 44.293796394828398 ], [ -78.311040298638005, 44.293809909989697 ], [ -78.3109410486352, 44.293875272910597 ], [ -78.310884320074805, 44.293915972327902 ], [ -78.310809093958099, 44.293972074544698 ], [ -78.310777522973893, 44.294006716228601 ], [ -78.3107212550687, 44.294067075004698 ], [ -78.310686298351698, 44.294104571805498 ], [ -78.310592353493803, 44.294236072361102 ], [ -78.310540771322707, 44.294312689748303 ], [ -78.310501368285998, 44.294363771371103 ], [ -78.310479872794403, 44.294394586505298 ], [ -78.310450143531099, 44.294440461957002 ], [ -78.310359460850094, 44.294580403667901 ], [ -78.310340984568995, 44.294608726821899 ], [ -78.310311313047194, 44.294654705327801 ], [ -78.310295002552607, 44.294679876314703 ], [ -78.310262728190295, 44.294721997899998 ], [ -78.310259417734301, 44.294726252035403 ], [ -78.310248876850196, 44.294738856934003 ], [ -78.310097300574199, 44.294916281683001 ], [ -78.310081534955501, 44.294941512292802 ], [ -78.309958616602401, 44.295076504128701 ], [ -78.309908328083594, 44.295144744001703 ], [ -78.309706142053003, 44.295378809406103 ], [ -78.309683855555704, 44.295399265139999 ], [ -78.3096592493999, 44.295421848473197 ], [ -78.309640201085401, 44.2954393312748 ], [ -78.309623488062101, 44.2954548101768 ], [ -78.309608107107096, 44.295466676144002 ], [ -78.309586842133498, 44.295483455789601 ], [ -78.309563185915295, 44.295502009336701 ], [ -78.309549699853903, 44.295515391913902 ], [ -78.309502603231095, 44.295562121752198 ], [ -78.309429367518106, 44.295658200919299 ], [ -78.309322933655494, 44.295767125917202 ], [ -78.309231673393995, 44.295818823070498 ], [ -78.309116240983997, 44.295917440926402 ], [ -78.3087815854703, 44.296195105340701 ], [ -78.308746081196901, 44.2962206662325 ], [ -78.3086574529936, 44.296275908155501 ], [ -78.308554222899204, 44.296345950203502 ], [ -78.308414793476601, 44.2964203584012 ], [ -78.308289397787107, 44.296468941563099 ], [ -78.307836485651293, 44.296595119086703 ], [ -78.307802591347695, 44.2965907185703 ], [ -78.307788764520893, 44.296586071122498 ], [ -78.307756003541499, 44.296578816430703 ], [ -78.307673105519797, 44.296543937104197 ], [ -78.307663793493901, 44.296535788712802 ], [ -78.307658429980606, 44.296517909612497 ], [ -78.307661609929895, 44.2964718048256 ], [ -78.307666719313403, 44.2963376415806 ], [ -78.307664341234101, 44.296294962698802 ], [ -78.307650415785005, 44.296271557403301 ], [ -78.307648615479195, 44.296193819093403 ], [ -78.3076415514426, 44.2961374966957 ], [ -78.307638976844899, 44.296076664459697 ], [ -78.307606452816202, 44.295921275359902 ], [ -78.307557238005501, 44.295828566081099 ], [ -78.307513189261101, 44.295759068984303 ], [ -78.3074116664299, 44.295566666816399 ], [ -78.307368284376196, 44.295437946147601 ], [ -78.307274388375205, 44.295289571836101 ], [ -78.307186980292599, 44.295186736252397 ], [ -78.307128826801204, 44.2950999765186 ], [ -78.307084295868094, 44.295066616768501 ], [ -78.307020649102995, 44.295029728866503 ], [ -78.306968122295004, 44.294983872719698 ], [ -78.306925625962904, 44.294952869223501 ], [ -78.306799690333506, 44.294779121376003 ], [ -78.306721209634503, 44.294691881827603 ], [ -78.306469215789207, 44.294460384464799 ], [ -78.306450690278893, 44.294404523451803 ], [ -78.306442756170895, 44.294377936452797 ], [ -78.3064145012045, 44.294302321497803 ], [ -78.306398949374895, 44.294244260143202 ], [ -78.306392061212804, 44.294184094913398 ], [ -78.306372878448599, 44.2941351793325 ], [ -78.306365905255504, 44.294053472921497 ], [ -78.306379898322206, 44.293911489740999 ], [ -78.306407440448197, 44.293802430781597 ], [ -78.306466148056899, 44.293618128188498 ], [ -78.3064976244235, 44.2934919424032 ], [ -78.306540990569403, 44.293386807498301 ], [ -78.306596511556407, 44.293273497657097 ], [ -78.306694023067806, 44.293112874089402 ], [ -78.3068015233371, 44.292920717963497 ], [ -78.306925467942094, 44.292729163067399 ], [ -78.307067898841197, 44.2924976648371 ], [ -78.307131040343407, 44.292356634850499 ], [ -78.307163327021499, 44.292284522531702 ], [ -78.307194951407396, 44.292227741637298 ], [ -78.307236592126102, 44.292170322850197 ], [ -78.307294278510497, 44.292158719648199 ], [ -78.307307628970094, 44.2921518323474 ], [ -78.307294895252298, 44.292117463600903 ], [ -78.307307185189501, 44.292092980534697 ], [ -78.307315223571294, 44.292076966932399 ], [ -78.307331250723493, 44.292045037586199 ], [ -78.307361219906198, 44.291985332203602 ], [ -78.307544553373404, 44.291737357987898 ], [ -78.307566688531097, 44.291707860288497 ], [ -78.307634825794494, 44.291693312830702 ], [ -78.307664697566395, 44.291645295192701 ], [ -78.307697154180801, 44.291505617166301 ], [ -78.307695967234395, 44.291425396798999 ], [ -78.307696030246703, 44.291376670671802 ], [ -78.307683628204103, 44.2913733730228 ], [ -78.307682922316403, 44.291367510860397 ], [ -78.307664770192105, 44.291366312979697 ], [ -78.307662176960207, 44.291329327762 ], [ -78.307676439294397, 44.291275046017503 ], [ -78.307706324279195, 44.291277289467203 ], [ -78.307706015379296, 44.291267514151599 ], [ -78.307705544811, 44.2912526115337 ], [ -78.307704137265901, 44.291208004609103 ], [ -78.307703575044101, 44.2912025914735 ], [ -78.307693727255696, 44.291107755156801 ], [ -78.307667277638501, 44.290972001190298 ], [ -78.307661555304804, 44.290944680487399 ], [ -78.307666326544805, 44.290934024783297 ], [ -78.307609606609901, 44.290698831299402 ], [ -78.307592959138503, 44.290673965443297 ], [ -78.307575689792898, 44.290648172033201 ], [ -78.307561080301298, 44.290626350372001 ], [ -78.307546137650505, 44.290604030198402 ], [ -78.307514367966306, 44.290556578838299 ], [ -78.307504881735895, 44.290532001623099 ], [ -78.307488341106193, 44.290489147089097 ], [ -78.307470320077798, 44.290442458453803 ], [ -78.307443967468203, 44.290339524595801 ], [ -78.307420685443006, 44.290274071569399 ], [ -78.307405058957698, 44.290230141144697 ], [ -78.307405378571005, 44.2901763002737 ], [ -78.3074301133353, 44.290103802651899 ], [ -78.307459055801104, 44.290032945554401 ], [ -78.307486061530298, 44.289997512873299 ], [ -78.307532934257594, 44.289936011264899 ] ] ] } },
{ "type": "Feature", "properties": { "OBJECTID": 71, "WARDTYPE": "SUBWARD", "WARDNAME": "302", "WARD_ID": 212, "YEAR": 2010, "ACTIVE": "Yes", "Shape__Area": 237056.988037109, "Shape__Length": 2143.2884645011 }, "geometry": { "type": "Polygon", "coordinates": [ [ [ -78.317206388721104, 44.292950915440798 ], [ -78.317115763744894, 44.292800077348403 ], [ -78.316931133929003, 44.2924186647857 ], [ -78.316390690822402, 44.291258446265402 ], [ -78.316306382920402, 44.291077452607702 ], [ -78.316065933691405, 44.290557840510601 ], [ -78.316203564139101, 44.290562923862701 ], [ -78.316251834081896, 44.290559741009801 ], [ -78.316288187785901, 44.290554117306698 ], [ -78.317084656397796, 44.290355058869999 ], [ -78.3180849284293, 44.2901236306543 ], [ -78.320592549152195, 44.289523594043899 ], [ -78.323093845624996, 44.288919887762901 ], [ -78.324424356022305, 44.291693526357101 ], [ -78.324330002411799, 44.291716662998098 ], [ -78.321915329074201, 44.292308756735999 ], [ -78.322370337341994, 44.293269755920001 ], [ -78.319187651731994, 44.294049039801003 ], [ -78.318083395741496, 44.294318748652998 ], [ -78.317414904990997, 44.294468371312398 ], [ -78.317575397972305, 44.294265900705398 ], [ -78.317649955932296, 44.294152349514398 ], [ -78.317697383586705, 44.294080298318903 ], [ -78.317703929991197, 44.294059861865897 ], [ -78.317713695497602, 44.294029376517202 ], [ -78.317716584597093, 44.294020353387801 ], [ -78.317721107061701, 44.294006237048599 ], [ -78.317727627036206, 44.293957156693097 ], [ -78.317703792637104, 44.2937650010252 ], [ -78.317640511448204, 44.293607729701002 ], [ -78.317594884208006, 44.2935324826013 ], [ -78.317547435024693, 44.2934690574467 ], [ -78.317474944683397, 44.293395973485403 ], [ -78.317389429425802, 44.2933168765083 ], [ -78.317232868736497, 44.293213197638501 ], [ -78.317130561314798, 44.293152790825602 ], [ -78.317043470127899, 44.293105659672598 ], [ -78.316996592065095, 44.2930845482283 ], [ -78.317206388721104, 44.292950915440798 ] ] ] } },
{ "type": "Feature", "properties": { "OBJECTID": 72, "WARDTYPE": "SUBWARD", "WARDNAME": "303", "WARD_ID": 213, "YEAR": 2010, "ACTIVE": "Yes", "Shape__Area": 321290.61889648403, "Shape__Length": 2837.0285299100601 }, "geometry": { "type": "Polygon", "coordinates": [ [ [ -78.322370337341994, 44.293269755920001 ], [ -78.321915329074201, 44.292308756735999 ], [ -78.324330002411799, 44.291716662998098 ], [ -78.324424356022305, 44.291693526357101 ], [ -78.325440668895993, 44.293799841054202 ], [ -78.325691787549204, 44.2943354237077 ], [ -78.327358995360697, 44.297601218155599 ], [ -78.327549232979095, 44.297964047956498 ], [ -78.327375449636406, 44.297982962413698 ], [ -78.326233980439099, 44.298031638151599 ], [ -78.325103365166797, 44.298083732984701 ], [ -78.324008813047101, 44.298132448734201 ], [ -78.323859110660507, 44.296891592389699 ], [ -78.323269702248297, 44.296919725518798 ], [ -78.322752655786402, 44.296944399612798 ], [ -78.3205458858219, 44.297062774865701 ], [ -78.320155799082599, 44.297083695812297 ], [ -78.319928763485194, 44.297095871410399 ], [ -78.319426152538895, 44.297122822943699 ], [ -78.319422714023901, 44.297078496196299 ], [ -78.319420975696701, 44.297056077145697 ], [ -78.319291716789294, 44.297052707634897 ], [ -78.3192849838059, 44.296959518308498 ], [ -78.318978723475794, 44.296968997771302 ], [ -78.318895861453001, 44.296972176827602 ], [ -78.318892652220796, 44.296929788347697 ], [ -78.318885409829903, 44.296827346570602 ], [ -78.318863420616495, 44.296506067953999 ], [ -78.318835688753296, 44.296162943308502 ], [ -78.318835479389506, 44.296137370471499 ], [ -78.318832588809997, 44.296070807979604 ], [ -78.3185666477453, 44.296078479421098 ], [ -78.318252135309905, 44.296086935732603 ], [ -78.318060709663598, 44.295971703994802 ], [ -78.317465527938893, 44.296002422725898 ], [ -78.317277452158507, 44.296011463664598 ], [ -78.317212110498104, 44.296014968637401 ], [ -78.317150775656799, 44.296018569546703 ], [ -78.316248241391506, 44.296062893770099 ], [ -78.316154037107694, 44.295929598280402 ], [ -78.316166039465898, 44.295913067772197 ], [ -78.316175272311597, 44.295901664054298 ], [ -78.316409830865297, 44.2956206262539 ], [ -78.316656037551397, 44.295336440717399 ], [ -78.316849812549805, 44.295110626962099 ], [ -78.316949194865003, 44.294991399221701 ], [ -78.317042868398005, 44.294884551990002 ], [ -78.317303254165594, 44.294596819884099 ], [ -78.317414904990997, 44.294468371312398 ], [ -78.318083395741496, 44.294318748652998 ], [ -78.319187651731994, 44.294049039801003 ], [ -78.322370337341994, 44.293269755920001 ] ] ] } },
{ "type": "Feature", "properties": { "OBJECTID": 73, "WARDTYPE": "SUBWARD", "WARDNAME": "304", "WARD_ID": 214, "YEAR": 2010, "ACTIVE": "Yes", "Shape__Area": 307531.77905273403, "Shape__Length": 2686.96414088548 }, "geometry": { "type": "Polygon", "coordinates": [ [ [ -78.319426152538895, 44.297122822943699 ], [ -78.319638219751596, 44.297111451926199 ], [ -78.322752655786402, 44.296944399612798 ], [ -78.323269702248297, 44.296919725518798 ], [ -78.323859110660507, 44.296891592389699 ], [ -78.324008813047101, 44.298132448734201 ], [ -78.325103365166797, 44.298083732984701 ], [ -78.326233980439099, 44.298031638151599 ], [ -78.327375449636406, 44.297982962413698 ], [ -78.327549232979095, 44.297964047956498 ], [ -78.328155654842305, 44.299148629685398 ], [ -78.328532017085607, 44.299883789576498 ], [ -78.328603643107698, 44.299971060737001 ], [ -78.328542338018707, 44.299991942111497 ], [ -78.327715777821098, 44.300273349049696 ], [ -78.328027826243598, 44.300832286911103 ], [ -78.328467947020798, 44.301685760311202 ], [ -78.327644484794604, 44.301724290038102 ], [ -78.326511371516403, 44.301768871537703 ], [ -78.325375763144507, 44.301813534553503 ], [ -78.325278397483601, 44.300555991414399 ], [ -78.324148554389495, 44.300605343541299 ], [ -78.323007728409493, 44.300660970118898 ], [ -78.321125386525793, 44.3007384321727 ], [ -78.321011102422403, 44.300743135024902 ], [ -78.319693664737301, 44.300797330050301 ], [ -78.318771400765797, 44.300828916662802 ], [ -78.318677980543001, 44.300679555574902 ], [ -78.318359020716301, 44.300171720501503 ], [ -78.318104107595005, 44.299765844164 ], [ -78.317932505154005, 44.299577792635503 ], [ -78.317935830950304, 44.299563730106797 ], [ -78.317938332396096, 44.2995531511921 ], [ -78.317940381889002, 44.299544485553099 ], [ -78.317944200138996, 44.299528336046002 ], [ -78.317946665733402, 44.299517911136597 ], [ -78.317956336458593, 44.299500340758698 ], [ -78.317969266893201, 44.2994768448144 ], [ -78.317980859250298, 44.299455781490998 ], [ -78.317989583079594, 44.299440256801397 ], [ -78.317994021301104, 44.299432649296598 ], [ -78.317998917780699, 44.299424255812397 ], [ -78.318004195077293, 44.299415207770302 ], [ -78.318010367092498, 44.299404625969302 ], [ -78.318016962061193, 44.299393317677698 ], [ -78.318023551485794, 44.299382020959101 ], [ -78.318030125991498, 44.2993670615569 ], [ -78.318036086650096, 44.299353496667301 ], [ -78.318040282186502, 44.299343951460997 ], [ -78.318039437358493, 44.299315468407997 ], [ -78.318029892225496, 44.299289858988303 ], [ -78.318017477767199, 44.299270576828697 ], [ -78.318014709885105, 44.299265458532403 ], [ -78.318011825969904, 44.299260053021598 ], [ -78.318008586398506, 44.299253979250302 ], [ -78.318001104881901, 44.2992399499811 ], [ -78.318000737082301, 44.299222267072601 ], [ -78.318000433835294, 44.299207625020898 ], [ -78.318015040963303, 44.299180920261101 ], [ -78.318020352447306, 44.299171176205597 ], [ -78.318024022103302, 44.299164368994496 ], [ -78.318026992099206, 44.299158858850497 ], [ -78.318029637418107, 44.2991539541676 ], [ -78.318031684591105, 44.299150154476997 ], [ -78.318033452302799, 44.2991468757834 ], [ -78.318035539067296, 44.299143005000701 ], [ -78.318037999643707, 44.299138440783601 ], [ -78.318041787105798, 44.299131413970997 ], [ -78.318050547591497, 44.299114230023697 ], [ -78.318084929381499, 44.299045757803398 ], [ -78.318014845146706, 44.298961799582599 ], [ -78.318141772273606, 44.298699479584698 ], [ -78.318281668727096, 44.298394969180002 ], [ -78.318295473291101, 44.298397600909098 ], [ -78.318330512344403, 44.298311874904698 ], [ -78.318349630905502, 44.298265099941702 ], [ -78.318360138094903, 44.298239395353903 ], [ -78.318377318286494, 44.298197361629398 ], [ -78.318391603454501, 44.298162413504798 ], [ -78.318418222287093, 44.2980986203074 ], [ -78.318425831644802, 44.298080502705503 ], [ -78.3184348724118, 44.298058975163997 ], [ -78.318444582415097, 44.298035854545503 ], [ -78.318456579923307, 44.298007288762101 ], [ -78.318464005024893, 44.2979896106662 ], [ -78.318476798378995, 44.297959148683603 ], [ -78.318485528251699, 44.297938363766399 ], [ -78.318495654410398, 44.297914251809502 ], [ -78.318507720719694, 44.297885522885402 ], [ -78.318526634308199, 44.297840489615098 ], [ -78.318553976910593, 44.297775385473997 ], [ -78.318569735390199, 44.297737863827102 ], [ -78.318545327102299, 44.297477224253598 ], [ -78.318540847267201, 44.297429380839901 ], [ -78.318533004692796, 44.297345635441403 ], [ -78.318506116570404, 44.297283044824098 ], [ -78.318501270766504, 44.297274174878602 ], [ -78.318496589444294, 44.297264858657499 ], [ -78.318493067516897, 44.297257581794902 ], [ -78.318489767459795, 44.297235965103397 ], [ -78.318490473046495, 44.297227931386502 ], [ -78.318491994257002, 44.2972106313551 ], [ -78.318504602209302, 44.297192465518698 ], [ -78.3185264694647, 44.297178493724601 ], [ -78.318531662381801, 44.297174897561298 ], [ -78.318560954729406, 44.297154556958702 ], [ -78.318592858755494, 44.297136074654802 ], [ -78.318621307208204, 44.297122895736202 ], [ -78.318652719959502, 44.297115172809903 ], [ -78.3186732167283, 44.297111282525798 ], [ -78.318714417166106, 44.297090975826897 ], [ -78.318827304870496, 44.297077091134199 ], [ -78.319291716789294, 44.297052707634897 ], [ -78.319420975696701, 44.297056077145697 ], [ -78.319422714023901, 44.297078496196299 ], [ -78.319426152538895, 44.297122822943699 ] ] ] } },
{ "type": "Feature", "properties": { "OBJECTID": 74, "WARDTYPE": "SUBWARD", "WARDNAME": "305", "WARD_ID": 215, "YEAR": 2010, "ACTIVE": "Yes", "Shape__Area": 296970.72363281302, "Shape__Length": 2646.76069116915 }, "geometry": { "type": "Polygon", "coordinates": [ [ [ -78.318771400765797, 44.300828916662802 ], [ -78.319693664737301, 44.300797330050301 ], [ -78.321011102422403, 44.300743135024902 ], [ -78.321125386525793, 44.3007384321727 ], [ -78.323007728409493, 44.300660970118898 ], [ -78.324148554389495, 44.300605343541299 ], [ -78.324232236111996, 44.301854619184198 ], [ -78.324311962504396, 44.303016762953497 ], [ -78.324332491409706, 44.303126444292801 ], [ -78.324353020381906, 44.303236125628302 ], [ -78.324444263075605, 44.304465026359203 ], [ -78.324413597884202, 44.304466464646602 ], [ -78.323293059057207, 44.3045189539679 ], [ -78.323384050619694, 44.305749155720498 ], [ -78.322479073326804, 44.305792483260198 ], [ -78.322465831626602, 44.305793117944603 ], [ -78.322312694942696, 44.305800448814502 ], [ -78.322302284079299, 44.305800946423297 ], [ -78.3206330746102, 44.305880841015501 ], [ -78.320063631192795, 44.305907459847603 ], [ -78.319971963778599, 44.3046744623284 ], [ -78.318843458850395, 44.304727279030899 ], [ -78.317832693741195, 44.304774579448903 ], [ -78.316814540195097, 44.304822212184597 ], [ -78.316026269526105, 44.304841729417603 ], [ -78.315846460155598, 44.3048786080479 ], [ -78.315854688304896, 44.304828181615903 ], [ -78.315887022063805, 44.304765333710201 ], [ -78.315931255739699, 44.304700505914099 ], [ -78.315972730935897, 44.304614101101102 ], [ -78.315993439281399, 44.304566260219801 ], [ -78.316018707387499, 44.304496639896897 ], [ -78.316020722771199, 44.304471603746002 ], [ -78.316015825501907, 44.304418877262002 ], [ -78.316027489455195, 44.304374533753297 ], [ -78.316045082266996, 44.304341100572699 ], [ -78.316079445366597, 44.304315753680498 ], [ -78.316113755025995, 44.3042680966375 ], [ -78.316140609448894, 44.304219495457197 ], [ -78.316163769454903, 44.304106520368599 ], [ -78.316216608620394, 44.304032813684998 ], [ -78.3162423220314, 44.303985724226699 ], [ -78.316247682334705, 44.303868153331102 ], [ -78.316258764743097, 44.303850005011199 ], [ -78.316294287675802, 44.303809246456098 ], [ -78.316306495217404, 44.303776455456699 ], [ -78.316319893882095, 44.303717537587403 ], [ -78.316346698064294, 44.3036942824967 ], [ -78.316381690733607, 44.303654372112298 ], [ -78.316399353219893, 44.303619401036102 ], [ -78.3164025946907, 44.3035717832214 ], [ -78.3164143784701, 44.303501288511399 ], [ -78.316432310826698, 44.303435866472 ], [ -78.316458277288405, 44.303360776164098 ], [ -78.316485795315302, 44.303297574484503 ], [ -78.316554273751606, 44.303205334865801 ], [ -78.316583956464896, 44.303171866213503 ], [ -78.316614384967394, 44.303132129344696 ], [ -78.3166412721759, 44.303082759971097 ], [ -78.316659230935798, 44.303017794953497 ], [ -78.316669259417594, 44.302938796335297 ], [ -78.316679256302194, 44.302907491899397 ], [ -78.316697882729201, 44.3028748517455 ], [ -78.316707527293005, 44.302862744654902 ], [ -78.316783495710098, 44.302771542526798 ], [ -78.316832521177105, 44.3026941627881 ], [ -78.316873277125595, 44.302597428028797 ], [ -78.316931437530002, 44.302451093707496 ], [ -78.316944535001895, 44.302375245246502 ], [ -78.316964301901507, 44.302341092377802 ], [ -78.316981508278005, 44.302316111672297 ], [ -78.316986085079407, 44.302286217483001 ], [ -78.316983836069298, 44.302241547739897 ], [ -78.316996708297907, 44.302194156267497 ], [ -78.317009718014702, 44.3021719965176 ], [ -78.317017629653904, 44.302158518956901 ], [ -78.317029225940502, 44.302138764835902 ], [ -78.317044343355704, 44.302089117816202 ], [ -78.317126914740697, 44.3019225904292 ], [ -78.317181941552306, 44.3018048516712 ], [ -78.317194303333594, 44.301777512674903 ], [ -78.317211122747693, 44.301739615550098 ], [ -78.317228438555702, 44.301700260835297 ], [ -78.317255226963596, 44.301635866942597 ], [ -78.3172631874166, 44.301611934680601 ], [ -78.317272588415705, 44.301593693622003 ], [ -78.317287276074893, 44.301581968785499 ], [ -78.317312439145098, 44.3015653981669 ], [ -78.317353487001597, 44.301557901149401 ], [ -78.317366291594098, 44.3015589709144 ], [ -78.317393881863097, 44.301541157318802 ], [ -78.317454399801704, 44.301529502107996 ], [ -78.3174993064858, 44.301531326274997 ], [ -78.317550388461299, 44.301538681006903 ], [ -78.317685845629001, 44.301574942170397 ], [ -78.317712946871197, 44.301567887033599 ], [ -78.317765659817098, 44.301562971391299 ], [ -78.3178230719341, 44.301548934690899 ], [ -78.317871376628702, 44.301523145999496 ], [ -78.317944872053403, 44.301461793109603 ], [ -78.317977293636304, 44.301429228397502 ], [ -78.318019854335802, 44.301391244554203 ], [ -78.318039760258699, 44.301354018509102 ], [ -78.3180445451883, 44.301319514336598 ], [ -78.318090602293296, 44.301249054955001 ], [ -78.318114441438695, 44.301191339146797 ], [ -78.318136662601603, 44.301125274850897 ], [ -78.318179672074294, 44.301010369113499 ], [ -78.318204677672995, 44.3009317213115 ], [ -78.318217333720696, 44.300842016035503 ], [ -78.318236326407799, 44.300795109411801 ], [ -78.318258370028403, 44.300740668911303 ], [ -78.318288780547306, 44.300684457864897 ], [ -78.318286796130806, 44.300657487521903 ], [ -78.318281090330998, 44.300618121146002 ], [ -78.3182776852274, 44.300598809403503 ], [ -78.318263455292595, 44.300558473026797 ], [ -78.318222825969997, 44.300509824447801 ], [ -78.318172724925006, 44.3004809539052 ], [ -78.318142639227602, 44.300459476735703 ], [ -78.318120305297001, 44.300408950548601 ], [ -78.318120319820594, 44.300385103417497 ], [ -78.318116244897595, 44.3003334676443 ], [ -78.318096255204907, 44.300231455594698 ], [ -78.3180772902124, 44.300201008234303 ], [ -78.318064677915203, 44.300169911582501 ], [ -78.318055912124805, 44.3001482979084 ], [ -78.318043586168798, 44.300117905697498 ], [ -78.318024777036797, 44.300060538265598 ], [ -78.318019526534499, 44.3000111822791 ], [ -78.318005051824002, 44.299976225581297 ], [ -78.317983736822299, 44.299950338716101 ], [ -78.317955667298094, 44.299908139446202 ], [ -78.317932793341598, 44.299839536444701 ], [ -78.317928908227998, 44.299827269793298 ], [ -78.317926155677299, 44.299822282395802 ], [ -78.317926304462802, 44.299819043989302 ], [ -78.317922047734797, 44.299805606346602 ], [ -78.317917091842105, 44.299789960097897 ], [ -78.317910574266406, 44.299769382341097 ], [ -78.317903729347293, 44.299731527752201 ], [ -78.317904277813199, 44.299722653091003 ], [ -78.317905439941896, 44.299703830368202 ], [ -78.3179065575317, 44.299685737624799 ], [ -78.3179078094538, 44.2996654666632 ], [ -78.317913200017699, 44.299647439209501 ], [ -78.317918522896704, 44.2996296316336 ], [ -78.317923805570501, 44.299611963556202 ], [ -78.317928311380598, 44.299595525911002 ], [ -78.317932505154005, 44.299577792635503 ], [ -78.318104107595005, 44.299765844164 ], [ -78.318359020716301, 44.300171720501503 ], [ -78.318677980543001, 44.300679555574902 ], [ -78.318771400765797, 44.300828916662802 ] ] ] } },
{ "type": "Feature", "properties": { "OBJECTID": 75, "WARDTYPE": "SUBWARD", "WARDNAME": "311", "WARD_ID": 216, "YEAR": 2010, "ACTIVE": "Yes", "Shape__Area": 209429.81982421901, "Shape__Length": 2097.6418390570798 }, "geometry": { "type": "Polygon", "coordinates": [ [ [ -78.324444263075605, 44.304465026359203 ], [ -78.325553654356, 44.304411936832899 ], [ -78.326680214356202, 44.3043580394244 ], [ -78.326653420873299, 44.303993573570899 ], [ -78.327800711046393, 44.303938411235499 ], [ -78.327826232414594, 44.3043001534189 ], [ -78.328961019498493, 44.304252756809298 ], [ -78.329754690253097, 44.3042168517512 ], [ -78.330144285650704, 44.304976530204797 ], [ -78.330377597544199, 44.305430228182303 ], [ -78.330495308372406, 44.305645000117302 ], [ -78.3307800400068, 44.306164528889902 ], [ -78.331083392427402, 44.306717997035499 ], [ -78.331447232185994, 44.307369323378801 ], [ -78.331765992840502, 44.307919800811099 ], [ -78.331490565664097, 44.3079302551103 ], [ -78.330373001991106, 44.307969562986102 ], [ -78.330113233213694, 44.307969692069904 ], [ -78.329429770566904, 44.307995574113598 ], [ -78.329235774009803, 44.307997906173597 ], [ -78.328205207462204, 44.308040103336801 ], [ -78.3280783570751, 44.308032157410103 ], [ -78.326979331404402, 44.308017874488897 ], [ -78.326948687458597, 44.307914676495301 ], [ -78.3269477910993, 44.307904046634199 ], [ -78.326920767627797, 44.307583105853801 ], [ -78.326893563269095, 44.307260079375197 ], [ -78.326865307256696, 44.3068757409456 ], [ -78.325738859886499, 44.306920110606498 ], [ -78.324600107856298, 44.306964951372599 ], [ -78.323471166015196, 44.307009402200897 ], [ -78.323456053274796, 44.306790775530402 ], [ -78.323384050619694, 44.305749155720498 ], [ -78.323293059057207, 44.3045189539679 ], [ -78.324413597884202, 44.304466464646602 ], [ -78.324444263075605, 44.304465026359203 ] ] ] } },
{ "type": "Feature", "properties": { "OBJECTID": 76, "WARDTYPE": "SUBWARD", "WARDNAME": "312", "WARD_ID": 217, "YEAR": 2010, "ACTIVE": "Yes", "Shape__Area": 196928.12890625, "Shape__Length": 2567.2694158886102 }, "geometry": { "type": "Polygon", "coordinates": [ [ [ -78.328467947020798, 44.301685760311202 ], [ -78.328027826243598, 44.300832286911103 ], [ -78.327715777821098, 44.300273349049696 ], [ -78.328542338018707, 44.299991942111497 ], [ -78.328603643107698, 44.299971060737001 ], [ -78.328658220612198, 44.3000203156381 ], [ -78.328679544204604, 44.3000494327135 ], [ -78.328809050605898, 44.300285030527697 ], [ -78.328958932530398, 44.300595648031397 ], [ -78.329704043289695, 44.300402235770797 ], [ -78.330231924791505, 44.301493073780797 ], [ -78.330574491672607, 44.301402202443697 ], [ -78.331005035883095, 44.3012881073589 ], [ -78.331569909695602, 44.301139839785101 ], [ -78.332196286648795, 44.3023469823572 ], [ -78.331728600685494, 44.302477084933997 ], [ -78.3320703346958, 44.303168787149403 ], [ -78.329553634703302, 44.303824798272402 ], [ -78.329754690253097, 44.3042168517512 ], [ -78.328961019498493, 44.304252756809298 ], [ -78.327826232414594, 44.3043001534189 ], [ -78.327800711046393, 44.303938411235499 ], [ -78.326653420873299, 44.303993573570899 ], [ -78.326680214356202, 44.3043580394244 ], [ -78.325553654356, 44.304411936832899 ], [ -78.324444263075605, 44.304465026359203 ], [ -78.324413597884202, 44.304466464646602 ], [ -78.324148554389495, 44.300605343541299 ], [ -78.325278397483601, 44.300555991414399 ], [ -78.325375763144507, 44.301813534553503 ], [ -78.326511371516403, 44.301768871537703 ], [ -78.327644484794604, 44.301724290038102 ], [ -78.328467947020798, 44.301685760311202 ] ] ] } },
{ "type": "Feature", "properties": { "OBJECTID": 77, "WARDTYPE": "SUBWARD", "WARDNAME": "315", "WARD_ID": 218, "YEAR": 2010, "ACTIVE": "Yes", "Shape__Area": 184810.00708007801, "Shape__Length": 2009.0826070737101 }, "geometry": { "type": "Polygon", "coordinates": [ [ [ -78.334921637377306, 44.298214874787099 ], [ -78.334918870835097, 44.298392193944501 ], [ -78.334921291621399, 44.298439850008002 ], [ -78.334927501826201, 44.298491966298201 ], [ -78.334940633675402, 44.298551792127 ], [ -78.334947315198093, 44.298578985296402 ], [ -78.335139393402997, 44.298990708044499 ], [ -78.335503863469597, 44.2997629442754 ], [ -78.335641426014405, 44.300066791587199 ], [ -78.336206759579497, 44.301274334917501 ], [ -78.336547049090996, 44.30200999038 ], [ -78.334208785960996, 44.302614092313902 ], [ -78.332645075825099, 44.303022887589499 ], [ -78.3320703346958, 44.303168787149403 ], [ -78.331728600685494, 44.302477084933997 ], [ -78.332196286648795, 44.3023469823572 ], [ -78.331569909695602, 44.301139839785101 ], [ -78.331005035883095, 44.3012881073589 ], [ -78.330574491672607, 44.301402202443697 ], [ -78.330231924791505, 44.301493073780797 ], [ -78.329704043289695, 44.300402235770797 ], [ -78.328958932530398, 44.300595648031397 ], [ -78.328809050605898, 44.300285030527697 ], [ -78.328679544204604, 44.3000494327135 ], [ -78.328658220612198, 44.3000203156381 ], [ -78.328603643107698, 44.299971060737001 ], [ -78.329232368735106, 44.299762028540201 ], [ -78.329861090026, 44.299552992762401 ], [ -78.330172505647795, 44.299452758434903 ], [ -78.3305039868184, 44.299355300826399 ], [ -78.331569526614601, 44.299079175045101 ], [ -78.334921637377306, 44.298214874787099 ] ] ] } },
{ "type": "Feature", "properties": { "OBJECTID": 78, "WARDTYPE": "SUBWARD", "WARDNAME": "314", "WARD_ID": 219, "YEAR": 2010, "ACTIVE": "Yes", "Shape__Area": 334411.45727539097, "Shape__Length": 2425.07937517963 }, "geometry": { "type": "Polygon", "coordinates": [ [ [ -78.336547049090996, 44.30200999038 ], [ -78.336735720276394, 44.3024099550626 ], [ -78.337289224380697, 44.303583297802803 ], [ -78.338233849744796, 44.305638407255401 ], [ -78.338756305685195, 44.306774989298397 ], [ -78.339068741907099, 44.3074546626044 ], [ -78.336328999644195, 44.308152056846602 ], [ -78.335231976857401, 44.308431275513897 ], [ -78.334549270929102, 44.307217934060297 ], [ -78.331964003210899, 44.307877704770398 ], [ -78.331765992840502, 44.307919800811099 ], [ -78.331447232185994, 44.307369323378801 ], [ -78.331083392427402, 44.306717997035499 ], [ -78.3307800400068, 44.306164528889902 ], [ -78.330495308372406, 44.305645000117302 ], [ -78.330377597544199, 44.305430228182303 ], [ -78.330144285650704, 44.304976530204797 ], [ -78.329754690253097, 44.3042168517512 ], [ -78.329553634703302, 44.303824798272402 ], [ -78.3320703346958, 44.303168787149403 ], [ -78.332645075825099, 44.303022887589499 ], [ -78.334208785960996, 44.302614092313902 ], [ -78.336547049090996, 44.30200999038 ] ] ] } },
{ "type": "Feature", "properties": { "OBJECTID": 79, "WARDTYPE": "SUBWARD", "WARDNAME": "313", "WARD_ID": 220, "YEAR": 2010, "ACTIVE": "Yes", "Shape__Area": 347728.64453125, "Shape__Length": 2564.4365179995202 }, "geometry": { "type": "Polygon", "coordinates": [ [ [ -78.340585886375194, 44.310754825373202 ], [ -78.339315213916706, 44.311046753750297 ], [ -78.337032951557802, 44.311571044289202 ], [ -78.334171154215596, 44.312245227356499 ], [ -78.3317903893861, 44.3128595193661 ], [ -78.331176503921299, 44.313017906019198 ], [ -78.330943173746107, 44.312624719101102 ], [ -78.330783578909703, 44.312333564805698 ], [ -78.330685057325894, 44.312130211063398 ], [ -78.330668605383593, 44.312089555142002 ], [ -78.330660372286602, 44.312047049587598 ], [ -78.330649882256694, 44.311964518950198 ], [ -78.3306400982501, 44.311866534459298 ], [ -78.330618791813905, 44.311752594081803 ], [ -78.330541191330994, 44.310511536953697 ], [ -78.330444333717594, 44.309261685430997 ], [ -78.330455098482304, 44.3090160678098 ], [ -78.330442269907905, 44.308852539380197 ], [ -78.3304362067082, 44.308775252802 ], [ -78.330373001991106, 44.307969562986102 ], [ -78.331490565664097, 44.3079302551103 ], [ -78.331765992840502, 44.307919800811099 ], [ -78.331964003210899, 44.307877704770398 ], [ -78.334549270929102, 44.307217934060297 ], [ -78.335231976857401, 44.308431275513897 ], [ -78.336328999644195, 44.308152056846602 ], [ -78.339064999003, 44.307455616074101 ], [ -78.339880442244095, 44.309195064559802 ], [ -78.340585886375194, 44.310754825373202 ] ] ] } },
{ "type": "Feature", "properties": { "OBJECTID": 80, "WARDTYPE": "SUBWARD", "WARDNAME": "310", "WARD_ID": 221, "YEAR": 2010, "ACTIVE": "Yes", "Shape__Area": 238926.78588867199, "Shape__Length": 2439.97649432855 }, "geometry": { "type": "Polygon", "coordinates": [ [ [ -78.330444333717594, 44.309261685430997 ], [ -78.329296280379495, 44.309306888488997 ], [ -78.328178481789905, 44.309350209755202 ], [ -78.328255010730501, 44.310587995348698 ], [ -78.326549320704103, 44.310641126104997 ], [ -78.325979269994093, 44.3106661324993 ], [ -78.324867381824006, 44.3107005029199 ], [ -78.323698288442799, 44.3107413788874 ], [ -78.320400203940693, 44.310854016522804 ], [ -78.320306575557197, 44.309605384859601 ], [ -78.320236194813106, 44.308379769606397 ], [ -78.3235702623479, 44.308252718716297 ], [ -78.323500572335107, 44.307378351157602 ], [ -78.323492134343695, 44.307272487728703 ], [ -78.323480310201106, 44.307124134623301 ], [ -78.323471166015196, 44.307009402200897 ], [ -78.324600107856298, 44.306964951372599 ], [ -78.325738859886499, 44.306920110606498 ], [ -78.326865307256696, 44.3068757409456 ], [ -78.326893563269095, 44.307260079375197 ], [ -78.326920767627797, 44.307583105853801 ], [ -78.3269477910993, 44.307904046634199 ], [ -78.326948687458597, 44.307914676495301 ], [ -78.326979331404402, 44.308017874488897 ], [ -78.3280783570751, 44.308032157410103 ], [ -78.328205207462204, 44.308040103336801 ], [ -78.329235774009803, 44.307997906173597 ], [ -78.329429770566904, 44.307995574113598 ], [ -78.330113233213694, 44.307969692069904 ], [ -78.330373001991106, 44.307969562986102 ], [ -78.3304362067082, 44.308775252802 ], [ -78.330442269907905, 44.308852539380197 ], [ -78.330455098482304, 44.3090160678098 ], [ -78.330444333717594, 44.309261685430997 ] ] ] } },
{ "type": "Feature", "properties": { "OBJECTID": 81, "WARDTYPE": "SUBWARD", "WARDNAME": "307", "WARD_ID": 223, "YEAR": 2010, "ACTIVE": "Yes", "Shape__Area": 211844.13427734401, "Shape__Length": 3015.36420899631 }, "geometry": { "type": "Polygon", "coordinates": [ [ [ -78.314782971493301, 44.309287288777099 ], [ -78.314966820199501, 44.309612911641601 ], [ -78.315736523816597, 44.309597686259501 ], [ -78.315849333197804, 44.309597005292297 ], [ -78.315855282998498, 44.3097136905768 ], [ -78.315858179116603, 44.309722325715597 ], [ -78.315866044067306, 44.309731427003001 ], [ -78.315881941570794, 44.309746064818697 ], [ -78.315884345587904, 44.309747126057601 ], [ -78.315904668574703, 44.309756109761103 ], [ -78.315932954197507, 44.309763915876097 ], [ -78.315954062605201, 44.3097657950468 ], [ -78.316925483989607, 44.309736139550999 ], [ -78.317113654638405, 44.309728624761703 ], [ -78.317178587352302, 44.309724194676797 ], [ -78.317246814946401, 44.309715585483097 ], [ -78.318058831900103, 44.309693765755199 ], [ -78.3188895327648, 44.309661971890698 ], [ -78.319038925955098, 44.309654781882401 ], [ -78.319182710819206, 44.309643437524699 ], [ -78.320306575557197, 44.309605384859601 ], [ -78.320400203940693, 44.310854016522804 ], [ -78.320487596926, 44.312098219811297 ], [ -78.320519116490004, 44.312553840805201 ], [ -78.320539226719205, 44.312844558521803 ], [ -78.320573134231196, 44.313334654890298 ], [ -78.320644305886205, 44.314580857200902 ], [ -78.320718991567105, 44.315699586969302 ], [ -78.319599696148501, 44.315970814390901 ], [ -78.318512715293295, 44.316257370801303 ], [ -78.318263113086402, 44.316323172555997 ], [ -78.316105417968402, 44.316889970763398 ], [ -78.3161159441715, 44.3168361053594 ], [ -78.316129034189501, 44.316807293705097 ], [ -78.316148272517196, 44.316787081105197 ], [ -78.316150226372997, 44.316761510584598 ], [ -78.316154867237202, 44.316699876956001 ], [ -78.316161722024304, 44.316664343074301 ], [ -78.316184473305498, 44.316624486211801 ], [ -78.316217423136706, 44.316590505760999 ], [ -78.316243283047697, 44.316568569052698 ], [ -78.316295686286296, 44.3165096833741 ], [ -78.316408166050394, 44.316453149081603 ], [ -78.316451656637298, 44.316417537499397 ], [ -78.316477987123406, 44.316385279329097 ], [ -78.316578714847907, 44.316327502584997 ], [ -78.316632805618099, 44.316299625025501 ], [ -78.316684776130799, 44.316268966159399 ], [ -78.316729360197897, 44.316238076016603 ], [ -78.316784077255406, 44.316185820119699 ], [ -78.3167972242167, 44.316176426884198 ], [ -78.316805715386806, 44.3161703596598 ], [ -78.316817580832307, 44.316164595921101 ], [ -78.316830360653896, 44.316158386431503 ], [ -78.3168948409959, 44.316125673608703 ], [ -78.316934296245094, 44.316103886158601 ], [ -78.316962788953006, 44.316087475847702 ], [ -78.316974050931506, 44.316079903657197 ], [ -78.316992258244895, 44.316067660231802 ], [ -78.317041104869901, 44.316029355550299 ], [ -78.317067670397705, 44.316020586474899 ], [ -78.317120267614897, 44.315986127667799 ], [ -78.317160887848004, 44.315956084077499 ], [ -78.317172198838094, 44.3159375629576 ], [ -78.317188313041399, 44.315923509364701 ], [ -78.317276521231307, 44.315836995315898 ], [ -78.317300979189199, 44.315806600628498 ], [ -78.317358363120903, 44.315770528378899 ], [ -78.317368824590602, 44.315757134153898 ], [ -78.317375079564997, 44.3157347373348 ], [ -78.317368092790204, 44.315715786166002 ], [ -78.317369333406702, 44.315688574759001 ], [ -78.317380602765098, 44.315670991627499 ], [ -78.317402112176197, 44.315658346793199 ], [ -78.317437441308897, 44.315658237183001 ], [ -78.317479092450199, 44.315662973776199 ], [ -78.317505017324606, 44.315668279768502 ], [ -78.317515174768005, 44.315669474566597 ], [ -78.317546077624996, 44.315645269437198 ], [ -78.317575873648195, 44.315607797923597 ], [ -78.3175974577576, 44.315563366947202 ], [ -78.317600812837696, 44.315550173015097 ], [ -78.317608415000606, 44.315520281529899 ], [ -78.317615508334498, 44.315498360837999 ], [ -78.317623825204507, 44.315472870492997 ], [ -78.317636248112606, 44.3154299527557 ], [ -78.317658819719696, 44.315376152387799 ], [ -78.317670370958695, 44.315341517412399 ], [ -78.317685687764296, 44.315321211495402 ], [ -78.317720524212504, 44.315303243139098 ], [ -78.3177593621851, 44.315296985968601 ], [ -78.3177829435663, 44.315268398138301 ], [ -78.317852482534093, 44.315107262159501 ], [ -78.317983871301394, 44.314975668018398 ], [ -78.3180926135325, 44.314922765971197 ], [ -78.318270806419505, 44.314842686649001 ], [ -78.318285046229093, 44.3148163730094 ], [ -78.318321480610393, 44.314809306546103 ], [ -78.318518651661194, 44.314699211835702 ], [ -78.318562241421205, 44.314672592828302 ], [ -78.318610342695905, 44.314639369121601 ], [ -78.3186634508792, 44.314593649233302 ], [ -78.318712245610897, 44.3145689520871 ], [ -78.318729070997904, 44.314560435474398 ], [ -78.318777006713901, 44.314524979623201 ], [ -78.318801863218894, 44.314507300472101 ], [ -78.3188143138063, 44.314498562250002 ], [ -78.318865752988401, 44.314489438018299 ], [ -78.318894352059203, 44.314464747172899 ], [ -78.3189217729483, 44.314437210781399 ], [ -78.318933296805696, 44.314413998638997 ], [ -78.318961316216004, 44.3143733250553 ], [ -78.318976899409904, 44.314359953746802 ], [ -78.319004777567898, 44.314337130219599 ], [ -78.319011091525098, 44.314332080320199 ], [ -78.319014337077505, 44.3143294827278 ], [ -78.319028389474397, 44.314308207940698 ], [ -78.319027809861097, 44.314292225220797 ], [ -78.319042350171301, 44.314231509069302 ], [ -78.319061331396298, 44.314216925661498 ], [ -78.319067669797306, 44.314192651825898 ], [ -78.319076824853994, 44.314170928007101 ], [ -78.319113261345393, 44.314098742529602 ], [ -78.319149638653201, 44.313972891959097 ], [ -78.3191450278415, 44.313930513879697 ], [ -78.319144921632201, 44.313825535524998 ], [ -78.319145338073994, 44.313783147675899 ], [ -78.319145943113199, 44.3137748487311 ], [ -78.319147087288101, 44.313765889941699 ], [ -78.319148225861298, 44.313756971533202 ], [ -78.319149319032405, 44.3137484166704 ], [ -78.319150165247393, 44.313741787101101 ], [ -78.3191513374274, 44.313732626407102 ], [ -78.319152632168695, 44.313722481888298 ], [ -78.319153949929301, 44.313712162356197 ], [ -78.319155275321606, 44.313701785385597 ], [ -78.319157076424901, 44.313693296664297 ], [ -78.319160032670496, 44.313684222884497 ], [ -78.319163571496304, 44.313676012648202 ], [ -78.319163494933093, 44.313644225681202 ], [ -78.319162544551006, 44.313609903718699 ], [ -78.319161980287205, 44.313589564919397 ], [ -78.319163201579599, 44.313577344437803 ], [ -78.319165050811804, 44.313568514741497 ], [ -78.3191661267971, 44.313561768130597 ], [ -78.319167761856903, 44.313551501964199 ], [ -78.319168827745102, 44.313544811833601 ], [ -78.319170081489503, 44.313536943151298 ], [ -78.3191717933326, 44.313526202541802 ], [ -78.319173473943593, 44.313515652057397 ], [ -78.319174762529201, 44.313507569027102 ], [ -78.319173652812495, 44.313491056197101 ], [ -78.319172944562794, 44.313480510827098 ], [ -78.319170085098307, 44.313437947007998 ], [ -78.319163071533197, 44.313400723297299 ], [ -78.319162418455605, 44.3133922696654 ], [ -78.319161449775606, 44.313379706960603 ], [ -78.319159920337299, 44.313361976101199 ], [ -78.319158548759304, 44.313346559959598 ], [ -78.319155167961597, 44.313339769895599 ], [ -78.319151223024093, 44.313325931819598 ], [ -78.319146669400993, 44.313309959296198 ], [ -78.319141717539594, 44.3132984346896 ], [ -78.319139519227605, 44.313286578631299 ], [ -78.319137813428597, 44.313275911702 ], [ -78.319131277019693, 44.313263168717 ], [ -78.319124735767303, 44.313250422016701 ], [ -78.319116538185597, 44.313238032536702 ], [ -78.3191084705701, 44.3132197078831 ], [ -78.319106264773495, 44.313210190567197 ], [ -78.319104051510095, 44.313199571137098 ], [ -78.319103202090105, 44.3131956475873 ], [ -78.319099512486801, 44.313100491706301 ], [ -78.319092816836104, 44.3130052652225 ], [ -78.319076480296403, 44.312923496512198 ], [ -78.319071361629099, 44.312906937237699 ], [ -78.319066168377205, 44.3128887124996 ], [ -78.319064202809102, 44.3128717483334 ], [ -78.319063660682403, 44.312859538650599 ], [ -78.319062125180807, 44.312846675442898 ], [ -78.319052641165797, 44.312799334006698 ], [ -78.319047594316302, 44.3127671350084 ], [ -78.3190424704067, 44.312706958998398 ], [ -78.319000455252393, 44.312681550373703 ], [ -78.318936802674799, 44.312671601728098 ], [ -78.318850850474604, 44.312669107514502 ], [ -78.318730189935806, 44.3126695665119 ], [ -78.318663131383104, 44.312648265342197 ], [ -78.318604555000107, 44.312613072253598 ], [ -78.318536530988695, 44.312584233719498 ], [ -78.318470736275899, 44.3125639002143 ], [ -78.318434058582795, 44.3125649183552 ], [ -78.318306138588795, 44.3125872757482 ], [ -78.318259200781696, 44.3126124745963 ], [ -78.318186126748301, 44.312637059371099 ], [ -78.318030753401302, 44.312648548806301 ], [ -78.317998126642607, 44.312650974590397 ], [ -78.317955092695797, 44.312654174946502 ], [ -78.317879601083703, 44.3126645638729 ], [ -78.317832655725397, 44.3126710240061 ], [ -78.317784582338405, 44.312692439119701 ], [ -78.317725473706602, 44.312697624891598 ], [ -78.317690445532094, 44.312690455725402 ], [ -78.317658353636006, 44.312665852366898 ], [ -78.317632747355802, 44.312658316707797 ], [ -78.317598440775896, 44.312648218764501 ], [ -78.317536737749407, 44.312593472363901 ], [ -78.317518042190002, 44.312563503934797 ], [ -78.317516842284803, 44.312525682116501 ], [ -78.317432846515203, 44.312452028117498 ], [ -78.317278584731895, 44.312329429314097 ], [ -78.317256549093301, 44.312314643834 ], [ -78.317212016496399, 44.312301353427898 ], [ -78.317163772355201, 44.312281493777398 ], [ -78.317036790783902, 44.3122064870578 ], [ -78.317006056736105, 44.312198562449304 ], [ -78.316916529573405, 44.312138120156 ], [ -78.316876103602198, 44.312122765482798 ], [ -78.316856286413397, 44.312106077570803 ], [ -78.316831926244802, 44.312095171577397 ], [ -78.316803602952305, 44.312085112308502 ], [ -78.316705629822906, 44.312024570343297 ], [ -78.316602844315597, 44.311978059412397 ], [ -78.316551358623897, 44.311948209450101 ], [ -78.316497186882202, 44.3119194126606 ], [ -78.316438182556197, 44.311893537966 ], [ -78.316377716964993, 44.311877711986902 ], [ -78.316320519869805, 44.311856201048798 ], [ -78.316280684832506, 44.311827896070703 ], [ -78.316182020999307, 44.311801847728503 ], [ -78.316063234335203, 44.311801176703 ], [ -78.316011246671096, 44.311819400281401 ], [ -78.315977506991103, 44.311811404722398 ], [ -78.315976749917795, 44.311784018504099 ], [ -78.315940857444801, 44.311757246554897 ], [ -78.315897393207806, 44.311742540313602 ], [ -78.315865574438106, 44.311714422788498 ], [ -78.315875460775899, 44.311673603538203 ], [ -78.315881619245999, 44.311648540600103 ], [ -78.315883358415405, 44.311610409756199 ], [ -78.315855737687002, 44.311446269976599 ], [ -78.315862256058793, 44.311369359551698 ], [ -78.315832505808402, 44.311339851114298 ], [ -78.315783489403103, 44.311314931167701 ], [ -78.315766289344197, 44.311274194291798 ], [ -78.315784090894297, 44.3111917874282 ], [ -78.315774841100605, 44.311152677950403 ], [ -78.315775151728602, 44.311123876392799 ], [ -78.315738568401002, 44.311068279269897 ], [ -78.315702381116694, 44.311047982304899 ], [ -78.315669560821803, 44.311019841170904 ], [ -78.315620150904095, 44.311003555458399 ], [ -78.315556319521306, 44.310995572327002 ], [ -78.315490928261795, 44.310999796241099 ], [ -78.315433126185795, 44.311013561485098 ], [ -78.315267421059204, 44.310995980003703 ], [ -78.315212624880701, 44.311009815834701 ], [ -78.315173663428396, 44.311028345416197 ], [ -78.315123123920202, 44.311102779934799 ], [ -78.3151066796121, 44.311187599851998 ], [ -78.315053129583205, 44.311266620658202 ], [ -78.314960297658899, 44.3113238904212 ], [ -78.314951043846193, 44.311327420598403 ], [ -78.314944683781107, 44.311491328450003 ], [ -78.314922816871302, 44.311490891498899 ], [ -78.314921990102704, 44.3115978825615 ], [ -78.314913810051706, 44.311601291248699 ], [ -78.314480058415597, 44.311565926277098 ], [ -78.314359758445704, 44.311565209770798 ], [ -78.314216235954703, 44.311558703518102 ], [ -78.314161660183402, 44.311554066745501 ], [ -78.314212206868405, 44.311220852738501 ], [ -78.314218481206595, 44.311176094556998 ], [ -78.314195004843796, 44.311042077020602 ], [ -78.314191285101302, 44.3110208329892 ], [ -78.314180765134296, 44.310984303398698 ], [ -78.314157928675797, 44.310905004436002 ], [ -78.314151239076907, 44.310881965592202 ], [ -78.314146570851904, 44.310866174725703 ], [ -78.314135734468806, 44.3108295188486 ], [ -78.314137926431201, 44.310758029016803 ], [ -78.314131259629505, 44.310723721941102 ], [ -78.314090605299697, 44.310561267351602 ], [ -78.314082901731297, 44.310527068217397 ], [ -78.314072531701697, 44.3104756083479 ], [ -78.314058234124104, 44.3104079816137 ], [ -78.314013811000606, 44.310206852434803 ], [ -78.313983839077395, 44.310080644941102 ], [ -78.3139132098418, 44.309805284292302 ], [ -78.313892473114507, 44.309724443885699 ], [ -78.313868906725503, 44.3096315695025 ], [ -78.313856144490401, 44.309568578381501 ], [ -78.313845896333802, 44.309517999123202 ], [ -78.313829526097393, 44.309439424822301 ], [ -78.313813981468201, 44.309366606513002 ], [ -78.313805437237505, 44.3093265762828 ], [ -78.313890003633503, 44.3093231979867 ], [ -78.314140771505606, 44.3093131711029 ], [ -78.314221577322897, 44.309309939947198 ], [ -78.314225242566494, 44.309309793015601 ], [ -78.314344181579401, 44.3093050363629 ], [ -78.314379405638604, 44.3093036288248 ], [ -78.314495240831704, 44.309298997049197 ], [ -78.314543775545701, 44.309297056356101 ], [ -78.314610606408706, 44.309294325299 ], [ -78.314782971493301, 44.309287288777099 ] ] ] } },
{ "type": "Feature", "properties": { "OBJECTID": 82, "WARDTYPE": "SUBWARD", "WARDNAME": "308", "WARD_ID": 224, "YEAR": 2010, "ACTIVE": "Yes", "Shape__Area": 147619.486572266, "Shape__Length": 1695.0335216159499 }, "geometry": { "type": "Polygon", "coordinates": [ [ [ -78.320400203940693, 44.310854016522804 ], [ -78.321838492517898, 44.310805417540998 ], [ -78.322788084162298, 44.310769398532301 ], [ -78.323698288442799, 44.3107413788874 ], [ -78.323813012302395, 44.311989605568201 ], [ -78.323893520484205, 44.313233723947398 ], [ -78.325003372841806, 44.3132005217592 ], [ -78.325107911812395, 44.314595645694098 ], [ -78.323989054590498, 44.314877090703803 ], [ -78.323986193054907, 44.3148778104608 ], [ -78.321958943124997, 44.3153877248131 ], [ -78.320718991567105, 44.315699586969302 ], [ -78.320644305886205, 44.314580857200902 ], [ -78.320573134231196, 44.313334654890298 ], [ -78.320539226719205, 44.312844558521803 ], [ -78.320519116490004, 44.312553840805201 ], [ -78.320487596926, 44.312098219811297 ], [ -78.320400203940693, 44.310854016522804 ] ] ] } },
{ "type": "Feature", "properties": { "OBJECTID": 83, "WARDTYPE": "SUBWARD", "WARDNAME": "220", "WARD_ID": 181, "YEAR": 2010, "ACTIVE": "Yes", "Shape__Area": 288096.33374023403, "Shape__Length": 3466.16479509279 }, "geometry": { "type": "Polygon", "coordinates": [ [ [ -78.380357844569303, 44.277032130491001 ], [ -78.380583621134306, 44.277552754638101 ], [ -78.3817844984993, 44.280321740799799 ], [ -78.3754734180431, 44.281734201170799 ], [ -78.3782273186943, 44.288130559742903 ], [ -78.377876782857797, 44.288210033653598 ], [ -78.377171064123402, 44.288352698815501 ], [ -78.377137647169405, 44.288018264386899 ], [ -78.377098530602595, 44.287811826960798 ], [ -78.377030428459804, 44.287588705695399 ], [ -78.376551659713101, 44.286476198064598 ], [ -78.375034238819694, 44.282958046987098 ], [ -78.374459227046202, 44.281576347243401 ], [ -78.373242325575106, 44.278702583267702 ], [ -78.374271470224798, 44.278469251213302 ], [ -78.374852905970897, 44.278327840120298 ], [ -78.374936337016095, 44.278296044966801 ], [ -78.375043468069606, 44.278243299601499 ], [ -78.375310628783595, 44.278095782509901 ], [ -78.375504727215002, 44.277986283877702 ], [ -78.375637858172098, 44.277920566658402 ], [ -78.375821692683402, 44.277855010163798 ], [ -78.376022293473099, 44.2778005953421 ], [ -78.377165666404494, 44.2775368475913 ], [ -78.377326138020507, 44.277482570770601 ], [ -78.377625764458202, 44.277458272124797 ], [ -78.378078580886296, 44.277429115100098 ], [ -78.378264106499998, 44.277407127549402 ], [ -78.378390320534905, 44.277401689597298 ], [ -78.378669467643206, 44.277391649202301 ], [ -78.378884126128199, 44.277375609779 ], [ -78.378925418996999, 44.277371314667597 ], [ -78.378965752457106, 44.277364811627102 ], [ -78.379055218393603, 44.277346796693699 ], [ -78.379645515820101, 44.277207023024403 ], [ -78.380336232389993, 44.277037965309198 ], [ -78.380357844569303, 44.277032130491001 ] ] ] } },
{ "type": "Feature", "properties": { "OBJECTID": 84, "WARDTYPE": "SUBWARD", "WARDNAME": "218", "WARD_ID": 182, "YEAR": 2010, "ACTIVE": "Yes", "Shape__Area": 313608.33105468802, "Shape__Length": 3268.36449002275 }, "geometry": { "type": "Polygon", "coordinates": [ [ [ -78.373242325575106, 44.278702583267702 ], [ -78.373089165143, 44.278763014845303 ], [ -78.372751724114096, 44.278837707710402 ], [ -78.372348190916796, 44.278930403552799 ], [ -78.371418408918501, 44.279129260355603 ], [ -78.371305380701301, 44.278836817235401 ], [ -78.371299679648004, 44.278805849493601 ], [ -78.371294764255296, 44.2787827755104 ], [ -78.371299970744303, 44.278763373690403 ], [ -78.371468047398906, 44.278382456283502 ], [ -78.371508099780598, 44.278334648073198 ], [ -78.371575999544405, 44.278292389389101 ], [ -78.371618419356693, 44.278268251849497 ], [ -78.371731070936406, 44.278231600513003 ], [ -78.371956213376606, 44.278182569010802 ], [ -78.371994387823506, 44.278161455771397 ], [ -78.372013234876803, 44.278136055168503 ], [ -78.372025149077999, 44.278111791363798 ], [ -78.372031306453906, 44.278076008259397 ], [ -78.371994399473095, 44.277965205346703 ], [ -78.371692679310698, 44.277260435709998 ], [ -78.3713198372036, 44.277348281643903 ], [ -78.371173264861497, 44.277394104943603 ], [ -78.371094364556797, 44.277422861503403 ], [ -78.371040718464499, 44.277448658810002 ], [ -78.371010810001493, 44.277462461851101 ], [ -78.370957935065903, 44.2774899595059 ], [ -78.3708884428342, 44.277532645695899 ], [ -78.370758874272695, 44.2776214362244 ], [ -78.3706420134084, 44.277726029369802 ], [ -78.3705437418119, 44.277837507412997 ], [ -78.370438377898296, 44.277993108670699 ], [ -78.3699606074711, 44.279153797415397 ], [ -78.369940164354503, 44.279203021972698 ], [ -78.369939207537698, 44.279219403064197 ], [ -78.369942369955794, 44.279250967787 ], [ -78.369950075134994, 44.279279133276603 ], [ -78.370025581403993, 44.279439333314798 ], [ -78.368903446301502, 44.279693491269697 ], [ -78.369063051564396, 44.280042730461702 ], [ -78.369129314643601, 44.280201882580101 ], [ -78.369152777920903, 44.280288339024899 ], [ -78.369160976875705, 44.280355393710799 ], [ -78.369168087207598, 44.2804411023521 ], [ -78.369172113149602, 44.280555134792898 ], [ -78.369144843358995, 44.280740929449102 ], [ -78.369107580371505, 44.280841698047702 ], [ -78.369053934041006, 44.2809450851734 ], [ -78.368932602111499, 44.281163487896997 ], [ -78.368873386374602, 44.281237235332597 ], [ -78.368800704958204, 44.281309552404601 ], [ -78.368719350088796, 44.281383916604398 ], [ -78.3686260927755, 44.281453386132299 ], [ -78.368142535585307, 44.281779710778899 ], [ -78.368035053554294, 44.281874023728598 ], [ -78.367841095049101, 44.282087603325103 ], [ -78.367842039855404, 44.282089681353703 ], [ -78.367824501000996, 44.282121409783798 ], [ -78.367823262719497, 44.282160791954098 ], [ -78.3678384309964, 44.282194012788601 ], [ -78.367869958130896, 44.282227974539303 ], [ -78.368294056100794, 44.282524265409698 ], [ -78.367962802893402, 44.282718903337802 ], [ -78.367872395558194, 44.282762776323402 ], [ -78.3677011384503, 44.282837544346002 ], [ -78.367513582409103, 44.282896418988003 ], [ -78.367327785472199, 44.282931065905103 ], [ -78.367141530882293, 44.282942860023901 ], [ -78.367016694638295, 44.282946455498099 ], [ -78.366862597597802, 44.282934474425602 ], [ -78.366696496129904, 44.282904631926797 ], [ -78.366538009870396, 44.282859191937298 ], [ -78.366322068581894, 44.282772100755302 ], [ -78.366134433202205, 44.282678784128102 ], [ -78.365991974622602, 44.282631426474701 ], [ -78.365920957186006, 44.282602170724999 ], [ -78.365799172304307, 44.282538886750402 ], [ -78.365666906277696, 44.2824596742648 ], [ -78.365167741415505, 44.282138021197603 ], [ -78.364684997977406, 44.282498488568798 ], [ -78.364252187786605, 44.282803475532297 ], [ -78.364195768387006, 44.2828400998579 ], [ -78.364117393944795, 44.282874899181898 ], [ -78.364068469561502, 44.282888760943599 ], [ -78.364002898150403, 44.282908878747598 ], [ -78.363925736965797, 44.282925970413501 ], [ -78.363859255077102, 44.282936970666697 ], [ -78.363798529351797, 44.282945363356397 ], [ -78.3636353442391, 44.282958145448497 ], [ -78.363208514040494, 44.282974333849403 ], [ -78.363196472535293, 44.282872543581703 ], [ -78.363199131950694, 44.282771579041501 ], [ -78.363209729435297, 44.2826524105148 ], [ -78.3632201667141, 44.282555971289298 ], [ -78.363266849489605, 44.282343330901099 ], [ -78.363349750667098, 44.282070519484101 ], [ -78.363560018845106, 44.281714755663003 ], [ -78.363694578542905, 44.281542549740301 ], [ -78.363832190567194, 44.281384674602002 ], [ -78.364106119886102, 44.281118621869801 ], [ -78.364303589344701, 44.280897408863297 ], [ -78.364507306603599, 44.280618829761998 ], [ -78.364609885867694, 44.280445596282398 ], [ -78.364691867326698, 44.280291192828699 ], [ -78.3647412383595, 44.280188623744102 ], [ -78.364803437061894, 44.280052759451898 ], [ -78.364861288175106, 44.279914907770902 ], [ -78.3648933787928, 44.279813599824301 ], [ -78.364941963859195, 44.279598243208099 ], [ -78.365095054838207, 44.278946350245498 ], [ -78.365266963041194, 44.278160641288899 ], [ -78.365281922307503, 44.278046261829097 ], [ -78.365274728993697, 44.277951861487303 ], [ -78.365263375105997, 44.277891262531703 ], [ -78.365245326679002, 44.277848075360403 ], [ -78.365011364818699, 44.277317828630501 ], [ -78.364955592428302, 44.277218510406499 ], [ -78.365493279402799, 44.277090981010701 ], [ -78.366933273158097, 44.276749423222398 ], [ -78.370296747842204, 44.275951539652297 ], [ -78.371896293721605, 44.275572052748203 ], [ -78.372868358921494, 44.277832864744397 ], [ -78.373242325575106, 44.278702583267702 ] ] ] } },
{ "type": "Feature", "properties": { "OBJECTID": 85, "WARDTYPE": "SUBWARD", "WARDNAME": "217", "WARD_ID": 183, "YEAR": 2010, "ACTIVE": "Yes", "Shape__Area": 386106.25317382801, "Shape__Length": 3188.6785035661901 }, "geometry": { "type": "Polygon", "coordinates": [ [ [ -78.364955592428302, 44.277218510406499 ], [ -78.365184878811405, 44.277711078771198 ], [ -78.365245326679002, 44.277848075360403 ], [ -78.365263375105997, 44.277891262531703 ], [ -78.365274728993697, 44.277951861487303 ], [ -78.365281922307503, 44.278046261829097 ], [ -78.365266963041194, 44.278160641288899 ], [ -78.365095054838207, 44.278946350245498 ], [ -78.364941963859195, 44.279598243208099 ], [ -78.3648933787928, 44.279813599824301 ], [ -78.364861288175106, 44.279914907770902 ], [ -78.364803437061894, 44.280052759451898 ], [ -78.3647412383595, 44.280188623744102 ], [ -78.364691867326698, 44.280291192828699 ], [ -78.364609885867694, 44.280445596282398 ], [ -78.364507306603599, 44.280618829761998 ], [ -78.364303589344701, 44.280897408863297 ], [ -78.364106119886102, 44.281118621869801 ], [ -78.363832190567194, 44.281384674602002 ], [ -78.363694578542905, 44.281542549740301 ], [ -78.363560018845106, 44.281714755663003 ], [ -78.363349750667098, 44.282070519484101 ], [ -78.363266849489605, 44.282343330901099 ], [ -78.3632201667141, 44.282555971289298 ], [ -78.363209729435297, 44.2826524105148 ], [ -78.363199131950694, 44.282771579041501 ], [ -78.363196472535293, 44.282872543581703 ], [ -78.363208514040494, 44.282974333849403 ], [ -78.363235652156206, 44.283136316326498 ], [ -78.363266903356006, 44.283275958790298 ], [ -78.363304220434898, 44.283386171615597 ], [ -78.363326246587803, 44.283448653037802 ], [ -78.363348370569796, 44.2834971058316 ], [ -78.363387768198095, 44.283590492711099 ], [ -78.363443653659402, 44.283698661293897 ], [ -78.363488961420799, 44.283783657178198 ], [ -78.363572125421697, 44.283901735830398 ], [ -78.3636685920075, 44.284020647407999 ], [ -78.3637464030394, 44.284119678392898 ], [ -78.363853093876997, 44.284225213681502 ], [ -78.363951128966903, 44.284311787127301 ], [ -78.364064704145406, 44.284411031578003 ], [ -78.364194879162, 44.284511030127597 ], [ -78.364347073664007, 44.284611436106402 ], [ -78.364646936791303, 44.284783128706302 ], [ -78.365255458796597, 44.285112893433798 ], [ -78.3655429859744, 44.285275033250599 ], [ -78.365715344460497, 44.285395345220103 ], [ -78.365835991106096, 44.285495643263801 ], [ -78.365078976395793, 44.285957183522498 ], [ -78.3650241055593, 44.286006508236397 ], [ -78.364982031942404, 44.286060483887603 ], [ -78.364958446627696, 44.286108187311598 ], [ -78.364939642614502, 44.286160512409097 ], [ -78.364926404560507, 44.2862191941311 ], [ -78.3649211027397, 44.286289408892998 ], [ -78.364928681084507, 44.286352758344698 ], [ -78.364939249730696, 44.286390727681997 ], [ -78.364963665717298, 44.286449856368499 ], [ -78.364976353951903, 44.286466332708002 ], [ -78.364990321624404, 44.286481916692203 ], [ -78.365032900582605, 44.286515632864997 ], [ -78.364451659010498, 44.286678443652399 ], [ -78.364057049186002, 44.286684359655702 ], [ -78.364061266977401, 44.286659900990202 ], [ -78.364060301505603, 44.286632520960701 ], [ -78.364048449449996, 44.286611479598399 ], [ -78.363379470491594, 44.285744720559698 ], [ -78.361901307385494, 44.287046405827603 ], [ -78.361491589510706, 44.287194349495003 ], [ -78.361383253942904, 44.287240214747897 ], [ -78.361319194375895, 44.2870920845561 ], [ -78.361119136871693, 44.286637536500301 ], [ -78.360983090951606, 44.286328436355703 ], [ -78.360856487747697, 44.286040782973402 ], [ -78.360769110927606, 44.285842245902003 ], [ -78.360700056954499, 44.285685343663197 ], [ -78.360631003492799, 44.285528437790298 ], [ -78.360561945212297, 44.285371535362302 ], [ -78.360492892289997, 44.285214633013403 ], [ -78.360423839879203, 44.285057727030399 ], [ -78.360354783901499, 44.284900824521301 ], [ -78.360285730778003, 44.2847439220333 ], [ -78.360216679418002, 44.284587015940197 ], [ -78.360147628247006, 44.284430113407801 ], [ -78.360079919306401, 44.2842762668161 ], [ -78.360014322152196, 44.2841272081005 ], [ -78.359981478250802, 44.284052574146898 ], [ -78.359948629340394, 44.283977941868002 ], [ -78.359828942307601, 44.2837059752665 ], [ -78.359801230810902, 44.2836430024674 ], [ -78.359760953332497, 44.2835514773938 ], [ -78.359714915820305, 44.283446873034002 ], [ -78.359591777625397, 44.2831670623167 ], [ -78.359476697924904, 44.282905555124003 ], [ -78.359376537410199, 44.282669435151199 ], [ -78.359242995982399, 44.2823546145124 ], [ -78.3591573042481, 44.282152600401197 ], [ -78.359087190425001, 44.281987317985397 ], [ -78.358998169204597, 44.281777437483001 ], [ -78.358920266393199, 44.281593789067202 ], [ -78.358842365295104, 44.281410140633803 ], [ -78.358775599707798, 44.281252728316602 ], [ -78.3587088294518, 44.281095315849299 ], [ -78.358642059373494, 44.280937906945098 ], [ -78.358576346060303, 44.280782985622103 ], [ -78.358463254149598, 44.280516355711498 ], [ -78.358334046654306, 44.2802117353745 ], [ -78.357845225511099, 44.279092596827098 ], [ -78.357787704007805, 44.278961317860798 ], [ -78.3597058994864, 44.278494107021899 ], [ -78.364955592428302, 44.277218510406499 ] ] ] } },
{ "type": "Feature", "properties": { "OBJECTID": 86, "WARDTYPE": "SUBWARD", "WARDNAME": "219", "WARD_ID": 184, "YEAR": 2010, "ACTIVE": "Yes", "Shape__Area": 202149.22167968799, "Shape__Length": 2380.043194801 }, "geometry": { "type": "Polygon", "coordinates": [ [ [ -78.373242325575106, 44.278702583267702 ], [ -78.373552078900801, 44.279434105343398 ], [ -78.374459227046202, 44.281576347243401 ], [ -78.375034238819694, 44.282958046987098 ], [ -78.373837271210505, 44.283219931457097 ], [ -78.373702414694094, 44.283273996778398 ], [ -78.373546861524005, 44.283375016175398 ], [ -78.373463956284994, 44.2834556905554 ], [ -78.372486304292494, 44.2831864010072 ], [ -78.372545324238004, 44.283077173414 ], [ -78.372549479017707, 44.2830434760792 ], [ -78.372537879585707, 44.283006826918999 ], [ -78.372520069895501, 44.2829753320705 ], [ -78.372490862589302, 44.282952678521099 ], [ -78.372455439864595, 44.282935182756198 ], [ -78.372408117768501, 44.282925414780003 ], [ -78.372353566724698, 44.282918577351502 ], [ -78.372296339355003, 44.282921617397498 ], [ -78.370736883185103, 44.283268833000299 ], [ -78.370647088509998, 44.283279689170399 ], [ -78.370597112949596, 44.2832708568355 ], [ -78.370556658700906, 44.283257717182799 ], [ -78.370529163830597, 44.283241523384604 ], [ -78.370513779102495, 44.283220412111802 ], [ -78.370494188471696, 44.283183804639897 ], [ -78.370217727339806, 44.282506769530599 ], [ -78.370110459251904, 44.2822806872719 ], [ -78.370065328951696, 44.282194444888198 ], [ -78.370006390609802, 44.282109389629397 ], [ -78.369790245438907, 44.281837061974102 ], [ -78.369237259506903, 44.282062119538402 ], [ -78.368791276626794, 44.282256910241898 ], [ -78.368619656412903, 44.282343346133899 ], [ -78.368294056100794, 44.282524265409698 ], [ -78.367869958130896, 44.282227974539303 ], [ -78.3678384309964, 44.282194012788601 ], [ -78.367823262719497, 44.282160791954098 ], [ -78.367824501000996, 44.282121409783798 ], [ -78.367842039855404, 44.282089681353703 ], [ -78.367841095049101, 44.282087603325103 ], [ -78.368035053554294, 44.281874023728598 ], [ -78.368142535585307, 44.281779710778899 ], [ -78.3686260927755, 44.281453386132299 ], [ -78.368719350088796, 44.281383916604398 ], [ -78.368800704958204, 44.281309552404601 ], [ -78.368873386374602, 44.281237235332597 ], [ -78.368932602111499, 44.281163487896997 ], [ -78.369053934041006, 44.2809450851734 ], [ -78.369107580371505, 44.280841698047702 ], [ -78.369144843358995, 44.280740929449102 ], [ -78.369172113149602, 44.280555134792898 ], [ -78.369168087207598, 44.2804411023521 ], [ -78.369160976875705, 44.280355393710799 ], [ -78.369152777920903, 44.280288339024899 ], [ -78.369129314643601, 44.280201882580101 ], [ -78.369063051564396, 44.280042730461702 ], [ -78.368903446301502, 44.279693491269697 ], [ -78.370025581403993, 44.279439333314798 ], [ -78.369950075134994, 44.279279133276603 ], [ -78.369942369955794, 44.279250967787 ], [ -78.369939207537698, 44.279219403064197 ], [ -78.369940164354503, 44.279203021972698 ], [ -78.3699606074711, 44.279153797415397 ], [ -78.370438377898296, 44.277993108670699 ], [ -78.3705437418119, 44.277837507412997 ], [ -78.3706420134084, 44.277726029369802 ], [ -78.370758874272695, 44.2776214362244 ], [ -78.3708884428342, 44.277532645695899 ], [ -78.370957935065903, 44.2774899595059 ], [ -78.371010810001493, 44.277462461851101 ], [ -78.371040718464499, 44.277448658810002 ], [ -78.371094364556797, 44.277422861503403 ], [ -78.371173264861497, 44.277394104943603 ], [ -78.3713198372036, 44.277348281643903 ], [ -78.371692679310698, 44.277260435709998 ], [ -78.371994399473095, 44.277965205346703 ], [ -78.372031306453906, 44.278076008259397 ], [ -78.372025149077999, 44.278111791363798 ], [ -78.372013234876803, 44.278136055168503 ], [ -78.371994387823506, 44.278161455771397 ], [ -78.371956213376606, 44.278182569010802 ], [ -78.371731070936406, 44.278231600513003 ], [ -78.371618419356693, 44.278268251849497 ], [ -78.371575999544405, 44.278292389389101 ], [ -78.371508099780598, 44.278334648073198 ], [ -78.371468047398906, 44.278382456283502 ], [ -78.371299970744303, 44.278763373690403 ], [ -78.371294764255296, 44.2787827755104 ], [ -78.371299679648004, 44.278805849493601 ], [ -78.371305380701301, 44.278836817235401 ], [ -78.371418408918501, 44.279129260355603 ], [ -78.372348190916796, 44.278930403552799 ], [ -78.372751724114096, 44.278837707710402 ], [ -78.373089165143, 44.278763014845303 ], [ -78.373242325575106, 44.278702583267702 ] ] ] } },
{ "type": "Feature", "properties": { "OBJECTID": 87, "WARDTYPE": "SUBWARD", "WARDNAME": "216", "WARD_ID": 185, "YEAR": 2010, "ACTIVE": "Yes", "Shape__Area": 447281.16577148403, "Shape__Length": 3969.91032117238 }, "geometry": { "type": "Polygon", "coordinates": [ [ [ -78.373463956284994, 44.2834556905554 ], [ -78.373361293133698, 44.2835984059842 ], [ -78.373329126269795, 44.283707880975001 ], [ -78.373319187080796, 44.284013219480101 ], [ -78.373308027335895, 44.284172514155003 ], [ -78.3732632901866, 44.284389738131402 ], [ -78.373217301788202, 44.284545444077601 ], [ -78.373148505539405, 44.2847029658857 ], [ -78.373001541377107, 44.284956715013998 ], [ -78.372864652668099, 44.285150992772998 ], [ -78.372699051876594, 44.285333157957901 ], [ -78.372454250834494, 44.285559425042997 ], [ -78.372325779919905, 44.285680004419397 ], [ -78.372055015077294, 44.285834532754201 ], [ -78.371820810709906, 44.285953786518903 ], [ -78.371439153084793, 44.286113434187001 ], [ -78.371246308409695, 44.286181584887601 ], [ -78.370993206297996, 44.286247796531697 ], [ -78.370597779057306, 44.286324575677803 ], [ -78.369506432647896, 44.286486625787397 ], [ -78.368226305030802, 44.286675110050702 ], [ -78.367980303250803, 44.286706831379703 ], [ -78.367860109601196, 44.2867138307397 ], [ -78.367741699533596, 44.286712216700401 ], [ -78.367496040279207, 44.286694649999802 ], [ -78.367245746103094, 44.286662006000597 ], [ -78.366910092327203, 44.2871009294809 ], [ -78.365715771739801, 44.288185656847801 ], [ -78.365620061248606, 44.288292047151103 ], [ -78.365543211830101, 44.288395944947702 ], [ -78.365416590346797, 44.2886371175303 ], [ -78.365608522087797, 44.289188802474897 ], [ -78.365982037768205, 44.290175925969201 ], [ -78.366227679888397, 44.290805988733602 ], [ -78.363210762568102, 44.291470295045102 ], [ -78.363169635473099, 44.291370758048402 ], [ -78.363149277123597, 44.291323700076497 ], [ -78.363148150380198, 44.291321081241897 ], [ -78.362982721558197, 44.290938598282601 ], [ -78.362848992367006, 44.290629406398601 ], [ -78.3627143517528, 44.290318093835303 ], [ -78.362579707645295, 44.2900067774193 ], [ -78.362409792944703, 44.289613901517903 ], [ -78.362268201404603, 44.289286507219899 ], [ -78.362135674704106, 44.288980064671897 ], [ -78.361914794816897, 44.288469325776497 ], [ -78.3616024268742, 44.287747035986598 ], [ -78.361579777105405, 44.287694652707998 ], [ -78.361435009853693, 44.287359895224903 ], [ -78.361383253942904, 44.287240214747897 ], [ -78.361491589510706, 44.287194349495003 ], [ -78.361901307385494, 44.287046405827603 ], [ -78.363379470491594, 44.285744720559698 ], [ -78.364048449449996, 44.286611479598399 ], [ -78.364060301505603, 44.286632520960701 ], [ -78.364061266977401, 44.286659900990202 ], [ -78.364057049186002, 44.286684359655702 ], [ -78.364451659010498, 44.286678443652399 ], [ -78.365032900582605, 44.286515632864997 ], [ -78.364990321624404, 44.286481916692203 ], [ -78.364976353951903, 44.286466332708002 ], [ -78.364963665717298, 44.286449856368499 ], [ -78.364939249730696, 44.286390727681997 ], [ -78.364928681084507, 44.286352758344698 ], [ -78.3649211027397, 44.286289408892998 ], [ -78.364926404560507, 44.2862191941311 ], [ -78.364939642614502, 44.286160512409097 ], [ -78.364958446627696, 44.286108187311598 ], [ -78.364982031942404, 44.286060483887603 ], [ -78.3650241055593, 44.286006508236397 ], [ -78.365078976395793, 44.285957183522498 ], [ -78.365835991106096, 44.285495643263801 ], [ -78.365715344460497, 44.285395345220103 ], [ -78.3655429859744, 44.285275033250599 ], [ -78.365255458796597, 44.285112893433798 ], [ -78.364646936791303, 44.284783128706302 ], [ -78.364347073664007, 44.284611436106402 ], [ -78.364194879162, 44.284511030127597 ], [ -78.364064704145406, 44.284411031578003 ], [ -78.363951128966903, 44.284311787127301 ], [ -78.363853093876997, 44.284225213681502 ], [ -78.3637464030394, 44.284119678392898 ], [ -78.3636685920075, 44.284020647407999 ], [ -78.363572125421697, 44.283901735830398 ], [ -78.363488961420799, 44.283783657178198 ], [ -78.363443653659402, 44.283698661293897 ], [ -78.363387768198095, 44.283590492711099 ], [ -78.363348370569796, 44.2834971058316 ], [ -78.363326246587803, 44.283448653037802 ], [ -78.363304220434898, 44.283386171615597 ], [ -78.363266903356006, 44.283275958790298 ], [ -78.363235652156206, 44.283136316326498 ], [ -78.363208514040494, 44.282974333849403 ], [ -78.3636353442391, 44.282958145448497 ], [ -78.363798529351797, 44.282945363356397 ], [ -78.363859255077102, 44.282936970666697 ], [ -78.363925736965797, 44.282925970413501 ], [ -78.364002898150403, 44.282908878747598 ], [ -78.364068469561502, 44.282888760943599 ], [ -78.364117393944795, 44.282874899181898 ], [ -78.364195768387006, 44.2828400998579 ], [ -78.364252187786605, 44.282803475532297 ], [ -78.364684997977406, 44.282498488568798 ], [ -78.365167741415505, 44.282138021197603 ], [ -78.365666906277696, 44.2824596742648 ], [ -78.365799172304307, 44.282538886750402 ], [ -78.365920957186006, 44.282602170724999 ], [ -78.365991974622602, 44.282631426474701 ], [ -78.366134433202205, 44.282678784128102 ], [ -78.366322068581894, 44.282772100755302 ], [ -78.366538009870396, 44.282859191937298 ], [ -78.366696496129904, 44.282904631926797 ], [ -78.366862597597802, 44.282934474425602 ], [ -78.367016694638295, 44.282946455498099 ], [ -78.367141530882293, 44.282942860023901 ], [ -78.367327785472199, 44.282931065905103 ], [ -78.367513582409103, 44.282896418988003 ], [ -78.3677011384503, 44.282837544346002 ], [ -78.367872395558194, 44.282762776323402 ], [ -78.367962802893402, 44.282718903337802 ], [ -78.368294056100794, 44.282524265409698 ], [ -78.368619656412903, 44.282343346133899 ], [ -78.368791276626794, 44.282256910241898 ], [ -78.369237259506903, 44.282062119538402 ], [ -78.369790245438907, 44.281837061974102 ], [ -78.370006390609802, 44.282109389629397 ], [ -78.370065328951696, 44.282194444888198 ], [ -78.370110459251904, 44.2822806872719 ], [ -78.370217727339806, 44.282506769530599 ], [ -78.370494188471696, 44.283183804639897 ], [ -78.370513779102495, 44.283220412111802 ], [ -78.370529163830597, 44.283241523384604 ], [ -78.370556658700906, 44.283257717182799 ], [ -78.370597112949596, 44.2832708568355 ], [ -78.370647088509998, 44.283279689170399 ], [ -78.370736883185103, 44.283268833000299 ], [ -78.372296339355003, 44.282921617397498 ], [ -78.372353566724698, 44.282918577351502 ], [ -78.372408117768501, 44.282925414780003 ], [ -78.372455439864595, 44.282935182756198 ], [ -78.372490862589302, 44.282952678521099 ], [ -78.372520069895501, 44.2829753320705 ], [ -78.372537879585707, 44.283006826918999 ], [ -78.372549479017707, 44.2830434760792 ], [ -78.372545324238004, 44.283077173414 ], [ -78.372486304292494, 44.2831864010072 ], [ -78.373463956284994, 44.2834556905554 ] ] ] } },
{ "type": "Feature", "properties": { "OBJECTID": 88, "WARDTYPE": "SUBWARD", "WARDNAME": "513", "WARD_ID": 240, "YEAR": 2010, "ACTIVE": "Yes", "Shape__Area": 416057.79150390602, "Shape__Length": 3563.8412383421901 }, "geometry": { "type": "Polygon", "coordinates": [ [ [ -78.334339793092596, 44.321934243455097 ], [ -78.334955703632701, 44.322572692746903 ], [ -78.336580236551001, 44.3242565904958 ], [ -78.334773055772402, 44.325168580218801 ], [ -78.334585097434598, 44.325274012407903 ], [ -78.334458444435597, 44.325359201765103 ], [ -78.334333018068605, 44.325461759832301 ], [ -78.3342403533549, 44.325552076594299 ], [ -78.334180909596498, 44.325620050064003 ], [ -78.334103414483096, 44.325730951977498 ], [ -78.333877469292602, 44.326097045616102 ], [ -78.333753689862107, 44.326296458016003 ], [ -78.333701894071297, 44.3263732786208 ], [ -78.332947323423099, 44.327446488804902 ], [ -78.332037549384495, 44.328893525531903 ], [ -78.331976068339401, 44.329006246080198 ], [ -78.331940291672893, 44.329084885217597 ], [ -78.331896909320307, 44.329198028758398 ], [ -78.331868108901901, 44.329344747681098 ], [ -78.3318495141786, 44.3294440193866 ], [ -78.331855436951898, 44.329613618385501 ], [ -78.331946328655704, 44.329839328906303 ], [ -78.332052280835597, 44.330052646167701 ], [ -78.332089089061498, 44.330110088760897 ], [ -78.332127593127296, 44.330162332278199 ], [ -78.332177764235297, 44.330214849365298 ], [ -78.332230708560999, 44.330270573203599 ], [ -78.332628649708994, 44.330669665907898 ], [ -78.332734351374697, 44.330785302246603 ], [ -78.332769098415298, 44.330823835694403 ], [ -78.332807143309296, 44.330854063732097 ], [ -78.332850450296505, 44.330892660328701 ], [ -78.3329046698166, 44.330934342351497 ], [ -78.332974002664002, 44.330981951974202 ], [ -78.333050386398398, 44.331020226594703 ], [ -78.333133331774505, 44.331053980241101 ], [ -78.3332652150565, 44.331095654416899 ], [ -78.333624582698604, 44.331200656254801 ], [ -78.334050547494797, 44.331315174424901 ], [ -78.333976382853095, 44.331458116395801 ], [ -78.333820805622196, 44.331684070652798 ], [ -78.333763591744898, 44.3317518933626 ], [ -78.333682004674003, 44.3318227082028 ], [ -78.333583181748295, 44.331891687123303 ], [ -78.333382664704303, 44.332008417573398 ], [ -78.331157636534201, 44.333152308271501 ], [ -78.330174597792194, 44.333665602285897 ], [ -78.329434559800802, 44.334041858212998 ], [ -78.329358874505502, 44.334084503379898 ], [ -78.329301210000096, 44.334121869598299 ], [ -78.329260505611202, 44.334154555068402 ], [ -78.329189697091905, 44.334228344882497 ], [ -78.328940515077306, 44.334503698652 ], [ -78.328826736218701, 44.334458125442403 ], [ -78.328284090176496, 44.334256864784599 ], [ -78.326381857170304, 44.333706403058301 ], [ -78.330299262098904, 44.326314519276799 ], [ -78.331074787603995, 44.324850905132202 ], [ -78.331644069678603, 44.3238651696064 ], [ -78.332015421315603, 44.323466547208703 ], [ -78.334339793092596, 44.321934243455097 ] ] ] } },
{ "type": "Feature", "properties": { "OBJECTID": 89, "WARDTYPE": "SUBWARD", "WARDNAME": "512", "WARD_ID": 241, "YEAR": 2010, "ACTIVE": "Yes", "Shape__Area": 242070.33056640599, "Shape__Length": 2024.6655333455601 }, "geometry": { "type": "Polygon", "coordinates": [ [ [ -78.336580236551001, 44.3242565904958 ], [ -78.339285176473794, 44.327080416240698 ], [ -78.338746152027795, 44.327341977170498 ], [ -78.338488661669999, 44.327488307453301 ], [ -78.338354607586297, 44.327577729992797 ], [ -78.338265798685796, 44.327655513552401 ], [ -78.338197900754295, 44.327721512116703 ], [ -78.338141961509393, 44.327780770966598 ], [ -78.337473196182799, 44.328561776768602 ], [ -78.336969989474895, 44.3291171790231 ], [ -78.336805428810393, 44.3293083753071 ], [ -78.336721947208702, 44.329386620436303 ], [ -78.336631426951897, 44.329458435356798 ], [ -78.336448918747493, 44.329578627181803 ], [ -78.335590520995098, 44.330027719743498 ], [ -78.334912600984495, 44.3303751474091 ], [ -78.334639365335704, 44.330536067455498 ], [ -78.334539877458099, 44.330612928905801 ], [ -78.334396514462, 44.330751255558802 ], [ -78.334309582554695, 44.330866099123803 ], [ -78.334050547494797, 44.331315174424901 ], [ -78.333624582698604, 44.331200656254801 ], [ -78.3332652150565, 44.331095654416899 ], [ -78.333133331774505, 44.331053980241101 ], [ -78.333050386398398, 44.331020226594703 ], [ -78.332974002664002, 44.330981951974202 ], [ -78.3329046698166, 44.330934342351497 ], [ -78.332850450296505, 44.330892660328701 ], [ -78.332807143309296, 44.330854063732097 ], [ -78.332769098415298, 44.330823835694403 ], [ -78.332734351374697, 44.330785302246603 ], [ -78.332628649708994, 44.330669665907898 ], [ -78.332230708560999, 44.330270573203599 ], [ -78.332177764235297, 44.330214849365298 ], [ -78.332127593127296, 44.330162332278199 ], [ -78.332089089061498, 44.330110088760897 ], [ -78.332052280835597, 44.330052646167701 ], [ -78.331946328655704, 44.329839328906303 ], [ -78.331855436951898, 44.329613618385501 ], [ -78.3318495141786, 44.3294440193866 ], [ -78.331868108901901, 44.329344747681098 ], [ -78.331896909320307, 44.329198028758398 ], [ -78.331940291672893, 44.329084885217597 ], [ -78.331976068339401, 44.329006246080198 ], [ -78.332037549384495, 44.328893525531903 ], [ -78.332947323423099, 44.327446488804902 ], [ -78.333701894071297, 44.3263732786208 ], [ -78.333753689862107, 44.326296458016003 ], [ -78.333877469292602, 44.326097045616102 ], [ -78.334103414483096, 44.325730951977498 ], [ -78.334180909596498, 44.325620050064003 ], [ -78.3342403533549, 44.325552076594299 ], [ -78.334333018068605, 44.325461759832301 ], [ -78.334458444435597, 44.325359201765103 ], [ -78.334585097434598, 44.325274012407903 ], [ -78.334773055772402, 44.325168580218801 ], [ -78.336580236551001, 44.3242565904958 ] ] ] } },
{ "type": "Feature", "properties": { "OBJECTID": 90, "WARDTYPE": "SUBWARD", "WARDNAME": "519", "WARD_ID": 246, "YEAR": 2010, "ACTIVE": "Yes", "Shape__Area": 321061.09887695301, "Shape__Length": 2661.4331410776499 }, "geometry": { "type": "Polygon", "coordinates": [ [ [ -78.318292374422001, 44.3432047332849 ], [ -78.316925273822093, 44.343530140784601 ], [ -78.316355894868806, 44.342350736306301 ], [ -78.315571555503496, 44.340736111344697 ], [ -78.315548652255799, 44.340692418107103 ], [ -78.315519106454801, 44.340640681348702 ], [ -78.315495666762004, 44.3406088473876 ], [ -78.315476175321095, 44.340585684083301 ], [ -78.315443822811602, 44.340550608372602 ], [ -78.315389169292203, 44.340509037534297 ], [ -78.315351463009193, 44.340484397885497 ], [ -78.315303400217005, 44.340457281959502 ], [ -78.315246868767204, 44.340427884492499 ], [ -78.315184495748298, 44.340401995703402 ], [ -78.314624173353707, 44.340178583011799 ], [ -78.3145274236836, 44.3401170040162 ], [ -78.313812109373401, 44.339830944913203 ], [ -78.313869120625, 44.339732578585 ], [ -78.313999664501907, 44.339473328910998 ], [ -78.314031330421003, 44.339386225377801 ], [ -78.314160313476293, 44.338946599598003 ], [ -78.314178348077903, 44.338875977972798 ], [ -78.314191357244198, 44.338776940699297 ], [ -78.314205615811204, 44.338680648046001 ], [ -78.314217619438097, 44.338567812921703 ], [ -78.314224064173899, 44.338454386055602 ], [ -78.314214986392102, 44.337761898085503 ], [ -78.314211064708402, 44.337305687565298 ], [ -78.314215835718102, 44.337182790030297 ], [ -78.3142287079162, 44.337060266766699 ], [ -78.314243139565093, 44.336941168823003 ], [ -78.314269783318906, 44.3367850616768 ], [ -78.314321441162505, 44.336579448240897 ], [ -78.314392117478803, 44.336380749813301 ], [ -78.314474141775605, 44.336174464336402 ], [ -78.314563703204698, 44.335999782877103 ], [ -78.3146852668104, 44.3357967177528 ], [ -78.314966727677898, 44.335362489204002 ], [ -78.314996165574897, 44.3353203007226 ], [ -78.315361640221994, 44.3347965138163 ], [ -78.315750972210793, 44.334915348671899 ], [ -78.315961189017102, 44.334981931939097 ], [ -78.316121642286902, 44.335024268918801 ], [ -78.316296924086004, 44.335060184252796 ], [ -78.316426728601797, 44.3350852243586 ], [ -78.316527856298194, 44.3351023015274 ], [ -78.316644053023694, 44.335117467766501 ], [ -78.316754114584697, 44.335129176657297 ], [ -78.316852033645503, 44.335137214984002 ], [ -78.316951184327806, 44.335144954476903 ], [ -78.3170400879211, 44.335150202342398 ], [ -78.317124208290593, 44.335154937991298 ], [ -78.317248741305704, 44.3351534500231 ], [ -78.317433544468301, 44.335144332416903 ], [ -78.317592366542897, 44.3351331527155 ], [ -78.317764673398699, 44.335113762270602 ], [ -78.318001911345306, 44.335082670408099 ], [ -78.318272692684204, 44.335030835173598 ], [ -78.318552965704797, 44.334958109043399 ], [ -78.318714935149302, 44.3349118910252 ], [ -78.318833644436594, 44.334867667156402 ], [ -78.318946851519101, 44.334826371257797 ], [ -78.319112967918201, 44.3347563099883 ], [ -78.319320474154907, 44.334653726720902 ], [ -78.319783264710793, 44.334391415182402 ], [ -78.320064246920197, 44.3346437369485 ], [ -78.320317651592106, 44.334880638908103 ], [ -78.320399168714701, 44.334964517139497 ], [ -78.320462555136203, 44.335038999366702 ], [ -78.320563418141205, 44.335185778229402 ], [ -78.320649684110293, 44.335300780393403 ], [ -78.320689757851895, 44.335363980397801 ], [ -78.320762406295302, 44.335498602099896 ], [ -78.320815600867604, 44.335615204592997 ], [ -78.320862689531793, 44.335733237424797 ], [ -78.320892393018397, 44.335827926807603 ], [ -78.320922010933799, 44.335932314624998 ], [ -78.320942948967399, 44.336022603882903 ], [ -78.320963664932805, 44.336141994680702 ], [ -78.320977783796707, 44.336231085864398 ], [ -78.320957891639594, 44.336558758023699 ], [ -78.3209229421267, 44.336780157736797 ], [ -78.320860636813194, 44.336976233448901 ], [ -78.320800454965493, 44.337142325828601 ], [ -78.320719077330097, 44.337297988832397 ], [ -78.320622494068502, 44.337453586534799 ], [ -78.320502830181198, 44.337620950889097 ], [ -78.320372076423496, 44.337783038445899 ], [ -78.318827147823896, 44.339436432797598 ], [ -78.318226037865699, 44.340115331264499 ], [ -78.318051102248802, 44.340424548639497 ], [ -78.317976197600203, 44.340578402696202 ], [ -78.317884534656699, 44.340807010536203 ], [ -78.317798222313598, 44.341137078784598 ], [ -78.317774684307494, 44.3413400837632 ], [ -78.317760366859304, 44.341564470825702 ], [ -78.317761339094602, 44.3417522294436 ], [ -78.317759445089493, 44.341831902327201 ], [ -78.317742108437898, 44.342001700582998 ], [ -78.318012164097198, 44.342612763320297 ], [ -78.318292374422001, 44.3432047332849 ] ] ] } },
{ "type": "Feature", "properties": { "OBJECTID": 91, "WARDTYPE": "SUBWARD", "WARDNAME": "410", "WARD_ID": 281, "YEAR": 2010, "ACTIVE": "Yes", "Shape__Area": 1002677.16748047, "Shape__Length": 5144.6501284696596 }, "geometry": { "type": "Polygon", "coordinates": [ [ [ -78.288665141457898, 44.292476497005303 ], [ -78.290002837725297, 44.291963188024603 ], [ -78.291247811605999, 44.291489713199603 ], [ -78.291627180426502, 44.2913621608527 ], [ -78.292046713795798, 44.2912443972251 ], [ -78.292955564801701, 44.291005287890599 ], [ -78.2944665945206, 44.290639912276603 ], [ -78.296510177525505, 44.290145721410298 ], [ -78.297356472688705, 44.289941053348599 ], [ -78.299186435844106, 44.289509695927698 ], [ -78.299688506380704, 44.289411516846798 ], [ -78.300241279597799, 44.289327804874297 ], [ -78.300571570996894, 44.2892963713062 ], [ -78.300947363164198, 44.289274032357703 ], [ -78.3016839327273, 44.289263905044798 ], [ -78.305023469573499, 44.289259472652901 ], [ -78.305885540492397, 44.289380941883302 ], [ -78.305973557208404, 44.289407965061599 ], [ -78.306469758227706, 44.289559123711697 ], [ -78.306581513532294, 44.289598739709099 ], [ -78.306628772375007, 44.289615494467697 ], [ -78.306622178866306, 44.289625762325898 ], [ -78.306579858210995, 44.289691664404302 ], [ -78.306569838235703, 44.289735361609203 ], [ -78.306534971466704, 44.289818084817398 ], [ -78.306529318575699, 44.289853962606202 ], [ -78.306476997716203, 44.289945636846703 ], [ -78.306476387048804, 44.289980912488502 ], [ -78.306452965495893, 44.290054543733298 ], [ -78.306387128449899, 44.290156702339601 ], [ -78.306376271147897, 44.290196778648003 ], [ -78.306370944389499, 44.290269395520298 ], [ -78.3063513028507, 44.290304222072699 ], [ -78.306340577077904, 44.290341421487199 ], [ -78.306336599431901, 44.290384541030598 ], [ -78.306339633138705, 44.290427826028001 ], [ -78.306357508188597, 44.290497389294302 ], [ -78.306524388604004, 44.291014126276501 ], [ -78.306549740059907, 44.291029849168503 ], [ -78.306546519310501, 44.291056421436998 ], [ -78.3065607172705, 44.291118695666597 ], [ -78.306561305630893, 44.291149679155602 ], [ -78.3065880023332, 44.291179838249199 ], [ -78.306595964111693, 44.291203073262402 ], [ -78.306536176563498, 44.291216787203801 ], [ -78.306534516821102, 44.291231152507699 ], [ -78.306589767454298, 44.291272788715602 ], [ -78.306597334388897, 44.291304657092297 ], [ -78.306588560561593, 44.2913649488302 ], [ -78.306565800591699, 44.291380256701302 ], [ -78.3065447332622, 44.291380479816901 ], [ -78.306530852448205, 44.291442811713999 ], [ -78.3064472579767, 44.291604329859901 ], [ -78.306297122455604, 44.291817574222499 ], [ -78.306265592144698, 44.291849240202197 ], [ -78.3061904415908, 44.291957660889601 ], [ -78.306164018123695, 44.291987286688702 ], [ -78.306133915889802, 44.292009623430097 ], [ -78.305967343780395, 44.292209514522199 ], [ -78.305944037987302, 44.292258660778799 ], [ -78.305737575677, 44.292475616531704 ], [ -78.305686110300698, 44.292504651141897 ], [ -78.305472220670097, 44.292752399789599 ], [ -78.305445650700193, 44.292763297056297 ], [ -78.305331460547293, 44.292914008980901 ], [ -78.3052840670899, 44.292941699086001 ], [ -78.305274196118006, 44.292960191861503 ], [ -78.305268924410797, 44.292965829195502 ], [ -78.305272996916798, 44.292964484890597 ], [ -78.305266098010804, 44.292983768051201 ], [ -78.305162765719999, 44.293094403629397 ], [ -78.305131459502803, 44.293164966630201 ], [ -78.305072896669699, 44.293217600762503 ], [ -78.305038632080198, 44.2933089803632 ], [ -78.304910496092404, 44.293479527944903 ], [ -78.3048822878485, 44.293591937859702 ], [ -78.304838222639702, 44.293656437737901 ], [ -78.304774584795396, 44.293710392331199 ], [ -78.304755580486898, 44.293753156990299 ], [ -78.304703345273794, 44.293886605321902 ], [ -78.304731724608402, 44.293989547102399 ], [ -78.304733873462595, 44.294008323641798 ], [ -78.304715099533496, 44.294046052170302 ], [ -78.304686558442299, 44.294056181591202 ], [ -78.304661351705803, 44.2940591875075 ], [ -78.304642761569895, 44.294070992332998 ], [ -78.304623921697399, 44.294110159735197 ], [ -78.304589252437907, 44.2941446320105 ], [ -78.304506021929697, 44.2942103675894 ], [ -78.304513159895805, 44.294251588860703 ], [ -78.304507229324997, 44.2942716150609 ], [ -78.304469376501402, 44.294288006545202 ], [ -78.304463709384606, 44.294302277180002 ], [ -78.304411424043806, 44.294305363811802 ], [ -78.304382948646307, 44.2943140542612 ], [ -78.304362190321896, 44.294329408953303 ], [ -78.3043572943144, 44.294348739354 ], [ -78.304380947561995, 44.294423480907597 ], [ -78.304368301518807, 44.294436866504903 ], [ -78.304300614813897, 44.2944259051377 ], [ -78.304259183255297, 44.294432849136797 ], [ -78.304235452724797, 44.294447413389697 ], [ -78.304233218786194, 44.294452402193002 ], [ -78.304236402117695, 44.294470482948199 ], [ -78.304218511222899, 44.2945327198291 ], [ -78.304216521409799, 44.294554279526899 ], [ -78.304193100817997, 44.294583975773897 ], [ -78.304196350017705, 44.294600617639297 ], [ -78.304223883967097, 44.2946343981612 ], [ -78.3041419716984, 44.294780829577199 ], [ -78.3041071235305, 44.294797291901602 ], [ -78.304092125137501, 44.294840151053002 ], [ -78.303995760228304, 44.294995603917002 ], [ -78.3039613535923, 44.295024320415003 ], [ -78.303453403652398, 44.295846340177903 ], [ -78.303414600807699, 44.295949135609199 ], [ -78.303306191963102, 44.2962361041196 ], [ -78.303304300580507, 44.296255505452898 ], [ -78.303301321827206, 44.2962986484509 ], [ -78.303307576006205, 44.296315361329498 ], [ -78.303325982638896, 44.296329480413497 ], [ -78.303319214454902, 44.296345885643099 ], [ -78.303324611933107, 44.296381304074998 ], [ -78.303350274512098, 44.296412159698399 ], [ -78.303395971571305, 44.296443488611303 ], [ -78.303358954199496, 44.296572974438497 ], [ -78.303298112666297, 44.296675249168899 ], [ -78.303207554584205, 44.297273055281302 ], [ -78.303241046811607, 44.297330023924502 ], [ -78.303243162306998, 44.297349519917503 ], [ -78.303237461612696, 44.297364509914097 ], [ -78.3032133671406, 44.297386987798397 ], [ -78.303235372321595, 44.297497701757699 ], [ -78.303204140273294, 44.297588432168901 ], [ -78.303208278870301, 44.2976951229059 ], [ -78.303191545583005, 44.297797719415399 ], [ -78.303197648012301, 44.297949110352498 ], [ -78.303218842822901, 44.297989943562598 ], [ -78.303218921872201, 44.298010111664901 ], [ -78.303217834403597, 44.298033853320803 ], [ -78.303221755683694, 44.298057713311003 ], [ -78.3032517487826, 44.298125402616499 ], [ -78.303271961731099, 44.298143885717003 ], [ -78.303291047671607, 44.298230763340001 ], [ -78.303293031389899, 44.298253137107103 ], [ -78.303434410779005, 44.298472543881701 ], [ -78.303589209456604, 44.298651765752403 ], [ -78.303746713706104, 44.298722549783299 ], [ -78.303778843801197, 44.298734206589202 ], [ -78.303810976496194, 44.2987458616469 ], [ -78.303857504853099, 44.298754126868303 ], [ -78.303906299460806, 44.298753143923598 ], [ -78.303956881969697, 44.2987476369753 ], [ -78.304007282732101, 44.2987387622724 ], [ -78.3040606311517, 44.298728123298602 ], [ -78.304109031466396, 44.298707635428798 ], [ -78.304141093523, 44.298673308813399 ], [ -78.304159019034699, 44.298635043608499 ], [ -78.304177655196796, 44.298585172591402 ], [ -78.304196247433097, 44.298535329342499 ], [ -78.304211481529094, 44.298503305214297 ], [ -78.304234117840096, 44.298472512826201 ], [ -78.304284137282593, 44.298450222050199 ], [ -78.304316064086294, 44.298448905395198 ], [ -78.304346909348894, 44.298455057106601 ], [ -78.304377158150004, 44.298466707127901 ], [ -78.304406427163897, 44.2984799346982 ], [ -78.304435181622296, 44.298492819707803 ], [ -78.304458727684704, 44.298509672580202 ], [ -78.304475482221704, 44.298537993063803 ], [ -78.3044864187804, 44.298567332114096 ], [ -78.304502188017807, 44.2986093981824 ], [ -78.304609785281897, 44.298624902971099 ], [ -78.304779241359995, 44.298673522960897 ], [ -78.303582358032401, 44.300938863100399 ], [ -78.302301860111797, 44.300975036291597 ], [ -78.302224036271895, 44.300554905351198 ], [ -78.301944376109603, 44.299848652458898 ], [ -78.301852076905007, 44.299645899612798 ], [ -78.300457077166797, 44.296608721423702 ], [ -78.299847230014095, 44.296747877365597 ], [ -78.299691212533006, 44.296765152334899 ], [ -78.299536356500894, 44.296763880023597 ], [ -78.299376618740496, 44.296745293085301 ], [ -78.299225070696096, 44.296708415180099 ], [ -78.299070188147198, 44.296648591100897 ], [ -78.298543915451404, 44.296400476787397 ], [ -78.2981885779527, 44.296254784971701 ], [ -78.298047752551696, 44.2962115548588 ], [ -78.297850576130003, 44.296172122197902 ], [ -78.297665663793296, 44.296148212250799 ], [ -78.297403454280101, 44.296131215406199 ], [ -78.297298673843002, 44.296130729538902 ], [ -78.297023693691798, 44.296152072996101 ], [ -78.296891571155697, 44.2961602301678 ], [ -78.296752538845396, 44.296181720521901 ], [ -78.296578186610702, 44.296222673681001 ], [ -78.296257967678997, 44.2963262736262 ], [ -78.296081647375303, 44.2964011127006 ], [ -78.295895331300102, 44.296498711414998 ], [ -78.295641042866606, 44.296686182128198 ], [ -78.295510465424798, 44.296797884705903 ], [ -78.295394307783297, 44.296923562612498 ], [ -78.295238677835698, 44.297095321221498 ], [ -78.294500516524394, 44.296737029154301 ], [ -78.294448542643394, 44.296720294464698 ], [ -78.294385428930894, 44.296732227048601 ], [ -78.2943318386789, 44.296765070131897 ], [ -78.294109208765903, 44.296983508367603 ], [ -78.2940202393428, 44.297044922909301 ], [ -78.293932226106705, 44.297084656140598 ], [ -78.293310667294193, 44.297266860424102 ], [ -78.293197600951899, 44.297310777689503 ], [ -78.293114448433499, 44.297351972367103 ], [ -78.293025546602806, 44.297404683840398 ], [ -78.292467197116196, 44.2978078487087 ], [ -78.292418511847401, 44.297833752650803 ], [ -78.292361418138697, 44.297850054612297 ], [ -78.291909504263003, 44.297956089233502 ], [ -78.291786339667993, 44.297699961188599 ], [ -78.291651961587803, 44.297733951664497 ], [ -78.291254947143003, 44.297830180446702 ], [ -78.291218332587704, 44.297752719496501 ], [ -78.291193571305499, 44.297700329884002 ], [ -78.291132200776602, 44.297570478512 ], [ -78.291070830423394, 44.297440628909598 ], [ -78.291009460370205, 44.297310778379099 ], [ -78.290931407909795, 44.297145637102503 ], [ -78.290836335611601, 44.296944480413302 ], [ -78.290754775146098, 44.296771909478601 ], [ -78.289777259252702, 44.294703541719798 ], [ -78.289598602708296, 44.294287922800599 ], [ -78.288665141457898, 44.292476497005303 ] ] ] } },
{ "type": "Feature", "properties": { "OBJECTID": 92, "WARDTYPE": "SUBWARD", "WARDNAME": "406", "WARD_ID": 282, "YEAR": 2010, "ACTIVE": "Yes", "Shape__Area": 1853932.71557617, "Shape__Length": 7220.1056834422898 }, "geometry": { "type": "Polygon", "coordinates": [ [ [ -78.276842851857893, 44.295312700018201 ], [ -78.276434535077698, 44.294224351870298 ], [ -78.278596560213202, 44.292052507765099 ], [ -78.277278312055202, 44.289271965583801 ], [ -78.281838709669401, 44.288206642687598 ], [ -78.281851886086002, 44.288235290041001 ], [ -78.283109629886994, 44.2879367648817 ], [ -78.285579919076497, 44.285686059531699 ], [ -78.282469101332097, 44.279043498835698 ], [ -78.291056980533895, 44.276949029162999 ], [ -78.291172807575805, 44.276938727426398 ], [ -78.293108527798793, 44.280976811442699 ], [ -78.294844585577394, 44.284692811085598 ], [ -78.294965547390007, 44.284663175765502 ], [ -78.295227279762301, 44.284599043560497 ], [ -78.295309293175194, 44.284578947121801 ], [ -78.295587478452802, 44.284510781758598 ], [ -78.295795776402102, 44.284459739914197 ], [ -78.295956025232897, 44.2844204721765 ], [ -78.296098286656203, 44.284385611735601 ], [ -78.296240545373607, 44.2843507519529 ], [ -78.296382805223303, 44.284315891118801 ], [ -78.296525061073893, 44.284281031812597 ], [ -78.296667321853803, 44.2842461706446 ], [ -78.296809579927697, 44.2842113101349 ], [ -78.296916973982704, 44.284184993065601 ], [ -78.296951845434506, 44.284176447822702 ], [ -78.297094103186694, 44.284141586949502 ], [ -78.297271788609507, 44.284098043380602 ], [ -78.297275345219205, 44.2840971714948 ], [ -78.297512440342601, 44.284039069539503 ], [ -78.298708586598707, 44.2837459338757 ], [ -78.298945680313594, 44.283687827998797 ], [ -78.299775714537205, 44.283484402598603 ], [ -78.299892907893195, 44.283457638415598 ], [ -78.299898036564898, 44.2834682641993 ], [ -78.299994311549696, 44.2836971860891 ], [ -78.300108209288297, 44.283887030332401 ], [ -78.300309982321494, 44.2841368777284 ], [ -78.300556260309804, 44.284299562418603 ], [ -78.300833639713503, 44.284458486912101 ], [ -78.301546240412506, 44.284740263980403 ], [ -78.300888164902602, 44.285572404222599 ], [ -78.2996707640322, 44.287109150946598 ], [ -78.298407313010998, 44.288700806161302 ], [ -78.297216072083501, 44.288204585993803 ], [ -78.296995283095001, 44.288245701616503 ], [ -78.296765340566395, 44.288297906646299 ], [ -78.296501267732296, 44.288374719552003 ], [ -78.2967702301261, 44.288768666893802 ], [ -78.297119305672197, 44.2894232508717 ], [ -78.297356472688705, 44.289941053348599 ], [ -78.296510177525505, 44.290145721410298 ], [ -78.2944665945206, 44.290639912276603 ], [ -78.292955564801701, 44.291005287890599 ], [ -78.292046713795798, 44.2912443972251 ], [ -78.291627180426502, 44.2913621608527 ], [ -78.291247811605999, 44.291489713199603 ], [ -78.290002837725297, 44.291963188024603 ], [ -78.288665141457898, 44.292476497005303 ], [ -78.287914925584801, 44.292699924052599 ], [ -78.284886337452093, 44.2934017365031 ], [ -78.282993948551606, 44.293861836128698 ], [ -78.279582002084098, 44.2946316759665 ], [ -78.276842851857893, 44.295312700018201 ] ] ] } },
{ "type": "Feature", "properties": { "OBJECTID": 93, "WARDTYPE": "WARD", "WARDNAME": "Otonabee Ward 1", "WARD_ID": 100, "YEAR": 2018, "ACTIVE": "Yes", "Shape__Area": 13777392.930908199, "Shape__Length": 20671.143097780801 }, "geometry": { "type": "Polygon", "coordinates": [ [ [ -78.334921637377306, 44.298214874787099 ], [ -78.3349117759481, 44.298039986839299 ], [ -78.334902576519994, 44.2978768386753 ], [ -78.334894195932307, 44.2977282239221 ], [ -78.334884307595701, 44.297686029249803 ], [ -78.334877165275799, 44.2976553934515 ], [ -78.334867193971206, 44.297618576907297 ], [ -78.334834202319499, 44.297555518116603 ], [ -78.334561635533106, 44.296933679917203 ], [ -78.334269558894206, 44.296295688139402 ], [ -78.334198070175006, 44.296131782934303 ], [ -78.334137366679599, 44.295992607252401 ], [ -78.333842261501104, 44.295315999923901 ], [ -78.332874420133507, 44.293096859745297 ], [ -78.331627080470298, 44.290236325405097 ], [ -78.330499952451802, 44.287653413584501 ], [ -78.329733853529206, 44.285899492776799 ], [ -78.324868530322107, 44.2870945346871 ], [ -78.322497581497402, 44.287676803290601 ], [ -78.320011970153203, 44.288281421276302 ], [ -78.317736293244494, 44.288811296535201 ], [ -78.317500408776894, 44.288866217164703 ], [ -78.317070263642194, 44.288977651074703 ], [ -78.316502308667197, 44.289124782589298 ], [ -78.315508035543004, 44.289363428642602 ], [ -78.311716133295207, 44.290283813136398 ], [ -78.310496951769807, 44.290583112463402 ], [ -78.310053255488, 44.290617875761498 ], [ -78.309941081147997, 44.290616810458403 ], [ -78.309728229777605, 44.290603896863303 ], [ -78.309498173440105, 44.290579539920799 ], [ -78.309424045850605, 44.290565932406103 ], [ -78.309349918297599, 44.2905523248441 ], [ -78.309184068250005, 44.290509804189298 ], [ -78.3088196778031, 44.290392132357901 ], [ -78.308087781189599, 44.290132694969301 ], [ -78.307532934257594, 44.289936011264899 ], [ -78.307588692221898, 44.289844457220902 ], [ -78.307603225860404, 44.289811758870499 ], [ -78.307609533526204, 44.289797568898301 ], [ -78.307631667020004, 44.289747774338501 ], [ -78.3076690914735, 44.2896950472106 ], [ -78.307675165413499, 44.289686490171903 ], [ -78.307685986651094, 44.289672240101801 ], [ -78.307717296834696, 44.289631006657302 ], [ -78.307799254993, 44.289523072281902 ], [ -78.307916164950797, 44.289369107114197 ], [ -78.307996520666094, 44.289263281966399 ], [ -78.308048893107994, 44.289195283783201 ], [ -78.308066355769498, 44.2891723666608 ], [ -78.308254121786504, 44.288925972184103 ], [ -78.308259660365295, 44.288918704292897 ], [ -78.308235268283099, 44.288866588092702 ], [ -78.308237111381203, 44.2888497081004 ], [ -78.308257666574207, 44.288821729578999 ], [ -78.308269400198995, 44.288822776010001 ], [ -78.308302340231194, 44.288783788318 ], [ -78.308318198044503, 44.288765019611901 ], [ -78.308386015124896, 44.288684750937698 ], [ -78.308473270136801, 44.288579880373099 ], [ -78.308474680082796, 44.288578071646597 ], [ -78.308475690676502, 44.288576773865103 ], [ -78.308515540154502, 44.288525635004802 ], [ -78.308527104885897, 44.288510793793797 ], [ -78.308566712026803, 44.288459964298802 ], [ -78.308571825976799, 44.2884534021021 ], [ -78.308599803099497, 44.2884174977982 ], [ -78.308608651690804, 44.288406142339603 ], [ -78.308709278074502, 44.288299096686302 ], [ -78.308812395317901, 44.288189398925297 ], [ -78.309125032292599, 44.287862908699601 ], [ -78.309246062311203, 44.287768834927 ], [ -78.309307426474803, 44.287714894406903 ], [ -78.3093275255967, 44.287696906144099 ], [ -78.309438592774796, 44.287586442702398 ], [ -78.309511533477902, 44.287513543162198 ], [ -78.309565199736795, 44.287464036794198 ], [ -78.309624319597503, 44.287412351520302 ], [ -78.309705115064403, 44.287355021864698 ], [ -78.309728798336096, 44.287341672517996 ], [ -78.309800747199901, 44.287301119873199 ], [ -78.309834426552001, 44.287275950441099 ], [ -78.3099105141644, 44.287219087666401 ], [ -78.309976631398499, 44.287178336258599 ], [ -78.3100081639124, 44.287144462692602 ], [ -78.310073982634094, 44.287086780733198 ], [ -78.310181784667904, 44.287000855962297 ], [ -78.310228083632396, 44.286971945128002 ], [ -78.310304844300504, 44.286909136293502 ], [ -78.310392339137806, 44.286845810590499 ], [ -78.310422555192702, 44.286817290462601 ], [ -78.310442144691194, 44.286786981366198 ], [ -78.310464750954694, 44.286737512468598 ], [ -78.310510541796404, 44.2866962818198 ], [ -78.310616623214401, 44.286648009909499 ], [ -78.310710026441697, 44.286619438924902 ], [ -78.310791029608694, 44.286604424738002 ], [ -78.310880380653401, 44.2865942210884 ], [ -78.310945986979704, 44.286588073739097 ], [ -78.310989854230996, 44.2865783983057 ], [ -78.311018466854804, 44.286572087962597 ], [ -78.311073112921704, 44.286547989149099 ], [ -78.311135632693293, 44.2865156149509 ], [ -78.311147996132902, 44.286502828716003 ], [ -78.311181667189601, 44.286469005195798 ], [ -78.311204131172104, 44.286422609053403 ], [ -78.311222528903201, 44.2863715022905 ], [ -78.311226409484604, 44.286362406341397 ], [ -78.311288486240699, 44.286216895147398 ], [ -78.311295167498699, 44.286187820431401 ], [ -78.311292572053901, 44.286150835215302 ], [ -78.311317721000194, 44.286069116787502 ], [ -78.311340097693602, 44.2860011793612 ], [ -78.311334118175495, 44.285967959532201 ], [ -78.311348637956797, 44.285931377449103 ], [ -78.311377048657306, 44.285872043870498 ], [ -78.311403897816803, 44.2858234435542 ], [ -78.311476044050906, 44.285791295001097 ], [ -78.311514635280403, 44.285754634344201 ], [ -78.311516343618493, 44.285753011762701 ], [ -78.311549522971305, 44.285729946598401 ], [ -78.311612287141699, 44.285692192414899 ], [ -78.311662371199901, 44.285674140185698 ], [ -78.311675664452494, 44.285664452947003 ], [ -78.3117188749505, 44.285609313827599 ], [ -78.311829407301403, 44.285463449011203 ], [ -78.311877106970599, 44.285403800713297 ], [ -78.311925894039703, 44.285367255780798 ], [ -78.311961282693403, 44.285342703942902 ], [ -78.312029903269504, 44.285270470767699 ], [ -78.312067817123307, 44.285237515726998 ], [ -78.312085878975495, 44.2852171706785 ], [ -78.312150843437806, 44.285088744980797 ], [ -78.312221240597907, 44.284949578081701 ], [ -78.312241746833607, 44.284946576842202 ], [ -78.312243880364704, 44.284946264265699 ], [ -78.312282281780597, 44.284878034152698 ], [ -78.312344805078794, 44.284766945170801 ], [ -78.312397706380295, 44.284672951895899 ], [ -78.312399827436195, 44.284666732284698 ], [ -78.312407596784197, 44.284643952666102 ], [ -78.312402580686694, 44.284613063888202 ], [ -78.312397634718494, 44.284580638182199 ], [ -78.312409839909506, 44.284547847456103 ], [ -78.312442965052, 44.284455546503999 ], [ -78.312449467272103, 44.284417110885002 ], [ -78.312451758227397, 44.284403568792598 ], [ -78.312457351186794, 44.284370503543002 ], [ -78.312466425758601, 44.284316862435297 ], [ -78.312480084777903, 44.284228718890802 ], [ -78.312483749574795, 44.284171879556801 ], [ -78.312521257628504, 44.2840304490433 ], [ -78.312514785452393, 44.284007988620402 ], [ -78.312522255738799, 44.283985085814599 ], [ -78.3125501907748, 44.283959588562702 ], [ -78.312669399589794, 44.283834697531397 ], [ -78.312719569448902, 44.283791261647998 ], [ -78.312757411822105, 44.283759843265798 ], [ -78.312766710754602, 44.283747510469603 ], [ -78.312785907507404, 44.283722051421897 ], [ -78.312824696284494, 44.283669884930198 ], [ -78.312868727882503, 44.283620150162797 ], [ -78.312901413548801, 44.2835609168174 ], [ -78.3129096723316, 44.283497261552 ], [ -78.312917947243804, 44.2834566871514 ], [ -78.312944758918405, 44.283408854409998 ], [ -78.312982723580205, 44.283351283885501 ], [ -78.313030998663294, 44.283302418682403 ], [ -78.313125198894198, 44.283209246836698 ], [ -78.313141841367994, 44.283196561099601 ], [ -78.313175877462697, 44.283178130454502 ], [ -78.313218085826705, 44.2831683547899 ], [ -78.313285073919104, 44.283155315453698 ], [ -78.313322600158003, 44.283130812595303 ], [ -78.3134107506785, 44.283052883912099 ], [ -78.313440367047804, 44.2829905019099 ], [ -78.313474840760904, 44.282939003372398 ], [ -78.313521958166007, 44.282868570602702 ], [ -78.313552256688993, 44.282814666359499 ], [ -78.313584961728196, 44.282768118217 ], [ -78.313596919065404, 44.282751098935499 ], [ -78.313678404971398, 44.282678398670903 ], [ -78.313749984747702, 44.2826116186448 ], [ -78.313864908076297, 44.2824866254836 ], [ -78.313894121141104, 44.282456542231898 ], [ -78.313929629455004, 44.282405836737503 ], [ -78.313948690028596, 44.282387053464497 ], [ -78.313975518268094, 44.282362299551501 ], [ -78.314052988818702, 44.282307196841103 ], [ -78.314089040409698, 44.282268043874303 ], [ -78.314130581349104, 44.282225941998803 ], [ -78.314190585765502, 44.282178121119202 ], [ -78.314264356862196, 44.282133701274297 ], [ -78.314389294024707, 44.282047405866599 ], [ -78.314475810630299, 44.281981746538101 ], [ -78.314526417363496, 44.281952166437399 ], [ -78.314561469394903, 44.2819114512235 ], [ -78.314649371231596, 44.281838900292598 ], [ -78.314705745982195, 44.281800225227101 ], [ -78.314738851812606, 44.281778695067203 ], [ -78.314765679480502, 44.281753940051601 ], [ -78.314823439632093, 44.281708374359901 ], [ -78.314890701828801, 44.281642260880602 ], [ -78.314939799070899, 44.281598798771398 ], [ -78.3149999256174, 44.2815717507061 ], [ -78.315013181817704, 44.281566060345497 ], [ -78.315045797623199, 44.281552059319402 ], [ -78.315090370714202, 44.281513875308001 ], [ -78.315178466093201, 44.281460560310002 ], [ -78.315199085302993, 44.281431044327498 ], [ -78.315239064220194, 44.281399675359403 ], [ -78.315248952609494, 44.281370675820298 ], [ -78.315278234445103, 44.281339055245503 ], [ -78.315308831698104, 44.281302081022197 ], [ -78.3153508798286, 44.281272299259797 ], [ -78.315387910409896, 44.281211629685302 ], [ -78.315411283959904, 44.281192177858102 ], [ -78.3154437390467, 44.281161401609097 ], [ -78.315522222081299, 44.281084013644502 ], [ -78.315578156761703, 44.281031480575798 ], [ -78.315616836155499, 44.2809816188566 ], [ -78.315644662122395, 44.280958425686698 ], [ -78.315675944114204, 44.280929929202898 ], [ -78.315734541838196, 44.2808659197824 ], [ -78.315762684060402, 44.280835810861497 ], [ -78.315812428882793, 44.280801595076298 ], [ -78.315891104765001, 44.280743442283502 ], [ -78.315963538638499, 44.280681296665897 ], [ -78.316053191138707, 44.280617248438404 ], [ -78.316140809114899, 44.280550843984301 ], [ -78.316223219115798, 44.280481239857203 ], [ -78.316265651249793, 44.2804430050424 ], [ -78.316280962388007, 44.2804312598428 ], [ -78.316328896807903, 44.280394489482397 ], [ -78.316361651196601, 44.280380643481799 ], [ -78.316390441858005, 44.280359781126997 ], [ -78.316427490976395, 44.280322189438003 ], [ -78.316482543595299, 44.280241941644498 ], [ -78.316523326067795, 44.280192897891403 ], [ -78.3165375690471, 44.280175685348702 ], [ -78.316553921925106, 44.2801559232934 ], [ -78.316575260250502, 44.280134116859799 ], [ -78.31661036381, 44.280115710271701 ], [ -78.316654164793704, 44.280094430966699 ], [ -78.316705942846895, 44.280062570002102 ], [ -78.316754757454504, 44.280025253873902 ], [ -78.316811024101597, 44.279988882632203 ], [ -78.316886874460593, 44.279922200986903 ], [ -78.316930549773204, 44.279880149142102 ], [ -78.316911941380397, 44.279842017893799 ], [ -78.316912457518697, 44.279841608694198 ], [ -78.316967489926398, 44.2797979367948 ], [ -78.317090382516696, 44.279709282910801 ], [ -78.317143543972307, 44.279670531100003 ], [ -78.317153026926903, 44.279626905798402 ], [ -78.317240551646606, 44.279538959074799 ], [ -78.317295183737201, 44.279467932474702 ], [ -78.317318975819006, 44.279439259506198 ], [ -78.317345451402403, 44.2794221884986 ], [ -78.317373611441297, 44.279415157391398 ], [ -78.317404506844298, 44.2793951139803 ], [ -78.317464680660294, 44.279343448432101 ], [ -78.317497694720402, 44.279300376083199 ], [ -78.317562636816902, 44.279238053376197 ], [ -78.3176072414673, 44.279199100265899 ], [ -78.317652845162598, 44.279161708293898 ], [ -78.317675547183796, 44.279109931832998 ], [ -78.317686874713203, 44.279089114331498 ], [ -78.3177094355528, 44.279047649064502 ], [ -78.3177621514442, 44.278948113924699 ], [ -78.317790496275506, 44.278866469068497 ], [ -78.317762350792407, 44.278849653079 ], [ -78.317742972503893, 44.278828427351797 ], [ -78.317726013390498, 44.278801105046398 ], [ -78.317761586077907, 44.2787488612584 ], [ -78.317835513724006, 44.278771368739299 ], [ -78.317871456900704, 44.278734519424098 ], [ -78.317915375510395, 44.2786870874288 ], [ -78.317990012697607, 44.278623453689299 ], [ -78.318057164026797, 44.278559644020099 ], [ -78.318068580970404, 44.278547345238003 ], [ -78.318097700349398, 44.278515979387002 ], [ -78.318160694918603, 44.278472842377496 ], [ -78.318190414399893, 44.278455077642597 ], [ -78.318216504494202, 44.278446460014599 ], [ -78.318239036506299, 44.278445450790201 ], [ -78.318264393355605, 44.278452969667299 ], [ -78.3182894434498, 44.278476946571899 ], [ -78.3182903212561, 44.278477786449898 ], [ -78.318316351282107, 44.2785027001553 ], [ -78.318318773312498, 44.278505018561297 ], [ -78.318377337753901, 44.278488701160597 ], [ -78.318370360165005, 44.278457098527603 ], [ -78.318359582216104, 44.278408280568598 ], [ -78.318351810968593, 44.278367326975903 ], [ -78.318359451754603, 44.278340582671198 ], [ -78.318372056679607, 44.278322416726297 ], [ -78.318405054295795, 44.2783031903652 ], [ -78.318450817682404, 44.278285803363502 ], [ -78.318528684419903, 44.278245322938297 ], [ -78.318577075407703, 44.278217227547898 ], [ -78.318632410063699, 44.278177756340803 ], [ -78.318691952033902, 44.278139922514498 ], [ -78.318759736328502, 44.278109206321403 ], [ -78.318800221844995, 44.278090155726801 ], [ -78.318825429633307, 44.2780767160355 ], [ -78.318837532683503, 44.278070262610797 ], [ -78.318877123959197, 44.278047344983797 ], [ -78.318911853384805, 44.278013543988003 ], [ -78.318936329704002, 44.277993348487499 ], [ -78.318967047751499, 44.277977146482598 ], [ -78.318999044609399, 44.277956358763198 ], [ -78.319037705348507, 44.277930342063897 ], [ -78.319058041597103, 44.277906973040999 ], [ -78.319091389640306, 44.277880062707901 ], [ -78.319130978186493, 44.2778571449278 ], [ -78.319178930150898, 44.2778151926451 ], [ -78.319297363140393, 44.277730277614602 ], [ -78.319438607140597, 44.277638206127698 ], [ -78.319538178472698, 44.2775913115291 ], [ -78.319600439409598, 44.2775643102337 ], [ -78.319674325786195, 44.277540659940598 ], [ -78.319699960867396, 44.277542030710102 ], [ -78.319739396954105, 44.2775460338462 ], [ -78.319801132123601, 44.277530559899802 ], [ -78.319869670870503, 44.277506783018701 ], [ -78.319912293642602, 44.277487782207402 ], [ -78.319929141466602, 44.277470485445498 ], [ -78.319962209226503, 44.2774497225967 ], [ -78.319989437587793, 44.277439591804402 ], [ -78.320025943734393, 44.277437371730002 ], [ -78.320074076672, 44.277438501771002 ], [ -78.320105164069005, 44.277437693934303 ], [ -78.320145089458293, 44.277430938353497 ], [ -78.320205720469602, 44.277416207105603 ], [ -78.320261353417905, 44.277393665589898 ], [ -78.320318776088399, 44.2773788589638 ], [ -78.320405462636501, 44.277356277520703 ], [ -78.320470267179601, 44.277343952423799 ], [ -78.320504599020893, 44.277342450897002 ], [ -78.320532617923405, 44.277338492853801 ], [ -78.320594284084194, 44.277324554537302 ], [ -78.320658334042804, 44.2773052884585 ], [ -78.320728255692103, 44.277274620356799 ], [ -78.320802316021798, 44.277247126511703 ], [ -78.320841113993694, 44.277218036156597 ], [ -78.320955868021898, 44.277166880917903 ], [ -78.321080770725999, 44.277104424832402 ], [ -78.321149041814394, 44.277062947670302 ], [ -78.321187176933293, 44.277048457706798 ], [ -78.321213370824196, 44.277037533504398 ], [ -78.321227904254599, 44.277024027337497 ], [ -78.321289456917796, 44.276965469841002 ], [ -78.321341858588895, 44.276919774157903 ], [ -78.321388912675602, 44.276873952965403 ], [ -78.321430560727606, 44.276827776227201 ], [ -78.321441908021498, 44.276815194580799 ], [ -78.321464313602206, 44.276793411361197 ], [ -78.321501300029794, 44.276733507556003 ], [ -78.321547737706595, 44.276677671507699 ], [ -78.3215938958311, 44.276627983203703 ], [ -78.321631253658595, 44.276583472976696 ], [ -78.321680375369297, 44.276539238755902 ], [ -78.321695503591002, 44.2765126698975 ], [ -78.321684820007803, 44.276488571675202 ], [ -78.321697459663696, 44.276469637330798 ], [ -78.321717829339804, 44.276445497970201 ], [ -78.3217438620281, 44.276414569211802 ], [ -78.321775277098993, 44.276382996990201 ], [ -78.321808761468603, 44.276353012790899 ], [ -78.3218366189558, 44.276329049988 ], [ -78.321868580259505, 44.276309029462098 ], [ -78.321912410199104, 44.2762869799583 ], [ -78.321939883426595, 44.276271469859303 ], [ -78.322093445033701, 44.276167375388702 ], [ -78.322347304685195, 44.276000246038002 ], [ -78.322594882232494, 44.275832267449402 ], [ -78.322620183611093, 44.275815100141799 ], [ -78.322658630599193, 44.275793692932297 ], [ -78.322677705369003, 44.275780360613702 ], [ -78.322716134369699, 44.275753501758501 ], [ -78.322753947236706, 44.275729115917301 ], [ -78.322769080348095, 44.2757193570826 ], [ -78.322819210665202, 44.2756801920968 ], [ -78.322837907250204, 44.275665584185397 ], [ -78.322887962729297, 44.275627485147602 ], [ -78.322905559032293, 44.275614092008396 ], [ -78.322978712312207, 44.275535804092499 ], [ -78.3230681880883, 44.275451744584103 ], [ -78.323111995279007, 44.275406616265599 ], [ -78.323121621058405, 44.275406841995498 ], [ -78.323138960719504, 44.275388034810298 ], [ -78.323209899531506, 44.275311092049698 ], [ -78.323222979321997, 44.275296906034797 ], [ -78.3232700991515, 44.2752495479128 ], [ -78.323327382723207, 44.275167040731901 ], [ -78.323407418061194, 44.275055066924601 ], [ -78.323419952182604, 44.275038436431203 ], [ -78.323428414818906, 44.275017095625699 ], [ -78.323421731129898, 44.274999245674103 ], [ -78.323424638229596, 44.2749823903467 ], [ -78.323437962042604, 44.274971932692303 ], [ -78.323461840860602, 44.2749648005883 ], [ -78.323463980046299, 44.274964850746898 ], [ -78.323494848010299, 44.274921726305799 ], [ -78.323511728963595, 44.274903660042 ], [ -78.323530644393401, 44.274887948899597 ], [ -78.323554953849694, 44.274847747827003 ], [ -78.323569766643203, 44.274828094481698 ], [ -78.323591309877301, 44.274801674873402 ], [ -78.323605330414296, 44.274775848622703 ], [ -78.323604063824106, 44.274756587110602 ], [ -78.323598379261298, 44.274740299175797 ], [ -78.323599938096706, 44.274729566556303 ], [ -78.323614889208699, 44.274706839285301 ], [ -78.323653535624103, 44.274633896189798 ], [ -78.323714542232196, 44.274500897373699 ], [ -78.323715327993497, 44.2744991845545 ], [ -78.323812268258806, 44.2743214495936 ], [ -78.323853262720604, 44.274243945730497 ], [ -78.323866343301901, 44.274168095765297 ], [ -78.323869147626297, 44.2741386556783 ], [ -78.323870436827306, 44.274125112355399 ], [ -78.323866846168997, 44.274062717880803 ], [ -78.323883716427304, 44.273997725926201 ], [ -78.323895134679304, 44.273934914475703 ], [ -78.3239035180749, 44.273868184971697 ], [ -78.323925691468105, 44.273757160790304 ], [ -78.323962894358999, 44.273668798823401 ], [ -78.323989991870903, 44.273596239364203 ], [ -78.323993366955506, 44.273587201332603 ], [ -78.324010842972896, 44.273485299399397 ], [ -78.324019064499296, 44.273398565428202 ], [ -78.324076950903006, 44.2732083757694 ], [ -78.324166551364002, 44.273003543682698 ], [ -78.324181957579398, 44.272900053713698 ], [ -78.324217102930902, 44.272786257273701 ], [ -78.324213199145106, 44.272730778625601 ], [ -78.324225498455903, 44.272695681353397 ], [ -78.324270012428499, 44.272682108711003 ], [ -78.3242848580703, 44.272661686294903 ], [ -78.324299472884903, 44.272552024327503 ], [ -78.324307298873705, 44.272533457598797 ], [ -78.324322270957296, 44.272497941314199 ], [ -78.324360460145996, 44.272434986667598 ], [ -78.324382490544195, 44.272397809146298 ], [ -78.324411310546296, 44.272376176580998 ], [ -78.324474597759604, 44.272349966390102 ], [ -78.324566180304103, 44.2723136492748 ], [ -78.324588630403994, 44.272305116816597 ], [ -78.324596684549107, 44.272302055568403 ], [ -78.324584511443902, 44.272249457579001 ], [ -78.324582364037596, 44.272240179359201 ], [ -78.324509125543898, 44.272226155043803 ], [ -78.324487351406404, 44.272215576840502 ], [ -78.324452558893597, 44.272198674214003 ], [ -78.324436494160096, 44.272175218948 ], [ -78.324440412590704, 44.272136078305799 ], [ -78.324462569726293, 44.272119674142502 ], [ -78.324491121830704, 44.272080342035899 ], [ -78.324506071883206, 44.272057614613502 ], [ -78.324525568286305, 44.271981914023797 ], [ -78.324558154651001, 44.2718772880758 ], [ -78.324593043041105, 44.2717927176354 ], [ -78.324632882059404, 44.271740572532103 ], [ -78.324694322503106, 44.271613544967401 ], [ -78.324739799953903, 44.271531530072899 ], [ -78.3247769190817, 44.271468551099098 ], [ -78.324792736510901, 44.271434880330197 ], [ -78.324799437175699, 44.271420615747502 ], [ -78.324807179928598, 44.271391565046798 ], [ -78.324802541808296, 44.271352223858898 ], [ -78.324805901803998, 44.271325377867797 ], [ -78.324816643189706, 44.271301013186999 ], [ -78.3248379178806, 44.271256894691597 ], [ -78.324863225225698, 44.2712182552849 ], [ -78.324888870159796, 44.271195778444998 ], [ -78.324927895057399, 44.271185154069201 ], [ -78.324936767714902, 44.271183186014198 ], [ -78.324959258246395, 44.271178196138202 ], [ -78.324997050956796, 44.2711475421968 ], [ -78.325028851879097, 44.271104826297901 ], [ -78.325034332023193, 44.271097463470802 ], [ -78.325041517320102, 44.271087812471698 ], [ -78.325060145785201, 44.271054204835401 ], [ -78.325127809765107, 44.270932134869398 ], [ -78.325140177868207, 44.270895500518598 ], [ -78.325175726641902, 44.270867101357901 ], [ -78.325226714371794, 44.270805216045503 ], [ -78.325321188691703, 44.2707051180641 ], [ -78.325393279706702, 44.270615182802104 ], [ -78.325411978783805, 44.270591855281303 ], [ -78.325513101900796, 44.270439602025597 ], [ -78.325523816628206, 44.270422440707897 ], [ -78.325560437277204, 44.270363784647003 ], [ -78.325645773774099, 44.270181930138897 ], [ -78.325729064497395, 44.270021566886498 ], [ -78.325759311234407, 44.269968426908697 ], [ -78.325839322485805, 44.269880297410701 ], [ -78.3259356314516, 44.269763317477498 ], [ -78.325948568573693, 44.269744114122503 ], [ -78.326041420192496, 44.269606285395199 ], [ -78.326050422437604, 44.2695929218144 ], [ -78.326087078660393, 44.2695417702624 ], [ -78.326135001554604, 44.269474897196602 ], [ -78.326148996296098, 44.269458559882601 ], [ -78.326202829374097, 44.269395713545698 ], [ -78.326256347739402, 44.269301578601898 ], [ -78.326267389464803, 44.269223372224502 ], [ -78.326259774240896, 44.2691316513461 ], [ -78.326268503901304, 44.269057236817801 ], [ -78.326295832492207, 44.268974027328802 ], [ -78.326329843761499, 44.268908666705002 ], [ -78.326391345773601, 44.268780101927398 ], [ -78.3264474532306, 44.268682288652897 ], [ -78.326451591861101, 44.268675074391197 ], [ -78.326511084135404, 44.268571357983497 ], [ -78.326515003151698, 44.2685607814227 ], [ -78.326533751629398, 44.2685101826116 ], [ -78.326537622086505, 44.268499737254302 ], [ -78.3265611018616, 44.2684363698067 ], [ -78.326561115339999, 44.2684362107723 ], [ -78.326567648117205, 44.268361216296 ], [ -78.326568039748096, 44.268360344091597 ], [ -78.326567785921, 44.268359642228603 ], [ -78.326572269716394, 44.268308163756501 ], [ -78.326574953941503, 44.268294563034601 ], [ -78.326586171245197, 44.268237717227301 ], [ -78.326602117431506, 44.268177243295099 ], [ -78.3266236672671, 44.268095512585198 ], [ -78.3266331845048, 44.268067914045801 ], [ -78.326633803299799, 44.268066121670799 ], [ -78.326670510126505, 44.267959680254798 ], [ -78.326709820624501, 44.267848287927599 ], [ -78.326728522523197, 44.267766414874401 ], [ -78.326818164032801, 44.267583890490599 ], [ -78.326820306517604, 44.267579635512099 ], [ -78.326833029155694, 44.267554369926302 ], [ -78.326866401423302, 44.267488092980898 ], [ -78.326899820767295, 44.2674130411731 ], [ -78.326903352886703, 44.267405107769498 ], [ -78.326920196479804, 44.267380802945802 ], [ -78.326926386143995, 44.2673718712403 ], [ -78.326944150759203, 44.267346236656302 ], [ -78.326970069058206, 44.267308835448098 ], [ -78.326972991637504, 44.267304617639603 ], [ -78.326984799836694, 44.2672875781115 ], [ -78.327022594534398, 44.267233040827698 ], [ -78.3270717442239, 44.267162116889402 ], [ -78.327209251751, 44.2670099451637 ], [ -78.327291989179798, 44.266908800928803 ], [ -78.327583153863799, 44.266606928903599 ], [ -78.327662661860302, 44.2665162754055 ], [ -78.327694697541602, 44.266479748267699 ], [ -78.327703647753907, 44.266471188140102 ], [ -78.327897247762294, 44.266286019811403 ], [ -78.328035288795803, 44.266169245167298 ], [ -78.328141491253703, 44.266084427905398 ], [ -78.328230897724595, 44.265986892554601 ], [ -78.328271375183505, 44.265948526395498 ], [ -78.328358417202494, 44.2658660252416 ], [ -78.328497792831399, 44.265766975421698 ], [ -78.3285564697143, 44.265720768685902 ], [ -78.328572928309598, 44.265707807166997 ], [ -78.328602146535502, 44.265684798200503 ], [ -78.328740452564801, 44.265585722148998 ], [ -78.328784268280003, 44.265554239161403 ], [ -78.328872132628007, 44.265491106631302 ], [ -78.329041424955093, 44.265369678331901 ], [ -78.329083499385504, 44.265345677248199 ], [ -78.329137844313195, 44.265314677259902 ], [ -78.329237033709106, 44.265258096098599 ], [ -78.329397932888, 44.265156470676402 ], [ -78.329405366464599, 44.2651518424777 ], [ -78.329459770011795, 44.265117964601302 ], [ -78.329525919490706, 44.265100748434698 ], [ -78.329527112687899, 44.265100046219104 ], [ -78.342081276502896, 44.261828217499897 ], [ -78.342767197037205, 44.263282842954801 ], [ -78.350232336634605, 44.261485391488897 ], [ -78.351599770788596, 44.258477892133698 ], [ -78.3519158824286, 44.257787073212199 ], [ -78.352145137902497, 44.257286006456901 ], [ -78.352424264845297, 44.256652828588997 ], [ -78.353061937929198, 44.2552440217639 ], [ -78.353351869963603, 44.254668267241399 ], [ -78.354329844133503, 44.2533395702741 ], [ -78.356890827534997, 44.252725641021101 ], [ -78.3572651058047, 44.252635912443097 ], [ -78.358201216869006, 44.254630136682898 ], [ -78.359213339867907, 44.256862540332797 ], [ -78.360831646742795, 44.256418965599302 ], [ -78.360110245428899, 44.254786331618099 ], [ -78.359308122073998, 44.253091891695199 ], [ -78.361100601786404, 44.252657498557198 ], [ -78.362130688079802, 44.254954950718798 ], [ -78.362366078624007, 44.255523265901303 ], [ -78.363669719344699, 44.258284919231002 ], [ -78.364691403541997, 44.258038964759301 ], [ -78.367312581873904, 44.263677015895802 ], [ -78.374460236721802, 44.261945349214301 ], [ -78.376225467443803, 44.2654833624104 ], [ -78.378945849026593, 44.265595454908699 ], [ -78.378655430693499, 44.266949572364702 ], [ -78.377188479178201, 44.266709960592799 ], [ -78.377057092773398, 44.267254692310402 ], [ -78.378547507262795, 44.267492593871502 ], [ -78.378517449410694, 44.267713863116398 ], [ -78.378113232707804, 44.269244518175903 ], [ -78.378007373125399, 44.269590075046601 ], [ -78.377450021253495, 44.269495915121702 ], [ -78.377318974844698, 44.269896393355502 ], [ -78.377876330235793, 44.269990554001097 ], [ -78.377722668813703, 44.270460155506797 ], [ -78.377620050584, 44.270773757940297 ], [ -78.379016928238102, 44.2737497605549 ], [ -78.378920978301394, 44.2737723692847 ], [ -78.378977897746793, 44.273892253337898 ], [ -78.378425354414603, 44.274024630600202 ], [ -78.376754067346795, 44.2744098052952 ], [ -78.3764957237929, 44.274469341324803 ], [ -78.375150053526994, 44.274779447390699 ], [ -78.373211024879296, 44.275251802262297 ], [ -78.3729722997506, 44.275309954156597 ], [ -78.371896293721605, 44.275572052748203 ], [ -78.370605799507899, 44.2758637032736 ], [ -78.369654029364597, 44.276092476088998 ], [ -78.3693428278591, 44.2761672764669 ], [ -78.367267418808197, 44.276666092763797 ], [ -78.366241185125205, 44.276911321533099 ], [ -78.3658190039543, 44.277012203143798 ], [ -78.364955592428302, 44.277218510406499 ], [ -78.364548290505297, 44.277327531709702 ], [ -78.362679381600401, 44.277779482351498 ], [ -78.362353065087802, 44.2778583896973 ], [ -78.360174087164296, 44.278385267801802 ], [ -78.359207381514807, 44.278619001403897 ], [ -78.358770037162401, 44.278724740304703 ], [ -78.357788060140507, 44.278962150762098 ], [ -78.358211965169104, 44.279952125523003 ], [ -78.359714915820305, 44.283446873034002 ], [ -78.362848992367006, 44.290629406398601 ], [ -78.363210762568102, 44.291470295045102 ], [ -78.362272696794406, 44.291682016761001 ], [ -78.359541243456505, 44.2922984547006 ], [ -78.358535185490993, 44.2925437080617 ], [ -78.358473065740995, 44.292561702229698 ], [ -78.358248502762294, 44.292639831786701 ], [ -78.357937410298007, 44.292763993514299 ], [ -78.357451237562401, 44.292977021172902 ], [ -78.357116354322798, 44.293205458494398 ], [ -78.356489580355898, 44.2937081345164 ], [ -78.356104611397001, 44.294137737814701 ], [ -78.3559783635163, 44.294280514936197 ], [ -78.355847167828699, 44.294401847876799 ], [ -78.355716519845799, 44.2945073988435 ], [ -78.3556316463211, 44.2945656506365 ], [ -78.355472191390405, 44.294667548657301 ], [ -78.355336241476607, 44.294741304512698 ], [ -78.355137789214496, 44.294838474167797 ], [ -78.354975622981996, 44.294913185041402 ], [ -78.354835440504701, 44.294967064877397 ], [ -78.354680466746402, 44.295021502047902 ], [ -78.354501767574902, 44.295065320432002 ], [ -78.354385672770306, 44.295081668924503 ], [ -78.354295963930596, 44.295089586450302 ], [ -78.354193391708506, 44.295090421247899 ], [ -78.354108657471997, 44.2950895051491 ], [ -78.353996225451993, 44.295079459119897 ], [ -78.353880506783298, 44.295063222092701 ], [ -78.353726290401298, 44.2950438813997 ], [ -78.353647785988201, 44.295025841116697 ], [ -78.353488041935407, 44.294974762234801 ], [ -78.353383163554, 44.294929635777002 ], [ -78.352374786393597, 44.294439874445501 ], [ -78.352009706561603, 44.294342763684497 ], [ -78.351834059416802, 44.2943275264223 ], [ -78.350989079331896, 44.294285057135603 ], [ -78.350370190932907, 44.294428206235303 ], [ -78.349675554847195, 44.294587285586601 ], [ -78.348850453110501, 44.294783346315803 ], [ -78.348202931655706, 44.294938757432703 ], [ -78.347863226033198, 44.295021291164097 ], [ -78.346000147177804, 44.295467412067303 ], [ -78.345496270361195, 44.295592858712801 ], [ -78.342708842786195, 44.296262879695298 ], [ -78.342643343593807, 44.296278623174899 ], [ -78.3424910464215, 44.296315228308501 ], [ -78.340937325852494, 44.296688656465101 ], [ -78.339650439083698, 44.297010010142301 ], [ -78.3387447900231, 44.297234100507801 ], [ -78.338547920092495, 44.297282823271402 ], [ -78.338348693130499, 44.297332129932698 ], [ -78.338211104615297, 44.297366180604698 ], [ -78.337221068184704, 44.297621420386101 ], [ -78.336844847711305, 44.297722819735299 ], [ -78.335306538105797, 44.2981164005746 ], [ -78.335002997135504, 44.298194058459202 ], [ -78.334921637377306, 44.298214874787099 ] ] ] } },
{ "type": "Feature", "properties": { "OBJECTID": 94, "WARDTYPE": "WARD", "WARDNAME": "Northcrest Ward 5", "WARD_ID": 101, "YEAR": 2018, "ACTIVE": "Yes", "Shape__Area": 12061151.1992188, "Shape__Length": 21500.409914021999 }, "geometry": { "type": "Polygon", "coordinates": [ [ [ -78.340964741126399, 44.310673163481603 ], [ -78.341025024731394, 44.310660169610003 ], [ -78.341107512939601, 44.310741067905198 ], [ -78.341137284751198, 44.310774675529601 ], [ -78.341666710750999, 44.311372229795701 ], [ -78.341743202977298, 44.311355825551601 ], [ -78.342913152278896, 44.312630503725103 ], [ -78.343658572179194, 44.3124666522124 ], [ -78.343657693394604, 44.3124688707518 ], [ -78.343649144868607, 44.312490448625901 ], [ -78.343645270419003, 44.312500227302799 ], [ -78.343632837490205, 44.312531581820103 ], [ -78.343620395860995, 44.312562934333002 ], [ -78.3436079430261, 44.312594284783003 ], [ -78.343595481490595, 44.3126256332284 ], [ -78.343583010002007, 44.312656979640202 ], [ -78.343570529812794, 44.3126883240474 ], [ -78.343558038417797, 44.3127196663917 ], [ -78.343545538322303, 44.312751006731503 ], [ -78.343533029485499, 44.312782345966099 ], [ -78.343520508230995, 44.312813682209303 ], [ -78.343507979487796, 44.312845017376397 ], [ -78.343495440832001, 44.312876349610498 ], [ -78.343482892182294, 44.312907680710197 ], [ -78.343470333619905, 44.312939008876903 ], [ -78.343457766316305, 44.312970335938203 ], [ -78.343444080855306, 44.313003989399697 ], [ -78.343437299135502, 44.313020978249099 ], [ -78.343430302502199, 44.313038505863901 ], [ -78.3434200059787, 44.313064304049803 ], [ -78.343407397649898, 44.313095622047697 ], [ -78.343394781832203, 44.313126938969603 ], [ -78.343382156061196, 44.313158253857701 ], [ -78.343369520336793, 44.313189566711998 ], [ -78.343356875952097, 44.313220876662498 ], [ -78.343971473246398, 44.313880114969201 ], [ -78.343971123339898, 44.313880283281797 ], [ -78.344529590764296, 44.3144933732775 ], [ -78.347751124583496, 44.3179561637684 ], [ -78.348311509782505, 44.318554407869897 ], [ -78.349529100064004, 44.319883007942302 ], [ -78.349566705614393, 44.319866243805897 ], [ -78.351585117268499, 44.322027650314297 ], [ -78.352774801264403, 44.323199852414902 ], [ -78.3513042992046, 44.323931894061303 ], [ -78.357391824969795, 44.329828803553802 ], [ -78.3473457173734, 44.335122779177603 ], [ -78.335722207002107, 44.340994479494803 ], [ -78.335622844135898, 44.341045400594602 ], [ -78.326191079528101, 44.345805342062803 ], [ -78.322970176915504, 44.347430477130303 ], [ -78.320880220849006, 44.348484463143599 ], [ -78.319831462588894, 44.348976029842298 ], [ -78.313335851566407, 44.352020206871799 ], [ -78.313180768522798, 44.352092878819199 ], [ -78.313329751566897, 44.352410641720397 ], [ -78.310124854934102, 44.353762588222999 ], [ -78.307577797291998, 44.354853814101503 ], [ -78.305858696266995, 44.355584937957502 ], [ -78.300033707699299, 44.3581725680502 ], [ -78.301276765939605, 44.361081272130797 ], [ -78.304054526112097, 44.367007039779701 ], [ -78.297050003128106, 44.368709283402403 ], [ -78.295584229254004, 44.3654788687424 ], [ -78.294806045676395, 44.366474081483297 ], [ -78.295119190821794, 44.366591883014202 ], [ -78.294534894238794, 44.367337228838501 ], [ -78.295263314181895, 44.367634828911498 ], [ -78.295224965146204, 44.367684436096198 ], [ -78.294491623258097, 44.367392434025298 ], [ -78.294002441427196, 44.368016417300801 ], [ -78.293886849947995, 44.368325793093298 ], [ -78.293601593312403, 44.368904932279797 ], [ -78.293470041951693, 44.369271992954701 ], [ -78.293511891106903, 44.369402137928503 ], [ -78.293805478764895, 44.369520401165701 ], [ -78.293647467543906, 44.369724732172998 ], [ -78.293475783311294, 44.370001538114302 ], [ -78.293288853492299, 44.370245277272801 ], [ -78.293092513845295, 44.370596519170398 ], [ -78.292849356410301, 44.3705418676752 ], [ -78.291142655946203, 44.372554317043601 ], [ -78.290679447571605, 44.371449496078597 ], [ -78.290666433511305, 44.371418451980198 ], [ -78.290714228257997, 44.371325924273798 ], [ -78.290796414264094, 44.371199845980399 ], [ -78.290850570951804, 44.371120780597799 ], [ -78.290892580874996, 44.371059448474298 ], [ -78.290976730460102, 44.370967812333099 ], [ -78.2910660831933, 44.3708788473783 ], [ -78.291152324478702, 44.3707885445315 ], [ -78.291161256644301, 44.370779192055203 ], [ -78.291227106367401, 44.370699223739898 ], [ -78.291305800417803, 44.370622876789803 ], [ -78.291311701067002, 44.370617152465897 ], [ -78.291443238289403, 44.3704221786926 ], [ -78.291458444267107, 44.3703984636307 ], [ -78.291549445804804, 44.370256540365503 ], [ -78.291555708088495, 44.370236305968099 ], [ -78.291558047161899, 44.370205726210401 ], [ -78.291560181728698, 44.3701778117983 ], [ -78.291584273361096, 44.370079017148797 ], [ -78.291593803538703, 44.370065184683497 ], [ -78.291630907223507, 44.370011332330499 ], [ -78.291643906001497, 44.369979791944097 ], [ -78.291649706038299, 44.369911774683999 ], [ -78.291653608578997, 44.369827151945302 ], [ -78.291662738979298, 44.369725454508199 ], [ -78.291692364297106, 44.369649456313198 ], [ -78.2916949678512, 44.369642776873299 ], [ -78.291756499628406, 44.369483085063003 ], [ -78.291803654338395, 44.369394673021297 ], [ -78.291832318253597, 44.369340930940503 ], [ -78.291886656818406, 44.369234634408798 ], [ -78.291889904211502, 44.3692282808328 ], [ -78.291885197166906, 44.3692147929507 ], [ -78.291878868427602, 44.369190611903797 ], [ -78.291877647599307, 44.369185950152101 ], [ -78.291872069942599, 44.369133586887401 ], [ -78.291877489418894, 44.369073841255798 ], [ -78.291886563360293, 44.369048123385902 ], [ -78.291914263050501, 44.368969614500202 ], [ -78.291936707339502, 44.368889454062 ], [ -78.291959973210496, 44.368806362927998 ], [ -78.291967449910601, 44.368785696378303 ], [ -78.291982363132107, 44.368744472156898 ], [ -78.292016578401203, 44.368599419564802 ], [ -78.292045477506605, 44.368501421256397 ], [ -78.292075522037806, 44.3683995375427 ], [ -78.292097061481698, 44.368279025327197 ], [ -78.292111063226898, 44.368244961811698 ], [ -78.292114391985194, 44.368211281578098 ], [ -78.292128323037602, 44.368160621715397 ], [ -78.292138929281407, 44.368122051916103 ], [ -78.2921610040095, 44.368009196571201 ], [ -78.292185319254898, 44.367892440389198 ], [ -78.292187888431599, 44.367880106428203 ], [ -78.2921895164624, 44.367872288398502 ], [ -78.292198668274395, 44.367785939193098 ], [ -78.292203658790797, 44.3677388618542 ], [ -78.292228296965206, 44.367645830020898 ], [ -78.292234838758802, 44.367621126969198 ], [ -78.292285641522199, 44.367482199793898 ], [ -78.292324553128196, 44.3674085985555 ], [ -78.292330715255403, 44.367401466955499 ], [ -78.2923677011037, 44.367358665055299 ], [ -78.292380793162096, 44.367344325535598 ], [ -78.292411095801896, 44.367274329986799 ], [ -78.292419551548704, 44.367254795759401 ], [ -78.292488115494507, 44.367096545091599 ], [ -78.292518019055606, 44.367050855427898 ], [ -78.292537787373107, 44.367020650354597 ], [ -78.292595867033896, 44.366974256103099 ], [ -78.2926236488141, 44.3669420849467 ], [ -78.2926292833845, 44.366935560202101 ], [ -78.292660536020904, 44.366899369735101 ], [ -78.292668095580098, 44.3668906165667 ], [ -78.292687565705293, 44.3668507048883 ], [ -78.292693590595704, 44.366838352950197 ], [ -78.292692103501395, 44.366812839145901 ], [ -78.292686671847704, 44.366796012110399 ], [ -78.292679670721498, 44.366774326904 ], [ -78.292650914482607, 44.366723961644503 ], [ -78.292629019256907, 44.366678854644498 ], [ -78.292613212965406, 44.366663623474402 ], [ -78.292582258921101, 44.366633795233497 ], [ -78.292530652691198, 44.366597538027897 ], [ -78.292507375928295, 44.366589292185701 ], [ -78.292507040038402, 44.366589173485004 ], [ -78.292502125353096, 44.366587432818903 ], [ -78.292465127012804, 44.366574326823397 ], [ -78.292439452547697, 44.366559860845001 ], [ -78.292427609149001, 44.366553188889696 ], [ -78.292426180431306, 44.3665523834675 ], [ -78.292396930777898, 44.366537012525299 ], [ -78.292390636286896, 44.366533705063603 ], [ -78.292377090415997, 44.3665193710343 ], [ -78.292376683927401, 44.366516700194403 ], [ -78.2923746184794, 44.3665031363495 ], [ -78.292373681685007, 44.366496995894103 ], [ -78.292373256431404, 44.3664897773468 ], [ -78.292372989332407, 44.366485253457398 ], [ -78.292372880170603, 44.366483401713801 ], [ -78.292372305639304, 44.366473649867501 ], [ -78.292371688474802, 44.366463189397798 ], [ -78.292378564670599, 44.3664295942 ], [ -78.2923960842285, 44.366396250579598 ], [ -78.292397826086997, 44.366393176065799 ], [ -78.292409617276405, 44.366372366952902 ], [ -78.292409646626894, 44.366371730258201 ], [ -78.292423809637697, 44.366295630624698 ], [ -78.292401549505996, 44.366291524009497 ], [ -78.292352493355096, 44.366282473947301 ], [ -78.292357559101404, 44.366252733069999 ], [ -78.292370144860399, 44.366178833196798 ], [ -78.2923707538461, 44.366175260068196 ], [ -78.292403354422504, 44.366065202100302 ], [ -78.292413914285305, 44.366033423698902 ], [ -78.292426034776895, 44.365996947797903 ], [ -78.292437286632506, 44.3659689696428 ], [ -78.292447095477499, 44.365944579942202 ], [ -78.292453854329196, 44.365917611540397 ], [ -78.292462329504303, 44.3658837931862 ], [ -78.292465943489105, 44.365824641161701 ], [ -78.292452383695206, 44.365772088556596 ], [ -78.292420006414702, 44.365684692965701 ], [ -78.292404708521303, 44.365650571760099 ], [ -78.292391031498099, 44.365600564129302 ], [ -78.2923892359278, 44.365543195054201 ], [ -78.292387117757897, 44.365492824225797 ], [ -78.292361903687905, 44.365423433784201 ], [ -78.292346210581499, 44.365359365621103 ], [ -78.292318377285298, 44.365327493899898 ], [ -78.292250495258898, 44.365239893388001 ], [ -78.292245358995899, 44.365231609694398 ], [ -78.292243743575298, 44.365229002001698 ], [ -78.292228053612703, 44.365203689612798 ], [ -78.292197600011605, 44.365154559645198 ], [ -78.292177883845994, 44.365117847045198 ], [ -78.292156713717702, 44.365078427947402 ], [ -78.292149493389303, 44.365061696189898 ], [ -78.292150558464101, 44.364980826806999 ], [ -78.292169845156195, 44.364928416909102 ], [ -78.292179654256799, 44.3649082666049 ], [ -78.292187465443604, 44.364905511631797 ], [ -78.292193192098296, 44.364903492241403 ], [ -78.292198918202303, 44.3648531094383 ], [ -78.292210242426194, 44.3647534859373 ], [ -78.292248304613693, 44.364418573797998 ], [ -78.292271843835493, 44.364400280560801 ], [ -78.292318292225104, 44.364377388436502 ], [ -78.292377393804898, 44.364370080332797 ], [ -78.292409451563501, 44.364369267122498 ], [ -78.292406581526294, 44.364353774715603 ], [ -78.292372531151599, 44.364340969987197 ], [ -78.292368066803405, 44.364332758053997 ], [ -78.292356013453897, 44.364310585662501 ], [ -78.292264528934695, 44.364299845765998 ], [ -78.292189789165604, 44.364288646882798 ], [ -78.292143400538293, 44.364258410940501 ], [ -78.292100281801098, 44.364126103420901 ], [ -78.292088576048997, 44.364100177919099 ], [ -78.292086247536702, 44.364095018146003 ], [ -78.292072083312803, 44.364063648901698 ], [ -78.292056540345797, 44.364030337472897 ], [ -78.292035721013207, 44.363985714106398 ], [ -78.291977793983307, 44.363874782328899 ], [ -78.291936181725504, 44.363833666424199 ], [ -78.291890270448505, 44.363777380686102 ], [ -78.291789951644304, 44.363654395801198 ], [ -78.291713339961305, 44.363544293536599 ], [ -78.291667112050604, 44.363487780528096 ], [ -78.291591577916805, 44.363412100366403 ], [ -78.291492200915201, 44.3632950892477 ], [ -78.291397171411703, 44.363180091581803 ], [ -78.291335036159197, 44.363121927066601 ], [ -78.291291625926107, 44.363093561094097 ], [ -78.291212643647498, 44.363041950395697 ], [ -78.291123184480099, 44.362960206531099 ], [ -78.291039962483595, 44.362877974134499 ], [ -78.290985055498595, 44.3628164519195 ], [ -78.290948782706494, 44.362775807179801 ], [ -78.290822271999303, 44.362669616408198 ], [ -78.290668019885601, 44.362529645168898 ], [ -78.290545117686904, 44.362422265858903 ], [ -78.290485080663302, 44.362357143880601 ], [ -78.290424978383797, 44.362312783252499 ], [ -78.290409457979294, 44.362297811532201 ], [ -78.290377216881595, 44.362266711552699 ], [ -78.290327341296802, 44.362215816412501 ], [ -78.290284930970401, 44.362159051361203 ], [ -78.290266296578807, 44.362134109024502 ], [ -78.290244009200407, 44.362059054646501 ], [ -78.290246536753102, 44.362027874374903 ], [ -78.290248130943297, 44.362008195403597 ], [ -78.290253066032093, 44.361989651763302 ], [ -78.290265314603005, 44.361943633547902 ], [ -78.290255546850503, 44.361905183386803 ], [ -78.290269065577604, 44.361843082287599 ], [ -78.290298789829606, 44.361795378612101 ], [ -78.290308448865105, 44.361784549897301 ], [ -78.290375565972596, 44.361709300660898 ], [ -78.290381700560303, 44.361702104587401 ], [ -78.290385752248397, 44.361697351915602 ], [ -78.290427192526593, 44.3616487406779 ], [ -78.290432357409699, 44.361637564894103 ], [ -78.290457767603598, 44.361582585411497 ], [ -78.290465218264103, 44.3615086835391 ], [ -78.290469113553598, 44.361470047279802 ], [ -78.290475770292502, 44.361404025530703 ], [ -78.290503647573203, 44.361301293945303 ], [ -78.290513208752699, 44.361266056561 ], [ -78.290532840449998, 44.3612226289981 ], [ -78.290563634943794, 44.361154510916599 ], [ -78.290613033837204, 44.361065235157596 ], [ -78.290628707162895, 44.3609949044654 ], [ -78.290633667014305, 44.360901075384596 ], [ -78.290634329292999, 44.360888565643499 ], [ -78.290634362630399, 44.360888305356497 ], [ -78.290634362542093, 44.360887926340503 ], [ -78.290634373039396, 44.360849959487503 ], [ -78.2906284293894, 44.360789158185298 ], [ -78.2906242263374, 44.360730858638 ], [ -78.290611914822506, 44.360672764537803 ], [ -78.290597532961598, 44.360644269896298 ], [ -78.290592103475404, 44.360633514223103 ], [ -78.2905268304103, 44.3605472484495 ], [ -78.290519448193507, 44.360540115020797 ], [ -78.290512416862796, 44.3605333185196 ], [ -78.290368049594207, 44.360329620874502 ], [ -78.290321812531303, 44.360264380761102 ], [ -78.290272597715102, 44.360058813201398 ], [ -78.290247367107497, 44.359953423638203 ], [ -78.290248884264102, 44.3599398745746 ], [ -78.290250577226104, 44.359929995586 ], [ -78.290267610162005, 44.359892028624202 ], [ -78.2902911189842, 44.359825069140101 ], [ -78.290305541074005, 44.359724133789399 ], [ -78.290305507968, 44.3596792806267 ], [ -78.290305490358307, 44.359654659610797 ], [ -78.290305485960801, 44.359648334205801 ], [ -78.290303830874393, 44.359619085637398 ], [ -78.290301816895195, 44.359583470838501 ], [ -78.290301800757405, 44.3595831949726 ], [ -78.290301084076106, 44.359570520155202 ], [ -78.290290679293605, 44.359552390172603 ], [ -78.290282182842503, 44.359537586078801 ], [ -78.290274426032795, 44.359517111634297 ], [ -78.290270952633193, 44.359517029175301 ], [ -78.290270795036307, 44.359512474566401 ], [ -78.290263816900506, 44.3595123089042 ], [ -78.290259112097203, 44.359444600398199 ], [ -78.290249943499603, 44.3593126101335 ], [ -78.290278332922298, 44.359255320184701 ], [ -78.290303036351901, 44.359164630011499 ], [ -78.290305053090805, 44.359157225448797 ], [ -78.2903086513669, 44.359138357474997 ], [ -78.290308697870501, 44.359138111004498 ], [ -78.290309652900305, 44.359133102964798 ], [ -78.2903182296848, 44.359088131898403 ], [ -78.290327303235401, 44.359040551936502 ], [ -78.290330158543995, 44.359015210483399 ], [ -78.290330309423894, 44.359013870861503 ], [ -78.290312360297705, 44.3589987946512 ], [ -78.290310998516006, 44.358996760121002 ], [ -78.290302393242797, 44.358983908832002 ], [ -78.290302210206505, 44.358982708027099 ], [ -78.290299667666304, 44.358966007966103 ], [ -78.290308496027706, 44.358919771689699 ], [ -78.290310201589904, 44.358910842783402 ], [ -78.290300387105404, 44.358911884572201 ], [ -78.290299234554695, 44.358874433862098 ], [ -78.290297325268298, 44.358812389599699 ], [ -78.290297189737601, 44.358807982258398 ], [ -78.290308807143504, 44.358806347679703 ], [ -78.290327000324893, 44.358758370229303 ], [ -78.290327233529894, 44.3586841259457 ], [ -78.290327453350301, 44.358613790318699 ], [ -78.290323175943598, 44.358552539691601 ], [ -78.290284561560895, 44.358408982308802 ], [ -78.290267851506101, 44.358346857652002 ], [ -78.290229199762607, 44.358203163418899 ], [ -78.290194487826895, 44.358089597535503 ], [ -78.290175698655403, 44.358025378988003 ], [ -78.290161763587903, 44.357977747031697 ], [ -78.2901598710515, 44.357971277769003 ], [ -78.290159207676695, 44.357969010442702 ], [ -78.290115393810197, 44.357919915594003 ], [ -78.2900773227109, 44.357877254465798 ], [ -78.2900668500195, 44.357854075028797 ], [ -78.290057316467696, 44.357810534858203 ], [ -78.290065288129995, 44.357695434549903 ], [ -78.290076217569805, 44.357670215472901 ], [ -78.290086413327302, 44.357660902965002 ], [ -78.290095486876396, 44.357656659345501 ], [ -78.290094486171398, 44.357656019801901 ], [ -78.290085138610394, 44.357650044244401 ], [ -78.289979228214307, 44.357405482897903 ], [ -78.290036161177497, 44.357403012975503 ], [ -78.290018786793496, 44.357336993234803 ], [ -78.290016725647504, 44.357294488428003 ], [ -78.290016326342098, 44.357286251372798 ], [ -78.290015602573902, 44.357271310399803 ], [ -78.290019971492001, 44.357253579763601 ], [ -78.290016548108795, 44.357223850766403 ], [ -78.290012315037302, 44.357187083133503 ], [ -78.290006659875502, 44.357137973233897 ], [ -78.290002394300302, 44.357131699702002 ], [ -78.289991693998502, 44.357115960991798 ], [ -78.289975425329203, 44.357083726750098 ], [ -78.289969826407301, 44.357051108443997 ], [ -78.289977673295496, 44.357043069876298 ], [ -78.2899838040464, 44.357036790203701 ], [ -78.290003131851293, 44.357021961596203 ], [ -78.290020041416199, 44.356995657435803 ], [ -78.290036607541794, 44.356969888882404 ], [ -78.290076579211501, 44.356922279081097 ], [ -78.290081699035497, 44.356916179763402 ], [ -78.290107007664602, 44.356888607556598 ], [ -78.290176110873404, 44.356813322709598 ], [ -78.290230757584894, 44.356751338221599 ], [ -78.290236065750193, 44.356745317190303 ], [ -78.290293923648406, 44.356705990400599 ], [ -78.290311221157793, 44.3566942329795 ], [ -78.290340312488993, 44.3566773872205 ], [ -78.290387681101905, 44.356649957826498 ], [ -78.290417944304806, 44.356632433154203 ], [ -78.2905145291639, 44.3565786732579 ], [ -78.2905856087893, 44.3565389579637 ], [ -78.290586779013907, 44.356538234015503 ], [ -78.290608024761198, 44.3565250992269 ], [ -78.290620335109907, 44.356517488860902 ], [ -78.290632990857304, 44.356506877986902 ], [ -78.290653581247298, 44.356489614295697 ], [ -78.290688301539504, 44.356449035878498 ], [ -78.290706970234794, 44.356409987721598 ], [ -78.290746682503098, 44.3563574245346 ], [ -78.290791437253603, 44.356299917895797 ], [ -78.290824952490397, 44.356274883719799 ], [ -78.290834867952398, 44.356267478465803 ], [ -78.290848303476594, 44.356260690620502 ], [ -78.290882442003195, 44.356243445960999 ], [ -78.290888757975907, 44.356239023392703 ], [ -78.290894033904806, 44.3562368286169 ], [ -78.290919933160197, 44.356217196229899 ], [ -78.290926197623307, 44.356212448339299 ], [ -78.290926369554995, 44.356212230053103 ], [ -78.290957618200494, 44.3561726161698 ], [ -78.290984180359402, 44.356135665684398 ], [ -78.291005385065404, 44.356080116281099 ], [ -78.291013852017102, 44.356031271370703 ], [ -78.291022405722799, 44.355980517242898 ], [ -78.2910357826769, 44.355940706045601 ], [ -78.291046888639997, 44.355911668507503 ], [ -78.291072532599003, 44.355875333599997 ], [ -78.2910970044056, 44.355864449437298 ], [ -78.291120889542299, 44.3558662901807 ], [ -78.291147423185805, 44.355857795644503 ], [ -78.291154230473495, 44.355855615592802 ], [ -78.291173005089604, 44.355845231797197 ], [ -78.291190671081793, 44.355835460881003 ], [ -78.291225132795503, 44.355819717336999 ], [ -78.2912749856321, 44.355778223973303 ], [ -78.291328326866605, 44.355738087253698 ], [ -78.291379394238206, 44.355705574960702 ], [ -78.291397069801206, 44.355689878655497 ], [ -78.2914089155271, 44.355682950386203 ], [ -78.291422806983704, 44.355672174287903 ], [ -78.2914642098862, 44.3556406713912 ], [ -78.291513293561096, 44.355596611903103 ], [ -78.291544840226607, 44.355579071469599 ], [ -78.291556227919997, 44.355569829422997 ], [ -78.291574938740595, 44.355549665302803 ], [ -78.291588875348097, 44.355534315077897 ], [ -78.291596449794696, 44.355525971041899 ], [ -78.291630229083495, 44.355505753039203 ], [ -78.291652732468705, 44.355491508151601 ], [ -78.291662236086196, 44.355485492073498 ], [ -78.2916850887827, 44.355468296277003 ], [ -78.291715576789201, 44.355445355157897 ], [ -78.291729914545101, 44.3554288683886 ], [ -78.291746512739905, 44.355409782152499 ], [ -78.291787087741199, 44.355376986510002 ], [ -78.2918442979595, 44.355329934534602 ], [ -78.291895908415199, 44.3552895179091 ], [ -78.291899559842605, 44.355286657954998 ], [ -78.291941430139403, 44.3552449749034 ], [ -78.291978904139, 44.355221659295701 ], [ -78.292077770731794, 44.355166170557801 ], [ -78.292146591456202, 44.355127544933097 ], [ -78.292230434263104, 44.355084041458703 ], [ -78.292244735454403, 44.355076620386498 ], [ -78.292247549368398, 44.3550751611807 ], [ -78.292304490060999, 44.355041730881901 ], [ -78.292327845561999, 44.3550280201286 ], [ -78.292369836628495, 44.355003092927703 ], [ -78.292399038108499, 44.354985758602901 ], [ -78.292413035203495, 44.354977610979198 ], [ -78.292461070916403, 44.354949649174102 ], [ -78.292492505452103, 44.354922328871801 ], [ -78.292511010109493, 44.354906246035902 ], [ -78.292517377103295, 44.354898041647097 ], [ -78.292527999349105, 44.354884355612498 ], [ -78.2925434128625, 44.354869458027501 ], [ -78.292561448881898, 44.354852026264197 ], [ -78.292583353911994, 44.3548309321395 ], [ -78.292599536790206, 44.354815348783902 ], [ -78.292603884572998, 44.3548106363613 ], [ -78.292651866158195, 44.354758626948502 ], [ -78.292671331188799, 44.354721507722502 ], [ -78.292671696733706, 44.354717958521299 ], [ -78.292674541225693, 44.354690372360501 ], [ -78.292689103970602, 44.354663327923298 ], [ -78.292712766837198, 44.354640653178301 ], [ -78.292729969857803, 44.354624168521298 ], [ -78.292761040612703, 44.354599453902502 ], [ -78.2927797326453, 44.354584583630199 ], [ -78.292806278513297, 44.3545534192668 ], [ -78.292811642840306, 44.354547122161797 ], [ -78.292833387525206, 44.354518337669496 ], [ -78.292872868738897, 44.354489973836003 ], [ -78.292927541377296, 44.354382349395998 ], [ -78.292976529600693, 44.354295483609 ], [ -78.292982186430905, 44.354285451005303 ], [ -78.292991346457498, 44.354269209488301 ], [ -78.293014515803193, 44.354219791221198 ], [ -78.293029741309894, 44.354187314915301 ], [ -78.293053340440196, 44.354137553926101 ], [ -78.293121556924802, 44.354044264209797 ], [ -78.293168253668398, 44.353971556575502 ], [ -78.293186890713102, 44.353942538068203 ], [ -78.293193282803898, 44.353932585908801 ], [ -78.2932507738536, 44.353868866851002 ], [ -78.293270931387696, 44.353846525687402 ], [ -78.293312246815006, 44.353822128576603 ], [ -78.2933165599744, 44.353819581357797 ], [ -78.293374216335593, 44.353809390885502 ], [ -78.293380107597898, 44.353808349428 ], [ -78.293416707825699, 44.353823230038003 ], [ -78.293431841903001, 44.3538223150194 ], [ -78.293479955458295, 44.353799251200101 ], [ -78.293486153521599, 44.353792175291403 ], [ -78.293493073353503, 44.353784275643299 ], [ -78.293492583863696, 44.353782453591002 ], [ -78.293489284964807, 44.353770172190899 ], [ -78.293468763547807, 44.353753125098301 ], [ -78.293430268710495, 44.353737427146598 ], [ -78.2934173517217, 44.353732159458701 ], [ -78.293387281841603, 44.353710426889798 ], [ -78.293370248916403, 44.353694735484602 ], [ -78.293361197362401, 44.353679234239301 ], [ -78.293370828155503, 44.353662901222599 ], [ -78.293375930365798, 44.353660139541802 ], [ -78.293394499178405, 44.353650086296902 ], [ -78.2934389562418, 44.353625417031402 ], [ -78.293447340047294, 44.353620765168301 ], [ -78.293463089506403, 44.353606488506401 ], [ -78.293469168952399, 44.353587767477102 ], [ -78.293480091162394, 44.353554128548303 ], [ -78.293488951500194, 44.353526844357397 ], [ -78.2935272361118, 44.353466603920197 ], [ -78.293578794474797, 44.353407314696497 ], [ -78.293632050035299, 44.353357486129802 ], [ -78.293646516835906, 44.353343949661699 ], [ -78.293677520824701, 44.353322949524603 ], [ -78.293753727266605, 44.353271329763302 ], [ -78.293772237560205, 44.353257312074199 ], [ -78.293805875510799, 44.353231835183102 ], [ -78.293832832335497, 44.353211419654002 ], [ -78.293836083443693, 44.353208801321401 ], [ -78.293871208416306, 44.353180513008198 ], [ -78.293929635750303, 44.353133457314001 ], [ -78.293968814106606, 44.353092347073598 ], [ -78.293976183060195, 44.353085971399103 ], [ -78.293996868125305, 44.3530680746466 ], [ -78.293997477074498, 44.3530675480201 ], [ -78.293997524814301, 44.3530483103523 ], [ -78.293997527315099, 44.353047166166697 ], [ -78.294011070890804, 44.353039424417702 ], [ -78.294076161722899, 44.353006647377001 ], [ -78.294077714535007, 44.353006577056597 ], [ -78.294104659806493, 44.353018696996699 ], [ -78.294123617363795, 44.353027224546103 ], [ -78.294168475785, 44.353023005169703 ], [ -78.294204753652494, 44.353019593374 ], [ -78.294336589902699, 44.353029087967101 ], [ -78.294400232889799, 44.353035055611201 ], [ -78.294438363511205, 44.353035959446302 ], [ -78.294464256734003, 44.353032751550998 ], [ -78.2945028560531, 44.353023475401898 ], [ -78.294569900841594, 44.353032707843802 ], [ -78.294638162414799, 44.353039794030501 ], [ -78.294683322171196, 44.353044481676598 ], [ -78.294689175047594, 44.353045089438801 ], [ -78.294790443419103, 44.353043667932603 ], [ -78.294871549144602, 44.3530366720533 ], [ -78.294883137018104, 44.353035842048598 ], [ -78.294911630259094, 44.353033800303997 ], [ -78.294936978022506, 44.353027858753997 ], [ -78.294951116886395, 44.353024545031701 ], [ -78.294916383682605, 44.352968672988702 ], [ -78.295130550192596, 44.352906595336599 ], [ -78.2951501238866, 44.352900922030599 ], [ -78.295125466069393, 44.352859493291298 ], [ -78.295315867415994, 44.352804101098599 ], [ -78.295327437095395, 44.352818413183201 ], [ -78.2953876787128, 44.3528929363722 ], [ -78.295469926997697, 44.352868115657401 ], [ -78.295868732386396, 44.352747765091003 ], [ -78.295896206947802, 44.352727993327697 ], [ -78.296068867835302, 44.352563261145399 ], [ -78.296129357180504, 44.3525181869473 ], [ -78.296212302668394, 44.3524563792514 ], [ -78.296241820697404, 44.352437375126101 ], [ -78.296401976372195, 44.352334255182299 ], [ -78.296402193416199, 44.352334091972402 ], [ -78.296565113720206, 44.352211502288903 ], [ -78.296685320239902, 44.352155805536803 ], [ -78.296912730828097, 44.352079503307699 ], [ -78.297091817979506, 44.3520224771855 ], [ -78.297397565642896, 44.351934414189301 ], [ -78.297648614292498, 44.351880453146897 ], [ -78.297711993380702, 44.351857024227598 ], [ -78.297748988276396, 44.351843347176001 ], [ -78.297798519258393, 44.351839073139402 ], [ -78.297837759565397, 44.351852255703903 ], [ -78.2978546114891, 44.3518637396933 ], [ -78.297887434577106, 44.351886107039199 ], [ -78.297913344685199, 44.351900335219 ], [ -78.298107613482003, 44.3518845122139 ], [ -78.298276097065596, 44.3518517404205 ], [ -78.298411733468299, 44.351831805742997 ], [ -78.298520833100795, 44.3518112428441 ], [ -78.298590411299699, 44.3518059619851 ], [ -78.2986712569746, 44.351799826905904 ], [ -78.298824264755496, 44.351773494998397 ], [ -78.299012514329306, 44.351723490534802 ], [ -78.299033252542699, 44.351716158807903 ], [ -78.299265187044995, 44.351634166577 ], [ -78.299460557060797, 44.351553016599802 ], [ -78.299616313627496, 44.351466843684001 ], [ -78.299703572593003, 44.351417622249002 ], [ -78.299787732253805, 44.351370150478097 ], [ -78.299853043827994, 44.3513272148803 ], [ -78.299971646425902, 44.351249245397703 ], [ -78.300160350818103, 44.351106669446999 ], [ -78.300378798865296, 44.3509362058305 ], [ -78.300485386045494, 44.350837405623899 ], [ -78.300549233412795, 44.350778221098899 ], [ -78.300563453539496, 44.350765198268803 ], [ -78.300582589104593, 44.3507476759913 ], [ -78.300727499379803, 44.350614975563701 ], [ -78.300852800490901, 44.350530804941698 ], [ -78.300967847781706, 44.350459290812303 ], [ -78.300993425238005, 44.350443392735201 ], [ -78.301131710628098, 44.350357433895802 ], [ -78.301141869812099, 44.350351118326799 ], [ -78.301177588467894, 44.3503253598426 ], [ -78.301273277086096, 44.350256354073601 ], [ -78.3012753130932, 44.350254885253797 ], [ -78.301308234857004, 44.350223337571698 ], [ -78.301345523476101, 44.350181009738201 ], [ -78.301361077752105, 44.350164745861903 ], [ -78.301362852990295, 44.350162890060197 ], [ -78.301408778873807, 44.350114872333499 ], [ -78.301416908306507, 44.350099122517101 ], [ -78.301420425614396, 44.350092307790803 ], [ -78.301427458891695, 44.350078680106897 ], [ -78.3014313093948, 44.350023350403703 ], [ -78.301402554110098, 44.3499424167277 ], [ -78.3014000099719, 44.349935251632502 ], [ -78.301396846848903, 44.349890089431398 ], [ -78.301406459003104, 44.349851803053099 ], [ -78.301414694896096, 44.349838105672397 ], [ -78.301422049390595, 44.349825870200803 ], [ -78.3014254585392, 44.349808950965901 ], [ -78.301430526615505, 44.349783801053498 ], [ -78.301428998963203, 44.3497792815824 ], [ -78.3014247650123, 44.3497667568301 ], [ -78.301401785906904, 44.349754002264298 ], [ -78.301387988925498, 44.349752081688997 ], [ -78.301369266311497, 44.3497494756854 ], [ -78.301351175003504, 44.349744351239401 ], [ -78.301331200627104, 44.349723212345602 ], [ -78.301323683866002, 44.349687341545902 ], [ -78.301334216654695, 44.3496575313929 ], [ -78.301318077611199, 44.349638362942798 ], [ -78.301310389835805, 44.349606244032998 ], [ -78.301311337768894, 44.349585600702802 ], [ -78.301316294614296, 44.349563174188297 ], [ -78.301589249639207, 44.349491662009001 ], [ -78.3016059870871, 44.349486349068101 ], [ -78.301638564373206, 44.349476008051603 ], [ -78.301702166886002, 44.349455818660402 ], [ -78.301752045045106, 44.3494324824483 ], [ -78.301782437784496, 44.349418264493899 ], [ -78.301962890899603, 44.349337050157096 ], [ -78.302012001649501, 44.349297493496103 ], [ -78.302018354138298, 44.349292377058397 ], [ -78.302016302824597, 44.349290736890801 ], [ -78.302008550195893, 44.349284538024698 ], [ -78.301988150956404, 44.349268224562898 ], [ -78.301981984942302, 44.349263293869903 ], [ -78.301966327663195, 44.349275907496597 ], [ -78.301920814984598, 44.349312571989103 ], [ -78.301893575729807, 44.3493244562953 ], [ -78.301815026648498, 44.3493587256377 ], [ -78.301673684702294, 44.349420389447197 ], [ -78.301609672470605, 44.3494383814758 ], [ -78.301574803985602, 44.3494481812712 ], [ -78.301464191472803, 44.349479269728697 ], [ -78.301354541001402, 44.349510088235597 ], [ -78.301322242494706, 44.349519165478199 ], [ -78.301306981041506, 44.349509411212701 ], [ -78.301296246815298, 44.3494866137112 ], [ -78.301294133735595, 44.349447111133202 ], [ -78.301284245483899, 44.349377366443797 ], [ -78.301254280995593, 44.3492601807909 ], [ -78.301247459555, 44.3492304266668 ], [ -78.301224834977106, 44.3491317341811 ], [ -78.301222979205804, 44.349086601981 ], [ -78.301230709414298, 44.3490323038925 ], [ -78.301241018514006, 44.3489873359783 ], [ -78.301249757413601, 44.348949212616901 ], [ -78.301253626264597, 44.3489323366639 ], [ -78.301314250174997, 44.348837957666198 ], [ -78.301350747742802, 44.348784338812898 ], [ -78.301392605612506, 44.3487280288265 ], [ -78.301419504428395, 44.348704865184096 ], [ -78.301493464245596, 44.348641176555802 ], [ -78.301547576376393, 44.348601576282 ], [ -78.301660078176795, 44.348519243900597 ], [ -78.301809619631698, 44.348426966613403 ], [ -78.301917548406195, 44.348357189101897 ], [ -78.302006993939401, 44.348304656844697 ], [ -78.302059083487507, 44.348274064354896 ], [ -78.302175850593898, 44.348205485803298 ], [ -78.302256679842799, 44.348154328775102 ], [ -78.302269757644396, 44.348146052870703 ], [ -78.302316065698903, 44.348116744247797 ], [ -78.302428732982506, 44.348029231243999 ], [ -78.302537796451006, 44.347963236791898 ], [ -78.302639614707601, 44.347883920744401 ], [ -78.302723052439205, 44.347842801840798 ], [ -78.302786941616006, 44.347811315694102 ], [ -78.302839710815903, 44.347778989675803 ], [ -78.302863716249703, 44.347764284696801 ], [ -78.302897698438699, 44.3477451745526 ], [ -78.302955088322605, 44.347712900946199 ], [ -78.302979540806106, 44.347689300112897 ], [ -78.303013985895703, 44.347656053993802 ], [ -78.303018293267698, 44.347652711327598 ], [ -78.303075067093502, 44.347608651144398 ], [ -78.3031114497754, 44.347586028074403 ], [ -78.303121017289698, 44.347548680367197 ], [ -78.303167817673497, 44.3475272424037 ], [ -78.303257349806898, 44.347458906923599 ], [ -78.303317166510496, 44.347410535083803 ], [ -78.303336127170894, 44.347389973383898 ], [ -78.303361249513699, 44.347362731387101 ], [ -78.303411843149803, 44.347344200790701 ], [ -78.303483642737504, 44.347291415233002 ], [ -78.303591868789894, 44.3472150675546 ], [ -78.303670207427203, 44.347162436350501 ], [ -78.303698762726896, 44.3471497292443 ], [ -78.303742369190104, 44.347130324933701 ], [ -78.303857491627298, 44.347074805655801 ], [ -78.303906287191893, 44.347038384468597 ], [ -78.303997011581501, 44.347001075638801 ], [ -78.304042092489794, 44.346979800162202 ], [ -78.304110741622196, 44.346947401183797 ], [ -78.304152299129697, 44.34692255209 ], [ -78.304196881586904, 44.346895893754599 ], [ -78.304277873641396, 44.346832436903497 ], [ -78.304278351187506, 44.346832063765497 ], [ -78.304333640056797, 44.346796735630399 ], [ -78.304347297522796, 44.346784588499901 ], [ -78.304400510943594, 44.346737257501204 ], [ -78.304431779995696, 44.346711300170298 ], [ -78.304448677688498, 44.346697272355499 ], [ -78.304452222609996, 44.346694329355202 ], [ -78.304462209278, 44.3466901394562 ], [ -78.304488258695301, 44.346679212229802 ], [ -78.304505244569896, 44.3466743404583 ], [ -78.304514222477707, 44.3466717661289 ], [ -78.3045850924333, 44.346651440644202 ], [ -78.304604712723503, 44.346640691070803 ], [ -78.304610789506199, 44.346637362218402 ], [ -78.304751286697893, 44.346560389060102 ], [ -78.304771403661107, 44.346549367599998 ], [ -78.304775763679103, 44.3465469794981 ], [ -78.304809802814802, 44.346546844264303 ], [ -78.304896319756693, 44.346544190381799 ], [ -78.304967102105394, 44.3465421039093 ], [ -78.304973587231302, 44.346540512301601 ], [ -78.305005495315299, 44.346532677978999 ], [ -78.305057220832694, 44.346502923569403 ], [ -78.305090197734899, 44.346483953781302 ], [ -78.305118267587801, 44.346470902655597 ], [ -78.305149404992704, 44.346456425892903 ], [ -78.305151723977701, 44.3464553471998 ], [ -78.305237751031399, 44.346434834492001 ], [ -78.305271390985396, 44.346426575541003 ], [ -78.305360285907099, 44.346404749428203 ], [ -78.305399733380796, 44.346395064667497 ], [ -78.305417043139897, 44.346390814391597 ], [ -78.305429719002305, 44.346387702498497 ], [ -78.305456989986098, 44.346381319653702 ], [ -78.305567427043599, 44.346355470844799 ], [ -78.305579051193604, 44.346352750034498 ], [ -78.305608352499405, 44.3463458920222 ], [ -78.305696305273599, 44.346340453572601 ], [ -78.305752102013599, 44.346351164061304 ], [ -78.305755142511899, 44.346352572733998 ], [ -78.305803372820506, 44.3463749179733 ], [ -78.305857328321906, 44.346368676934198 ], [ -78.305943338181393, 44.346319982960097 ], [ -78.305950569142595, 44.346314626855701 ], [ -78.3059961834294, 44.3462808386017 ], [ -78.306037777003894, 44.346230156350501 ], [ -78.306051670158993, 44.3462126372496 ], [ -78.3060848320753, 44.346203087488398 ], [ -78.306184321562796, 44.346174437334803 ], [ -78.306295518630904, 44.346118822041902 ], [ -78.306392976095907, 44.3460487931426 ], [ -78.306452556666699, 44.345976931363801 ], [ -78.306506715885604, 44.3458805172301 ], [ -78.306535377620406, 44.345828308864597 ], [ -78.306558132916393, 44.345786858015302 ], [ -78.306611648030199, 44.345704519695403 ], [ -78.306659588158197, 44.345629564375898 ], [ -78.306716750269302, 44.345524768334997 ], [ -78.306743893156295, 44.345446504398701 ], [ -78.306743899652602, 44.3454464721422 ], [ -78.306744021570495, 44.345442798305797 ], [ -78.306745100379899, 44.345410218589898 ], [ -78.3067469761571, 44.345353619501203 ], [ -78.306747319182705, 44.345343258255703 ], [ -78.306749183770293, 44.3453324908781 ], [ -78.306749327030801, 44.345331664207102 ], [ -78.306752354748397, 44.345314157825399 ], [ -78.306756221795396, 44.345291804374298 ], [ -78.306737412552195, 44.345208701137203 ], [ -78.306709411697199, 44.345084984882703 ], [ -78.306698627736296, 44.345028990949899 ], [ -78.306697780455494, 44.345024592931999 ], [ -78.306675838238803, 44.344985992754701 ], [ -78.306672343788506, 44.344979844262802 ], [ -78.306658880309897, 44.344887186516601 ], [ -78.306657416575703, 44.344877104035497 ], [ -78.306652912730797, 44.344845153319099 ], [ -78.306648856743095, 44.344831957746301 ], [ -78.306648180244494, 44.344811566813597 ], [ -78.306641611033399, 44.344764949635 ], [ -78.306636201315698, 44.344703404486502 ], [ -78.306633008042397, 44.344667055351898 ], [ -78.306626273344804, 44.344490111697702 ], [ -78.306624098934705, 44.344432950692699 ], [ -78.306613495865506, 44.3442072596145 ], [ -78.306603961701896, 44.344015408894599 ], [ -78.306603919602495, 44.344013890941703 ], [ -78.306603437250999, 44.343996326942602 ], [ -78.306601998513401, 44.343943973643903 ], [ -78.306616992836794, 44.343873876615604 ], [ -78.306638206736196, 44.3438438696449 ], [ -78.306656182401596, 44.343818441570598 ], [ -78.306670546916095, 44.343803842291202 ], [ -78.306685906200997, 44.343788231168702 ], [ -78.306689689943298, 44.343765557953198 ], [ -78.306692373621999, 44.343728890148498 ], [ -78.306706404177902, 44.343689708238799 ], [ -78.306707702152707, 44.343679724231201 ], [ -78.306714768556105, 44.343625380352002 ], [ -78.306747314607193, 44.343586331927902 ], [ -78.306785408153502, 44.343540628131301 ], [ -78.3069066809541, 44.343436405651801 ], [ -78.306945225155602, 44.343395044546 ], [ -78.306985060224306, 44.343325532643 ], [ -78.307028319108994, 44.343295555058901 ], [ -78.307123538089797, 44.343249345223803 ], [ -78.307150141779502, 44.343236433652798 ], [ -78.3071723248068, 44.343227816518102 ], [ -78.307236766436901, 44.343202783234197 ], [ -78.307286819463201, 44.343167329223597 ], [ -78.307313065875405, 44.3431416208103 ], [ -78.307343006930097, 44.343112294024898 ], [ -78.307358653167398, 44.343101064004898 ], [ -78.307402557909498, 44.343069549442703 ], [ -78.307413765638799, 44.343065167519697 ], [ -78.307451454702104, 44.343050432343603 ], [ -78.307470531060304, 44.3430429743403 ], [ -78.307518290782895, 44.343029070878401 ], [ -78.307538892307505, 44.343007952088797 ], [ -78.307551980092597, 44.342986954049998 ], [ -78.307579861464106, 44.3429422253637 ], [ -78.307602758432196, 44.342899555958802 ], [ -78.307615731324702, 44.3428735604883 ], [ -78.307626620560995, 44.342862819606502 ], [ -78.307631130984106, 44.342858371516002 ], [ -78.307637108606897, 44.342845143461197 ], [ -78.307663578621799, 44.3428221608645 ], [ -78.307672776419494, 44.342799759359302 ], [ -78.307704009713405, 44.342775133573298 ], [ -78.307795904492096, 44.342740667147403 ], [ -78.3078330737073, 44.3427293325175 ], [ -78.307867713553605, 44.342716059349499 ], [ -78.307922458157506, 44.342721107353697 ], [ -78.307971136495397, 44.342715680729597 ], [ -78.308279503665204, 44.3426703500784 ], [ -78.308340292690204, 44.342657693410302 ], [ -78.308373668307695, 44.342643451291302 ], [ -78.308418706894102, 44.342603181809899 ], [ -78.308459603568394, 44.3425391743761 ], [ -78.308491750253907, 44.342488862617103 ], [ -78.308528683338295, 44.342431058204603 ], [ -78.308556061465197, 44.3423762829662 ], [ -78.308605984946794, 44.342308717080797 ], [ -78.308617458052794, 44.342293190515001 ], [ -78.308668361654895, 44.342252493851603 ], [ -78.308687639951401, 44.342237081091298 ], [ -78.308731584785505, 44.342201947859898 ], [ -78.308849330838797, 44.342110365492402 ], [ -78.308860522901199, 44.342101660846097 ], [ -78.309000136500103, 44.341996927740901 ], [ -78.309091966645099, 44.341935218279403 ], [ -78.309157728864307, 44.341928314123699 ], [ -78.3092273947954, 44.341893322508497 ], [ -78.309286857267793, 44.341852453714999 ], [ -78.309334509843595, 44.3418122463858 ], [ -78.309389190943506, 44.341790051726697 ], [ -78.309456818227702, 44.341770980958302 ], [ -78.309555505681899, 44.34173103661 ], [ -78.309622769343505, 44.341691291403997 ], [ -78.309692060776598, 44.341654739505501 ], [ -78.309704588029106, 44.3416481314717 ], [ -78.309816544813899, 44.341575622572698 ], [ -78.309907540048798, 44.341503559436802 ], [ -78.309939833530393, 44.341486432985299 ], [ -78.309944661936498, 44.341479278873102 ], [ -78.309964844693795, 44.341470816612201 ], [ -78.310000511640695, 44.341451437038501 ], [ -78.310048627323695, 44.341382119187401 ], [ -78.310050665966102, 44.341379182825399 ], [ -78.310076989516901, 44.341360133104502 ], [ -78.310103461049394, 44.341340974330599 ], [ -78.310137596691106, 44.341295263449901 ], [ -78.310164812631598, 44.341258819854801 ], [ -78.310208049373102, 44.341200660180498 ], [ -78.310238745282504, 44.341159112999101 ], [ -78.310288367910005, 44.341133041864403 ], [ -78.310307119286406, 44.341117694734301 ], [ -78.310353648721701, 44.341069981938602 ], [ -78.310375763850601, 44.341047301210097 ], [ -78.310380220473206, 44.341042211647498 ], [ -78.310446241283998, 44.340972377443798 ], [ -78.3105051676785, 44.340914587345601 ], [ -78.310551017756893, 44.340856490014303 ], [ -78.310603621113501, 44.340793854155699 ], [ -78.310626710396093, 44.340778338197197 ], [ -78.310668193102899, 44.340729627696298 ], [ -78.310669472161905, 44.340727773560303 ], [ -78.310690629745594, 44.340694455987702 ], [ -78.310694453459504, 44.3406827434954 ], [ -78.310718027426304, 44.340610560437199 ], [ -78.310735219786494, 44.340578089318498 ], [ -78.310779118579802, 44.340534035195198 ], [ -78.310841451321494, 44.340487597493102 ], [ -78.310888416690403, 44.3404051027847 ], [ -78.310927731125403, 44.340346850423501 ], [ -78.310934719472797, 44.340336240588798 ], [ -78.311041662128503, 44.340173878505702 ], [ -78.311062282362599, 44.340123639269798 ], [ -78.311102794076206, 44.3400964141603 ], [ -78.311147982217605, 44.340024209909998 ], [ -78.3111903148192, 44.339962682236703 ], [ -78.311209673004299, 44.339934547362702 ], [ -78.311248578500496, 44.339856559364797 ], [ -78.311307612119506, 44.339767773155401 ], [ -78.311367799198194, 44.339710952180397 ], [ -78.311480076290493, 44.339602755128602 ], [ -78.311552116519195, 44.339544334369599 ], [ -78.311641583718199, 44.339476929659 ], [ -78.3117853655624, 44.3393666564521 ], [ -78.311861601096595, 44.339291530695903 ], [ -78.311884048087293, 44.339269410251099 ], [ -78.311976301186704, 44.339198314942102 ], [ -78.3120420978005, 44.339160842042197 ], [ -78.312064996384606, 44.339147800649897 ], [ -78.312163742202003, 44.339077797066899 ], [ -78.312167680296398, 44.339074027627099 ], [ -78.312190306199597, 44.3390523794763 ], [ -78.312158670576295, 44.3389983635523 ], [ -78.312155294981096, 44.338992600638299 ], [ -78.312154858671093, 44.3389918548407 ], [ -78.312169290645798, 44.338956735611397 ], [ -78.312171283512797, 44.338951887752202 ], [ -78.312185345597598, 44.338917669986998 ], [ -78.312230512342197, 44.338824508224 ], [ -78.312232989938195, 44.338819401695403 ], [ -78.312238768255398, 44.338810912238102 ], [ -78.3123749765562, 44.338837603097602 ], [ -78.312411693394395, 44.338807469406397 ], [ -78.312504994728698, 44.338742034056501 ], [ -78.312624187412197, 44.338682843922498 ], [ -78.312691146515405, 44.338649665309703 ], [ -78.312732105658995, 44.338641236154302 ], [ -78.312744962662507, 44.338641333580398 ], [ -78.312790983533802, 44.338641682400599 ], [ -78.312813017191999, 44.338617778500698 ], [ -78.312879525360501, 44.3385085016454 ], [ -78.312937954933901, 44.338431089710902 ], [ -78.312945007731997, 44.338421746150999 ], [ -78.312987723676599, 44.338374845458802 ], [ -78.313012931054402, 44.3383388040196 ], [ -78.313036214852502, 44.338328438108299 ], [ -78.313056456401199, 44.338279899201403 ], [ -78.313128931873806, 44.338181991776104 ], [ -78.313134395762503, 44.338172582893797 ], [ -78.313164275072097, 44.338091563893002 ], [ -78.313171064400194, 44.338059793703799 ], [ -78.313179257275294, 44.338021465649099 ], [ -78.313199620055997, 44.337976856561497 ], [ -78.313213676394298, 44.337940110560503 ], [ -78.313233807089304, 44.337887485368903 ], [ -78.313260363145702, 44.3377932369186 ], [ -78.313294723888603, 44.337686828514698 ], [ -78.313307625957094, 44.337646872864298 ], [ -78.313372418557606, 44.337517830328601 ], [ -78.313432075905496, 44.337374721648203 ], [ -78.313435626066706, 44.337366205792897 ], [ -78.313454145072498, 44.337304645219497 ], [ -78.3134391407593, 44.337300569439499 ], [ -78.3133504543312, 44.337276477545799 ], [ -78.313435222047701, 44.337117271513002 ], [ -78.313504976685806, 44.336997191770202 ], [ -78.313537500566198, 44.336941203991003 ], [ -78.313678333819198, 44.3367746395556 ], [ -78.313682173619597, 44.336766152114798 ], [ -78.313693660750999, 44.336731649383601 ], [ -78.313713057453299, 44.336679502874397 ], [ -78.313733033473795, 44.336643339051101 ], [ -78.313780226680507, 44.336584332102397 ], [ -78.313842190252103, 44.336517218254201 ], [ -78.313907515809504, 44.336462395700998 ], [ -78.313917060719305, 44.3364534069134 ], [ -78.313958118772305, 44.336414740344303 ], [ -78.313970198231303, 44.3363952185736 ], [ -78.313976886043505, 44.336384409715002 ], [ -78.314000512643702, 44.336346226907501 ], [ -78.314018237226605, 44.336330674937003 ], [ -78.314036668571006, 44.336328290794299 ], [ -78.314053235793097, 44.336338074097597 ], [ -78.314063095830306, 44.3363514573145 ], [ -78.314072908335405, 44.336376892277698 ], [ -78.314074796900996, 44.336381790993698 ], [ -78.3140758190181, 44.336386737742103 ], [ -78.314076575022099, 44.336390398039299 ], [ -78.314083371030094, 44.336423324320201 ], [ -78.314073939961702, 44.336457857468197 ], [ -78.314086950417504, 44.3364882228569 ], [ -78.314094858165305, 44.336515649416498 ], [ -78.314091101489197, 44.336550244966404 ], [ -78.314088273975301, 44.336558788650997 ], [ -78.314101247153999, 44.336563719526403 ], [ -78.314111649281998, 44.336577648456597 ], [ -78.314111877824402, 44.336577697947803 ], [ -78.314109025974105, 44.336520679523197 ], [ -78.314120085013499, 44.336507788549497 ], [ -78.314135623163097, 44.336482792556801 ], [ -78.314139203053898, 44.3364330916528 ], [ -78.314149875867699, 44.336371346333202 ], [ -78.314149263440498, 44.3363670142095 ], [ -78.314142952696898, 44.336322338173701 ], [ -78.314139138344601, 44.336291250193199 ], [ -78.314136504805504, 44.336284893510502 ], [ -78.314129706929904, 44.336268483611498 ], [ -78.314125249640398, 44.336251470687003 ], [ -78.314132021507504, 44.3362178139473 ], [ -78.3141491677586, 44.336186280191001 ], [ -78.314164676326996, 44.336167641230801 ], [ -78.314192096615997, 44.3361346873114 ], [ -78.314216624056399, 44.336119204452103 ], [ -78.314236568896703, 44.336106614374003 ], [ -78.314289721657602, 44.336089078105601 ], [ -78.314326618702907, 44.336080587905201 ], [ -78.314326777689402, 44.336080292755099 ], [ -78.314329992450595, 44.336038361617 ], [ -78.3143440949233, 44.3360161496716 ], [ -78.314352497157302, 44.336004136049397 ], [ -78.314374913593895, 44.335985161739998 ], [ -78.314383809717199, 44.335977631395998 ], [ -78.314401534044606, 44.335962080259101 ], [ -78.314415309761202, 44.335955672126303 ], [ -78.314438653056598, 44.3359086319673 ], [ -78.314490189277706, 44.3358275324468 ], [ -78.314506151619099, 44.3358024140407 ], [ -78.314511756111898, 44.335793624184099 ], [ -78.314514202859598, 44.335789789864997 ], [ -78.314551837243599, 44.335737356565097 ], [ -78.314605202914706, 44.335657829596599 ], [ -78.314615607740606, 44.335640004085299 ], [ -78.3146261499557, 44.335621944132903 ], [ -78.314627920366306, 44.335618911348298 ], [ -78.314629227243501, 44.335618942094001 ], [ -78.314699244533202, 44.335490021678403 ], [ -78.314705481724502, 44.335439443377297 ], [ -78.314692342601703, 44.335411892885098 ], [ -78.314690672755006, 44.335402424131999 ], [ -78.314688185138493, 44.335388312333599 ], [ -78.314715531445401, 44.335305354429003 ], [ -78.314735419594498, 44.3352137674907 ], [ -78.314730211180205, 44.3351845247008 ], [ -78.314732557050505, 44.335171499807601 ], [ -78.314738976280594, 44.3351358856372 ], [ -78.314765336814403, 44.335074509301897 ], [ -78.314777295237505, 44.3350419144166 ], [ -78.314784224601397, 44.335035093102498 ], [ -78.3148005919696, 44.335018978817402 ], [ -78.314797076069695, 44.334981321372503 ], [ -78.314797223034304, 44.334979641317403 ], [ -78.314802561950998, 44.334918515872403 ], [ -78.314821805845398, 44.334841003046101 ], [ -78.314830936257394, 44.334813037456101 ], [ -78.314854103040304, 44.334792917545997 ], [ -78.314869427443099, 44.334772612247598 ], [ -78.314886487139603, 44.334742955208903 ], [ -78.314908067324396, 44.334700252402698 ], [ -78.314931342403895, 44.334649136789103 ], [ -78.314957317880399, 44.334608846567797 ], [ -78.314959709972399, 44.3346051360909 ], [ -78.315032754936198, 44.334491834403202 ], [ -78.315075900330498, 44.334419328402298 ], [ -78.315079409459898, 44.334413432224501 ], [ -78.315096468222805, 44.334381895358497 ], [ -78.315110935807596, 44.334347660637903 ], [ -78.315114299561998, 44.334339701212301 ], [ -78.315115607664296, 44.334339731981203 ], [ -78.315113742389599, 44.334294599680703 ], [ -78.315116377396905, 44.334265542295903 ], [ -78.315116463093702, 44.3342636654396 ], [ -78.315145587804395, 44.334227716547701 ], [ -78.3151848708589, 44.334141281541399 ], [ -78.315229618164494, 44.334078459593997 ], [ -78.315265509485897, 44.334024466283601 ], [ -78.315278802550694, 44.334004468757797 ], [ -78.315307840043999, 44.333976304242199 ], [ -78.315318514031205, 44.333965950965997 ], [ -78.315325870336295, 44.333949883941102 ], [ -78.315335958830104, 44.3339278484396 ], [ -78.315341583915497, 44.333918930284803 ], [ -78.315379777825797, 44.333858373178202 ], [ -78.315386749672399, 44.3338473197363 ], [ -78.315409467068704, 44.3338084022201 ], [ -78.315468336494504, 44.333694248283003 ], [ -78.315513299089801, 44.333608424776898 ], [ -78.315519891745694, 44.3335958400449 ], [ -78.315552922123601, 44.333532791918401 ], [ -78.315564266682301, 44.333501866918901 ], [ -78.315576837421901, 44.3334676010289 ], [ -78.315584380350799, 44.3334170542729 ], [ -78.315592478904605, 44.333354308363397 ], [ -78.315602958334196, 44.333325435444799 ], [ -78.315624560430393, 44.333310914292099 ], [ -78.3156615508953, 44.333303329726299 ], [ -78.315699935065197, 44.333293899951798 ], [ -78.3156569660607, 44.333289132613601 ], [ -78.315652036096907, 44.333282441072697 ], [ -78.315657821492394, 44.333270365808701 ], [ -78.3157050219762, 44.333268576929399 ], [ -78.315778045585603, 44.333265667662197 ], [ -78.315850286891205, 44.3332673664613 ], [ -78.315850628080696, 44.3332672835568 ], [ -78.315865340213705, 44.333267629516101 ], [ -78.315868708798504, 44.3332492008917 ], [ -78.315855041685396, 44.333248108871999 ], [ -78.315825157971801, 44.3332457217317 ], [ -78.315752844465806, 44.333239944777198 ], [ -78.315720296028005, 44.3332330097792 ], [ -78.315713918668706, 44.3332259321962 ], [ -78.315711587179607, 44.333223343996103 ], [ -78.315729643235997, 44.333194398964601 ], [ -78.315741698718199, 44.3331822433762 ], [ -78.315763624560404, 44.333160133296097 ], [ -78.315819429749695, 44.3330844190383 ], [ -78.315834216187199, 44.333047193803701 ], [ -78.315842935907298, 44.3329994925584 ], [ -78.315867023232499, 44.332930547903302 ], [ -78.315866417018299, 44.332921186100499 ], [ -78.3158631861928, 44.332871279046898 ], [ -78.315857012677, 44.332847727644896 ], [ -78.315854268521406, 44.332837253244101 ], [ -78.315854117586298, 44.332837042631802 ], [ -78.315818583020004, 44.3327875679039 ], [ -78.315807265910493, 44.332748788942098 ], [ -78.315802334982095, 44.332684798528099 ], [ -78.315764486168106, 44.332653849221899 ], [ -78.315757048029994, 44.332616099558301 ], [ -78.315755888637696, 44.3325503810794 ], [ -78.315755839373594, 44.332547613377997 ], [ -78.315755588665695, 44.332533403854796 ], [ -78.315752833591304, 44.332450296864202 ], [ -78.315752285389195, 44.332433756736798 ], [ -78.315747868612206, 44.332399254290003 ], [ -78.315744567110997, 44.332373457614601 ], [ -78.315733787351704, 44.332314555744297 ], [ -78.315730545855203, 44.332296842242002 ], [ -78.315728856420293, 44.332287608010901 ], [ -78.315725218153204, 44.332247179358802 ], [ -78.315721909139398, 44.332210418964699 ], [ -78.315709221562301, 44.3322016670217 ], [ -78.315697451209104, 44.332199144939104 ], [ -78.315693661493597, 44.332198332897399 ], [ -78.315684597705598, 44.3321963912204 ], [ -78.315657915811698, 44.332178855693698 ], [ -78.315642034800106, 44.3321540586767 ], [ -78.315637071161902, 44.332139588872302 ], [ -78.315633527670698, 44.332129261317696 ], [ -78.315631639197804, 44.332123755841899 ], [ -78.315638153890603, 44.3320957286615 ], [ -78.315650529448803, 44.332065345550902 ], [ -78.315651417989301, 44.332063163475397 ], [ -78.315657425144707, 44.332046611858601 ], [ -78.315661897129701, 44.332034290539099 ], [ -78.315653557480999, 44.331958947614602 ], [ -78.315660701284301, 44.331927469170601 ], [ -78.315666263050602, 44.331902951354202 ], [ -78.315671579233907, 44.331879526997099 ], [ -78.315691957506701, 44.331805798411402 ], [ -78.315703356973998, 44.331728101825703 ], [ -78.315714767985199, 44.331683730066899 ], [ -78.315716083848599, 44.331678615943098 ], [ -78.315754315319197, 44.331643820025498 ], [ -78.315767138652902, 44.331633767523797 ], [ -78.315782078383506, 44.331622056068802 ], [ -78.315786890077902, 44.331618283635599 ], [ -78.315817985351003, 44.331596471991297 ], [ -78.315826984983403, 44.331571321091502 ], [ -78.315849871218404, 44.331528649698797 ], [ -78.315844619256097, 44.331511153601902 ], [ -78.315836240526195, 44.331483240724502 ], [ -78.315849139768702, 44.331430002033301 ], [ -78.3158496042564, 44.331429635740797 ], [ -78.315880363474093, 44.331405373731897 ], [ -78.315882869430197, 44.331379131141603 ], [ -78.315878883022805, 44.331351796897103 ], [ -78.315860858396206, 44.331316617050902 ], [ -78.315863235838506, 44.331293190198103 ], [ -78.315858071852006, 44.331277751496401 ], [ -78.315856222240996, 44.331272219029103 ], [ -78.315850569346495, 44.331255318488203 ], [ -78.315830809699094, 44.331229491301002 ], [ -78.315787732142894, 44.331198419041201 ], [ -78.315743809592803, 44.331176792379701 ], [ -78.315741655547995, 44.331175731616803 ], [ -78.315721938788002, 44.331148966432799 ], [ -78.315693756148704, 44.331106972074402 ], [ -78.315690714233995, 44.331084337859899 ], [ -78.315687259439699, 44.331058631201898 ], [ -78.315686917765206, 44.3310560870936 ], [ -78.315669473236596, 44.3310368899267 ], [ -78.315622152621302, 44.330984113933397 ], [ -78.315592450267999, 44.330956044366097 ], [ -78.315589533308696, 44.330953287546798 ], [ -78.315557257933094, 44.3309149546482 ], [ -78.315505940914704, 44.330849909306899 ], [ -78.315499115139502, 44.3308412582874 ], [ -78.315493451653396, 44.330826790920803 ], [ -78.315480291460503, 44.330793174857803 ], [ -78.315476846413304, 44.330784374676803 ], [ -78.315465381560799, 44.330777529434599 ], [ -78.315449908218099, 44.330772468789498 ], [ -78.315409982956595, 44.330758379479498 ], [ -78.315372843904498, 44.3307405970396 ], [ -78.315359838387806, 44.3307250801181 ], [ -78.315359191338899, 44.330724307768897 ], [ -78.315337629293097, 44.330623291288603 ], [ -78.315336225696598, 44.330608814271798 ], [ -78.315330512555093, 44.330549855061797 ], [ -78.315326160812305, 44.330501846400502 ], [ -78.315327615423698, 44.330469982085198 ], [ -78.315327713172195, 44.330467840830501 ], [ -78.3153279170442, 44.330463374862198 ], [ -78.315325292101903, 44.330460486261799 ], [ -78.315319195548199, 44.330453776269003 ], [ -78.315291870743195, 44.330450315729301 ], [ -78.315282212490402, 44.330444752638002 ], [ -78.3152816698789, 44.3304444400842 ], [ -78.315264547194701, 44.3304468552126 ], [ -78.315241527366695, 44.330480667351097 ], [ -78.315223641638198, 44.330506939806803 ], [ -78.315215451705498, 44.3305189683999 ], [ -78.315173341960602, 44.330552733934702 ], [ -78.315122766490603, 44.330571270243098 ], [ -78.315109999695395, 44.330576295970502 ], [ -78.315063798555101, 44.330594484106904 ], [ -78.315057470053603, 44.330596975751803 ], [ -78.314979569653104, 44.330612051391 ], [ -78.314922787778499, 44.330613370612198 ], [ -78.314919307329902, 44.3306134516898 ], [ -78.314851716068006, 44.330603406313301 ], [ -78.314788173529195, 44.330590640982898 ], [ -78.314743361782405, 44.330568920995098 ], [ -78.314742308027604, 44.330568211096598 ], [ -78.314701464777499, 44.330540693954802 ], [ -78.314661796922096, 44.330520974719697 ], [ -78.314591659427293, 44.330509177671303 ], [ -78.314590369934194, 44.330508960977397 ], [ -78.314521984945003, 44.3304876261952 ], [ -78.314445928339396, 44.330462353131701 ], [ -78.314381764959506, 44.330434541984303 ], [ -78.314344712103406, 44.330414883264503 ], [ -78.314321244821798, 44.330384272746699 ], [ -78.314310100515698, 44.330341739944998 ], [ -78.314306053896004, 44.330337191074797 ], [ -78.314280226820202, 44.330308159923803 ], [ -78.314263638717193, 44.330270196662298 ], [ -78.314255989980396, 44.330237139567203 ], [ -78.314258342304797, 44.330226936286998 ], [ -78.314267409673704, 44.330187623080299 ], [ -78.3142921734526, 44.330154302308301 ], [ -78.314310634973594, 44.330129462378302 ], [ -78.314353301929202, 44.330083498946401 ], [ -78.314382124988398, 44.330054117834898 ], [ -78.314396750122, 44.3300478917322 ], [ -78.314444850373405, 44.330027414134101 ], [ -78.314465094797299, 44.330022690448601 ], [ -78.314507019984603, 44.330012907747097 ], [ -78.314572339845299, 44.330015383497397 ], [ -78.314613639325202, 44.330024742078599 ], [ -78.314637101434201, 44.330030058301197 ], [ -78.314707081703105, 44.330064542143603 ], [ -78.314715172540502, 44.330068528940501 ], [ -78.314743118353604, 44.330087034311802 ], [ -78.314766671261793, 44.330100196736197 ], [ -78.314785229324599, 44.330110568738903 ], [ -78.314831733102594, 44.330123874036403 ], [ -78.314865956974899, 44.3301481627824 ], [ -78.314915698130804, 44.330176573385003 ], [ -78.314941500568096, 44.330184694936399 ], [ -78.315013378459398, 44.3302155059949 ], [ -78.315056560454295, 44.330241546671601 ], [ -78.315063753606097, 44.330245884141497 ], [ -78.315066868647193, 44.330247762464403 ], [ -78.315105401035794, 44.330263698005197 ], [ -78.315127389306497, 44.330298031319799 ], [ -78.315156085277593, 44.330328764658297 ], [ -78.315181118062696, 44.3303479504319 ], [ -78.315205397063707, 44.3303665593997 ], [ -78.315225631311193, 44.330376483707397 ], [ -78.3152335573985, 44.330380372063502 ], [ -78.315256745194802, 44.330388432045197 ], [ -78.315269141565594, 44.330391546873997 ], [ -78.315273745085605, 44.330390107578303 ], [ -78.315273696501507, 44.330389770633197 ], [ -78.3152896409471, 44.330384509031497 ], [ -78.315316612785395, 44.3303680336927 ], [ -78.315319256393096, 44.330366419558899 ], [ -78.315341672566603, 44.330334069656601 ], [ -78.315350693280394, 44.330279799905 ], [ -78.315355619840204, 44.330229191605603 ], [ -78.315353797178403, 44.3301831212992 ], [ -78.315353430902903, 44.330105147104902 ], [ -78.315351950908095, 44.330051570265098 ], [ -78.315339949214604, 44.330027804326299 ], [ -78.315335662060704, 44.330007037690102 ], [ -78.315326652578506, 44.329985285818701 ], [ -78.3153250540242, 44.3299814265552 ], [ -78.315326124888799, 44.329957968078702 ], [ -78.315315172378604, 44.3298825627543 ], [ -78.315299954428596, 44.3298145725974 ], [ -78.315293539949096, 44.329788864732002 ], [ -78.315285573343203, 44.329756934572998 ], [ -78.315281081723896, 44.329740894968403 ], [ -78.315272070720496, 44.329708709773399 ], [ -78.315261911593495, 44.329673898480301 ], [ -78.315260754428607, 44.329669931661499 ], [ -78.3152613022867, 44.329657930382197 ], [ -78.315262296476902, 44.329636151814903 ], [ -78.3152661975234, 44.329608063172003 ], [ -78.315267438459699, 44.329580851848803 ], [ -78.315266853110799, 44.329561528990403 ], [ -78.315265872896802, 44.329529150964497 ], [ -78.315261504224395, 44.329513193474597 ], [ -78.315249048481306, 44.329467698619098 ], [ -78.315242712909495, 44.329426196386301 ], [ -78.315240989545003, 44.329414906019501 ], [ -78.315220308251895, 44.329380603464102 ], [ -78.315192854938999, 44.329322657955302 ], [ -78.315175608518402, 44.3292787222192 ], [ -78.315169408821006, 44.329262927820302 ], [ -78.315165646749605, 44.329253684438399 ], [ -78.315144698832697, 44.3292022289654 ], [ -78.315139060477506, 44.329125070640103 ], [ -78.315143474326504, 44.329085721721697 ], [ -78.315149318426094, 44.329039439218199 ], [ -78.315149623219298, 44.329037021047299 ], [ -78.315152022015397, 44.328984474418299 ], [ -78.315154484114004, 44.328965707585603 ], [ -78.315157354027505, 44.328943831793502 ], [ -78.315158042387594, 44.328938588579703 ], [ -78.315155362702697, 44.328853984350602 ], [ -78.315151525157006, 44.328794716326598 ], [ -78.315132122351599, 44.328761068615101 ], [ -78.315127164370907, 44.328752472307698 ], [ -78.315122421542299, 44.328744245672198 ], [ -78.315096660861201, 44.3286778854687 ], [ -78.315089549548006, 44.328661759026602 ], [ -78.315068201027103, 44.328613342443099 ], [ -78.315060827745896, 44.328545535865601 ], [ -78.315054398521596, 44.328514386374998 ], [ -78.315060740389995, 44.328490112895203 ], [ -78.315083857459697, 44.328463907691599 ], [ -78.315088341205396, 44.328458824874403 ], [ -78.315106609729, 44.328438659897401 ], [ -78.315124170340894, 44.328419275909603 ], [ -78.315128141836297, 44.328383379039899 ], [ -78.315128626943306, 44.3283789890069 ], [ -78.315143477011603, 44.3283690058487 ], [ -78.315154105860699, 44.328365498106798 ], [ -78.315154491350299, 44.328357053593699 ], [ -78.3151483407933, 44.3283484544435 ], [ -78.315131562645902, 44.328343363063503 ], [ -78.315105762229095, 44.328335241601501 ], [ -78.315088823549203, 44.328328859046202 ], [ -78.315065880291002, 44.328320213300501 ], [ -78.315036969862007, 44.328294171621103 ], [ -78.315010675433896, 44.328268190569197 ], [ -78.314997924371497, 44.328232195634399 ], [ -78.314991386676397, 44.3281747420586 ], [ -78.314997292489906, 44.328146668167001 ], [ -78.314998072468498, 44.328142962077301 ], [ -78.315016351087294, 44.328115211635499 ], [ -78.315020579542605, 44.328108550035402 ], [ -78.315030451301695, 44.328092998625102 ], [ -78.315030418143905, 44.328079164221997 ], [ -78.315030385571504, 44.328065756562999 ], [ -78.315007177103396, 44.328029515644403 ], [ -78.315002311663704, 44.3279927672125 ], [ -78.314992602441905, 44.327947450360298 ], [ -78.314995623874395, 44.327909947561302 ], [ -78.314979401484706, 44.327892657903497 ], [ -78.314978443418596, 44.327890155109799 ], [ -78.314969241875801, 44.327857207369703 ], [ -78.314970889998605, 44.327821105504299 ], [ -78.314971105908, 44.327816376037603 ], [ -78.314976247922999, 44.327761076071702 ], [ -78.314971768024094, 44.327715883125201 ], [ -78.314969918767503, 44.327705566588598 ], [ -78.314965510280999, 44.3276809799125 ], [ -78.314969365927197, 44.3276538300913 ], [ -78.314980637203803, 44.327636247274597 ], [ -78.314985716363395, 44.327611005106803 ], [ -78.314986601625506, 44.327591613303099 ], [ -78.314987044358901, 44.327581915152997 ], [ -78.314992313534503, 44.327523801215598 ], [ -78.314980890533803, 44.327458718123097 ], [ -78.314984747406299, 44.327431568329303 ], [ -78.314988710135296, 44.327402182041602 ], [ -78.314989288363194, 44.327397895029897 ], [ -78.314990682052297, 44.327387558446802 ], [ -78.314975487846795, 44.327347749188597 ], [ -78.314971905032493, 44.327335323941803 ], [ -78.314967579501797, 44.327320321742299 ], [ -78.3149670068142, 44.327318415893103 ], [ -78.314955085646204, 44.327278697127603 ], [ -78.314938219268896, 44.327218182718099 ], [ -78.3149358335681, 44.327206622885498 ], [ -78.314932609739998, 44.327191004704098 ], [ -78.314929646775596, 44.327176650342899 ], [ -78.314903395692994, 44.327149731295798 ], [ -78.314890043035305, 44.327140518876 ], [ -78.314865336643095, 44.3271234725608 ], [ -78.314843882284706, 44.327099668754101 ], [ -78.314834199010406, 44.327088924852397 ], [ -78.314826333582602, 44.3270605594182 ], [ -78.314826643564402, 44.327043687455102 ], [ -78.3148272116253, 44.327012673741997 ], [ -78.314837185728507, 44.326991855444 ], [ -78.314838782685101, 44.326988522381498 ], [ -78.314837410294203, 44.326961250477602 ], [ -78.314841909796399, 44.3269200247002 ], [ -78.314828987723104, 44.326887783465203 ], [ -78.314828707099693, 44.326887144870703 ], [ -78.314824201229598, 44.326876890974198 ], [ -78.314806463953204, 44.326836529416902 ], [ -78.314794056024795, 44.326793027029197 ], [ -78.314798147149801, 44.3267320666206 ], [ -78.314814411737103, 44.326691118509501 ], [ -78.3148151972091, 44.326688418156699 ], [ -78.314825274503207, 44.326653800170199 ], [ -78.314830610714594, 44.326622926530703 ], [ -78.3148295869197, 44.326607853449701 ], [ -78.314827480470498, 44.326576826334197 ], [ -78.314822850959004, 44.326563567111499 ], [ -78.314811492691305, 44.326525726038497 ], [ -78.314800696219606, 44.326500743304102 ], [ -78.314770069410699, 44.326429877893702 ], [ -78.314767238222302, 44.326408682736101 ], [ -78.3147670992211, 44.326407634246799 ], [ -78.314766168179602, 44.3264006667224 ], [ -78.314738091610295, 44.326342839661201 ], [ -78.314737357930795, 44.326341328845103 ], [ -78.314733874154797, 44.326334153622298 ], [ -78.314725026138106, 44.326311133403102 ], [ -78.3147170716679, 44.326290435307001 ], [ -78.314711650537902, 44.326276331003903 ], [ -78.314710316550304, 44.326270140840002 ], [ -78.314709051966304, 44.326264271006103 ], [ -78.314708265545093, 44.326260618995299 ], [ -78.314704592670594, 44.326243575909402 ], [ -78.314697613435797, 44.326211186375303 ], [ -78.314693358898097, 44.326183918685402 ], [ -78.314682561296294, 44.326114708098899 ], [ -78.314680403458695, 44.326100878624899 ], [ -78.314674357251903, 44.326048876939502 ], [ -78.314670109554896, 44.326018685315603 ], [ -78.314669548080801, 44.326007524000197 ], [ -78.314668628598895, 44.325999616859498 ], [ -78.314662550796001, 44.325947346147402 ], [ -78.314661477305705, 44.3259281432329 ], [ -78.314655348098995, 44.325818486875299 ], [ -78.314654082856606, 44.325760218312702 ], [ -78.314656212386495, 44.325742499681297 ], [ -78.314662426940501, 44.325690765728197 ], [ -78.314662523655898, 44.325689965858402 ], [ -78.314670695205706, 44.325622753599603 ], [ -78.314676784156006, 44.325572671395598 ], [ -78.314683477428503, 44.325517620385 ], [ -78.314684257449699, 44.325482239016303 ], [ -78.314687813150002, 44.325445395179301 ], [ -78.314688779514299, 44.325435380745702 ], [ -78.314694362301395, 44.325377539763998 ], [ -78.314694508829206, 44.325376253116801 ], [ -78.314683367334894, 44.325376716630899 ], [ -78.314685969357598, 44.325356888965601 ], [ -78.314695409041406, 44.325284944979799 ], [ -78.314708734610093, 44.325165022215103 ], [ -78.314710193021199, 44.3251330760489 ], [ -78.314711433303003, 44.325105907913098 ], [ -78.314718181711797, 44.3250440701188 ], [ -78.314735172537794, 44.324929870195596 ], [ -78.3147386850885, 44.324852927080499 ], [ -78.314744772066106, 44.324785439800003 ], [ -78.314745203486794, 44.324780659584597 ], [ -78.314746634081402, 44.324764815984999 ], [ -78.314745323102699, 44.324650185507103 ], [ -78.314739144556199, 44.324583995964701 ], [ -78.314734777514104, 44.324537216658698 ], [ -78.314723813246502, 44.324484544698102 ], [ -78.314706875292799, 44.324403173671598 ], [ -78.314703459227204, 44.324388254070499 ], [ -78.314682873028602, 44.324298341828097 ], [ -78.314677477576495, 44.3242824150663 ], [ -78.314640207602295, 44.324172405994901 ], [ -78.314592593159404, 44.324068897506699 ], [ -78.314576167320894, 44.324037848590898 ], [ -78.314552841319497, 44.3239937543959 ], [ -78.314518284747606, 44.323933759094402 ], [ -78.314506769431006, 44.323913765843002 ], [ -78.314499802935501, 44.323903794342897 ], [ -78.314452726914794, 44.323836408504903 ], [ -78.314444236881002, 44.323818934272602 ], [ -78.314426411974196, 44.323782246403198 ], [ -78.314422004524005, 44.323776188285002 ], [ -78.3143082136407, 44.323619778171299 ], [ -78.3143027065437, 44.323618358501903 ], [ -78.314268122103599, 44.323609441390303 ], [ -78.314237129617993, 44.323557175899197 ], [ -78.314128877625294, 44.323374618690501 ], [ -78.314127862270297, 44.323372905882302 ], [ -78.314115037340102, 44.323351277483702 ], [ -78.314025993650901, 44.323226971632202 ], [ -78.314024010686296, 44.323224203438201 ], [ -78.314045437972396, 44.323213435296601 ], [ -78.313998309710399, 44.323161800155603 ], [ -78.313989361729895, 44.3231519980624 ], [ -78.313948198568994, 44.323107819806197 ], [ -78.313912708609706, 44.323069992339697 ], [ -78.313899534892599, 44.323055950432099 ], [ -78.313877806923102, 44.323015987251701 ], [ -78.313877164729107, 44.3229727616189 ], [ -78.313879629974807, 44.322968208421301 ], [ -78.313895742039406, 44.3229384436532 ], [ -78.313914876364805, 44.322891926555599 ], [ -78.313920322555504, 44.322884956043801 ], [ -78.313924847160806, 44.322879163011898 ], [ -78.313934333009996, 44.322867022749897 ], [ -78.313955565442697, 44.322774527533802 ], [ -78.313966023560099, 44.322717473798001 ], [ -78.313955586182502, 44.322688108778301 ], [ -78.313964757667904, 44.322659205188501 ], [ -78.313968527676593, 44.322633931341997 ], [ -78.313974035225897, 44.322599304907897 ], [ -78.313984447911196, 44.322543189987499 ], [ -78.313981812288006, 44.322514946643203 ], [ -78.313975286957998, 44.322486749510098 ], [ -78.313974161963998, 44.322481890358297 ], [ -78.313979368275795, 44.322453833347197 ], [ -78.313981630392405, 44.322435161747897 ], [ -78.313983569213306, 44.322419176165099 ], [ -78.313998721079798, 44.322399092855001 ], [ -78.314008637610598, 44.322385949910398 ], [ -78.314043649514304, 44.3223642299807 ], [ -78.314081404370697, 44.322339755820799 ], [ -78.314204546835498, 44.322250597501302 ], [ -78.314277870182806, 44.322192205043699 ], [ -78.314359130501103, 44.3221375715747 ], [ -78.314392733511596, 44.322114979330998 ], [ -78.314395313240894, 44.322113245777501 ], [ -78.314439516285105, 44.3220908011847 ], [ -78.314473392599695, 44.322065297554097 ], [ -78.314501783078001, 44.3220453005735 ], [ -78.314524367660397, 44.322009197003702 ], [ -78.314532658019701, 44.321970879159601 ], [ -78.314542428761399, 44.321928839293001 ], [ -78.314548191628603, 44.321888583108901 ], [ -78.314550697568706, 44.321862340513498 ], [ -78.314556868733305, 44.3218418198731 ], [ -78.314564603993404, 44.321833050415798 ], [ -78.314570667610198, 44.321826176322702 ], [ -78.314589652490994, 44.321811592864698 ], [ -78.314602700361405, 44.321783720303799 ], [ -78.314607510808202, 44.3217811947667 ], [ -78.314633533781006, 44.321767536712002 ], [ -78.314645668339296, 44.321762006405898 ], [ -78.314662932041898, 44.3217541390121 ], [ -78.314661174308299, 44.321735310709101 ], [ -78.314660572145797, 44.321734299037502 ], [ -78.314652667062205, 44.321721020357501 ], [ -78.314651166313894, 44.321696562374598 ], [ -78.314672014515693, 44.321669811399801 ], [ -78.314713196829302, 44.321627570596 ], [ -78.314743023356499, 44.321604788574 ], [ -78.314750752012699, 44.321596299834397 ], [ -78.314761290085002, 44.321584726220202 ], [ -78.314785726291106, 44.321557886777697 ], [ -78.314828879123198, 44.321529782500598 ], [ -78.314874818921695, 44.321497985115897 ], [ -78.314916836351998, 44.321466098146303 ], [ -78.314969524215797, 44.321429763621801 ], [ -78.315019341906407, 44.321398998185202 ], [ -78.315058693063605, 44.3213799710025 ], [ -78.315067509173403, 44.321375707606201 ], [ -78.315101000647402, 44.321358648322096 ], [ -78.315135282293497, 44.321352879065401 ], [ -78.315136320896301, 44.321347570261601 ], [ -78.315140402311599, 44.321326697941402 ], [ -78.315152937198206, 44.321310084700599 ], [ -78.315170664149704, 44.321291842545101 ], [ -78.315170937353003, 44.321291626602999 ], [ -78.3151908163006, 44.321279812614598 ], [ -78.315205753239297, 44.321270935217697 ], [ -78.315246592352494, 44.321236199846503 ], [ -78.315296793814298, 44.321196990625502 ], [ -78.315334761502797, 44.321167824312603 ], [ -78.315390234463905, 44.321127798245399 ], [ -78.315431715621401, 44.321078988592497 ], [ -78.3154568475274, 44.321015704199198 ], [ -78.315457181093294, 44.321015209690401 ], [ -78.315484914173595, 44.3209740945371 ], [ -78.315500706117007, 44.320952166106103 ], [ -78.315507137901406, 44.320938291073901 ], [ -78.315533196222106, 44.320882073107697 ], [ -78.315535456625398, 44.320870076977101 ], [ -78.315540381960801, 44.320866570100797 ], [ -78.315558447460305, 44.320853709591397 ], [ -78.315569884723104, 44.320827507760903 ], [ -78.315580365361797, 44.320803499910603 ], [ -78.315602454423896, 44.320749538300099 ], [ -78.315631871473101, 44.320707020469897 ], [ -78.315656018650003, 44.3206777585997 ], [ -78.315670652178099, 44.320660025195203 ], [ -78.315700063791596, 44.320636148329001 ], [ -78.315703262163098, 44.320633551524701 ], [ -78.315731267473296, 44.320621998764402 ], [ -78.315732370810395, 44.320621371110398 ], [ -78.315748729764195, 44.320612076943704 ], [ -78.315763342754295, 44.320578604422998 ], [ -78.315764624067, 44.320563027373296 ], [ -78.315765391516507, 44.320553710460999 ], [ -78.315766276204698, 44.320542978371201 ], [ -78.315783673520997, 44.320505813572197 ], [ -78.315805650097204, 44.320482097640799 ], [ -78.315819453048505, 44.320467202160501 ], [ -78.315858747107299, 44.320408948339001 ], [ -78.315870573172205, 44.320379167119803 ], [ -78.315868193500194, 44.320345295002198 ], [ -78.315868103159701, 44.320330124130798 ], [ -78.315867959560507, 44.320306060882999 ], [ -78.315867890967795, 44.320294563648297 ], [ -78.315866196306501, 44.320245677533499 ], [ -78.315869472150993, 44.320202544926403 ], [ -78.315894902813795, 44.320132692738902 ], [ -78.315895527632506, 44.320126473921398 ], [ -78.315899700466801, 44.320084899176003 ], [ -78.315899055421099, 44.320041674368703 ], [ -78.315908780758306, 44.3200005722924 ], [ -78.315911263750095, 44.319946148685098 ], [ -78.315920711240807, 44.319882495365597 ], [ -78.315924252256295, 44.319849738367502 ], [ -78.315927499059498, 44.3198197193922 ], [ -78.315936175940905, 44.319772956031102 ], [ -78.315926809518899, 44.3197201326659 ], [ -78.315925149317806, 44.319707404238699 ], [ -78.315918085257593, 44.319653234181601 ], [ -78.3158935715296, 44.319616962712402 ], [ -78.315892157402899, 44.319615634862899 ], [ -78.315894610655405, 44.319610155853603 ], [ -78.315886099270003, 44.319576825557597 ], [ -78.315860880031906, 44.319535899269702 ], [ -78.315847784718599, 44.319493099210298 ], [ -78.315850493686099, 44.319455711433903 ], [ -78.315862054271406, 44.319413906185403 ], [ -78.315870154425397, 44.319404136007201 ], [ -78.315874749909199, 44.319398593037498 ], [ -78.3158995615115, 44.319370996939398 ], [ -78.315932598785494, 44.319335138865803 ], [ -78.315937480644195, 44.319285469300503 ], [ -78.315925501247904, 44.319232584489299 ], [ -78.315917523127297, 44.319213320941302 ], [ -78.315911358003703, 44.319198433952799 ], [ -78.315907885814894, 44.319159840301197 ], [ -78.315906898275998, 44.319124122038303 ], [ -78.315915017243, 44.319089557798598 ], [ -78.3159239718305, 44.319065345674503 ], [ -78.315923886245798, 44.319067221637702 ], [ -78.315926058754101, 44.319044257167903 ], [ -78.315928940582296, 44.319013798374698 ], [ -78.315950985785094, 44.318960774638697 ], [ -78.315980507765801, 44.3188872608713 ], [ -78.316003730962507, 44.318837082687203 ], [ -78.316014393119502, 44.318795834271199 ], [ -78.316022797014199, 44.318763323049197 ], [ -78.3160321336983, 44.318673365540597 ], [ -78.316029346413202, 44.318619756985903 ], [ -78.316027179451595, 44.318581193124899 ], [ -78.316009245116902, 44.318544137392202 ], [ -78.315983424009701, 44.318507835196002 ], [ -78.315976823892399, 44.318480439448997 ], [ -78.315910142205993, 44.318393391169799 ], [ -78.3158911764138, 44.318321555106102 ], [ -78.315875190856403, 44.318270454955403 ], [ -78.315889458168002, 44.318244488882797 ], [ -78.315892317632802, 44.318243215611197 ], [ -78.315909491154798, 44.318235566470399 ], [ -78.315917933150999, 44.318222614647198 ], [ -78.315917181896793, 44.3182103856373 ], [ -78.315897791038495, 44.318205232929699 ], [ -78.315872892532894, 44.318204647447601 ], [ -78.315869038193696, 44.318204556813299 ], [ -78.315816630055295, 44.318206142293803 ], [ -78.315783912437695, 44.318206311910899 ], [ -78.315753016254504, 44.318195252894903 ], [ -78.315744337993493, 44.318184715448602 ], [ -78.3157360021697, 44.318166672350301 ], [ -78.315730537472007, 44.318143060140699 ], [ -78.315736964621095, 44.318116909716402 ], [ -78.3157587321748, 44.318098634639902 ], [ -78.315790956597397, 44.318080606359104 ], [ -78.3158017269037, 44.3180691731447 ], [ -78.315805752787497, 44.318064898775297 ], [ -78.315814330280901, 44.318055793424399 ], [ -78.315800017310593, 44.318025397530299 ], [ -78.315788247197702, 44.318022491943601 ], [ -78.315766377316194, 44.318017091859801 ], [ -78.315733038264099, 44.318002217639801 ], [ -78.315719047162503, 44.317993435030601 ], [ -78.315702655933094, 44.317979898336702 ], [ -78.315696891579293, 44.317962854694699 ], [ -78.315708290280497, 44.317942457812897 ], [ -78.315730527459294, 44.317913860415999 ], [ -78.315757523341006, 44.317895709189102 ], [ -78.315782783478596, 44.317882840471299 ], [ -78.3157910113827, 44.317878648710497 ], [ -78.315794073022104, 44.317840207794902 ], [ -78.315805619443395, 44.317787876181001 ], [ -78.315845296887005, 44.317721176862896 ], [ -78.3158701270835, 44.317664460869402 ], [ -78.315892836188098, 44.317625542067503 ], [ -78.315909205094201, 44.317610897765803 ], [ -78.315924993980602, 44.317580270724598 ], [ -78.3159570661023, 44.317536876234101 ], [ -78.315992866596304, 44.317469145810598 ], [ -78.316038283157496, 44.317391309012102 ], [ -78.316076576292403, 44.3173295168748 ], [ -78.316093364814094, 44.317302427091398 ], [ -78.316121387585497, 44.317261755205102 ], [ -78.316140237620004, 44.317192687192602 ], [ -78.316148761753695, 44.317120558525303 ], [ -78.316168791024893, 44.317054336097897 ], [ -78.316195591511203, 44.317011756576598 ], [ -78.316213158587402, 44.316970838831097 ], [ -78.316199724097999, 44.316949857119702 ], [ -78.316151173747897, 44.316924292901597 ], [ -78.316140136954502, 44.316908064299803 ], [ -78.316105417968402, 44.316889970763398 ], [ -78.316222607485301, 44.316861058939203 ], [ -78.317703520594307, 44.316470688412601 ], [ -78.317826897050296, 44.316438164367703 ], [ -78.318308001520094, 44.316311338793199 ], [ -78.318512715293295, 44.316257370801303 ], [ -78.319323776303406, 44.3160435555966 ], [ -78.3194579338642, 44.316008187820501 ], [ -78.319599696148501, 44.315970814390901 ], [ -78.320718991567105, 44.315699586969302 ], [ -78.320922589312602, 44.315649654992299 ], [ -78.321070128848206, 44.315613471349003 ], [ -78.322016530239694, 44.315381362304201 ], [ -78.322563359246104, 44.315244592943003 ], [ -78.322675279206095, 44.315216599688597 ], [ -78.323986942368606, 44.314888519712703 ], [ -78.3242380758698, 44.314822104795098 ], [ -78.324311329433499, 44.314802732057501 ], [ -78.325107646468297, 44.314592131998197 ], [ -78.325842711413003, 44.314408130524903 ], [ -78.325984271126998, 44.3143726943903 ], [ -78.326272859045005, 44.314300452523597 ], [ -78.326776009129702, 44.314174498229001 ], [ -78.327345094384199, 44.314032022388901 ], [ -78.327465219548699, 44.314001889322803 ], [ -78.327569453664594, 44.313975742327102 ], [ -78.328471679621998, 44.313749416229399 ], [ -78.329070035596402, 44.313582912315802 ], [ -78.329189201692103, 44.3135497525641 ], [ -78.329594004702898, 44.3134371053441 ], [ -78.330630102689796, 44.313162649235601 ], [ -78.330809955272699, 44.3131150062489 ], [ -78.331176503921299, 44.313017906019198 ], [ -78.331791256746897, 44.3128604111089 ], [ -78.332280141709703, 44.312733036685998 ], [ -78.332359590322696, 44.312712336095402 ], [ -78.333226802680798, 44.312486384673797 ], [ -78.333911544776598, 44.312311524760602 ], [ -78.334035416054306, 44.3122798913639 ], [ -78.334171154215596, 44.312245227356499 ], [ -78.335143833272596, 44.312004435437601 ], [ -78.335550258018699, 44.311911198645099 ], [ -78.335661375052197, 44.311885707249203 ], [ -78.337032951557802, 44.311571044289202 ], [ -78.337206273484298, 44.3115312296935 ], [ -78.337323838362593, 44.311504223373802 ], [ -78.338136566260005, 44.311317524661803 ], [ -78.338803624091895, 44.311164283305203 ], [ -78.338965244386401, 44.311127154234697 ], [ -78.339135607946602, 44.3110880158642 ], [ -78.339963493131506, 44.3108978186429 ], [ -78.340340927961805, 44.310811104892402 ], [ -78.340585886375194, 44.310754825373202 ], [ -78.340964741126399, 44.310673163481603 ] ] ] } },
{ "type": "Feature", "properties": { "OBJECTID": 95, "WARDTYPE": "WARD", "WARDNAME": "Town Ward 3", "WARD_ID": 103, "YEAR": 2018, "ACTIVE": "Yes", "Shape__Area": 5710646.7197265597, "Shape__Length": 13382.820747014201 }, "geometry": { "type": "Polygon", "coordinates": [ [ [ -78.317690445532094, 44.312690455725402 ], [ -78.317684861630099, 44.312686175134402 ], [ -78.317658353636006, 44.312665852366898 ], [ -78.317630963204607, 44.312657792233097 ], [ -78.317598440775896, 44.312648218764501 ], [ -78.317536737749407, 44.312593472363901 ], [ -78.3175268197365, 44.3125775744723 ], [ -78.317518042190002, 44.312563503934797 ], [ -78.317516842284803, 44.312525682116501 ], [ -78.3174688667129, 44.312483613676399 ], [ -78.317432846515203, 44.312452028117498 ], [ -78.317395008225702, 44.312421956397998 ], [ -78.317340851764598, 44.312378916189701 ], [ -78.317286711132198, 44.3123358880311 ], [ -78.317256549093301, 44.312314643834 ], [ -78.317205831963193, 44.312298807934603 ], [ -78.317185320276593, 44.312290364697297 ], [ -78.317163772355201, 44.312281493777398 ], [ -78.317134160224199, 44.3122640031226 ], [ -78.317106244090894, 44.312247512918198 ], [ -78.317036790783902, 44.3122064870578 ], [ -78.317006056736105, 44.312198562449304 ], [ -78.316976685482004, 44.312178733094498 ], [ -78.316928663183106, 44.312146311594297 ], [ -78.316916529573405, 44.312138120156 ], [ -78.316876103602198, 44.312122765482798 ], [ -78.316856286413397, 44.312106077570803 ], [ -78.316831926244802, 44.312095171577397 ], [ -78.316803602952305, 44.312085112308502 ], [ -78.316757754532802, 44.312057732971397 ], [ -78.316705629822906, 44.312024570343297 ], [ -78.316687436556904, 44.312014616835299 ], [ -78.316638848508703, 44.311993619030403 ], [ -78.316602844315597, 44.311978059412397 ], [ -78.316526827612293, 44.311935168419701 ], [ -78.316497186882202, 44.3119194126606 ], [ -78.316438182556197, 44.311893537966 ], [ -78.316377716964993, 44.311877711986902 ], [ -78.316320519869805, 44.311856201048798 ], [ -78.316286553188206, 44.3118320663826 ], [ -78.316265982115695, 44.311825426638599 ], [ -78.316204648792393, 44.311808202742498 ], [ -78.316182020999307, 44.311801847728503 ], [ -78.316063234335203, 44.311801176703 ], [ -78.316011246671096, 44.311819400281401 ], [ -78.315977506991103, 44.311811404722398 ], [ -78.315976749917795, 44.311784018504099 ], [ -78.315940857444801, 44.311757246554897 ], [ -78.315921931957703, 44.3117508435042 ], [ -78.315897393207806, 44.311742540313602 ], [ -78.315865574438106, 44.311714422788498 ], [ -78.315878467731693, 44.311661364760099 ], [ -78.315881306621705, 44.3116498143428 ], [ -78.315883358415405, 44.311610409756199 ], [ -78.315874708089495, 44.311559006699397 ], [ -78.315855737687002, 44.311446269976599 ], [ -78.315862256058793, 44.311369359551698 ], [ -78.315832505808402, 44.311339851114298 ], [ -78.315783489403103, 44.311314931167701 ], [ -78.315766289344197, 44.311274194291798 ], [ -78.315784090894297, 44.3111917874282 ], [ -78.315774841100605, 44.311152677950403 ], [ -78.315775151728602, 44.311123876392799 ], [ -78.315738568401002, 44.311068279269897 ], [ -78.315702381116694, 44.311047982304899 ], [ -78.315669560821803, 44.311019841170904 ], [ -78.315620150904095, 44.311003555458399 ], [ -78.315556319521306, 44.310995572327002 ], [ -78.315490928261795, 44.310999796241099 ], [ -78.315433126185795, 44.311013561485098 ], [ -78.315267421059204, 44.310995980003703 ], [ -78.315212624880701, 44.311009815834701 ], [ -78.315173663428396, 44.311028345416197 ], [ -78.315123123920202, 44.311102779934799 ], [ -78.3151066796121, 44.311187599851998 ], [ -78.315087853659307, 44.311215379817703 ], [ -78.315082538159999, 44.311223224039701 ], [ -78.315069479376007, 44.3112424933962 ], [ -78.315056737791593, 44.311261295766201 ], [ -78.315053129583205, 44.311266620658202 ], [ -78.315022012749196, 44.311285817255701 ], [ -78.314960297658899, 44.3113238904212 ], [ -78.314951043846193, 44.311327420598403 ], [ -78.314949201400395, 44.311374892073196 ], [ -78.314944683781107, 44.311491328450003 ], [ -78.314927425502702, 44.311490983703102 ], [ -78.314922816871302, 44.311490891498899 ], [ -78.314922453866401, 44.311537869310598 ], [ -78.314921990102704, 44.3115978825615 ], [ -78.314913810051706, 44.311601291248699 ], [ -78.314541906727797, 44.311570968966599 ], [ -78.314515317853804, 44.3115688012482 ], [ -78.314505188240304, 44.311567975050998 ], [ -78.314488174355404, 44.311566588064998 ], [ -78.314480152105801, 44.311565933883003 ], [ -78.314359758445704, 44.311565209770798 ], [ -78.314216235954703, 44.311558703518102 ], [ -78.314161660183402, 44.311554066745501 ], [ -78.3142041853026, 44.311278070152902 ], [ -78.314212206868405, 44.311220852738501 ], [ -78.314218481206595, 44.311176094556998 ], [ -78.314191285101302, 44.3110208329892 ], [ -78.314184193745604, 44.310996211910798 ], [ -78.314176073332007, 44.310968012325098 ], [ -78.314172866511797, 44.310956876067401 ], [ -78.3141697917264, 44.310946198456399 ], [ -78.314153367912496, 44.310889166583102 ], [ -78.314135734468806, 44.3108295188486 ], [ -78.314137926431201, 44.310758029016803 ], [ -78.3141301173454, 44.310717844163101 ], [ -78.314091706601801, 44.310565625398503 ], [ -78.314086569478704, 44.310545274395899 ], [ -78.314066478989702, 44.310445566825003 ], [ -78.314061251238897, 44.310421735018203 ], [ -78.3140354396714, 44.310304061933003 ], [ -78.314002454190103, 44.3101558077718 ], [ -78.313998103233999, 44.310136254003297 ], [ -78.313869863377803, 44.309636294161997 ], [ -78.313866750649794, 44.3096209288057 ], [ -78.313838386575696, 44.309480932644803 ], [ -78.313812683149393, 44.309360522496497 ], [ -78.313792271614901, 44.309264899066598 ], [ -78.313777487299902, 44.309195642133901 ], [ -78.313714624067501, 44.309000308771097 ], [ -78.313706063733505, 44.308979532380597 ], [ -78.313642288916, 44.308824753913001 ], [ -78.313609754179097, 44.308713054270498 ], [ -78.313609305499099, 44.308711512339499 ], [ -78.313607094294696, 44.308703921378502 ], [ -78.313569741587102, 44.308631689921903 ], [ -78.313564254151004, 44.3086210806485 ], [ -78.313561793376493, 44.308616320586303 ], [ -78.3135450767099, 44.3085839952263 ], [ -78.313537498517604, 44.308562277739902 ], [ -78.313544497407804, 44.3085262873266 ], [ -78.313558978873601, 44.308492629179199 ], [ -78.3135864418837, 44.308428809365701 ], [ -78.313611300350701, 44.308377084691998 ], [ -78.313646577959304, 44.308284834363199 ], [ -78.313661729738101, 44.308244343567701 ], [ -78.313681961988394, 44.308190277315497 ], [ -78.313739775889005, 44.308065387503802 ], [ -78.313766481017197, 44.308007697800903 ], [ -78.313783078578695, 44.307971841428298 ], [ -78.313809128473096, 44.307915567735797 ], [ -78.3138559852583, 44.307804359001601 ], [ -78.313902771588999, 44.307741611417299 ], [ -78.313923787067296, 44.307703642502098 ], [ -78.313941557518206, 44.307666366959197 ], [ -78.313963534219297, 44.307634092402601 ], [ -78.313966819814496, 44.307629267707199 ], [ -78.314040184442803, 44.3075176914504 ], [ -78.314070426088307, 44.307471699366303 ], [ -78.314089933447093, 44.3074198486661 ], [ -78.314181048940696, 44.307301218594802 ], [ -78.314209485720895, 44.307264963717998 ], [ -78.314189503763302, 44.307256800685103 ], [ -78.314254646932199, 44.307189070607102 ], [ -78.314283737202899, 44.307158824233603 ], [ -78.314291962283605, 44.3071463652593 ], [ -78.314321096889898, 44.307117124628803 ], [ -78.314360592827796, 44.307069793622397 ], [ -78.314382420196395, 44.307043639155403 ], [ -78.314435572348998, 44.306958732242897 ], [ -78.314476533664703, 44.306882769937197 ], [ -78.314540720419899, 44.306814277161699 ], [ -78.3145929968763, 44.306748581297803 ], [ -78.314664653267499, 44.306667415420399 ], [ -78.314701443145594, 44.306625743695299 ], [ -78.314781787553301, 44.306555322576102 ], [ -78.314810920409599, 44.306523002827198 ], [ -78.314935246541296, 44.3063850798885 ], [ -78.315057177332207, 44.306254690708002 ], [ -78.315064759814604, 44.3062465829071 ], [ -78.315166031400807, 44.306163576322298 ], [ -78.315167895317799, 44.306161715175897 ], [ -78.315232252925398, 44.306097439319799 ], [ -78.31531004624, 44.305918492377003 ], [ -78.315340026092201, 44.305895350934101 ], [ -78.315380898398601, 44.305844771323898 ], [ -78.315433940813605, 44.305734450112197 ], [ -78.315466112386204, 44.305667538268402 ], [ -78.315541417972199, 44.305532196113901 ], [ -78.315564131281207, 44.305491374219301 ], [ -78.315644436268599, 44.305352565560099 ], [ -78.315650187818704, 44.305342623108999 ], [ -78.315716017082906, 44.305191088855501 ], [ -78.315747756130705, 44.305125564886502 ], [ -78.315811805767694, 44.3049933329903 ], [ -78.315819797273704, 44.304970806004903 ], [ -78.315841308398007, 44.304910177580801 ], [ -78.315854688304896, 44.304828181615903 ], [ -78.315871530566895, 44.304792517932803 ], [ -78.315872333959206, 44.3047908181941 ], [ -78.315878402291602, 44.304777968080302 ], [ -78.315887022063805, 44.304765333710201 ], [ -78.315901219776805, 44.304744527239698 ], [ -78.315931255739699, 44.304700505914099 ], [ -78.315940392701407, 44.304687113963503 ], [ -78.315950493576494, 44.304664102702802 ], [ -78.3159726177702, 44.304613696015998 ], [ -78.315993439281399, 44.304566260219801 ], [ -78.316002553919702, 44.3045454935639 ], [ -78.316011040712397, 44.304519827237201 ], [ -78.316018707387499, 44.304496639896897 ], [ -78.316019763258097, 44.304483518867897 ], [ -78.316020722771199, 44.304471603746002 ], [ -78.316021179633097, 44.304465928333997 ], [ -78.316015825501907, 44.304418877262002 ], [ -78.316021916151399, 44.304395720384299 ], [ -78.316027489455195, 44.304374533753297 ], [ -78.316045082266996, 44.304341100572699 ], [ -78.316079445366597, 44.304315753680498 ], [ -78.316089833061696, 44.304301324296198 ], [ -78.316096651031401, 44.3042918552337 ], [ -78.316113755025995, 44.3042680966375 ], [ -78.316140609448894, 44.304219495457197 ], [ -78.316153712782096, 44.304151003415001 ], [ -78.316154674089603, 44.304145977259502 ], [ -78.316163769454903, 44.304106520368599 ], [ -78.316164021185699, 44.3041054261478 ], [ -78.316184253103998, 44.304079135680198 ], [ -78.316191349371493, 44.304069913529197 ], [ -78.316216608620394, 44.304032813684998 ], [ -78.316219262254194, 44.304027955157501 ], [ -78.3162423220314, 44.303985724226699 ], [ -78.3162436112477, 44.303957447101901 ], [ -78.316244213931, 44.3039442280879 ], [ -78.316242826004398, 44.303904194310697 ], [ -78.316247682334705, 44.303868153331102 ], [ -78.316258764743097, 44.303850005011199 ], [ -78.316261574695503, 44.303845402235602 ], [ -78.316279918840706, 44.303825125335798 ], [ -78.316294287675802, 44.303809246456098 ], [ -78.316306495217404, 44.303776455456699 ], [ -78.316319893882095, 44.303717537587403 ], [ -78.316339925339904, 44.303701084215298 ], [ -78.316346698064294, 44.3036942824967 ], [ -78.316364623783201, 44.303676279750398 ], [ -78.316381690733607, 44.303654372112298 ], [ -78.316399353219893, 44.303619401036102 ], [ -78.316400769415594, 44.3035985937981 ], [ -78.3164025946907, 44.3035717832214 ], [ -78.316403522219701, 44.303566232307404 ], [ -78.316404947578903, 44.303557708676202 ], [ -78.3164143784701, 44.303501288511399 ], [ -78.316433652315197, 44.303430969888801 ], [ -78.316458277288405, 44.303360776164098 ], [ -78.316485795315302, 44.303297574484503 ], [ -78.316523349956, 44.303249224759902 ], [ -78.316554273751606, 44.303205334865801 ], [ -78.316565973712002, 44.303192142657501 ], [ -78.316583956464896, 44.303171866213503 ], [ -78.316587021191296, 44.303168410971203 ], [ -78.3165913029612, 44.303162733644498 ], [ -78.316614384967394, 44.303132129344696 ], [ -78.3166412721759, 44.303082759971097 ], [ -78.316651547942996, 44.303045585980001 ], [ -78.316659230935798, 44.303017794953497 ], [ -78.316669259417594, 44.302938796335297 ], [ -78.316679256302194, 44.302907491899397 ], [ -78.316697882729201, 44.3028748517455 ], [ -78.316722904377301, 44.3028434404549 ], [ -78.316728561009796, 44.302836340592599 ], [ -78.316760133597199, 44.302801696441101 ], [ -78.316765291140698, 44.302795039485403 ], [ -78.316801107491997, 44.302748811271499 ], [ -78.316832521177105, 44.3026941627881 ], [ -78.3168685104026, 44.302609620982899 ], [ -78.316892133939902, 44.302549194139601 ], [ -78.316892873407895, 44.302547300230998 ], [ -78.316901590926406, 44.302524999991398 ], [ -78.316903674005303, 44.302519674295503 ], [ -78.316916133883694, 44.3024888967756 ], [ -78.316931437530002, 44.302451093707496 ], [ -78.3169359901121, 44.302424729842002 ], [ -78.316940236200907, 44.302400139522 ], [ -78.316941179798405, 44.3023946745068 ], [ -78.316944535001895, 44.302375245246502 ], [ -78.316962257988095, 44.302344623841101 ], [ -78.316964301901507, 44.302341092377802 ], [ -78.316981508278005, 44.302316111672297 ], [ -78.316982199126002, 44.302311598611702 ], [ -78.316986085079407, 44.302286217483001 ], [ -78.316986010913695, 44.302284736582898 ], [ -78.3169859992569, 44.302284524743499 ], [ -78.316983836069298, 44.302241547739897 ], [ -78.316987809845202, 44.3022269197958 ], [ -78.316988522518699, 44.302224293330703 ], [ -78.316993791930798, 44.302204892856501 ], [ -78.316996708297907, 44.302194156267497 ], [ -78.317029225940502, 44.302138764835902 ], [ -78.317042255665896, 44.302095975679997 ], [ -78.317044343355704, 44.302089117816202 ], [ -78.317092837552394, 44.301988715262198 ], [ -78.317118910966002, 44.301938118466502 ], [ -78.317126914740697, 44.3019225904292 ], [ -78.317139925490295, 44.3018948489634 ], [ -78.317174374240295, 44.301821393780997 ], [ -78.317195806800399, 44.301774203477599 ], [ -78.317212338461204, 44.301736871266201 ], [ -78.317224463959903, 44.301709489801702 ], [ -78.317241908514802, 44.301668987555097 ], [ -78.317250644031802, 44.301648707032598 ], [ -78.317252016567394, 44.301645519895999 ], [ -78.3172631874166, 44.301611934680601 ], [ -78.317272588415705, 44.301593693622003 ], [ -78.317287276074893, 44.301581968785499 ], [ -78.317290373644099, 44.301579495598403 ], [ -78.317312439145098, 44.3015653981669 ], [ -78.317353487001597, 44.301557901149401 ], [ -78.317366291594098, 44.3015589709144 ], [ -78.3173776681801, 44.301551625528298 ], [ -78.317393881863097, 44.301541157318802 ], [ -78.317420983162293, 44.301534101352502 ], [ -78.317454399801704, 44.301529502107996 ], [ -78.3174993064858, 44.301531326274997 ], [ -78.317550388461299, 44.301538681006903 ], [ -78.317563052991304, 44.3015428246092 ], [ -78.317618324419698, 44.301557281025502 ], [ -78.317630475090397, 44.301560459150302 ], [ -78.317685845629001, 44.301574942170397 ], [ -78.317712946871197, 44.301567887033599 ], [ -78.317765659817098, 44.301562971391299 ], [ -78.3178230719341, 44.301548934690899 ], [ -78.317871376628702, 44.301523145999496 ], [ -78.317901494481106, 44.301496929956798 ], [ -78.317944872053403, 44.301461793109603 ], [ -78.317977293636304, 44.301429228397502 ], [ -78.317987527645599, 44.301418948205502 ], [ -78.318019854335802, 44.301391244554203 ], [ -78.318039760258699, 44.301354018509102 ], [ -78.318043484501999, 44.301327166987797 ], [ -78.3180445451883, 44.301319514336598 ], [ -78.318068731332801, 44.301282388852002 ], [ -78.318090602293296, 44.301249054955001 ], [ -78.318118293761898, 44.301182010946 ], [ -78.318146965377494, 44.301093449901003 ], [ -78.318179672074294, 44.301010369113499 ], [ -78.318204677672995, 44.3009317213115 ], [ -78.318207400111305, 44.300914585456802 ], [ -78.318213688348706, 44.300875009315199 ], [ -78.318217333720696, 44.300842016035503 ], [ -78.318234483578706, 44.300794724911299 ], [ -78.318258370028403, 44.300740668911303 ], [ -78.318263408750298, 44.300732071695101 ], [ -78.318279274981194, 44.300705004866998 ], [ -78.318288780547306, 44.300684457864897 ], [ -78.318286796130806, 44.300657487521903 ], [ -78.318284425467098, 44.300638968919898 ], [ -78.318281090330998, 44.300618121146002 ], [ -78.318278259050501, 44.300602063886501 ], [ -78.3182776852274, 44.300598809403503 ], [ -78.318272141271393, 44.300579447411799 ], [ -78.318267126877601, 44.300567338799397 ], [ -78.318263455292595, 44.300558473026797 ], [ -78.318239966097707, 44.300533304869603 ], [ -78.318222825969997, 44.300509824447801 ], [ -78.318172724925006, 44.3004809539052 ], [ -78.318142639227602, 44.300459476735703 ], [ -78.318137174619594, 44.3004466022063 ], [ -78.318128129318197, 44.300425288966402 ], [ -78.318120305297001, 44.300408950548601 ], [ -78.318120319820594, 44.300385103417497 ], [ -78.318116244897595, 44.3003334676443 ], [ -78.318107541010704, 44.300289415091498 ], [ -78.318096255204907, 44.300231455594698 ], [ -78.3180772902124, 44.300201008234303 ], [ -78.318051390589204, 44.300137149759202 ], [ -78.318043586168798, 44.300117905697498 ], [ -78.318024777036797, 44.300060538265598 ], [ -78.318019526534499, 44.3000111822791 ], [ -78.318005051824002, 44.299976225581297 ], [ -78.317992589997999, 44.299961089890203 ], [ -78.317983736822299, 44.299950338716101 ], [ -78.317972139403693, 44.299932904215801 ], [ -78.317958785746697, 44.299912827545 ], [ -78.317955667298094, 44.299908139446202 ], [ -78.317938771062003, 44.299857876027303 ], [ -78.317935857661496, 44.2998492099142 ], [ -78.317928908227998, 44.299827269793298 ], [ -78.317926155677299, 44.299822282395802 ], [ -78.317926304462802, 44.299819043989302 ], [ -78.317910574266406, 44.299769382341097 ], [ -78.317903729347293, 44.299731527752201 ], [ -78.3179078094538, 44.2996654666632 ], [ -78.317911176937898, 44.299654204080603 ], [ -78.317926765034102, 44.299602062509898 ], [ -78.317940975038894, 44.299541976909801 ], [ -78.317944200138996, 44.299528336046002 ], [ -78.317946665733402, 44.299517911136597 ], [ -78.317986371179103, 44.299445765761803 ], [ -78.318023551485794, 44.299382020959101 ], [ -78.318040282186502, 44.299343951460997 ], [ -78.318039437358493, 44.299315468407997 ], [ -78.318029892225496, 44.299289858988303 ], [ -78.318017525738298, 44.299270541944701 ], [ -78.318016892650903, 44.299269552068303 ], [ -78.318001104881901, 44.2992399499811 ], [ -78.318000433835294, 44.299207625020898 ], [ -78.318019128325304, 44.299173446755198 ], [ -78.318043698590301, 44.299127868571702 ], [ -78.318051977284796, 44.2991113818236 ], [ -78.318072360380896, 44.299070789126702 ], [ -78.318084929381499, 44.299045757803398 ], [ -78.318014845146706, 44.298961799582599 ], [ -78.31802212174, 44.2989463417167 ], [ -78.318148938160107, 44.298683698609899 ], [ -78.318199309070593, 44.298574239609501 ], [ -78.318281668727096, 44.298394969180002 ], [ -78.318295473291101, 44.298397600909098 ], [ -78.318311403622602, 44.298358625787799 ], [ -78.318391603454501, 44.298162413504798 ], [ -78.318397936251898, 44.298146920836999 ], [ -78.318470723015594, 44.297973613883997 ], [ -78.318569735390199, 44.297737863827102 ], [ -78.318549303261406, 44.297519667667203 ], [ -78.318533004692796, 44.297345635441403 ], [ -78.318506116570404, 44.297283044824098 ], [ -78.318503103342493, 44.297277727214798 ], [ -78.318499834181395, 44.297271313355701 ], [ -78.318493067516897, 44.297257581794902 ], [ -78.318489767459795, 44.297235965103397 ], [ -78.318491994257002, 44.2972106313551 ], [ -78.318502530849997, 44.297195449898602 ], [ -78.318504602209302, 44.297192465518698 ], [ -78.318526665735504, 44.297178367794899 ], [ -78.318560954729406, 44.297154556958702 ], [ -78.318592858755494, 44.297136074654802 ], [ -78.318621307208204, 44.297122895736202 ], [ -78.318652719959502, 44.297115172809903 ], [ -78.3186732167283, 44.297111282525798 ], [ -78.318684586902705, 44.297105678892201 ], [ -78.318714417166106, 44.297090975826897 ], [ -78.318769246207395, 44.297084232337397 ], [ -78.318827304870496, 44.297077091134199 ], [ -78.318916556647693, 44.297072499325402 ], [ -78.319291716789294, 44.297052707634897 ], [ -78.319291073930799, 44.2970438103875 ], [ -78.3192849838059, 44.296959518308498 ], [ -78.319280478592304, 44.296959657381201 ], [ -78.318978723393897, 44.296968999569899 ], [ -78.318898043885497, 44.296972093046598 ], [ -78.318895861453001, 44.296972176827602 ], [ -78.318892652220796, 44.296929788347697 ], [ -78.318885409829903, 44.296827346570602 ], [ -78.318863420616495, 44.296506067953999 ], [ -78.318835688753296, 44.296162943308502 ], [ -78.318835479389506, 44.296137370471499 ], [ -78.318832588809997, 44.296070807979604 ], [ -78.3185666477453, 44.296078479421098 ], [ -78.318252135309905, 44.296086935732603 ], [ -78.318060709663598, 44.295971703994802 ], [ -78.317465527938893, 44.296002422725898 ], [ -78.317277452158507, 44.296011463664598 ], [ -78.317212110498104, 44.296014968637401 ], [ -78.317150775656799, 44.296018569546703 ], [ -78.316248241391506, 44.296062893770099 ], [ -78.316154037107694, 44.295929598280402 ], [ -78.316156860988301, 44.295924406146803 ], [ -78.316168940433698, 44.295909484448501 ], [ -78.316255585014204, 44.295805438135197 ], [ -78.316304001700601, 44.295747426334003 ], [ -78.316309006970698, 44.295741429317303 ], [ -78.316320794214803, 44.2957273064821 ], [ -78.316471131264194, 44.295548930539397 ], [ -78.316499895259, 44.295515289024003 ], [ -78.316539384985504, 44.295470130302803 ], [ -78.316551038015106, 44.295456804635798 ], [ -78.316642269341003, 44.295352475126997 ], [ -78.3167361502029, 44.295243139255199 ], [ -78.316762708567694, 44.295212808366003 ], [ -78.316802812425195, 44.295167009484501 ], [ -78.316838149367697, 44.2951246186283 ], [ -78.316928077546194, 44.295016734561003 ], [ -78.316951234201099, 44.294988952483301 ], [ -78.317006397967205, 44.294926104217701 ], [ -78.317098096761697, 44.294821629573804 ], [ -78.3171963349957, 44.294713982018799 ], [ -78.317203939685101, 44.2947056486124 ], [ -78.317254796207393, 44.294649921029603 ], [ -78.317383312733497, 44.2945090894111 ], [ -78.317409639638399, 44.294475157213199 ], [ -78.317428165610707, 44.294451280554597 ], [ -78.317441343715302, 44.294434294989301 ], [ -78.317465662443695, 44.2944037483485 ], [ -78.317575397972305, 44.294265900705398 ], [ -78.317630957544196, 44.294181758127202 ], [ -78.317632919161696, 44.294178787388098 ], [ -78.317643252241595, 44.294162754959601 ], [ -78.317661730956999, 44.294134077763502 ], [ -78.317681354388, 44.294102999410804 ], [ -78.317697383586705, 44.294080298318903 ], [ -78.317721107061701, 44.294006237048599 ], [ -78.317727627036206, 44.293957156693097 ], [ -78.317722238276701, 44.293910875458003 ], [ -78.317718518569905, 44.293879300789598 ], [ -78.317714647049897, 44.2938464360547 ], [ -78.317708335013705, 44.293792851665302 ], [ -78.317703792637104, 44.2937650010252 ], [ -78.317649121785294, 44.293629129106797 ], [ -78.317640511448204, 44.293607729701002 ], [ -78.317621069446105, 44.293575667633398 ], [ -78.317594884208006, 44.2935324826013 ], [ -78.317574914421897, 44.293505789091597 ], [ -78.3175671094167, 44.293495355999397 ], [ -78.317547435024693, 44.2934690574467 ], [ -78.317485007029205, 44.293405280266398 ], [ -78.317399624027104, 44.293326306142298 ], [ -78.317389429425802, 44.2933168765083 ], [ -78.317286184001802, 44.293247419791797 ], [ -78.317262648765094, 44.293231586224998 ], [ -78.317232868736497, 44.293213197638501 ], [ -78.317216189620595, 44.293202898964303 ], [ -78.317166810700101, 44.293172408222802 ], [ -78.317043470127899, 44.293105659672598 ], [ -78.317019450831395, 44.293094895853798 ], [ -78.316996529774698, 44.293084622387603 ], [ -78.3169613534033, 44.293068857244101 ], [ -78.316931164183202, 44.293055326770201 ], [ -78.316842853508007, 44.293023494953097 ], [ -78.316835447043701, 44.2930206596318 ], [ -78.316711982589695, 44.292973397054602 ], [ -78.316630153303194, 44.292956591843897 ], [ -78.316571383282195, 44.292944522161399 ], [ -78.316555871869795, 44.292941335138202 ], [ -78.316409986257995, 44.2929127237934 ], [ -78.316244648123302, 44.292882778940601 ], [ -78.316142515411698, 44.292864281544396 ], [ -78.316066131279598, 44.292850447937603 ], [ -78.316041571240703, 44.292845999260898 ], [ -78.315980250679601, 44.292834892920403 ], [ -78.315797981021007, 44.292801881772199 ], [ -78.315655562531106, 44.292776087840501 ], [ -78.3156171424843, 44.292769129057703 ], [ -78.315507794356805, 44.292748208011297 ], [ -78.315465345133603, 44.292740851926901 ], [ -78.315328312484894, 44.292718311820401 ], [ -78.315301635251302, 44.292713923923898 ], [ -78.315135366568796, 44.2926961660635 ], [ -78.314915533787797, 44.292678687472097 ], [ -78.314807987180203, 44.292674398476599 ], [ -78.314727376633897, 44.2926711841762 ], [ -78.314592152946602, 44.292677233593402 ], [ -78.3144773256344, 44.292682225033701 ], [ -78.314157227108694, 44.292726234718302 ], [ -78.3139457089855, 44.292761258817301 ], [ -78.313797770256997, 44.292787778429897 ], [ -78.313655934075697, 44.292821365514101 ], [ -78.313523377008195, 44.292862862791203 ], [ -78.313451348331, 44.2928887755318 ], [ -78.313421021371099, 44.292899686166898 ], [ -78.313219816750305, 44.292990339527798 ], [ -78.313062353520195, 44.293061250932098 ], [ -78.312907469091002, 44.293146070016903 ], [ -78.312835719527897, 44.293185821725501 ], [ -78.312788091740003, 44.293212209434699 ], [ -78.312731660356604, 44.293243472845802 ], [ -78.3126237301842, 44.293301429758799 ], [ -78.3126108873128, 44.293308326030797 ], [ -78.312608438042105, 44.293309508051799 ], [ -78.312536417084601, 44.2933442665353 ], [ -78.312483609276498, 44.293362069536002 ], [ -78.312427640516503, 44.293380937842002 ], [ -78.312344821187594, 44.293412065913003 ], [ -78.312283066104499, 44.293427536195303 ], [ -78.312239918703696, 44.293436930168497 ], [ -78.312211624051798, 44.293441695314101 ], [ -78.312187029221406, 44.293445836351097 ], [ -78.312151440278001, 44.293453962419498 ], [ -78.312095843412905, 44.293466656202497 ], [ -78.312031271029397, 44.293481400103097 ], [ -78.311911005365104, 44.293508860596901 ], [ -78.311779637460006, 44.293538854868999 ], [ -78.311656866177401, 44.293566886281397 ], [ -78.3115986053119, 44.293580188688601 ], [ -78.311480745930595, 44.2936070986121 ], [ -78.311419145494, 44.293631471326002 ], [ -78.311369914131404, 44.293650378963399 ], [ -78.311331052956604, 44.293665873008699 ], [ -78.311245577014603, 44.293701575941299 ], [ -78.311184366661195, 44.293730028777802 ], [ -78.311141621689004, 44.293749898457499 ], [ -78.311058100625999, 44.293796394828398 ], [ -78.311036967017401, 44.293812104711698 ], [ -78.310991514986, 44.293842036902902 ], [ -78.3109410486352, 44.293875272910597 ], [ -78.310877848315997, 44.293920614750498 ], [ -78.310809093958099, 44.293972074544698 ], [ -78.310777522973893, 44.294006716228601 ], [ -78.310686298351698, 44.294104571805498 ], [ -78.310617753218395, 44.294198345020703 ], [ -78.310616723247804, 44.294199873735202 ], [ -78.310540771322707, 44.294312689748303 ], [ -78.310503777191499, 44.294360648343599 ], [ -78.310492140775196, 44.294376851075697 ], [ -78.310481464910097, 44.294392303999601 ], [ -78.310471239613193, 44.294407908882398 ], [ -78.310450143531099, 44.294440461957002 ], [ -78.310439275705505, 44.294457235564302 ], [ -78.310359460850094, 44.294580403667901 ], [ -78.310341317806902, 44.294608401570798 ], [ -78.310339548501901, 44.294611132739597 ], [ -78.310320689296006, 44.294640237312102 ], [ -78.310292474073194, 44.294683777962199 ], [ -78.310257200506499, 44.294729102288301 ], [ -78.310191566050307, 44.294806020381898 ], [ -78.310156373028704, 44.294847135969697 ], [ -78.310134347536902, 44.294872916791498 ], [ -78.310097300574199, 44.294916281683001 ], [ -78.310081534955501, 44.294941512292802 ], [ -78.310022737712302, 44.295006083833101 ], [ -78.309984984012701, 44.295047546848402 ], [ -78.309958616602401, 44.295076504128701 ], [ -78.309908328083594, 44.295144744001703 ], [ -78.309779058239897, 44.295294397341401 ], [ -78.309734205341499, 44.295346320748898 ], [ -78.309721686496303, 44.295360812779101 ], [ -78.309706142053003, 44.295378809406103 ], [ -78.309623174138395, 44.295454959426401 ], [ -78.309563185915295, 44.295502009336701 ], [ -78.309502603231095, 44.295562121752198 ], [ -78.309413809064097, 44.295678612623199 ], [ -78.309398918770796, 44.2956981451972 ], [ -78.309322933655494, 44.295767125917202 ], [ -78.309231673393995, 44.295818823070498 ], [ -78.309092349148699, 44.295937851496497 ], [ -78.308944183661097, 44.296062825620297 ], [ -78.308845097995601, 44.296145107699097 ], [ -78.308760657273396, 44.296211581273496 ], [ -78.308695259036696, 44.296252343462399 ], [ -78.308692357234804, 44.296254152126302 ], [ -78.3086574529936, 44.296275908155501 ], [ -78.308654818278001, 44.296277550262097 ], [ -78.308586952620502, 44.296323695496099 ], [ -78.308554222899204, 44.296345950203502 ], [ -78.308430516218905, 44.296411967629503 ], [ -78.308414793476601, 44.2964203584012 ], [ -78.308392972028997, 44.296428812426903 ], [ -78.308314214321697, 44.2964593266028 ], [ -78.308289397787107, 44.296468941563099 ], [ -78.308184820578703, 44.296498076157697 ], [ -78.308080296601602, 44.296527195706503 ], [ -78.308062608655803, 44.296532123527001 ], [ -78.308052599768999, 44.296534911522699 ], [ -78.307957930953805, 44.296561285252203 ], [ -78.307836485651293, 44.296595119086703 ], [ -78.307802591347695, 44.2965907185703 ], [ -78.307788764520893, 44.296586071122498 ], [ -78.307756003541499, 44.296578816430703 ], [ -78.307721313162602, 44.296564220364999 ], [ -78.307673105519797, 44.296543937104197 ], [ -78.307663793493901, 44.296535788712802 ], [ -78.307658429980606, 44.296517909612497 ], [ -78.307660484421405, 44.296496418904098 ], [ -78.307660515262896, 44.2964957444226 ], [ -78.307661055030096, 44.296483940096898 ], [ -78.307663471107503, 44.296431102114497 ], [ -78.307666864176895, 44.296333486610401 ], [ -78.307664341234101, 44.296294962698802 ], [ -78.307650415785005, 44.296271557403301 ], [ -78.3076486120178, 44.296240744235099 ], [ -78.307648613570507, 44.296219245617998 ], [ -78.307648615479195, 44.296193819093403 ], [ -78.3076415514426, 44.2961374966957 ], [ -78.307638976844899, 44.296076664459697 ], [ -78.307626405743804, 44.296011607303001 ], [ -78.3076259850002, 44.296009432208798 ], [ -78.307606452816202, 44.295921275359902 ], [ -78.307571592448298, 44.295855607830603 ], [ -78.307555173306895, 44.295824677691598 ], [ -78.307513189261101, 44.295759068984303 ], [ -78.307493206032305, 44.295720775113402 ], [ -78.307468542457798, 44.295673513896098 ], [ -78.307433478912699, 44.2956063200591 ], [ -78.3074116664299, 44.295566666816399 ], [ -78.307393797748205, 44.295512396945199 ], [ -78.307368284376196, 44.295437946147601 ], [ -78.307333506177301, 44.295378661655697 ], [ -78.307274388375205, 44.295289571836101 ], [ -78.307186980292599, 44.295186736252397 ], [ -78.307147073478802, 44.2951271983735 ], [ -78.307128826801204, 44.2950999765186 ], [ -78.307084295868094, 44.295066616768501 ], [ -78.307020649102995, 44.295029728866503 ], [ -78.306991792948196, 44.295004537995297 ], [ -78.306988227560893, 44.295001424441303 ], [ -78.306968122295004, 44.294983872719698 ], [ -78.306925625962904, 44.294952869223501 ], [ -78.306863977998901, 44.294872750189597 ], [ -78.306859913874106, 44.2948674686968 ], [ -78.306799690333506, 44.294779121376003 ], [ -78.306721209634503, 44.294691881827603 ], [ -78.3066422831902, 44.294619708676002 ], [ -78.306579949508702, 44.294562707770801 ], [ -78.3065705986468, 44.294554157748003 ], [ -78.306546858214801, 44.294532449114897 ], [ -78.306527096674401, 44.294514376961899 ], [ -78.306517517222602, 44.2945056180777 ], [ -78.306492633846204, 44.294482864248401 ], [ -78.306476677854405, 44.294468272335003 ], [ -78.306469215789207, 44.294460384464799 ], [ -78.306461632904899, 44.294442669900498 ], [ -78.306444081745397, 44.294381484221802 ], [ -78.3064145012045, 44.294302321497803 ], [ -78.306398949374895, 44.294244260143202 ], [ -78.306394979849998, 44.294209593063002 ], [ -78.306392061212804, 44.294184094913398 ], [ -78.306387046857694, 44.294171309662801 ], [ -78.306372878448599, 44.2941351793325 ], [ -78.306368666670494, 44.294085832888797 ], [ -78.306365905255504, 44.294053472921497 ], [ -78.306379898322206, 44.293911489740999 ], [ -78.306392013856893, 44.2938635170892 ], [ -78.306398133680105, 44.293839283750202 ], [ -78.306408672833797, 44.293797547941097 ], [ -78.306441143603095, 44.293696184723402 ], [ -78.306466148056899, 44.293618128188498 ], [ -78.3064976244235, 44.2934919424032 ], [ -78.306525146220295, 44.293425217646799 ], [ -78.306540990569403, 44.293386807498301 ], [ -78.306544482882103, 44.293379677769103 ], [ -78.306596511556407, 44.293273497657097 ], [ -78.306684630365297, 44.293128866493397 ], [ -78.306690305824105, 44.293119551077602 ], [ -78.306725314170095, 44.293056658946803 ], [ -78.306797660322104, 44.292926691098998 ], [ -78.306931572405404, 44.292719729020497 ], [ -78.306952092316607, 44.292688017362501 ], [ -78.306959223955701, 44.292676294731002 ], [ -78.307067898841197, 44.2924976648371 ], [ -78.307086846958597, 44.292455342294602 ], [ -78.307131040343407, 44.292356634850499 ], [ -78.307163327021499, 44.292284522531702 ], [ -78.307196488481594, 44.292225622629502 ], [ -78.307236592126102, 44.292170322850197 ], [ -78.307294278510497, 44.292158719648199 ], [ -78.307307628970094, 44.2921518323474 ], [ -78.307294895252298, 44.292117463600903 ], [ -78.307305140042502, 44.292097055569101 ], [ -78.307361219906198, 44.291985332203602 ], [ -78.307456131498398, 44.291855405558898 ], [ -78.307460121305098, 44.291849945849201 ], [ -78.307461761982296, 44.291847698741002 ], [ -78.307473396908307, 44.291832193094002 ], [ -78.307510171734606, 44.291783181468602 ], [ -78.307540415588903, 44.291742874529 ], [ -78.307560728950904, 44.291715802424697 ], [ -78.307564896003598, 44.291710248761497 ], [ -78.307566688531097, 44.291707860288497 ], [ -78.307575083082, 44.2917060677755 ], [ -78.3076188050441, 44.291696733231198 ], [ -78.307634825794494, 44.291693312830702 ], [ -78.307664026205103, 44.2916457511039 ], [ -78.307664936289797, 44.2916442682031 ], [ -78.307697154180801, 44.291505617166301 ], [ -78.307695901903898, 44.291475242818599 ], [ -78.307696030246703, 44.291376670671802 ], [ -78.307683628204103, 44.2913733730228 ], [ -78.307682922316403, 44.291367510860397 ], [ -78.307666358463905, 44.291366417962301 ], [ -78.307664770192105, 44.291366312979697 ], [ -78.307662176960207, 44.291329327762 ], [ -78.307663897618994, 44.291322781002997 ], [ -78.307676439294397, 44.291275046017503 ], [ -78.307706324279195, 44.291277289467203 ], [ -78.307704815765405, 44.291229517480303 ], [ -78.307704137265901, 44.291208004609103 ], [ -78.307700873120496, 44.291176564592199 ], [ -78.307693727255696, 44.291107755156801 ], [ -78.307692284384999, 44.291100439666302 ], [ -78.307670064436394, 44.290987809204303 ], [ -78.307668133960803, 44.290978027150999 ], [ -78.307667277638501, 44.290972001190298 ], [ -78.307666200592905, 44.290968226123503 ], [ -78.307661555304804, 44.290944680487399 ], [ -78.307666326544805, 44.290934024783297 ], [ -78.307624327040799, 44.290759871737698 ], [ -78.307618788031704, 44.290736903705103 ], [ -78.307617340322096, 44.2907309007064 ], [ -78.307611624319605, 44.290707198371997 ], [ -78.307609606609901, 44.290698831299402 ], [ -78.307600645232696, 44.290685445240598 ], [ -78.307599798124599, 44.290684180173599 ], [ -78.307543703073193, 44.290600395062803 ], [ -78.307514367966306, 44.290556578838299 ], [ -78.307477322924697, 44.290460602216001 ], [ -78.307473014144605, 44.2904494370473 ], [ -78.307470320077798, 44.290442458453803 ], [ -78.307459658884, 44.290400814832402 ], [ -78.307444985280895, 44.2903434981299 ], [ -78.307443967468203, 44.290339524595801 ], [ -78.307405058957698, 44.290230141144697 ], [ -78.307405267888001, 44.290194977559601 ], [ -78.307405378571005, 44.2901763002737 ], [ -78.3074301133353, 44.290103802651899 ], [ -78.307459055801104, 44.290032945554401 ], [ -78.307532934257594, 44.289936011264899 ], [ -78.308087781189599, 44.290132694969301 ], [ -78.3088196778031, 44.290392132357901 ], [ -78.309184068250005, 44.290509804189298 ], [ -78.309349918297599, 44.2905523248441 ], [ -78.309424045850605, 44.290565932406103 ], [ -78.309498173440105, 44.290579539920799 ], [ -78.309728229777605, 44.290603896863303 ], [ -78.309941081147997, 44.290616810458403 ], [ -78.310053255488, 44.290617875761498 ], [ -78.310496951769807, 44.290583112463402 ], [ -78.311716133295207, 44.290283813136398 ], [ -78.315508035543004, 44.289363428642602 ], [ -78.316502308667197, 44.289124782589298 ], [ -78.317500408776894, 44.288866217164703 ], [ -78.320011970153203, 44.288281421276302 ], [ -78.322333423285002, 44.287716735958597 ], [ -78.322497581497402, 44.287676803290601 ], [ -78.323311523677106, 44.287476917278703 ], [ -78.324868530322107, 44.2870945346871 ], [ -78.329733853529206, 44.285899492776799 ], [ -78.330499952451802, 44.287653413584501 ], [ -78.331627080470298, 44.290236325405097 ], [ -78.332874420133507, 44.293096859745297 ], [ -78.333842261501104, 44.295315999923901 ], [ -78.334137366679599, 44.295992607252401 ], [ -78.334198070175006, 44.296131782934303 ], [ -78.334269558894206, 44.296295688139402 ], [ -78.334561635533106, 44.296933679917203 ], [ -78.334834202319499, 44.297555518116603 ], [ -78.334867193971206, 44.297618576907297 ], [ -78.334877165275799, 44.2976553934515 ], [ -78.334884307595701, 44.297686029249803 ], [ -78.334894195932307, 44.2977282239221 ], [ -78.334902576519994, 44.2978768386753 ], [ -78.3349117759481, 44.298039986839299 ], [ -78.334921637377306, 44.298214874787099 ], [ -78.335002997135504, 44.298194058459202 ], [ -78.335306538105797, 44.2981164005746 ], [ -78.335756898302805, 44.298001177243798 ], [ -78.336188095241596, 44.2978908552899 ], [ -78.336581198536393, 44.297790276970403 ], [ -78.336660218508797, 44.297770059365902 ], [ -78.336844847711305, 44.297722819735299 ], [ -78.336846521703805, 44.297726494117001 ], [ -78.337224943248302, 44.297630558584501 ], [ -78.337672374339107, 44.297517045494097 ], [ -78.339648889014597, 44.297015574653003 ], [ -78.340937325852494, 44.296688656465101 ], [ -78.3424910464215, 44.296315228308501 ], [ -78.342643343593807, 44.296278623174899 ], [ -78.343795598507299, 44.298694342921401 ], [ -78.343848701620402, 44.2987931526323 ], [ -78.343897907935002, 44.298881089903098 ], [ -78.344118590094794, 44.2991327138446 ], [ -78.344431630962504, 44.299480221261298 ], [ -78.344657146314105, 44.299731956583798 ], [ -78.344805085603895, 44.2999888308564 ], [ -78.344896485970295, 44.300213143875403 ], [ -78.344951443719296, 44.300388006734501 ], [ -78.344954220854504, 44.300540825234002 ], [ -78.3449152806527, 44.300695812674697 ], [ -78.344982159498201, 44.301100414932797 ], [ -78.345020440728902, 44.301323493201103 ], [ -78.3452542873993, 44.301869918416898 ], [ -78.345257592235598, 44.301877640442903 ], [ -78.345465560221498, 44.302346005163102 ], [ -78.345594896327199, 44.302730742605597 ], [ -78.345784239892595, 44.303739771557197 ], [ -78.345843237185093, 44.304219571094201 ], [ -78.345828273201406, 44.304551444764002 ], [ -78.345792719356197, 44.3048705346568 ], [ -78.345553389472997, 44.305692843711398 ], [ -78.345072195615799, 44.307143228219502 ], [ -78.344983561768501, 44.307458096943499 ], [ -78.344783760658302, 44.309049415257 ], [ -78.344798304246197, 44.3092632724209 ], [ -78.344840782836798, 44.309442683839301 ], [ -78.344975612287996, 44.309813442948801 ], [ -78.340585886375194, 44.310754825373202 ], [ -78.339135607946602, 44.3110880158642 ], [ -78.338501900137999, 44.311233598468696 ], [ -78.338396728741301, 44.311257758420602 ], [ -78.338136566260005, 44.311317524661803 ], [ -78.337032951557802, 44.311571044289202 ], [ -78.336417757977202, 44.311712183004701 ], [ -78.336263499229702, 44.311747572556797 ], [ -78.335143833272596, 44.312004435437601 ], [ -78.334513768747996, 44.312160412461999 ], [ -78.334211526875293, 44.312235233654398 ], [ -78.334171154215596, 44.312245227356499 ], [ -78.333226802680798, 44.312486384673797 ], [ -78.3324849010897, 44.3126796874053 ], [ -78.332281916829004, 44.312732574016799 ], [ -78.331791256746897, 44.3128604111089 ], [ -78.331176503921299, 44.313017906019198 ], [ -78.330437252787704, 44.313213734923103 ], [ -78.330301408861501, 44.313249719908598 ], [ -78.329594004702898, 44.3134371053441 ], [ -78.328500820509902, 44.313741307042598 ], [ -78.328471679621998, 44.313749416229399 ], [ -78.328244114406701, 44.313806502602603 ], [ -78.327345094384199, 44.314032022388901 ], [ -78.326776009129702, 44.314174498229001 ], [ -78.3264015765712, 44.314268230639897 ], [ -78.326272916145598, 44.3143004376562 ], [ -78.326272859045005, 44.314300452523597 ], [ -78.325107646468297, 44.314592131998197 ], [ -78.324418536828105, 44.314774379945597 ], [ -78.324183170582401, 44.314836624781897 ], [ -78.323986942368606, 44.314888519712703 ], [ -78.3223487170699, 44.315298278609198 ], [ -78.322209708716798, 44.3153330462493 ], [ -78.322016530239694, 44.315381362304201 ], [ -78.320718991567105, 44.315699586969302 ], [ -78.320295205935096, 44.315802280649699 ], [ -78.320144174479793, 44.315838878259498 ], [ -78.319599696148501, 44.315970814390901 ], [ -78.318512715293295, 44.316257370801303 ], [ -78.318308001520094, 44.316311338793199 ], [ -78.318286596785697, 44.316316981206299 ], [ -78.318071032414295, 44.316373807906899 ], [ -78.316222607485301, 44.316861058939203 ], [ -78.316105417968402, 44.316889970763398 ], [ -78.316108398241795, 44.316874721737499 ], [ -78.316111193855306, 44.316860414559898 ], [ -78.3161159441715, 44.3168361053594 ], [ -78.316129034189501, 44.316807293705097 ], [ -78.316148272517196, 44.316787081105197 ], [ -78.316148229731795, 44.316788019087298 ], [ -78.316154867237202, 44.316699876956001 ], [ -78.316161722024304, 44.316664343074301 ], [ -78.316184473305498, 44.316624486211801 ], [ -78.316217423136706, 44.316590505760999 ], [ -78.316243283047697, 44.316568569052698 ], [ -78.316295686286296, 44.3165096833741 ], [ -78.316341234774299, 44.316486331565599 ], [ -78.316395364814298, 44.316459495762302 ], [ -78.316408166050394, 44.316453149081603 ], [ -78.316425295013701, 44.316439123056199 ], [ -78.316451656637298, 44.316417537499397 ], [ -78.316477987123406, 44.316385279329097 ], [ -78.316525055871395, 44.3163572664456 ], [ -78.316573389500604, 44.316330222266402 ], [ -78.316617820534901, 44.316307529187 ], [ -78.316621049379094, 44.316305880162098 ], [ -78.316629651100996, 44.316301486462699 ], [ -78.316683992656294, 44.316269428489299 ], [ -78.316684776130799, 44.316268966159399 ], [ -78.316719326454304, 44.316245027956001 ], [ -78.316729360197897, 44.316238076016603 ], [ -78.316754945233299, 44.316212782800903 ], [ -78.316758132165702, 44.316209632926501 ], [ -78.316784077255406, 44.316185820119699 ], [ -78.316801015493894, 44.316173717945802 ], [ -78.316805715386806, 44.3161703596598 ], [ -78.316812860563601, 44.316166888701702 ], [ -78.316826430269998, 44.316160296256697 ], [ -78.316873952451999, 44.3161372084951 ], [ -78.316950412517599, 44.316094986730597 ], [ -78.316957164410198, 44.316091258042803 ], [ -78.316968518276198, 44.316083623192803 ], [ -78.316992258244895, 44.316067660231802 ], [ -78.317041104869901, 44.316029355550299 ], [ -78.317067670397705, 44.316020586474899 ], [ -78.317120267614897, 44.315986127667799 ], [ -78.317160887848004, 44.315956084077499 ], [ -78.317172198838094, 44.3159375629576 ], [ -78.317188309365704, 44.315923507477798 ], [ -78.317188395726504, 44.315923428482598 ], [ -78.317208772868298, 44.315903443228102 ], [ -78.317276521231307, 44.315836995315898 ], [ -78.317300979189199, 44.315806600628498 ], [ -78.317358363120903, 44.315770528378899 ], [ -78.317361513770706, 44.315766495363803 ], [ -78.317368824590602, 44.315757134153898 ], [ -78.317375079564997, 44.3157347373348 ], [ -78.317368092790204, 44.315715786166002 ], [ -78.317369333406702, 44.315688574759001 ], [ -78.317380602765098, 44.315670991627499 ], [ -78.317393180647002, 44.3156635970658 ], [ -78.317402112176197, 44.315658346793199 ], [ -78.317437441308897, 44.315658237183001 ], [ -78.317459105792295, 44.315660700819897 ], [ -78.317479092450199, 44.315662973776199 ], [ -78.317505017324606, 44.315668279768502 ], [ -78.317515174768005, 44.315669474566597 ], [ -78.317525109466501, 44.315661692874599 ], [ -78.317546077624996, 44.315645269437198 ], [ -78.317555416789503, 44.315633525135098 ], [ -78.317575873648195, 44.315607797923597 ], [ -78.3175974577576, 44.315563366947202 ], [ -78.317597960418198, 44.315561390048899 ], [ -78.317605329205193, 44.3155324095612 ], [ -78.317608617033002, 44.315519480530099 ], [ -78.317623825204507, 44.315472870492997 ], [ -78.317630771195596, 44.315448873000904 ], [ -78.317636248112606, 44.3154299527557 ], [ -78.317658247534794, 44.315377866572497 ], [ -78.317670370958695, 44.315341517412399 ], [ -78.317685687764296, 44.315321211495402 ], [ -78.317720524212504, 44.315303243139098 ], [ -78.3177218306421, 44.315303273838403 ], [ -78.3177593621851, 44.315296985968601 ], [ -78.317783531072806, 44.315267035420803 ], [ -78.3177879051497, 44.315256902959803 ], [ -78.317800987193294, 44.3152265892573 ], [ -78.317809072646298, 44.315207850935202 ], [ -78.317815789528098, 44.315192288139201 ], [ -78.317828178944495, 44.315163579556 ], [ -78.317852482534093, 44.315107262159501 ], [ -78.317863414031805, 44.315096315080197 ], [ -78.317887422801803, 44.315072267461098 ], [ -78.317915528191804, 44.315044118105398 ], [ -78.317946857783397, 44.315012740485699 ], [ -78.317962386634093, 44.314997186670801 ], [ -78.317983871301394, 44.314975668018398 ], [ -78.318019399766698, 44.3149583838346 ], [ -78.318039499136603, 44.314948605538603 ], [ -78.318048979441897, 44.314943993800597 ], [ -78.318068049057203, 44.314934717066201 ], [ -78.318081809848493, 44.314928021826901 ], [ -78.318099976160099, 44.314919526010002 ], [ -78.3181412159649, 44.314900923831303 ], [ -78.318193839179102, 44.314877275652798 ], [ -78.318196611796495, 44.314875757207403 ], [ -78.318228503556796, 44.314861697832598 ], [ -78.318270806419505, 44.314842686649001 ], [ -78.318281706711602, 44.3148225442716 ], [ -78.318285046229093, 44.3148163730094 ], [ -78.318286714872102, 44.314816049400399 ], [ -78.318321480610393, 44.314809306546103 ], [ -78.318356396216799, 44.3147898102835 ], [ -78.318416361350103, 44.314756327911503 ], [ -78.318440251636801, 44.314742988881299 ], [ -78.318479088811202, 44.3147213034065 ], [ -78.318518651661194, 44.314699211835702 ], [ -78.318534874467005, 44.314689363991803 ], [ -78.318560362899007, 44.3146738901116 ], [ -78.318610342695905, 44.314639369121601 ], [ -78.3186634508792, 44.314593649233302 ], [ -78.318729070997904, 44.314560435474398 ], [ -78.318783228867403, 44.314520376818201 ], [ -78.318794461819905, 44.314512494068602 ], [ -78.3188143138063, 44.314498562250002 ], [ -78.318865752988401, 44.314489438018299 ], [ -78.318879429273395, 44.314477630727197 ], [ -78.318894352059203, 44.314464747172899 ], [ -78.3189217729483, 44.314437210781399 ], [ -78.318932051494201, 44.314416507269001 ], [ -78.318933296805696, 44.314413998638997 ], [ -78.318954883326995, 44.314382663777003 ], [ -78.318961316216004, 44.3143733250553 ], [ -78.3189858236791, 44.314352295838503 ], [ -78.319011091525098, 44.314332080320199 ], [ -78.319014337077505, 44.3143294827278 ], [ -78.319018136401297, 44.314323730068402 ], [ -78.319028389474397, 44.314308207940698 ], [ -78.319027809861097, 44.314292225220797 ], [ -78.319042350171301, 44.314231509069302 ], [ -78.319061331396298, 44.314216925661498 ], [ -78.319067669797306, 44.314192651825898 ], [ -78.319076452529004, 44.314172192253501 ], [ -78.319076826106496, 44.314170928036503 ], [ -78.319076844110498, 44.314170890647702 ], [ -78.319082362781401, 44.314159957663598 ], [ -78.319096039538195, 44.3141328627595 ], [ -78.319113261345393, 44.314098742529602 ], [ -78.319132500158901, 44.314032184086301 ], [ -78.319140735926098, 44.314003692898197 ], [ -78.319143471288896, 44.313993412962503 ], [ -78.319149638653201, 44.313972891959097 ], [ -78.3191450278415, 44.313930513879697 ], [ -78.319144655608497, 44.313852539377798 ], [ -78.319145376021098, 44.313779287280497 ], [ -78.319155275321606, 44.313701785385597 ], [ -78.319158271813905, 44.313689626402599 ], [ -78.319163571496304, 44.313676012648202 ], [ -78.319163916853697, 44.313659487177802 ], [ -78.319161938936205, 44.3135880505831 ], [ -78.319163380785398, 44.313578997953499 ], [ -78.319174762529201, 44.313507569027102 ], [ -78.319170085098307, 44.313437947007998 ], [ -78.319163804427603, 44.313408635936803 ], [ -78.319163612181697, 44.313407736546701 ], [ -78.319161143941798, 44.313375741260998 ], [ -78.319158548759304, 44.313346559959598 ], [ -78.319155167961597, 44.313339769895599 ], [ -78.319146792646194, 44.3133103916228 ], [ -78.319141717539594, 44.3132984346896 ], [ -78.319137813428597, 44.313275911702 ], [ -78.319124735767303, 44.313250422016701 ], [ -78.319116538185597, 44.313238032536702 ], [ -78.3191084705701, 44.3132197078831 ], [ -78.319107435793299, 44.3132157520714 ], [ -78.319103202090105, 44.3131956475873 ], [ -78.319101236117405, 44.313144922134398 ], [ -78.319093985612398, 44.313021884773804 ], [ -78.319092816836104, 44.3130052652225 ], [ -78.319076480296403, 44.312923496512198 ], [ -78.319067856055895, 44.312896363977899 ], [ -78.319067253786002, 44.312892520055101 ], [ -78.319066168377205, 44.3128887124996 ], [ -78.319064786705098, 44.312876793694201 ], [ -78.319062273338702, 44.312848349836401 ], [ -78.319046568005405, 44.312760599201503 ], [ -78.319044569056302, 44.312734432521403 ], [ -78.3190424704067, 44.312706958998398 ], [ -78.319000455252393, 44.312681550373703 ], [ -78.318936802674799, 44.312671601728098 ], [ -78.318874117029097, 44.312669189468899 ], [ -78.318779936385198, 44.3126688561522 ], [ -78.318730189935806, 44.3126695665119 ], [ -78.318663131383104, 44.312648265342197 ], [ -78.318640248057093, 44.3126345171423 ], [ -78.318604555000107, 44.312613072253598 ], [ -78.318545385155204, 44.312587987906198 ], [ -78.318536530988695, 44.312584233719498 ], [ -78.318470736275899, 44.3125639002143 ], [ -78.318434058582795, 44.3125649183552 ], [ -78.318368203178593, 44.312574643608002 ], [ -78.318306138588795, 44.3125872757482 ], [ -78.318302415064096, 44.312589275111499 ], [ -78.318259200781696, 44.3126124745963 ], [ -78.318219076693893, 44.312625973261099 ], [ -78.318186126748301, 44.312637059371099 ], [ -78.318147883673504, 44.312639382054499 ], [ -78.318141521572201, 44.312639768242697 ], [ -78.318108679952999, 44.3126427543842 ], [ -78.317955092695797, 44.312654174946502 ], [ -78.317832655725397, 44.3126710240061 ], [ -78.317828213401299, 44.312673002862702 ], [ -78.317784582338405, 44.312692439119701 ], [ -78.317725473706602, 44.312697624891598 ], [ -78.317690445532094, 44.312690455725402 ] ] ] } },
{ "type": "Feature", "properties": { "OBJECTID": 96, "WARDTYPE": "WARD", "WARDNAME": "Monaghan Ward 2", "WARD_ID": 104, "YEAR": 2018, "ACTIVE": "Yes", "Shape__Area": 10673620.7028809, "Shape__Length": 17780.702751960998 }, "geometry": { "type": "Polygon", "coordinates": [ [ [ -78.344975612287996, 44.309813442948801 ], [ -78.344840782836798, 44.309442683839301 ], [ -78.344798304246197, 44.3092632724209 ], [ -78.344783760658302, 44.309049415257 ], [ -78.344928307697103, 44.307898180203701 ], [ -78.344962230637705, 44.307627997296798 ], [ -78.344983561768501, 44.307458096943499 ], [ -78.345072195615799, 44.307143228219502 ], [ -78.345553389472997, 44.305692843711398 ], [ -78.345792719356197, 44.3048705346568 ], [ -78.345828273201406, 44.304551444764002 ], [ -78.345843237185093, 44.304219571094201 ], [ -78.345784239892595, 44.303739771557197 ], [ -78.345594896327199, 44.302730742605597 ], [ -78.345465560221498, 44.302346005163102 ], [ -78.345257592235598, 44.301877640442903 ], [ -78.345134050213304, 44.301584475038503 ], [ -78.345020440728902, 44.301323493201103 ], [ -78.344982159498201, 44.301100414932797 ], [ -78.344958767405203, 44.300958896203397 ], [ -78.3449152806527, 44.300695812674697 ], [ -78.344954220854504, 44.300540825234002 ], [ -78.344951443719296, 44.300388006734501 ], [ -78.344896485970295, 44.300213143875403 ], [ -78.344805085603895, 44.2999888308564 ], [ -78.344657146314105, 44.299731956583798 ], [ -78.344431630962504, 44.299480221261298 ], [ -78.344118590094794, 44.2991327138446 ], [ -78.343897907935002, 44.298881089903098 ], [ -78.343848701620402, 44.2987931526323 ], [ -78.343795598507299, 44.298694342921401 ], [ -78.342643343593807, 44.296278623174899 ], [ -78.342708842786195, 44.296262879695298 ], [ -78.345496270361195, 44.295592858712801 ], [ -78.346000147177804, 44.295467412067303 ], [ -78.347863226033198, 44.295021291164097 ], [ -78.348202931655706, 44.294938757432703 ], [ -78.348850453110501, 44.294783346315803 ], [ -78.349675554847195, 44.294587285586601 ], [ -78.350370190932907, 44.294428206235303 ], [ -78.350989079331896, 44.294285057135603 ], [ -78.351834059416802, 44.2943275264223 ], [ -78.352009706561603, 44.294342763684497 ], [ -78.352374786393597, 44.294439874445501 ], [ -78.353383163554, 44.294929635777002 ], [ -78.353488041935407, 44.294974762234801 ], [ -78.353647785988201, 44.295025841116697 ], [ -78.353726290401298, 44.2950438813997 ], [ -78.353880506783298, 44.295063222092701 ], [ -78.353996225451993, 44.295079459119897 ], [ -78.354108657471997, 44.2950895051491 ], [ -78.354193391708506, 44.295090421247899 ], [ -78.354295963930596, 44.295089586450302 ], [ -78.354385672770306, 44.295081668924503 ], [ -78.354501767574902, 44.295065320432002 ], [ -78.354680466746402, 44.295021502047902 ], [ -78.354835440504701, 44.294967064877397 ], [ -78.354975622981996, 44.294913185041402 ], [ -78.355137789214496, 44.294838474167797 ], [ -78.355336241476607, 44.294741304512698 ], [ -78.355472191390405, 44.294667548657301 ], [ -78.3556316463211, 44.2945656506365 ], [ -78.355716519845799, 44.2945073988435 ], [ -78.355847167828699, 44.294401847876799 ], [ -78.3559783635163, 44.294280514936197 ], [ -78.356104611397001, 44.294137737814701 ], [ -78.356489580355898, 44.2937081345164 ], [ -78.357116354322798, 44.293205458494398 ], [ -78.357451237562401, 44.292977021172902 ], [ -78.357937410298007, 44.292763993514299 ], [ -78.358248502762294, 44.292639831786701 ], [ -78.358473065740995, 44.292561702229698 ], [ -78.358535185490993, 44.2925437080617 ], [ -78.359541243456505, 44.2922984547006 ], [ -78.362272696794406, 44.291682016761001 ], [ -78.363210762568102, 44.291470295045102 ], [ -78.362780586555004, 44.290472656427198 ], [ -78.361219014254502, 44.286894114366802 ], [ -78.361118244216399, 44.2866377391341 ], [ -78.359732257351396, 44.283486621825503 ], [ -78.359476697924904, 44.282905555124003 ], [ -78.359376537410199, 44.282669435151199 ], [ -78.359242995982399, 44.2823546145124 ], [ -78.3591573042481, 44.282152600401197 ], [ -78.359087194221004, 44.281987317172998 ], [ -78.358211965169104, 44.279952125523003 ], [ -78.358030720350897, 44.2795288515807 ], [ -78.357914707444195, 44.279251676002801 ], [ -78.357788060140507, 44.278962150762098 ], [ -78.359359476663798, 44.278582227759102 ], [ -78.359667987633998, 44.278507635538197 ], [ -78.360174087164296, 44.278385267801802 ], [ -78.361266022610806, 44.2781212436674 ], [ -78.361443585020197, 44.2780783092199 ], [ -78.363295216163294, 44.277630562235302 ], [ -78.363358491183504, 44.277615260500802 ], [ -78.364548290505297, 44.277327531709702 ], [ -78.364955592428302, 44.277218510406499 ], [ -78.365320781784803, 44.277131251403702 ], [ -78.365427578995806, 44.277105733701397 ], [ -78.367267418808197, 44.276666092763797 ], [ -78.367295356937802, 44.276659378197898 ], [ -78.367435356549393, 44.276625731365499 ], [ -78.369310237703104, 44.276175109612502 ], [ -78.369410917715598, 44.276150910156097 ], [ -78.370605799507899, 44.2758637032736 ], [ -78.371344715764295, 44.2756967114262 ], [ -78.371426855453905, 44.275678147549499 ], [ -78.371896293721605, 44.275572052748203 ], [ -78.373343298010994, 44.2752195809691 ], [ -78.373479566480597, 44.275186387315998 ], [ -78.375150053526994, 44.274779447390699 ], [ -78.375372320037698, 44.2747282282049 ], [ -78.375454767186199, 44.274709229151199 ], [ -78.377392198872201, 44.274262740987602 ], [ -78.377505198982306, 44.274236698147902 ], [ -78.378282245467801, 44.274057613657199 ], [ -78.378284615479899, 44.274057066699399 ], [ -78.378425354414603, 44.274024630600202 ], [ -78.378977897746793, 44.273892253337898 ], [ -78.378978785706707, 44.273894066188802 ], [ -78.379137679466893, 44.2742183527469 ], [ -78.3817844984993, 44.280321740799799 ], [ -78.3754734180431, 44.281734201170799 ], [ -78.3782273186943, 44.288130559742903 ], [ -78.377876782857797, 44.288210033653598 ], [ -78.380010433521306, 44.292972000063202 ], [ -78.383784077315397, 44.300904896824299 ], [ -78.384171212030196, 44.3008262058393 ], [ -78.388070485526896, 44.309154271578201 ], [ -78.387025909733296, 44.309273117284803 ], [ -78.383368677584002, 44.3096891359761 ], [ -78.373696461290095, 44.310779155479601 ], [ -78.373500024328195, 44.310799954318703 ], [ -78.3733341523658, 44.310813177185899 ], [ -78.373079875169395, 44.310825833743401 ], [ -78.372806391915901, 44.310829249286002 ], [ -78.3724952812385, 44.310820315925902 ], [ -78.372289087426395, 44.310806835078601 ], [ -78.372036771347297, 44.310782027071397 ], [ -78.3717665004298, 44.310745099693797 ], [ -78.371426009410499, 44.310682808081502 ], [ -78.371196628818097, 44.310630495300401 ], [ -78.3709535490148, 44.310565478719802 ], [ -78.370643902276001, 44.310467463607097 ], [ -78.370389185082402, 44.3103730573715 ], [ -78.370163799778396, 44.310278183877799 ], [ -78.369933195666405, 44.310169000412202 ], [ -78.369726049484797, 44.310059345993203 ], [ -78.369505442597202, 44.3099329320263 ], [ -78.369309828040201, 44.309808296376303 ], [ -78.369136953716307, 44.3096868439169 ], [ -78.368949475858997, 44.309541273751201 ], [ -78.368794304080595, 44.309408068738399 ], [ -78.368628231723804, 44.309248382631097 ], [ -78.368480744717004, 44.309106565820599 ], [ -78.3675791747538, 44.308131034092099 ], [ -78.367449052051498, 44.307999541936702 ], [ -78.367304380232198, 44.307868915950301 ], [ -78.367129505327199, 44.307728695698401 ], [ -78.3669868610435, 44.307630801575002 ], [ -78.3668442184876, 44.3075329073123 ], [ -78.371463631357997, 44.317130258911 ], [ -78.368282075934403, 44.3179294964878 ], [ -78.364357895956104, 44.318915202709697 ], [ -78.364364803556199, 44.318931284498802 ], [ -78.363807940742007, 44.319067439311702 ], [ -78.360782269326904, 44.319807167391701 ], [ -78.356399948587907, 44.320831021995701 ], [ -78.353352675046594, 44.3215611511337 ], [ -78.353348217472103, 44.3215515498648 ], [ -78.351779108113107, 44.321927032092603 ], [ -78.351585117268499, 44.322027650314297 ], [ -78.349566705614393, 44.319866243805897 ], [ -78.349529100064004, 44.319883007942302 ], [ -78.348311509782505, 44.318554407869897 ], [ -78.347751124583496, 44.3179561637684 ], [ -78.344529590764296, 44.3144933732775 ], [ -78.343971123339898, 44.313880283281797 ], [ -78.343971473246398, 44.313880114969201 ], [ -78.343356875952097, 44.313220876662498 ], [ -78.343369520336793, 44.313189566711998 ], [ -78.343382156061196, 44.313158253857701 ], [ -78.343394781832203, 44.313126938969603 ], [ -78.343407397649898, 44.313095622047697 ], [ -78.3434200059787, 44.313064304049803 ], [ -78.343430302502199, 44.313038505863901 ], [ -78.343437299135502, 44.313020978249099 ], [ -78.343444080855306, 44.313003989399697 ], [ -78.343457766316305, 44.312970335938203 ], [ -78.343470333619905, 44.312939008876903 ], [ -78.343482892182294, 44.312907680710197 ], [ -78.343495440832001, 44.312876349610498 ], [ -78.343507979487796, 44.312845017376397 ], [ -78.343520508230995, 44.312813682209303 ], [ -78.343533029485499, 44.312782345966099 ], [ -78.343545538322303, 44.312751006731503 ], [ -78.343558038417797, 44.3127196663917 ], [ -78.343570529812794, 44.3126883240474 ], [ -78.343583010002007, 44.312656979640202 ], [ -78.343595481490595, 44.3126256332284 ], [ -78.3436079430261, 44.312594284783003 ], [ -78.343620395860995, 44.312562934333002 ], [ -78.343632837490205, 44.312531581820103 ], [ -78.343645270419003, 44.312500227302799 ], [ -78.343649144868607, 44.312490448625901 ], [ -78.343657693394604, 44.3124688707518 ], [ -78.343658572179194, 44.3124666522124 ], [ -78.342913152278896, 44.312630503725103 ], [ -78.341743202977298, 44.311355825551601 ], [ -78.341666710750999, 44.311372229795701 ], [ -78.341137284751198, 44.310774675529601 ], [ -78.341107512939601, 44.310741067905198 ], [ -78.341025024731394, 44.310660169610003 ], [ -78.341318173891196, 44.310597799839599 ], [ -78.344897732853696, 44.309830145703998 ], [ -78.344975612287996, 44.309813442948801 ] ] ] } },
{ "type": "Feature", "properties": { "OBJECTID": 97, "WARDTYPE": "WARD", "WARDNAME": "Ashburnham Ward 4", "WARD_ID": 304, "YEAR": 2018, "ACTIVE": "Yes", "Shape__Area": 22740834.970947299, "Shape__Length": 41128.313330650803 }, "geometry": { "type": "Polygon", "coordinates": [ [ [ -78.312212756155603, 44.336978331233603 ], [ -78.3121823557548, 44.336984409748297 ], [ -78.312166525111905, 44.336987575050003 ], [ -78.3120863608777, 44.337042912335903 ], [ -78.312070124952001, 44.337054119227901 ], [ -78.311966509953706, 44.337125644784003 ], [ -78.311887755089202, 44.337163947730602 ], [ -78.311810360035494, 44.337201588536097 ], [ -78.311780447797801, 44.337216136510897 ], [ -78.311701609595701, 44.337269123529303 ], [ -78.311689976528399, 44.337276941208899 ], [ -78.311522152971804, 44.337397920398601 ], [ -78.311312725295494, 44.337541402990098 ], [ -78.311169728841904, 44.337665277461298 ], [ -78.311008679703093, 44.337804788249798 ], [ -78.310999343526703, 44.337815863141202 ], [ -78.310959000022606, 44.337863717454098 ], [ -78.310900559971302, 44.337925407554202 ], [ -78.310890239630695, 44.337936305303998 ], [ -78.310747285953497, 44.338045573306097 ], [ -78.310742408962895, 44.338049300770699 ], [ -78.310606497539595, 44.3381306387748 ], [ -78.310534969342299, 44.338201989037401 ], [ -78.310462651025304, 44.3382741272818 ], [ -78.310445799835307, 44.338287362163001 ], [ -78.310434681454595, 44.338312548213104 ], [ -78.310417673022101, 44.338351074369101 ], [ -78.310411352526899, 44.338390934492601 ], [ -78.3104247087863, 44.3384227290694 ], [ -78.310442041404997, 44.338463986485003 ], [ -78.310464993251799, 44.338505858848301 ], [ -78.310475258372804, 44.3385389769075 ], [ -78.310451400515205, 44.3385741096955 ], [ -78.310436329353905, 44.3385798287214 ], [ -78.310423429669299, 44.338584722945697 ], [ -78.310386777442901, 44.338584798288501 ], [ -78.310305632572394, 44.338584765087397 ], [ -78.310248346152903, 44.338623263977397 ], [ -78.310211106766005, 44.338648291810699 ], [ -78.310187571205901, 44.338668451587601 ], [ -78.310068603252702, 44.338770355238601 ], [ -78.309939871477695, 44.338912429327202 ], [ -78.309718947470799, 44.339143172493102 ], [ -78.309688328886494, 44.339175151463401 ], [ -78.309589532968403, 44.3393033903996 ], [ -78.309549906033197, 44.3393238603716 ], [ -78.309525186559597, 44.339336629668097 ], [ -78.309473871715696, 44.339371115057503 ], [ -78.309260915701799, 44.339512539960097 ], [ -78.309244390609607, 44.339523514559403 ], [ -78.309148152835704, 44.339605639291598 ], [ -78.309049585598899, 44.3397190007232 ], [ -78.309041591775895, 44.339727728574601 ], [ -78.308958654840097, 44.339818306082897 ], [ -78.308902981462197, 44.339919381599699 ], [ -78.308813978128001, 44.340033760543697 ], [ -78.308800522515497, 44.340057639942003 ], [ -78.308768846146705, 44.340113855183901 ], [ -78.308751295689007, 44.340145003164899 ], [ -78.308743360594903, 44.340155514920497 ], [ -78.308740030203793, 44.340167979904201 ], [ -78.308707239724399, 44.340204658138397 ], [ -78.308704818858899, 44.340206571757101 ], [ -78.308676053692395, 44.340244678195901 ], [ -78.308645815866498, 44.340302950234403 ], [ -78.308599970583501, 44.340391299695803 ], [ -78.308582702466197, 44.340417098581497 ], [ -78.308519787781407, 44.3405110908596 ], [ -78.308511456653605, 44.340523537850103 ], [ -78.308510945049605, 44.340524711446299 ], [ -78.308497394308404, 44.340555787148197 ], [ -78.308429560303196, 44.340711352794898 ], [ -78.308390722171893, 44.340791555176601 ], [ -78.3083890845014, 44.340794938497098 ], [ -78.308346907437098, 44.340862032474703 ], [ -78.308316277943604, 44.340910761291603 ], [ -78.308312102662498, 44.340917401376302 ], [ -78.308302969827096, 44.3409319306827 ], [ -78.308264403432005, 44.341002410175001 ], [ -78.308259730415401, 44.341016468474201 ], [ -78.308258904056004, 44.341018954447101 ], [ -78.308249223270096, 44.341048080459302 ], [ -78.308242643155907, 44.341056474279497 ], [ -78.308213080785904, 44.341094194485002 ], [ -78.308162149027893, 44.341120234742498 ], [ -78.308116964600998, 44.341135137298501 ], [ -78.308074940305005, 44.341147598100498 ], [ -78.307998726759493, 44.341170197182102 ], [ -78.307964369675503, 44.3411803846246 ], [ -78.307906013468795, 44.341191338440801 ], [ -78.307781610292395, 44.341214688680502 ], [ -78.307746529943302, 44.341221274110602 ], [ -78.307630654110895, 44.341236387956201 ], [ -78.307573056835693, 44.341265088580698 ], [ -78.307562123866205, 44.341269039469402 ], [ -78.307514496350805, 44.341286250975799 ], [ -78.307490501335906, 44.341287666466201 ], [ -78.307412123793597, 44.341292290572 ], [ -78.307313185593102, 44.341280563180298 ], [ -78.307249197369302, 44.341259895847699 ], [ -78.307197102447304, 44.341243069638999 ], [ -78.307136810436305, 44.341216284759902 ], [ -78.307065255754196, 44.341255556351598 ], [ -78.307033425132204, 44.341273024208903 ], [ -78.306985411408704, 44.341292556288998 ], [ -78.306926016527299, 44.341303366261201 ], [ -78.306852453302596, 44.341309146085898 ], [ -78.306814840073599, 44.3413203033721 ], [ -78.306796721460699, 44.341325678127099 ], [ -78.306727788037605, 44.341386093048101 ], [ -78.306667298667307, 44.341439107067998 ], [ -78.3066368925478, 44.341465755200502 ], [ -78.306546625744602, 44.341499190490701 ], [ -78.306498889546106, 44.341492041219901 ], [ -78.306464726380298, 44.3414869254431 ], [ -78.306425243433296, 44.341491629435303 ], [ -78.306374842722903, 44.3415364719216 ], [ -78.306312397259006, 44.341592029676001 ], [ -78.306196469556099, 44.3416853700598 ], [ -78.306178933014706, 44.341703553132902 ], [ -78.306143350133098, 44.341740449203698 ], [ -78.306101539040895, 44.3417837990729 ], [ -78.306064420328397, 44.341822288365499 ], [ -78.306049430918407, 44.341837829814601 ], [ -78.305948823161003, 44.341947377218503 ], [ -78.305944727388706, 44.341951836830198 ], [ -78.305923902192603, 44.341983033112299 ], [ -78.305878674122198, 44.342050786971903 ], [ -78.305873282503697, 44.342057216401699 ], [ -78.305805292107607, 44.342138291771903 ], [ -78.305743974952193, 44.342189076486001 ], [ -78.305736011481798, 44.342195672971798 ], [ -78.305636579832196, 44.342278028102797 ], [ -78.305634657554407, 44.342280746565201 ], [ -78.305567996358505, 44.342375040364097 ], [ -78.305507600302093, 44.342466779399601 ], [ -78.305486397274393, 44.3424989839882 ], [ -78.305431980483803, 44.342601027311098 ], [ -78.305424966332495, 44.342625308638503 ], [ -78.305423722770897, 44.342629613195399 ], [ -78.305397753493594, 44.342719515371599 ], [ -78.305405040467093, 44.342827817367699 ], [ -78.305405538342598, 44.342835237466304 ], [ -78.305421432501504, 44.342921781394601 ], [ -78.305428582426998, 44.342960714130001 ], [ -78.305435235475002, 44.342978165428597 ], [ -78.305439395785598, 44.342989076817197 ], [ -78.305463636313505, 44.343052657350199 ], [ -78.305480264876905, 44.343089683794098 ], [ -78.305506116531703, 44.3431461154725 ], [ -78.305513020183795, 44.343158538356498 ], [ -78.305513605372695, 44.343162466556699 ], [ -78.305520720325305, 44.343177997668498 ], [ -78.305547868767107, 44.343242512889098 ], [ -78.305552312981007, 44.3432464376559 ], [ -78.305589382913695, 44.343279187774499 ], [ -78.305609190025905, 44.3433043471113 ], [ -78.305654940502606, 44.343362457537097 ], [ -78.305681091471897, 44.343391919565597 ], [ -78.305703482418593, 44.343417145277797 ], [ -78.305733365264203, 44.343460929595899 ], [ -78.305739852082098, 44.343470432945097 ], [ -78.305745185603996, 44.343478248068003 ], [ -78.305758776648105, 44.343533982461302 ], [ -78.305770528103494, 44.343582173258802 ], [ -78.305771292324494, 44.3435879710484 ], [ -78.305787036738195, 44.343707494675598 ], [ -78.3057881610181, 44.343789547762697 ], [ -78.305788542664104, 44.343817432815797 ], [ -78.305762553238594, 44.343952277999399 ], [ -78.305762631127706, 44.3439530693771 ], [ -78.305762252023001, 44.343953840965099 ], [ -78.305759346795099, 44.343968916777598 ], [ -78.305757265332502, 44.3440322567482 ], [ -78.305756887676793, 44.344043753319099 ], [ -78.305756022023999, 44.344070111776603 ], [ -78.305754433807095, 44.344118447740598 ], [ -78.305752715459604, 44.344170717525103 ], [ -78.305750673716702, 44.3442405529985 ], [ -78.305750180181093, 44.3442574241624 ], [ -78.305748759197201, 44.344306025151603 ], [ -78.305745799768999, 44.344407267480896 ], [ -78.305743142606204, 44.344425360559399 ], [ -78.305741600819601, 44.344435869960698 ], [ -78.305735297823105, 44.344478791127202 ], [ -78.305721060031402, 44.344575764623599 ], [ -78.305688784501896, 44.344680208634998 ], [ -78.305686990413804, 44.344683659344 ], [ -78.3056619728508, 44.344731737547797 ], [ -78.305635674221605, 44.344782281962097 ], [ -78.305633346434703, 44.3447850322638 ], [ -78.3055975296366, 44.344827336863901 ], [ -78.305531045999899, 44.344905865621598 ], [ -78.305524961903203, 44.344913053820001 ], [ -78.305522768017397, 44.344922023662598 ], [ -78.305499689988295, 44.345016456734903 ], [ -78.305497569974904, 44.345025128529997 ], [ -78.3054933726374, 44.345088229480901 ], [ -78.305489693174394, 44.345143563401102 ], [ -78.305489148969798, 44.345151740333797 ], [ -78.305476453114593, 44.345200285817398 ], [ -78.305398969268893, 44.345291451220398 ], [ -78.305332160771201, 44.3453205931391 ], [ -78.305260056171704, 44.345352046123402 ], [ -78.305153762838501, 44.345443471091698 ], [ -78.305107244733506, 44.345513586176203 ], [ -78.305086266658293, 44.345545204507502 ], [ -78.304994657104899, 44.345648837096597 ], [ -78.304981340488197, 44.345663902035497 ], [ -78.304974244468596, 44.345667546245799 ], [ -78.3049009071634, 44.345705212384701 ], [ -78.304896024461499, 44.345707099302302 ], [ -78.304873829532895, 44.345715674296002 ], [ -78.304850322899199, 44.345724756676297 ], [ -78.304770310917405, 44.345755670632101 ], [ -78.304704145417205, 44.345778186052698 ], [ -78.304550903072197, 44.345830332969399 ], [ -78.304495875232007, 44.3458480922611 ], [ -78.304357975045306, 44.345892596901102 ], [ -78.304327958177097, 44.3459022843548 ], [ -78.304287827847801, 44.345915235912003 ], [ -78.304175348032899, 44.345941699638097 ], [ -78.304161177066604, 44.345947376067301 ], [ -78.304130967809797, 44.345959478857402 ], [ -78.304111523600099, 44.345967267912002 ], [ -78.304074089571401, 44.345982263675602 ], [ -78.303933783974998, 44.346038469445901 ], [ -78.303855861147994, 44.346069685079897 ], [ -78.303816633879904, 44.346085399131098 ], [ -78.303796418608002, 44.346095035282801 ], [ -78.303785697241395, 44.346100145853001 ], [ -78.303578509878506, 44.3461989062803 ], [ -78.303567801295401, 44.3462040108301 ], [ -78.303565038548101, 44.346205327482998 ], [ -78.303562373500299, 44.346206921026997 ], [ -78.303540648052007, 44.346219911883502 ], [ -78.303483909283699, 44.346253838770799 ], [ -78.303465480917097, 44.346264858483202 ], [ -78.303434127195999, 44.346283605969298 ], [ -78.3034309784057, 44.346285488772999 ], [ -78.303392759489697, 44.346308341352 ], [ -78.303244962545307, 44.346399029774403 ], [ -78.303110762451297, 44.3464813741396 ], [ -78.303049291320704, 44.346519092576699 ], [ -78.302983087134905, 44.346573805220601 ], [ -78.302849280423104, 44.346684386608899 ], [ -78.302823321419297, 44.346715399772002 ], [ -78.302815413026806, 44.346724848512501 ], [ -78.302774493377996, 44.3467737350581 ], [ -78.302720032737597, 44.346829241805303 ], [ -78.302635933595397, 44.346914958077399 ], [ -78.302606955942295, 44.3469444927293 ], [ -78.3025502082982, 44.346993046561302 ], [ -78.302524181049094, 44.347015316398 ], [ -78.302514064508301, 44.347023972009097 ], [ -78.302512941454907, 44.347024933067203 ], [ -78.302443024582601, 44.347090536472301 ], [ -78.302439551565399, 44.347093796204497 ], [ -78.302417413006495, 44.3471174426071 ], [ -78.302397846802194, 44.3471383454511 ], [ -78.3023789404929, 44.347156624289198 ], [ -78.302334802582806, 44.347192079975201 ], [ -78.302188739050095, 44.347329130587802 ], [ -78.302158926841699, 44.347357868463597 ], [ -78.302051775433497, 44.3474611574172 ], [ -78.302048413900096, 44.347463791382403 ], [ -78.301896977629895, 44.347582430992802 ], [ -78.301724088504599, 44.347698579067298 ], [ -78.301573059228403, 44.3478039812587 ], [ -78.301410337015596, 44.347917541450897 ], [ -78.301150309472007, 44.348106775981798 ], [ -78.301027366074095, 44.348218468215997 ], [ -78.300987413944597, 44.348255655442102 ], [ -78.300904243483203, 44.348333068458302 ], [ -78.300897453051903, 44.348339388945703 ], [ -78.300731026065606, 44.348485747489299 ], [ -78.3007100464838, 44.348510329336499 ], [ -78.300692937404406, 44.348530376213503 ], [ -78.3006327964154, 44.3486008415749 ], [ -78.300489417305897, 44.348729896924297 ], [ -78.300414006430898, 44.3488041998977 ], [ -78.300288917868798, 44.348990987190298 ], [ -78.300166848505498, 44.3491975725129 ], [ -78.300135097962198, 44.349319941800502 ], [ -78.300119126762397, 44.349381492832499 ], [ -78.300101913914503, 44.349454585687297 ], [ -78.300073589218002, 44.349574858229502 ], [ -78.300035624299596, 44.349745859019798 ], [ -78.300031833561107, 44.349798112060597 ], [ -78.300028482374003, 44.349844320269497 ], [ -78.300039519095606, 44.349946030273202 ], [ -78.3000728146515, 44.350019146593397 ], [ -78.300067195457203, 44.3501129471423 ], [ -78.300061956155005, 44.350122366093103 ], [ -78.300024388139306, 44.350189899910198 ], [ -78.300016949841506, 44.350198299050497 ], [ -78.299990805409905, 44.350227818114298 ], [ -78.299924975006405, 44.3503021475087 ], [ -78.299850146889796, 44.350404120225299 ], [ -78.299793088035997, 44.350481877312703 ], [ -78.299788114264501, 44.350488655732697 ], [ -78.299637686389801, 44.350656995830903 ], [ -78.299536158165594, 44.350733052533002 ], [ -78.299531935125302, 44.350736216106299 ], [ -78.299487172073199, 44.350753423573401 ], [ -78.299430654600897, 44.350775150466099 ], [ -78.299157046784799, 44.350905040834299 ], [ -78.299113855885693, 44.350925545238397 ], [ -78.299112135852297, 44.350926361596898 ], [ -78.298726980679106, 44.351103236167397 ], [ -78.298707335845293, 44.351111051053401 ], [ -78.298564292880897, 44.351167957804698 ], [ -78.298482916267702, 44.351190928828103 ], [ -78.298398501466707, 44.351214757864 ], [ -78.298349413357499, 44.351225403964499 ], [ -78.297980652690399, 44.351305376186303 ], [ -78.2977411608707, 44.351363518748897 ], [ -78.297500823470898, 44.3514057978064 ], [ -78.297376950073897, 44.351423529674598 ], [ -78.297335096820305, 44.351434623925499 ], [ -78.297169043908994, 44.351478642263999 ], [ -78.296804426065606, 44.3515752953776 ], [ -78.296548414114397, 44.351648136339698 ], [ -78.296328009803304, 44.3517152454815 ], [ -78.296061231760206, 44.351794405013997 ], [ -78.295814457398095, 44.351865584287303 ], [ -78.295669314111606, 44.351890325848203 ], [ -78.295549492890302, 44.351905334784199 ], [ -78.295432631635293, 44.351916740621903 ], [ -78.295270702590699, 44.351932544863502 ], [ -78.295008353205304, 44.351972355169302 ], [ -78.294914339310793, 44.3519954895947 ], [ -78.294916522007398, 44.352028180667403 ], [ -78.294916664111, 44.352030299673203 ], [ -78.294910093746296, 44.352059263242701 ], [ -78.294881724978197, 44.352078317667903 ], [ -78.294818998998394, 44.352075891187603 ], [ -78.294789668049404, 44.352081613171798 ], [ -78.294647267134906, 44.352109394722099 ], [ -78.294420558713895, 44.352169616717603 ], [ -78.294418374269299, 44.352166101593902 ], [ -78.294365748989705, 44.352081448516799 ], [ -78.294321609990902, 44.352133907168799 ], [ -78.294254122948104, 44.352192181759001 ], [ -78.294208818307993, 44.352212128238499 ], [ -78.294174162887899, 44.352251435410899 ], [ -78.294158004036603, 44.352293880066497 ], [ -78.294102842808996, 44.352335097628199 ], [ -78.294060762688403, 44.352362126402603 ], [ -78.294017033374601, 44.352405677457497 ], [ -78.293992517284295, 44.352428520410903 ], [ -78.293977520066605, 44.352442492685398 ], [ -78.293974367190401, 44.352445431146997 ], [ -78.293919696801296, 44.352475983936301 ], [ -78.293851870003095, 44.352503038718801 ], [ -78.293817932210601, 44.352505366139702 ], [ -78.293753874737803, 44.3525276199559 ], [ -78.293725496272998, 44.352548451897498 ], [ -78.293693975753399, 44.352596751337998 ], [ -78.293675601616599, 44.352610078135001 ], [ -78.293676762985399, 44.352612976636799 ], [ -78.293660632271397, 44.352620936088897 ], [ -78.293648055285502, 44.352630058324301 ], [ -78.293602515724302, 44.3526550936269 ], [ -78.293467375906701, 44.352736605712501 ], [ -78.293425865809496, 44.352761325066503 ], [ -78.293402569281596, 44.352775197697099 ], [ -78.293346161036098, 44.352824180768799 ], [ -78.293269606561395, 44.352905807055997 ], [ -78.2932620683967, 44.352911224384599 ], [ -78.293164938611298, 44.352981034564699 ], [ -78.293091538180406, 44.3530129757278 ], [ -78.293078877724895, 44.353018485832003 ], [ -78.292984719469004, 44.353058291862801 ], [ -78.292916503727199, 44.353074509297301 ], [ -78.292832092068593, 44.353095438099999 ], [ -78.292782850284894, 44.353104461264998 ], [ -78.292750390632307, 44.3530960480781 ], [ -78.292742914174198, 44.353090919256402 ], [ -78.292734040212196, 44.3530848318088 ], [ -78.292724073505994, 44.353069945297797 ], [ -78.292718510559993, 44.353055800628901 ], [ -78.292671074121998, 44.353064229173903 ], [ -78.292625135599394, 44.353059317897099 ], [ -78.292585436713495, 44.3530539181127 ], [ -78.292555043793101, 44.353039183572299 ], [ -78.292541917308995, 44.353031060556503 ], [ -78.292525326358003, 44.353019319995603 ], [ -78.292503802156304, 44.352995291644703 ], [ -78.2924965135485, 44.352985514660404 ], [ -78.292484709279407, 44.352990577766903 ], [ -78.292044390306501, 44.353141644554803 ], [ -78.291703986560904, 44.353258431271499 ], [ -78.291633367082397, 44.353282660033997 ], [ -78.291617769842404, 44.353302609963897 ], [ -78.291609201922597, 44.353313568225701 ], [ -78.291583644716596, 44.353346257427397 ], [ -78.291576459409299, 44.353355447951401 ], [ -78.291574487404006, 44.353357970532798 ], [ -78.291567881091197, 44.353360969224802 ], [ -78.291555652633505, 44.353366520919501 ], [ -78.291551819546797, 44.353368261116799 ], [ -78.291503588329206, 44.353393869098703 ], [ -78.291494186757504, 44.353400182876001 ], [ -78.291468776219304, 44.353417247722497 ], [ -78.291443775502998, 44.353436826843001 ], [ -78.291441146067697, 44.353438885486199 ], [ -78.291429595926999, 44.353458357053398 ], [ -78.291401588579703, 44.353553506510998 ], [ -78.291385920740396, 44.353577706714098 ], [ -78.291359478630199, 44.353612112388802 ], [ -78.291311634642597, 44.353648557940197 ], [ -78.291309984396193, 44.353664187999698 ], [ -78.291309654265802, 44.353667321211901 ], [ -78.291308482626306, 44.353678420760502 ], [ -78.291297881166699, 44.353698677356597 ], [ -78.291286092258005, 44.3537212032643 ], [ -78.291267360020399, 44.353742414750101 ], [ -78.291248838418994, 44.353749802164799 ], [ -78.291244750619796, 44.353751432775702 ], [ -78.291225600212897, 44.353762444160402 ], [ -78.291206047217401, 44.353794409704101 ], [ -78.291196796560001, 44.353809532591001 ], [ -78.291175227349697, 44.353834499286101 ], [ -78.291159887913906, 44.353839868174802 ], [ -78.291151780812598, 44.353840554439401 ], [ -78.291130476525097, 44.353842354431499 ], [ -78.291108959743298, 44.353846940217402 ], [ -78.291107011328293, 44.353853740538902 ], [ -78.291095071892101, 44.353895424226799 ], [ -78.291090917686603, 44.353909926234401 ], [ -78.2910837395589, 44.353934988678603 ], [ -78.2910690653015, 44.353961283041102 ], [ -78.291036092233099, 44.3540025404495 ], [ -78.291020206430503, 44.354021038511398 ], [ -78.290972299605201, 44.354076824753299 ], [ -78.290959335747601, 44.3540892874165 ], [ -78.2909063458156, 44.354140230164703 ], [ -78.290860129189298, 44.354179899307198 ], [ -78.290848290784297, 44.3541958727196 ], [ -78.290790076820102, 44.3542744179721 ], [ -78.290710511172904, 44.354382724404402 ], [ -78.290681914627299, 44.354417467696202 ], [ -78.290668187925505, 44.354434144392997 ], [ -78.290424718549403, 44.354699355615601 ], [ -78.290409058374493, 44.354733359814198 ], [ -78.290357771259906, 44.354793473274199 ], [ -78.290313217313098, 44.354843187274298 ], [ -78.290277281499201, 44.354883284794298 ], [ -78.290268056181603, 44.354892488922196 ], [ -78.290216793380196, 44.354943634393699 ], [ -78.290092926879197, 44.355088469562702 ], [ -78.290064747921406, 44.355124617129498 ], [ -78.290005173070199, 44.355201039229399 ], [ -78.289999684662106, 44.355213120197703 ], [ -78.289998432001596, 44.355215876795398 ], [ -78.289971964459198, 44.355274141418299 ], [ -78.2899439105406, 44.355335894730899 ], [ -78.289932213748898, 44.355358009455301 ], [ -78.289925659453203, 44.355370401813701 ], [ -78.289905980139494, 44.355407608205397 ], [ -78.289880229373495, 44.3554338698845 ], [ -78.289873260007099, 44.355440978596903 ], [ -78.289870579220505, 44.355443712087499 ], [ -78.289839253646804, 44.3554684468712 ], [ -78.289795606919, 44.3555100869673 ], [ -78.289762894065305, 44.355563318378003 ], [ -78.289756254870099, 44.355574122432898 ], [ -78.289746075774005, 44.355591350492503 ], [ -78.289720624645099, 44.355634425508498 ], [ -78.289680811085304, 44.3556877070545 ], [ -78.289679939112304, 44.355688874706999 ], [ -78.289677028184101, 44.355693631938898 ], [ -78.289653053505603, 44.355732824018503 ], [ -78.289649379257398, 44.355737454191498 ], [ -78.289634984618402, 44.355755594945201 ], [ -78.289612053155693, 44.355784492881803 ], [ -78.289568221697195, 44.355839730695998 ], [ -78.289506112755205, 44.355936047756799 ], [ -78.289505112719695, 44.355937597682697 ], [ -78.289469734659804, 44.355990030194 ], [ -78.289418396134806, 44.356066117305602 ], [ -78.289406102886304, 44.356089811288498 ], [ -78.2893540831775, 44.356190070672298 ], [ -78.289323004123801, 44.356247933932899 ], [ -78.289320329579695, 44.3562543928794 ], [ -78.289316218883997, 44.356264320673603 ], [ -78.289299962862202, 44.356303573544601 ], [ -78.289287246796505, 44.356334281386097 ], [ -78.2892830401113, 44.356344440069499 ], [ -78.289277756482306, 44.356355449140104 ], [ -78.289272042347406, 44.356367358160398 ], [ -78.289269179746697, 44.356373323792397 ], [ -78.289265861839496, 44.356380237399698 ], [ -78.289233006051305, 44.356448702341098 ], [ -78.289231964795604, 44.3564508733728 ], [ -78.289190144295205, 44.356568355808299 ], [ -78.289157158015598, 44.356667575380598 ], [ -78.289153022139004, 44.356685009928903 ], [ -78.289142626043201, 44.356728825878598 ], [ -78.289140150666697, 44.3567341218994 ], [ -78.2891314997444, 44.356752623167303 ], [ -78.289120153446007, 44.356776891473103 ], [ -78.289114349810205, 44.3568013994499 ], [ -78.289112217657603, 44.356820523679403 ], [ -78.289108723739403, 44.356851865551597 ], [ -78.289107174248599, 44.356865758641298 ], [ -78.289099227853299, 44.356878562620203 ], [ -78.289094707109996, 44.356885844673599 ], [ -78.289068107350701, 44.356904322063301 ], [ -78.289029093604398, 44.356922505502801 ], [ -78.289022168361498, 44.356932486173001 ], [ -78.289013876099204, 44.356944436576804 ], [ -78.289017723541306, 44.356957267690198 ], [ -78.289029199736206, 44.3569843584295 ], [ -78.289030532539002, 44.356987508623 ], [ -78.289030956936301, 44.357016818916797 ], [ -78.289011435509394, 44.3570743191978 ], [ -78.289001212884202, 44.3571177980496 ], [ -78.288980067486804, 44.357157653157103 ], [ -78.288972685354594, 44.357174271471997 ], [ -78.2889671878944, 44.357186648361001 ], [ -78.288965733140301, 44.357192858086499 ], [ -78.288953978265795, 44.357243028263497 ], [ -78.288937850406199, 44.3573118526146 ], [ -78.288936326914694, 44.357374456368802 ], [ -78.288936812059504, 44.357376913927602 ], [ -78.288950717329797, 44.3574474122059 ], [ -78.288954413447499, 44.357472333963798 ], [ -78.288958119952895, 44.357497329790398 ], [ -78.288964937066396, 44.3575432938825 ], [ -78.288965374695707, 44.357548739211403 ], [ -78.288971703334298, 44.357627534477601 ], [ -78.288978401613406, 44.357652877745302 ], [ -78.288981529675794, 44.357664711377701 ], [ -78.2890012753479, 44.357709203602802 ], [ -78.289003242892207, 44.357713636453397 ], [ -78.289040626426697, 44.357769303125799 ], [ -78.289072520070803, 44.3577982670067 ], [ -78.289101125865997, 44.3578242449166 ], [ -78.289120112377503, 44.357839178507199 ], [ -78.2891394573046, 44.357854394289198 ], [ -78.289163738976299, 44.357873493147302 ], [ -78.289167093099294, 44.357876131376599 ], [ -78.289193470621001, 44.357900962513099 ], [ -78.289267126383905, 44.357959401829397 ], [ -78.289300303701594, 44.357990763843901 ], [ -78.289305065745694, 44.3579947075877 ], [ -78.289343060483503, 44.358026175894103 ], [ -78.289370025272007, 44.358038281205403 ], [ -78.289374422535701, 44.358034112046802 ], [ -78.289381166102302, 44.358027717321903 ], [ -78.289481457336194, 44.3580861516418 ], [ -78.289548407510395, 44.358155259992898 ], [ -78.289588655891706, 44.358206535472398 ], [ -78.289590279254696, 44.358209426978704 ], [ -78.2896012011621, 44.358228877400997 ], [ -78.289604243877605, 44.358234295460498 ], [ -78.289614745817403, 44.358256838241601 ], [ -78.289619215511493, 44.358275416132003 ], [ -78.2896209959613, 44.358294568455797 ], [ -78.289618810787204, 44.358302467757397 ], [ -78.289612878466698, 44.358310208758901 ], [ -78.289606577663307, 44.358318429857 ], [ -78.289603290597199, 44.358330330803902 ], [ -78.289609217119207, 44.358349507758 ], [ -78.289620808175698, 44.358387012790701 ], [ -78.289626530472404, 44.358405530397498 ], [ -78.289634856038404, 44.358419652580601 ], [ -78.289656996546398, 44.358457210953901 ], [ -78.289671299386995, 44.358499230411503 ], [ -78.2896764136581, 44.358520157106298 ], [ -78.289663522556594, 44.3585658584323 ], [ -78.289663073162103, 44.358570594888299 ], [ -78.289661549133697, 44.358586630330898 ], [ -78.289658350476103, 44.358620306423298 ], [ -78.289646973929095, 44.358689835162302 ], [ -78.289644749578102, 44.358703425044602 ], [ -78.289626578348404, 44.358731657271797 ], [ -78.289605805993205, 44.358758552946497 ], [ -78.289583940633506, 44.358789882603297 ], [ -78.289577287423299, 44.358876351352698 ], [ -78.289579315178003, 44.358928630503002 ], [ -78.289591090607601, 44.358962031979402 ], [ -78.289594439270005, 44.3589856796807 ], [ -78.289587960055101, 44.3590084557162 ], [ -78.289566695141602, 44.359028971172201 ], [ -78.289551331674602, 44.359054084902702 ], [ -78.289526005669998, 44.359083421094397 ], [ -78.289503729226396, 44.359123657251899 ], [ -78.289503240064207, 44.359127324141397 ], [ -78.289495590166496, 44.359184612151203 ], [ -78.289464321077105, 44.359208074275401 ], [ -78.289462360496998, 44.359215048026698 ], [ -78.289472462322706, 44.359243300735201 ], [ -78.289471638533499, 44.359261156044298 ], [ -78.289471441388898, 44.359261621303901 ], [ -78.289469575752307, 44.359275594212598 ], [ -78.289453534394497, 44.3593071845821 ], [ -78.289437165919907, 44.359334822195599 ], [ -78.289427111420295, 44.359370519525001 ], [ -78.289407158219106, 44.359441365114499 ], [ -78.289405860561502, 44.359444523056297 ], [ -78.289397205255099, 44.359450437550898 ], [ -78.289378316827893, 44.359455721913001 ], [ -78.289384589529405, 44.3594737061361 ], [ -78.289379775967106, 44.359490839206401 ], [ -78.289368236587606, 44.359505710419803 ], [ -78.289362342164296, 44.359513306462901 ], [ -78.289347152303705, 44.359543002162397 ], [ -78.289331115694907, 44.3595743504534 ], [ -78.289291283527305, 44.359716734760902 ], [ -78.289287896118907, 44.359725666921896 ], [ -78.289272314437895, 44.359751940379802 ], [ -78.289241300471303, 44.3598392682851 ], [ -78.289224890506503, 44.359885476559803 ], [ -78.289220272417595, 44.359898480222697 ], [ -78.289201592407906, 44.359965492047401 ], [ -78.289162586122401, 44.360051891892503 ], [ -78.289161670523896, 44.360052507538597 ], [ -78.289145105832503, 44.360112100947497 ], [ -78.289109805108396, 44.360239099148302 ], [ -78.289102271906202, 44.360273721985202 ], [ -78.289077936594694, 44.360385561674597 ], [ -78.2890452694012, 44.360477781934399 ], [ -78.289042163726506, 44.360497657263203 ], [ -78.289035151210896, 44.360542532136499 ], [ -78.2890347702089, 44.360544969122003 ], [ -78.289023850208295, 44.3606148570274 ], [ -78.289017548326598, 44.360676990755202 ], [ -78.289008709094702, 44.360764141247699 ], [ -78.289005932830506, 44.360791507445803 ], [ -78.289003535541397, 44.360866053209698 ], [ -78.288999813495394, 44.360981814293297 ], [ -78.289003589927106, 44.361109881915503 ], [ -78.289003968007094, 44.361122681935903 ], [ -78.289009831160797, 44.361145761881197 ], [ -78.2890332710991, 44.361238030942502 ], [ -78.289052120021907, 44.361291346995401 ], [ -78.289076747975898, 44.3613925731431 ], [ -78.289082810969703, 44.361427612519201 ], [ -78.289084404003503, 44.361436818707098 ], [ -78.289097033383001, 44.361509803782198 ], [ -78.289100581297902, 44.361530300774803 ], [ -78.2891019820309, 44.361538398663797 ], [ -78.289117993701893, 44.3615954689649 ], [ -78.2891227037465, 44.3616072078201 ], [ -78.289136986060896, 44.361642798009797 ], [ -78.2891458637162, 44.361664923233299 ], [ -78.289179949215693, 44.361753633346503 ], [ -78.289192195918304, 44.361776854985202 ], [ -78.289198800333097, 44.361791950921798 ], [ -78.289232924054602, 44.361869937006396 ], [ -78.289235566731307, 44.361875977562299 ], [ -78.2892682989837, 44.361936855164103 ], [ -78.289269910007206, 44.361939852612402 ], [ -78.289272515666894, 44.361944574292799 ], [ -78.289327266840601, 44.362043765443602 ], [ -78.289417862184294, 44.362177768681001 ], [ -78.289489972876098, 44.362289038599201 ], [ -78.289514255679507, 44.362320827608499 ], [ -78.2895345494819, 44.362362073753502 ], [ -78.289604558333394, 44.362461192253903 ], [ -78.289681192843005, 44.362570658196802 ], [ -78.289766046282395, 44.362675224614001 ], [ -78.289838356855896, 44.3627629308804 ], [ -78.289862864280096, 44.3627967138438 ], [ -78.289879262357402, 44.362819318260499 ], [ -78.289890106234395, 44.362828918736398 ], [ -78.289890352209198, 44.362829136140199 ], [ -78.289923233295397, 44.362847752100301 ], [ -78.289927623346202, 44.362852750202599 ], [ -78.289940948623496, 44.3628679183429 ], [ -78.289968073739303, 44.362915061325097 ], [ -78.289985136447598, 44.362930115636601 ], [ -78.290000367891196, 44.362946401248998 ], [ -78.290003774319999, 44.362968776415102 ], [ -78.290019923206899, 44.3629903647916 ], [ -78.290028028380206, 44.363001200220801 ], [ -78.290040868403096, 44.363030805262703 ], [ -78.290062901503703, 44.363053621763797 ], [ -78.290097532901896, 44.363092024853003 ], [ -78.290175196369802, 44.363179222397903 ], [ -78.290194350828003, 44.3631997522657 ], [ -78.290218345908201, 44.363225470972097 ], [ -78.290270180377604, 44.363266236005401 ], [ -78.290284321250695, 44.3632773569474 ], [ -78.290360652948806, 44.363354968181902 ], [ -78.290397810516794, 44.363406927997097 ], [ -78.290410697000993, 44.363424948523701 ], [ -78.290449829736602, 44.3634812927111 ], [ -78.290453391179597, 44.363480314936197 ], [ -78.290454322559199, 44.3634823779581 ], [ -78.290465486689598, 44.363479762114302 ], [ -78.290713634442696, 44.363998446302901 ], [ -78.290724371060307, 44.364113935707401 ], [ -78.290716820085905, 44.364125279930903 ], [ -78.290722453860397, 44.364177269205697 ], [ -78.290733219923993, 44.364183286479097 ], [ -78.290770636089803, 44.364503950472901 ], [ -78.290760209185805, 44.364512345572201 ], [ -78.2907658430195, 44.364564334843699 ], [ -78.290778614901896, 44.364570399722403 ], [ -78.290789071432101, 44.364648431235999 ], [ -78.290796298566704, 44.3650576854101 ], [ -78.290781255354105, 44.365057328348897 ], [ -78.290763498510302, 44.365137571053701 ], [ -78.290785945638106, 44.365478045739998 ], [ -78.290788157902696, 44.365495383429902 ], [ -78.290803098067499, 44.365585044808 ], [ -78.290792759498899, 44.365656820998403 ], [ -78.290864836513407, 44.366836804767303 ], [ -78.290874025032906, 44.3669205678788 ], [ -78.290867771651804, 44.367012607063998 ], [ -78.290886045403695, 44.3670735389085 ], [ -78.290884511544803, 44.3670850259535 ], [ -78.290844276948803, 44.367130164786403 ], [ -78.290838467232106, 44.367147311167201 ], [ -78.290747650423199, 44.367281251121398 ], [ -78.290746846365806, 44.367283418790997 ], [ -78.290742742129098, 44.367288486218897 ], [ -78.290705710814507, 44.367354286598797 ], [ -78.290664614143097, 44.367487155977898 ], [ -78.290658094498099, 44.367507447243902 ], [ -78.290644914266693, 44.367548472962604 ], [ -78.290632942881999, 44.367557743357899 ], [ -78.290619950008093, 44.367567337908902 ], [ -78.290613427488097, 44.367585623303199 ], [ -78.290603619227497, 44.367645888594197 ], [ -78.290612437230294, 44.3676667789017 ], [ -78.290612478005997, 44.367666874397898 ], [ -78.290616876322304, 44.3676997783217 ], [ -78.290599370105895, 44.367741344139297 ], [ -78.290593657829504, 44.367754906145301 ], [ -78.290585041592294, 44.367806932553897 ], [ -78.290592361333395, 44.367859974633198 ], [ -78.290578518369102, 44.367929074819401 ], [ -78.290563422753706, 44.367967571215999 ], [ -78.290533131897107, 44.368008254669597 ], [ -78.290493757596295, 44.3680340724041 ], [ -78.290459899714193, 44.368054627562799 ], [ -78.290436203590403, 44.3680690131212 ], [ -78.290399564799998, 44.368102456223703 ], [ -78.290307221029394, 44.368238071870401 ], [ -78.290314254649303, 44.368281451781797 ], [ -78.290296569524997, 44.368381862114802 ], [ -78.290300742674006, 44.368465506188798 ], [ -78.290309664987404, 44.368555024731101 ], [ -78.290311154101104, 44.368609796462898 ], [ -78.290313366298307, 44.368627134152902 ], [ -78.290354144093797, 44.3690054951335 ], [ -78.290423670560202, 44.369174235632698 ], [ -78.290513301201599, 44.369277193502001 ], [ -78.2905605135944, 44.369298480261598 ], [ -78.290683994174103, 44.3694512161631 ], [ -78.290696634330203, 44.369460158783298 ], [ -78.290799407788299, 44.369474121674202 ], [ -78.290920322890003, 44.369747792615797 ], [ -78.290937786200402, 44.369782777439802 ], [ -78.290934320070903, 44.369814384651399 ], [ -78.290955824749105, 44.369935891241198 ], [ -78.290898699888999, 44.370064174179497 ], [ -78.290888876694595, 44.370081226196803 ], [ -78.290852268211594, 44.370178306584599 ], [ -78.290660847502707, 44.370409993651101 ], [ -78.2906513042048, 44.370464503489004 ], [ -78.290333461663394, 44.370759448859801 ], [ -78.290311277611394, 44.370805015993099 ], [ -78.290145238017999, 44.370965283184503 ], [ -78.290055913328999, 44.370986209342298 ], [ -78.290006721853899, 44.371051301223098 ], [ -78.289999243184596, 44.3710828131317 ], [ -78.290003594111596, 44.371097320740098 ], [ -78.289743652506601, 44.3713994008641 ], [ -78.289732958563206, 44.371413551241098 ], [ -78.289609054947505, 44.371618031061601 ], [ -78.289611798284497, 44.371623857926998 ], [ -78.2896328015606, 44.371647403558597 ], [ -78.289172900630106, 44.372083015267897 ], [ -78.289056146763798, 44.372160060151003 ], [ -78.289037726654797, 44.372163972752901 ], [ -78.2889827689675, 44.372199495632202 ], [ -78.288984376411904, 44.372208176393499 ], [ -78.288879925966398, 44.372276985972697 ], [ -78.288686074325497, 44.372405721965798 ], [ -78.288651261067798, 44.372427272081303 ], [ -78.288646520063395, 44.372426709326199 ], [ -78.288637899326503, 44.372425687099501 ], [ -78.288627310933293, 44.372432811478198 ], [ -78.288585485524905, 44.372458323634397 ], [ -78.288584967572902, 44.372461304724503 ], [ -78.288583685162905, 44.372462167327399 ], [ -78.288583120388694, 44.372471952437898 ], [ -78.288583057359205, 44.372473045667597 ], [ -78.288502950049605, 44.372525338864598 ], [ -78.288199980668793, 44.372651945423797 ], [ -78.2879383231829, 44.3727612879375 ], [ -78.287915428759305, 44.372757063645601 ], [ -78.287879058369498, 44.372756199441902 ], [ -78.287846888705801, 44.372760530564399 ], [ -78.287810137528496, 44.372767937963502 ], [ -78.287780365092502, 44.372778058942203 ], [ -78.287664773145593, 44.372830530152598 ], [ -78.287647026134394, 44.372838586256599 ], [ -78.287500324385505, 44.3729000706333 ], [ -78.287500265606198, 44.372901343116801 ], [ -78.287465375316302, 44.372906883357103 ], [ -78.287442222863405, 44.372908244407903 ], [ -78.2874307507673, 44.3729066978904 ], [ -78.287420340214794, 44.3729013540583 ], [ -78.287408244950498, 44.372894060717101 ], [ -78.287400079984906, 44.372878579207402 ], [ -78.287406166413703, 44.372862162509001 ], [ -78.287408791998004, 44.3728604000624 ], [ -78.287418996413507, 44.372853550256799 ], [ -78.287460506774096, 44.372839250194197 ], [ -78.287465571783102, 44.3728374727974 ], [ -78.287642523523999, 44.3727640045187 ], [ -78.287777505295594, 44.372707960873001 ], [ -78.287903481937803, 44.372650406707898 ], [ -78.287980468604005, 44.372617840299696 ], [ -78.288113562698797, 44.372564200133503 ], [ -78.288210309189395, 44.372525208787899 ], [ -78.288269673090795, 44.372501184769199 ], [ -78.2883198560057, 44.372480876777999 ], [ -78.288335191612703, 44.372474670949799 ], [ -78.288352604105398, 44.3724629823082 ], [ -78.288368301285701, 44.372449979032602 ], [ -78.288371293944195, 44.372447306109798 ], [ -78.288387752224693, 44.372432606800899 ], [ -78.288393750209707, 44.372418098318001 ], [ -78.288395284217401, 44.372404122075601 ], [ -78.288396090166998, 44.372399171738003 ], [ -78.288397763429401, 44.372388893507299 ], [ -78.288393087588403, 44.372374769738599 ], [ -78.288369635336096, 44.372363384150503 ], [ -78.288348403967305, 44.372350546069903 ], [ -78.288341126601594, 44.372346145516801 ], [ -78.288321576310295, 44.372327209335602 ], [ -78.288310535130293, 44.372312174511897 ], [ -78.2883098242648, 44.372311206039299 ], [ -78.288305315749199, 44.372305065325499 ], [ -78.288280636746507, 44.372271458045098 ], [ -78.288213285905101, 44.372191511112398 ], [ -78.288136741707206, 44.372118353407302 ], [ -78.288043621923606, 44.372031022300703 ], [ -78.288009918227601, 44.371999412495398 ], [ -78.287943578082903, 44.371936050763203 ], [ -78.287882084836298, 44.371865797367398 ], [ -78.287875253502193, 44.371857991762198 ], [ -78.287787971706194, 44.371767379941403 ], [ -78.287692530006495, 44.371680396691801 ], [ -78.287669122386006, 44.371661069846397 ], [ -78.287625808505297, 44.371625306384601 ], [ -78.287589741621503, 44.371601881358401 ], [ -78.287565151116794, 44.371585910492797 ], [ -78.287551096294706, 44.371576781764098 ], [ -78.287549317179497, 44.371575626752303 ], [ -78.287541316135005, 44.371570430217503 ], [ -78.287474542069702, 44.371535721562601 ], [ -78.287395883557494, 44.371508373712302 ], [ -78.287317208397099, 44.3714844581378 ], [ -78.287275847330207, 44.371467534069097 ], [ -78.287220991697893, 44.371459568332199 ], [ -78.287160028848405, 44.371439753917699 ], [ -78.287100828909004, 44.371434432489998 ], [ -78.287071854344404, 44.371429332496099 ], [ -78.286969691582797, 44.3714109802455 ], [ -78.286868622317101, 44.371388194863599 ], [ -78.286730826387497, 44.371353071427798 ], [ -78.286693572363205, 44.371346441224702 ], [ -78.286663068043495, 44.371341012174597 ], [ -78.286611039927706, 44.371331752153097 ], [ -78.286519968306706, 44.371323217717503 ], [ -78.286482037227302, 44.371328280248299 ], [ -78.286459209122995, 44.371331326912703 ], [ -78.286420301195605, 44.371346963265999 ], [ -78.286384971981207, 44.371362047297403 ], [ -78.286362952931995, 44.371396556872703 ], [ -78.286347377544203, 44.371426124117797 ], [ -78.286324824910807, 44.371452976815597 ], [ -78.286288519740395, 44.371469948884602 ], [ -78.286235458712198, 44.371522828607603 ], [ -78.286173890033297, 44.371606080960298 ], [ -78.286139574371205, 44.371656859470399 ], [ -78.286111649121395, 44.371723076480599 ], [ -78.286073002155902, 44.3718193398038 ], [ -78.286065091723202, 44.371839044058298 ], [ -78.286006276126699, 44.371985547151397 ], [ -78.285988780591296, 44.3720182529391 ], [ -78.285981855025298, 44.372041522263203 ], [ -78.285987814401295, 44.372058358551698 ], [ -78.285992999203401, 44.372099884302401 ], [ -78.285989254898197, 44.3721424725181 ], [ -78.285973827410302, 44.372168858074097 ], [ -78.285955379890495, 44.372183705992299 ], [ -78.285921261190794, 44.372191811868603 ], [ -78.285882293734502, 44.372208720500602 ], [ -78.285831813100003, 44.372301553202497 ], [ -78.285816297606502, 44.372330084685302 ], [ -78.285778947952593, 44.372427288921003 ], [ -78.285754301566101, 44.372513518459698 ], [ -78.285742685390005, 44.372616241985199 ], [ -78.285739219216694, 44.3727104294097 ], [ -78.285732906583803, 44.372770153472999 ], [ -78.285714307867707, 44.372884364925397 ], [ -78.285702445867699, 44.372987270751899 ], [ -78.285703003634495, 44.373090471924002 ], [ -78.285704216388893, 44.3731035267528 ], [ -78.285711304776001, 44.373179843651499 ], [ -78.285750385472596, 44.3732565720276 ], [ -78.285767368316598, 44.373292645427398 ], [ -78.285773761710104, 44.373327193129498 ], [ -78.285753956759706, 44.373352200675299 ], [ -78.285745748171706, 44.373395319204697 ], [ -78.285741885963901, 44.373440451461001 ], [ -78.285730337894506, 44.373498140648501 ], [ -78.285726704442297, 44.373530720494998 ], [ -78.285722756363199, 44.373566115201697 ], [ -78.285707473372, 44.373612661168799 ], [ -78.285686846476295, 44.373675486549303 ], [ -78.285693873831505, 44.373710656111101 ], [ -78.285701689649102, 44.373752880922503 ], [ -78.285692416720394, 44.373780573238498 ], [ -78.285671128845493, 44.373799289536301 ], [ -78.285626513130396, 44.373823070547097 ], [ -78.285582996294806, 44.373861526845502 ], [ -78.285527531262105, 44.373889507934102 ], [ -78.285471709179703, 44.373906015582399 ], [ -78.285466402978798, 44.373907522475001 ], [ -78.285451012219497, 44.373911892756198 ], [ -78.285441846311201, 44.373918044166899 ], [ -78.285440299435606, 44.3739265806365 ], [ -78.285413232854097, 44.374075967588297 ], [ -78.285428229181903, 44.374097343717601 ], [ -78.285429357848997, 44.3740999714366 ], [ -78.285444265493197, 44.374134669430603 ], [ -78.285441671800896, 44.374171551169702 ], [ -78.285422499040607, 44.374204513158901 ], [ -78.285417553388399, 44.374213017409502 ], [ -78.285374537432105, 44.374240657107002 ], [ -78.285321467731407, 44.374274427972999 ], [ -78.285248378678503, 44.374299441995603 ], [ -78.285189810004596, 44.374336903649898 ], [ -78.285111137571306, 44.374386626795598 ], [ -78.2850583426398, 44.374452888465697 ], [ -78.285053519077806, 44.374458587666403 ], [ -78.285016069507904, 44.374502839947098 ], [ -78.284995582040196, 44.374523372991597 ], [ -78.284957758720594, 44.374588627730901 ], [ -78.284956979847294, 44.374589972210401 ], [ -78.284944788393602, 44.374600801428699 ], [ -78.284871778259102, 44.3746656548701 ], [ -78.284783822578703, 44.374724074118902 ], [ -78.284694444403598, 44.374774816178899 ], [ -78.284647736022094, 44.374824662009097 ], [ -78.284614128242694, 44.374879277614198 ], [ -78.284571177655295, 44.374943862880002 ], [ -78.284546974981694, 44.375006346395203 ], [ -78.284512983166394, 44.375069234402403 ], [ -78.284493327733102, 44.375088541177803 ], [ -78.284467397524807, 44.375114010447298 ], [ -78.2844495074701, 44.375130047127797 ], [ -78.284407175986203, 44.375167993709397 ], [ -78.2843324411363, 44.375247746620602 ], [ -78.284317983702707, 44.375265417013601 ], [ -78.284273140072699, 44.375320223419699 ], [ -78.284256461851896, 44.375354753409098 ], [ -78.2842259966407, 44.375417830567699 ], [ -78.284178648279706, 44.375519891848299 ], [ -78.284168573150296, 44.375557306749997 ], [ -78.284166357268901, 44.375565539195897 ], [ -78.284152914592198, 44.375615460621802 ], [ -78.284145976902906, 44.375631909999697 ], [ -78.284128974752704, 44.375672218286397 ], [ -78.284103021783807, 44.375714913565403 ], [ -78.284093985755206, 44.375725221794703 ], [ -78.284079410624699, 44.375741850445699 ], [ -78.284070219487901, 44.375752336836598 ], [ -78.284068409388595, 44.375754401294003 ], [ -78.284063644198795, 44.375759838061803 ], [ -78.284063488040601, 44.375760717509401 ], [ -78.284036139535004, 44.375914417771703 ], [ -78.284027642000197, 44.3759621719691 ], [ -78.284013823236705, 44.376020300275897 ], [ -78.284021203461606, 44.3760487740267 ], [ -78.283986218405005, 44.376124722732897 ], [ -78.283969609432503, 44.376167705143096 ], [ -78.283957139041107, 44.376199992714099 ], [ -78.2839434038642, 44.376228443852099 ], [ -78.283937220678098, 44.376241251579103 ], [ -78.283906064579099, 44.376305786842799 ], [ -78.283880272569505, 44.376369494559299 ], [ -78.283878991420295, 44.376372660025098 ], [ -78.283848745531202, 44.376392960640302 ], [ -78.283752346986105, 44.376537804681597 ], [ -78.283682877747495, 44.376638065432701 ], [ -78.283651748595702, 44.3766774531694 ], [ -78.283565801692106, 44.376749931939301 ], [ -78.283543764395205, 44.376775745715101 ], [ -78.283535656854795, 44.376785242347403 ], [ -78.283506645298999, 44.376819226615901 ], [ -78.283480055274097, 44.376854942108103 ], [ -78.283447933647295, 44.376898086393297 ], [ -78.283416424765903, 44.376964854788 ], [ -78.283408473880101, 44.376991392716398 ], [ -78.283384987756705, 44.3770697845546 ], [ -78.283379664467404, 44.3770875506872 ], [ -78.283375914428206, 44.377103760789502 ], [ -78.283371893835906, 44.377121124897997 ], [ -78.283375446736997, 44.3771576541195 ], [ -78.283382041067497, 44.377225462627599 ], [ -78.283381953250895, 44.377225841350899 ], [ -78.283372220766196, 44.377267633329602 ], [ -78.283347712291899, 44.377298261400803 ], [ -78.283341444495505, 44.377304075596399 ], [ -78.283312325557404, 44.377331094582502 ], [ -78.283307508223899, 44.377335564988698 ], [ -78.283306883925704, 44.377336144306398 ], [ -78.283279539632801, 44.377358149616903 ], [ -78.283276984205997, 44.377360206223997 ], [ -78.283276854540503, 44.377359915952198 ], [ -78.279053013088799, 44.367910167619101 ], [ -78.274800129175503, 44.358767032496203 ], [ -78.273606544080195, 44.356264422988303 ], [ -78.268465524015696, 44.345783649138198 ], [ -78.277146619368196, 44.343680638605299 ], [ -78.277165115251407, 44.343725502857701 ], [ -78.293268092157405, 44.3397787896699 ], [ -78.293223786297702, 44.339680880439502 ], [ -78.295841794060195, 44.339033207827804 ], [ -78.303424236338998, 44.330003996924098 ], [ -78.303932625563604, 44.325588413868203 ], [ -78.304286076223605, 44.322518062027797 ], [ -78.304320810758, 44.3220460271055 ], [ -78.304305433351303, 44.321573463188898 ], [ -78.3042400342257, 44.321103107427 ], [ -78.304124992527306, 44.320637685721699 ], [ -78.303960978450604, 44.3201798929747 ], [ -78.303835755306906, 44.319902401559503 ], [ -78.301985852758193, 44.320364876284998 ], [ -78.298857485285694, 44.321106455706698 ], [ -78.298624219360306, 44.32115210077 ], [ -78.298244044637102, 44.321242212346199 ], [ -78.297815693298702, 44.321343741902197 ], [ -78.293165075066696, 44.322441390305599 ], [ -78.292899926317503, 44.321890315103502 ], [ -78.292848062401802, 44.321903316612698 ], [ -78.291782447938303, 44.3198229026519 ], [ -78.291858095129896, 44.319799518547299 ], [ -78.290683778442599, 44.317560853463597 ], [ -78.290607617435995, 44.317580934995199 ], [ -78.290085203076401, 44.3166563975293 ], [ -78.289810252149493, 44.316074096359202 ], [ -78.289562526689807, 44.315528154921701 ], [ -78.289557628320594, 44.3153901586467 ], [ -78.289460432187994, 44.315231040550998 ], [ -78.285234983115302, 44.305965674849297 ], [ -78.283868477308303, 44.302968640095898 ], [ -78.282402760683496, 44.2999190318302 ], [ -78.282334433505994, 44.299776859106899 ], [ -78.274643052057897, 44.3017163385286 ], [ -78.273854433980006, 44.300192494729401 ], [ -78.273294594262197, 44.299254886834298 ], [ -78.273296958575898, 44.299167353502398 ], [ -78.273816362954506, 44.299059673659301 ], [ -78.273041535945495, 44.296429459521903 ], [ -78.276911858865802, 44.295496242091502 ], [ -78.276841834443701, 44.295309601295799 ], [ -78.276433518953198, 44.294221253174697 ], [ -78.278595544005995, 44.292049409085799 ], [ -78.277277295958797, 44.289268866894403 ], [ -78.281837693346603, 44.288203544032697 ], [ -78.281850869762096, 44.2882321913862 ], [ -78.283108613500701, 44.287933666236398 ], [ -78.285578902592306, 44.285682960905 ], [ -78.282468085110594, 44.279040400185103 ], [ -78.2910559638877, 44.276945930577497 ], [ -78.291171789671793, 44.276935628812097 ], [ -78.291310822322501, 44.276923263206598 ], [ -78.2900871823758, 44.274353807632899 ], [ -78.297844867973396, 44.272466368105299 ], [ -78.297923949285803, 44.272634759752002 ], [ -78.305681431918998, 44.270746151667502 ], [ -78.303304189215297, 44.265549884383503 ], [ -78.309885925698097, 44.263879162027401 ], [ -78.309982889330698, 44.263849385305598 ], [ -78.310212696935295, 44.263040699256003 ], [ -78.310554178521301, 44.262439405035998 ], [ -78.3137798367828, 44.258025949648001 ], [ -78.313933741921801, 44.257987297553001 ], [ -78.316527380794298, 44.257346042165899 ], [ -78.321597082345207, 44.256105841717599 ], [ -78.321555692551101, 44.256016545509503 ], [ -78.322998684679007, 44.255671058169597 ], [ -78.324061874103606, 44.255100722137897 ], [ -78.323971675876706, 44.254906137759399 ], [ -78.324104505659903, 44.254874333151101 ], [ -78.323963283124698, 44.254561041279999 ], [ -78.331849485296999, 44.252732340459602 ], [ -78.334442991014299, 44.258786095833997 ], [ -78.334438915107597, 44.258788802341002 ], [ -78.334416808672103, 44.258803485624099 ], [ -78.334369321181498, 44.258827671101102 ], [ -78.3343566014522, 44.258834148710498 ], [ -78.334321488734304, 44.258852032160597 ], [ -78.334199462847195, 44.258923031928603 ], [ -78.334162968551794, 44.258977563326397 ], [ -78.334160432047796, 44.258981353703803 ], [ -78.334129728135593, 44.258997560193698 ], [ -78.334117529973199, 44.259000258861803 ], [ -78.334060530152698, 44.259012868581799 ], [ -78.334015057031905, 44.259047961977203 ], [ -78.333900975274801, 44.2590852989875 ], [ -78.333823738066201, 44.259134356565198 ], [ -78.333784156596906, 44.259159497094799 ], [ -78.333731437844094, 44.259189956634899 ], [ -78.333697307752004, 44.259209676014002 ], [ -78.333647720787098, 44.259243069767201 ], [ -78.333567862415606, 44.259285425452497 ], [ -78.333462766240004, 44.259341168446099 ], [ -78.333325575073999, 44.259433555767998 ], [ -78.333242973751197, 44.259482397610597 ], [ -78.333125753803699, 44.259554906633802 ], [ -78.333081709222597, 44.259597999637201 ], [ -78.333012102923107, 44.259639177400601 ], [ -78.3329612183378, 44.259701820460002 ], [ -78.332842217506695, 44.2597505975166 ], [ -78.332754510726005, 44.259820090156502 ], [ -78.3327084361012, 44.259892094102597 ], [ -78.332563387952902, 44.2599987095495 ], [ -78.332546389689298, 44.260013659477302 ], [ -78.332475553961402, 44.260102228817999 ], [ -78.332429613243903, 44.260116358346799 ], [ -78.332375962202804, 44.260169186420299 ], [ -78.332324301336598, 44.260220056046002 ], [ -78.3322930922414, 44.260294714644999 ], [ -78.332279051171298, 44.260297463676601 ], [ -78.332234993700595, 44.260324896513602 ], [ -78.332185005734701, 44.260341421541902 ], [ -78.332133719241298, 44.260406351454399 ], [ -78.332077363015998, 44.260496605767699 ], [ -78.332030001241705, 44.260556466933899 ], [ -78.331947280479397, 44.260603570188799 ], [ -78.331841072037307, 44.260703399566403 ], [ -78.331764716888401, 44.260758540659701 ], [ -78.331747997629193, 44.260820460275497 ], [ -78.331683709205805, 44.260892806895797 ], [ -78.331596059357096, 44.260984608984202 ], [ -78.331544496999697, 44.261050513484697 ], [ -78.331505531781005, 44.2611163451257 ], [ -78.331467870264603, 44.261191621493097 ], [ -78.331387296655805, 44.261268972736303 ], [ -78.331356702282505, 44.261353645784801 ], [ -78.331302217331299, 44.261493147535198 ], [ -78.331272510481398, 44.261510915141301 ], [ -78.331221895041097, 44.261541272331897 ], [ -78.331070702272896, 44.2616415878528 ], [ -78.330936028879805, 44.261813964581599 ], [ -78.330907168309906, 44.261896237373001 ], [ -78.330887171974595, 44.261959618810998 ], [ -78.330878066894797, 44.262042486759199 ], [ -78.330881855163199, 44.262147965201301 ], [ -78.330894554932897, 44.262222111486899 ], [ -78.330925920502096, 44.262285924123397 ], [ -78.330948871556203, 44.262346463738197 ], [ -78.330918230049903, 44.262455751997997 ], [ -78.330935879528994, 44.2624915512082 ], [ -78.330962672987894, 44.262514486701299 ], [ -78.330959734007095, 44.262532111250202 ], [ -78.330935652368495, 44.262543855954704 ], [ -78.330894460690303, 44.262555201487103 ], [ -78.330811372811198, 44.262617107676 ], [ -78.330772490266497, 44.262719280014998 ], [ -78.330749269737495, 44.262735660567103 ], [ -78.330709938309298, 44.262753202966998 ], [ -78.330639124477003, 44.262827704712201 ], [ -78.330577809074398, 44.262900990780103 ], [ -78.330465850956003, 44.263013661062601 ], [ -78.330381609838, 44.263114590646097 ], [ -78.330384125060107, 44.263116369909703 ], [ -78.330259146321794, 44.263204989607999 ], [ -78.330167771276294, 44.263284394766799 ], [ -78.330050810496502, 44.263337815232802 ], [ -78.330017237303593, 44.2633641320907 ], [ -78.329956469804799, 44.263411766261797 ], [ -78.329873527958398, 44.263446751305999 ], [ -78.329786691427103, 44.263473181624299 ], [ -78.329688838435501, 44.263530126748897 ], [ -78.329595323333507, 44.263609481381899 ], [ -78.329566002679897, 44.263689567963098 ], [ -78.329506015647596, 44.2637652009468 ], [ -78.329429866992896, 44.263811773680601 ], [ -78.329316390567698, 44.263859121468499 ], [ -78.329205853556104, 44.263888844653501 ], [ -78.329103303972303, 44.263954909086301 ], [ -78.329060138416395, 44.2640116405505 ], [ -78.328978616117894, 44.264084305288698 ], [ -78.328936587320101, 44.264114092625398 ], [ -78.328865173377494, 44.264208689729003 ], [ -78.328822941021699, 44.264236054099698 ], [ -78.328739101432006, 44.2642671712957 ], [ -78.328691308124704, 44.264306054246603 ], [ -78.328630298787701, 44.264353090556597 ], [ -78.328521680802098, 44.264411320429502 ], [ -78.328412678251595, 44.264478002957397 ], [ -78.328272340075699, 44.264574722740697 ], [ -78.328159293354702, 44.264659773372003 ], [ -78.328106274344407, 44.264692645910699 ], [ -78.328019408412302, 44.264746503106203 ], [ -78.327915218734006, 44.264848684330097 ], [ -78.327890731415707, 44.264916574935199 ], [ -78.327831848486696, 44.264987508181498 ], [ -78.327797965650504, 44.265002869689098 ], [ -78.327714115791096, 44.265057832578101 ], [ -78.327525641850499, 44.265177272153302 ], [ -78.327385486082406, 44.265246301501499 ], [ -78.327304796939899, 44.2653259545217 ], [ -78.327250470633999, 44.2653908389156 ], [ -78.327178625399796, 44.265440697891897 ], [ -78.327091763111397, 44.265514820724 ], [ -78.3270156063125, 44.265565347480198 ], [ -78.326943506469505, 44.265644432526699 ], [ -78.326849506680006, 44.2657106960175 ], [ -78.326780357205706, 44.265748309202003 ], [ -78.326712370701202, 44.265807487944301 ], [ -78.326638364887103, 44.2659049902569 ], [ -78.326578579285297, 44.266005685756497 ], [ -78.326477785171804, 44.266117393633998 ], [ -78.326385180512005, 44.2662236907722 ], [ -78.326308684934403, 44.266328826564497 ], [ -78.326232549419501, 44.266402432034702 ], [ -78.3261815695042, 44.266491378719998 ], [ -78.326101875916805, 44.266545531176803 ], [ -78.326061866323002, 44.266601519749102 ], [ -78.325966085682893, 44.266636200281702 ], [ -78.325906384629505, 44.266677880269199 ], [ -78.325853578982205, 44.266803572282697 ], [ -78.325828796024993, 44.266830685298402 ], [ -78.325828344385201, 44.266831250898903 ], [ -78.325823567733593, 44.266860758295998 ], [ -78.325804093214003, 44.266897259572801 ], [ -78.325734233390804, 44.266961528145202 ], [ -78.325662357018302, 44.267024289171701 ], [ -78.325645129326205, 44.267042028953803 ], [ -78.325631759323798, 44.267091466233303 ], [ -78.325612336030701, 44.267165629296699 ], [ -78.325583752310294, 44.267205730715602 ], [ -78.325530607819204, 44.267244487848302 ], [ -78.325473498043806, 44.267276227977398 ], [ -78.325398999192501, 44.267313714977597 ], [ -78.325389193850299, 44.267326282750602 ], [ -78.325356346593694, 44.267381839296199 ], [ -78.3253477388254, 44.2673963986418 ], [ -78.325336450537407, 44.267465333463697 ], [ -78.325341320758, 44.267523142183002 ], [ -78.325323952640701, 44.267556891949702 ], [ -78.325298625072804, 44.267567528619502 ], [ -78.325243166830404, 44.267610076507999 ], [ -78.325181162542805, 44.267702474471001 ], [ -78.325140582483399, 44.267783970549402 ], [ -78.325103778057098, 44.267857885580398 ], [ -78.325107023045703, 44.2679207464193 ], [ -78.325108242922894, 44.267964623262102 ], [ -78.325087811587593, 44.267978377059102 ], [ -78.325054131979499, 44.2680010491963 ], [ -78.325001322834893, 44.2680559686032 ], [ -78.324996098305604, 44.268063917204202 ], [ -78.324982822975798, 44.268084114544301 ], [ -78.324953023306904, 44.268129454856698 ], [ -78.324948147182099, 44.268152142041203 ], [ -78.324936738001696, 44.268205230812399 ], [ -78.324910814413101, 44.268304627575802 ], [ -78.324891784743897, 44.268417263392202 ], [ -78.324891765030799, 44.2684173664627 ], [ -78.324872139563197, 44.268519884442298 ], [ -78.324888714570505, 44.268626431474502 ], [ -78.324889043970899, 44.268629718922597 ], [ -78.324898292168399, 44.2687220453425 ], [ -78.324896922824195, 44.268730959358003 ], [ -78.324883097973995, 44.268820923791502 ], [ -78.324882534664795, 44.268843271803398 ], [ -78.324881761388895, 44.268873972215601 ], [ -78.324864463005198, 44.2689720325073 ], [ -78.324843480820505, 44.269056928963103 ], [ -78.324834958654293, 44.269126732495302 ], [ -78.324810965355297, 44.269230790206997 ], [ -78.324800804968007, 44.269336710678999 ], [ -78.324820123170099, 44.269406396920402 ], [ -78.324820773535606, 44.269486415746201 ], [ -78.324798768275599, 44.2695466717933 ], [ -78.324779511231299, 44.269564766304001 ], [ -78.324748445269293, 44.2695939564219 ], [ -78.324740835327006, 44.269604353689601 ], [ -78.324724871220397, 44.269626168807001 ], [ -78.324682264562099, 44.269754719968603 ], [ -78.324679787840097, 44.269809280244502 ], [ -78.324678011932804, 44.269815611720901 ], [ -78.324650410931298, 44.269913980578501 ], [ -78.324637646507298, 44.269982914920199 ], [ -78.324632274503998, 44.269991981797403 ], [ -78.324593587910599, 44.270057271036002 ], [ -78.324506878491107, 44.2701513960901 ], [ -78.3244204923664, 44.270285531791998 ], [ -78.324335061755704, 44.270375071839403 ], [ -78.324330289898398, 44.270381405107997 ], [ -78.324237085354497, 44.2705050888176 ], [ -78.324040925335495, 44.270698960425101 ], [ -78.323826674592198, 44.270913947715101 ], [ -78.3237074022706, 44.271066195278102 ], [ -78.323599436377904, 44.271204008001298 ], [ -78.323573182144202, 44.271231282271998 ], [ -78.323513977543598, 44.271292786918998 ], [ -78.323440075696894, 44.271364134510797 ], [ -78.323421729918493, 44.271414475747598 ], [ -78.323436062058605, 44.271452505710997 ], [ -78.323452812494594, 44.271484438047899 ], [ -78.323451752319201, 44.271486565763603 ], [ -78.323431606493699, 44.271527019310597 ], [ -78.323415098631898, 44.271560480139399 ], [ -78.323376793105297, 44.271578813773601 ], [ -78.323298987822099, 44.271594682594298 ], [ -78.323258682835601, 44.2716098912394 ], [ -78.323194963897507, 44.271669169694697 ], [ -78.323171893562701, 44.271728128332299 ], [ -78.323172114018703, 44.2717318813758 ], [ -78.323169662476801, 44.271733827914701 ], [ -78.323154993886007, 44.271771313782601 ], [ -78.323134229437201, 44.2718277516787 ], [ -78.323110732428304, 44.271897203886297 ], [ -78.323099327002396, 44.271936168908297 ], [ -78.3230954316018, 44.271977762412398 ], [ -78.323089884826402, 44.271979026873296 ], [ -78.323065693460805, 44.272012291259799 ], [ -78.322984823644205, 44.272123492672698 ], [ -78.322929402609901, 44.272212196826402 ], [ -78.3228461367015, 44.272316802296103 ], [ -78.322735241351594, 44.272456115558903 ], [ -78.322660280274604, 44.272503590221703 ], [ -78.322564287843704, 44.272589804021003 ], [ -78.322539739631594, 44.272632674932503 ], [ -78.3225212586309, 44.2726649513883 ], [ -78.322511442369404, 44.272763187664097 ], [ -78.322510658255695, 44.272769469444199 ], [ -78.322499660351397, 44.272857530024602 ], [ -78.3224958474365, 44.272901323025003 ], [ -78.322481747773693, 44.2730632734972 ], [ -78.322469825956603, 44.273160689734603 ], [ -78.3224445181379, 44.273387798068299 ], [ -78.322427639161504, 44.273594334602102 ], [ -78.322412591082099, 44.273666292251498 ], [ -78.322378153493602, 44.273740873143097 ], [ -78.322318125115501, 44.273860238729398 ], [ -78.322249679535801, 44.273976330567898 ], [ -78.322160061893001, 44.274134235327203 ], [ -78.322067946487493, 44.274252848942602 ], [ -78.321940134146303, 44.2743893283563 ], [ -78.321822631666905, 44.274514797793401 ], [ -78.321725682828102, 44.2746245703933 ], [ -78.321594803781096, 44.274721769295397 ], [ -78.321480513378305, 44.274880633159803 ], [ -78.321337926672598, 44.274993089599597 ], [ -78.321319489903104, 44.2750076295399 ], [ -78.321317156345302, 44.275008933304697 ], [ -78.321052530058495, 44.275156755950498 ], [ -78.320846905455596, 44.275322706224699 ], [ -78.320641454388095, 44.275484814193497 ], [ -78.320475237185804, 44.275603461585902 ], [ -78.320458861906104, 44.275615149969603 ], [ -78.320281020690302, 44.275758673575403 ], [ -78.320141628987599, 44.275880791500398 ], [ -78.319952594884896, 44.2759878965146 ], [ -78.3198343399756, 44.276068969530797 ], [ -78.319783757275303, 44.276128551761303 ], [ -78.3197425472232, 44.2761770933215 ], [ -78.319717036828095, 44.276193186446399 ], [ -78.319534075279194, 44.276304215427402 ], [ -78.319467564030006, 44.276355950244401 ], [ -78.319433098967494, 44.2763877157889 ], [ -78.319206780148406, 44.276548527149998 ], [ -78.319203168565096, 44.276551092760499 ], [ -78.319037081494201, 44.276647965983798 ], [ -78.318965332587098, 44.276703256940102 ], [ -78.3188653424059, 44.276780308731801 ], [ -78.318853991082605, 44.2767890566289 ], [ -78.3186671669948, 44.2769415981778 ], [ -78.318551103709893, 44.2770450302963 ], [ -78.318498376049305, 44.277089275684602 ], [ -78.318380776526297, 44.277187957666499 ], [ -78.318221228726003, 44.277305753696801 ], [ -78.3180956974483, 44.277428963553497 ], [ -78.317984084302907, 44.277506191623999 ], [ -78.317975333970296, 44.277512245683901 ], [ -78.317882428038004, 44.277587411309902 ], [ -78.3178629855731, 44.277603140632401 ], [ -78.317788984097405, 44.277643174862902 ], [ -78.317784703665794, 44.277644739804103 ], [ -78.317677747712494, 44.277719155590802 ], [ -78.317518176379295, 44.2778138722663 ], [ -78.317507127985905, 44.2778198659841 ], [ -78.3173753491632, 44.277891348415103 ], [ -78.317318367453197, 44.277922258243798 ], [ -78.317196260785195, 44.277970159842901 ], [ -78.316981444182503, 44.278125886695598 ], [ -78.316920225279006, 44.278152420395898 ], [ -78.316891358832294, 44.278164931904698 ], [ -78.3167979355878, 44.278205423657703 ], [ -78.316732754794003, 44.278240307864102 ], [ -78.316727803317903, 44.278242958035101 ], [ -78.316646479730593, 44.278286481742803 ], [ -78.3165052998894, 44.2783770135823 ], [ -78.316461342341498, 44.278417247273502 ], [ -78.316431554250599, 44.278444513310298 ], [ -78.316288013676697, 44.278610377107299 ], [ -78.316219510404807, 44.2787006312087 ], [ -78.316161778447693, 44.278790728891501 ], [ -78.316127450677499, 44.278844304155001 ], [ -78.316057956269603, 44.278902140043499 ], [ -78.316010588929103, 44.278941560555303 ], [ -78.316011659213501, 44.278941585720801 ], [ -78.3156708441295, 44.279277432130797 ], [ -78.315591118283606, 44.279352562798202 ], [ -78.315529873953693, 44.279410277274899 ], [ -78.315433699728302, 44.279476480045098 ], [ -78.315352519201994, 44.279566113166403 ], [ -78.315249929771596, 44.279679089338899 ], [ -78.315194786286398, 44.2797377951862 ], [ -78.315155579504307, 44.279790606290703 ], [ -78.315096965201207, 44.2798401142107 ], [ -78.314996721217994, 44.279901605142399 ], [ -78.314947243416, 44.279968738421701 ], [ -78.3148697233391, 44.280046544778301 ], [ -78.314826938138594, 44.280089488240698 ], [ -78.314768097283107, 44.280148545339301 ], [ -78.314659624288396, 44.280237003862098 ], [ -78.314647987199905, 44.2802464936455 ], [ -78.314453461991903, 44.280426540554302 ], [ -78.3143474574116, 44.280507149683501 ], [ -78.314345168734903, 44.280508890095902 ], [ -78.314300386989601, 44.280542943825999 ], [ -78.314187077547004, 44.280632589906403 ], [ -78.314016238777597, 44.280786268678099 ], [ -78.3139256028104, 44.280871832271401 ], [ -78.313867791915101, 44.280942013593403 ], [ -78.313790112856296, 44.281001726122099 ], [ -78.313715992466598, 44.281053830346202 ], [ -78.313626829255696, 44.281154044411998 ], [ -78.313524846617199, 44.281230109171403 ], [ -78.313360545416103, 44.281404711176798 ], [ -78.3132271923714, 44.281534654640502 ], [ -78.313152949515796, 44.281612910561101 ], [ -78.313085277520898, 44.281710964322798 ], [ -78.312998951993706, 44.281836042007598 ], [ -78.312928450960698, 44.281909946575098 ], [ -78.312829853627406, 44.281975677748001 ], [ -78.312820983147603, 44.281981591735999 ], [ -78.312798291936502, 44.282001993582703 ], [ -78.312781086710103, 44.282027516627601 ], [ -78.312744685846397, 44.282055656830302 ], [ -78.3127114164799, 44.282090230324101 ], [ -78.312610447422003, 44.282190934482401 ], [ -78.312549720550095, 44.282280495227702 ], [ -78.3125033774554, 44.282331496171899 ], [ -78.312432814608997, 44.282375990410301 ], [ -78.3123625671778, 44.282413568874503 ], [ -78.312303962998897, 44.282477576389297 ], [ -78.312241396597599, 44.282534567422097 ], [ -78.312195179816598, 44.282603938733601 ], [ -78.312173008461698, 44.282625269179803 ], [ -78.312132237258893, 44.282650464091297 ], [ -78.312100305567299, 44.282669712818603 ], [ -78.312021956195395, 44.282744024391 ], [ -78.311840356463506, 44.282922063708199 ], [ -78.311769037980298, 44.283006541892199 ], [ -78.311728091182104, 44.283069352536501 ], [ -78.311668029605798, 44.2831021594898 ], [ -78.311667207020804, 44.283102609163102 ], [ -78.311569864876802, 44.283147241913902 ], [ -78.311517484978495, 44.283228825937201 ], [ -78.311448971939498, 44.283335538493503 ], [ -78.311440738302494, 44.283343582130598 ], [ -78.311364764737803, 44.283417806955498 ], [ -78.311274541693606, 44.283494146651897 ], [ -78.311142826349496, 44.283634896256103 ], [ -78.311028122270599, 44.283778353854501 ], [ -78.310952505829206, 44.283839652485597 ], [ -78.310823043244298, 44.2839281665062 ], [ -78.310816546718897, 44.283932607587197 ], [ -78.310680305969697, 44.284078634609202 ], [ -78.310501573586905, 44.284287509080201 ], [ -78.310457246546306, 44.284348572291997 ], [ -78.310454989041105, 44.284351682685603 ], [ -78.310418336995298, 44.284402174672302 ], [ -78.310401782824101, 44.284434122682399 ], [ -78.310398439236394, 44.284458933044696 ], [ -78.310374290022693, 44.284542213421901 ], [ -78.310273826174196, 44.2846788215384 ], [ -78.310266964620993, 44.284688152410098 ], [ -78.310158858244293, 44.284865809564103 ], [ -78.310109812569905, 44.285010616229698 ], [ -78.310025054234103, 44.285201703744796 ], [ -78.310019342397894, 44.285210967165199 ], [ -78.309987402454595, 44.285205432187801 ], [ -78.309942822028106, 44.285290539299801 ], [ -78.309914371841202, 44.2853457456103 ], [ -78.309752468842007, 44.285659915195403 ], [ -78.309670811902095, 44.285792108084102 ], [ -78.309651534532406, 44.285819232015697 ], [ -78.309626633126896, 44.285854270092898 ], [ -78.309431179147197, 44.286129284796601 ], [ -78.309368866073797, 44.286250898677302 ], [ -78.309100974058893, 44.286653062364998 ], [ -78.309068790229404, 44.286724614144497 ], [ -78.309061967520194, 44.2867390927561 ], [ -78.309037957610201, 44.286790043454999 ], [ -78.309012714693296, 44.286831057501502 ], [ -78.308982239402297, 44.286861039499698 ], [ -78.308927100643302, 44.286895896640601 ], [ -78.308843866673698, 44.2869831682819 ], [ -78.308519705638005, 44.2873978502451 ], [ -78.308459867451603, 44.287375166604399 ], [ -78.308441807945798, 44.287368320876503 ], [ -78.308409028425402, 44.287406010597799 ], [ -78.308427213479106, 44.287413701953099 ], [ -78.308489925450999, 44.287440227344703 ], [ -78.308445131342296, 44.287484285949098 ], [ -78.308437223435504, 44.287492063358897 ], [ -78.308406899455505, 44.287522888728603 ], [ -78.308037774303102, 44.2878434282119 ], [ -78.307912430668907, 44.2879528864759 ], [ -78.307682054771206, 44.288154062694701 ], [ -78.307551433120295, 44.288268129737197 ], [ -78.3075099605757, 44.288311440757802 ], [ -78.307441219548295, 44.288383227192099 ], [ -78.307426186277794, 44.288406299657296 ], [ -78.307410123005596, 44.288430956623699 ], [ -78.307354936861202, 44.288540211880999 ], [ -78.307317545296499, 44.288614243906203 ], [ -78.307369367342801, 44.288643080620901 ], [ -78.307276830804696, 44.288746287169303 ], [ -78.307262764032799, 44.288740047702198 ], [ -78.307258678189299, 44.2887401286726 ], [ -78.307183060758106, 44.288705384703199 ], [ -78.307086732966297, 44.288851806904297 ], [ -78.3070535772612, 44.288887598564799 ], [ -78.307042797858102, 44.288899234251303 ], [ -78.306994918551098, 44.288999066528099 ], [ -78.306983685838105, 44.289038130233102 ], [ -78.306972561899698, 44.289076815684901 ], [ -78.306897664669904, 44.289215823555899 ], [ -78.306848641606706, 44.289280823076702 ], [ -78.306859741553197, 44.289295701000498 ], [ -78.306858545628202, 44.289321853811899 ], [ -78.3068580548547, 44.289332586168101 ], [ -78.306828869862102, 44.289361898502698 ], [ -78.306821638029305, 44.289365871863097 ], [ -78.306804702103804, 44.2893751754916 ], [ -78.306733213019797, 44.289419056406402 ], [ -78.306728671187699, 44.289421844542602 ], [ -78.306656987020602, 44.289514003693398 ], [ -78.306516091779798, 44.289667608661098 ], [ -78.306471029741402, 44.289739624629298 ], [ -78.306470378120807, 44.2897773030517 ], [ -78.306486475249301, 44.289799990915803 ], [ -78.306508535773006, 44.289832821597201 ], [ -78.306516385274605, 44.2898717440399 ], [ -78.306517264932594, 44.289876105944003 ], [ -78.306491105868304, 44.289932258497998 ], [ -78.3064757243081, 44.289957283421998 ], [ -78.306442541247193, 44.290011271599703 ], [ -78.306393235407597, 44.290117777925701 ], [ -78.306344683293304, 44.290222653603401 ], [ -78.306317573082197, 44.2903083353388 ], [ -78.306325143562802, 44.290376977531103 ], [ -78.306336782559399, 44.290450332363697 ], [ -78.306350001950094, 44.290489107848401 ], [ -78.306358023114399, 44.2904990381532 ], [ -78.306365220946304, 44.290521324268099 ], [ -78.306460579726405, 44.290816597391498 ], [ -78.306462774685897, 44.2910440984407 ], [ -78.3064863618104, 44.291066963942299 ], [ -78.306499651714006, 44.291104202493301 ], [ -78.306499963878693, 44.291144211066701 ], [ -78.306524636471195, 44.291190179031197 ], [ -78.306546206898702, 44.2912111549619 ], [ -78.306559499598904, 44.2912240806304 ], [ -78.306585592980596, 44.2912623892204 ], [ -78.306584304290396, 44.291266339847397 ], [ -78.306566909564907, 44.291319643661701 ], [ -78.306552347385406, 44.291367825100799 ], [ -78.306549477754601, 44.291377320154297 ], [ -78.306547980101996, 44.2913822768637 ], [ -78.306533382160296, 44.291423785486799 ], [ -78.306527248833902, 44.2914412241158 ], [ -78.306523423568905, 44.291452101054603 ], [ -78.306480640711897, 44.291534761672203 ], [ -78.306455357163898, 44.291567972342797 ], [ -78.306399769586704, 44.291640981375203 ], [ -78.306326161307993, 44.291689362920899 ], [ -78.3062598767102, 44.2917570319755 ], [ -78.306183822980799, 44.291827548499903 ], [ -78.3061373379728, 44.291907223616299 ], [ -78.306066855392999, 44.291992177874398 ], [ -78.306053458494901, 44.2920083251053 ], [ -78.306007278846195, 44.292071728525997 ], [ -78.305931853829605, 44.292175281954201 ], [ -78.305838004241096, 44.292293252371202 ], [ -78.305755966433495, 44.292377472756201 ], [ -78.305712238464693, 44.292420288721203 ], [ -78.305650567693803, 44.292457296577702 ], [ -78.305616554964004, 44.292507315385997 ], [ -78.305510381416397, 44.292618608946803 ], [ -78.3053784917428, 44.2927624247097 ], [ -78.305363149512203, 44.292780864859701 ], [ -78.305215288306101, 44.292958579716696 ], [ -78.305137001995504, 44.2930544279873 ], [ -78.305060763977096, 44.293175710627601 ], [ -78.304987626098097, 44.2932787376294 ], [ -78.304973756243101, 44.293298276617797 ], [ -78.304881821260807, 44.2934114947425 ], [ -78.304863959726703, 44.293455093053403 ], [ -78.304820328994396, 44.293561587691599 ], [ -78.304768227579999, 44.293663885965103 ], [ -78.304732345028995, 44.293775672597597 ], [ -78.304725308385798, 44.293824795815397 ], [ -78.3047229006621, 44.2938416065886 ], [ -78.304720769236795, 44.293911559244997 ], [ -78.304714479175303, 44.293927584231902 ], [ -78.3046977330646, 44.293970248253501 ], [ -78.304691399391899, 44.293992921668902 ], [ -78.304688766957, 44.294002345748702 ], [ -78.304658036591306, 44.294018543563602 ], [ -78.304623096869904, 44.294033103397702 ], [ -78.304583791734402, 44.294026021867197 ], [ -78.304580955295094, 44.2940334398074 ], [ -78.304563106280298, 44.294080150626399 ], [ -78.304525479114801, 44.2941300333299 ], [ -78.304476800860698, 44.294187347938603 ], [ -78.304450117782196, 44.294232104486497 ], [ -78.304384130685605, 44.2942697785547 ], [ -78.304361848887794, 44.294288129408599 ], [ -78.304349626864195, 44.294298194886203 ], [ -78.304330643581594, 44.294338517510397 ], [ -78.304307937381694, 44.2944133688313 ], [ -78.304300344991901, 44.294422927845602 ], [ -78.304297373542099, 44.294426667651699 ], [ -78.304286344162506, 44.294440552361699 ], [ -78.3042591543622, 44.294472989184897 ], [ -78.304251507566505, 44.294485789715203 ], [ -78.304230155234293, 44.294521536973498 ], [ -78.304203381438001, 44.294591676479399 ], [ -78.304198912995403, 44.2946019124511 ], [ -78.304180016922004, 44.294645199025098 ], [ -78.304173467511802, 44.294660203241101 ], [ -78.304142941514201, 44.294718716142498 ], [ -78.304113766267207, 44.294771105731002 ], [ -78.304081085214506, 44.294806489071902 ], [ -78.304065212475706, 44.294834222692799 ], [ -78.304051980192398, 44.294857342626301 ], [ -78.304028803459602, 44.2949191053237 ], [ -78.304026968659599, 44.294923835266502 ], [ -78.304009656250301, 44.294968446612202 ], [ -78.304005730956206, 44.294978563063196 ], [ -78.303990793539498, 44.295007302768497 ], [ -78.303976606596294, 44.295034599044698 ], [ -78.303970987375095, 44.295045410113197 ], [ -78.303966448509399, 44.2950541436471 ], [ -78.303961098747806, 44.295064435316597 ], [ -78.303949395067093, 44.295078916255797 ], [ -78.303920224796798, 44.295115009964398 ], [ -78.303848859368102, 44.2952233293924 ], [ -78.303831815102697, 44.295256659348503 ], [ -78.303805331257806, 44.295308457921998 ], [ -78.303687825918104, 44.295488766615698 ], [ -78.303673111472406, 44.295513205511199 ], [ -78.303537125001398, 44.295739061921303 ], [ -78.303474753563904, 44.295861440751203 ], [ -78.303427628014305, 44.295954946763302 ], [ -78.303401591542595, 44.296008949784799 ], [ -78.303384535803005, 44.296053932604501 ], [ -78.303370514546501, 44.296102833999001 ], [ -78.303352213384898, 44.2961516351819 ], [ -78.303335700246606, 44.296208169682302 ], [ -78.303324170739103, 44.296249437956199 ], [ -78.303322516634196, 44.2962855540652 ], [ -78.3033239662238, 44.296324050911501 ], [ -78.303343464999799, 44.296366052212598 ], [ -78.303370557279194, 44.296405924586502 ], [ -78.303384692155703, 44.296424720522303 ], [ -78.303386712725597, 44.296434739741301 ], [ -78.303394953983101, 44.296440390120701 ], [ -78.303384175566705, 44.296478094835102 ], [ -78.303391118627701, 44.296494875298897 ], [ -78.303389746105594, 44.296524843755897 ], [ -78.303383129935298, 44.296552380922599 ], [ -78.303363814927494, 44.296576540937401 ], [ -78.303346296640598, 44.296589442199199 ], [ -78.303331321178504, 44.296614616709398 ], [ -78.303297095079998, 44.296672150677502 ], [ -78.303206536993798, 44.2972699567893 ], [ -78.3032400292186, 44.297326925432699 ], [ -78.303242144713593, 44.2973464214258 ], [ -78.303236444019305, 44.297361411422301 ], [ -78.303212349548204, 44.297383889306403 ], [ -78.303234354726399, 44.297494603265903 ], [ -78.303203122678397, 44.297585333676899 ], [ -78.303207261273599, 44.297692024413898 ], [ -78.303190527985706, 44.297794620923199 ], [ -78.303196630412401, 44.297946011860397 ], [ -78.303217825221296, 44.297986845070803 ], [ -78.303217904270298, 44.298007013172999 ], [ -78.303216816801395, 44.298030754829 ], [ -78.303220738080995, 44.298054614819101 ], [ -78.3032507311773, 44.298122304124902 ], [ -78.303270944124407, 44.298140787225499 ], [ -78.303290030062598, 44.298227664848703 ], [ -78.303292013780407, 44.298250038615798 ], [ -78.303433393158898, 44.298469445391397 ], [ -78.303588191825597, 44.2986486672634 ], [ -78.303745696065604, 44.298719451295398 ], [ -78.303777824906703, 44.298731108071998 ], [ -78.303809958852, 44.298742763159503 ], [ -78.3038564859541, 44.298751028351802 ], [ -78.303905281811396, 44.298750045437103 ], [ -78.303955863065596, 44.298744538459502 ], [ -78.304006265077604, 44.298735663786502 ], [ -78.304059612242298, 44.298725024783501 ], [ -78.3041080150591, 44.298704536973297 ], [ -78.304112599710706, 44.298699628001501 ], [ -78.304140074610103, 44.298670210299001 ], [ -78.304144581988496, 44.298678076250098 ], [ -78.304149335661606, 44.2986728705758 ], [ -78.304174092210303, 44.298623453802698 ], [ -78.304205796558406, 44.298562661342302 ], [ -78.304233727228294, 44.298514088355901 ], [ -78.304257991077407, 44.298475429056303 ], [ -78.3042734976232, 44.298464256397502 ], [ -78.304302351901697, 44.298465706662498 ], [ -78.304343045912802, 44.298465898848598 ], [ -78.304391088623404, 44.2984693408129 ], [ -78.304419485503402, 44.298480781438201 ], [ -78.304440969851996, 44.298502827947402 ], [ -78.304473132985507, 44.298548974099198 ], [ -78.304486634203101, 44.298581601210401 ], [ -78.304498418784803, 44.298604958129701 ], [ -78.304608897674996, 44.298620907283102 ], [ -78.304969139120601, 44.2987233554583 ], [ -78.305062064491807, 44.298763657285001 ], [ -78.305086201386899, 44.298751149697203 ], [ -78.305159854245801, 44.298756734544398 ], [ -78.305216420881095, 44.298761147135799 ], [ -78.305261430343606, 44.298760671135597 ], [ -78.305309543710706, 44.298762575805299 ], [ -78.305365218072495, 44.298763121269999 ], [ -78.305404595499695, 44.2987686665616 ], [ -78.305439342486395, 44.298781794510802 ], [ -78.305467423219596, 44.298800150551898 ], [ -78.305489203726694, 44.298839128185499 ], [ -78.305487690227494, 44.298872170482603 ], [ -78.305472445535898, 44.298901042656198 ], [ -78.3054466192973, 44.298950434459599 ], [ -78.305429987407294, 44.298986197020703 ], [ -78.305422160571098, 44.299016781969001 ], [ -78.305426103173303, 44.299047646549397 ], [ -78.305436713377404, 44.299073282160997 ], [ -78.305455846015505, 44.299099888689703 ], [ -78.305487538747599, 44.299132946006999 ], [ -78.305546663844098, 44.299175112578197 ], [ -78.305591844235806, 44.299217719696301 ], [ -78.305667469934505, 44.2992971997067 ], [ -78.305768636867995, 44.299380360574901 ], [ -78.305856420682105, 44.299451665713399 ], [ -78.305944767304297, 44.299510676363901 ], [ -78.306013380786496, 44.299556143783597 ], [ -78.306111288291007, 44.299616917626103 ], [ -78.306190779327096, 44.299658795661998 ], [ -78.3062681995346, 44.299699085297597 ], [ -78.306360847543004, 44.299734350563703 ], [ -78.306423272897902, 44.299751208513598 ], [ -78.306511485671095, 44.299766367516497 ], [ -78.306627446417707, 44.299783719761699 ], [ -78.306800187206306, 44.299800873004003 ], [ -78.306957632599904, 44.299824588264201 ], [ -78.307134337421601, 44.299848757661799 ], [ -78.307231496154301, 44.299855665438699 ], [ -78.307382520457793, 44.2998792286362 ], [ -78.307532371283898, 44.299905072267201 ], [ -78.307621231044806, 44.299929477124898 ], [ -78.307711021012906, 44.299956980104 ], [ -78.307783113067501, 44.299973296471599 ], [ -78.307821562723603, 44.2999757418957 ], [ -78.307899673266107, 44.299977584120398 ], [ -78.307974081145005, 44.299990108996397 ], [ -78.308078483910606, 44.300002571457298 ], [ -78.308161977953603, 44.300003770723002 ], [ -78.3082175481956, 44.300006619753297 ], [ -78.308293412059101, 44.300010717040898 ], [ -78.3083407031164, 44.300007216477397 ], [ -78.308395905383307, 44.299994670989399 ], [ -78.308448605476997, 44.2999722543423 ], [ -78.3085126849804, 44.299944996909097 ], [ -78.308546375468396, 44.299936678680197 ], [ -78.308580685577198, 44.299935948191298 ], [ -78.308616206784606, 44.299932170897399 ], [ -78.308650832999604, 44.299924525601497 ], [ -78.308690359377394, 44.299907476287501 ], [ -78.308712109155394, 44.2998980950346 ], [ -78.308722630190402, 44.2998769857927 ], [ -78.308726929890497, 44.2998532396984 ], [ -78.3087215986383, 44.299829267432798 ], [ -78.3087278263705, 44.299810182522499 ], [ -78.308734878874304, 44.2997965016216 ], [ -78.308754278688198, 44.299793881861703 ], [ -78.308782204848995, 44.299792232860199 ], [ -78.308803744762102, 44.299789662648102 ], [ -78.308808585595003, 44.299777469974899 ], [ -78.308815973737794, 44.299733026372799 ], [ -78.308817749567297, 44.299670758183801 ], [ -78.308820575262303, 44.299632362216499 ], [ -78.308839042872194, 44.299625041718002 ], [ -78.308872567667095, 44.299619739919201 ], [ -78.308903420895405, 44.299624315098598 ], [ -78.308917944663193, 44.299634657796098 ], [ -78.308921783813503, 44.299667826329099 ], [ -78.308925288615896, 44.299731757589001 ], [ -78.308931163687603, 44.299767282432498 ], [ -78.308948194481502, 44.2997930690847 ], [ -78.308972030628595, 44.2998105535561 ], [ -78.308990553533604, 44.299827145726297 ], [ -78.309019459449999, 44.299850904909199 ], [ -78.309072081744603, 44.299871376293297 ], [ -78.309129946929104, 44.299894280461103 ], [ -78.309180464297796, 44.299913934236898 ], [ -78.309227735913197, 44.299934279415901 ], [ -78.309281603313494, 44.2999509349657 ], [ -78.309318702662793, 44.2999595023566 ], [ -78.309404810418698, 44.299973839763602 ], [ -78.309465308834802, 44.299986035801602 ], [ -78.309501757750496, 44.299985356348998 ], [ -78.309501302475994, 44.2999953459083 ], [ -78.309664468275599, 44.299987652816398 ], [ -78.3097459288946, 44.2999864955829 ], [ -78.309862663698496, 44.299986938450701 ], [ -78.309958385239895, 44.299978425178502 ], [ -78.310010061661998, 44.299972719856399 ], [ -78.310065158223594, 44.299962479381698 ], [ -78.310096538468599, 44.299955525991102 ], [ -78.310121254036204, 44.299953799202697 ], [ -78.310146793134706, 44.299957479080099 ], [ -78.310160562519897, 44.299960880702798 ], [ -78.310173086967296, 44.299968098975903 ], [ -78.310188891076194, 44.2999738568559 ], [ -78.310245494503704, 44.299977498081503 ], [ -78.310293505031694, 44.299981706538397 ], [ -78.310330674779607, 44.299988736683503 ], [ -78.310362458645102, 44.299996408747198 ], [ -78.310400346748196, 44.300011148673399 ], [ -78.3104256402045, 44.300020206364202 ], [ -78.310454390130005, 44.3000239609269 ], [ -78.3105070469407, 44.3000436636244 ], [ -78.310581648638404, 44.300075422208401 ], [ -78.310640093888793, 44.300109108404698 ], [ -78.310672789323206, 44.300143726479298 ], [ -78.310725639420994, 44.300182665372603 ], [ -78.310778016899107, 44.300208515665503 ], [ -78.310843303860807, 44.300233131490003 ], [ -78.310854863069693, 44.300238019535399 ], [ -78.310847057516597, 44.300244758786803 ], [ -78.310868035859698, 44.300254484458797 ], [ -78.310880659198205, 44.300245187579797 ], [ -78.310937094019806, 44.3002668804696 ], [ -78.310986332369893, 44.300291118140102 ], [ -78.311084579602294, 44.300321126006899 ], [ -78.311161917408896, 44.300339872123203 ], [ -78.311234221570203, 44.300351575578802 ], [ -78.311330662065899, 44.300350770066999 ], [ -78.311431734930395, 44.300342380704997 ], [ -78.311525455922805, 44.300330741846601 ], [ -78.311676730705003, 44.300301995490599 ], [ -78.311784100394306, 44.3002729846962 ], [ -78.311844511486896, 44.300263637358697 ], [ -78.311898187750202, 44.300261055427796 ], [ -78.311949863023699, 44.300255349199396 ], [ -78.3120062758546, 44.300239753319097 ], [ -78.312080193947196, 44.3002161088083 ], [ -78.312122397965695, 44.300183254852698 ], [ -78.312156797049795, 44.3001480132165 ], [ -78.312170004757107, 44.300125911793003 ], [ -78.312177546398502, 44.300101473068104 ], [ -78.312195361155105, 44.300083377427903 ], [ -78.312256218613001, 44.300044092626202 ], [ -78.312300351988597, 44.300015899759401 ], [ -78.312339397054899, 44.300005280237102 ], [ -78.312397580544001, 44.299974340998197 ], [ -78.312453361277704, 44.299925652889101 ], [ -78.312481110558494, 44.299880919601101 ], [ -78.312512035425996, 44.299837030810103 ], [ -78.312545065255406, 44.299793960406802 ], [ -78.312592863777894, 44.299755853425403 ], [ -78.312643082925305, 44.299711649109803 ], [ -78.312695052062395, 44.299657089556703 ], [ -78.312748505021602, 44.299600971418997 ], [ -78.312811877560307, 44.299534440985603 ], [ -78.312856500701599, 44.299471279115998 ], [ -78.312918804765502, 44.299420435126301 ], [ -78.312983090818904, 44.299352997012797 ], [ -78.313047471562001, 44.299285458459501 ], [ -78.313108839395198, 44.299246440889497 ], [ -78.3131456039265, 44.2991919193501 ], [ -78.313178808245993, 44.299145006876302 ], [ -78.313199277478006, 44.2990954863211 ], [ -78.313245761761607, 44.299047479274797 ], [ -78.313314763066202, 44.298958968404499 ], [ -78.313383373119393, 44.298888778851399 ], [ -78.313468498598496, 44.298801695313102 ], [ -78.313533505320294, 44.298735192127303 ], [ -78.313635501011305, 44.298630848340601 ], [ -78.313687896157305, 44.298551579404702 ], [ -78.313714819845799, 44.298501441811197 ], [ -78.313739216553202, 44.298459706460399 ], [ -78.313791744535195, 44.298408511283597 ], [ -78.313866277576693, 44.298351153843498 ], [ -78.313912845540997, 44.298293016753902 ], [ -78.313973920101802, 44.298222143557197 ], [ -78.313995247343996, 44.2981772587694 ], [ -78.314041588601796, 44.2981475785962 ], [ -78.314086683876894, 44.298121715975803 ], [ -78.314144040574504, 44.298085371813499 ], [ -78.314184500957595, 44.298045064961499 ], [ -78.3142040600695, 44.2979906261873 ], [ -78.314230246913496, 44.297956625728297 ], [ -78.314261920538101, 44.297926663369203 ], [ -78.314309485197896, 44.297881670223703 ], [ -78.314364372876398, 44.297810544112998 ], [ -78.314403380436801, 44.297753767514102 ], [ -78.314435003739504, 44.2976945088569 ], [ -78.314446350562903, 44.297657082050399 ], [ -78.314460767820506, 44.297622803732402 ], [ -78.314502248427999, 44.2975822407804 ], [ -78.314537450544293, 44.297538451151198 ], [ -78.314564531083505, 44.2975083185285 ], [ -78.314576983473401, 44.297470147979297 ], [ -78.314582139668701, 44.297451037531403 ], [ -78.314603966816605, 44.297437912710301 ], [ -78.314632303114195, 44.297431448229197 ], [ -78.314667717420207, 44.297429973044501 ], [ -78.3147015161464, 44.2974169218719 ], [ -78.3147627820656, 44.297365283595099 ], [ -78.314818716521103, 44.297336598511798 ], [ -78.314870265842501, 44.297310117662299 ], [ -78.3149406350948, 44.297270233200599 ], [ -78.315000076047497, 44.2972116287239 ], [ -78.315040185118605, 44.2971817754364 ], [ -78.315083231814697, 44.297149736033802 ], [ -78.315132411234401, 44.297104737306597 ], [ -78.315179136505407, 44.297066603977903 ], [ -78.315250979524293, 44.297041369110403 ], [ -78.315350991216107, 44.297009104720999 ], [ -78.315418853925195, 44.297000700473198 ], [ -78.315456073053198, 44.296983113789203 ], [ -78.3155150760373, 44.296957576780201 ], [ -78.315550770298898, 44.296949954499702 ], [ -78.315582114540405, 44.296943768484702 ], [ -78.315608108266701, 44.296937455733897 ], [ -78.315686739527195, 44.296927765991498 ], [ -78.3157579165116, 44.296917132066 ], [ -78.315820234961194, 44.296889365448997 ], [ -78.315873888367094, 44.296863703358603 ], [ -78.3159433807038, 44.296843028507297 ], [ -78.316012188948406, 44.296813875808503 ], [ -78.316094115895993, 44.296778877217498 ], [ -78.316152804386903, 44.296760256526198 ], [ -78.316169887798907, 44.296761427928999 ], [ -78.316213825241704, 44.296760922396103 ], [ -78.316240434059793, 44.2967646251589 ], [ -78.316290966552202, 44.296760427763097 ], [ -78.316343884121906, 44.296750902752201 ], [ -78.316384857436006, 44.296744941998298 ], [ -78.316440600300695, 44.296743945084799 ], [ -78.316470278351503, 44.296750797102803 ], [ -78.316544404130894, 44.296769463159599 ], [ -78.316706529952597, 44.296807891012598 ], [ -78.316780375682598, 44.296832705538499 ], [ -78.316846555924101, 44.296861184922697 ], [ -78.316905283211995, 44.296888720245803 ], [ -78.316937190253995, 44.296917163704002 ], [ -78.317000251458794, 44.296967109754 ], [ -78.317026669251504, 44.296998500416599 ], [ -78.317055527248797, 44.297046873667597 ], [ -78.317084226360095, 44.297075241684603 ], [ -78.317104259305196, 44.297105713422098 ], [ -78.317120662733402, 44.297145331307199 ], [ -78.317127400645603, 44.297185490854901 ], [ -78.3171256700507, 44.297246991430498 ], [ -78.317107995001194, 44.297329967917399 ], [ -78.317092914279598, 44.297400766988901 ], [ -78.317092352825298, 44.2974034051133 ], [ -78.317077378948198, 44.297473701636903 ], [ -78.317111643779896, 44.297531288465002 ], [ -78.317122908056106, 44.297566169830198 ], [ -78.317113544630104, 44.297609239654797 ], [ -78.317092782343394, 44.297663158202901 ], [ -78.317045521984795, 44.297701496704299 ], [ -78.317028272502796, 44.297715489423503 ], [ -78.316932054052899, 44.297805539697698 ], [ -78.316869758995693, 44.297903310431799 ], [ -78.316851127606, 44.297994193144703 ], [ -78.316837581494099, 44.298021789668098 ], [ -78.316815886249003, 44.298051280580097 ], [ -78.3167999806343, 44.298094754765899 ], [ -78.316748029923701, 44.298153536247497 ], [ -78.316665594781199, 44.298223139964499 ], [ -78.316603149664502, 44.298264636908698 ], [ -78.316573915268705, 44.298284063682999 ], [ -78.316469905653094, 44.298357006064002 ], [ -78.316405309210694, 44.298434721843599 ], [ -78.316290583751197, 44.298531259608097 ], [ -78.316267167497699, 44.298555677393701 ], [ -78.316175876476095, 44.298650874521499 ], [ -78.316142510857901, 44.298680897558803 ], [ -78.316074234379201, 44.298742335112301 ], [ -78.315977030655603, 44.2988538996592 ], [ -78.315889667545804, 44.298961080690198 ], [ -78.315846855479904, 44.299030846672103 ], [ -78.3157456109424, 44.299191316351397 ], [ -78.315732552893905, 44.299212011877401 ], [ -78.315684864762005, 44.299294739674998 ], [ -78.315654280243194, 44.299401716243203 ], [ -78.315665667312601, 44.2994573718534 ], [ -78.315677738451399, 44.299521504365003 ], [ -78.315666851923893, 44.299600339609803 ], [ -78.315641877056194, 44.299673744367503 ], [ -78.315603693465107, 44.299735925317201 ], [ -78.315546040102006, 44.299802265003997 ], [ -78.315492895274701, 44.299887171799597 ], [ -78.315431419637704, 44.299990345549702 ], [ -78.315366575930298, 44.300073439468598 ], [ -78.315277263067102, 44.300199805897201 ], [ -78.3151940873678, 44.300285544800097 ], [ -78.315131942523095, 44.300356394355802 ], [ -78.315031156206103, 44.3004524889446 ], [ -78.314961556333401, 44.300522393310402 ], [ -78.314907270452593, 44.300608811557701 ], [ -78.314836654691007, 44.300747925143902 ], [ -78.314798313428597, 44.300837026723897 ], [ -78.314791867565305, 44.300920052693897 ], [ -78.314759205001195, 44.301036884071202 ], [ -78.314755023278707, 44.301092229330003 ], [ -78.314745859223393, 44.301213517992103 ], [ -78.314737800144599, 44.301320172516299 ], [ -78.314722468586893, 44.301349109599002 ], [ -78.314663546834097, 44.301349262044802 ], [ -78.314675984888794, 44.301381862932899 ], [ -78.314672359826801, 44.301433384295997 ], [ -78.314665766234995, 44.301527090376801 ], [ -78.314621843642897, 44.301605982872097 ], [ -78.3145769646395, 44.301664918891497 ], [ -78.314564872374703, 44.301680799802298 ], [ -78.314496867531403, 44.301786126824801 ], [ -78.314453471718195, 44.301845108491797 ], [ -78.314407795438598, 44.3019071136384 ], [ -78.314394272455402, 44.301945258055902 ], [ -78.314444564087495, 44.301946441283803 ], [ -78.314441888239301, 44.301997924648902 ], [ -78.314434178987497, 44.302146193719103 ], [ -78.314414138836298, 44.3022141973752 ], [ -78.314410115256393, 44.302294095113403 ], [ -78.314405587068293, 44.3023840091751 ], [ -78.314413058902204, 44.302425719293502 ], [ -78.314372645737393, 44.3025132333862 ], [ -78.314351631735406, 44.302598126737202 ], [ -78.314321411930393, 44.3026735729376 ], [ -78.314304977242401, 44.302728572258097 ], [ -78.314303565386197, 44.302762375986298 ], [ -78.314315468124903, 44.302780360003503 ], [ -78.314328256803407, 44.302805277198097 ], [ -78.314359867431094, 44.302816790958197 ], [ -78.314418248761299, 44.302852011381098 ], [ -78.314477084597499, 44.302877243079998 ], [ -78.314527939708796, 44.302913056115798 ], [ -78.314648981874896, 44.302983599236399 ], [ -78.314699432485696, 44.303004786667202 ], [ -78.314750777351094, 44.303029841099899 ], [ -78.314804564497905, 44.3030718772862 ], [ -78.314858033760601, 44.303120829106398 ], [ -78.314894698258698, 44.303162462463902 ], [ -78.314912890097105, 44.303209815577901 ], [ -78.314940030811599, 44.3032489174795 ], [ -78.314986167580599, 44.303270772146703 ], [ -78.315038477101496, 44.303298157452801 ], [ -78.315076494175798, 44.303333669166797 ], [ -78.315120316602105, 44.3034062405142 ], [ -78.315142634404594, 44.303480614348103 ], [ -78.315164826550998, 44.303534215810899 ], [ -78.315182828958697, 44.303609257871599 ], [ -78.3151853750377, 44.303670858050701 ], [ -78.315165836218796, 44.303723477965299 ], [ -78.315129175666698, 44.303775694254597 ], [ -78.315089462255202, 44.303847840196497 ], [ -78.315048610448201, 44.3039214970212 ], [ -78.315018545532496, 44.303970023327999 ], [ -78.315013897861505, 44.304005018537602 ], [ -78.315036546648003, 44.304045064476597 ], [ -78.315053688585195, 44.304115470588201 ], [ -78.315071566620304, 44.3041697394262 ], [ -78.315065145492994, 44.304214811144398 ], [ -78.315029244514406, 44.3043225960039 ], [ -78.314985286427799, 44.304393872322599 ], [ -78.314977586288407, 44.304450628363099 ], [ -78.314977271257803, 44.304452147823902 ], [ -78.314954575230701, 44.304527001413 ], [ -78.3149472535234, 44.304581616488797 ], [ -78.314937704812294, 44.304652841518603 ], [ -78.314885051052201, 44.304876918145503 ], [ -78.314856214382701, 44.304945472963702 ], [ -78.314806605993297, 44.304999692871398 ], [ -78.3147717160832, 44.3050365667428 ], [ -78.314756712611299, 44.305063483206602 ], [ -78.314728546163906, 44.305114015793698 ], [ -78.314698727613305, 44.305204086613998 ], [ -78.314665716949307, 44.305317160947602 ], [ -78.314667124630304, 44.3054271980876 ], [ -78.314634515424103, 44.305507972689703 ], [ -78.314553981026094, 44.305606081786202 ], [ -78.314491601825907, 44.305705387695902 ], [ -78.3144405900496, 44.3057903441075 ], [ -78.314398339389896, 44.305848639639699 ], [ -78.314306832327105, 44.305974896852902 ], [ -78.314236523515902, 44.306060168876797 ], [ -78.314154601277295, 44.306165169061899 ], [ -78.314103607370498, 44.306273204350802 ], [ -78.313920886901997, 44.306521221932101 ], [ -78.313832086617495, 44.306636059406202 ], [ -78.313767056290203, 44.306722994821598 ], [ -78.313556632441006, 44.306991130149598 ], [ -78.313409449345102, 44.307211520077601 ], [ -78.313345646087697, 44.307318484687002 ], [ -78.3132419490058, 44.307407585940702 ], [ -78.313158410166196, 44.307501007579702 ], [ -78.313084202967403, 44.307577725401998 ], [ -78.312976645660797, 44.307704429254699 ], [ -78.312934050917804, 44.307792661149399 ], [ -78.312884877597298, 44.307860736701002 ], [ -78.312798932009898, 44.307936409163098 ], [ -78.312667585014296, 44.308067937223598 ], [ -78.312579198220803, 44.3081802833563 ], [ -78.312561816616494, 44.308202375659199 ], [ -78.3124590992078, 44.308316884368899 ], [ -78.312376047624696, 44.308446472925297 ], [ -78.312250855454593, 44.308654302559802 ], [ -78.312175522580006, 44.308755609548101 ], [ -78.312072347186501, 44.308880107392802 ], [ -78.312011400304797, 44.308947906210399 ], [ -78.311962522837305, 44.308985987482401 ], [ -78.311872278229004, 44.309038479388597 ], [ -78.311818855608394, 44.309105685558997 ], [ -78.3117528035296, 44.309167978548999 ], [ -78.311706433707002, 44.309221503602203 ], [ -78.311678082386706, 44.309279299884402 ], [ -78.311680607443094, 44.309364747034401 ], [ -78.311656202378799, 44.309453406820303 ], [ -78.311657745301403, 44.309513445725301 ], [ -78.311636761548996, 44.309550645221002 ], [ -78.311606831217304, 44.309596095705999 ], [ -78.311548198995794, 44.309660101898999 ], [ -78.311495164052104, 44.309718855337799 ], [ -78.311460353387702, 44.30977726826 ], [ -78.3114206323866, 44.309849412675099 ], [ -78.311419316096902, 44.3099016913675 ], [ -78.311393050837296, 44.3099841520811 ], [ -78.311390524494897, 44.310039479417298 ], [ -78.311378977743104, 44.310151519699602 ], [ -78.311383027055896, 44.3102270024714 ], [ -78.311376130870002, 44.310307612887499 ], [ -78.311361901597706, 44.310361125993701 ], [ -78.311326162476902, 44.310416439853398 ], [ -78.311279195661697, 44.310483028082999 ], [ -78.311227982913607, 44.310548747440997 ], [ -78.311231349867896, 44.310615752437698 ], [ -78.3112514190952, 44.310645457167297 ], [ -78.311279187904503, 44.310663582940101 ], [ -78.311329806143206, 44.310664996711203 ], [ -78.311376315679396, 44.310655322201796 ], [ -78.3113861764365, 44.310627092208399 ], [ -78.311391020060697, 44.310567973475202 ], [ -78.311392266204393, 44.310517231709099 ], [ -78.311418410294706, 44.310460922093498 ], [ -78.311452901743706, 44.3104094248012 ], [ -78.311475919843701, 44.310374580669702 ], [ -78.311494639612107, 44.3103634827307 ], [ -78.311514079170095, 44.310360094608399 ], [ -78.311545728323495, 44.310370840311897 ], [ -78.311566833402395, 44.310401338220601 ], [ -78.311576604353604, 44.310445416339697 ], [ -78.311584778295796, 44.310547920829002 ], [ -78.311575548655895, 44.310609243679401 ], [ -78.311532896709295, 44.310675164800898 ], [ -78.311488208876199, 44.310832579910802 ], [ -78.311467052923703, 44.310911244766601 ], [ -78.311464977758604, 44.310918958976998 ], [ -78.311430257671503, 44.3109519889056 ], [ -78.311377658895097, 44.310977673677598 ], [ -78.311310393932899, 44.310996090738698 ], [ -78.311292181829202, 44.311019508289398 ], [ -78.311294901638107, 44.3110303423665 ], [ -78.311316392982107, 44.3110523877152 ], [ -78.3113674812369, 44.311106669596498 ], [ -78.311396320951403, 44.311178890292297 ], [ -78.311428531173803, 44.311224266688697 ], [ -78.311419741190306, 44.311252521904102 ], [ -78.311402635000306, 44.311275196683603 ], [ -78.311347141775499, 44.311293890135403 ], [ -78.311324790267093, 44.311314133942801 ], [ -78.311320666117496, 44.3113340373501 ], [ -78.311349402868998, 44.311361638810702 ], [ -78.3113906327808, 44.311397226494698 ], [ -78.311416648749798, 44.311460918069798 ], [ -78.311428209137404, 44.311512731208801 ], [ -78.311446419350801, 44.3115831629501 ], [ -78.311456452569999, 44.311644939489497 ], [ -78.311482662872507, 44.311680943110503 ], [ -78.311513457679396, 44.311705739125301 ], [ -78.311592816561401, 44.311767191255797 ], [ -78.311659737236695, 44.311815119022597 ], [ -78.311744511607401, 44.311882502675203 ], [ -78.311882130136595, 44.3119188216113 ], [ -78.312007502485301, 44.311941774580298 ], [ -78.312156123051295, 44.311948351444997 ], [ -78.312234388889806, 44.311947117225898 ], [ -78.312347165302, 44.311964388672898 ], [ -78.312485077078804, 44.312000860530901 ], [ -78.312584753026897, 44.312016907717101 ], [ -78.312668773763093, 44.312030424684203 ], [ -78.312716864491804, 44.312033095440398 ], [ -78.312763199483996, 44.312027262241102 ], [ -78.3128323249761, 44.312015043317999 ], [ -78.312906117468501, 44.311994471616003 ], [ -78.3129933313744, 44.311984985818398 ], [ -78.313124968469594, 44.311988084481499 ], [ -78.313255183856199, 44.311998842393997 ], [ -78.313427155876795, 44.312033660653498 ], [ -78.313527196287097, 44.3120483228656 ], [ -78.313561530642602, 44.312070670953403 ], [ -78.313578391419298, 44.312100298857899 ], [ -78.313590779162496, 44.312157515802497 ], [ -78.313606429404999, 44.312237118385397 ], [ -78.313619220368594, 44.3123089599084 ], [ -78.313636731123196, 44.312347835438601 ], [ -78.313669065524493, 44.312367058379301 ], [ -78.313760684731903, 44.312378445955197 ], [ -78.313902235152, 44.3123756227223 ], [ -78.314122753429402, 44.312356195487901 ], [ -78.3141548613374, 44.312356950986 ], [ -78.3142049514136, 44.312362745305002 ], [ -78.314241023499605, 44.312370517181797 ], [ -78.314340049457797, 44.3123806651313 ], [ -78.314330881061196, 44.3124353158818 ], [ -78.3143489194279, 44.312441376925101 ], [ -78.314381826791305, 44.312465634888099 ], [ -78.314410856686095, 44.312488861725299 ], [ -78.314466837504298, 44.3124948755489 ], [ -78.314568216054397, 44.312509472000499 ], [ -78.314651340841905, 44.3125226999462 ], [ -78.314741513822099, 44.312524821272902 ], [ -78.314794666648396, 44.312535465151697 ], [ -78.314842079018703, 44.312557245433403 ], [ -78.314881649429495, 44.312578842125902 ], [ -78.314910229520194, 44.312583271279699 ], [ -78.314928781783394, 44.312578071954498 ], [ -78.314952027552906, 44.312556074933298 ], [ -78.314985639884, 44.312536199732897 ], [ -78.315020088837798, 44.312526677578298 ], [ -78.315054280920094, 44.312522785103802 ], [ -78.315104391704196, 44.312542750771101 ], [ -78.315121725724197, 44.312592942896202 ], [ -78.315101503778195, 44.312634737941103 ], [ -78.315101460941307, 44.312635676822403 ], [ -78.3150975613665, 44.3126625555891 ], [ -78.315126764127399, 44.312683238526702 ], [ -78.3151704263516, 44.312701173608403 ], [ -78.3152110905515, 44.312727492656997 ], [ -78.315275899654495, 44.3127694088016 ], [ -78.315365411516893, 44.312814723767502 ], [ -78.3153922354022, 44.312857624434002 ], [ -78.315424394803202, 44.312869653150699 ], [ -78.315458414568397, 44.312869514257599 ], [ -78.3154935292212, 44.312874096947503 ], [ -78.315526865364902, 44.3128889711761 ], [ -78.315530936346605, 44.312914429512396 ], [ -78.315517139923799, 44.312930073258599 ], [ -78.315527446886506, 44.312962253872897 ], [ -78.315557783859205, 44.312985511156803 ], [ -78.315617517377206, 44.313052670336198 ], [ -78.315709043471699, 44.3131111827418 ], [ -78.315738953775295, 44.313143824330801 ], [ -78.315776362528993, 44.313184155952101 ], [ -78.315802825213794, 44.3132636829855 ], [ -78.315801777481695, 44.313315322525398 ], [ -78.315779477706499, 44.313373976021502 ], [ -78.315778891727405, 44.313376844027403 ], [ -78.315773057448396, 44.313405377041398 ], [ -78.315773482295697, 44.313448043040303 ], [ -78.315770828510793, 44.313506220431897 ], [ -78.315749985164302, 44.313532970855498 ], [ -78.3157449434933, 44.313557596399697 ], [ -78.315764705960106, 44.313583101424797 ], [ -78.315766914215402, 44.313620728199503 ], [ -78.315754787755395, 44.313679199591 ], [ -78.315751108947197, 44.3137377742053 ], [ -78.315763429763805, 44.313783151592702 ], [ -78.315767031322906, 44.313818931353403 ], [ -78.315811618823304, 44.313902642349198 ], [ -78.315856654964094, 44.313947850043803 ], [ -78.315889758605394, 44.313996534887103 ], [ -78.315918897769706, 44.3140460663871 ], [ -78.315925841115899, 44.314065955615597 ], [ -78.315911830462397, 44.314086292012703 ], [ -78.315893856557807, 44.314107474202203 ], [ -78.315909861606102, 44.314129455390699 ], [ -78.315949133882299, 44.314157619418999 ], [ -78.315986885790693, 44.314190444426998 ], [ -78.315999378004307, 44.314232069862797 ], [ -78.316002789407193, 44.314300721442102 ], [ -78.316013137161704, 44.3143319630774 ], [ -78.316043926634705, 44.314374018739798 ], [ -78.316067388840494, 44.3144046288444 ], [ -78.316149189945804, 44.314446944018698 ], [ -78.316224798984393, 44.314481598940098 ], [ -78.316319775268894, 44.314493225440302 ], [ -78.3163540338101, 44.314516574708101 ], [ -78.316356199711606, 44.314555138559498 ], [ -78.3163280513117, 44.314598626332497 ], [ -78.316261936560494, 44.314613979995897 ], [ -78.316194877751599, 44.314649976371498 ], [ -78.316134763555596, 44.314705862851604 ], [ -78.316071715183995, 44.314797375370901 ], [ -78.3160241724336, 44.314894576681098 ], [ -78.316022658252905, 44.314897671338798 ], [ -78.3159819558485, 44.314986890469399 ], [ -78.315926749214697, 44.315078587293499 ], [ -78.315877925061898, 44.315145071584098 ], [ -78.315817381997206, 44.315210341291703 ], [ -78.315783575352, 44.315263089354303 ], [ -78.315742678823497, 44.3153278811305 ], [ -78.315704719406497, 44.315414347694997 ], [ -78.315699704237502, 44.315423489999901 ], [ -78.3156533456266, 44.3155080124913 ], [ -78.315618275052699, 44.315559790890298 ], [ -78.315591944495793, 44.315592048863898 ], [ -78.315563365701394, 44.3156449189024 ], [ -78.315528789243501, 44.315714556872202 ], [ -78.315492928418706, 44.315812344175299 ], [ -78.315451154230601, 44.315925021605501 ], [ -78.315416085819805, 44.316034099877598 ], [ -78.315382834871599, 44.3160746495357 ], [ -78.315337265584304, 44.316127119910803 ], [ -78.315281281217494, 44.316121106430003 ], [ -78.315279100724396, 44.316131465039803 ], [ -78.315331267909798, 44.316143886937702 ], [ -78.315353241087095, 44.316168525738902 ], [ -78.3153586496976, 44.316174590268197 ], [ -78.315364651166405, 44.3162151232155 ], [ -78.315342690679302, 44.316314727346303 ], [ -78.315302784148201, 44.316424079806097 ], [ -78.315274867587704, 44.316491056465203 ], [ -78.315248537698494, 44.3165233134701 ], [ -78.315217729266195, 44.316567677378401 ], [ -78.315129591310793, 44.316721534836198 ], [ -78.315120126614801, 44.316767039944402 ], [ -78.3151174969137, 44.316779684588802 ], [ -78.315117215417203, 44.3167951690207 ], [ -78.3151164406259, 44.316837704153002 ], [ -78.315115777459496, 44.316880898211899 ], [ -78.315099178597706, 44.3169053085903 ], [ -78.315097545434995, 44.316907710824502 ], [ -78.315066543537696, 44.316927646545203 ], [ -78.315045951675103, 44.316934864046402 ], [ -78.315043939509806, 44.316935569347002 ], [ -78.315000039193094, 44.3169514447981 ], [ -78.314971394470604, 44.316977072568697 ], [ -78.314944850081403, 44.317014021196101 ], [ -78.314914169606496, 44.3170555701642 ], [ -78.3148826326386, 44.317115885939501 ], [ -78.314808516407993, 44.317256103389703 ], [ -78.314775232869195, 44.317319075274199 ], [ -78.314761542918404, 44.317341644546403 ], [ -78.314737032312706, 44.317382051213102 ], [ -78.314705453417503, 44.317443304938003 ], [ -78.314704260804305, 44.317490179468102 ], [ -78.314703804934595, 44.317508080637801 ], [ -78.314675911354897, 44.3176032372225 ], [ -78.314631241360203, 44.317693301481903 ], [ -78.314593577144507, 44.317773199872903 ], [ -78.314590322223694, 44.3178445133913 ], [ -78.314585056279597, 44.317874938572601 ], [ -78.314576877606299, 44.3179221997121 ], [ -78.314574997302998, 44.317933065021201 ], [ -78.314560966536703, 44.318014141493101 ], [ -78.314552734822399, 44.318033826826401 ], [ -78.314539697371799, 44.318065007256301 ], [ -78.314497662205099, 44.3181260149167 ], [ -78.314489034849601, 44.318152801317098 ], [ -78.314477844836901, 44.3181875443831 ], [ -78.314482066931603, 44.318238368870098 ], [ -78.314477067967601, 44.318268080105099 ], [ -78.314458385599806, 44.318379109138597 ], [ -78.314453919032005, 44.318511054737897 ], [ -78.314456877769999, 44.318618209478501 ], [ -78.314452144784497, 44.318693245061198 ], [ -78.3144578379368, 44.318710660703502 ], [ -78.314480356848605, 44.318779535861196 ], [ -78.314487735816599, 44.318802106532203 ], [ -78.314486250454394, 44.318810307310699 ], [ -78.314467547296999, 44.318913545760203 ], [ -78.314437556854301, 44.319079090523303 ], [ -78.314422306995894, 44.319163264040697 ], [ -78.314410213581695, 44.319230016756997 ], [ -78.314405850546706, 44.319239887361398 ], [ -78.314405168152405, 44.3192414305841 ], [ -78.314381206524303, 44.319295636904101 ], [ -78.314377123402593, 44.319304869495397 ], [ -78.314366427762707, 44.319364789588498 ], [ -78.314362223743004, 44.319388345425097 ], [ -78.314344282215103, 44.319427805515303 ], [ -78.314335280095904, 44.319447604142702 ], [ -78.314337056392603, 44.319458770645198 ], [ -78.314344430877597, 44.319505119304601 ], [ -78.314361723151706, 44.319556250404801 ], [ -78.314365995203005, 44.319562548417203 ], [ -78.314379376737605, 44.319582270505599 ], [ -78.314396048061795, 44.319606843256601 ], [ -78.314406623039503, 44.3196271448072 ], [ -78.314421311793495, 44.319655344034501 ], [ -78.314448052144598, 44.319700122696403 ], [ -78.314417863792599, 44.319759530160397 ], [ -78.314394405120893, 44.319782385402704 ], [ -78.314372676136998, 44.319803555507598 ], [ -78.314370186157404, 44.319808819354002 ], [ -78.314333575100804, 44.319886236945102 ], [ -78.3143322456486, 44.319893328647602 ], [ -78.314329651484798, 44.319907165169099 ], [ -78.314316056963094, 44.319979681226201 ], [ -78.314314221829505, 44.319989471760998 ], [ -78.314292317500701, 44.320106310935103 ], [ -78.314241381423997, 44.320214715638201 ], [ -78.314216793689596, 44.320234773227497 ], [ -78.314203328205593, 44.3202457575536 ], [ -78.314171844808698, 44.320285313103703 ], [ -78.314139478067503, 44.3203259777057 ], [ -78.314120811506001, 44.320366036483598 ], [ -78.314110468295596, 44.320388231578001 ], [ -78.314065301277196, 44.3204604368158 ], [ -78.314004621975698, 44.320528520161403 ], [ -78.313987463337, 44.320541700656001 ], [ -78.313928686180901, 44.3205868509827 ], [ -78.313860522625106, 44.320661963937503 ], [ -78.313841886896398, 44.320682500013703 ], [ -78.313777067449095, 44.320762642229397 ], [ -78.313772549982701, 44.320768227461599 ], [ -78.313662330934207, 44.320832326912402 ], [ -78.313653195836295, 44.320837671126498 ], [ -78.313578981092604, 44.320881089536201 ], [ -78.313501544152103, 44.320914962060499 ], [ -78.313392739086495, 44.321005395181601 ], [ -78.313315432730406, 44.321058836343298 ], [ -78.313296810560701, 44.321071709501503 ], [ -78.313176775821802, 44.321121487227103 ], [ -78.313148258483096, 44.321149643693403 ], [ -78.313095931817699, 44.321201306769801 ], [ -78.312994753110701, 44.321296616662899 ], [ -78.312914551516201, 44.321362360982903 ], [ -78.312880054003898, 44.321430121070101 ], [ -78.312845407114494, 44.321472515064997 ], [ -78.312834210101897, 44.321479124174402 ], [ -78.312783952234597, 44.321508792559001 ], [ -78.312756654216102, 44.321524907635599 ], [ -78.312710328836502, 44.321565147774997 ], [ -78.312670495495794, 44.321663780465798 ], [ -78.312636296323902, 44.321724971886901 ], [ -78.3126235669653, 44.321774456533902 ], [ -78.312599353688896, 44.321846216407501 ], [ -78.312578161178607, 44.321937772432896 ], [ -78.312567447217603, 44.3220004557474 ], [ -78.3125567903448, 44.322070947593801 ], [ -78.312552447000598, 44.322099673056798 ], [ -78.312549889206693, 44.3221178623211 ], [ -78.312538881937101, 44.322196105389601 ], [ -78.312526710356096, 44.322290692553402 ], [ -78.312540979839596, 44.322402480823499 ], [ -78.312540244197507, 44.3224402417638 ], [ -78.312539821310494, 44.322461960856401 ], [ -78.312561207786004, 44.322522057216403 ], [ -78.312568811834893, 44.322543426929897 ], [ -78.312612265639601, 44.322623354638097 ], [ -78.312635151174703, 44.322674686983802 ], [ -78.3126668614767, 44.322745815280399 ], [ -78.312688651983805, 44.322813021599003 ], [ -78.312689022590206, 44.322814379836998 ], [ -78.312698091105005, 44.322847644247503 ], [ -78.312714428333393, 44.3229075622843 ], [ -78.312755012220194, 44.322993058093203 ], [ -78.312774181055502, 44.323038595162998 ], [ -78.312808129421597, 44.323119239800903 ], [ -78.312843933909804, 44.323223411807703 ], [ -78.312863965866498, 44.323281546027403 ], [ -78.312881843001705, 44.323333428419403 ], [ -78.312886683106399, 44.323347471421798 ], [ -78.312888615057005, 44.323354210449502 ], [ -78.312914901710201, 44.323445827298301 ], [ -78.312993520622996, 44.323650794556102 ], [ -78.313008887877203, 44.323690858446099 ], [ -78.313017795781207, 44.323714082777201 ], [ -78.313079273126903, 44.323829189697904 ], [ -78.313086332515297, 44.323844782089601 ], [ -78.313160097810297, 44.324007688443999 ], [ -78.313193575475793, 44.324064889512599 ], [ -78.313199422255806, 44.324074879749503 ], [ -78.313235352256299, 44.324136270792899 ], [ -78.313262115715403, 44.324209229767398 ], [ -78.313283651446696, 44.324282066586797 ], [ -78.313310586473705, 44.324351271837998 ], [ -78.313354663397405, 44.324446244008001 ], [ -78.313360043374701, 44.324529032109503 ], [ -78.313366130767506, 44.3245872710499 ], [ -78.313370970758001, 44.324633556484102 ], [ -78.313397863188897, 44.324703699696002 ], [ -78.313421497964995, 44.324730558418601 ], [ -78.313452592218994, 44.324823345204699 ], [ -78.313460605302097, 44.324934375684897 ], [ -78.313464012746607, 44.325060327858303 ], [ -78.313465719381, 44.325100312335202 ], [ -78.313466540588394, 44.325119566042297 ], [ -78.313466655741294, 44.325121300881897 ], [ -78.313472511558402, 44.325209353275703 ], [ -78.313474297838596, 44.325236226218301 ], [ -78.313474279925302, 44.325307269209901 ], [ -78.313474276169899, 44.325322645821103 ], [ -78.313473446318596, 44.325329694349797 ], [ -78.313463583296198, 44.3254135100998 ], [ -78.313425375177999, 44.325436737296101 ], [ -78.313407055369296, 44.325447874646798 ], [ -78.313380033210194, 44.3254951449739 ], [ -78.313412326315301, 44.325504358630702 ], [ -78.313442283934293, 44.325478762188403 ], [ -78.313460330392303, 44.3254759711511 ], [ -78.313463369269797, 44.325475501609098 ], [ -78.313488077093595, 44.3254789009939 ], [ -78.313503504790106, 44.325484899819799 ], [ -78.313497505432196, 44.3255004603187 ], [ -78.313448589283894, 44.325621086541098 ], [ -78.313375490741393, 44.325801349461102 ], [ -78.3133644032429, 44.325828690029098 ], [ -78.313327983135807, 44.3259185013072 ], [ -78.313250228726801, 44.326115835400898 ], [ -78.313197839896404, 44.326248791856003 ], [ -78.313159868118305, 44.326345159264598 ], [ -78.313131771303901, 44.326416462279298 ], [ -78.313081710294895, 44.326546713226499 ], [ -78.313075996947504, 44.326593591997202 ], [ -78.313092669090295, 44.326629678552898 ], [ -78.313111031971204, 44.326662165993298 ], [ -78.3131168164348, 44.326672399639101 ], [ -78.313126569333207, 44.326689655214203 ], [ -78.313112018141993, 44.326693070439198 ], [ -78.313138367054705, 44.3267484372901 ], [ -78.313138421934795, 44.326751052080198 ], [ -78.313156724847104, 44.326789438503198 ], [ -78.313082053951504, 44.3268092811104 ], [ -78.313030246233595, 44.326821712440797 ], [ -78.312972793266098, 44.326847601406698 ], [ -78.312968297319102, 44.326852016750898 ], [ -78.312952243692905, 44.326867783470298 ], [ -78.312950209826397, 44.326900663147903 ], [ -78.312971206874494, 44.326939619876299 ], [ -78.312990018933903, 44.326966201301801 ], [ -78.313003566034396, 44.326981280211299 ], [ -78.313031292498806, 44.326999273089299 ], [ -78.313050471613593, 44.327009118031398 ], [ -78.313073100489802, 44.3270293775319 ], [ -78.313117608927698, 44.327057665751298 ], [ -78.313133877668506, 44.327069778384903 ], [ -78.313161903084705, 44.3270906456437 ], [ -78.313183609887503, 44.327102428935802 ], [ -78.313193554052702, 44.327113934449102 ], [ -78.313181809570494, 44.327141839306698 ], [ -78.313159866321897, 44.327163866575098 ], [ -78.3131372593067, 44.327171788912402 ], [ -78.313097035760705, 44.327164266475002 ], [ -78.313061120609007, 44.327148390959998 ], [ -78.312998291589594, 44.327091491044101 ], [ -78.312965354976697, 44.327039052527397 ], [ -78.312913069136997, 44.326980521881502 ], [ -78.312863482512, 44.326945046876297 ], [ -78.312837038748995, 44.326926128962597 ], [ -78.312811409530696, 44.326914253263503 ], [ -78.312782823962195, 44.326909823455097 ], [ -78.312744615089798, 44.326915498639103 ], [ -78.312684807055305, 44.3269356953938 ], [ -78.312646323895393, 44.326958874434702 ], [ -78.312638055629407, 44.326989059549497 ], [ -78.312638374290799, 44.326994711775598 ], [ -78.312657611519001, 44.3270440181021 ], [ -78.312663559536205, 44.327066948597 ], [ -78.312672075188303, 44.327099780446602 ], [ -78.312686508732199, 44.327123455381603 ], [ -78.312697639305199, 44.327141712122597 ], [ -78.312716916602895, 44.327164285718297 ], [ -78.312729049913798, 44.327178493219598 ], [ -78.312733661889595, 44.327183891812702 ], [ -78.312795655613897, 44.327230439753997 ], [ -78.312853856714796, 44.327274080517 ], [ -78.312858694801093, 44.327280432417403 ], [ -78.312878667190105, 44.3273066531575 ], [ -78.3128972813129, 44.327331089984 ], [ -78.312898300087298, 44.3273324265678 ], [ -78.312902146505905, 44.327347747067002 ], [ -78.312908266100493, 44.327372113024502 ], [ -78.312905656751596, 44.327415226980499 ], [ -78.312891849098506, 44.327444995421502 ], [ -78.312895590432703, 44.327459898420102 ], [ -78.312898491470307, 44.327471452420603 ], [ -78.312888440561906, 44.327490942633602 ], [ -78.312877636108496, 44.327494286681997 ], [ -78.312866139599606, 44.327497844907803 ], [ -78.312865876279602, 44.327497926035598 ], [ -78.312862708115702, 44.327497764125901 ], [ -78.312837684534301, 44.327496481820802 ], [ -78.312831931324098, 44.327496187031997 ], [ -78.312819245135401, 44.327487435696199 ], [ -78.312816259492394, 44.327471337815297 ], [ -78.312812945839198, 44.327453470374302 ], [ -78.312787273505293, 44.327442533542303 ], [ -78.312774973235193, 44.327425335905303 ], [ -78.312763015936795, 44.327400631746798 ], [ -78.312771803032007, 44.327380172805 ], [ -78.312773954589304, 44.327371676247701 ], [ -78.312778188546702, 44.327354961490201 ], [ -78.312736581967599, 44.3273321133967 ], [ -78.312733509849906, 44.327330425978097 ], [ -78.312697187065297, 44.327294814828903 ], [ -78.312662538872601, 44.3272901063172 ], [ -78.312638664785794, 44.327286862324002 ], [ -78.312622463741405, 44.327289161914102 ], [ -78.312564905220697, 44.327297337079102 ], [ -78.312504346165298, 44.327305304726998 ], [ -78.312456986420202, 44.327310764360199 ], [ -78.312410142412304, 44.327304964675399 ], [ -78.312367605612593, 44.327290812806801 ], [ -78.312344002235605, 44.327282605608602 ], [ -78.312332827005903, 44.327278721570899 ], [ -78.312328152631494, 44.327278915800598 ], [ -78.312303982794703, 44.327279921273202 ], [ -78.312303355752704, 44.327281649440899 ], [ -78.312293502979301, 44.327308793902802 ], [ -78.3122758881197, 44.327350649741099 ], [ -78.312250422905805, 44.327399185321902 ], [ -78.312250086293204, 44.327399827394203 ], [ -78.312239638420706, 44.327413426706997 ], [ -78.312212519212594, 44.327448727103501 ], [ -78.312227368477295, 44.327496044099497 ], [ -78.312231242296207, 44.327502994510397 ], [ -78.312257604246497, 44.327550298103397 ], [ -78.312279910363003, 44.327606244256998 ], [ -78.312280199945704, 44.327654056569997 ], [ -78.312286830671894, 44.327666902974499 ], [ -78.312295959351403, 44.327684587755598 ], [ -78.312323731785796, 44.327706846488397 ], [ -78.312337081419102, 44.327729704602199 ], [ -78.312337078457404, 44.327751286820899 ], [ -78.312324971970298, 44.327764239401603 ], [ -78.312360613851098, 44.3278129408355 ], [ -78.312359133173302, 44.327845315865197 ], [ -78.312362738267396, 44.327863060540899 ], [ -78.312364866856996, 44.327873539443701 ], [ -78.312354453325696, 44.327896787819803 ], [ -78.312356728254898, 44.3279011275934 ], [ -78.312380471168694, 44.327954289695299 ], [ -78.312390896957496, 44.327970569971399 ], [ -78.312393634155399, 44.327973466684803 ], [ -78.312414822651604, 44.327975764326503 ], [ -78.312451252692497, 44.327980378925801 ], [ -78.312488090259095, 44.328004729929901 ], [ -78.312507375767893, 44.328040878995601 ], [ -78.312496701915194, 44.328102624207197 ], [ -78.312476600927795, 44.328141602776498 ], [ -78.312474099295997, 44.328143898094602 ], [ -78.3124607847856, 44.328156113729897 ], [ -78.312450648632904, 44.328165414385701 ], [ -78.312436569063294, 44.3282158079627 ], [ -78.312433498401901, 44.328225834945798 ], [ -78.3124223969225, 44.328262078800201 ], [ -78.312416574118302, 44.328281090544699 ], [ -78.312401546339899, 44.3283201210294 ], [ -78.312395785672905, 44.328335082999303 ], [ -78.312370646998104, 44.328398366487001 ], [ -78.312357745420996, 44.328451604748899 ], [ -78.312359971305, 44.328459735324401 ], [ -78.312371202616404, 44.328500766015303 ], [ -78.312371038375503, 44.328539298408103 ], [ -78.312370781387799, 44.328599758408899 ], [ -78.312370679419004, 44.328623671806 ], [ -78.312375651252793, 44.3286507836089 ], [ -78.312380221896703, 44.3286756964971 ], [ -78.312394494848505, 44.328713704557799 ], [ -78.312401220490898, 44.328731612732703 ], [ -78.312414334709004, 44.328788281409999 ], [ -78.312413894869394, 44.328833256880102 ], [ -78.312411208565706, 44.3288413492185 ], [ -78.312396845962894, 44.328884620350401 ], [ -78.312406383157594, 44.3289453523699 ], [ -78.312410023366198, 44.328968532826501 ], [ -78.312409314279293, 44.329043662057799 ], [ -78.312409202196406, 44.329055583556702 ], [ -78.312408954031795, 44.329081818019297 ], [ -78.312408607821894, 44.329118459148901 ], [ -78.312407904488495, 44.329192858391302 ], [ -78.3123820943336, 44.3292647065811 ], [ -78.312386808000099, 44.329297523644698 ], [ -78.312391028609696, 44.329326913456804 ], [ -78.312374848515304, 44.329365985221003 ], [ -78.312361196142703, 44.329406994472897 ], [ -78.312342199583298, 44.329490899311701 ], [ -78.312341522331593, 44.3294938902824 ], [ -78.312368092691798, 44.329599721996097 ], [ -78.312368041234706, 44.329611194784299 ], [ -78.3123676906783, 44.329689920945 ], [ -78.312382884800101, 44.3297624744215 ], [ -78.312390419236493, 44.329798447642098 ], [ -78.312387638144301, 44.329835015232199 ], [ -78.312389405458006, 44.329839596029103 ], [ -78.312386342750003, 44.329852053937202 ], [ -78.312380578878603, 44.329927845579199 ], [ -78.312397979437506, 44.3300052800762 ], [ -78.312409235837194, 44.330040333522703 ], [ -78.312412872264403, 44.3300516590716 ], [ -78.312400890099994, 44.330170673225197 ], [ -78.312398851148401, 44.330184688405403 ], [ -78.312385629582195, 44.330275519988199 ], [ -78.312351493099399, 44.330381979423798 ], [ -78.312327634837899, 44.330456386214003 ], [ -78.312310159207897, 44.330532057825899 ], [ -78.312301529051794, 44.330569431173799 ], [ -78.3122543151363, 44.330669340145299 ], [ -78.312243579013199, 44.3306920596468 ], [ -78.312185135508699, 44.330796829427499 ], [ -78.312170716832, 44.3308202634514 ], [ -78.312161987210303, 44.3308344532782 ], [ -78.312146966893195, 44.330858866134299 ], [ -78.312144650414695, 44.330868715505503 ], [ -78.312122596188601, 44.330962558440099 ], [ -78.312095591700199, 44.331085784091201 ], [ -78.312077951321498, 44.3311662835535 ], [ -78.312071564047201, 44.3312341596774 ], [ -78.312060136729002, 44.331355610379198 ], [ -78.312044157608, 44.331518223365897 ], [ -78.312043008204597, 44.331529924172997 ], [ -78.312046719616802, 44.3315972350576 ], [ -78.312051237770007, 44.331679166488598 ], [ -78.3120526611347, 44.331687101714699 ], [ -78.312072618320897, 44.331798333327697 ], [ -78.312098205476801, 44.331889049720097 ], [ -78.312103024879804, 44.331906134279301 ], [ -78.3121414703662, 44.331981247403696 ], [ -78.312162664058306, 44.332003961635699 ], [ -78.312205096923407, 44.332049438873099 ], [ -78.312216534799404, 44.3320600271472 ], [ -78.312290475001703, 44.332128474028899 ], [ -78.312357788826802, 44.332173269480002 ], [ -78.312425681476597, 44.3322130315821 ], [ -78.312432988965597, 44.332217310690403 ], [ -78.312491536077104, 44.332255674250597 ], [ -78.312502875071203, 44.332263103806 ], [ -78.312553343501193, 44.332332865047498 ], [ -78.312595089563402, 44.332393025646198 ], [ -78.313290528007599, 44.332467636464699 ], [ -78.313313352679202, 44.332455022497399 ], [ -78.313353472130103, 44.332436240894403 ], [ -78.313395776475303, 44.3324269041644 ], [ -78.313484930281106, 44.332423365909897 ], [ -78.313537135536706, 44.332426473475401 ], [ -78.313593885941401, 44.332444717166297 ], [ -78.313620987011802, 44.332472752135601 ], [ -78.313630125323598, 44.3324822049183 ], [ -78.313705798371004, 44.332515923070403 ], [ -78.313784172110303, 44.332547825856402 ], [ -78.313872083087801, 44.332571499450097 ], [ -78.313926625578503, 44.332609417826603 ], [ -78.314010742801003, 44.332687483934698 ], [ -78.314034039326302, 44.3327218482342 ], [ -78.314072271735697, 44.332744352664598 ], [ -78.314109155772499, 44.332767764340304 ], [ -78.314155232883095, 44.332790453332898 ], [ -78.314185450547299, 44.332816526881302 ], [ -78.314213183210398, 44.332839723191903 ], [ -78.314267275216494, 44.3328588438822 ], [ -78.3143015445185, 44.3328821939728 ], [ -78.314331505181997, 44.332913897151997 ], [ -78.314381998026505, 44.3329545378852 ], [ -78.314433412103895, 44.333003653845303 ], [ -78.314456109079003, 44.3330511542568 ], [ -78.314459903116997, 44.333111361131699 ], [ -78.314418627300498, 44.3332127781918 ], [ -78.314405145701997, 44.3332303377424 ], [ -78.314379665459896, 44.333263525531002 ], [ -78.314350493722799, 44.333295231933903 ], [ -78.314320450853799, 44.333327885627298 ], [ -78.314230868438202, 44.3334554065083 ], [ -78.3141780122874, 44.333549737720801 ], [ -78.314163611813996, 44.333575438406299 ], [ -78.314081277104194, 44.333693296909601 ], [ -78.314049072516099, 44.333796884475703 ], [ -78.314044458549603, 44.333811726755897 ], [ -78.314045272144895, 44.333851196812397 ], [ -78.314029270913807, 44.333879151909898 ], [ -78.314012096547003, 44.333889869759801 ], [ -78.314014450091605, 44.333929539002902 ], [ -78.314015054762095, 44.333939724528399 ], [ -78.3140072103606, 44.333996839683103 ], [ -78.313998401985899, 44.334046417565403 ], [ -78.313999458027396, 44.334055755751102 ], [ -78.314002131736999, 44.334079381541002 ], [ -78.313997502281097, 44.334123422043199 ], [ -78.313997759852995, 44.334175091231799 ], [ -78.313990301127902, 44.334223761885703 ], [ -78.313977779748697, 44.334238580137097 ], [ -78.313952945107602, 44.3342679712567 ], [ -78.3139317026383, 44.3342902816213 ], [ -78.313912630192902, 44.334310311337703 ], [ -78.313904831731506, 44.334318502170703 ], [ -78.313886704580796, 44.334347602782103 ], [ -78.313883634244704, 44.334365308240699 ], [ -78.313877527663394, 44.334400521899397 ], [ -78.3138779696, 44.334436373108801 ], [ -78.313878083884006, 44.334445623413004 ], [ -78.313863081502404, 44.334487540032598 ], [ -78.313856566901407, 44.334515567103303 ], [ -78.313825040635507, 44.334546762417801 ], [ -78.313808052792098, 44.334554325563701 ], [ -78.313780955151898, 44.334566390731503 ], [ -78.313761468772199, 44.3345615415111 ], [ -78.313743428451005, 44.334557053118203 ], [ -78.313692569743694, 44.334553038350101 ], [ -78.313715073033705, 44.334576112607799 ], [ -78.313727902106706, 44.334581853982797 ], [ -78.313739441748794, 44.334587018544703 ], [ -78.3137409180394, 44.334594982000702 ], [ -78.313742102740704, 44.334601365815701 ], [ -78.313743641638794, 44.334609661145599 ], [ -78.313735647373207, 44.334641411130299 ], [ -78.313670879788603, 44.334684035415997 ], [ -78.313578721726898, 44.334753256416498 ], [ -78.313535049059894, 44.334785450471102 ], [ -78.313494751316696, 44.334815155459403 ], [ -78.313494708462201, 44.334816093436501 ], [ -78.313406130098102, 44.334892913134098 ], [ -78.3133325528851, 44.334985115024601 ], [ -78.313269542067005, 44.335046568246099 ], [ -78.313178605356697, 44.335117695637898 ], [ -78.313135762176202, 44.335167411287799 ], [ -78.313081366460196, 44.3352121591507 ], [ -78.313070055903097, 44.335236813386103 ], [ -78.313064047876097, 44.3353047452702 ], [ -78.313035007078, 44.335338817626798 ], [ -78.313000178831103, 44.335384965052597 ], [ -78.312973654081603, 44.335442946677603 ], [ -78.312962070719607, 44.335513395913203 ], [ -78.312961405598799, 44.335517437790202 ], [ -78.312957246912603, 44.335551155979097 ], [ -78.312943691080093, 44.335620437937401 ], [ -78.312936756768593, 44.335655879628703 ], [ -78.3129272461249, 44.3356745758946 ], [ -78.312946615186902, 44.335669262904901 ], [ -78.312963653711606, 44.335668725018799 ], [ -78.312966846655002, 44.335684768340201 ], [ -78.312971476323, 44.335698028525997 ], [ -78.312959928867699, 44.335718723169201 ], [ -78.312949165559402, 44.335738013837897 ], [ -78.312896460603099, 44.335793014116597 ], [ -78.312857195509906, 44.335850328474699 ], [ -78.312790282956001, 44.335939869940397 ], [ -78.312725919549607, 44.3360022290939 ], [ -78.312646617701901, 44.336076448722899 ], [ -78.312617584775396, 44.336109319288603 ], [ -78.312573467880497, 44.336159266710801 ], [ -78.312501065895603, 44.336254314472001 ], [ -78.312478330117699, 44.336334486905102 ], [ -78.312475463990495, 44.336338299602197 ], [ -78.312438713885101, 44.336387171741201 ], [ -78.312442653544693, 44.336415910312297 ], [ -78.312443622286807, 44.336422982265098 ], [ -78.3124578101163, 44.336456193417398 ], [ -78.312481856443299, 44.336502786984397 ], [ -78.312485026344604, 44.336509260765197 ], [ -78.312506995255802, 44.336554102996402 ], [ -78.312515395505102, 44.336599389187 ], [ -78.312393922786796, 44.336760334798299 ], [ -78.312338000396295, 44.336834428580701 ], [ -78.312335667053702, 44.3368376164252 ], [ -78.312332594900894, 44.3368694524885 ], [ -78.312330702930296, 44.336889053712397 ], [ -78.312274140227601, 44.336952536163601 ], [ -78.312242861324407, 44.336979204874503 ], [ -78.312212756155603, 44.336978331233603 ] ] ] } },
{ "type": "Feature", "properties": { "OBJECTID": 98, "WARDTYPE": "SUBWARD", "WARDNAME": "319", "WARD_ID": 167, "YEAR": 2018, "ACTIVE": "Yes", "Shape__Area": 421525.61157226597, "Shape__Length": 2745.0119502651401 }, "geometry": { "type": "Polygon", "coordinates": [ [ [ -78.325440668895993, 44.293799841054202 ], [ -78.326504677741994, 44.293530257074401 ], [ -78.3279893703901, 44.291962365666599 ], [ -78.328142666455406, 44.292286476851501 ], [ -78.328475766180205, 44.293040846101398 ], [ -78.331049934281495, 44.292405070813302 ], [ -78.332428266461406, 44.292073727915799 ], [ -78.332874420133507, 44.293096859745297 ], [ -78.334269558894206, 44.296295688139402 ], [ -78.334561635533106, 44.296933679917203 ], [ -78.334834202319499, 44.297555518116603 ], [ -78.334867193971206, 44.297618576907297 ], [ -78.334877165275799, 44.2976553934515 ], [ -78.334884307595701, 44.297686029249803 ], [ -78.334894195932307, 44.2977282239221 ], [ -78.334921637377306, 44.298214874787099 ], [ -78.331569526614601, 44.299079175045101 ], [ -78.3305039868184, 44.299355300826399 ], [ -78.330172505647795, 44.299452758434903 ], [ -78.329861090026, 44.299552992762401 ], [ -78.329232368735106, 44.299762028540201 ], [ -78.328603643107698, 44.299971060737001 ], [ -78.328532017085607, 44.299883789576498 ], [ -78.327549232979095, 44.297964047956498 ], [ -78.327354717640006, 44.297592975876398 ], [ -78.325691787549204, 44.2943354237077 ], [ -78.325440668895993, 44.293799841054202 ] ] ] } },
{ "type": "Feature", "properties": { "OBJECTID": 99, "WARDTYPE": "SUBWARD", "WARDNAME": "320", "WARD_ID": 166, "YEAR": 2018, "ACTIVE": "Yes", "Shape__Area": 420839.07275390602, "Shape__Length": 2810.11436230658 }, "geometry": { "type": "Polygon", "coordinates": [ [ [ -78.322497581497402, 44.287676803290601 ], [ -78.329733853529206, 44.285899492776799 ], [ -78.331210007950801, 44.289280988628498 ], [ -78.331627080470298, 44.290236325405097 ], [ -78.331746992685694, 44.290511326228497 ], [ -78.332034745252201, 44.291162252694697 ], [ -78.332428266461406, 44.292073727915799 ], [ -78.331049934281495, 44.292405070813302 ], [ -78.328475766180205, 44.293040846101398 ], [ -78.328142666455406, 44.292286476851501 ], [ -78.3279893703901, 44.291962365666599 ], [ -78.326504677741994, 44.293530257074401 ], [ -78.325434830176604, 44.293801306747 ], [ -78.324429396973102, 44.291692290493401 ], [ -78.323095997296093, 44.288919371045502 ], [ -78.322497581497402, 44.287676803290601 ] ] ] } },
{ "type": "Feature", "properties": { "OBJECTID": 100, "WARDTYPE": "SUBWARD", "WARDNAME": "121", "WARD_ID": 168, "YEAR": 2018, "ACTIVE": "Yes", "Shape__Area": 425125.16943359398, "Shape__Length": 3279.4795991954302 }, "geometry": { "type": "Polygon", "coordinates": [ [ [ -78.334921637377306, 44.298214874787099 ], [ -78.3349117759481, 44.298039986839299 ], [ -78.334894195932307, 44.2977282239221 ], [ -78.334884307595701, 44.297686029249803 ], [ -78.334877165275799, 44.2976553934515 ], [ -78.334867193971206, 44.297618576907297 ], [ -78.334834202319499, 44.297555518116603 ], [ -78.334561635533106, 44.296933679917203 ], [ -78.334269558894206, 44.296295688139402 ], [ -78.332874420133507, 44.293096859745297 ], [ -78.332428266461406, 44.292073727915799 ], [ -78.332034745252201, 44.291162252694697 ], [ -78.331746992685694, 44.290511326228497 ], [ -78.331627080470298, 44.290236325405097 ], [ -78.331210007950801, 44.289280988628498 ], [ -78.334900596041805, 44.288317510057297 ], [ -78.334997562670395, 44.288534591573097 ], [ -78.336249566843605, 44.288212636110401 ], [ -78.336596942602498, 44.2888978361716 ], [ -78.338677156473906, 44.288371010013698 ], [ -78.338973714780593, 44.289066987291797 ], [ -78.339288627346306, 44.289785084707098 ], [ -78.339815594509702, 44.290993766571397 ], [ -78.340110187190703, 44.291684869365703 ], [ -78.338703844288204, 44.292041320076002 ], [ -78.338678571351593, 44.2920510624675 ], [ -78.338653593205706, 44.292065597613302 ], [ -78.338635573342799, 44.292082921100103 ], [ -78.338625039656407, 44.292100781935602 ], [ -78.338627432513107, 44.292118169909799 ], [ -78.338635221667502, 44.292133969564397 ], [ -78.338684054679902, 44.292216097244498 ], [ -78.337727319330696, 44.292468830276498 ], [ -78.337278278546705, 44.292588562202603 ], [ -78.336886677232997, 44.292685252863997 ], [ -78.336831052693199, 44.292701741050799 ], [ -78.336780492840603, 44.292718930755903 ], [ -78.337449875059903, 44.294298184028399 ], [ -78.337816849251695, 44.295131932042899 ], [ -78.337942154951804, 44.295406583851303 ], [ -78.338175806663301, 44.295925345699203 ], [ -78.338039547520296, 44.295957650923 ], [ -78.336866757647101, 44.296265537794902 ], [ -78.336672423021696, 44.296301673856597 ], [ -78.336700335850495, 44.296360347206999 ], [ -78.337224943248302, 44.297630558584501 ], [ -78.336843318540701, 44.297727306160297 ], [ -78.334921637377306, 44.298214874787099 ] ] ] } },
{ "type": "Feature", "properties": { "OBJECTID": 101, "WARDTYPE": "SUBWARD", "WARDNAME": "317", "WARD_ID": 193, "YEAR": 2018, "ACTIVE": "Yes", "Shape__Area": 419495.29614257801, "Shape__Length": 3246.5187110545899 }, "geometry": { "type": "Polygon", "coordinates": [ [ [ -78.345465560221498, 44.302346005163102 ], [ -78.345594896327199, 44.302730742605597 ], [ -78.345783531819194, 44.303752500334298 ], [ -78.345843237185093, 44.304219571094201 ], [ -78.345828273201406, 44.304551444764002 ], [ -78.345792719356197, 44.3048705346568 ], [ -78.345496460193999, 44.305863307324699 ], [ -78.345144097226694, 44.306926510186003 ], [ -78.344983561768501, 44.307458096943499 ], [ -78.344962247573093, 44.307643825476603 ], [ -78.344792116563696, 44.3076892349319 ], [ -78.342906845209001, 44.308130505142699 ], [ -78.343033346663304, 44.308409184992797 ], [ -78.343045183677802, 44.3084352588752 ], [ -78.343172854004905, 44.3087165135533 ], [ -78.342394329488599, 44.308900279672898 ], [ -78.342302015510995, 44.308922070564698 ], [ -78.341939166607702, 44.309007715262197 ], [ -78.341576316534301, 44.309093362376103 ], [ -78.341213466868297, 44.309179004740997 ], [ -78.341135578992805, 44.309197388249302 ], [ -78.3409779363637, 44.309234595967503 ], [ -78.341274403354305, 44.3093084723698 ], [ -78.341399740583299, 44.309583938081303 ], [ -78.341124158971297, 44.309864873443502 ], [ -78.341009855985206, 44.309890004275502 ], [ -78.341015205696493, 44.309901803691801 ], [ -78.341401508103402, 44.309815256958899 ], [ -78.341679928830501, 44.310428636338003 ], [ -78.341715126841507, 44.310511413696801 ], [ -78.341025024731394, 44.310660169610003 ], [ -78.340585886375194, 44.310754825373202 ], [ -78.337289224380697, 44.303583297802803 ], [ -78.342905182968394, 44.302179982401398 ], [ -78.343451018642497, 44.302036535223799 ], [ -78.343549298188293, 44.3019864153881 ], [ -78.343604390174093, 44.3019484633218 ], [ -78.343647754067902, 44.301912269334302 ], [ -78.343688482487295, 44.301859856701199 ], [ -78.343720902726801, 44.301790309277003 ], [ -78.343736279651694, 44.301689677446703 ], [ -78.343722418595803, 44.3016280207151 ], [ -78.343676693054107, 44.301531024770497 ], [ -78.343168069933498, 44.300452078302499 ], [ -78.343151809984107, 44.300385929083703 ], [ -78.343165495730403, 44.300276448721 ], [ -78.344914870639599, 44.300698427450598 ], [ -78.345020440728902, 44.301323493201103 ], [ -78.345234176098401, 44.301822924290803 ], [ -78.345309163969404, 44.301993786497697 ], [ -78.345465560221498, 44.302346005163102 ] ] ] } },
{ "type": "Feature", "properties": { "OBJECTID": 102, "WARDTYPE": "SUBWARD", "WARDNAME": "509", "WARD_ID": 227, "YEAR": 2010, "ACTIVE": "Yes", "Shape__Area": 467606.83642578102, "Shape__Length": 3645.9991866282598 }, "geometry": { "type": "Polygon", "coordinates": [ [ [ -78.344529590764296, 44.3144933732775 ], [ -78.344917082948896, 44.3149099099954 ], [ -78.347751124583496, 44.3179561637684 ], [ -78.348311509782505, 44.318554407869897 ], [ -78.349529100064004, 44.319883007942302 ], [ -78.349566705614393, 44.319866243805897 ], [ -78.351506912285402, 44.321943908868398 ], [ -78.351391560176097, 44.321999683712299 ], [ -78.351153821778098, 44.322140382810701 ], [ -78.351010648827696, 44.322252972698699 ], [ -78.3509273630481, 44.322326101312299 ], [ -78.350787754718695, 44.322476725683799 ], [ -78.350635065645307, 44.322662938486999 ], [ -78.350585880444498, 44.322717974121197 ], [ -78.350540694470794, 44.322765072095898 ], [ -78.350512676372404, 44.322794523402997 ], [ -78.350484094301095, 44.322822017016101 ], [ -78.350441226344699, 44.322855290098097 ], [ -78.350401297263403, 44.322886906451998 ], [ -78.350361021586394, 44.322915302561199 ], [ -78.350298647277896, 44.322959552704198 ], [ -78.349786171639096, 44.3232346959255 ], [ -78.348790721689596, 44.323710113055 ], [ -78.348714493460903, 44.323609154635399 ], [ -78.346144681360599, 44.320827813292901 ], [ -78.345937119719693, 44.320930628071302 ], [ -78.345861307214804, 44.320968181284201 ], [ -78.345546863383802, 44.321123937402596 ], [ -78.345232417949305, 44.3212796917107 ], [ -78.344912058764606, 44.321438374832503 ], [ -78.344565004405098, 44.321077715798602 ], [ -78.344421694403806, 44.320928784688803 ], [ -78.343543432822599, 44.320016063616301 ], [ -78.341794077302097, 44.3208728531934 ], [ -78.341471132189099, 44.320533014996897 ], [ -78.341329032406506, 44.320383478891202 ], [ -78.341092210445495, 44.320134265110198 ], [ -78.341049140661198, 44.320088942149297 ], [ -78.340595266959397, 44.319611308960901 ], [ -78.340339591677804, 44.319342245292901 ], [ -78.340075673814695, 44.319066466468797 ], [ -78.3399335960614, 44.3189169291146 ], [ -78.339675061291899, 44.318644843493203 ], [ -78.339637270418294, 44.318663304270601 ], [ -78.339536250052106, 44.318712654484301 ], [ -78.339472724319705, 44.318743688239699 ], [ -78.338581179239696, 44.319182391450397 ], [ -78.337750344016101, 44.3195912054884 ], [ -78.337271217010695, 44.319825193966103 ], [ -78.3409731922156, 44.315983544149802 ], [ -78.340522920905997, 44.315862064644598 ], [ -78.340458926585498, 44.315844289444897 ], [ -78.340392658933297, 44.315824433817902 ], [ -78.340343370931294, 44.315805099820501 ], [ -78.340247447528597, 44.315755020442097 ], [ -78.344529590764296, 44.3144933732775 ] ] ] } },
{ "type": "Feature", "properties": { "OBJECTID": 103, "WARDTYPE": "SUBWARD", "WARDNAME": "502", "WARD_ID": 228, "YEAR": 2010, "ACTIVE": "Yes", "Shape__Area": 287155.56958007801, "Shape__Length": 2233.53490519453 }, "geometry": { "type": "Polygon", "coordinates": [ [ [ -78.331791256746897, 44.3128604111089 ], [ -78.332034392433599, 44.313121430736999 ], [ -78.332591691750395, 44.313688013818499 ], [ -78.333217204398906, 44.314335246519398 ], [ -78.333850968638004, 44.314986298395198 ], [ -78.334503936080296, 44.315648432797097 ], [ -78.335130515870901, 44.316300914899699 ], [ -78.336430738414705, 44.317628842662501 ], [ -78.334722860125595, 44.318468885089501 ], [ -78.332181066915197, 44.319706327241597 ], [ -78.331101229253093, 44.318613619651103 ], [ -78.330298284793002, 44.317789751057298 ], [ -78.329521644321801, 44.317004908724201 ], [ -78.328860885052194, 44.316315796593202 ], [ -78.328287768502193, 44.3157248022912 ], [ -78.327907724426197, 44.315333396857099 ], [ -78.327007787151103, 44.314432212388098 ], [ -78.326897004488202, 44.314316035610503 ], [ -78.326777075895905, 44.314175746687901 ], [ -78.328471679621998, 44.313749416229399 ], [ -78.3306146161041, 44.313164005704799 ], [ -78.331176503921299, 44.313017906019198 ], [ -78.331791256746897, 44.3128604111089 ] ] ] } },
{ "type": "Feature", "properties": { "OBJECTID": 104, "WARDTYPE": "SUBWARD", "WARDNAME": "508", "WARD_ID": 229, "YEAR": 2010, "ACTIVE": "Yes", "Shape__Area": 749364.86181640602, "Shape__Length": 4632.4293131452596 }, "geometry": { "type": "Polygon", "coordinates": [ [ [ -78.348790721689596, 44.323710113055 ], [ -78.348037721473602, 44.324068349638502 ], [ -78.3474346536578, 44.324368667541201 ], [ -78.346810699672503, 44.324659036668599 ], [ -78.345793103169001, 44.325147160259597 ], [ -78.345287058653, 44.325386418932403 ], [ -78.343134291189799, 44.326420755261402 ], [ -78.343006285554793, 44.326462782328498 ], [ -78.342887290979704, 44.326491118756998 ], [ -78.342603285387199, 44.326525001718501 ], [ -78.341925201435302, 44.326381486096103 ], [ -78.341669049972793, 44.3263451456612 ], [ -78.341476727282895, 44.326335527786902 ], [ -78.341317944460997, 44.326335700752601 ], [ -78.3411238439964, 44.326346102614998 ], [ -78.341019635973495, 44.326356415901699 ], [ -78.340859131389095, 44.326379775228801 ], [ -78.340717563646393, 44.326408725078998 ], [ -78.340583492822503, 44.326447388737101 ], [ -78.3404557916257, 44.326496953535496 ], [ -78.340146646075496, 44.326639005105797 ], [ -78.339856008424803, 44.3267728913235 ], [ -78.339480258516204, 44.326962090169701 ], [ -78.339285176473794, 44.327080416240698 ], [ -78.336580236551001, 44.3242565904958 ], [ -78.334339793092596, 44.321934243455097 ], [ -78.334188353064306, 44.321777262858298 ], [ -78.333606045824695, 44.321173035077301 ], [ -78.333137963867401, 44.320697229899999 ], [ -78.332825197921395, 44.320374526666299 ], [ -78.332181066915197, 44.319706327241597 ], [ -78.334722860125595, 44.318468885089501 ], [ -78.336430738414705, 44.317628842662501 ], [ -78.338518169149197, 44.316603578292202 ], [ -78.340247447528597, 44.315755020442097 ], [ -78.340343370931294, 44.315805099820501 ], [ -78.340392658933297, 44.315824433817902 ], [ -78.340458926585498, 44.315844289444897 ], [ -78.340522920905997, 44.315862064644598 ], [ -78.3409731922156, 44.315983544149802 ], [ -78.337271217010695, 44.319825193966103 ], [ -78.337750344016101, 44.3195912054884 ], [ -78.338581179239696, 44.319182391450397 ], [ -78.339472724319705, 44.318743688239699 ], [ -78.339536250052106, 44.318712654484301 ], [ -78.339637270418294, 44.318663304270601 ], [ -78.339675061291899, 44.318644843493203 ], [ -78.3399335960614, 44.3189169291146 ], [ -78.340075673814695, 44.319066466468797 ], [ -78.340339591677804, 44.319342245292901 ], [ -78.340595266959397, 44.319611308960901 ], [ -78.341049140661198, 44.320088942149297 ], [ -78.341092210445495, 44.320134265110198 ], [ -78.341329032406506, 44.320383478891202 ], [ -78.341471132189099, 44.320533014996897 ], [ -78.341794077302097, 44.3208728531934 ], [ -78.343543432822599, 44.320016063616301 ], [ -78.344421694403806, 44.320928784688803 ], [ -78.344565004405098, 44.321077715798602 ], [ -78.344912058764606, 44.321438374832503 ], [ -78.345232417949305, 44.3212796917107 ], [ -78.345546863383802, 44.321123937402596 ], [ -78.345861307214804, 44.320968181284201 ], [ -78.345937119719693, 44.320930628071302 ], [ -78.346144681360599, 44.320827813292901 ], [ -78.348714493460903, 44.323609154635399 ], [ -78.348790721689596, 44.323710113055 ] ] ] } },
{ "type": "Feature", "properties": { "OBJECTID": 105, "WARDTYPE": "SUBWARD", "WARDNAME": "503", "WARD_ID": 230, "YEAR": 2010, "ACTIVE": "Yes", "Shape__Area": 332325.46215820301, "Shape__Length": 2535.6397340630101 }, "geometry": { "type": "Polygon", "coordinates": [ [ [ -78.326777075895905, 44.314175746687901 ], [ -78.327907724426197, 44.315333396857099 ], [ -78.328287768502193, 44.3157248022912 ], [ -78.328860885052194, 44.316315796593202 ], [ -78.329521644321801, 44.317004908724201 ], [ -78.330298284793002, 44.317789751057298 ], [ -78.331101229253093, 44.318613619651103 ], [ -78.329490141874999, 44.319436595879303 ], [ -78.328312068040603, 44.320040384708498 ], [ -78.326530235247503, 44.320957027435099 ], [ -78.325397637360496, 44.321538072958802 ], [ -78.324593819133099, 44.320709966801999 ], [ -78.324289286339294, 44.3204318203762 ], [ -78.324034652239106, 44.320272969939801 ], [ -78.322592659432402, 44.319785549927502 ], [ -78.321553260423002, 44.3194393308573 ], [ -78.320885923869696, 44.319207978094902 ], [ -78.321021596070494, 44.318979953465401 ], [ -78.321027823528198, 44.318958745073402 ], [ -78.321035541468405, 44.318936638975998 ], [ -78.321045819440499, 44.318832203294797 ], [ -78.321050276606499, 44.318805699342001 ], [ -78.321061632224698, 44.318775306048899 ], [ -78.321092704725004, 44.318720473856096 ], [ -78.321508538914799, 44.318084680324098 ], [ -78.321534475043606, 44.318053080642002 ], [ -78.321573303407604, 44.3180236524422 ], [ -78.321621069067703, 44.318002398681401 ], [ -78.321690084804601, 44.317986150292903 ], [ -78.321842573589507, 44.317964084692001 ], [ -78.3219289555297, 44.317949679552001 ], [ -78.322000649881105, 44.317926261901199 ], [ -78.322700215319301, 44.317570393687397 ], [ -78.322858279502697, 44.317490360866103 ], [ -78.323024791519501, 44.3173926536587 ], [ -78.323123363464703, 44.317329680897998 ], [ -78.323238985718703, 44.317271299572504 ], [ -78.325232093891202, 44.3162608551727 ], [ -78.324614082912703, 44.315646387948703 ], [ -78.324083439252604, 44.315118771558303 ], [ -78.324038731119401, 44.315067351190599 ], [ -78.324011770496895, 44.315034521652699 ], [ -78.323995048744393, 44.315004406104201 ], [ -78.323989054590498, 44.314877090703803 ], [ -78.326777075895905, 44.314175746687901 ] ] ] } },
{ "type": "Feature", "properties": { "OBJECTID": 106, "WARDTYPE": "SUBWARD", "WARDNAME": "505", "WARD_ID": 234, "YEAR": 2010, "ACTIVE": "Yes", "Shape__Area": 390590.28466796898, "Shape__Length": 2807.8909669794002 }, "geometry": { "type": "Polygon", "coordinates": [ [ [ -78.318315286331199, 44.323422299595698 ], [ -78.318366376374996, 44.323473579492401 ], [ -78.319060226238193, 44.324170004620797 ], [ -78.320541996052199, 44.325665054678097 ], [ -78.322341831867703, 44.327479744350697 ], [ -78.322452574302005, 44.3275913942364 ], [ -78.3225951125835, 44.327758072804301 ], [ -78.322705325975306, 44.327929830396101 ], [ -78.322769453423405, 44.328081619195103 ], [ -78.3227967810422, 44.328177581261301 ], [ -78.322802917419097, 44.328254158529099 ], [ -78.322808299632001, 44.3283296701875 ], [ -78.322808629369007, 44.328508573353297 ], [ -78.315971051172596, 44.3301077006684 ], [ -78.315332647636595, 44.3302598755294 ], [ -78.315328552776293, 44.330233055468597 ], [ -78.315343914582101, 44.330182281178701 ], [ -78.3153442746152, 44.330130433830497 ], [ -78.315332738356503, 44.330075425805603 ], [ -78.315329861586207, 44.330028543865502 ], [ -78.315301876163005, 44.329916251599002 ], [ -78.315298128487996, 44.329866468294597 ], [ -78.315289040889596, 44.329823761591001 ], [ -78.315293361492195, 44.329795054424103 ], [ -78.315263699228794, 44.329720707092797 ], [ -78.315260018108603, 44.329624298326898 ], [ -78.315244258753395, 44.329551905686898 ], [ -78.315250650880401, 44.3295218068046 ], [ -78.315249400419603, 44.329505212339399 ], [ -78.315242006072594, 44.329491354245498 ], [ -78.315240197360495, 44.329443056981297 ], [ -78.315245980081599, 44.329404300227999 ], [ -78.315221017728305, 44.329269753124699 ], [ -78.315192919586195, 44.329225879046398 ], [ -78.315179050596399, 44.329178018328903 ], [ -78.315159036522402, 44.329132893948199 ], [ -78.315151920845807, 44.329090953831603 ], [ -78.315151081689194, 44.329043398688199 ], [ -78.3151274197714, 44.328990266981599 ], [ -78.315116968836605, 44.3289554506092 ], [ -78.315155136134806, 44.328888646801097 ], [ -78.315096683343398, 44.328564614326403 ], [ -78.315103533968397, 44.328524443155402 ], [ -78.315095958576606, 44.328492575296103 ], [ -78.315114227233494, 44.3284000966486 ], [ -78.315127699635298, 44.3283687238685 ], [ -78.315061564242797, 44.328300908015898 ], [ -78.315035569728906, 44.3282549227159 ], [ -78.315025940057893, 44.328202120153499 ], [ -78.315025740862794, 44.328118569964197 ], [ -78.315005465729996, 44.328079201168798 ], [ -78.314988209784403, 44.327973643160902 ], [ -78.314986664020907, 44.3279195903092 ], [ -78.314963379892703, 44.327836217312097 ], [ -78.314955621434393, 44.327698472809203 ], [ -78.314977323761994, 44.327596712085104 ], [ -78.314974283083004, 44.327553427364499 ], [ -78.314957342131606, 44.327506934788097 ], [ -78.314959082861407, 44.327468804079302 ], [ -78.314968611757195, 44.3274358981106 ], [ -78.314955384279799, 44.327395974864402 ], [ -78.314973867842497, 44.327364719075298 ], [ -78.314961248466901, 44.327333453673297 ], [ -78.314934531855499, 44.327303296197499 ], [ -78.314925017856197, 44.327269942279599 ], [ -78.314926692904507, 44.3272332504649 ], [ -78.314885318738604, 44.327128565526699 ], [ -78.314850501626694, 44.327078051317798 ], [ -78.314826493500703, 44.326922638354503 ], [ -78.314833983042007, 44.326802538702303 ], [ -78.314834981391002, 44.3266268285075 ], [ -78.314829656677006, 44.326567645207298 ], [ -78.314830182188501, 44.326556134049298 ], [ -78.314764047222994, 44.326400451176902 ], [ -78.314744516854205, 44.326366404267603 ], [ -78.314731667496403, 44.326339853568001 ], [ -78.3147004097533, 44.3262340237168 ], [ -78.314670109554896, 44.326018685315603 ], [ -78.314657237148793, 44.325762193000202 ], [ -78.314694362301395, 44.325377539763998 ], [ -78.314737888237502, 44.324995405697102 ], [ -78.314757214736005, 44.324706005036198 ], [ -78.314745649344999, 44.324539689795301 ], [ -78.314685592306702, 44.324278169411997 ], [ -78.314619750075906, 44.3241110778063 ], [ -78.314508296309896, 44.323900978243799 ], [ -78.314430022672795, 44.323800729381503 ], [ -78.314303107306699, 44.323618919800097 ], [ -78.314145628590396, 44.323398428106401 ], [ -78.314112654310705, 44.323351558113103 ], [ -78.3140209608611, 44.323228403479099 ], [ -78.314044339668101, 44.323221751404397 ], [ -78.314047116277806, 44.3232268582831 ], [ -78.314052521415206, 44.323218342826998 ], [ -78.313913206485907, 44.323073040684797 ], [ -78.313902602196706, 44.323008111754298 ], [ -78.313908352067301, 44.3229700753825 ], [ -78.313925520147905, 44.322923665060003 ], [ -78.313922774684002, 44.322742104920202 ], [ -78.313940270282998, 44.322600633209703 ], [ -78.3139862208549, 44.322451188439999 ], [ -78.313975837277894, 44.322414933078001 ], [ -78.314502118666098, 44.322050640801102 ], [ -78.314527714306493, 44.322017392623899 ], [ -78.314551831066396, 44.321972586120502 ], [ -78.314559402671193, 44.321872653608303 ], [ -78.314584620032505, 44.321825712328703 ], [ -78.314625987402096, 44.321798596940198 ], [ -78.314699438987802, 44.321662042593601 ], [ -78.314831752373806, 44.321532634643702 ], [ -78.315003266114402, 44.321423594590001 ], [ -78.315234281782097, 44.321241771091003 ], [ -78.315289086093699, 44.321184002018001 ], [ -78.315332899451406, 44.321125254194698 ], [ -78.315455174369802, 44.321017936244601 ], [ -78.3154958168343, 44.320962714884999 ], [ -78.315547004261305, 44.320852284519503 ], [ -78.315616658655799, 44.320776859009896 ], [ -78.315649273234399, 44.320734951135798 ], [ -78.3161740511689, 44.321272917041398 ], [ -78.318315286331199, 44.323422299595698 ] ] ] } },
{ "type": "Feature", "properties": { "OBJECTID": 107, "WARDTYPE": "SUBWARD", "WARDNAME": "506", "WARD_ID": 235, "YEAR": 2010, "ACTIVE": "Yes", "Shape__Area": 333792.94580078102, "Shape__Length": 2275.8178335048001 }, "geometry": { "type": "Polygon", "coordinates": [ [ [ -78.318102952760199, 44.319896177888602 ], [ -78.318977262889803, 44.318547465355202 ], [ -78.320548103570005, 44.319100027983403 ], [ -78.320885923869696, 44.319207978094902 ], [ -78.321553260423002, 44.3194393308573 ], [ -78.322592659432402, 44.319785549927502 ], [ -78.324034652239106, 44.320272969939801 ], [ -78.324289286339294, 44.3204318203762 ], [ -78.324593819133099, 44.320709966801999 ], [ -78.325397637360496, 44.321538072958802 ], [ -78.326429589537, 44.322595908955201 ], [ -78.325067217804005, 44.323307748248901 ], [ -78.322711683315802, 44.324539802385303 ], [ -78.321858527233701, 44.324983084559399 ], [ -78.320541996052199, 44.325665054678097 ], [ -78.319060226238193, 44.324170004620797 ], [ -78.318366376374996, 44.323473579492401 ], [ -78.318315286331199, 44.323422299595698 ], [ -78.316959981818002, 44.322050509380098 ], [ -78.316783621004305, 44.321905683145701 ], [ -78.317505286404298, 44.320806519183201 ], [ -78.317661270239896, 44.320568936081102 ], [ -78.318102952760199, 44.319896177888602 ] ] ] } },
{ "type": "Feature", "properties": { "OBJECTID": 108, "WARDTYPE": "SUBWARD", "WARDNAME": "504", "WARD_ID": 232, "YEAR": 2010, "ACTIVE": "Yes", "Shape__Area": 238757.80224609401, "Shape__Length": 2536.9351969102599 }, "geometry": { "type": "Polygon", "coordinates": [ [ [ -78.316783621004305, 44.321905683145701 ], [ -78.3161740511689, 44.321272917041398 ], [ -78.315649273234399, 44.320734951135798 ], [ -78.315716834961094, 44.320648134676297 ], [ -78.315730978948196, 44.320623979788301 ], [ -78.315760597292197, 44.320568499085297 ], [ -78.315780918227901, 44.320540888343899 ], [ -78.315804425151597, 44.3204874245762 ], [ -78.315816942556907, 44.320432982160398 ], [ -78.315858009727194, 44.320368407785097 ], [ -78.315874993899698, 44.320303987308897 ], [ -78.315876239247103, 44.320232714748499 ], [ -78.315897741674902, 44.320179203823599 ], [ -78.315925059934301, 44.3201301509743 ], [ -78.315929296214804, 44.320081275582403 ], [ -78.315918089205198, 44.320019072177601 ], [ -78.315919104671707, 44.3199528366533 ], [ -78.315927644876595, 44.319897580478496 ], [ -78.315918488302898, 44.319768445662199 ], [ -78.315907150013601, 44.319709120949803 ], [ -78.315878972515094, 44.319645078941697 ], [ -78.315894610655405, 44.319610155853603 ], [ -78.315886099270003, 44.319576825557597 ], [ -78.315860880031906, 44.319535899269702 ], [ -78.315847784718599, 44.319493099210298 ], [ -78.315850493686099, 44.319455711433903 ], [ -78.315917772464999, 44.319212418425899 ], [ -78.315924422140895, 44.319132630284798 ], [ -78.315949866902997, 44.319080652484601 ], [ -78.315953774824393, 44.319038971571302 ], [ -78.315976278810297, 44.318985484173098 ], [ -78.315992901345496, 44.318928977591497 ], [ -78.315997301542396, 44.318876504939198 ], [ -78.316017094468407, 44.318816471797099 ], [ -78.316048781420804, 44.318759599202899 ], [ -78.316073072812898, 44.318644935042002 ], [ -78.316073792666899, 44.318585173640002 ], [ -78.316047619682195, 44.318521178796402 ], [ -78.315972603930803, 44.3184063402311 ], [ -78.315940814452105, 44.318377504116597 ], [ -78.315912687757802, 44.318334349704998 ], [ -78.315890193179797, 44.3182337100558 ], [ -78.315870627255293, 44.318200840028702 ], [ -78.315858664365393, 44.318155184808099 ], [ -78.315828023865294, 44.318101167949301 ], [ -78.315783354013902, 44.318046821173702 ], [ -78.315791139056302, 44.318008112316598 ], [ -78.315781392065901, 44.317891927548303 ], [ -78.315795679996398, 44.3177986348216 ], [ -78.315846305855999, 44.317700434819699 ], [ -78.315848689061099, 44.317695802222801 ], [ -78.315904766716997, 44.317584413507703 ], [ -78.316049221945093, 44.317340195560597 ], [ -78.316123252864401, 44.3172150360164 ], [ -78.316144042515305, 44.317067159315101 ], [ -78.316131193738698, 44.316996995773401 ], [ -78.316082711720298, 44.316938238147699 ], [ -78.316105417968402, 44.316889970763398 ], [ -78.318263113086402, 44.316323172555997 ], [ -78.318512715293295, 44.316257370801303 ], [ -78.319599696148501, 44.315970814390901 ], [ -78.320718991567105, 44.315699586969302 ], [ -78.321958943124997, 44.3153877248131 ], [ -78.323986193054907, 44.3148778104608 ], [ -78.323989054590498, 44.314877090703803 ], [ -78.323995048744393, 44.315004406104201 ], [ -78.324011770496895, 44.315034521652699 ], [ -78.324038731119401, 44.315067351190599 ], [ -78.324083439252604, 44.315118771558303 ], [ -78.324614082912703, 44.315646387948703 ], [ -78.325232093891202, 44.3162608551727 ], [ -78.323024791519501, 44.3173926536587 ], [ -78.322858279502697, 44.317490360866103 ], [ -78.322700215319301, 44.317570393687397 ], [ -78.322000649881105, 44.317926261901199 ], [ -78.3219289555297, 44.317949679552001 ], [ -78.321842573589507, 44.317964084692001 ], [ -78.321690084804601, 44.317986150292903 ], [ -78.321621069067703, 44.318002398681401 ], [ -78.321573303407604, 44.3180236524422 ], [ -78.321534475043606, 44.318053080642002 ], [ -78.321508538914799, 44.318084680324098 ], [ -78.321092704725004, 44.318720473856096 ], [ -78.321061632224698, 44.318775306048899 ], [ -78.321050276606499, 44.318805699342001 ], [ -78.321045819440499, 44.318832203294797 ], [ -78.321035541468405, 44.318936638975998 ], [ -78.321027823528198, 44.318958745073402 ], [ -78.321021596070494, 44.318979953465401 ], [ -78.320885923869696, 44.319207978094902 ], [ -78.320548103570005, 44.319100027983403 ], [ -78.318977262889803, 44.318547465355202 ], [ -78.318102952760199, 44.319896177888602 ], [ -78.317661270239896, 44.320568936081102 ], [ -78.317505286404298, 44.320806519183201 ], [ -78.316783621004305, 44.321905683145701 ] ] ] } },
{ "type": "Feature", "properties": { "OBJECTID": 109, "WARDTYPE": "SUBWARD", "WARDNAME": "507", "WARD_ID": 236, "YEAR": 2010, "ACTIVE": "Yes", "Shape__Area": 239314.77880859401, "Shape__Length": 2154.3694865952598 }, "geometry": { "type": "Polygon", "coordinates": [ [ [ -78.332181066915197, 44.319706327241597 ], [ -78.332390048086694, 44.319922738404003 ], [ -78.333137963867401, 44.320697229899999 ], [ -78.333606045824695, 44.321173035077301 ], [ -78.334188353064306, 44.321777262858298 ], [ -78.334339793092596, 44.321934243455097 ], [ -78.332015421315603, 44.323466547208703 ], [ -78.331644069678603, 44.3238651696064 ], [ -78.331074787603995, 44.324850905132202 ], [ -78.330706476099493, 44.324469423908198 ], [ -78.329065041806302, 44.322794535204601 ], [ -78.328553027391095, 44.323051321643902 ], [ -78.327444047266098, 44.323620368604203 ], [ -78.327101330351297, 44.3232686294822 ], [ -78.326429589537, 44.322595908955201 ], [ -78.325397637360496, 44.321538072958802 ], [ -78.326530235247503, 44.320957027435099 ], [ -78.328312068040603, 44.320040384708498 ], [ -78.329490141874999, 44.319436595879303 ], [ -78.331101229253093, 44.318613619651103 ], [ -78.332181066915197, 44.319706327241597 ] ] ] } },
{ "type": "Feature", "properties": { "OBJECTID": 110, "WARDTYPE": "SUBWARD", "WARDNAME": "514", "WARD_ID": 237, "YEAR": 2010, "ACTIVE": "Yes", "Shape__Area": 272996.05908203102, "Shape__Length": 2968.3113203114199 }, "geometry": { "type": "Polygon", "coordinates": [ [ [ -78.331074787603995, 44.324850905132202 ], [ -78.330299262098904, 44.326314519276799 ], [ -78.326381857170304, 44.333706403058301 ], [ -78.324954456293995, 44.333293321750901 ], [ -78.324431358262004, 44.333060472697603 ], [ -78.324628361691296, 44.332845661008697 ], [ -78.324690483565305, 44.332755901217297 ], [ -78.324725499009404, 44.332658613587903 ], [ -78.324801390120697, 44.332318558041699 ], [ -78.324834894331303, 44.332213784282203 ], [ -78.3249205505183, 44.332043727662501 ], [ -78.325296927188901, 44.331323732215701 ], [ -78.325476079744305, 44.330993665276402 ], [ -78.326762740758795, 44.328557751104398 ], [ -78.325461629113803, 44.328200216817301 ], [ -78.325661343297796, 44.327818418856303 ], [ -78.3257133618078, 44.327692414322101 ], [ -78.325743180681599, 44.327577344761899 ], [ -78.325754472489905, 44.327455110678898 ], [ -78.325750302000401, 44.327360368849703 ], [ -78.325727839238596, 44.3272547372624 ], [ -78.325698357114206, 44.327172521220497 ], [ -78.325619791641202, 44.3270155126758 ], [ -78.325593682137495, 44.326940221315603 ], [ -78.325587074609601, 44.326857046728001 ], [ -78.325600700125605, 44.3267903999011 ], [ -78.325622048395999, 44.326742681342701 ], [ -78.325649407896606, 44.326702435459701 ], [ -78.325705051805599, 44.3266524630654 ], [ -78.325773111330506, 44.326607905885403 ], [ -78.3266418705592, 44.326163368248402 ], [ -78.326656878540305, 44.326153359373997 ], [ -78.326690636229998, 44.326111059210497 ], [ -78.326697348889994, 44.326085551373502 ], [ -78.326693352726593, 44.326066080257903 ], [ -78.326665238277798, 44.325960266056697 ], [ -78.3266360533637, 44.325888381560098 ], [ -78.326601458152993, 44.3258208573139 ], [ -78.326561344686098, 44.3257528671096 ], [ -78.326370231713994, 44.325428931748398 ], [ -78.326193246998699, 44.3251594893703 ], [ -78.327855003046906, 44.324322121604702 ], [ -78.327907939265799, 44.324299085790997 ], [ -78.328059504679999, 44.3242521606929 ], [ -78.327444047266098, 44.323620368604203 ], [ -78.328553027391095, 44.323051321643902 ], [ -78.329065041806302, 44.322794535204601 ], [ -78.330706476099493, 44.324469423908198 ], [ -78.331074787603995, 44.324850905132202 ] ] ] } },
{ "type": "Feature", "properties": { "OBJECTID": 111, "WARDTYPE": "SUBWARD", "WARDNAME": "515", "WARD_ID": 238, "YEAR": 2010, "ACTIVE": "Yes", "Shape__Area": 302808.86816406302, "Shape__Length": 2946.0584418460598 }, "geometry": { "type": "Polygon", "coordinates": [ [ [ -78.327444047266098, 44.323620368604203 ], [ -78.328059504679999, 44.3242521606929 ], [ -78.327907939265799, 44.324299085790997 ], [ -78.327855003046906, 44.324322121604702 ], [ -78.326193246998699, 44.3251594893703 ], [ -78.326370231713994, 44.325428931748398 ], [ -78.326561344686098, 44.3257528671096 ], [ -78.326601458152993, 44.3258208573139 ], [ -78.3266360533637, 44.325888381560098 ], [ -78.326665238277798, 44.325960266056697 ], [ -78.326693352726593, 44.326066080257903 ], [ -78.326697348889994, 44.326085551373502 ], [ -78.326690636229998, 44.326111059210497 ], [ -78.326656878540305, 44.326153359373997 ], [ -78.3266418705592, 44.326163368248402 ], [ -78.325773111330506, 44.326607905885403 ], [ -78.325705051805599, 44.3266524630654 ], [ -78.325649407896606, 44.326702435459701 ], [ -78.325622048395999, 44.326742681342701 ], [ -78.325600700125605, 44.3267903999011 ], [ -78.325587074609601, 44.326857046728001 ], [ -78.325593682137495, 44.326940221315603 ], [ -78.325619791641202, 44.3270155126758 ], [ -78.325698357114206, 44.327172521220497 ], [ -78.325727839238596, 44.3272547372624 ], [ -78.325750302000401, 44.327360368849703 ], [ -78.325754472489905, 44.327455110678898 ], [ -78.325743180681599, 44.327577344761899 ], [ -78.3257133618078, 44.327692414322101 ], [ -78.325661343297796, 44.327818418856303 ], [ -78.325461629113803, 44.328200216817301 ], [ -78.326762740758795, 44.328557751104398 ], [ -78.325476079744305, 44.330993665276402 ], [ -78.325296927188901, 44.331323732215701 ], [ -78.3249205505183, 44.332043727662501 ], [ -78.324834894331303, 44.332213784282203 ], [ -78.324801390120697, 44.332318558041699 ], [ -78.324725499009404, 44.332658613587903 ], [ -78.324690483565305, 44.332755901217297 ], [ -78.324628361691296, 44.332845661008697 ], [ -78.324431358262004, 44.333060472697603 ], [ -78.3242146499245, 44.332948825565602 ], [ -78.324078672512101, 44.332868837305703 ], [ -78.323935024321401, 44.332772971862198 ], [ -78.323755182939195, 44.3326306965714 ], [ -78.3234336548756, 44.332349186073898 ], [ -78.323198502521507, 44.3320409203004 ], [ -78.323035869691907, 44.331771874640502 ], [ -78.322963452921897, 44.331613074776101 ], [ -78.3229050278279, 44.331453198587297 ], [ -78.322866173708405, 44.331311962424202 ], [ -78.322814944645401, 44.331064777974802 ], [ -78.322795052928697, 44.330811510715499 ], [ -78.322797071338201, 44.329664107528501 ], [ -78.322809725650501, 44.329409154815501 ], [ -78.322808629369007, 44.328508573353297 ], [ -78.322808299632001, 44.3283296701875 ], [ -78.322802917419097, 44.328254158529099 ], [ -78.3227967810422, 44.328177581261301 ], [ -78.322769453423405, 44.328081619195103 ], [ -78.322705325975306, 44.327929830396101 ], [ -78.3225951125835, 44.327758072804301 ], [ -78.322452574302005, 44.3275913942364 ], [ -78.322341831867703, 44.327479744350697 ], [ -78.320541996052199, 44.325665054678097 ], [ -78.321858527233701, 44.324983084559399 ], [ -78.322711683315802, 44.324539802385303 ], [ -78.325067217804005, 44.323307748248901 ], [ -78.326429589537, 44.322595908955201 ], [ -78.327101330351297, 44.3232686294822 ], [ -78.327444047266098, 44.323620368604203 ] ] ] } },
{ "type": "Feature", "properties": { "OBJECTID": 112, "WARDTYPE": "SUBWARD", "WARDNAME": "212", "WARD_ID": 210, "YEAR": 2018, "ACTIVE": "Yes", "Shape__Area": 1003818.5078125, "Shape__Length": 4935.8725592009896 }, "geometry": { "type": "Polygon", "coordinates": [ [ [ -78.382971326047894, 44.301037218315997 ], [ -78.362299181806094, 44.3060783290423 ], [ -78.361919938382499, 44.306168394065701 ], [ -78.361867795542295, 44.306029106997002 ], [ -78.361655608436195, 44.305582328253998 ], [ -78.361162509948599, 44.304544050924001 ], [ -78.361106694244995, 44.304426523833101 ], [ -78.360520233240806, 44.303191599797103 ], [ -78.360459073075603, 44.303062806940602 ], [ -78.360949780244695, 44.302992545149799 ], [ -78.360951743558502, 44.3029965418635 ], [ -78.361063595462696, 44.302968127525702 ], [ -78.361099859307799, 44.303015931615498 ], [ -78.361134019878406, 44.303040740765802 ], [ -78.361174149168306, 44.303059367928697 ], [ -78.361202678834999, 44.3030679463022 ], [ -78.361247512703102, 44.303075255856299 ], [ -78.361288687319998, 44.303076045612499 ], [ -78.361345511262599, 44.303067913424599 ], [ -78.361383030757395, 44.303058762404 ], [ -78.361440932197993, 44.30313547574 ], [ -78.361588522706896, 44.303447285760797 ], [ -78.361873245568006, 44.303377784700402 ], [ -78.362157967786104, 44.303308282912397 ], [ -78.362578179366395, 44.303205705341902 ], [ -78.362623736435495, 44.303194584352298 ], [ -78.362666805335607, 44.303184071163599 ], [ -78.362843081954907, 44.303135872647601 ], [ -78.362899105317297, 44.303163294805799 ], [ -78.362995953029198, 44.303206829731998 ], [ -78.363097903201904, 44.303245048361497 ], [ -78.363230853169696, 44.303284598762701 ], [ -78.363342030542299, 44.303309634165402 ], [ -78.363455934443806, 44.303328293641002 ], [ -78.363578264278701, 44.303340878067601 ], [ -78.363693826535496, 44.303345912976198 ], [ -78.363773961218001, 44.303345556179899 ], [ -78.364299274148706, 44.303339270631497 ], [ -78.364295957123105, 44.303306283450603 ], [ -78.364295044749795, 44.303242101314503 ], [ -78.364300546442394, 44.303167382768201 ], [ -78.364311024772704, 44.303102919870298 ], [ -78.3643288866093, 44.303031803339003 ], [ -78.364352818624994, 44.3029626455236 ], [ -78.364378449340407, 44.302903930546101 ], [ -78.364416702204096, 44.302833219986297 ], [ -78.364421584369097, 44.302824193078202 ], [ -78.364483072878301, 44.3027339211475 ], [ -78.364541382296807, 44.302663691615997 ], [ -78.364608712054107, 44.302594934298497 ], [ -78.364697724059198, 44.302518459758303 ], [ -78.364927390363405, 44.3022947487067 ], [ -78.365045067389303, 44.302180119169897 ], [ -78.365095168617302, 44.302115562493398 ], [ -78.365138972511005, 44.302053896177597 ], [ -78.365199038777504, 44.301959168849699 ], [ -78.365257808401694, 44.301850608482901 ], [ -78.365298115265603, 44.301762421993303 ], [ -78.365355113371393, 44.301614219210897 ], [ -78.365413892896001, 44.301461386863799 ], [ -78.365598717101804, 44.300977157415197 ], [ -78.365662422752393, 44.300810243010197 ], [ -78.366094753966806, 44.300880995465199 ], [ -78.366125458211002, 44.300884336345703 ], [ -78.366176127991096, 44.300887046750901 ], [ -78.366223760943598, 44.300886464066302 ], [ -78.366283215511203, 44.300881451056 ], [ -78.366363030013702, 44.300866878643198 ], [ -78.367023970879501, 44.300706699095798 ], [ -78.367668876594195, 44.300550400655801 ], [ -78.3678893108724, 44.300490329581699 ], [ -78.36800284233, 44.300448307011997 ], [ -78.368146079929005, 44.300375636817897 ], [ -78.3682547320266, 44.300300774546699 ], [ -78.368364366944405, 44.300198113499 ], [ -78.368944340501699, 44.299550464375102 ], [ -78.369830000846093, 44.298563388861602 ], [ -78.370200113771105, 44.298146685260697 ], [ -78.370247555091098, 44.298096624314802 ], [ -78.370310009979804, 44.298039210925701 ], [ -78.370358894009001, 44.297999589499597 ], [ -78.370394745715203, 44.297966938495897 ], [ -78.372472764159895, 44.296741058167598 ], [ -78.373387193892199, 44.2962045738984 ], [ -78.374304394990006, 44.295666448052103 ], [ -78.374499909020003, 44.2955589079302 ], [ -78.374612160334706, 44.295503187539801 ], [ -78.374704858321806, 44.295460201946199 ], [ -78.374828624810704, 44.2954068204157 ], [ -78.374960368305693, 44.295354731335301 ], [ -78.375095422357603, 44.295306093377597 ], [ -78.375218817541906, 44.2952656381065 ], [ -78.375308104946299, 44.295238631891898 ], [ -78.375387161837097, 44.2952162545972 ], [ -78.375479103208505, 44.295191712116498 ], [ -78.376089025014096, 44.295043705623698 ], [ -78.376320045437097, 44.294987575154401 ], [ -78.376517024491605, 44.294950806534601 ], [ -78.376743624304396, 44.294934182330799 ], [ -78.376952051776797, 44.294942051752599 ], [ -78.377107311835502, 44.294962583284402 ], [ -78.377245899614806, 44.294992173680498 ], [ -78.377372578990006, 44.295029401975398 ], [ -78.377508601532497, 44.295081669689097 ], [ -78.377589075781302, 44.2951218451771 ], [ -78.377651845899294, 44.295153183679403 ], [ -78.377744611651195, 44.295201614303103 ], [ -78.377861565197605, 44.2952519499826 ], [ -78.378004705521903, 44.2952939247511 ], [ -78.378008205920395, 44.295294951347302 ], [ -78.378184652274797, 44.2953397822534 ], [ -78.378291912350207, 44.295357930409999 ], [ -78.378442293362198, 44.295370455312401 ], [ -78.378572139289204, 44.295371954459299 ], [ -78.378702960275803, 44.2953647845452 ], [ -78.378888706961007, 44.295339216262001 ], [ -78.379079797782197, 44.295294031736503 ], [ -78.379290940754501, 44.295244105432701 ], [ -78.380082688202904, 44.295051706881303 ], [ -78.381419693097996, 44.297856284241803 ], [ -78.382971326047894, 44.301037218315997 ] ] ] } }
]
}
