{"type":"FeatureCollection","features":[{"type":"Feature","id":1,"geometry":{"type":"Polygon","coordinates":[[[-104.50330144233452,50.471704821985767],[-104.50358479256721,50.471654412387089],[-104.50376994247223,50.471621306735805],[-104.50377485136291,50.471620431923157],[-104.51490486957825,50.469629901846538],[-104.51498011360584,50.469630217221557],[-104.5162105309073,50.469411688753162],[-104.5165212391346,50.46935650496183],[-104.51683166958013,50.469301406424165],[-104.51714196406772,50.469246303796886],[-104.52078370909909,50.468599498449358],[-104.52225966542572,50.468337326662592],[-104.52229445179242,50.468331147092989],[-104.52595391078243,50.467681013337469],[-104.52623330329899,50.467631371592404],[-104.52623337926087,50.467927375662192],[-104.52623377026829,50.467927306206064],[-104.53596442183814,50.466192330177165],[-104.53596454604723,50.466192308188887],[-104.54916626594928,50.463836933961737],[-104.54918206916841,50.462074295026149],[-104.54868500852635,50.462067605716499],[-104.54869314880948,50.461213263565796],[-104.54870656039823,50.458326430606583],[-104.5487084566421,50.455169742417809],[-104.54870276644837,50.454288363626077],[-104.54871163732876,50.451878156445382],[-104.54872734695969,50.451308392580131],[-104.54875341270538,50.451189330140579],[-104.54879593404549,50.451072850546446],[-104.54893286908568,50.450641515358193],[-104.54903564074519,50.450395493431479],[-104.54909920957881,50.450183764266072],[-104.54913794763279,50.450035522246679],[-104.54917252615387,50.44989527182674],[-104.54919104037432,50.449696592854515],[-104.54921356436796,50.44950593353726],[-104.5492155421794,50.449254040353232],[-104.54921327942446,50.448019225799889],[-104.54922194112626,50.447105011751297],[-104.54922194462922,50.447104643035019],[-104.54924132541662,50.447104594895642],[-104.54924137752749,50.447104595097493],[-104.55393297813926,50.447092860516697],[-104.55399453184252,50.447092705225003],[-104.55489444380117,50.447090431760401],[-104.55802437746465,50.447105638173078],[-104.5582387894093,50.447106677122243],[-104.55977095797272,50.447114086734047],[-104.5603145134926,50.44711325298374],[-104.56039058800097,50.447113135680432],[-104.56204286476139,50.447110584343527],[-104.56339232647774,50.447122579041341],[-104.56345426382831,50.447123128865883],[-104.56345583553454,50.447123142855737],[-104.56355917946189,50.447124061085511],[-104.56355503661185,50.446969626039369],[-104.56355207549797,50.446846730806378],[-104.56354998105827,50.446764973770904],[-104.56354592503092,50.446606617914377],[-104.56354495817014,50.446568870751584],[-104.56354194708727,50.446452025188407],[-104.56353900592437,50.446347331779073],[-104.56353820410177,50.446337884793188],[-104.56353772299008,50.446301687216057],[-104.56352843519625,50.445971181467918],[-104.56352821854067,50.445969471008205],[-104.56344665099526,50.445323941848635],[-104.56339590990099,50.444922357581952],[-104.56339429514938,50.444909579980688],[-104.56279714141104,50.443681928983992],[-104.56237190258985,50.442366389186624],[-104.56237105640744,50.442363769819906],[-104.56227791928428,50.442075626633134],[-104.56204911142081,50.441209349977612],[-104.56204893788902,50.441208163092817],[-104.56196227537383,50.440611416838891],[-104.5618928505549,50.440133350455959],[-104.56214140433897,50.439354914431185],[-104.56214150149924,50.439354609919839],[-104.56246458774743,50.438570323615593],[-104.56300457607981,50.437726534876518],[-104.56341004487219,50.437285766613847],[-104.56351715445582,50.437169330370097],[-104.56352248117769,50.437163548692972],[-104.56352252670031,50.437163498500553],[-104.56364995962083,50.437027457154329],[-104.56396109118795,50.436695308261967],[-104.5650160914267,50.435568998216425],[-104.56573622220471,50.434836035587693],[-104.56802264257016,50.432508696462968],[-104.56907824332016,50.431434111120666],[-104.57076639609211,50.429722643832157],[-104.57131538266965,50.429166044145035],[-104.57177862520891,50.428654823748587],[-104.57259488220549,50.427753996323617],[-104.57268561026287,50.427653866575682],[-104.57286256114547,50.427384936233821],[-104.57289552509839,50.42733483788831],[-104.57289554793901,50.427334802897747],[-104.57293152499648,50.427280127150318],[-104.57293489787475,50.427275002478908],[-104.57310987891428,50.427009072821406],[-104.57310993601098,50.427008985794551],[-104.57365754423262,50.426176752424688],[-104.57365840417911,50.426175367888128],[-104.57217732373967,50.426042066589673],[-104.56818889551622,50.426024162527334],[-104.56258646442781,50.426003650332092],[-104.55872671281267,50.426016096549617],[-104.55871291353881,50.426213001477755],[-104.55871288700303,50.426215856794649],[-104.55875757672885,50.426216977778203],[-104.55876190935997,50.426231747048611],[-104.55875728044373,50.426248862000342],[-104.55873915612368,50.426275206105949],[-104.55869060135495,50.42632927489479],[-104.55864966108904,50.426371268273435],[-104.55862403624177,50.426397553332926],[-104.55842490996187,50.42656726309567],[-104.55834468715491,50.426635634335092],[-104.55820502222097,50.426753604399366],[-104.55789383016078,50.427050813983321],[-104.55781741156619,50.427096924357734],[-104.55774779655125,50.427132352951411],[-104.55766376868185,50.427155590066768],[-104.55756968330695,50.427178789779518],[-104.55749133459607,50.427192055753217],[-104.55733154941288,50.427211962919181],[-104.5573151489891,50.427214402499963],[-104.55730225196186,50.427216321197236],[-104.5572316265033,50.427240323069846],[-104.55717324600161,50.427269369155461],[-104.55717490767128,50.427330767396697],[-104.55721490599393,50.427366007515921],[-104.55723919491432,50.427387406298934],[-104.5572870322039,50.427410431653165],[-104.55738890665084,50.427510759708042],[-104.55740411262933,50.427557931478724],[-104.55740908006374,50.42762433904214],[-104.55740804205553,50.427735696353047],[-104.55739893357747,50.427792884260818],[-104.55739736044235,50.427802758468935],[-104.5573701419848,50.427845486185419],[-104.55733512010831,50.427886042871215],[-104.55724633459702,50.427939957989388],[-104.55718528515001,50.427963585269005],[-104.55710848530619,50.427982264633791],[-104.5570550360077,50.427997085618749],[-104.55703229753247,50.42800339069462],[-104.55700067284023,50.428009655639599],[-104.55696512273492,50.428016697952039],[-104.55693293146301,50.428029212060551],[-104.55691286556112,50.428045880536096],[-104.55690780564503,50.428051458784374],[-104.55687503219936,50.428090595734794],[-104.55685904184625,50.428127655255878],[-104.55684517244889,50.42817685859805],[-104.55682554206204,50.428244599755295],[-104.55681424606971,50.428260033539971],[-104.55679271509955,50.428289448210307],[-104.5567419351238,50.428342079538645],[-104.55666094343242,50.428398879313761],[-104.55660488900999,50.428421679936243],[-104.55655937195868,50.428449983303928],[-104.55650128707367,50.428502494054996],[-104.55640773608474,50.428587799948474],[-104.55633087995921,50.42863420805196],[-104.55626371738445,50.428692188054427],[-104.55618392770093,50.428739711750985],[-104.5560936453948,50.428780685914091],[-104.55606162865648,50.428792070870884],[-104.55598165560109,50.428796685138501],[-104.55592080428626,50.428793674846361],[-104.55578264302071,50.428749602154454],[-104.55574589914215,50.428735184791833],[-104.55568034039212,50.428694958642637],[-104.55564943155521,50.428654150702457],[-104.55559496309986,50.428623247183879],[-104.55553179399597,50.42856661165591],[-104.55550187482639,50.428539370459767],[-104.55546863841327,50.428508547986581],[-104.55542159819755,50.428495852099942],[-104.55538498133235,50.428491809038647],[-104.5553395281605,50.428495617645432],[-104.55527495398361,50.428517944391231],[-104.55525951435854,50.428524167296658],[-104.55522686099633,50.428550455315538],[-104.55519743123256,50.428590318652027],[-104.55517591181402,50.42862093189234],[-104.55512860886984,50.428660013703698],[-104.55508351477742,50.428701958458745],[-104.55502285006628,50.428735991481993],[-104.55486398541362,50.428754657687428],[-104.55476560628976,50.428758564869042],[-104.55461939514949,50.428759435276575],[-104.55443926483446,50.428760885205264],[-104.55430176723176,50.428765355376541],[-104.55417651470758,50.428774869056348],[-104.55403789108624,50.428780048680558],[-104.55388235766625,50.428789355151004],[-104.55370358789108,50.428797327601224],[-104.55358277686894,50.428809713093948],[-104.55340407258885,50.428799033843873],[-104.55325214782403,50.428792739814092],[-104.55317626607068,50.428781026784428],[-104.55295171102505,50.428773739358533],[-104.55275738838849,50.428760143692074],[-104.55252271521879,50.428759241459794],[-104.55244785734351,50.428757525401103],[-104.5523360950946,50.428758523635999],[-104.55225896115476,50.428761082273958],[-104.55217711487407,50.428789321475612],[-104.55203904452543,50.428854464599411],[-104.55190774541711,50.428912494643413],[-104.55187063203142,50.428937337287266],[-104.55176734430138,50.428987622876697],[-104.55157670231016,50.429057560580226],[-104.55137496644656,50.429118888050141],[-104.55130207923675,50.429145019839623],[-104.55121237585863,50.429176797559705],[-104.55114393822021,50.429205087749111],[-104.55109003508871,50.429232719893456],[-104.55106075667302,50.429256164347088],[-104.55102237762989,50.429296706178107],[-104.55096242063166,50.429373571064311],[-104.55094418276661,50.429411335176169],[-104.55094037684954,50.429459148490054],[-104.55093949239425,50.429552659741461],[-104.55095078005368,50.42965906778926],[-104.55095572656185,50.429726903691943],[-104.55096919995421,50.429838316923259],[-104.55097218223656,50.429877590181036],[-104.55099259779125,50.42996404552855],[-104.5510079317765,50.429996942434109],[-104.55102554878133,50.430024850493552],[-104.55103987434993,50.430046321838759],[-104.55107096910852,50.430067143801395],[-104.55109907957971,50.430075847278125],[-104.55113624428313,50.43008651836486],[-104.55119647714776,50.430102072817071],[-104.5512437807008,50.430110641637249],[-104.55128598600351,50.430123092131019],[-104.55134511036569,50.430149580049111],[-104.55140375250068,50.430211912117237],[-104.55141906662709,50.430246949328094],[-104.55142990533453,50.430282684262252],[-104.55143735671373,50.430321974732877],[-104.55142861040419,50.430419739239497],[-104.55141948807926,50.430438978804993],[-104.551392921944,50.430530249698194],[-104.55138884657806,50.430606616137403],[-104.55140966929298,50.430650241731293],[-104.55142056737941,50.430679551982159],[-104.55144388942624,50.430711838387822],[-104.55145366244639,50.430725366214631],[-104.55149575714378,50.430764790215527],[-104.55156249233627,50.430798599231721],[-104.55166713021039,50.430842546858479],[-104.55172956471023,50.430867512150854],[-104.55170751541522,50.430905284173008],[-104.55124319506477,50.431351578825712],[-104.54789486948631,50.429797719910354],[-104.5406401577998,50.426301598671245],[-104.5392258811609,50.427525603067494],[-104.53908009296975,50.427654105857471],[-104.53893783626464,50.427784213396293],[-104.53879915506963,50.427915888098866],[-104.53866409063851,50.428049087872211],[-104.53853268701604,50.428183773332329],[-104.53840498123583,50.428319902369225],[-104.53828101453887,50.428457434688085],[-104.53816082255396,50.428596328173036],[-104.53804444232799,50.428736539814139],[-104.53793191090055,50.42887802750063],[-104.5378232610979,50.429020748205446],[-104.53769902964976,50.429192193107774],[-104.53763792062927,50.429282503464883],[-104.53755320996338,50.429425749816616],[-104.53752790582705,50.42947338733206],[-104.53750390553149,50.429521298927924],[-104.53748121907554,50.429569470255267],[-104.53745985222577,50.429617887847613],[-104.53743981077508,50.42966653554047],[-104.53742110330602,50.429715399878525],[-104.53740373137926,50.429764465579716],[-104.53738770360378,50.429813716490713],[-104.53737302433871,50.429863139139194],[-104.53735969655281,50.429912718248637],[-104.53734772603946,50.429962437654318],[-104.53733711575887,50.430012282978929],[-104.53732787007911,50.430062239850713],[-104.53731998917095,50.430112291183107],[-104.53731347739381,50.430162423503546],[-104.53730833632643,50.430212619731037],[-104.53730456751246,50.430262866381696],[-104.53730217252195,50.430313147273701],[-104.53730115150822,50.430363447118928],[-104.53730150462464,50.430413750629121],[-104.5373032320246,50.430464042516043],[-104.53730633385267,50.430514308390727],[-104.53731080746392,50.430564531154971],[-104.53732108175927,50.43064655260293],[-104.53732465524449,50.432780395658156],[-104.53732301604754,50.433208482067066],[-104.53732205628745,50.433288174475635],[-104.53731891989837,50.433367844738257],[-104.53731360570676,50.433447467668564],[-104.53730611816235,50.433527019001623],[-104.53729645607415,50.433606475349421],[-104.53728462531751,50.433685810653792],[-104.53727062890812,50.433765003341904],[-104.53725447131342,50.433844027349743],[-104.53723615556682,50.433922859305582],[-104.53721568893457,50.434001474955053],[-104.53719307586705,50.434079850032496],[-104.53716832642931,50.434157962093082],[-104.53714144508078,50.434235785971595],[-104.53711244189567,50.434313298323772],[-104.53708132554033,50.434390475799617],[-104.53704810328203,50.434467294144056],[-104.53701278800287,50.434543730922982],[-104.53697538978668,50.434619761892371],[-104.53693591869119,50.43469536550608],[-104.53689438762555,50.434770516631744],[-104.53685080946413,50.434845193734162],[-104.53680519709913,50.434919373479509],[-104.53675756482221,50.434993033438715],[-104.53670792691672,50.43506615208198],[-104.53665629910058,50.435138705187043],[-104.53660269564018,50.435210673022588],[-104.53654713366224,50.435282031371813],[-104.53648963025864,50.435352759615178],[-104.53643020253048,50.435422836233734],[-104.53636886898725,50.43549223971403],[-104.53630564813884,50.43556094854263],[-104.5362405584779,50.43562894300463],[-104.53617362133123,50.435696201597693],[-104.53610485661795,50.435762702813875],[-104.53603428423121,50.435828427843013],[-104.5359619268895,50.435893356986973],[-104.53588780592125,50.435957468743212],[-104.53579546275766,50.436034193895189],[-104.5356596308531,50.436151347189117],[-104.53495224322899,50.435847038196997],[-104.53489438103568,50.435822720730073],[-104.53483586340371,50.435799051738549],[-104.53477670856594,50.435776038489145],[-104.53471693334706,50.435753688242841],[-104.53465655738785,50.435732008272055],[-104.53459559753038,50.435711004039248],[-104.53453407341517,50.435690682816805],[-104.534450966036,50.435664590465649],[-104.53314312586141,50.435317074191602],[-104.53260032123822,50.435141878616115],[-104.53248245386214,50.435109237407374],[-104.53237230434986,50.435078605649856],[-104.5321856948926,50.43502486986899],[-104.5320086792983,50.434976409249039],[-104.53190720184146,50.434946736451543],[-104.5317537660233,50.434903915644625],[-104.53165901143329,50.434877349933465],[-104.5315604141354,50.434849228100376],[-104.53146902570617,50.434823599410549],[-104.53135582528303,50.434792487644131],[-104.53114917423706,50.434733591785317],[-104.53098130740497,50.434687014609672],[-104.530859141063,50.434652328202858],[-104.53059364782239,50.434577016717171],[-104.53047340331719,50.434543261282315],[-104.5303531589748,50.434509506622788],[-104.53027428264009,50.434487008640652],[-104.53019924912762,50.434466065795768],[-104.53003619609649,50.434420431212111],[-104.52987602301425,50.434376348610058],[-104.52975962529244,50.434343840976524],[-104.52966006574363,50.434315713639194],[-104.52946595609082,50.434260679588306],[-104.5286120132093,50.43402029493916],[-104.52847037969258,50.433982194185539],[-104.52832687940379,50.43394705982147],[-104.52818166261956,50.433914928423214],[-104.5280348852647,50.433885834791909],[-104.52788670329852,50.433859810132162],[-104.52773727273264,50.43383688025353],[-104.52758675097657,50.433817071871268],[-104.52743530115141,50.433800403630464],[-104.52728308073638,50.433786895053636],[-104.52713025289567,50.433776560290937],[-104.52697697942973,50.43376940899126],[-104.52682342214753,50.433765449904939],[-104.52666974431952,50.433764686393069],[-104.52631496789299,50.433765857122282],[-104.52360654562186,50.433759309618196],[-104.52360565476636,50.433898730333766],[-104.52360317517216,50.435383012195203],[-104.52356176014081,50.43732023958907],[-104.52349406071292,50.440486462658662],[-104.52620798939898,50.440488003775258],[-104.5262039566727,50.440587823384135],[-104.52620450436734,50.440996069603521],[-104.5262051822716,50.441527395843863],[-104.52620645282498,50.442522830985226],[-104.5262069111542,50.44288148157527],[-104.52621242399472,50.447350628243562],[-104.52620968832025,50.447551950908426],[-104.52512093349088,50.447575484528059],[-104.51776873866416,50.44752720815795],[-104.51133316052764,50.44752859368338],[-104.50341643568208,50.447529809322468],[-104.50327505069851,50.447529952381508],[-104.50327535216273,50.447732291258625],[-104.50327799805304,50.449362390489092],[-104.50327811861149,50.449437784630454],[-104.50327826368945,50.449526577270255],[-104.50327893394021,50.449960065579987],[-104.50327970116103,50.45045209512076],[-104.50328042892626,50.450867978994673],[-104.50328049933383,50.450910224069574],[-104.50328087084999,50.451120934199906],[-104.50328086472852,50.45113793172991],[-104.50328086083761,50.451175703160679],[-104.50328124190432,50.451395052397118],[-104.50328414073813,50.453176910128988],[-104.50328703867231,50.454946182833467],[-104.50328705678707,50.454994227505708],[-104.50328711605849,50.455127128772311],[-104.50328819355306,50.45816978296812],[-104.50328923263444,50.461106353757096],[-104.50328965967599,50.462311579048347],[-104.50328961176426,50.462343055739169],[-104.50328978296051,50.462878343531884],[-104.50329086616682,50.465492278641676],[-104.50329094221597,50.465635262234109],[-104.50329103529907,50.465811994503447],[-104.50329134292086,50.466469143026465],[-104.50329135260354,50.466643074372342],[-104.50329150220921,50.466817098942116],[-104.50329150902888,50.466991302765166],[-104.50329259094948,50.46957764970896],[-104.50330144233452,50.471704821985767]]]},"properties":{"OBJECTID":1,"ID":5,"POPULATION":25465,"SHAPE.AREA":12933506.743939601,"SHAPE.LEN":20123.160971833}},{"type":"Feature","id":2,"geometry":{"type":"Polygon","coordinates":[[[-104.60622353085618,50.469515829635007],[-104.59838762224928,50.469496553363633],[-104.59827759310581,50.469498751514756],[-104.59816780011288,50.469506284308643],[-104.59805850176225,50.469519134010412],[-104.5979499553812,50.46953727036729],[-104.59784241652652,50.469560650679838],[-104.59715734177517,50.469729339913108],[-104.59707426924977,50.469751605026339],[-104.59698173526199,50.469780892614807],[-104.59689476910796,50.469810785780403],[-104.59669296039381,50.469909580277509],[-104.59659850458928,50.469959257397846],[-104.59650756843607,50.47001511732384],[-104.59642055604755,50.470076911818232],[-104.59622478886423,50.470227509345207],[-104.59615462522939,50.470280748562899],[-104.59608147801853,50.470338243995265],[-104.59601179673966,50.470399894287851],[-104.59594581705606,50.470465490938309],[-104.59588376211212,50.470534812097654],[-104.59582584177875,50.470607623320554],[-104.59577225194346,50.470683678358213],[-104.59572157400223,50.470762402928109],[-104.59557572951974,50.470762370213968],[-104.59535350552838,50.470762227390878],[-104.59535350526502,50.470761597854455],[-104.59521085506756,50.47076110183783],[-104.59523241504355,50.475561674374454],[-104.59521812149805,50.47887429073046],[-104.59521807007781,50.478886087131023],[-104.59517261001361,50.480701425646906],[-104.59516900370998,50.480855311785113],[-104.59518402503009,50.481211464647913],[-104.59489505363575,50.481981618186893],[-104.59470472567183,50.482423346465282],[-104.59457406394088,50.482726591350939],[-104.59457393308634,50.482726893970941],[-104.59457125035719,50.482733698885248],[-104.59430204427652,50.483416043841288],[-104.59400862930639,50.483935900965562],[-104.59382658974712,50.48431454130052],[-104.59382641756802,50.484314895037471],[-104.59519782813823,50.484328700688302],[-104.59523595624654,50.484329084188886],[-104.59518453295421,50.487063631119476],[-104.59516059550469,50.490915158080433],[-104.5951527172667,50.492182809191164],[-104.59515265464032,50.492192611704283],[-104.59513939233631,50.494326022551512],[-104.59514621069054,50.495685043159881],[-104.59513384156925,50.498920416518047],[-104.59513380395819,50.498930424154537],[-104.59513380346617,50.498930481710062],[-104.59513380183948,50.498930836940559],[-104.5950959828599,50.498931182954642],[-104.59498406432145,50.498932209188006],[-104.59498405932227,50.49899396360572],[-104.59498402365742,50.499282053708924],[-104.59498378684752,50.501128152795879],[-104.59498328941901,50.505007791324964],[-104.59498314051083,50.506175771818107],[-104.59498313221592,50.506182346797836],[-104.59498358911011,50.506182348387313],[-104.59498364833716,50.506182348593363],[-104.59512496157612,50.506183291582083],[-104.59526682061029,50.506184230001395],[-104.5952668727865,50.506184230182775],[-104.59533992460095,50.506184212521944],[-104.59719985515027,50.506183730385942],[-104.60571608426901,50.506181326109775],[-104.60656954770096,50.506181062135099],[-104.61163065226661,50.506179439223438],[-104.61229936636234,50.506179241656753],[-104.61507623208887,50.506178197207099],[-104.61535838749838,50.506178087425972],[-104.61721991802358,50.506177346492137],[-104.61721997443041,50.506177346677603],[-104.61743831769654,50.506177260354832],[-104.61743781874252,50.505083742881226],[-104.61743687895761,50.503023520372267],[-104.61743687279612,50.503009446721499],[-104.61743687279431,50.503008923310865],[-104.61743687132369,50.503006138077978],[-104.61743627154631,50.502947026678576],[-104.61743419699464,50.50274406603419],[-104.61743005312225,50.502698457233166],[-104.61742256791702,50.502630083476738],[-104.6174167312619,50.502584559044585],[-104.6174085876568,50.502527694559738],[-104.61739338782097,50.502436812169528],[-104.6173870359269,50.502402706646379],[-104.6173756484869,50.502346101295728],[-104.61736327402065,50.502289494498001],[-104.61735264038026,50.502244313126511],[-104.61733842932404,50.502187968289185],[-104.61732939621737,50.502154124647014],[-104.617307046842,50.502075539574989],[-104.61728272274102,50.501997038838255],[-104.61726413775082,50.501941219208959],[-104.61724056604731,50.501874322306996],[-104.61722671637594,50.501837844865904],[-104.61722653551307,50.501837367625733],[-104.61720082075479,50.501770625547856],[-104.61717964808464,50.501719213110178],[-104.61717699213703,50.501712855098361],[-104.61717342323126,50.50170430870957],[-104.61714525752313,50.501638835608389],[-104.61714493486663,50.501638106988352],[-104.61713673659679,50.501620155456948],[-104.61711670166007,50.501576283143521],[-104.61711478882393,50.501572193888748],[-104.61710111748258,50.501543505225463],[-104.61708335189954,50.501506548132653],[-104.61707453985241,50.50148900017598],[-104.61705743188932,50.501454598443232],[-104.61705288094844,50.501445437274796],[-104.61705063131576,50.501441149058145],[-104.61702449694742,50.501391303990054],[-104.61698322862523,50.50131580426568],[-104.61694638303075,50.501251381751757],[-104.61692106399924,50.501208670138965],[-104.61687527519568,50.501134235595551],[-104.61685508600668,50.50110251269107],[-104.61682068418847,50.50104978948427],[-104.61677818659119,50.500986876274375],[-104.6167564436016,50.500955507969586],[-104.6167268861149,50.500913862456052],[-104.61669676463639,50.500872394044634],[-104.61665826466427,50.500820826424949],[-104.61661891586506,50.500769614829885],[-104.6165704829108,50.500708391623327],[-104.61652915592121,50.500657713080201],[-104.61648683768605,50.500607391888323],[-104.61645093778132,50.500565634575338],[-104.61591476719597,50.499948548799445],[-104.61588275985011,50.499912019371124],[-104.61587983997136,50.499908682210425],[-104.61583526270159,50.499859071885901],[-104.61579906297128,50.499819651637829],[-104.61576229785706,50.499780408479062],[-104.61571545756753,50.49973168996965],[-104.61568692898707,50.49970263731997],[-104.61562916403075,50.499644888495446],[-104.61556005141564,50.499578109752839],[-104.61550967419736,50.499530907442839],[-104.61546880674804,50.499493360269383],[-104.61543787274887,50.499465378809774],[-104.61538551523452,50.49941898020105],[-104.61535373243765,50.499391354747679],[-104.61530568132898,50.499351021033753],[-104.61529295584234,50.499340282332135],[-104.61524113810451,50.499296552858461],[-104.6152331533201,50.499290123227304],[-104.61515218552402,50.499224851005344],[-104.61508423347126,50.499171745651324],[-104.61501514707533,50.499119266037916],[-104.61494492702334,50.499067501199214],[-104.61491864048109,50.499048595737001],[-104.61489062695412,50.49902844707551],[-104.61487357549514,50.499016183139553],[-104.61485765851741,50.499005030031611],[-104.61481982120537,50.498978516658006],[-104.61480123203242,50.498965491285617],[-104.6147866852898,50.498955590074651],[-104.6147692303405,50.498943707903393],[-104.61473362213692,50.498919470891472],[-104.61473350996241,50.498919394077035],[-104.61493005324334,50.498918847339063],[-104.61588135988559,50.498916199294243],[-104.61793750350448,50.498910440452036],[-104.61822105784012,50.498909652071795],[-104.61824622959821,50.498909579933091],[-104.61826989251772,50.492508832213318],[-104.61827243418,50.49182128635281],[-104.61828967646844,50.487155294521777],[-104.61829130309407,50.486714890868363],[-104.61829194082442,50.486542291075729],[-104.61836387770671,50.486541647393722],[-104.61997322465193,50.486422595820692],[-104.62347934840952,50.486151807266481],[-104.62778518456858,50.485673959796209],[-104.62969003868285,50.48547720034356],[-104.63259346525422,50.485177231286272],[-104.63688540041045,50.48471505921858],[-104.63863684572252,50.484526407282978],[-104.64029035267912,50.4843482804527],[-104.64110716875574,50.484260278378088],[-104.64111727457183,50.484255159052857],[-104.64158251787487,50.484185104483316],[-104.65254889975729,50.484238985728773],[-104.65254919011252,50.484238987494784],[-104.65254728848456,50.482293360404512],[-104.65254494502936,50.480907223076507],[-104.65253079432716,50.478999799787672],[-104.65253896138503,50.4770279611201],[-104.65253436487936,50.474225196440557],[-104.65253403080195,50.474040833610815],[-104.65249749483431,50.473950252355877],[-104.65249566800846,50.472399718829202],[-104.65249380894886,50.470968525685421],[-104.65249250082005,50.469961609728891],[-104.64169215073811,50.469943532713415],[-104.6416890168728,50.469943527562691],[-104.64174066411272,50.4696942324194],[-104.64178094044412,50.469646942507559],[-104.64180629537314,50.469547636751152],[-104.64112687954659,50.469481151460322],[-104.64112589476098,50.469480940677364],[-104.64084248177262,50.469421088947172],[-104.64084176876395,50.469421088545694],[-104.64084183962242,50.469536175857101],[-104.61833756059234,50.469534831062269],[-104.60622353085618,50.469515829635007]]]},"properties":{"OBJECTID":2,"ID":7,"POPULATION":24702,"SHAPE.AREA":10771213.0699699,"SHAPE.LEN":16366.7190751622}},{"type":"Feature","id":3,"geometry":{"type":"Polygon","coordinates":[[[-104.77877203140152,50.454891139140898],[-104.77877590264669,50.447770095133848],[-104.77877655682283,50.443091681261208],[-104.77877690373703,50.440545067138551],[-104.77877394920161,50.440545071414604],[-104.7785651536029,50.440544966581903],[-104.77856128641913,50.435750939940661],[-104.77856091578089,50.434784791080276],[-104.77856057935681,50.4346425968426],[-104.77856013538873,50.43409120669795],[-104.778560132531,50.434086989691259],[-104.77827688632132,50.434115738216548],[-104.77805692033816,50.434137993023505],[-104.76697581601105,50.435258796148112],[-104.75567685850562,50.436396319273783],[-104.75539353492999,50.436424862651876],[-104.7478866239023,50.437182481092314],[-104.74787564850304,50.437183587782528],[-104.74444873949714,50.437529272181798],[-104.74438494045876,50.437535684641965],[-104.74430487108677,50.437543735886813],[-104.74408185982034,50.43756623095824],[-104.74392025821557,50.437582509624455],[-104.74366975412528,50.437607763729417],[-104.73490616896176,50.43849130357939],[-104.73482546785063,50.438499435898073],[-104.73482020951965,50.43849996441832],[-104.73277580025072,50.438705979433578],[-104.73249273389054,50.438734198750261],[-104.72453841278499,50.43952544966352],[-104.72221435082727,50.439756530404168],[-104.72199876594419,50.439777961252716],[-104.72137508476749,50.439839969267595],[-104.72136522136839,50.43984095111216],[-104.72117728422336,50.439859635301644],[-104.71402889339929,50.440570055784647],[-104.71113561317129,50.440857379471971],[-104.71002067602657,50.440968086035546],[-104.70985904821281,50.440984140173256],[-104.70985930372613,50.441327726961426],[-104.70985946439663,50.441538939802726],[-104.71002236204212,50.441522806089495],[-104.71214714095542,50.44131177500519],[-104.71529685600989,50.440998876772269],[-104.71622231828974,50.44090692251234],[-104.7165159680315,50.440877744202083],[-104.71740245285996,50.440789653484273],[-104.71794863320874,50.440735375137187],[-104.71798087261773,50.440737252849701],[-104.71804745672897,50.440741730121935],[-104.7181138960902,50.440747107243645],[-104.71812196363679,50.440747882230184],[-104.71812217195486,50.440747899822227],[-104.71812465611561,50.440748138768221],[-104.71818018736006,50.440753473241564],[-104.71824619166068,50.440760737845778],[-104.71829041892451,50.440766292215152],[-104.71829069474755,50.440766325259062],[-104.71830003300671,50.440767498119172],[-104.71831190846187,50.440768990989362],[-104.71837747966438,50.440778052249129],[-104.71844262254541,50.440788102607684],[-104.7184633524771,50.440791609820394],[-104.71846356210771,50.440791643603085],[-104.71847149392667,50.440792985719845],[-104.71850733764751,50.440799051233881],[-104.71857176579829,50.440810898468953],[-104.71863562394972,50.44082364272964],[-104.71869919850073,50.440837196574073],[-104.71876220252031,50.440851738277587],[-104.71879319279412,50.440859339735987],[-104.71879339810995,50.440859388796419],[-104.71879343889042,50.440859398787708],[-104.71882477931017,50.440867088319642],[-104.7188866466915,50.440883335953181],[-104.71894808632138,50.440900480960138],[-104.71900895790007,50.440918434867257],[-104.7190691206108,50.440937196436167],[-104.71909809530769,50.440946777788199],[-104.71909825414144,50.440946828534557],[-104.71909881636475,50.440947011558116],[-104.71912857392353,50.440956855600483],[-104.71918745919756,50.440977322768575],[-104.7192454933827,50.440998596359059],[-104.71930296234454,50.441020678861413],[-104.71935958021596,50.441043568687697],[-104.71936999495578,50.441047994268366],[-104.71937009189102,50.441048034073027],[-104.71937927608515,50.441051935968247],[-104.71941534840686,50.441067265842541],[-104.7194702674504,50.441091680394607],[-104.71949026201845,50.441100982789337],[-104.71949037016142,50.441101032513636],[-104.7195041712892,50.441107453783836],[-104.71952447764136,50.44111690261704],[-104.71957769786769,50.441142841000271],[-104.71961003983601,50.441159357945324],[-104.71961018164981,50.441159429334768],[-104.71962151643311,50.441165218708576],[-104.71963006982178,50.44116958761952],[-104.71968145093064,50.441196961365449],[-104.71973198096322,50.441225141544315],[-104.71978152436581,50.441253950661121],[-104.7198299355732,50.441283475602532],[-104.71984607598472,50.441293707566231],[-104.71984614473448,50.441293750900009],[-104.71984954426847,50.441295905805731],[-104.71987749817069,50.441313628018023],[-104.71992392998146,50.441344496264016],[-104.71995757793852,50.44136789080045],[-104.71995760879815,50.44136791155951],[-104.71995790474148,50.441368115522231],[-104.71996923152545,50.441375992207917],[-104.72001354416406,50.441408025357951],[-104.72005672600972,50.441440775241681],[-104.72009877812283,50.441474061995088],[-104.72013969997211,50.441507975552028],[-104.72015942088029,50.44152504925821],[-104.72015957781568,50.441525183637054],[-104.72017949208701,50.441542425981091],[-104.72021801364521,50.441577412045504],[-104.72024129548581,50.441599617831521],[-104.72025526463455,50.441612935545194],[-104.72029138729374,50.44164899592387],[-104.72031753266661,50.441676388768037],[-104.72032623709978,50.441685502901407],[-104.72035981633204,50.441722547317617],[-104.72038662292299,50.441753654204931],[-104.72038884270466,50.441756229848536],[-104.7203921255291,50.441760037442336],[-104.72042316520806,50.44179788514267],[-104.72045293291472,50.441836267583454],[-104.72048143390471,50.441875009407241],[-104.7205085231497,50.441914105769946],[-104.72052197149958,50.441934819260531],[-104.72052320942835,50.441936726133505],[-104.72053420150959,50.441953649306491],[-104.72055861087374,50.441993459591437],[-104.72058160988725,50.442033625320704],[-104.72060319853645,50.442074148293798],[-104.72062337595,50.442114936776846],[-104.72063556528791,50.442141408394292],[-104.72064228575873,50.44215599291406],[-104.72065964490533,50.442197314227904],[-104.72067573503236,50.442238903193768],[-104.72069027554343,50.442280578371637],[-104.72070340568072,50.442322608998566],[-104.72071512560973,50.442364727072444],[-104.72072543761934,50.442407021633805],[-104.72073420000302,50.442449401509684],[-104.72074155164313,50.442491957866942],[-104.72074749780862,50.442534512649445],[-104.72075188675505,50.442577244461646],[-104.72075487729764,50.442619968421091],[-104.72075644918188,50.442662775312463],[-104.72075661155024,50.442684006387388],[-104.72075849142806,50.443385545291846],[-104.72077035811449,50.447804944590004],[-104.72078976774482,50.454904931076982],[-104.71971879945703,50.454904047553356],[-104.71592084199239,50.454900832171333],[-104.7100530491055,50.454895620069607],[-104.71004137656843,50.447802661953247],[-104.71003564139502,50.445918282603216],[-104.71003564221881,50.445917225882859],[-104.71003384366284,50.44591722769686],[-104.71003203671694,50.445917219597199],[-104.70891998562782,50.445917850102703],[-104.70586315584512,50.445919512726718],[-104.70586300121857,50.445201255779438],[-104.70170568695868,50.445201909276435],[-104.70112185538909,50.445201988750803],[-104.69829195890519,50.445202333514786],[-104.69828833959896,50.442134140990923],[-104.69820041587586,50.44214287221623],[-104.69786417519978,50.442176277124325],[-104.68700301161643,50.443254762988339],[-104.68700244372317,50.443254813622609],[-104.68700219764246,50.443071765099027],[-104.6870018360061,50.442798192387997],[-104.68700167305826,50.442673216196418],[-104.6869989045295,50.440587655459019],[-104.68699676040421,50.438942077806026],[-104.68699557001435,50.438029069417183],[-104.68699371432112,50.436612843306982],[-104.68699159973558,50.434880957618276],[-104.68045356287666,50.434884109726198],[-104.6804535065542,50.434884109571527],[-104.67150234237234,50.434887828875809],[-104.66255112385691,50.434890859464716],[-104.66255106753454,50.434890859301404],[-104.6535999076789,50.434893201493203],[-104.65359985135659,50.434893201325544],[-104.64997829837417,50.434893953120969],[-104.64469345456783,50.434894847745745],[-104.64469359130003,50.434901600415479],[-104.64471791701639,50.436109095615741],[-104.64471793912814,50.436110092152873],[-104.64463540906397,50.436910570885885],[-104.64463345942015,50.436929481664066],[-104.64463340179782,50.436930030985252],[-104.64463339868533,50.436930070546744],[-104.64461624218848,50.437096464527102],[-104.64456668805283,50.437577086288336],[-104.64450497001035,50.438175646318143],[-104.64430660241071,50.439535422005761],[-104.64430554006738,50.4395407554439],[-104.64425920255201,50.439773513251524],[-104.64425915621618,50.439773495123042],[-104.64425863390221,50.439773288476779],[-104.64425902536492,50.439774419244841],[-104.64456613215944,50.43989487009128],[-104.64484769927381,50.440151942789669],[-104.64509581255255,50.440555665293481],[-104.64514549476088,50.440923272774569],[-104.64501110281793,50.44128676824181],[-104.64474874007887,50.441682474013135],[-104.64455101946972,50.442033451908195],[-104.64449532811814,50.442459090437175],[-104.64459611878149,50.44277532198597],[-104.64473208129553,50.443011570108872],[-104.64513263544924,50.443201051043829],[-104.64523336166188,50.443192484372361],[-104.6455261732569,50.443102302323794],[-104.6457513171532,50.44300012232658],[-104.64630289073308,50.442723866319589],[-104.64704277519236,50.442393571982407],[-104.64763544036435,50.442254172593621],[-104.64803660569869,50.44228542095739],[-104.6482495677715,50.442526269524457],[-104.64831057802033,50.442819218682459],[-104.64844671511753,50.443234785005473],[-104.64867328194948,50.443410264880441],[-104.64887240381704,50.443465366737243],[-104.64918455997568,50.443491118263118],[-104.65079820770637,50.44348730464101],[-104.65170211945099,50.443570742741613],[-104.6524275970534,50.443834481103991],[-104.65286735030244,50.444151324241219],[-104.65319916971026,50.444694491098474],[-104.65322537996104,50.445015331158409],[-104.65285561313061,50.445646393160864],[-104.65248384670321,50.44597144062665],[-104.65097133929159,50.447215582609111],[-104.64355308505753,50.447846455713126],[-104.64288120256094,50.447919242454837],[-104.63116345366049,50.449254052751989],[-104.63110930465237,50.44926021786582],[-104.61810729828508,50.451610190610268],[-104.61810779376191,50.452046288856657],[-104.61810936784097,50.453440274471646],[-104.61811404517303,50.454650000885842],[-104.61811404488341,50.454650036858446],[-104.61811579767267,50.455103180565288],[-104.61810238815005,50.456749841091039],[-104.6181039618175,50.458296700428669],[-104.61810418615453,50.458529709713474],[-104.6181054614715,50.459852554286854],[-104.61810710718973,50.461390421459683],[-104.61810808759908,50.462409389157784],[-104.61810808730939,50.462409425130325],[-104.61810860349422,50.462945946220586],[-104.61812375473599,50.464556132099609],[-104.61812236341484,50.46628913512528],[-104.61812221238644,50.466477590621402],[-104.61812431056127,50.467704328498328],[-104.61812041316034,50.468447142373059],[-104.61812032647148,50.468468227028495],[-104.61812026860569,50.468483808739528],[-104.6181162010503,50.469515208141935],[-104.61811618993549,50.469517462741194],[-104.61811630970733,50.469517463134139],[-104.61811623451646,50.469534495414749],[-104.61833756059234,50.469534831062269],[-104.64084183962242,50.469536175857101],[-104.64084176876395,50.469421088545694],[-104.64084248177262,50.469421088947172],[-104.64112589476098,50.469480940677364],[-104.64112687954659,50.469481151460322],[-104.64180629537314,50.469547636751152],[-104.64178094044412,50.469646942507559],[-104.64174066411272,50.4696942324194],[-104.6416890168728,50.469943527562691],[-104.64169215073811,50.469943532713415],[-104.65249250082005,50.469961609728891],[-104.66396032777243,50.469979704295945],[-104.66396071103058,50.469780503545564],[-104.66396141538505,50.469414328626641],[-104.66890612425048,50.46945392279067],[-104.67100539461292,50.469472181088975],[-104.67774043710233,50.469511999473411],[-104.67776465178787,50.46951214205864],[-104.68267934328159,50.46954095044304],[-104.68704850872436,50.469566387851593],[-104.68704835435932,50.469468092828777],[-104.68791436747297,50.469466854931675],[-104.688517128792,50.469465989192727],[-104.68891186766355,50.46946542069594],[-104.70980090203081,50.46944017984714],[-104.70990697102413,50.469440042254199],[-104.71358334863611,50.469447589372784],[-104.72721162024362,50.469466399496987],[-104.73147180424201,50.46947048193195],[-104.73385980752195,50.469472702150604],[-104.74649245260497,50.469483632849411],[-104.74955504459291,50.469486076547057],[-104.75371549281643,50.469489266872635],[-104.75465779145883,50.46948996908143],[-104.75564536198446,50.469490695759916],[-104.7556453239697,50.469438196162521],[-104.75564526763365,50.469362184339509],[-104.75564969789099,50.469362181049561],[-104.75565135077713,50.469362180922204],[-104.75582954679676,50.469361901962124],[-104.75960464503621,50.469368391363027],[-104.7666843943429,50.469380230730835],[-104.76695440725483,50.469380663749511],[-104.76695440585578,50.469374354920056],[-104.76695448534909,50.468968307650265],[-104.76701652058385,50.46896836619095],[-104.77827599998827,50.468978052222283],[-104.7785594699096,50.468978283403196],[-104.77855947019177,50.468971887342242],[-104.77856206260462,50.462427150124157],[-104.77856171508895,50.455305566835492],[-104.77856160409482,50.455187214024924],[-104.77856160204074,50.455006295520413],[-104.77856158462981,50.454891131027608],[-104.77877203140152,50.454891139140898]]]},"properties":{"OBJECTID":3,"ID":8,"POPULATION":25149,"SHAPE.AREA":36278932.356061697,"SHAPE.LEN":36968.061806636797}},{"type":"Feature","id":4,"geometry":{"type":"Polygon","coordinates":[[[-104.60642883809685,50.452111610387789],[-104.60792685419959,50.452191541232096],[-104.60936302328611,50.452267041697581],[-104.61102616465604,50.452139453486105],[-104.61369234502867,50.451670269837969],[-104.61514490343126,50.451460993866455],[-104.61659782803071,50.45120498751016],[-104.61810349796441,50.451003524542912],[-104.61810632361302,50.451003166884966],[-104.61810662112426,50.451003129189665],[-104.61810728129585,50.451594802865586],[-104.61810729828508,50.451610190610268],[-104.63110930465237,50.44926021786582],[-104.63116345366049,50.449254052751989],[-104.64288120256094,50.447919242454837],[-104.64355308505753,50.447846455713126],[-104.65097133929159,50.447215582609111],[-104.65248384670321,50.44597144062665],[-104.65285561313061,50.445646393160864],[-104.65322537996104,50.445015331158409],[-104.65319916971026,50.444694491098474],[-104.65286735030244,50.444151324241219],[-104.6524275970534,50.443834481103991],[-104.65170211945099,50.443570742741613],[-104.65079820770637,50.44348730464101],[-104.64918455997568,50.443491118263118],[-104.64887240381704,50.443465366737243],[-104.64867328194948,50.443410264880441],[-104.64844671511753,50.443234785005473],[-104.64831057802033,50.442819218682459],[-104.6482495677715,50.442526269524457],[-104.64803660569869,50.44228542095739],[-104.64763544036435,50.442254172593621],[-104.64704277519236,50.442393571982407],[-104.64630289073308,50.442723866319589],[-104.6457513171532,50.44300012232658],[-104.6455261732569,50.443102302323794],[-104.64523336166188,50.443192484372361],[-104.64513263544924,50.443201051043829],[-104.64473208129553,50.443011570108872],[-104.64459611878149,50.44277532198597],[-104.64449532811814,50.442459090437175],[-104.64455101946972,50.442033451908195],[-104.64474874007887,50.441682474013135],[-104.64501110281793,50.44128676824181],[-104.64514549476088,50.440923272774569],[-104.64509581255255,50.440555665293481],[-104.64484769927381,50.440151942789669],[-104.64456613215944,50.43989487009128],[-104.64425902536492,50.439774419244841],[-104.64425863390221,50.439773288476779],[-104.64425915621618,50.439773495123042],[-104.64425920255201,50.439773513251524],[-104.64430554006738,50.4395407554439],[-104.64430660241071,50.439535422005761],[-104.64450497001035,50.438175646318143],[-104.64456668805283,50.437577086288336],[-104.64461624218848,50.437096464527102],[-104.64463339868533,50.436930070546744],[-104.64463340179782,50.436930030985252],[-104.64463345942015,50.436929481664066],[-104.64463540906397,50.436910570885885],[-104.64471793912814,50.436110092152873],[-104.64471791701639,50.436109095615741],[-104.64469359130003,50.434901600415479],[-104.64469345456783,50.434894847745745],[-104.64464816357543,50.434469156557149],[-104.64451113793658,50.433780239339384],[-104.64419385078702,50.432613063198346],[-104.643735291802,50.431188472940157],[-104.64334190596202,50.430193559151256],[-104.64308284394032,50.429538341659821],[-104.64273748368684,50.428676050394586],[-104.64251176717988,50.42801239906467],[-104.64229216420129,50.427364452336015],[-104.64210633515643,50.426813901650391],[-104.64199168458035,50.426297362423426],[-104.64189836119685,50.425876896178636],[-104.64180849003873,50.425344443530868],[-104.64174196209248,50.424924687312732],[-104.64168677648122,50.424387191634153],[-104.64166396401458,50.423266815488219],[-104.64170753729782,50.422371653787138],[-104.64179853961564,50.421821768066536],[-104.64188384383003,50.421306294241454],[-104.64201672008795,50.420713279615271],[-104.64240644328758,50.419107623922706],[-104.64249159047007,50.418701792409571],[-104.6426889373528,50.417761162672797],[-104.64285314167122,50.417045475330006],[-104.64290096055716,50.416896461435485],[-104.64093186442882,50.416557140446933],[-104.63643907687812,50.41572260997637],[-104.63658818322948,50.415374254376424],[-104.63666319965573,50.415216138433109],[-104.63672862121339,50.415056291820562],[-104.63678434765426,50.414894951668721],[-104.63683029840456,50.414732359663361],[-104.63686640416768,50.414568755724517],[-104.63689261109754,50.414404384314814],[-104.63690888223977,50.414239489947079],[-104.63691519049374,50.414074317162459],[-104.63692239558299,50.412837883104523],[-104.63692103926051,50.411839887819148],[-104.63692132628992,50.411078406300184],[-104.63692788916222,50.410224041032713],[-104.63692472945176,50.408803051564554],[-104.63385685848263,50.408793401270373],[-104.6326466024325,50.408789572738478],[-104.62969125454435,50.408789165781201],[-104.62800252677893,50.408783759648344],[-104.62680634315898,50.408779916255547],[-104.62562423400115,50.408776105853832],[-104.62500503109547,50.408774108124142],[-104.62392135498141,50.408779599190524],[-104.62273917052967,50.408784760779838],[-104.62104308696244,50.408781000587453],[-104.62104589478723,50.409555404605356],[-104.62102726044765,50.410176261811927],[-104.61916705133264,50.410176448017168],[-104.61809447156085,50.410176541278311],[-104.61809447181876,50.410176684275072],[-104.61809447431322,50.410177424444463],[-104.61809447447973,50.410177928977738],[-104.61809591955,50.41225144146199],[-104.61810563346853,50.412251451762799],[-104.61808294801848,50.41546612921573],[-104.6180815737038,50.415852739407455],[-104.6180713911738,50.41871842860332],[-104.61807138825168,50.418719317145609],[-104.6180785957358,50.41964352731943],[-104.61808050371013,50.420553712672017],[-104.61807795528604,50.42131716254147],[-104.618077474694,50.421460946219426],[-104.61806938599153,50.422467794081818],[-104.61807756153163,50.423458068996688],[-104.61808810948827,50.424070765004586],[-104.61810491831731,50.425047012147708],[-104.61809122651447,50.42670844476207],[-104.618091152159,50.426717514389892],[-104.61809128945684,50.426946197917253],[-104.61809128935474,50.42694673572386],[-104.61809213625016,50.428359710093602],[-104.61807882217732,50.430012261995927],[-104.61809082683581,50.431371641777652],[-104.61809351268664,50.431675737018502],[-104.61809351094035,50.431676129125883],[-104.61808026851884,50.433312934646196],[-104.6180816076572,50.434896112164758],[-104.61807969687401,50.435666513253459],[-104.61807969516198,50.435667426079355],[-104.61807879508082,50.436030257899716],[-104.61807840620692,50.436187094554604],[-104.61807534618664,50.43742055346587],[-104.61808705859448,50.438882828643116],[-104.6180989512293,50.440367566873725],[-104.6181022114791,50.440774442870485],[-104.61809663612087,50.440774447956215],[-104.61810223404488,50.440777588837946],[-104.61810223357449,50.440777647293544],[-104.61809653297193,50.442423369480984],[-104.61809117314294,50.443970312402364],[-104.61808577420271,50.44552606111975],[-104.61808007806994,50.447172022101569],[-104.61658825727277,50.447175915808025],[-104.61515158557663,50.447180161641541],[-104.61370090278358,50.447175348934543],[-104.61227835556957,50.447174838781585],[-104.61085580264263,50.447174851723325],[-104.60937687840912,50.447178884071093],[-104.60794028082992,50.447174043232394],[-104.60643319442343,50.447177373108836],[-104.60643316757094,50.447189270384733],[-104.60643310300634,50.447231014823437],[-104.60643236793517,50.448073042575409],[-104.60643171216398,50.44882365440435],[-104.60643035214925,50.450380268817398],[-104.60642883809685,50.452111610387789]]]},"properties":{"OBJECTID":4,"ID":3,"POPULATION":24397,"SHAPE.AREA":8442511.7245920599,"SHAPE.LEN":15627.6606538213}},{"type":"Feature","id":5,"geometry":{"type":"Polygon","coordinates":[[[-104.65839485442299,50.520729167815723],[-104.6583956638014,50.520729799719575],[-104.65859357841789,50.520730149083199],[-104.65859398185913,50.520730149366813],[-104.6636024618701,50.520738873700118],[-104.66363551982363,50.520738932332897],[-104.66377873762583,50.520739178709299],[-104.66377985765816,50.520739181044249],[-104.6639242742722,50.520739460381165],[-104.66396704433554,50.520739540657196],[-104.66396715011867,50.520739542761142],[-104.66393312183449,50.513262914930948],[-104.6639329955278,50.513235211650382],[-104.66393267371652,50.508384875420695],[-104.663932259131,50.502191189261026],[-104.66394357209761,50.496330019382654],[-104.66394471710218,50.495736615187944],[-104.66394472308852,50.495734380367075],[-104.66394600234445,50.495071170400692],[-104.66394872140316,50.493661273850094],[-104.66395208313436,50.491918467762503],[-104.66395337692596,50.491247379254766],[-104.66395439562834,50.490718804323762],[-104.66395566320547,50.490060731635552],[-104.66396632944972,50.48427777613648],[-104.66396632995355,50.484277705090626],[-104.66396550624624,50.480898841948466],[-104.66396455585496,50.479271692796409],[-104.66396309697846,50.477020680858004],[-104.66396190350312,50.475405089062491],[-104.6639649401547,50.475305744761307],[-104.66397708320682,50.475215202452809],[-104.66397821705084,50.475206742989165],[-104.66400167611967,50.47510851345691],[-104.66403521562387,50.475011483048668],[-104.66407869160308,50.474916071329559],[-104.66413191222546,50.474822692328246],[-104.66419464908189,50.474731751871744],[-104.66426663016641,50.474643643968065],[-104.665060981691,50.473746883002221],[-104.6668777814085,50.471689846664042],[-104.66861813684423,50.469771398632858],[-104.66864377895804,50.469743130885853],[-104.66871584992576,50.469663681023185],[-104.66890612425048,50.46945392279067],[-104.66396141538505,50.469414328626641],[-104.66396071103058,50.469780503545564],[-104.66396032777243,50.469979704295945],[-104.65249250082005,50.469961609728891],[-104.65249380894886,50.470968525685421],[-104.65249566800846,50.472399718829202],[-104.65249749483431,50.473950252355877],[-104.65253403080195,50.474040833610815],[-104.65253436487936,50.474225196440557],[-104.65253896138503,50.4770279611201],[-104.65253079432716,50.478999799787672],[-104.65254494502936,50.480907223076507],[-104.65254728848456,50.482293360404512],[-104.65254919011252,50.484238987494784],[-104.65254889975729,50.484238985728773],[-104.64158251787487,50.484185104483316],[-104.64111727457183,50.484255159052857],[-104.64110716875574,50.484260278378088],[-104.64029035267912,50.4843482804527],[-104.63863684572252,50.484526407282978],[-104.63688540041045,50.48471505921858],[-104.63259346525422,50.485177231286272],[-104.62969003868285,50.48547720034356],[-104.62778518456858,50.485673959796209],[-104.62347934840952,50.486151807266481],[-104.61997322465193,50.486422595820692],[-104.61836387770671,50.486541647393722],[-104.61829194082442,50.486542291075729],[-104.61829130309407,50.486714890868363],[-104.61828967646844,50.487155294521777],[-104.61827243418,50.49182128635281],[-104.61826989251772,50.492508832213318],[-104.61824622959821,50.498909579933091],[-104.61835814606016,50.498909259788185],[-104.62046433004291,50.498903266014473],[-104.62078025436828,50.498902363786122],[-104.62116947612898,50.499370296822455],[-104.62217405801354,50.500578216745538],[-104.62219957809127,50.50060865109733],[-104.62220786085561,50.50061852745236],[-104.62221373295526,50.500625335559683],[-104.62221477101994,50.500626538636205],[-104.62225103334039,50.500668580429924],[-104.62227818380275,50.50069933392075],[-104.62228634893501,50.500708582155127],[-104.62229490813546,50.500718277735736],[-104.62232174788875,50.5007480400443],[-104.6223457638781,50.500774376627028],[-104.62234872585954,50.500777625626597],[-104.62235178059373,50.50078091359827],[-104.62235248940232,50.500781676731783],[-104.62237441502779,50.500805272560527],[-104.62238535478429,50.500817045217239],[-104.62239303731423,50.500825106559986],[-104.62243005164073,50.500863947317576],[-104.6224411489614,50.50087559187557],[-104.62246385348028,50.500898776520685],[-104.62247905278737,50.500914296105591],[-104.62248654786676,50.500921819933403],[-104.62249798772896,50.50093330371697],[-104.62250656975141,50.500941915661457],[-104.62251752281571,50.500952911326394],[-104.62253253932982,50.500967663181939],[-104.6225557713524,50.500990487088536],[-104.62255656189113,50.50099125768044],[-104.62257922409127,50.501013219974183],[-104.62258608181884,50.501019863981917],[-104.62259008017558,50.501023649638405],[-104.62259103182828,50.501024551155389],[-104.62260088567064,50.501033881284755],[-104.62260795591574,50.501040576342646],[-104.62264445335687,50.501075137236271],[-104.6226461201574,50.501076715569241],[-104.62271146529096,50.501136854291438],[-104.62271750960245,50.501142417357038],[-104.6227281097886,50.501151877599156],[-104.62276615063105,50.501185829212233],[-104.62276959349326,50.501188901691492],[-104.62277206645206,50.501191061804072],[-104.62277341075475,50.501192236189844],[-104.62277688634214,50.50119527190234],[-104.62278026249166,50.501198222755384],[-104.62281884956911,50.501231938697401],[-104.62282238677362,50.501235028568004],[-104.62282374815668,50.50123618322322],[-104.62290752394932,50.501307213987801],[-104.62290852397717,50.501308062598262],[-104.62294447111722,50.501337765225209],[-104.6229522304167,50.501344176506144],[-104.62295905208785,50.501349694412085],[-104.62296104999304,50.501351307987356],[-104.62296308430848,50.501352953157138],[-104.62300092365959,50.501383562124957],[-104.62300771171611,50.501389052939224],[-104.62301433260389,50.501394287801688],[-104.62305909264002,50.501429678420976],[-104.62306390172213,50.501433481075118],[-104.62306980871044,50.50143805980921],[-104.62307258913272,50.501440214615471],[-104.62310305599615,50.501463836158592],[-104.62310944787127,50.501468792380848],[-104.62311316352069,50.501471612121499],[-104.62311329667928,50.501471712378354],[-104.62315026260721,50.5014997616709],[-104.62315776960715,50.501505458052321],[-104.62316705522798,50.501512506489135],[-104.62321359356957,50.501547190533991],[-104.62329465343404,50.501606148597716],[-104.6232963091433,50.501607353662912],[-104.6233442634318,50.50164132277159],[-104.6233514965259,50.501646359943784],[-104.62336151037601,50.501653336076402],[-104.62340470275419,50.501683427126999],[-104.62344130666779,50.501708456999673],[-104.62350302233524,50.501749845067557],[-104.62355281854119,50.501782741747981],[-104.62356183073634,50.501788546393186],[-104.62357126098149,50.501794622188726],[-104.62361580846385,50.501823324477776],[-104.62369012823164,50.501870327247779],[-104.62369213315795,50.501871595489902],[-104.62369572953487,50.501873817670337],[-104.62373126814394,50.501895778187809],[-104.62374363025845,50.501903417489089],[-104.62375653382242,50.501911237505816],[-104.62375763823333,50.501911907479368],[-104.6237821333052,50.501926747360216],[-104.6237830257502,50.501927297037476],[-104.62378381589063,50.501927767243032],[-104.62378882013608,50.501930801569465],[-104.62379555329244,50.501934882008605],[-104.62380335080672,50.501939527069332],[-104.62380448055694,50.501940202520267],[-104.62383590635369,50.501958930110177],[-104.62384790155242,50.501966078079327],[-104.62385165469469,50.501968271083477],[-104.62390067716974,50.501996914875114],[-104.62393107428822,50.502014500562794],[-104.62394054041025,50.502019976590198],[-104.62394706371732,50.50202367322764],[-104.6239938162379,50.502050164742862],[-104.62399495606374,50.502050815043212],[-104.62399503185651,50.502050859355222],[-104.62399528029988,50.502051003151266],[-104.62407737550953,50.502097181815536],[-104.62524921352416,50.502756341857221],[-104.62620734853147,50.50329527130004],[-104.62699718258827,50.503739518041577],[-104.62836572056707,50.504509236735302],[-104.62829776765277,50.504562256568825],[-104.62954643816256,50.505213940650293],[-104.63125273544156,50.506104113351491],[-104.63129369094948,50.506103892325172],[-104.63497577431042,50.508022615304206],[-104.63504829053929,50.508059139595666],[-104.63509423600958,50.508081217367113],[-104.63514076359161,50.50810279421917],[-104.63518788901206,50.508123842321211],[-104.63523558124507,50.508144361575347],[-104.63528382752841,50.508164360934181],[-104.63533261390431,50.50818382146737],[-104.63538192625559,50.508202744928681],[-104.63543173652195,50.508221112343719],[-104.63548205873532,50.508238932749002],[-104.63553286482828,50.50825618806946],[-104.63558412653254,50.508272886309967],[-104.63563582979975,50.508289020231274],[-104.63568799028648,50.508304570995911],[-104.63574054876125,50.508319538417901],[-104.63579352059679,50.508333940531465],[-104.63584686376109,50.508347741231319],[-104.63590056408088,50.508360949465931],[-104.63595463558774,50.508373574272049],[-104.63600902207774,50.508385588493503],[-104.63606372347994,50.508397001122937],[-104.63611874120271,50.508407812164329],[-104.63617403025467,50.508418003490029],[-104.63622957780352,50.508427593046164],[-104.63628536995211,50.508436553809041],[-104.63634139246469,50.50844490282114],[-104.63639761725869,50.508452623806484],[-104.63645403009841,50.508459733807584],[-104.63651063111978,50.508466214838009],[-104.63656737808242,50.508472057772352],[-104.63662425681261,50.508477271559421],[-104.63668126864941,50.508481865196558],[-104.63673836866981,50.50848581156346],[-104.63679536072358,50.508489126236029],[-104.63679555807478,50.508489137643664],[-104.63684911669314,50.508491641175205],[-104.63685242822963,50.508491798095285],[-104.63685280887798,50.508491814571201],[-104.63690955701426,50.508493836090167],[-104.63691010687803,50.508493854892272],[-104.63696745192098,50.508495278391649],[-104.63696780444037,50.508495284886848],[-104.63702480196616,50.508496049864284],[-104.63702501349574,50.508496051423101],[-104.63708214279158,50.508496184554481],[-104.63708224152238,50.508496183063578],[-104.63713946033384,50.508495677022395],[-104.63719675454928,50.508494532663946],[-104.63725396889494,50.508492768390269],[-104.63731111775347,50.508490347373744],[-104.63736818681342,50.508487296549788],[-104.63742513370326,50.508483623880551],[-104.63748195861359,50.508479304185542],[-104.63752315211795,50.50847570742166],[-104.63753864730889,50.508474354507932],[-104.63755498642405,50.508472741615073],[-104.63758347861575,50.508469928174847],[-104.63759515747961,50.50846877471615],[-104.63762841869735,50.508465108256665],[-104.63765150323289,50.508462563955106],[-104.63768374540184,50.508458636200551],[-104.63770765634794,50.508455723935825],[-104.63773960349259,50.508451462495749],[-104.63776358855584,50.50844826266465],[-104.63778044597784,50.508445814076815],[-104.63780793599568,50.508441821140394],[-104.63781929851304,50.508440171144393],[-104.63787476063358,50.508431475376327],[-104.6379082019747,50.508425825475761],[-104.63792995959541,50.508422150131963],[-104.63796350707563,50.508416081457931],[-104.63798489526584,50.508412212498506],[-104.63801643467313,50.508406121377284],[-104.63803952533566,50.508401662344788],[-104.63807180221318,50.508395029406849],[-104.63809384980985,50.508390498771959],[-104.63812645179503,50.50838339737934],[-104.63814782622808,50.508378741433702],[-104.63817780785634,50.508371831533665],[-104.63820149704007,50.508366371576486],[-104.63823129789165,50.508359124751543],[-104.63825477743038,50.508353415017766],[-104.6382857342836,50.508345482884145],[-104.63830769572577,50.508339855658114],[-104.63836022365795,50.508325701504248],[-104.6384123469855,50.508310970499004],[-104.63846403757086,50.508295653562264],[-104.63851530930889,50.50827977771764],[-104.63856612009705,50.508263315855075],[-104.63861645570114,50.508246285018295],[-104.63866630193515,50.508228695955751],[-104.63927792144149,50.508008241383216],[-104.63927894242235,50.508007877620031],[-104.63928991307068,50.508003961753957],[-104.63929606428371,50.508001786447153],[-104.63930221535914,50.507999629126161],[-104.63930838039929,50.507997489834707],[-104.63931457350641,50.507995368616484],[-104.63932075244219,50.507993256347319],[-104.63932697354726,50.50799116219509],[-104.63933318048097,50.50798907699189],[-104.63933941548171,50.507987009861928],[-104.63934565034488,50.507984960717764],[-104.6393518993098,50.507982911616963],[-104.63935816217096,50.507980889538786],[-104.63936445309916,50.507978885533802],[-104.63937074395832,50.507976890521554],[-104.63937703474843,50.507974904502049],[-104.63938333950334,50.507972936512068],[-104.63938967232527,50.507970986595268],[-104.63939600500969,50.507969054664279],[-104.6394023376251,50.507967131726041],[-104.63940869837606,50.507965217867905],[-104.6394150589895,50.507963321995582],[-104.63942143356779,50.507961444152755],[-104.63942782211082,50.507959584339432],[-104.63943422468715,50.507957733562527],[-104.63944064122828,50.507955900815091],[-104.63944704359817,50.507954077016734],[-104.63945347403514,50.507952271291558],[-104.63945991843691,50.50795048359582],[-104.63946636283822,50.507948695899735],[-104.6394728210674,50.507946944219327],[-104.63947929339835,50.507945192582227],[-104.63948577963252,50.507943467068372],[-104.63949226579088,50.507941751446545],[-104.63949876598259,50.507940044861122],[-104.63950528007065,50.507938365298244],[-104.63951179408981,50.507936694728102],[-104.63951832214231,50.507935033194336],[-104.63952486409117,50.507933398683107],[-104.63953140597113,50.507931773164628],[-104.63953797598673,50.507930156726175],[-104.63954453176265,50.507928558229864],[-104.639548578142,50.507927586890858],[-104.63955110430339,50.507926980469676],[-104.63955769931148,50.507925415369272],[-104.63956428294833,50.507923861924588],[-104.63957088055005,50.507922326509373],[-104.63957749211673,50.507920809123604],[-104.6395841176483,50.50791930976726],[-104.63959074311103,50.507917819403666],[-104.63959738253867,50.507916347069497],[-104.6396040232803,50.507914887329655],[-104.63961068939189,50.507913429466619],[-104.6396157661578,50.50791233990531],[-104.63961734257828,50.507912002140394],[-104.63962400972966,50.507910592843608],[-104.63963069091446,50.507909192583192],[-104.63963276443249,50.5079087646251],[-104.63963738606421,50.507907810352208],[-104.6396440697538,50.507906451467939],[-104.63965077595186,50.507905099847591],[-104.63965748486049,50.50790376262453],[-104.63966420773411,50.507902443430915],[-104.63967093053893,50.507901133229964],[-104.63967766724028,50.507899850051544],[-104.63968440387283,50.507898575865809],[-104.63968926204404,50.507897671786061],[-104.63969115447044,50.507897319709514],[-104.63969790506766,50.50789606355282],[-104.63970466956148,50.50789483441865],[-104.63971142120553,50.50789362592888],[-104.63971821223973,50.507892430151237],[-104.63972499049261,50.507891246024933],[-104.63973178271053,50.507890079928053],[-104.63973857479128,50.50788893181695],[-104.6397453808371,50.507887801735272],[-104.63975218681415,50.507886680646273],[-104.63975900675628,50.507885577586649],[-104.63976584066351,50.507884492556478],[-104.6397688057359,50.507884028683392],[-104.63977266033132,50.507883425468414],[-104.63977949403267,50.507882367416684],[-104.63978632759687,50.507881327350695],[-104.63979026950265,50.50788074059323],[-104.63979317652272,50.507880307117134],[-104.63980003675744,50.507879283320833],[-104.6398068840125,50.507878297255807],[-104.63981375940337,50.507877320270701],[-104.63982063465713,50.507876361271393],[-104.63982749573994,50.507875411221129],[-104.63983438482174,50.507874488236979],[-104.63984127383488,50.507873574245487],[-104.63984816277933,50.507872669246673],[-104.63985505151831,50.507871791226734],[-104.63985967454062,50.507871209271862],[-104.63986194017494,50.507870923998077],[-104.63986887103546,50.507870070389501],[-104.63987578763617,50.507869237420998],[-104.6398827040998,50.50786842243825],[-104.63988963459708,50.507867616491794],[-104.63989394804743,50.507867129806328],[-104.6398965366844,50.507866837436964],[-104.63990348107828,50.507866058512576],[-104.63991041116444,50.507865306523428],[-104.63991735521589,50.507864572563605],[-104.6399242991987,50.507863847596475],[-104.63993124304451,50.507863140615122],[-104.63993820092398,50.50786244267006],[-104.63994515866649,50.507861762710725],[-104.63995211620357,50.50786110973025],[-104.63995908777439,50.507860465786045],[-104.63996605920821,50.507859839827624],[-104.63997076276274,50.507859423594049],[-104.63997301645756,50.507859224616844],[-104.63998000173341,50.5078586328749],[-104.6399869728248,50.507858051880632],[-104.63999395788147,50.507857488915761],[-104.63999851430719,50.50785713338054],[-104.64000092868532,50.5078569456916],[-104.64000792765249,50.507856407950129],[-104.64001492640068,50.507855898986094],[-104.64002191097811,50.507855398971131],[-104.64002890952086,50.507854916985494],[-104.64003592209737,50.507854444036148],[-104.64004293446861,50.507853998065634],[-104.64004993266913,50.507853561044179],[-104.64005694483501,50.507853142052092],[-104.6400639427618,50.507852741002147],[-104.64007096875622,50.507852358025154],[-104.64007468205996,50.507852159961111],[-104.64007798053206,50.507851990292387],[-104.64008500625964,50.507851642387571],[-104.64009201785068,50.507851298935293],[-104.64009904342768,50.507850970814431],[-104.64010606881315,50.507850667873782],[-104.64011309412335,50.507850374825104],[-104.64012013333064,50.507850108798877],[-104.64012715843562,50.507849842728618],[-104.6401341832876,50.507849609932357],[-104.64014122215291,50.507849388870241],[-104.64014826099762,50.507849170505665],[-104.64015528555548,50.507848976378398],[-104.6401623381811,50.507848800324055],[-104.64016936246547,50.507848642168284],[-104.6401764148176,50.50784850208543],[-104.6401834529991,50.507848370951656],[-104.64019046142232,50.507848258611396],[-104.64019752895193,50.507848162641338],[-104.64020456672327,50.507848085464808],[-104.64021161853533,50.507848016425235],[-104.64021865610161,50.507847966227104],[-104.64022570756514,50.507847943051395],[-104.64023275902863,50.507847919875246],[-104.64023979618489,50.507847923634372],[-104.64024684730671,50.507847945422824],[-104.64025388425797,50.507847976160363],[-104.64026093517485,50.507848024927192],[-104.64026798595508,50.507848091679783],[-104.64027502249641,50.507848176374566],[-104.64027737315597,50.507848207919501],[-104.64027822910067,50.507848218658125],[-104.64028207028541,50.507848265600309],[-104.64028912345573,50.507848389016786],[-104.64029614555326,50.507848518632137],[-104.64030319298709,50.507848654620688],[-104.64031024580224,50.507848824799929],[-104.64031728166059,50.507848999423018],[-104.64032431731401,50.507849201024932],[-104.64033136700145,50.507849411663088],[-104.64033462675032,50.507849512565727],[-104.64033840251838,50.507849631250338],[-104.64034543783046,50.507849877816412],[-104.64035247300596,50.50785014236822],[-104.64035950811324,50.507850415912728],[-104.64036203308748,50.507850520840137],[-104.64036654308397,50.507850707442955],[-104.64037357791818,50.507851016958959],[-104.6403806126842,50.507851335467599],[-104.64038763314313,50.507851680911521],[-104.64039466763609,50.507852035391679],[-104.64040168789032,50.507852407814028],[-104.64040870807636,50.507852789229034],[-104.64041574215986,50.507853197666428],[-104.64042276207293,50.50785361505293],[-104.64042978178124,50.507854059418285],[-104.64043552722718,50.507854423404723],[-104.6404367718818,50.507854502792433],[-104.64044380689114,50.507854975083418],[-104.6404508121561,50.507855464369356],[-104.64045086996167,50.507855466346534],[-104.64045781735298,50.507855962647994],[-104.64046349328176,50.507856381277485],[-104.64046480690773,50.507856477965156],[-104.64046572273757,50.507851202626846],[-104.64046648999516,50.507846735327199],[-104.64046724315035,50.507842267983996],[-104.64046801047593,50.507837791691259],[-104.64046876363084,50.507833324348034],[-104.64046951678559,50.507828857004817],[-104.6404702699402,50.507824389661579],[-104.64047102316296,50.507819913325257],[-104.64047176221506,50.507815445938455],[-104.640472501267,50.507810978551632],[-104.64047324031881,50.507806511164816],[-104.64047397937046,50.507802043777986],[-104.64047470438804,50.507797567354501],[-104.64047545760994,50.507793091018115],[-104.64047618255896,50.507788623587722],[-104.64047690750785,50.507784156157307],[-104.64047763252485,50.507779679733815],[-104.64047835747346,50.507775212303386],[-104.64047908249019,50.507770735879859],[-104.64047980743851,50.507766268449409],[-104.64048051828446,50.50776180097543],[-104.64048122919858,50.507757324508326],[-104.64048194011256,50.507752848041214],[-104.64048265095811,50.507748380567186],[-104.64048336180352,50.507743913093151],[-104.64048407278538,50.507739427632956],[-104.6404847695283,50.507734960115364],[-104.6404854662711,50.507730492597751],[-104.64048617718427,50.507726016130597],[-104.64048685982459,50.507721548569435],[-104.64048755670358,50.507717063065641],[-104.64048823934361,50.507712595504444],[-104.64048893615401,50.507708118993726],[-104.64048961879382,50.507703651432536],[-104.64049030157007,50.507699165885143],[-104.64049098420959,50.507694698323938],[-104.64049166691728,50.507690221769614],[-104.64049233404413,50.507685754160477],[-104.64049301675156,50.507681277606181],[-104.64049368542494,50.507676792015204],[-104.64049433985946,50.507672324366872],[-104.6404950225665,50.507667847812492],[-104.64049567700071,50.507663380164153],[-104.64049633150313,50.50765890352271],[-104.64049700017588,50.507654417931683],[-104.64049765467804,50.507649941290254],[-104.64049832321395,50.507645473685386],[-104.64049896361365,50.507640997000344],[-104.64049960408154,50.507636511322218],[-104.64050025858319,50.507632034680739],[-104.64050089891424,50.507627566988774],[-104.64050155341565,50.507623090347259],[-104.64050217971256,50.507618613618632],[-104.64050283428199,50.507614127984034],[-104.64050346057867,50.507609651255393],[-104.6405041009774,50.50760517457033],[-104.64050472727381,50.507600697841674],[-104.64050535350187,50.50759623010611],[-104.64050597986633,50.507591744384378],[-104.64050660616239,50.507587267655715],[-104.64050721835618,50.507582790883497],[-104.64050784465201,50.507578314154841],[-104.64050844979447,50.507573837360816],[-104.64050864049678,50.50757249525023],[-104.64050908320944,50.507569351660834],[-104.64050968130059,50.507564874845031],[-104.64051029349378,50.507560398072783],[-104.64051089722555,50.507555921274403],[-104.64051149390613,50.507551444454265],[-104.64051211610708,50.50754694972629],[-104.64051269022396,50.507542472836434],[-104.64051331228808,50.507537996094655],[-104.64051391037842,50.507533519278802],[-104.64051449436649,50.507529042419428],[-104.64051509252486,50.507524556610491],[-104.64051566241056,50.507520079707561],[-104.64051626056875,50.507515593898624],[-104.64051684455637,50.507511117039201],[-104.64051741444175,50.507506640136235],[-104.64051798862593,50.507502154253245],[-104.6405185824847,50.50749767742429],[-104.64051912846439,50.507493191454202],[-104.64051972232295,50.507488714625239],[-104.64052029220775,50.507484237722245],[-104.64052086222901,50.507479742833084],[-104.64052141801149,50.507475265886534],[-104.64052197379384,50.507470788939955],[-104.6405225437465,50.507466303043863],[-104.64052307555501,50.507461826023267],[-104.64052363563596,50.507457340096678],[-104.64052419712702,50.507452854174431],[-104.64052475290883,50.507448377227838],[-104.64052530875882,50.507443891288155],[-104.64052583210555,50.507439414241425],[-104.64052637815212,50.507434919278154],[-104.6405269198314,50.507430442287998],[-104.64052746157886,50.507425956304743],[-104.64052800325791,50.50742147931458],[-104.64052851680091,50.507416993244242],[-104.64052905854804,50.507412507260973],[-104.64052958619295,50.507408021234163],[-104.64053011235929,50.507403544196073],[-104.64053064000402,50.507399058169263],[-104.64053115347822,50.507394581091951],[-104.64053168112274,50.507390095065134],[-104.6405321806312,50.507385599958106],[-104.64053269410513,50.507381122880808],[-104.64053320764724,50.507376636810413],[-104.64053372112096,50.507372159733094],[-104.64053423466287,50.507367673662678],[-104.64053473417084,50.507363178555636],[-104.64053523354217,50.507358701434761],[-104.64053573298168,50.507354215320795],[-104.64053623242111,50.507349729206801],[-104.6405367318536,50.507345243992134],[-104.64053721719073,50.507340757834598],[-104.64053771662985,50.507336271720625],[-104.64053820196679,50.507331785563082],[-104.64053868730363,50.507327299405539],[-104.6405391725721,50.507322822241079],[-104.64053964380668,50.507318336039987],[-104.64054012921153,50.507313840889339],[-104.6405406004459,50.507309354688225],[-104.6405410716802,50.507304868487118],[-104.64054154291441,50.507300382286004],[-104.64054201408024,50.507295905077946],[-104.64054247128045,50.507291409840192],[-104.6405429425144,50.507286923639064],[-104.64054339964615,50.50728243739438],[-104.64054385677782,50.50727795114971],[-104.64054431390939,50.507273464905012],[-104.64054475693884,50.507268978616779],[-104.6405452141385,50.507264483378975],[-104.64054567126982,50.507259997134284],[-104.64054611429899,50.507255510846022],[-104.64054655732807,50.507251024557775],[-104.64054700035707,50.507246538269499],[-104.64054744338597,50.507242051981237],[-104.64054787238101,50.507237556656314],[-104.64054830130766,50.507233070324496],[-104.64054874433631,50.50722858403622],[-104.64054917326281,50.50722409770438],[-104.64054960218922,50.507219611372562],[-104.64055001701351,50.507215124997153],[-104.64055044600804,50.50721062967223],[-104.64055087493421,50.50720614334039],[-104.64055128975826,50.507201656964988],[-104.64055170458221,50.507197170589613],[-104.64055210530402,50.507192684170668],[-104.64055252019611,50.507188188802154],[-104.64055293508808,50.507183693433646],[-104.64055333580968,50.507179207014694],[-104.64055373653119,50.507174720595728],[-104.64055415135466,50.507170234220283],[-104.64055453797396,50.50716574775776],[-104.64055493876353,50.507161252345689],[-104.64055532545096,50.507156756890069],[-104.64055572617208,50.507152270471103],[-104.64055611279109,50.507147784008566],[-104.64055648530798,50.507143297502495],[-104.64055688609716,50.507138802090395],[-104.64055725861391,50.507134315584317],[-104.64055763119883,50.50712982008514],[-104.64055801781747,50.507125333622575],[-104.64055838899206,50.507120838119043],[-104.64055876150853,50.507116351612922],[-104.64055913402491,50.507111865106843],[-104.64055949250748,50.507107369564082],[-104.640559879194,50.507102874108405],[-104.64056022350613,50.507098387515207],[-104.64056058198848,50.507093891972467],[-104.64056095450449,50.507089405466324],[-104.64056129881641,50.507084918873105],[-104.64056165729855,50.507080423330322],[-104.64056200167859,50.507075927744012],[-104.64056236009233,50.50707144119432],[-104.64056270447225,50.507066945608003],[-104.64056304878382,50.507062459014762],[-104.64056337906159,50.507057963384888],[-104.64056372337303,50.50705347679164],[-104.64056405365068,50.507048981161773],[-104.64056438392826,50.507044485531878],[-104.64056472823948,50.50703999893863],[-104.64056504441494,50.507035503265193],[-104.64056537462405,50.507031016628403],[-104.64056570490138,50.50702652099848],[-104.64056602100835,50.50702203431814],[-104.6405663513538,50.507017529695133],[-104.64056665335868,50.507013042971231],[-104.64056698363574,50.507008547341329],[-104.64056728564047,50.507004060617405],[-104.64056760181542,50.506999564943939],[-104.64056790382003,50.506995078220029],[-104.64056820589286,50.506990582503015],[-104.64056852206761,50.506986086829549],[-104.64056881003835,50.506981591068964],[-104.64056911204273,50.506977104345033],[-104.64056940001332,50.506972608584483],[-104.64056970208587,50.506968112867433],[-104.64056998998809,50.50696362609996],[-104.6405702780268,50.506959121346299],[-104.6405705659289,50.506954634578804],[-104.64057085389922,50.506950138818212],[-104.64057112776752,50.506945643014092],[-104.64057140156748,50.506941156203048],[-104.64057168953764,50.506936660442456],[-104.64057194923551,50.506932173587842],[-104.64057222317184,50.506927668790631],[-104.64057249703987,50.506923172986468],[-104.6405727567376,50.506918686131861],[-104.64057301650355,50.506914190284157],[-104.64057329037142,50.506909694480001],[-104.64057353596702,50.506905207581859],[-104.64057379573282,50.506900711734161],[-104.64057405556682,50.506896206893359],[-104.64057431526423,50.506891720038723],[-104.64057454682596,50.506887224103927],[-104.64057480659154,50.506882728256201],[-104.64057505218688,50.506878241358031],[-104.6405752978504,50.506873745466784],[-104.64057554351389,50.506869249575487],[-104.64057576104169,50.506864744604066],[-104.64057600663679,50.506860257705874],[-104.64057623819821,50.50685576177105],[-104.64057646975954,50.506851265836225],[-104.64057670132084,50.506846769901401],[-104.64057691730167,50.506842282911755],[-104.64057713476093,50.506837786933396],[-104.64057735228843,50.506833281961917],[-104.64057758384955,50.506828786027093],[-104.64057780124043,50.506824299041789],[-104.64057801869951,50.506819803063408],[-104.64057820795468,50.506815306997943],[-104.64057842541369,50.506810811019548],[-104.6405786287707,50.506806314997611],[-104.64057883205943,50.506801827968758],[-104.64057903548465,50.50679732295373],[-104.64057923884154,50.506792826931765],[-104.64057942809647,50.506788330866307],[-104.64057963145331,50.506783834844349],[-104.64057980653797,50.506779347728404],[-104.64057999579279,50.506774851662904],[-104.64058018504073,50.506770356496702],[-104.64058037436376,50.506765851438104],[-104.64058054951656,50.506761355329068],[-104.64058073877122,50.506756859263561],[-104.64058091385566,50.506752372147595],[-104.64058108900834,50.506747876038531],[-104.64058125005906,50.506743379885933],[-104.64058142521168,50.50673888377689],[-104.64058160036424,50.506734387667812],[-104.64058176148316,50.506729882522123],[-104.64058192253374,50.50672538636951],[-104.64058208358429,50.506720890216876],[-104.64058224456656,50.506716403057368],[-104.64058239151515,50.506711906861206],[-104.6405825384637,50.506707410665058],[-104.64058269951414,50.506702914512402],[-104.64058284646264,50.506698418316248],[-104.64058299347938,50.506693913126981],[-104.64058312632589,50.506689416887276],[-104.64058327327429,50.506684920691079],[-104.6405834061208,50.506680424451375],[-104.64058353896728,50.506675928211671],[-104.64058367174542,50.506671440965022],[-104.64058380459181,50.506666944725289],[-104.64058392333631,50.506662448442007],[-104.6405840562509,50.506657943209206],[-104.64058418909723,50.506653446969466],[-104.64058430784165,50.506648950686198],[-104.640584426586,50.506644454402903],[-104.64058454533037,50.506639958119614],[-104.64058464997281,50.506635461792783],[-104.64058476871712,50.506630965509494],[-104.64058487335953,50.506626469182656],[-104.64058497807017,50.506621963862735],[-104.64058508271252,50.506617467535889],[-104.64058518735486,50.506612971209059],[-104.64058529199716,50.506608474882206],[-104.64058538253758,50.506603978511833],[-104.64058547307799,50.506599482141432],[-104.64058556361837,50.506594985771038],[-104.64058565409046,50.506590498393741],[-104.64058573059719,50.506585992986714],[-104.64058583523939,50.506581496659848],[-104.64058591167782,50.506577000245898],[-104.64058598811624,50.506572503831968],[-104.64058606455464,50.506568007418025],[-104.64058612548099,50.50656351095617],[-104.64058621602121,50.506559014585754],[-104.64058627835772,50.506554518128262],[-104.64058634069418,50.506550021670762],[-104.64058640309891,50.506545516220179],[-104.64058646543536,50.506541019762665],[-104.64058654187365,50.5065365233487],[-104.64058659010823,50.506532026847658],[-104.64058663834278,50.506527530346595],[-104.64058668657734,50.506523033845539],[-104.64058674891371,50.506518537388033],[-104.64058679714823,50.506514040886977],[-104.6405868312809,50.506509544342371],[-104.64058687958368,50.506505038848225],[-104.64058692781816,50.506500542347169],[-104.64058696195079,50.506496045802542],[-104.64058699608343,50.506491549257944],[-104.64058701611418,50.506487052669797],[-104.64058706434867,50.50648255616872],[-104.64058708437942,50.506478059580552],[-104.64058710441016,50.506473562992383],[-104.64058713861102,50.506469057454666],[-104.64058715864176,50.506464560866497],[-104.64058716457068,50.506460064234794],[-104.64058718460142,50.506455567646626],[-104.64058720463214,50.50645107105845],[-104.64058721056104,50.506446574426739],[-104.64058721648993,50.506442077795015],[-104.64058723652064,50.506437581206832],[-104.64058722834768,50.506433084531558],[-104.64058722017477,50.506428587856306],[-104.64058724027375,50.506424082275025],[-104.64058723210081,50.506419585599765],[-104.64058720982602,50.506415088880928],[-104.64058721575491,50.506410592249203],[-104.64058719348014,50.50640609553038],[-104.64058718530721,50.506401598855106],[-104.64058717713426,50.506397102179818],[-104.64058715485952,50.506392605460988],[-104.64058713258477,50.506388108742144],[-104.64058711037826,50.50638360303023],[-104.64058561755748,50.506102070348646],[-104.64058712933743,50.50610206512313],[-104.64073090682571,50.506102066426898],[-104.6408683990262,50.506102067950096],[-104.64115270766754,50.506102075867183],[-104.64142736975161,50.506102182883119],[-104.64158865447695,50.506102245141349],[-104.64159099822463,50.506102246960701],[-104.64159099605307,50.506102533840306],[-104.64159099368989,50.506102659739234],[-104.64158926779349,50.506372021752902],[-104.64158886762937,50.50663372554417],[-104.64170416182522,50.506633706303148],[-104.64170459093049,50.507190114945828],[-104.64170509293544,50.507846277418139],[-104.64159225402499,50.507846089281742],[-104.64158697404908,50.507846085617921],[-104.64159320798544,50.509172795932486],[-104.64171550976707,50.509342269705108],[-104.64194665747873,50.509662551252021],[-104.64195897571126,50.509658932461164],[-104.64201068978315,50.509643722844075],[-104.64231808147947,50.510069656541944],[-104.6433586837941,50.511511459113272],[-104.64342151711811,50.511598515074908],[-104.64349472013478,50.511699937161353],[-104.64343063666871,50.511718713163873],[-104.64402759034282,50.512341497817069],[-104.64402761973044,50.512341528484107],[-104.64403449390841,50.51234866499275],[-104.64403820268731,50.512352489487007],[-104.64404193974164,50.512356305074306],[-104.64404567679657,50.512360120661477],[-104.64404942809092,50.512363918305482],[-104.64405319342187,50.51236772498558],[-104.64405697292462,50.512371522715583],[-104.6440607807028,50.512375311538619],[-104.64406458854921,50.512379091368423],[-104.64406841049983,50.512382871241229],[-104.64407224662229,50.51238664216396],[-104.64407609684893,50.512390413129658],[-104.64407996124741,50.512394175145261],[-104.64408382571415,50.512397928167637],[-104.64408771838869,50.51240168127616],[-104.64409162523506,50.512405425434522],[-104.64409554625327,50.512409160642811],[-104.64409946727213,50.512412895850957],[-104.64410341656642,50.512416622152138],[-104.64410507336059,50.512418178559173],[-104.64410737996494,50.512420348496278],[-104.64411134343169,50.512424065847178],[-104.64411533517391,50.512427774291098],[-104.64411921626892,50.512431379873163],[-104.64411932833384,50.512431481839897],[-104.64412333289903,50.512435173235467],[-104.64412736702157,50.512438872815231],[-104.64413140127995,50.512442554408658],[-104.64413544964259,50.512446236045065],[-104.64413951217708,50.512449908731362],[-104.64414358881584,50.512453581460633],[-104.64414767962641,50.512457245239759],[-104.64415178460889,50.512460900068774],[-104.64415590370233,50.512464554041451],[-104.64416002285729,50.512468199920193],[-104.64416417028772,50.512471836891912],[-104.6441683177864,50.512475464870406],[-104.64417249349297,50.512479092934946],[-104.64417666920016,50.512482720999337],[-104.64417907252003,50.512484784210407],[-104.64418087325049,50.512486331163629],[-104.64418507730143,50.512489941327772],[-104.64418806930416,50.512492494673367],[-104.64418929552424,50.512493542541769],[-104.64419352791892,50.512497134805642],[-104.64419777441789,50.512500727112446],[-104.64420203508874,50.512504310469119],[-104.64420630986385,50.512507893868722],[-104.64421058477478,50.512511459282024],[-104.64421488789367,50.512515024781344],[-104.64421920518441,50.512518581330539],[-104.64422352247581,50.512522137879557],[-104.64422785393909,50.512525685478444],[-104.6442322136779,50.512529224170258],[-104.64423657348493,50.512532753868847],[-104.64424094739627,50.512536283610345],[-104.64424170445143,50.512536890272699],[-104.64424533547948,50.512539804401705],[-104.64424972363095,50.512543316199803],[-104.64425413999035,50.512546828083934],[-104.64425857052164,50.512550331017898],[-104.64426300112117,50.51255382495863],[-104.64426744589259,50.512557309949173],[-104.64427191887196,50.512560795025742],[-104.64427638911236,50.512564269301819],[-104.6442808791391,50.512567738242211],[-104.64428538053049,50.512571196425178],[-104.64428988192255,50.512574654607995],[-104.64429441159015,50.512578103883726],[-104.64429895542968,50.512581544209276],[-104.64430349926982,50.512584984534641],[-104.64430805728189,50.512588415909846],[-104.64431262946583,50.512591838334878],[-104.64431721582169,50.512595251809714],[-104.64432181634942,50.51259865633439],[-104.64432643098149,50.512602060901969],[-104.6443310456818,50.512605456476258],[-104.64433544598855,50.512608666133673],[-104.64433569290905,50.512608840458491],[-104.64434033163423,50.5126122298105],[-104.64434498878263,50.512615607527337],[-104.64434966010299,50.512618976293965],[-104.64435434559523,50.512622336110454],[-104.64435904525936,50.512625686976705],[-104.64436374492416,50.512629037842771],[-104.64436847286457,50.512632379801751],[-104.64437320087316,50.512635712767427],[-104.64437794305368,50.512639036782936],[-104.64438269933854,50.512642360841291],[-104.6443874697953,50.512645675949486],[-104.64439224032031,50.51264898206437],[-104.64439703912088,50.512652279272132],[-104.64440183792212,50.512655576479709],[-104.64440665096281,50.512658855744],[-104.64441147532091,50.512662130545984],[-104.64441631942483,50.5126654054081],[-104.64442117484614,50.512668675807909],[-104.64442439551088,50.512670833241621],[-104.64442455690617,50.512670939855361],[-104.64442603040325,50.512671928221359],[-104.64442679525108,50.512672436879441],[-104.64443090006468,50.512675180677682],[-104.64443579800169,50.512678424226863],[-104.64444068190328,50.512681658739666],[-104.64444559408042,50.51268488434534],[-104.64445052036197,50.512688109993881],[-104.64445544677926,50.512691317656042],[-104.64446038730091,50.512694525361027],[-104.64446534199449,50.512697724115817],[-104.64447031079239,50.512700922913488],[-104.64447529382976,50.512704103767796],[-104.6444802768678,50.512707284621939],[-104.64448527407777,50.512710456525795],[-104.64449028545961,50.512713619479477],[-104.64449531101339,50.512716773482914],[-104.64450035073905,50.512719918536092],[-104.64450539046541,50.512723063589064],[-104.64451044436366,50.512726199691791],[-104.64451551243383,50.512729326844266],[-104.64452059467588,50.512732445046517],[-104.64452245915908,50.512733581195697],[-104.64452510705671,50.512735195481767],[-104.64452526007128,50.512735291277821],[-104.64452568830966,50.512735548894042],[-104.64453078750452,50.512738663550309],[-104.64453589815859,50.512741754858745],[-104.64454102291708,50.51274484621004],[-104.64454616185421,50.512747927711757],[-104.64455131495647,50.512751001162528],[-104.64455646812695,50.512754065620022],[-104.64456163540181,50.512757130120299],[-104.64456681691608,50.512760176677254],[-104.64457199843105,50.512763223233975],[-104.64457720822161,50.512766260883517],[-104.64458241808038,50.512769289539712],[-104.64458764211105,50.512772309245662],[-104.64459288031362,50.512775320001339],[-104.64459811851685,50.512778330756767],[-104.644603370892,50.512781332561943],[-104.64460863750655,50.512784316423762],[-104.64461391822552,50.512787300328391],[-104.64461919901265,50.512790275239709],[-104.64462225242883,50.512791980694224],[-104.64462451090964,50.512793239453799],[-104.64462982139695,50.512796203663306],[-104.64463512917892,50.512799152575745],[-104.64463652956164,50.512799923977632],[-104.64463837101789,50.512801310068106],[-104.64474049462703,50.512878306605366],[-104.64480879366434,50.512929801019119],[-104.64480884275085,50.512929838041352],[-104.64481506272254,50.512934528131169],[-104.64481855488398,50.512937161227754],[-104.64485644417296,50.512965727978617],[-104.64489134201611,50.512992039968715],[-104.64492379257472,50.513016506256307],[-104.64495742685652,50.513041865580746],[-104.64499162778471,50.513067651106354],[-104.64504054361382,50.513104531538865],[-104.64508895041575,50.513141028184045],[-104.64515999488189,50.513194592019453],[-104.6452456703239,50.513259186593544],[-104.64525250748805,50.513264340795239],[-104.64527207649289,50.513279095452525],[-104.64543815062733,50.513404302259794],[-104.64547866475604,50.513434846328757],[-104.64551225476885,50.513460169382554],[-104.6455143219892,50.513461737810758],[-104.6455132133938,50.513461738032746],[-104.64544022538074,50.51346173162338],[-104.64533168340162,50.513461722988474],[-104.64540552910046,50.513500307888734],[-104.64554763507174,50.513500316117863],[-104.64554875353404,50.513500316824896],[-104.64569070824476,50.51358309414605],[-104.64662714767519,50.514129145465887],[-104.64679601044891,50.514227608243665],[-104.64694776384809,50.514306958522155],[-104.64728962111474,50.514485710084315],[-104.64836281104419,50.515048073334313],[-104.64915579295608,50.515463590102655],[-104.65011022814402,50.515963689220399],[-104.65247196705965,50.517201102094937],[-104.652539531814,50.517236635648814],[-104.65334433090318,50.517659886853316],[-104.65334527234116,50.51766038248806],[-104.65430411015519,50.518164627546078],[-104.65433341914289,50.518180040010499],[-104.65480728220382,50.518429234085417],[-104.65482769919549,50.518440014603392],[-104.65497577546822,50.518518379354127],[-104.65512292885404,50.518597442657139],[-104.65526914519036,50.518677212567859],[-104.65541440253871,50.518757602689476],[-104.65555883356082,50.518838797780141],[-104.65570228797137,50.518920709264385],[-104.65584462248326,50.519003255782756],[-104.65598610452129,50.519086518169651],[-104.65612661269387,50.519170507760862],[-104.65626612651648,50.519255131868654],[-104.65633392366668,50.51929694749149],[-104.65640449445783,50.519340472787562],[-104.65654202328426,50.519426438795811],[-104.65667842167457,50.519513131560686],[-104.65681384270803,50.519600449913305],[-104.65687496432825,50.519640527825587],[-104.65687499942973,50.51964055041222],[-104.65694811498084,50.519688493177405],[-104.65708141136571,50.519777153946741],[-104.65721372897603,50.519866441209409],[-104.65731504009197,50.519935886033259],[-104.6573449154029,50.519956363513508],[-104.65747498140915,50.520046992840648],[-104.65760407070675,50.520138157845636],[-104.65773202893459,50.520229941715385],[-104.65782652785541,50.520298856144379],[-104.65785886668019,50.520322440712782],[-104.65798472905242,50.520415485294748],[-104.65804665128385,50.520461984335945],[-104.65810945754238,50.520509146945244],[-104.65813664847032,50.520529909518089],[-104.65823292800827,50.520603426202783],[-104.65835540477032,50.520698249202724],[-104.65839485442299,50.520729167815723]]]},"properties":{"OBJECTID":5,"ID":10,"POPULATION":24528,"SHAPE.AREA":10692381.092363801,"SHAPE.LEN":17316.701650840801}},{"type":"Feature","id":6,"geometry":{"type":"Polygon","coordinates":[[[-104.63385685848263,50.408793401270373],[-104.63692472945176,50.408803051564554],[-104.63692788916222,50.410224041032713],[-104.63692132628992,50.411078406300184],[-104.63692103926051,50.411839887819148],[-104.63692239558299,50.412837883104523],[-104.63691519049374,50.414074317162459],[-104.63690888223977,50.414239489947079],[-104.63689261109754,50.414404384314814],[-104.63686640416768,50.414568755724517],[-104.63683029840456,50.414732359663361],[-104.63678434765426,50.414894951668721],[-104.63672862121339,50.415056291820562],[-104.63666319965573,50.415216138433109],[-104.63658818322948,50.415374254376424],[-104.63643907687812,50.41572260997637],[-104.64093186442882,50.416557140446933],[-104.64290096055716,50.416896461435485],[-104.64285314167122,50.417045475330006],[-104.6426889373528,50.417761162672797],[-104.64249159047007,50.418701792409571],[-104.64240644328758,50.419107623922706],[-104.64201672008795,50.420713279615271],[-104.64188384383003,50.421306294241454],[-104.64179853961564,50.421821768066536],[-104.64170753729782,50.422371653787138],[-104.64166396401458,50.423266815488219],[-104.64168677648122,50.424387191634153],[-104.64174196209248,50.424924687312732],[-104.64180849003873,50.425344443530868],[-104.64189836119685,50.425876896178636],[-104.64199168458035,50.426297362423426],[-104.64210633515643,50.426813901650391],[-104.64229216420129,50.427364452336015],[-104.64251176717988,50.42801239906467],[-104.64273748368684,50.428676050394586],[-104.64308284394032,50.429538341659821],[-104.64334190596202,50.430193559151256],[-104.643735291802,50.431188472940157],[-104.64419385078702,50.432613063198346],[-104.64451113793658,50.433780239339384],[-104.64464816357543,50.434469156557149],[-104.64469345456783,50.434894847745745],[-104.64997829837417,50.434893953120969],[-104.65359985135659,50.434893201325544],[-104.6535999076789,50.434893201493203],[-104.66255106753454,50.434890859301404],[-104.66255112385691,50.434890859464716],[-104.67150234237234,50.434887828875809],[-104.6804535065542,50.434884109571527],[-104.68045356287666,50.434884109726198],[-104.68699159973558,50.434880957618276],[-104.68699151759822,50.434811840398481],[-104.68699139655476,50.434714669951177],[-104.68699028760558,50.433815338285655],[-104.6869897154665,50.433353721466673],[-104.68698812156924,50.432113218901684],[-104.68698743034707,50.431577404213535],[-104.68698743058425,50.431577368240525],[-104.68698231917314,50.427619419973809],[-104.6869820922205,50.427447974311548],[-104.68698028902527,50.426090534823786],[-104.68698025974165,50.426027918082966],[-104.68698021298063,50.425909863176166],[-104.6869619378803,50.421622279263659],[-104.68695218924236,50.419335725964444],[-104.68695189426766,50.419265794980994],[-104.68694935432529,50.418669825187081],[-104.68694920301903,50.418624227200958],[-104.68693130585123,50.411432997196975],[-104.68692646540329,50.409632194299689],[-104.68691512796428,50.405235265670903],[-104.68691507360924,50.40521404098557],[-104.68691302324862,50.404419090087011],[-104.6869124600619,50.404199999131727],[-104.68691232435864,50.404147336718481],[-104.68691180445548,50.403943461888744],[-104.68691009692334,50.403270549283192],[-104.6869091117314,50.402881849632756],[-104.68690341124774,50.400638570048699],[-104.68689474019364,50.397323972531929],[-104.68689428990352,50.39715096950421],[-104.68689380952887,50.396968222874122],[-104.68680632741886,50.396968209530037],[-104.68661115076043,50.396968182158069],[-104.68661135508947,50.397151019779947],[-104.68095814588763,50.397151767230554],[-104.68095834094626,50.397332536353424],[-104.67529667353502,50.397332626670497],[-104.67268977547072,50.397332624976677],[-104.67127693495745,50.397332599401281],[-104.67028151156579,50.397332571307956],[-104.66398115832958,50.397331998779968],[-104.65880506821389,50.397328433191895],[-104.65880337985331,50.397328431837572],[-104.65843464791564,50.397328278838266],[-104.6584283784499,50.397328276618971],[-104.65791850340727,50.397328063631058],[-104.65705471467494,50.397327699597327],[-104.65705171501556,50.397327697949358],[-104.65700666519572,50.397327681153122],[-104.65653480937335,50.397327477057324],[-104.65630398171197,50.39732737991659],[-104.65615830398382,50.397327311879486],[-104.65601261214849,50.397327249014353],[-104.65586692030794,50.397327186866065],[-104.65572122846866,50.397327124535323],[-104.65557553803765,50.397327062026299],[-104.65542986027693,50.397326998472998],[-104.6552841684872,50.397326929299624],[-104.65513847665964,50.397326865339764],[-104.65499279888979,50.397326803037828],[-104.65484710706485,50.397326738713069],[-104.65470141523467,50.397326675105191],[-104.65455572341234,50.397326610415512],[-104.65441004565422,50.397326546484507],[-104.65426435387373,50.397326476033996],[-104.65411864657239,50.397326411650283],[-104.65375685815668,50.39732624468239],[-104.65374378599006,50.397326239051537],[-104.65337569995387,50.397326071939752],[-104.65337543122088,50.397326072038396],[-104.65238824014419,50.39732561858294],[-104.65238526158988,50.39732561687773],[-104.65238433157977,50.397325616796877],[-104.65154316980981,50.397325445826567],[-104.65154019124905,50.397325444999055],[-104.65153926124559,50.397325444012075],[-104.65121703998031,50.39732525095377],[-104.64839670104307,50.397323984732623],[-104.64837644051812,50.397323995444822],[-104.64830328651637,50.397324718628511],[-104.64822655309388,50.397326402237347],[-104.6481469272338,50.397328994381219],[-104.64806774499537,50.397332478165936],[-104.64799225581616,50.397336944365748],[-104.64793774829369,50.397340916419488],[-104.64792015083081,50.397342302118425],[-104.64784864348658,50.397348650916953],[-104.64777741151471,50.397355809917329],[-104.64770634256328,50.397363940662274],[-104.64763556090587,50.397372980574225],[-104.64756523624554,50.397383002115546],[-104.64749521514801,50.3973938249528],[-104.64742565103992,50.397405629420845],[-104.64735637641812,50.397418235143434],[-104.64728770081318,50.397431831922354],[-104.64721931321392,50.397446238946166],[-104.64715165064381,50.397461529488616],[-104.64708427680557,50.397477721113717],[-104.64701761379362,50.397494813303972],[-104.64695135280422,50.397512707094663],[-104.64688580262849,50.39753150235191],[-104.64682079650468,50.397551108635923],[-104.64675647231128,50.397571526366299],[-104.64669267608657,50.3975928360178],[-104.64662970382247,50.397614966542584],[-104.64656724612097,50.39763789901513],[-104.64650561237565,50.397661652363269],[-104.64645862941389,50.397680501097888],[-104.64644464862232,50.397686118198806],[-104.64642055152662,50.397696284025599],[-104.64641883952534,50.397697000098375],[-104.64638449548978,50.397711494806536],[-104.64632513756459,50.397737584284535],[-104.64631103654689,50.397744038295691],[-104.64626661839407,50.397764395759921],[-104.64622646904421,50.39778361412538],[-104.6462256388149,50.397784006413872],[-104.64620890916844,50.397792019080988],[-104.64615216538799,50.397820355793783],[-104.64613198255591,50.397830690851912],[-104.64605667174601,50.39786964628528],[-104.64605554222712,50.397870173463367],[-104.64605077284244,50.39787258718885],[-104.64602256613671,50.397886856739483],[-104.64599681960944,50.397899889073607],[-104.64593869636317,50.397928273646457],[-104.64593743953178,50.39792889216929],[-104.64589823469849,50.397947261614434],[-104.64589692022749,50.397947873665956],[-104.6458762044695,50.397957583810204],[-104.64586581130284,50.397962264749943],[-104.64581391866795,50.397985660664091],[-104.64577592685603,50.398002103762941],[-104.64577534532381,50.398002352010664],[-104.64575073776511,50.398013006288117],[-104.64569923359052,50.39803429346653],[-104.64568646512242,50.398039575114609],[-104.64562142675604,50.398065233232863],[-104.64555550609012,50.398090142168861],[-104.6454888036918,50.39811421229286],[-104.64542131849002,50.398137587495754],[-104.64535305189574,50.398160078917662],[-104.64528404538248,50.398181785611875],[-104.64521428649127,50.398202680558605],[-104.6451439698499,50.398222702295278],[-104.64507311041442,50.398241921015554],[-104.64500173692495,50.398260256764317],[-104.64492984884747,50.398277781486698],[-104.64485750367348,50.39829433347488],[-104.64478482816449,50.398310083990935],[-104.64471169294956,50.398325023645604],[-104.64463841018342,50.39833899150922],[-104.6445646557284,50.398352058538912],[-104.64449057021854,50.398364234157],[-104.64444805728422,50.398370849335031],[-104.64441639217058,50.398375609026552],[-104.64438787463159,50.398379602194659],[-104.64434179892613,50.398386056252406],[-104.64426736767911,50.398395721494211],[-104.64419284290236,50.398404532023051],[-104.64411843597578,50.398412632380783],[-104.64404385318898,50.398419787838883],[-104.64401263958979,50.398422489298177],[-104.64394817679892,50.398429910390966],[-104.64390496104616,50.398433035553232],[-104.64390314803897,50.398433139724062],[-104.64384091174254,50.398436720167517],[-104.64374955520348,50.398440029740094],[-104.64373252315022,50.398440621514766],[-104.64366663828707,50.398442910921332],[-104.64330562153279,50.398438898794062],[-104.6433038783568,50.398438884455899],[-104.64330379533847,50.398438885100717],[-104.64308944961914,50.398438781700996],[-104.64107991829006,50.398437780406972],[-104.64078900635432,50.398333927109988],[-104.64035571932065,50.398176012175696],[-104.64014142590572,50.398065270360689],[-104.64005368023381,50.398019893067875],[-104.63991590098631,50.397948646730974],[-104.63986180437566,50.39792067237412],[-104.63948371419109,50.397725168653118],[-104.63948158666733,50.397724076548414],[-104.63948135119936,50.397723957104922],[-104.6394602047864,50.397713118295428],[-104.63945582357918,50.397710872538525],[-104.63945029239478,50.397708132174067],[-104.63942750885136,50.397696844906747],[-104.63939181065723,50.3976796142911],[-104.63938475233003,50.397676207270486],[-104.63937470944452,50.397671547201043],[-104.63936458383054,50.397666850001023],[-104.63936167457733,50.39766550005627],[-104.63935587008639,50.397662807404764],[-104.63935444122593,50.397662167137028],[-104.63930140934885,50.397638404761608],[-104.63929725738215,50.39763654462989],[-104.63929289569806,50.397634694639976],[-104.63924076725522,50.397612588936802],[-104.63923765236878,50.397611268029706],[-104.63923025199789,50.39760825385288],[-104.63923020992588,50.39760823573549],[-104.63921971687451,50.397603941190077],[-104.63920749575217,50.397598944290642],[-104.63919853323101,50.397595427028904],[-104.63916654789919,50.397582872770904],[-104.63916176433807,50.397580995386448],[-104.63915581568504,50.397578761843995],[-104.63911266411243,50.397562560259281],[-104.6391001733495,50.397557870988038],[-104.63908719067607,50.397553297104466],[-104.63907768241292,50.397549945418817],[-104.63907283425529,50.397548237806845],[-104.63907267287269,50.397548182446009],[-104.63904477389217,50.397538353262263],[-104.63903758936148,50.397535822692085],[-104.6390302101331,50.397533362565781],[-104.63898602742573,50.397518629965298],[-104.63897415443208,50.397514671068492],[-104.63896160157027,50.397510751430559],[-104.63891953413838,50.397497614515252],[-104.63890986719245,50.397494595981037],[-104.638877439129,50.39748496224707],[-104.63886996178466,50.397482825570862],[-104.63883469080481,50.39747274591732],[-104.63882844190509,50.397470960200053],[-104.63882410322046,50.397469791069483],[-104.63876718922282,50.397454457666846],[-104.63876258937546,50.397453218473331],[-104.63875838909325,50.397452166685142],[-104.63875247838361,50.397450684194489],[-104.63874709146052,50.397449335534013],[-104.63874674457362,50.397449251716949],[-104.63869602521916,50.397436553715409],[-104.63869450699046,50.397436196456255],[-104.63864831677772,50.397425342670985],[-104.63864560615198,50.397424705607953],[-104.63864213393961,50.397423937572633],[-104.63859489952759,50.397413486128116],[-104.63859424070969,50.397413347380713],[-104.63858232719262,50.397410839863845],[-104.63858029735735,50.397410412663433],[-104.6385800557252,50.397410364247371],[-104.63856511359592,50.397407221374223],[-104.63856104549114,50.397406366047178],[-104.6385581248431,50.397405779592376],[-104.63852690801737,50.397399515779114],[-104.6384754870318,50.397389732982582],[-104.63841303575644,50.397378788998431],[-104.63840649218348,50.397377642677576],[-104.63837178658991,50.397372053281174],[-104.63831964782416,50.397364156812969],[-104.63828479257923,50.397359191971461],[-104.63824623561911,50.397354222803578],[-104.63822359985477,50.397351307779495],[-104.63822322312255,50.397351263439297],[-104.63821465318341,50.397350160270165],[-104.63814422352561,50.397342296774731],[-104.63809122012316,50.397337095555429],[-104.63806886965253,50.397335149086047],[-104.63805578776439,50.397334017478464],[-104.63803757959133,50.397332604612416],[-104.63803687648297,50.397332554759416],[-104.63800249477373,50.397329894534089],[-104.63794919699741,50.397326401093245],[-104.63790216041821,50.397323996439816],[-104.63787789104592,50.397322762539304],[-104.63784969753712,50.397321724167142],[-104.63784897451956,50.397321702130768],[-104.63782430165649,50.397320797023298],[-104.63777070606729,50.397319461006205],[-104.63773497316306,50.397318900067134],[-104.63772586618414,50.397318851022959],[-104.63768446462534,50.397318652839559],[-104.637608201508,50.397318760649853],[-104.63760607692254,50.397318767521838],[-104.63751806412965,50.397318878242594],[-104.63711447628428,50.397319394442341],[-104.63695817392018,50.397319399625388],[-104.6367715948364,50.397319406301051],[-104.63668459440491,50.397319418825212],[-104.63598555465214,50.397319524263324],[-104.63598549837447,50.39731952408723],[-104.63592538105257,50.397319532921259],[-104.63512615746328,50.3973196541817],[-104.63476159158792,50.397319679339873],[-104.63412776845358,50.397319717535062],[-104.63400522222081,50.397319725080358],[-104.63400518141948,50.397319724952006],[-104.63374800732693,50.397319730399118],[-104.63289553972899,50.397319823385601],[-104.6316871183044,50.397319942095308],[-104.63040181972431,50.397320055856049],[-104.62946575826803,50.397320113516344],[-104.62946589392573,50.397447644064172],[-104.62946584047585,50.397447642095244],[-104.62946577153555,50.397447641875665],[-104.62946552532723,50.397447640192134],[-104.62939264267938,50.397447601394127],[-104.62498567521452,50.397445158574172],[-104.62498561470883,50.39744515927849],[-104.62260283263882,50.397443570298755],[-104.6226027665125,50.397443570084249],[-104.62260270601391,50.397443569887983],[-104.62251463081202,50.397443529656776],[-104.62218433225461,50.397443381064946],[-104.62218425910068,50.397443379928035],[-104.61818012116176,50.397441476915105],[-104.61817654607712,50.397441470577498],[-104.61812498302933,50.399961536330977],[-104.61809806671174,50.401277047563681],[-104.61805989095816,50.404570035766298],[-104.61808119243767,50.408024032953513],[-104.61809446610226,50.410175644613076],[-104.61809446907618,50.410176150054923],[-104.61809447156085,50.410176541278311],[-104.61916705133264,50.410176448017168],[-104.62102726044765,50.410176261811927],[-104.62104589478723,50.409555404605356],[-104.62104308696244,50.408781000587453],[-104.62273917052967,50.408784760779838],[-104.62392135498141,50.408779599190524],[-104.62500503109547,50.408774108124142],[-104.62562423400115,50.408776105853832],[-104.62680634315898,50.408779916255547],[-104.62800252677893,50.408783759648344],[-104.62969125454435,50.408789165781201],[-104.6326466024325,50.408789572738478],[-104.63385685848263,50.408793401270373]]]},"properties":{"OBJECTID":6,"ID":2,"POPULATION":23172,"SHAPE.AREA":15678016.1772596,"SHAPE.LEN":18410.773445750299}},{"type":"Feature","id":7,"geometry":{"type":"Polygon","coordinates":[[[-104.49260926046563,50.422612351736632],[-104.49260922860343,50.422612435236871],[-104.49260922869055,50.422615325736139],[-104.49260894607536,50.423132701299977],[-104.4926074919364,50.425791601459203],[-104.49260748328834,50.425806244569401],[-104.49260742079247,50.42590313261497],[-104.49260717805221,50.426084080819685],[-104.49260714270609,50.426183961102247],[-104.49260675099823,50.427034956222002],[-104.49260650772005,50.427682993874853],[-104.49260620711405,50.428495668966882],[-104.49260610463085,50.428676526868905],[-104.49260542052035,50.43013714775735],[-104.49260473882593,50.431597770988631],[-104.49260477704718,50.431778628508674],[-104.49260419915429,50.433308410483669],[-104.49260364798866,50.434466672098928],[-104.4926035414713,50.434647889535988],[-104.49260341732534,50.435252428276101],[-104.49260432750543,50.439448946691691],[-104.49260449250123,50.44052351550566],[-104.49260449811884,50.440552890786968],[-104.49260725451359,50.442352412426999],[-104.49260725408091,50.442352452895548],[-104.49261109623508,50.444860715771433],[-104.49261386986056,50.446671335842524],[-104.49261421061993,50.446932791492316],[-104.49261429891069,50.447000137342499],[-104.49261553130758,50.447000137319655],[-104.49268000434343,50.447000167485697],[-104.49304366378706,50.447000334896217],[-104.49478064790917,50.447001195832662],[-104.4954944694683,50.447001540614252],[-104.49592453911836,50.447001685626681],[-104.49653653813513,50.447001880606138],[-104.49658597543574,50.447001824672228],[-104.49669612573099,50.447000952100083],[-104.49680614472129,50.446999179513526],[-104.49687640157205,50.446997415691783],[-104.49691617279387,50.446996416686261],[-104.49702607235588,50.446992754756486],[-104.49713598002423,50.446988193415585],[-104.49715471121459,50.446987246405513],[-104.49724575731513,50.44698264213104],[-104.49735540326908,50.446976190833283],[-104.49746491883238,50.446968749592564],[-104.4975741612549,50.446960497661443],[-104.49768341411279,50.446951256396218],[-104.49769849673898,50.446949838482581],[-104.49779225488307,50.446941023973473],[-104.49790110276354,50.446929982071524],[-104.49794441278368,50.446925175777849],[-104.49800953995233,50.446917949019635],[-104.49811770492198,50.446905015350403],[-104.49822573945606,50.446891091741612],[-104.49833335996927,50.446876356839681],[-104.49840786965454,50.446865441631317],[-104.49844070920565,50.446860630493148],[-104.49854764300164,50.446844092849375],[-104.49859967550968,50.446835543960766],[-104.49861533929936,50.446832970079377],[-104.49865430829705,50.446826566472737],[-104.49876055910056,50.446808137971367],[-104.49886639680547,50.446788808251789],[-104.49897182045659,50.446768667245202],[-104.49907683194785,50.446747535092399],[-104.499181430324,50.446725501724671],[-104.49927694672435,50.446704557860677],[-104.49928561463065,50.446702657073217],[-104.49938924497388,50.44667891060314],[-104.49948284115089,50.446656529254831],[-104.49949231854129,50.44665426140449],[-104.49959498317914,50.446628712812462],[-104.49969695065343,50.446602350825238],[-104.49970385042303,50.446600498164415],[-104.49979850498235,50.446575087630507],[-104.49982778081066,50.446566938612513],[-104.49989936353779,50.446547011949022],[-104.49996606749896,50.446527741483266],[-104.4999996681009,50.446518034457526],[-104.50009941771003,50.446488245986885],[-104.50019847106269,50.446457555997412],[-104.50025190263183,50.446440467727101],[-104.50029696946252,50.446426054132509],[-104.50039477347683,50.446393739795027],[-104.50041149133851,50.446388012606114],[-104.50048269239423,50.446363620509025],[-104.5004828662865,50.446363558301471],[-104.50049174039486,50.446360522439846],[-104.50054070293757,50.446343286248464],[-104.50058815140204,50.446326583144277],[-104.50068386801301,50.446291831381252],[-104.50077874751703,50.446256176605999],[-104.50084129654137,50.446232019674071],[-104.50087282022298,50.446219682803914],[-104.50091323661191,50.446203873930109],[-104.50091550086461,50.446202984298345],[-104.50140090895688,50.446009976984882],[-104.50233517459448,50.445638487140101],[-104.50318449471905,50.445300761717149],[-104.50327144523504,50.445266187142039],[-104.50327505069851,50.447529952381508],[-104.50341643568208,50.447529809322468],[-104.51133316052764,50.44752859368338],[-104.51776873866416,50.44752720815795],[-104.52512093349088,50.447575484528059],[-104.52620968832025,50.447551950908426],[-104.52621242399472,50.447350628243562],[-104.5262069111542,50.44288148157527],[-104.52620645282498,50.442522830985226],[-104.5262051822716,50.441527395843863],[-104.52620450436734,50.440996069603521],[-104.5262039566727,50.440587823384135],[-104.52620798939898,50.440488003775258],[-104.52349406071292,50.440486462658662],[-104.52356176014081,50.43732023958907],[-104.52360317517216,50.435383012195203],[-104.52360565476636,50.433898730333766],[-104.52360654562186,50.433759309618196],[-104.52631496789299,50.433765857122282],[-104.52666974431952,50.433764686393069],[-104.52682342214753,50.433765449904939],[-104.52697697942973,50.43376940899126],[-104.52713025289567,50.433776560290937],[-104.52728308073638,50.433786895053636],[-104.52743530115141,50.433800403630464],[-104.52758675097657,50.433817071871268],[-104.52773727273264,50.43383688025353],[-104.52788670329852,50.433859810132162],[-104.5280348852647,50.433885834791909],[-104.52818166261956,50.433914928423214],[-104.52832687940379,50.43394705982147],[-104.52847037969258,50.433982194185539],[-104.5286120132093,50.43402029493916],[-104.52946595609082,50.434260679588306],[-104.52966006574363,50.434315713639194],[-104.52975962529244,50.434343840976524],[-104.52987602301425,50.434376348610058],[-104.53003619609649,50.434420431212111],[-104.53019924912762,50.434466065795768],[-104.53027428264009,50.434487008640652],[-104.5303531589748,50.434509506622788],[-104.53047340331719,50.434543261282315],[-104.53059364782239,50.434577016717171],[-104.530859141063,50.434652328202858],[-104.53098130740497,50.434687014609672],[-104.53114917423706,50.434733591785317],[-104.53135582528303,50.434792487644131],[-104.53146902570617,50.434823599410549],[-104.5315604141354,50.434849228100376],[-104.53165901143329,50.434877349933465],[-104.5317537660233,50.434903915644625],[-104.53190720184146,50.434946736451543],[-104.5320086792983,50.434976409249039],[-104.5321856948926,50.43502486986899],[-104.53237230434986,50.435078605649856],[-104.53248245386214,50.435109237407374],[-104.53260032123822,50.435141878616115],[-104.53314312586141,50.435317074191602],[-104.534450966036,50.435664590465649],[-104.53453407341517,50.435690682816805],[-104.53459559753038,50.435711004039248],[-104.53465655738785,50.435732008272055],[-104.53471693334706,50.435753688242841],[-104.53477670856594,50.435776038489145],[-104.53483586340371,50.435799051738549],[-104.53489438103568,50.435822720730073],[-104.53495224322899,50.435847038196997],[-104.5356596308531,50.436151347189117],[-104.53579546275766,50.436034193895189],[-104.53588780592125,50.435957468743212],[-104.5359619268895,50.435893356986973],[-104.53603428423121,50.435828427843013],[-104.53610485661795,50.435762702813875],[-104.53617362133123,50.435696201597693],[-104.5362405584779,50.43562894300463],[-104.53630564813884,50.43556094854263],[-104.53636886898725,50.43549223971403],[-104.53643020253048,50.435422836233734],[-104.53648963025864,50.435352759615178],[-104.53654713366224,50.435282031371813],[-104.53660269564018,50.435210673022588],[-104.53665629910058,50.435138705187043],[-104.53670792691672,50.43506615208198],[-104.53675756482221,50.434993033438715],[-104.53680519709913,50.434919373479509],[-104.53685080946413,50.434845193734162],[-104.53689438762555,50.434770516631744],[-104.53693591869119,50.43469536550608],[-104.53697538978668,50.434619761892371],[-104.53701278800287,50.434543730922982],[-104.53704810328203,50.434467294144056],[-104.53708132554033,50.434390475799617],[-104.53711244189567,50.434313298323772],[-104.53714144508078,50.434235785971595],[-104.53716832642931,50.434157962093082],[-104.53719307586705,50.434079850032496],[-104.53721568893457,50.434001474955053],[-104.53723615556682,50.433922859305582],[-104.53725447131342,50.433844027349743],[-104.53727062890812,50.433765003341904],[-104.53728462531751,50.433685810653792],[-104.53729645607415,50.433606475349421],[-104.53730611816235,50.433527019001623],[-104.53731360570676,50.433447467668564],[-104.53731891989837,50.433367844738257],[-104.53732205628745,50.433288174475635],[-104.53732301604754,50.433208482067066],[-104.53732465524449,50.432780395658156],[-104.53732108175927,50.43064655260293],[-104.53731080746392,50.430564531154971],[-104.53730633385267,50.430514308390727],[-104.5373032320246,50.430464042516043],[-104.53730150462464,50.430413750629121],[-104.53730115150822,50.430363447118928],[-104.53730217252195,50.430313147273701],[-104.53730456751246,50.430262866381696],[-104.53730833632643,50.430212619731037],[-104.53731347739381,50.430162423503546],[-104.53731998917095,50.430112291183107],[-104.53732787007911,50.430062239850713],[-104.53733711575887,50.430012282978929],[-104.53734772603946,50.429962437654318],[-104.53735969655281,50.429912718248637],[-104.53737302433871,50.429863139139194],[-104.53738770360378,50.429813716490713],[-104.53740373137926,50.429764465579716],[-104.53742110330602,50.429715399878525],[-104.53743981077508,50.42966653554047],[-104.53745985222577,50.429617887847613],[-104.53748121907554,50.429569470255267],[-104.53750390553149,50.429521298927924],[-104.53752790582705,50.42947338733206],[-104.53755320996338,50.429425749816616],[-104.53763792062927,50.429282503464883],[-104.53769902964976,50.429192193107774],[-104.5378232610979,50.429020748205446],[-104.53793191090055,50.42887802750063],[-104.53804444232799,50.428736539814139],[-104.53816082255396,50.428596328173036],[-104.53828101453887,50.428457434688085],[-104.53840498123583,50.428319902369225],[-104.53853268701604,50.428183773332329],[-104.53866409063851,50.428049087872211],[-104.53879915506963,50.427915888098866],[-104.53893783626464,50.427784213396293],[-104.53908009296975,50.427654105857471],[-104.5392258811609,50.427525603067494],[-104.5406401577998,50.426301598671245],[-104.54789486948631,50.429797719910354],[-104.55124319506477,50.431351578825712],[-104.55170751541522,50.430905284173008],[-104.55172956471023,50.430867512150854],[-104.55166713021039,50.430842546858479],[-104.55156249233627,50.430798599231721],[-104.55149575714378,50.430764790215527],[-104.55145366244639,50.430725366214631],[-104.55144388942624,50.430711838387822],[-104.55142056737941,50.430679551982159],[-104.55140966929298,50.430650241731293],[-104.55138884657806,50.430606616137403],[-104.551392921944,50.430530249698194],[-104.55141948807926,50.430438978804993],[-104.55142861040419,50.430419739239497],[-104.55143735671373,50.430321974732877],[-104.55142990533453,50.430282684262252],[-104.55141906662709,50.430246949328094],[-104.55140375250068,50.430211912117237],[-104.55134511036569,50.430149580049111],[-104.55128598600351,50.430123092131019],[-104.5512437807008,50.430110641637249],[-104.55119647714776,50.430102072817071],[-104.55113624428313,50.43008651836486],[-104.55109907957971,50.430075847278125],[-104.55107096910852,50.430067143801395],[-104.55103987434993,50.430046321838759],[-104.55102554878133,50.430024850493552],[-104.5510079317765,50.429996942434109],[-104.55099259779125,50.42996404552855],[-104.55097218223656,50.429877590181036],[-104.55096919995421,50.429838316923259],[-104.55095572656185,50.429726903691943],[-104.55095078005368,50.42965906778926],[-104.55093949239425,50.429552659741461],[-104.55094037684954,50.429459148490054],[-104.55094418276661,50.429411335176169],[-104.55096242063166,50.429373571064311],[-104.55102237762989,50.429296706178107],[-104.55106075667302,50.429256164347088],[-104.55109003508871,50.429232719893456],[-104.55114393822021,50.429205087749111],[-104.55121237585863,50.429176797559705],[-104.55130207923675,50.429145019839623],[-104.55137496644656,50.429118888050141],[-104.55157670231016,50.429057560580226],[-104.55176734430138,50.428987622876697],[-104.55187063203142,50.428937337287266],[-104.55190774541711,50.428912494643413],[-104.55203904452543,50.428854464599411],[-104.55217711487407,50.428789321475612],[-104.55225896115476,50.428761082273958],[-104.5523360950946,50.428758523635999],[-104.55244785734351,50.428757525401103],[-104.55252271521879,50.428759241459794],[-104.55275738838849,50.428760143692074],[-104.55295171102505,50.428773739358533],[-104.55317626607068,50.428781026784428],[-104.55325214782403,50.428792739814092],[-104.55340407258885,50.428799033843873],[-104.55358277686894,50.428809713093948],[-104.55370358789108,50.428797327601224],[-104.55388235766625,50.428789355151004],[-104.55403789108624,50.428780048680558],[-104.55417651470758,50.428774869056348],[-104.55430176723176,50.428765355376541],[-104.55443926483446,50.428760885205264],[-104.55461939514949,50.428759435276575],[-104.55476560628976,50.428758564869042],[-104.55486398541362,50.428754657687428],[-104.55502285006628,50.428735991481993],[-104.55508351477742,50.428701958458745],[-104.55512860886984,50.428660013703698],[-104.55517591181402,50.42862093189234],[-104.55519743123256,50.428590318652027],[-104.55522686099633,50.428550455315538],[-104.55525951435854,50.428524167296658],[-104.55527495398361,50.428517944391231],[-104.5553395281605,50.428495617645432],[-104.55538498133235,50.428491809038647],[-104.55542159819755,50.428495852099942],[-104.55546863841327,50.428508547986581],[-104.55550187482639,50.428539370459767],[-104.55553179399597,50.42856661165591],[-104.55559496309986,50.428623247183879],[-104.55564943155521,50.428654150702457],[-104.55568034039212,50.428694958642637],[-104.55574589914215,50.428735184791833],[-104.55578264302071,50.428749602154454],[-104.55592080428626,50.428793674846361],[-104.55598165560109,50.428796685138501],[-104.55606162865648,50.428792070870884],[-104.5560936453948,50.428780685914091],[-104.55618392770093,50.428739711750985],[-104.55626371738445,50.428692188054427],[-104.55633087995921,50.42863420805196],[-104.55640773608474,50.428587799948474],[-104.55650128707367,50.428502494054996],[-104.55655937195868,50.428449983303928],[-104.55660488900999,50.428421679936243],[-104.55666094343242,50.428398879313761],[-104.5567419351238,50.428342079538645],[-104.55679271509955,50.428289448210307],[-104.55681424606971,50.428260033539971],[-104.55682554206204,50.428244599755295],[-104.55684517244889,50.42817685859805],[-104.55685904184625,50.428127655255878],[-104.55687503219936,50.428090595734794],[-104.55690780564503,50.428051458784374],[-104.55691286556112,50.428045880536096],[-104.55693293146301,50.428029212060551],[-104.55696512273492,50.428016697952039],[-104.55700067284023,50.428009655639599],[-104.55703229753247,50.42800339069462],[-104.5570550360077,50.427997085618749],[-104.55710848530619,50.427982264633791],[-104.55718528515001,50.427963585269005],[-104.55724633459702,50.427939957989388],[-104.55733512010831,50.427886042871215],[-104.5573701419848,50.427845486185419],[-104.55739736044235,50.427802758468935],[-104.55739893357747,50.427792884260818],[-104.55740804205553,50.427735696353047],[-104.55740908006374,50.42762433904214],[-104.55740411262933,50.427557931478724],[-104.55738890665084,50.427510759708042],[-104.5572870322039,50.427410431653165],[-104.55723919491432,50.427387406298934],[-104.55721490599393,50.427366007515921],[-104.55717490767128,50.427330767396697],[-104.55717324600161,50.427269369155461],[-104.5572316265033,50.427240323069846],[-104.55730225196186,50.427216321197236],[-104.5573151489891,50.427214402499963],[-104.55733154941288,50.427211962919181],[-104.55749133459607,50.427192055753217],[-104.55756968330695,50.427178789779518],[-104.55766376868185,50.427155590066768],[-104.55774779655125,50.427132352951411],[-104.55781741156619,50.427096924357734],[-104.55789383016078,50.427050813983321],[-104.55820502222097,50.426753604399366],[-104.55834468715491,50.426635634335092],[-104.55842490996187,50.42656726309567],[-104.55862403624177,50.426397553332926],[-104.55864966108904,50.426371268273435],[-104.55869060135495,50.42632927489479],[-104.55873915612368,50.426275206105949],[-104.55875728044373,50.426248862000342],[-104.55876190935997,50.426231747048611],[-104.55875757672885,50.426216977778203],[-104.55871288700303,50.426215856794649],[-104.55871291353881,50.426213001477755],[-104.55872671281267,50.426016096549617],[-104.56258646442781,50.426003650332092],[-104.56818889551622,50.426024162527334],[-104.57217732373967,50.426042066589673],[-104.57365840417911,50.426175367888128],[-104.5747735002123,50.424380829790678],[-104.57529578404662,50.423779945660392],[-104.57532358195103,50.423739146749078],[-104.57548242297955,50.423506010223171],[-104.57551060714707,50.423464642490714],[-104.57567554584189,50.423222553382011],[-104.57509471056578,50.423120888032372],[-104.57521168531866,50.422740836766351],[-104.57534999108174,50.4224630790901],[-104.57542129582458,50.422320177176928],[-104.57550306051188,50.422188967982038],[-104.57566237111618,50.421933315083699],[-104.57584709282227,50.421636880288503],[-104.5758867873384,50.421573168829667],[-104.57593213727688,50.42150037930103],[-104.57587731457306,50.421404233815359],[-104.5756875497182,50.421071433811051],[-104.57566968741619,50.421040107454765],[-104.57565590263435,50.421015932265284],[-104.57552094882834,50.420895557380419],[-104.57543354357747,50.42081759446414],[-104.57530278466628,50.42070096151167],[-104.57521367916867,50.420621480422497],[-104.57536558431661,50.420508966601197],[-104.57552011511217,50.420395071772361],[-104.57574663236194,50.420228117995592],[-104.57581789389,50.42017559527411],[-104.57583060066503,50.419318814296481],[-104.57552673933762,50.419080899672245],[-104.5751769345127,50.418807009984874],[-104.57493163182713,50.418658445244461],[-104.57478645883678,50.418579423565845],[-104.57447158120395,50.418408024606137],[-104.57386581467297,50.418362448361819],[-104.57320499873572,50.418312726115595],[-104.57287358578137,50.418170209377962],[-104.57300375924989,50.418114729025127],[-104.5731381106588,50.418057468761596],[-104.5732701995836,50.418113657817663],[-104.57355603927837,50.418087824388174],[-104.57380442032314,50.418061778405857],[-104.57363851782706,50.417639121437709],[-104.57294455685329,50.417366915844525],[-104.5727876625794,50.417063861308733],[-104.57333910454504,50.416508216078739],[-104.57356850347192,50.415858657725977],[-104.57361600580539,50.415724150348794],[-104.57328743138979,50.415499095991315],[-104.57283676796848,50.415478672065781],[-104.57250949086135,50.415463837766154],[-104.57255506659038,50.414167242451533],[-104.57256319217991,50.4133417691624],[-104.57258195851938,50.411435068245126],[-104.57229889012063,50.411434791543442],[-104.57229938467208,50.411813678861016],[-104.57229938434821,50.41181371483367],[-104.57230119910066,50.413187638775966],[-104.57230131907326,50.413277646644644],[-104.57201816238204,50.413088013484369],[-104.57121490658763,50.412621971958615],[-104.57076324077919,50.412441137914179],[-104.57005418564435,50.412301152841096],[-104.56958229259001,50.412290450572058],[-104.56922218787125,50.412320468131924],[-104.56914661702311,50.412409781153251],[-104.56923355185864,50.412613157392755],[-104.56953938149084,50.412936639169736],[-104.56956220119443,50.412960774803324],[-104.56972823263546,50.41320476002489],[-104.56973054403545,50.413317691338129],[-104.56973471097915,50.413521317745435],[-104.56971278403033,50.413550704620363],[-104.56963735451517,50.413651799895433],[-104.56958806058192,50.413717866059471],[-104.5694780570188,50.413744317128021],[-104.56936793344238,50.413770796427471],[-104.56905020960248,50.413763647464442],[-104.56876596587799,50.413673010449244],[-104.56839362234061,50.413504404527011],[-104.56797499063522,50.413289337102249],[-104.56772810941281,50.413201822995752],[-104.56758240353757,50.41316175440317],[-104.56727127155604,50.41307619311641],[-104.56664358567008,50.412962113145198],[-104.56656678226541,50.41294815789211],[-104.56580623312126,50.41281840639224],[-104.56517128720718,50.41275034058625],[-104.56433069587266,50.412685977485793],[-104.56429156495041,50.412685830950792],[-104.56418151168796,50.412685419659056],[-104.56389615743375,50.412684350414573],[-104.56389609550882,50.41268435018246],[-104.56362254017955,50.41273977554625],[-104.56362240763742,50.41273980202952],[-104.56333895162345,50.412797232906556],[-104.56333730058857,50.412798163828661],[-104.56331216304613,50.412812329513443],[-104.56330308874705,50.412817442411892],[-104.56303360351974,50.412969283471483],[-104.56290518881066,50.413077864807235],[-104.56278397789373,50.413180366511391],[-104.5624835989781,50.413319589284583],[-104.56182308529655,50.413491794362905],[-104.56173485638413,50.413515709317856],[-104.56166382871805,50.413534962949129],[-104.56131241736101,50.413630221052024],[-104.56090389829916,50.413839208818921],[-104.56070591557659,50.414022908327013],[-104.56066349630353,50.414062265417797],[-104.5605409132273,50.414178257878049],[-104.56052165774497,50.414223723527037],[-104.56049068233766,50.414296854647418],[-104.56032552041724,50.414505153172854],[-104.56032546910855,50.414505222228598],[-104.56032540074412,50.414505309206795],[-104.5601148455776,50.414784299835731],[-104.55996006612521,50.414866501132877],[-104.55992088994449,50.414887303219878],[-104.55980579957567,50.414948430762998],[-104.55959675685291,50.414966886582157],[-104.55943817931528,50.414966286226417],[-104.55942849605051,50.414966249559718],[-104.55942832906427,50.414966194966681],[-104.55925028126903,50.414908286257372],[-104.55903342699276,50.414767527256977],[-104.55883680795294,50.414569646177057],[-104.55871964393251,50.414333933869017],[-104.5586232082937,50.414079054064942],[-104.55848584754328,50.413881397149972],[-104.55840811325125,50.413734508737427],[-104.55826359484605,50.413590714095058],[-104.55826084891839,50.413587986745128],[-104.5580929117063,50.413460039381675],[-104.55809286279006,50.413460002322708],[-104.55808506534969,50.413456839384715],[-104.55807673785169,50.413453465784592],[-104.55770306053215,50.413322918629774],[-104.55770300300448,50.413322899524829],[-104.55748988746188,50.413266600410104],[-104.5573085372025,50.413248958754458],[-104.55708307393745,50.413227031685999],[-104.55708293478936,50.413227011370665],[-104.55706877354419,50.413228164382581],[-104.55678545545899,50.413251240092158],[-104.55651241665861,50.413294567099371],[-104.55619880366044,50.413344335408965],[-104.55596144350191,50.413381558448293],[-104.55580132189964,50.413406673932045],[-104.55512564283958,50.413537375419956],[-104.55511689080093,50.413540129927789],[-104.55476722811125,50.413650582007193],[-104.5545993517766,50.413781772816264],[-104.55459363498565,50.413786240467019],[-104.55450761778083,50.41385347002133],[-104.55438236514905,50.413969071664646],[-104.5543613824304,50.413988440556594],[-104.55426753589275,50.414075048731291],[-104.55423038917705,50.414163761807274],[-104.55416641301819,50.414316803015389],[-104.55416359679757,50.414323535520538],[-104.55415953512581,50.414333249081977],[-104.55415595722926,50.414341805240035],[-104.55415728998805,50.414399855039633],[-104.55415794755464,50.414428469353972],[-104.55415794991373,50.414428517927718],[-104.55415810467608,50.414435422800189],[-104.55416002797874,50.414522330378666],[-104.55416264070678,50.414634308967926],[-104.55409427618139,50.414869404924005],[-104.55409063937677,50.414881981829311],[-104.55387051450714,50.415090956295252],[-104.55380473232451,50.415113844211284],[-104.55356196428086,50.415198323830346],[-104.55296493599131,50.415373918488775],[-104.55265015970872,50.415583763530655],[-104.55262849143851,50.415598208249875],[-104.55259682326806,50.415619320035269],[-104.55259676944542,50.415619355802136],[-104.55258538997244,50.415626942093965],[-104.55258534456071,50.415626981490554],[-104.55239511772555,50.415842719679667],[-104.55228575012612,50.415996079826563],[-104.55228008311325,50.416004025324376],[-104.5522141243043,50.416096497643686],[-104.55221410283599,50.416096535333594],[-104.55216320474582,50.416210918788515],[-104.55188415583245,50.416464292683195],[-104.55188408206583,50.416464353554609],[-104.55155369946823,50.416692239327013],[-104.55143085610813,50.416790680329051],[-104.5514039256183,50.416812263322512],[-104.55139696552979,50.416814618854033],[-104.55112563299767,50.416906456805791],[-104.5511254635104,50.416906518206773],[-104.55089618578759,50.41699485302766],[-104.55086324580779,50.416995175549829],[-104.5505948044822,50.416997376644076],[-104.55057664590444,50.416997486373923],[-104.55056835322434,50.416997117986405],[-104.5505102369664,50.416994532700969],[-104.55033548982409,50.416986932516323],[-104.55027997138794,50.416903978131373],[-104.55016393902851,50.416730856097345],[-104.55017702140785,50.416583054230827],[-104.55022937000273,50.416430195145367],[-104.550268074765,50.416317199860615],[-104.55026936818761,50.416304872130809],[-104.55028697196336,50.416137505361782],[-104.5502897566551,50.416110980026346],[-104.55029220441759,50.416087780968127],[-104.55029217941494,50.416087745796979],[-104.55023238863893,50.415983405504498],[-104.55016550650376,50.41595625649974],[-104.55001946121399,50.415891022497362],[-104.54999513911419,50.415892063403767],[-104.54976276336666,50.415901995233959],[-104.54976256145811,50.415902061903566],[-104.54956171278725,50.415967514136476],[-104.54939616093039,50.416029186075775],[-104.54939614990249,50.416019071989169],[-104.54939616688763,50.415940719241753],[-104.54939617352923,50.415909750291227],[-104.54939630073363,50.415607005761828],[-104.54939804088633,50.41145507070275],[-104.54939804401661,50.411455037439055],[-104.54937116112785,50.41145505832899],[-104.54935464952979,50.41145506002767],[-104.54911402978001,50.411455197103464],[-104.54623786214414,50.411456341715713],[-104.54611949929662,50.411456419634774],[-104.54603368708219,50.411456460765216],[-104.54595212804419,50.411456499544492],[-104.54511662294281,50.411456890871278],[-104.54496852464769,50.411456963775677],[-104.54479696246824,50.41145701124313],[-104.54297409493645,50.411457693806135],[-104.54292230542717,50.411457704401215],[-104.5426547555722,50.411457787969155],[-104.54148703369417,50.411458230935303],[-104.54127785848773,50.41145831024167],[-104.54123862708487,50.411458330928127],[-104.53933652433024,50.41145900107972],[-104.53887566461896,50.411459182764986],[-104.53778978988181,50.411459613503546],[-104.53741130620433,50.411459684030888],[-104.53733679419037,50.41145970072121],[-104.5373367463407,50.411459700530955],[-104.53686625507538,50.411459808974605],[-104.5365449896134,50.411459974930352],[-104.53654494457844,50.411459974750976],[-104.53467071038258,50.411460538432024],[-104.53377380841917,50.411460799682821],[-104.5336639846344,50.4114608316969],[-104.53365390482436,50.411460834463291],[-104.53365385979824,50.411460833383458],[-104.53363751000413,50.411460838896183],[-104.53336411925891,50.411460931646594],[-104.53336407564011,50.411460930572311],[-104.53243008867078,50.411461194601237],[-104.53143766783546,50.411461466732312],[-104.53143762421672,50.411461465657261],[-104.53142992428511,50.411461471520084],[-104.53125060070865,50.411461611648704],[-104.5312085813329,50.411461622217104],[-104.52959673336882,50.41146206479057],[-104.52959648812585,50.411461958575408],[-104.52925774511966,50.41146202025238],[-104.52925770149207,50.411462020075845],[-104.52796249218019,50.411462367200862],[-104.52794208766137,50.411462373449226],[-104.52773545722397,50.411462421644778],[-104.52752198250377,50.411462480350927],[-104.52751654711945,50.411462481660806],[-104.52737022385071,50.411462513290779],[-104.527259668219,50.411462542581816],[-104.52698221304554,50.411462614612823],[-104.52694994554801,50.411462622819592],[-104.5264655994884,50.411462749784761],[-104.52646554737196,50.411462754069348],[-104.52646554723748,50.411462626361534],[-104.52646554718358,50.411462066967403],[-104.5264656327886,50.410263006327213],[-104.52646564079393,50.410106879662642],[-104.52646564632191,50.409972040536054],[-104.52646571827712,50.409088929313413],[-104.52646570891962,50.407756452265239],[-104.52646571111471,50.407532416661518],[-104.52646571145286,50.407529276140586],[-104.52646571426546,50.407291056916819],[-104.52646571831725,50.407107643044704],[-104.52646571846893,50.407106780570786],[-104.52646572094423,50.406777089557607],[-104.52646571990154,50.406753612077452],[-104.52646572536335,50.406687401210249],[-104.52638319120717,50.40662442836885],[-104.52638289888746,50.406623259825295],[-104.52637083589444,50.406575117189547],[-104.526369218585,50.406568660482357],[-104.52634757473606,50.406482290728604],[-104.52634875419803,50.406363966526285],[-104.52634820841388,50.406186485183071],[-104.52634753987623,50.405970636250345],[-104.52640297774174,50.405509656486529],[-104.5264363938833,50.405217479203806],[-104.52644299658677,50.404554928416268],[-104.52644119057483,50.404552586357028],[-104.52638276005811,50.404476729506605],[-104.52631262878333,50.404372514402617],[-104.52631211928622,50.404372100426677],[-104.52623193154842,50.40430722678547],[-104.52618264992797,50.404293733719733],[-104.52616491573089,50.404288878758393],[-104.52616312505032,50.404288388515198],[-104.52604514372865,50.404256085394721],[-104.52603926087249,50.404254474978202],[-104.5260125040096,50.404252565474309],[-104.52584620033934,50.404240697217197],[-104.52584594379357,50.404240741139049],[-104.52566285396593,50.40427242889146],[-104.5255197278168,50.40434979536586],[-104.52523146893706,50.404567480268497],[-104.5252260199712,50.404571595933056],[-104.52481276840821,50.404883667965542],[-104.52406114915451,50.405451248182288],[-104.52385990957526,50.405603210511842],[-104.52374207108389,50.405717952661647],[-104.5235928680486,50.405868446650345],[-104.52347893289888,50.406075847255543],[-104.52347789064615,50.406179777940679],[-104.52344543137568,50.406374520210036],[-104.52340293374476,50.406556229361449],[-104.52335582524857,50.40662363855845],[-104.52314540085376,50.406886462393068],[-104.52289008193972,50.406995845660987],[-104.52275587058173,50.407196666382752],[-104.52259206466393,50.407306423451374],[-104.52237787497857,50.40737050332929],[-104.5222757336107,50.407415553191285],[-104.52227490380281,50.407415504816512],[-104.52210285728255,50.407405400946011],[-104.5221013769462,50.407404549478237],[-104.52197152592608,50.407329859389165],[-104.52197058330762,50.407328015450346],[-104.52193163737114,50.407251744509395],[-104.52191214992204,50.407167219260018],[-104.52190263498439,50.407102221159079],[-104.52187258699873,50.40705662664466],[-104.52187230165192,50.407056593994803],[-104.52181164279051,50.407049881077462],[-104.52181129879789,50.407049942617938],[-104.52180911926095,50.407050330272021],[-104.52174033257418,50.407062579037792],[-104.52170956554063,50.407088436516808],[-104.52168870544683,50.407140316879406],[-104.521617002673,50.407191989090265],[-104.52150475925075,50.407230501647895],[-104.52139283854365,50.407236538173088],[-104.52139249271302,50.407236502575202],[-104.52126077849587,50.407223002851232],[-104.52123829318035,50.407211681065611],[-104.52116972273903,50.407177157097209],[-104.52113409359997,50.407154101362856],[-104.5210538872541,50.407102200795393],[-104.52104848758763,50.407098707982712],[-104.52095710061162,50.407085340648365],[-104.52087588500909,50.407072014231311],[-104.52087529202967,50.407072065750171],[-104.52073339640664,50.407084419323006],[-104.52070498896801,50.407102447540503],[-104.52061463637412,50.407159804424296],[-104.52053277489712,50.407210481699664],[-104.52053196339101,50.407210990983636],[-104.52045339063213,50.407235165381842],[-104.52035709325303,50.407289305775478],[-104.52031918929821,50.407331724633991],[-104.52030214934348,50.407375420244001],[-104.52030209867449,50.407375560333357],[-104.52033869938134,50.407460852504784],[-104.52038961118136,50.407574137405597],[-104.52040706042959,50.407622623032168],[-104.52040779269026,50.407624667570417],[-104.52040783111229,50.407624764858397],[-104.52040631076387,50.407629971211421],[-104.52038843087254,50.407691209646337],[-104.52035471871278,50.407720685292034],[-104.52032331798124,50.40774813973038],[-104.52026462755803,50.4077878107949],[-104.52017892972744,50.407822046309427],[-104.52017839057557,50.407822201471731],[-104.52013170478659,50.407835611556621],[-104.52010586233901,50.407843032505234],[-104.51997437290821,50.407877079876748],[-104.5199281911018,50.407914140311014],[-104.51987580206794,50.407948513041326],[-104.51985454377525,50.407999454306747],[-104.51985447150497,50.407999642871538],[-104.51988745821242,50.408031705850568],[-104.51995974642493,50.408087880620272],[-104.52002167563023,50.408140019503939],[-104.52005248575423,50.408181387101322],[-104.52005387856856,50.408248998619442],[-104.52005388313393,50.408249243260876],[-104.52003243780533,50.408310346414432],[-104.51995274508033,50.40836855616557],[-104.51989205154467,50.408400232565988],[-104.51980208661386,50.408445763987089],[-104.51975597138231,50.408476169451589],[-104.51973666264301,50.408533297257776],[-104.51972574303791,50.408582470785568],[-104.5197189181291,50.408643395005392],[-104.51971889879667,50.408643636850123],[-104.51969776204045,50.408674154396202],[-104.51966020675958,50.408683307599041],[-104.51960826049437,50.408673784870984],[-104.51956878324071,50.408665636550765],[-104.51952511422472,50.408661463110633],[-104.51947506177729,50.408669242601114],[-104.51942705236867,50.408682345654313],[-104.51934578691365,50.408689996155147],[-104.51927720641069,50.408679064528187],[-104.51919848082608,50.408640157194462],[-104.51913836590336,50.408615968110233],[-104.51907853326119,50.408562506391945],[-104.51906698834968,50.408551594547816],[-104.51902904713373,50.408515734495303],[-104.5189751665789,50.408491571099056],[-104.51891257808458,50.408504613661655],[-104.51886028192033,50.408529678067559],[-104.51882874515277,50.408560143453577],[-104.51880547189265,50.408597298182514],[-104.51879258417161,50.408638383743053],[-104.51879255786643,50.40863847986445],[-104.51879834795032,50.408683741004808],[-104.51882710153555,50.408722441945869],[-104.51883699654692,50.408770925336036],[-104.51883702354459,50.408771038765479],[-104.51882617876453,50.408813560042368],[-104.51878624339393,50.40885064585359],[-104.51870442503913,50.408912839059326],[-104.51858912193457,50.408993511054462],[-104.51842341424194,50.40911521749404],[-104.51825603551414,50.409199000278583],[-104.51817000984036,50.409265168788849],[-104.5181110594289,50.409330110253578],[-104.51807938673571,50.409373876222595],[-104.51805235790906,50.409404490473293],[-104.51804779489994,50.409409665303933],[-104.5180235142078,50.409441147110826],[-104.51802302939238,50.409441770148995],[-104.51801403922975,50.40945343161949],[-104.51797437323026,50.409465237602959],[-104.51790583178747,50.409448990187251],[-104.51785796964202,50.409447460816587],[-104.51782674210888,50.40944733140207],[-104.51776626183528,50.40945772001605],[-104.51770552492093,50.409493388197319],[-104.51765292318692,50.409548381081549],[-104.51764489305411,50.409570129090028],[-104.5176293783412,50.409612147040797],[-104.5176226729503,50.409648543718163],[-104.51762056242072,50.409660000750598],[-104.51759926243729,50.409707802696992],[-104.51754489498484,50.40973152688634],[-104.51745306554733,50.40975508668614],[-104.5173925036827,50.409773460974357],[-104.5173425834227,50.409792321857559],[-104.51731935038676,50.409801100234581],[-104.51722115061257,50.409836612732633],[-104.51714586085012,50.409870890096485],[-104.51701181438777,50.409950816314499],[-104.5169810595395,50.409967699795565],[-104.51689876391369,50.410012878583942],[-104.51680241571596,50.410069676980577],[-104.51672907270921,50.410117271604243],[-104.51665150986544,50.41017016469398],[-104.51663760319637,50.410180316312129],[-104.51653824865188,50.410252838782789],[-104.5164629301282,50.410288445719274],[-104.51637464400707,50.410327511555032],[-104.51636464750781,50.410331934362091],[-104.51626639119793,50.410371438921516],[-104.51616187324262,50.410413579426773],[-104.51609491308083,50.410447889849614],[-104.5160197294929,50.410470187615722],[-104.51593172458153,50.410527028989677],[-104.51588527266851,50.41059003286216],[-104.51586741728198,50.410609235178882],[-104.51583475730945,50.41064435908914],[-104.51578827174752,50.410712021402063],[-104.51575421488725,50.410785041576908],[-104.51571619557674,50.410838097720024],[-104.51565105960951,50.410897696137241],[-104.51555036601249,50.410971778848044],[-104.51548536538201,50.411018068291916],[-104.51537252072606,50.41105950789251],[-104.51527023219572,50.411085684470208],[-104.51519704906798,50.411117306378983],[-104.51513015504504,50.411144970342498],[-104.51504677477598,50.411155262105105],[-104.51496520515801,50.411190842013667],[-104.51489617374949,50.411223814773479],[-104.51487567920438,50.411233611349147],[-104.51483131431041,50.411254803841686],[-104.51476022698694,50.411285112174383],[-104.51470573124938,50.411320803015535],[-104.51467820899907,50.41136591819442],[-104.51465075179472,50.411404385661662],[-104.51462751465823,50.411437546590861],[-104.51462478001622,50.411446231872034],[-104.51461841586801,50.41144622150987],[-104.51461799195518,50.411448591320529],[-104.51461063435971,50.411489062736464],[-104.51453907926992,50.411566476799614],[-104.51445237092828,50.41162414985844],[-104.51436629348329,50.411668272320441],[-104.51424543388131,50.411747432874357],[-104.51415253263035,50.411817454872704],[-104.5138276924893,50.411833572241356],[-104.51376741190755,50.411854319194376],[-104.51360734597306,50.411909420466564],[-104.51348624205727,50.4119521961115],[-104.51348479284535,50.411952704478139],[-104.51343829537561,50.411969131771968],[-104.51332065010524,50.411997940454292],[-104.51317828958555,50.41207628058671],[-104.51315088218385,50.412143376830343],[-104.51315083157154,50.412143508822609],[-104.51318573841739,50.412229758400223],[-104.51326965262501,50.412306320176327],[-104.51337764879403,50.412342561451489],[-104.5133779798082,50.412342672556342],[-104.51343337846068,50.412361262626824],[-104.51346254703822,50.412469171382831],[-104.51346909812423,50.412487084997068],[-104.51346911033926,50.412487129116194],[-104.51346130466379,50.412549939265951],[-104.51346053493513,50.412556110066255],[-104.51346038007125,50.412557351417263],[-104.51345866365136,50.412571168106595],[-104.51345864286876,50.412571410843455],[-104.51340623909849,50.412666720355624],[-104.51339163886252,50.412683710916617],[-104.51332275275873,50.412759607392552],[-104.51307713997424,50.413030210482958],[-104.51299683333914,50.413118688499004],[-104.51292428323674,50.413198619158692],[-104.51285155084614,50.413444944425237],[-104.51284936317138,50.413443893821331],[-104.51284930434662,50.413443865695271],[-104.5128257455017,50.413432554889724],[-104.51270437995922,50.41337429236151],[-104.51133497070748,50.412716875486815],[-104.5113348894775,50.412716836473685],[-104.51061263699548,50.412370087235537],[-104.50893268422078,50.411563514874572],[-104.50866997141019,50.411437378429149],[-104.50864318905116,50.411437337271188],[-104.50852774062632,50.411437159020849],[-104.50820059476716,50.411436654377695],[-104.50445343415134,50.411430827238839],[-104.50356841209745,50.411429433097013],[-104.50356841284921,50.4114293611524],[-104.50356865068726,50.411225310061177],[-104.50356879179112,50.411103786298455],[-104.50356934859154,50.410625959793826],[-104.50357068903593,50.410623745023557],[-104.50358496030623,50.410600126088021],[-104.50361226976382,50.410556677299056],[-104.50361472706186,50.410552768425269],[-104.50361506451441,50.410552259934789],[-104.50361618122162,50.410550580220701],[-104.50364589778481,50.410505865518829],[-104.50367681906458,50.410461414061245],[-104.50367833219397,50.410459238698287],[-104.5036789389988,50.410458408490776],[-104.503708205203,50.410418398138617],[-104.50371217009615,50.410412976695099],[-104.50374740773404,50.410367169426756],[-104.50378377158239,50.410321729388023],[-104.50379402798684,50.410309512322165],[-104.50379496854688,50.410308392148785],[-104.50382153657756,50.410276743188433],[-104.50386056242671,50.410232302861225],[-104.50390084961728,50.410188226738946],[-104.50394239860562,50.410144605656328],[-104.50398521125574,50.410101530454192],[-104.50402928335329,50.410059000213813],[-104.5040744751151,50.410016923503754],[-104.50412092772805,50.409975391758728],[-104.50415955661741,50.409942101551977],[-104.50434045360207,50.409788456124538],[-104.50442571326708,50.409716037793039],[-104.50463016219608,50.409542378312736],[-104.50466460809278,50.4095131055007],[-104.50357126341697,50.408987898288196],[-104.50328839491364,50.408851960525197],[-104.49831804057989,50.406465947611622],[-104.49830719759053,50.406473556109802],[-104.498268212133,50.406500912552474],[-104.49753109961968,50.407018133121895],[-104.49688071027617,50.407474484725256],[-104.49665726469333,50.407631271143572],[-104.49661358715456,50.407661919029401],[-104.49576025719568,50.408260699957594],[-104.49503146204033,50.408774211957102],[-104.49491826629477,50.408856763721403],[-104.49483750283693,50.40891567113546],[-104.49479284148281,50.408950605752601],[-104.49479258325775,50.408950802487922],[-104.49465129589328,50.409061322248142],[-104.49447306262086,50.409210991820459],[-104.49430301463758,50.40936450183824],[-104.49414135517488,50.409521669753602],[-104.4939967289656,50.409673438090657],[-104.49398827626293,50.409682308472647],[-104.4939723879188,50.409700354939993],[-104.49389405576046,50.409789327586772],[-104.49384396013761,50.409846226361118],[-104.49370857923067,50.41001322814374],[-104.49358229616929,50.410183114903973],[-104.49346525813696,50.410355684958489],[-104.49335760673367,50.410530733000805],[-104.49325947093891,50.410708050070305],[-104.49317096568474,50.410887425344562],[-104.4930921975035,50.411068644365272],[-104.49302326026712,50.411251492616728],[-104.49296563151245,50.411431386283191],[-104.49296423522465,50.411435751928664],[-104.49294006713332,50.411521750176021],[-104.4929177540113,50.411609321367429],[-104.49289766229263,50.411697100092105],[-104.4928798201458,50.411785085574628],[-104.49286421387443,50.411873243581041],[-104.49285085776583,50.411961555288251],[-104.49283975212049,50.412049993717851],[-104.4928308972388,50.412138531891337],[-104.49282430880631,50.412227151890619],[-104.49281997023535,50.412315826663338],[-104.49281789722109,50.412404537391808],[-104.49281770230601,50.412435977742355],[-104.49281572437134,50.413765782442944],[-104.492811443942,50.41664418360569],[-104.49281121097246,50.416800590754384],[-104.49280843363179,50.418667156286311],[-104.49280584684641,50.420247964561142],[-104.49280287382751,50.422064179131532],[-104.49260926046563,50.422612351736632]]]},"properties":{"OBJECTID":7,"ID":4,"POPULATION":22143,"SHAPE.AREA":16189336.093662901,"SHAPE.LEN":25121.359607845901}},{"type":"Feature","id":8,"geometry":{"type":"Polygon","coordinates":[[[-104.66396715011867,50.520739542761142],[-104.66396727707374,50.52073954312754],[-104.66406255327107,50.520739728126074],[-104.66406367330978,50.520739729558976],[-104.66672730686716,50.52073642051996],[-104.66972412109881,50.520732625543737],[-104.66972524115663,50.52073262422423],[-104.67539410467434,50.520725410525465],[-104.6753952247321,50.520725409151446],[-104.67592396478169,50.520724635496343],[-104.68140047565407,50.520716504786208],[-104.68140159570567,50.520716504253691],[-104.6814018874605,50.520716750568319],[-104.68163670212198,50.520716396398704],[-104.68166819780451,50.520716347613273],[-104.681929517268,50.520715949301184],[-104.68193063732564,50.520715947864254],[-104.6860855882404,50.520709275251335],[-104.68608670829792,50.520709273774465],[-104.68672484754978,50.520708235148312],[-104.6867259676073,50.520708233665268],[-104.6870086756487,50.520707748398685],[-104.68700979570622,50.52070774691294],[-104.68730407194707,50.520707115757261],[-104.68730518920114,50.520707111563127],[-104.68731160429468,50.517957738977024],[-104.68731399941599,50.516931411301115],[-104.68731821609079,50.515123706492609],[-104.68833802225967,50.515121506188386],[-104.68887856827956,50.515120336634659],[-104.68940344935194,50.515119198326985],[-104.68985046274265,50.5151182270709],[-104.68985158126337,50.515118224654479],[-104.6898514770251,50.514243592049652],[-104.68985138853755,50.513504315423191],[-104.69830655808877,50.513500503402312],[-104.69830767797012,50.513500502706869],[-104.70137643854325,50.513499776962249],[-104.70137755842464,50.513499776237289],[-104.70320917490976,50.513499303815159],[-104.70484075208611,50.513498859507081],[-104.70484187196756,50.513498858748783],[-104.70866140881921,50.51349772754174],[-104.70930174394947,50.513497525834786],[-104.70930286383101,50.5134975250336],[-104.7095958345587,50.513497018674762],[-104.70959695444023,50.513497017870748],[-104.70959688120645,50.513485275165692],[-104.70959674539124,50.513462122533383],[-104.70987941947396,50.513461670717653],[-104.70988053935469,50.51346166991091],[-104.70988067718147,50.513484977232146],[-104.7098807486294,50.513496562550166],[-104.71087302829564,50.513494499192561],[-104.71087414818813,50.5134944965776],[-104.71184855045848,50.513492461449324],[-104.71184967035092,50.513492458825006],[-104.71290802769666,50.513490239467217],[-104.71290914758902,50.513490236832688],[-104.71511666632657,50.513485575964552],[-104.71511778621877,50.51348557330877],[-104.71602142641954,50.513483653850216],[-104.71602254631168,50.513483651185744],[-104.71706002747682,50.513481438493855],[-104.71706114736888,50.513481435819386],[-104.71781323697516,50.513479825647906],[-104.71781435686717,50.513479822966183],[-104.71881412132461,50.513477674996018],[-104.71881524121657,50.513477672304688],[-104.72004205137071,50.513475024978256],[-104.72004317126257,50.513475022275145],[-104.72118995713819,50.51347253643079],[-104.72119107561959,50.513472533713234],[-104.72119116798829,50.513433144285749],[-104.72119190789516,50.513252444163591],[-104.72119229752479,50.513203054023997],[-104.72118929707258,50.510057479466312],[-104.72118929704925,50.510056286057839],[-104.72118930015368,50.510055040495857],[-104.72118773546156,50.508412826521742],[-104.72118773572633,50.508412781555947],[-104.72118543840931,50.506000729224709],[-104.72120938924459,50.498799141969968],[-104.72120948671518,50.498765337293548],[-104.72125064459708,50.495742832386064],[-104.72126926973641,50.494375150983025],[-104.7213075079605,50.491567317882193],[-104.72131571256091,50.490742731906018],[-104.72132933878763,50.489374553510039],[-104.72137956584862,50.484329562298974],[-104.72137956914889,50.484329480467672],[-104.72371684533748,50.484328831581976],[-104.73264655401658,50.484325954493549],[-104.73293011477894,50.484325849077067],[-104.74147385889863,50.484305279143236],[-104.74148220073033,50.48430526259547],[-104.74427047667649,50.484298415383023],[-104.75433196513882,50.484285528587748],[-104.75538371053142,50.484284131778892],[-104.75564131379086,50.484283788782712],[-104.75565550103619,50.484283770899182],[-104.75566729484896,50.484283755184848],[-104.75566733827536,50.484102836728574],[-104.75566467085962,50.482008646146298],[-104.7556581260918,50.476870601704334],[-104.75565756907255,50.476557362918378],[-104.75565716029254,50.476321989566202],[-104.75565534691353,50.475285762645349],[-104.75584216337208,50.47527807325644],[-104.75583226250778,50.470539181539699],[-104.75583038517422,50.469640719720488],[-104.75583037957867,50.469639343727877],[-104.75579894383119,50.469639293066678],[-104.75570510717404,50.469639152811858],[-104.75564546675206,50.469639058196634],[-104.75564536198446,50.469490695759916],[-104.75465779145883,50.46948996908143],[-104.75371549281643,50.469489266872635],[-104.74955504459291,50.469486076547057],[-104.74649245260497,50.469483632849411],[-104.73385980752195,50.469472702150604],[-104.73147180424201,50.46947048193195],[-104.72721162024362,50.469466399496987],[-104.71358334863611,50.469447589372784],[-104.70990697102413,50.469440042254199],[-104.70980090203081,50.46944017984714],[-104.68891186766355,50.46946542069594],[-104.688517128792,50.469465989192727],[-104.68791436747297,50.469466854931675],[-104.68704835435932,50.469468092828777],[-104.68704850872436,50.469566387851593],[-104.68267934328159,50.46954095044304],[-104.67776465178787,50.46951214205864],[-104.67774043710233,50.469511999473411],[-104.67100539461292,50.469472181088975],[-104.66890612425048,50.46945392279067],[-104.66871584992576,50.469663681023185],[-104.66864377895804,50.469743130885853],[-104.66861813684423,50.469771398632858],[-104.6668777814085,50.471689846664042],[-104.665060981691,50.473746883002221],[-104.66426663016641,50.474643643968065],[-104.66419464908189,50.474731751871744],[-104.66413191222546,50.474822692328246],[-104.66407869160308,50.474916071329559],[-104.66403521562387,50.475011483048668],[-104.66400167611967,50.47510851345691],[-104.66397821705084,50.475206742989165],[-104.66397708320682,50.475215202452809],[-104.6639649401547,50.475305744761307],[-104.66396190350312,50.475405089062491],[-104.66396309697846,50.477020680858004],[-104.66396455585496,50.479271692796409],[-104.66396550624624,50.480898841948466],[-104.66396632995355,50.484277705090626],[-104.66396632944972,50.48427777613648],[-104.66395566320547,50.490060731635552],[-104.66395439562834,50.490718804323762],[-104.66395337692596,50.491247379254766],[-104.66395208313436,50.491918467762503],[-104.66394872140316,50.493661273850094],[-104.66394600234445,50.495071170400692],[-104.66394472308852,50.495734380367075],[-104.66394471710218,50.495736615187944],[-104.66394357209761,50.496330019382654],[-104.663932259131,50.502191189261026],[-104.66393267371652,50.508384875420695],[-104.6639329955278,50.513235211650382],[-104.66393312183449,50.513262914930948],[-104.66396715011867,50.520739542761142]]]},"properties":{"OBJECTID":8,"ID":9,"POPULATION":25263,"SHAPE.AREA":25187338.3359548,"SHAPE.LEN":24168.131648790601}},{"type":"Feature","id":9,"geometry":{"type":"Polygon","coordinates":[[[-104.61811623451646,50.469534495414749],[-104.61811630970733,50.469517463134139],[-104.61811618993549,50.469517462741194],[-104.6181162010503,50.469515208141935],[-104.61812026860569,50.468483808739528],[-104.61812032647148,50.468468227028495],[-104.61812041316034,50.468447142373059],[-104.61812431056127,50.467704328498328],[-104.61812221238644,50.466477590621402],[-104.61812236341484,50.46628913512528],[-104.61812375473599,50.464556132099609],[-104.61810860349422,50.462945946220586],[-104.61810808730939,50.462409425130325],[-104.61810808759908,50.462409389157784],[-104.61810710718973,50.461390421459683],[-104.6181054614715,50.459852554286854],[-104.61810418615453,50.458529709713474],[-104.6181039618175,50.458296700428669],[-104.61810238815005,50.456749841091039],[-104.61811579767267,50.455103180565288],[-104.61811404488341,50.454650036858446],[-104.61811404517303,50.454650000885842],[-104.61810936784097,50.453440274471646],[-104.61810779376191,50.452046288856657],[-104.61810729828508,50.451610190610268],[-104.61810728129585,50.451594802865586],[-104.61810662112426,50.451003129189665],[-104.61810632361302,50.451003166884966],[-104.61810349796441,50.451003524542912],[-104.61659782803071,50.45120498751016],[-104.61514490343126,50.451460993866455],[-104.61369234502867,50.451670269837969],[-104.61102616465604,50.452139453486105],[-104.60936302328611,50.452267041697581],[-104.60792685419959,50.452191541232096],[-104.60642883809685,50.452111610387789],[-104.60643035214925,50.450380268817398],[-104.60643171216398,50.44882365440435],[-104.60643236793517,50.448073042575409],[-104.60643310300634,50.447231014823437],[-104.60643316757094,50.447189270384733],[-104.60643319442343,50.447177373108836],[-104.60643314371305,50.447177373836681],[-104.60643284785974,50.445523144888696],[-104.60644570234655,50.443975460726016],[-104.6064445479402,50.442420216583166],[-104.60644404803543,50.440785510281465],[-104.60492326673055,50.440769490407099],[-104.6034867958526,50.440773587316123],[-104.60203624194725,50.440772992122845],[-104.6005716840028,50.440772593388687],[-104.59914935575527,50.440767681995403],[-104.59771286947257,50.440771694086585],[-104.59626230150748,50.440775724128649],[-104.59516908043435,50.440862635460881],[-104.59524666037356,50.439324160471379],[-104.59523217954568,50.437723285996405],[-104.59522657650187,50.436732523013269],[-104.59525946750425,50.434530725697059],[-104.59521643894649,50.434107886159104],[-104.59232026617086,50.434097718858958],[-104.59085597756064,50.434083567231148],[-104.58943376677028,50.434087514503489],[-104.58802571553694,50.434082501102054],[-104.58654727045479,50.434077237654755],[-104.58598792636742,50.433760104972187],[-104.5859878731296,50.433760074205118],[-104.58587843681244,50.433698176967546],[-104.58572088032834,50.433621139663956],[-104.58558320297622,50.433555581102603],[-104.58545779252023,50.433502162233466],[-104.58530787389232,50.433448740427821],[-104.58514885965788,50.433389353039637],[-104.58499584693466,50.433335921597951],[-104.58485766262378,50.433291510200917],[-104.58482230356299,50.433279628742376],[-104.58479596677928,50.433276012047074],[-104.5847770406189,50.433271258040421],[-104.58456851317344,50.433244775478016],[-104.58435527901403,50.433227765591091],[-104.5842110423765,50.433217443865068],[-104.58362604162498,50.433212372552639],[-104.58362809962006,50.434579379415283],[-104.58362848964616,50.436135240017116],[-104.58361448252401,50.437727022358771],[-104.5821781035404,50.437730851058738],[-104.58075594969952,50.4377455161735],[-104.57972095687506,50.437746403543308],[-104.57928523842261,50.437792725306238],[-104.57879046260562,50.437930167045543],[-104.57558416289663,50.439211717628453],[-104.57232824302214,50.440512938533828],[-104.5723115258162,50.441557262603681],[-104.57231152542717,50.441557305770644],[-104.57070179155649,50.440784876878091],[-104.56877443307046,50.439859913136146],[-104.56545501709154,50.438139470935788],[-104.56512693105822,50.437965736206181],[-104.56464887976678,50.437712583469377],[-104.56377615023133,50.437287139611712],[-104.56352252670031,50.437163498500553],[-104.56352248117769,50.437163548692972],[-104.56351715445582,50.437169330370097],[-104.56341004487219,50.437285766613847],[-104.56300457607981,50.437726534876518],[-104.56246458774743,50.438570323615593],[-104.56214150149924,50.439354609919839],[-104.56214140433897,50.439354914431185],[-104.5618928505549,50.440133350455959],[-104.56196227537383,50.440611416838891],[-104.56204893788902,50.441208163092817],[-104.56204911142081,50.441209349977612],[-104.56227791928428,50.442075626633134],[-104.56237105640744,50.442363769819906],[-104.56237190258985,50.442366389186624],[-104.56279714141104,50.443681928983992],[-104.56339429514938,50.444909579980688],[-104.56339590990099,50.444922357581952],[-104.56344665099526,50.445323941848635],[-104.56352821854067,50.445969471008205],[-104.56352843519625,50.445971181467918],[-104.56353772299008,50.446301687216057],[-104.56353820410177,50.446337884793188],[-104.56353900592437,50.446347331779073],[-104.56354194708727,50.446452025188407],[-104.56354495817014,50.446568870751584],[-104.56354592503092,50.446606617914377],[-104.56354998105827,50.446764973770904],[-104.56355207549797,50.446846730806378],[-104.56355503661185,50.446969626039369],[-104.56355917946189,50.447124061085511],[-104.56345583553454,50.447123142855737],[-104.56345426382831,50.447123128865883],[-104.56339232647774,50.447122579041341],[-104.56204286476139,50.447110584343527],[-104.56039058800097,50.447113135680432],[-104.5603145134926,50.44711325298374],[-104.55977095797272,50.447114086734047],[-104.5582387894093,50.447106677122243],[-104.55802437746465,50.447105638173078],[-104.55489444380117,50.447090431760401],[-104.55399453184252,50.447092705225003],[-104.55393297813926,50.447092860516697],[-104.54924137752749,50.447104595097493],[-104.54924132541662,50.447104594895642],[-104.54922194462922,50.447104643035019],[-104.54922194112626,50.447105011751297],[-104.54921327942446,50.448019225799889],[-104.5492155421794,50.449254040353232],[-104.54921356436796,50.44950593353726],[-104.54919104037432,50.449696592854515],[-104.54917252615387,50.44989527182674],[-104.54913794763279,50.450035522246679],[-104.54909920957881,50.450183764266072],[-104.54903564074519,50.450395493431479],[-104.54893286908568,50.450641515358193],[-104.54879593404549,50.451072850546446],[-104.54875341270538,50.451189330140579],[-104.54872734695969,50.451308392580131],[-104.54871163732876,50.451878156445382],[-104.54870276644837,50.454288363626077],[-104.5487084566421,50.455169742417809],[-104.54870656039823,50.458326430606583],[-104.54869314880948,50.461213263565796],[-104.54868500852635,50.462067605716499],[-104.54918206916841,50.462074295026149],[-104.54916626594928,50.463836933961737],[-104.53596454604723,50.466192308188887],[-104.53596442183814,50.466192330177165],[-104.52623377026829,50.467927306206064],[-104.52623337926087,50.467927375662192],[-104.52623345029133,50.46820046365557],[-104.5262335979352,50.468484920483952],[-104.52623401506682,50.469682820943142],[-104.52624523109226,50.476951679966874],[-104.52625619618999,50.483864119367226],[-104.52638949129849,50.498922386250811],[-104.52638950058767,50.498923431314289],[-104.53787633925116,50.498923590001603],[-104.5403942470315,50.498923095036268],[-104.54180342711861,50.498922797959288],[-104.54321272417771,50.498922499571677],[-104.54462204661446,50.498922194114918],[-104.54603136633307,50.498921870686537],[-104.54744067494113,50.498921522059383],[-104.54913326625416,50.498921094603247],[-104.54996145759782,50.498917981351909],[-104.54996264487215,50.498917975149652],[-104.54996455736638,50.501795326059387],[-104.54996576498016,50.50363468780241],[-104.54996733285085,50.506141013862738],[-104.54996826920419,50.506141016582916],[-104.55010875756921,50.506140374242491],[-104.55010875299216,50.506142636943999],[-104.55011358639051,50.512953723324287],[-104.55011377207914,50.513214073138258],[-104.55011377572052,50.513214135206162],[-104.55095530325896,50.513211728922691],[-104.55645958821152,50.513195866556742],[-104.55645534564657,50.510337499671749],[-104.56075385443459,50.510315893179815],[-104.56075386685198,50.510324131099203],[-104.56075840674252,50.513183292750647],[-104.56119687990822,50.513182000833588],[-104.57201773630342,50.513149614877207],[-104.57230139312495,50.513148758757595],[-104.59497517426959,50.513283884340808],[-104.59525894058697,50.513284600454988],[-104.5952593626878,50.512890804254305],[-104.59526036108556,50.511978933890767],[-104.5952668727865,50.506184230182775],[-104.59526682061029,50.506184230001395],[-104.59512496157612,50.506183291582083],[-104.59498364833716,50.506182348593363],[-104.59498358911011,50.506182348387313],[-104.59498313221592,50.506182346797836],[-104.59498314051083,50.506175771818107],[-104.59498328941901,50.505007791324964],[-104.59498378684752,50.501128152795879],[-104.59498402365742,50.499282053708924],[-104.59498405932227,50.49899396360572],[-104.59498406432145,50.498932209188006],[-104.5950959828599,50.498931182954642],[-104.59513380183948,50.498930836940559],[-104.59513380346617,50.498930481710062],[-104.59513380395819,50.498930424154537],[-104.59513384156925,50.498920416518047],[-104.59514621069054,50.495685043159881],[-104.59513939233631,50.494326022551512],[-104.59515265464032,50.492192611704283],[-104.5951527172667,50.492182809191164],[-104.59516059550469,50.490915158080433],[-104.59518453295421,50.487063631119476],[-104.59523595624654,50.484329084188886],[-104.59519782813823,50.484328700688302],[-104.59382641756802,50.484314895037471],[-104.59382658974712,50.48431454130052],[-104.59400862930639,50.483935900965562],[-104.59430204427652,50.483416043841288],[-104.59457125035719,50.482733698885248],[-104.59457393308634,50.482726893970941],[-104.59457406394088,50.482726591350939],[-104.59470472567183,50.482423346465282],[-104.59489505363575,50.481981618186893],[-104.59518402503009,50.481211464647913],[-104.59516900370998,50.480855311785113],[-104.59517261001361,50.480701425646906],[-104.59521807007781,50.478886087131023],[-104.59521812149805,50.47887429073046],[-104.59523241504355,50.475561674374454],[-104.59521085506756,50.47076110183783],[-104.59535350526502,50.470761597854455],[-104.59535350552838,50.470762227390878],[-104.59557572951974,50.470762370213968],[-104.59572157400223,50.470762402928109],[-104.59577225194346,50.470683678358213],[-104.59582584177875,50.470607623320554],[-104.59588376211212,50.470534812097654],[-104.59594581705606,50.470465490938309],[-104.59601179673966,50.470399894287851],[-104.59608147801853,50.470338243995265],[-104.59615462522939,50.470280748562899],[-104.59622478886423,50.470227509345207],[-104.59642055604755,50.470076911818232],[-104.59650756843607,50.47001511732384],[-104.59659850458928,50.469959257397846],[-104.59669296039381,50.469909580277509],[-104.59689476910796,50.469810785780403],[-104.59698173526199,50.469780892614807],[-104.59707426924977,50.469751605026339],[-104.59715734177517,50.469729339913108],[-104.59784241652652,50.469560650679838],[-104.5979499553812,50.46953727036729],[-104.59805850176225,50.469519134010412],[-104.59816780011288,50.469506284308643],[-104.59827759310581,50.469498751514756],[-104.59838762224928,50.469496553363633],[-104.60622353085618,50.469515829635007],[-104.61811623451646,50.469534495414749]]]},"properties":{"OBJECTID":9,"ID":6,"POPULATION":26746,"SHAPE.AREA":36545983.314227499,"SHAPE.LEN":31731.477951794201}},{"type":"Feature","id":10,"geometry":{"type":"Polygon","coordinates":[[[-104.60643314371305,50.447177373836681],[-104.60643319442343,50.447177373108836],[-104.60794028082992,50.447174043232394],[-104.60937687840912,50.447178884071093],[-104.61085580264263,50.447174851723325],[-104.61227835556957,50.447174838781585],[-104.61370090278358,50.447175348934543],[-104.61515158557663,50.447180161641541],[-104.61658825727277,50.447175915808025],[-104.61808007806994,50.447172022101569],[-104.61808577420271,50.44552606111975],[-104.61809117314294,50.443970312402364],[-104.61809653297193,50.442423369480984],[-104.61810223357449,50.440777647293544],[-104.61810223404488,50.440777588837946],[-104.61809663612087,50.440774447956215],[-104.6181022114791,50.440774442870485],[-104.6180989512293,50.440367566873725],[-104.61808705859448,50.438882828643116],[-104.61807534618664,50.43742055346587],[-104.61807840620692,50.436187094554604],[-104.61807879508082,50.436030257899716],[-104.61807969516198,50.435667426079355],[-104.61807969687401,50.435666513253459],[-104.6180816076572,50.434896112164758],[-104.61808026851884,50.433312934646196],[-104.61809351094035,50.431676129125883],[-104.61809351268664,50.431675737018502],[-104.61809082683581,50.431371641777652],[-104.61807882217732,50.430012261995927],[-104.61809213625016,50.428359710093602],[-104.61809128935474,50.42694673572386],[-104.61809128945684,50.426946197917253],[-104.618091152159,50.426717514389892],[-104.61809122651447,50.42670844476207],[-104.61810491831731,50.425047012147708],[-104.61808810948827,50.424070765004586],[-104.61807756153163,50.423458068996688],[-104.61806938599153,50.422467794081818],[-104.618077474694,50.421460946219426],[-104.61807795528604,50.42131716254147],[-104.61808050371013,50.420553712672017],[-104.6180785957358,50.41964352731943],[-104.61807138825168,50.418719317145609],[-104.6180713911738,50.41871842860332],[-104.6180815737038,50.415852739407455],[-104.61808294801848,50.41546612921573],[-104.61810563346853,50.412251451762799],[-104.61809591955,50.41225144146199],[-104.61809447447973,50.410177928977738],[-104.61809447431322,50.410177424444463],[-104.61809447181876,50.410176684275072],[-104.61809447156085,50.410176541278311],[-104.61809446907618,50.410176150054923],[-104.61809446610226,50.410175644613076],[-104.61808119243767,50.408024032953513],[-104.61805989095816,50.404570035766298],[-104.61809806671174,50.401277047563681],[-104.61812498302933,50.399961536330977],[-104.61817654607712,50.397441470577498],[-104.61814684206067,50.397441453124358],[-104.61814660175793,50.39731041293566],[-104.61786393765689,50.397310742077295],[-104.61637168912071,50.397312488666863],[-104.61385442142017,50.397315315077009],[-104.61373434757334,50.397315449773423],[-104.61373428988888,50.397315449581889],[-104.61373291103097,50.39731545219847],[-104.60942863032562,50.397320238107561],[-104.60816841997838,50.397321240887599],[-104.6081654821744,50.397321245382244],[-104.60807900742681,50.397321313829302],[-104.60662169796144,50.397322473873416],[-104.60659387488479,50.397322487710319],[-104.60655345927351,50.39732251291408],[-104.60655312594473,50.397119883384498],[-104.60655310116915,50.397104008916529],[-104.60655307427187,50.397086690988502],[-104.60655287859871,50.396967718331545],[-104.60655272798728,50.396819844389341],[-104.60655269572788,50.396786856209197],[-104.60655268252822,50.396776382362063],[-104.60655220417475,50.3964201032692],[-104.60581844490756,50.396413113622103],[-104.60581839564333,50.396413116153219],[-104.60570774396196,50.396413541593972],[-104.60569481648062,50.396413593109045],[-104.60569331659502,50.396413602414853],[-104.60568857054992,50.39641365108146],[-104.60557121180277,50.396414940415674],[-104.60556822738809,50.396414973465752],[-104.60548682822623,50.396416339662693],[-104.60547901434761,50.396416470549909],[-104.60547280294718,50.396416605971744],[-104.60547234841813,50.396416616121819],[-104.60539344789306,50.396418333378541],[-104.60538965824757,50.396418421250985],[-104.6053856250349,50.396418528982061],[-104.60535765398457,50.39641931366112],[-104.60535720789694,50.396419323839375],[-104.60533735402484,50.396419880634518],[-104.60525316642203,50.396422245377011],[-104.6052466774631,50.396422427510409],[-104.60523882155019,50.396422706631206],[-104.60512472223223,50.396426758579288],[-104.60512184417395,50.396426860329342],[-104.60511243261497,50.396427255573165],[-104.60502041549766,50.396431121562138],[-104.60501488003348,50.39643135368599],[-104.6050101212287,50.3964315830505],[-104.60499231476524,50.396432441724336],[-104.60499176867468,50.396432465051859],[-104.60490514045023,50.396436634340482],[-104.60490508975661,50.396436639564406],[-104.60489846972911,50.396437017291035],[-104.60476954856571,50.396444231021192],[-104.60476264426535,50.396444616767816],[-104.60475535783952,50.396445103741399],[-104.60472736507545,50.396446973707867],[-104.60472661055239,50.396447021507662],[-104.60469743106455,50.396448971074129],[-104.60462471458719,50.396453832257308],[-104.60462046323195,50.396454116392],[-104.60461695765183,50.396454389570948],[-104.60446672053449,50.39646606592828],[-104.60446081173824,50.39646652519076],[-104.60445527691842,50.396467017201672],[-104.60440855413106,50.396471164408858],[-104.60440803319953,50.39647120760484],[-104.60438236551499,50.396473485604382],[-104.6043272060091,50.396478383822419],[-104.60431930858431,50.39647908453405],[-104.6043041208986,50.396480562666724],[-104.60424850266128,50.396485973714029],[-104.60423088039101,50.396487687278281],[-104.60420495602298,50.396490375367357],[-104.60416143800072,50.396494887721602],[-104.6041603311716,50.396495003568752],[-104.60413969667724,50.396497215900588],[-104.60410752469647,50.396500667839177],[-104.60408538795662,50.396503171833892],[-104.60408258970982,50.396503487874632],[-104.60408211513834,50.396503539321081],[-104.60408170534477,50.396503583793177],[-104.60404442535044,50.396507803460793],[-104.60401950726178,50.396510620842214],[-104.60398775873338,50.396514413243125],[-104.60396608979362,50.396517001547601],[-104.60394923038237,50.396519015350265],[-104.6039369953635,50.396520553850543],[-104.60385791353815,50.396530492185065],[-104.60384402080759,50.396532237276801],[-104.60382973419799,50.396534142908123],[-104.60377175815402,50.396541873210104],[-104.60377028907141,50.396542068761036],[-104.60376983835678,50.396542127482221],[-104.60375655178201,50.39654390070914],[-104.60374242928707,50.39654586534634],[-104.60372186252796,50.396548723566475],[-104.60372063565151,50.396548893860739],[-104.6037041523618,50.396551186807578],[-104.60370130262852,50.396551602491364],[-104.60357207444689,50.396570433421573],[-104.60356483531309,50.396571487970178],[-104.60355675727975,50.396572753704305],[-104.60347059533585,50.396586252447918],[-104.60346985292392,50.396586365933267],[-104.60345449141214,50.396588772388775],[-104.6034384043397,50.396591295982176],[-104.60343598543287,50.396591675355438],[-104.60342606891503,50.39659322890013],[-104.60339518024028,50.396598333520821],[-104.60337358746614,50.396601902263647],[-104.60335675113669,50.396604684102137],[-104.60335200431955,50.396605497116362],[-104.60328771170605,50.396616499951122],[-104.60325628109769,50.396621968721398],[-104.60323600273739,50.396625496953931],[-104.60322285451299,50.39662788304755],[-104.60315528016508,50.396640143595889],[-104.60315462918611,50.396640259189795],[-104.60315356112172,50.396640449805481],[-104.60314903789218,50.396641276165006],[-104.6031328573044,50.396644211298465],[-104.60311846380385,50.396646947475098],[-104.60311563978503,50.396647483744857],[-104.60304010137531,50.396661841315385],[-104.60303012710631,50.39666373638137],[-104.60300881188326,50.396667926553526],[-104.60298749524202,50.396672117616291],[-104.60296177744719,50.396677173216602],[-104.6029449061884,50.396680593413187],[-104.6029236462354,50.396684902472266],[-104.6029094752686,50.396687776083489],[-104.60289370612796,50.396690970700881],[-104.60288115954296,50.396693585445199],[-104.60285151819662,50.39669976260452],[-104.6028509713656,50.396699874055543],[-104.6028499298347,50.396700088142062],[-104.60283875173695,50.396702423359727],[-104.60282577245553,50.396705128354334],[-104.60282080962618,50.396706196923517],[-104.6027330249815,50.396725085667256],[-104.60272414799371,50.396726995246269],[-104.60271192560649,50.396729704611623],[-104.6026908539298,50.396734375808926],[-104.60267340344282,50.396738243661808],[-104.60266246041198,50.396740732554484],[-104.60260165137525,50.396754561866551],[-104.60258924795596,50.396757382119723],[-104.60257253148104,50.396761298331654],[-104.60255132222348,50.396766266717769],[-104.60255060753138,50.396766429756077],[-104.60254982092846,50.396766611434991],[-104.60254644035888,50.396767410197739],[-104.60253892090513,50.396769171511458],[-104.60248069849905,50.39678308424341],[-104.60246057677152,50.396787888151074],[-104.60246029904404,50.396787954653107],[-104.60246025530162,50.396787969792548],[-104.59524352527916,50.396789533827437],[-104.59496058457252,50.396789629181612],[-104.58364169800035,50.396792575968483],[-104.58077359543647,50.396793041853272],[-104.5784865958919,50.396793362160921],[-104.57812291105016,50.39679343874765],[-104.57759551045822,50.396793544017356],[-104.5773948253035,50.396793581412169],[-104.57688396920237,50.396793682399881],[-104.57618241351912,50.396793778163165],[-104.57338134728441,50.396794146811246],[-104.57338129100779,50.396794146604869],[-104.57232283936293,50.396794271359667],[-104.57232247916451,50.396975041748455],[-104.57231745608398,50.400273187149246],[-104.57231149582452,50.404204018925832],[-104.57231143765317,50.404240189556965],[-104.57230824066657,50.406238952322255],[-104.57230738036984,50.406694286672213],[-104.57230525872134,50.407899488920563],[-104.57230350823814,50.409266666374876],[-104.57230176161944,50.41052175260716],[-104.57230176696538,50.410521784103935],[-104.57229955486602,50.411253394979738],[-104.5722989024332,50.411429046565935],[-104.5722988847827,50.411434759147369],[-104.57229889012063,50.411434791543442],[-104.57258195851938,50.411435068245126],[-104.57256319217991,50.4133417691624],[-104.57255506659038,50.414167242451533],[-104.57250949086135,50.415463837766154],[-104.57283676796848,50.415478672065781],[-104.57328743138979,50.415499095991315],[-104.57361600580539,50.415724150348794],[-104.57356850347192,50.415858657725977],[-104.57333910454504,50.416508216078739],[-104.5727876625794,50.417063861308733],[-104.57294455685329,50.417366915844525],[-104.57363851782706,50.417639121437709],[-104.57380442032314,50.418061778405857],[-104.57355603927837,50.418087824388174],[-104.5732701995836,50.418113657817663],[-104.5731381106588,50.418057468761596],[-104.57300375924989,50.418114729025127],[-104.57287358578137,50.418170209377962],[-104.57320499873572,50.418312726115595],[-104.57386581467297,50.418362448361819],[-104.57447158120395,50.418408024606137],[-104.57478645883678,50.418579423565845],[-104.57493163182713,50.418658445244461],[-104.5751769345127,50.418807009984874],[-104.57552673933762,50.419080899672245],[-104.57583060066503,50.419318814296481],[-104.57581789389,50.42017559527411],[-104.57574663236194,50.420228117995592],[-104.57552011511217,50.420395071772361],[-104.57536558431661,50.420508966601197],[-104.57521367916867,50.420621480422497],[-104.57530278466628,50.42070096151167],[-104.57543354357747,50.42081759446414],[-104.57552094882834,50.420895557380419],[-104.57565590263435,50.421015932265284],[-104.57566968741619,50.421040107454765],[-104.5756875497182,50.421071433811051],[-104.57587731457306,50.421404233815359],[-104.57593213727688,50.42150037930103],[-104.5758867873384,50.421573168829667],[-104.57584709282227,50.421636880288503],[-104.57566237111618,50.421933315083699],[-104.57550306051188,50.422188967982038],[-104.57542129582458,50.422320177176928],[-104.57534999108174,50.4224630790901],[-104.57521168531866,50.422740836766351],[-104.57509471056578,50.423120888032372],[-104.57567554584189,50.423222553382011],[-104.57551060714707,50.423464642490714],[-104.57548242297955,50.423506010223171],[-104.57532358195103,50.423739146749078],[-104.57529578404662,50.423779945660392],[-104.5747735002123,50.424380829790678],[-104.57365840417911,50.426175367888128],[-104.57365754423262,50.426176752424688],[-104.57310993601098,50.427008985794551],[-104.57310987891428,50.427009072821406],[-104.57293489787475,50.427275002478908],[-104.57293152499648,50.427280127150318],[-104.57289554793901,50.427334802897747],[-104.57289552509839,50.42733483788831],[-104.57286256114547,50.427384936233821],[-104.57268561026287,50.427653866575682],[-104.57259488220549,50.427753996323617],[-104.57177862520891,50.428654823748587],[-104.57131538266965,50.429166044145035],[-104.57076639609211,50.429722643832157],[-104.56907824332016,50.431434111120666],[-104.56802264257016,50.432508696462968],[-104.56573622220471,50.434836035587693],[-104.5650160914267,50.435568998216425],[-104.56396109118795,50.436695308261967],[-104.56364995962083,50.437027457154329],[-104.56352252670031,50.437163498500553],[-104.56377615023133,50.437287139611712],[-104.56464887976678,50.437712583469377],[-104.56512693105822,50.437965736206181],[-104.56545501709154,50.438139470935788],[-104.56877443307046,50.439859913136146],[-104.57070179155649,50.440784876878091],[-104.57231152542717,50.441557305770644],[-104.5723115258162,50.441557262603681],[-104.57232824302214,50.440512938533828],[-104.57558416289663,50.439211717628453],[-104.57879046260562,50.437930167045543],[-104.57928523842261,50.437792725306238],[-104.57972095687506,50.437746403543308],[-104.58075594969952,50.4377455161735],[-104.5821781035404,50.437730851058738],[-104.58361448252401,50.437727022358771],[-104.58362848964616,50.436135240017116],[-104.58362809962006,50.434579379415283],[-104.58362604162498,50.433212372552639],[-104.5842110423765,50.433217443865068],[-104.58435527901403,50.433227765591091],[-104.58456851317344,50.433244775478016],[-104.5847770406189,50.433271258040421],[-104.58479596677928,50.433276012047074],[-104.58482230356299,50.433279628742376],[-104.58485766262378,50.433291510200917],[-104.58499584693466,50.433335921597951],[-104.58514885965788,50.433389353039637],[-104.58530787389232,50.433448740427821],[-104.58545779252023,50.433502162233466],[-104.58558320297622,50.433555581102603],[-104.58572088032834,50.433621139663956],[-104.58587843681244,50.433698176967546],[-104.5859878731296,50.433760074205118],[-104.58598792636742,50.433760104972187],[-104.58654727045479,50.434077237654755],[-104.58802571553694,50.434082501102054],[-104.58943376677028,50.434087514503489],[-104.59085597756064,50.434083567231148],[-104.59232026617086,50.434097718858958],[-104.59521643894649,50.434107886159104],[-104.59525946750425,50.434530725697059],[-104.59522657650187,50.436732523013269],[-104.59523217954568,50.437723285996405],[-104.59524666037356,50.439324160471379],[-104.59516908043435,50.440862635460881],[-104.59626230150748,50.440775724128649],[-104.59771286947257,50.440771694086585],[-104.59914935575527,50.440767681995403],[-104.6005716840028,50.440772593388687],[-104.60203624194725,50.440772992122845],[-104.6034867958526,50.440773587316123],[-104.60492326673055,50.440769490407099],[-104.60644404803543,50.440785510281465],[-104.6064445479402,50.442420216583166],[-104.60644570234655,50.443975460726016],[-104.60643284785974,50.445523144888696],[-104.60643314371305,50.447177373836681]]]},"properties":{"OBJECTID":10,"ID":1,"POPULATION":23725,"SHAPE.AREA":15886079.2919378,"SHAPE.LEN":20257.605114035003}}]}