{
  "type": "FeatureCollection",
  "features": [
    {"type":"Feature","properties":{"number":"2","community":null,"website":"https://winnipeg.ca/node/42603","name":"Mynarski","asst":null,"clerk_phone":null,"asst_phone":null,"clerk":null,"councillor":"Ross Eadie","phone":"204-986-5188"},"geometry":{"type":"MultiPolygon","coordinates":[[[[-97.14512717699358,49.93576174353671],[-97.15848654222819,49.940062339861996],[-97.15845215594194,49.94010175621133],[-97.15890804865025,49.940248481172006],[-97.15909457792422,49.940309931967654],[-97.15916472126915,49.940230114675046],[-97.15935372923065,49.940290948284556],[-97.15976337136843,49.940422663393036],[-97.15980364341321,49.94037043207515],[-97.15981827900907,49.94035144935616],[-97.1598360162836,49.94032844684406],[-97.16347028208496,49.94149788296059],[-97.16345450004295,49.941518404135266],[-97.16339835478642,49.941591371363124],[-97.16349335909824,49.94162189195821],[-97.16377837206727,49.94171345327254],[-97.17075485109562,49.93265221796788],[-97.16689861179516,49.931421491887896],[-97.16675914121468,49.931580377563975],[-97.15102714219081,49.926523357805735],[-97.15122226731393,49.926141023591356],[-97.1526638407589,49.92428011945058],[-97.1562119100234,49.91969902413796],[-97.1564737064115,49.91935694432591],[-97.1666737990125,49.922608096428526],[-97.16976114134678,49.921152864014864],[-97.16985706389666,49.920211543531536],[-97.16965504181002,49.92014633196308],[-97.16946984576269,49.92008699171901],[-97.16805107108682,49.919632343042615],[-97.16729053041145,49.91938851969175],[-97.16664113561622,49.91918032297324],[-97.16569062652368,49.91887557892909],[-97.16474012957633,49.918570827210765],[-97.1631575631817,49.9180633933167],[-97.16282488797229,49.91795672029916],[-97.16123106963826,49.91744563942214],[-97.16110628349077,49.91740565505581],[-97.16104420959937,49.91748647236296],[-97.1585332365719,49.91668148029866],[-97.16074342528161,49.91380476506419],[-97.14504241857179,49.908793180148855],[-97.14190747896774,49.90781613295844],[-97.13737270211281,49.906361951013245],[-97.13686885841518,49.906200365530545],[-97.13661799498733,49.90611990923298],[-97.13614404145088,49.90596790133447],[-97.13586817532745,49.905937916538015],[-97.1358955211177,49.90583297678227],[-97.13520143533438,49.905758983709504],[-97.1345073517515,49.90568498740302],[-97.13423036640876,49.90565540632926],[-97.1339533814226,49.90562582459736],[-97.13256826956938,49.90547440975632],[-97.13256967789746,49.90546899315959],[-97.13229733622126,49.905426881594515],[-97.13120396408725,49.905259022772924],[-97.13093703715218,49.90519341126253],[-97.1284680008945,49.90484414682218],[-97.12615312472106,49.90448928238658],[-97.12595407247113,49.90445876580663],[-97.12575501629715,49.90442824824608],[-97.12211420273638,49.90387000352678],[-97.1219119146633,49.903838909501566],[-97.11873380849227,49.903348621366256],[-97.11758886723733,49.90318648943689],[-97.1149510015324,49.90305411526653],[-97.10956846439063,49.90275890531119],[-97.10860335211991,49.90268642393588],[-97.10856192055121,49.90284631564081],[-97.10857672952257,49.90315912437773],[-97.10867694861024,49.90340243536875],[-97.10908950688102,49.90384721041002],[-97.10931627922726,49.904028685333905],[-97.10956023241428,49.90418487807597],[-97.10988545258176,49.90433310140632],[-97.11022754206621,49.90446416971515],[-97.11127613477134,49.90483913747649],[-97.1117010229509,49.90497041648241],[-97.11219267325372,49.90509459247988],[-97.11334580010269,49.905328349662284],[-97.11401768659255,49.90549149960055],[-97.11457742898111,49.90567024859387],[-97.1158879826339,49.906111018767284],[-97.11637338631596,49.90630481854149],[-97.11682593269391,49.90651086358514],[-97.11952542252618,49.90787813515513],[-97.12034007371614,49.90827384488232],[-97.12123295866671,49.908707542069706],[-97.12411963530384,49.91031128872006],[-97.12564237569765,49.91136423552149],[-97.12589523161336,49.911618140517206],[-97.12626140928029,49.912151580209816],[-97.12652842055589,49.91273686539598],[-97.1269039933759,49.91377125069625],[-97.12694703293913,49.914032220527695],[-97.1268868030001,49.915029353396164],[-97.1267867527305,49.91556803864329],[-97.12668581050806,49.915851082731805],[-97.12662760854013,49.91595248675083],[-97.12651598945273,49.91614695694224],[-97.1261581816799,49.916650103622096],[-97.12575734266194,49.91710259016192],[-97.12532412472407,49.917554551754996],[-97.12469189316421,49.91812645831165],[-97.12402324438371,49.91852348131688],[-97.12307051345724,49.91896005541928],[-97.12233972345567,49.91919571513932],[-97.12134001301864,49.91940493609295],[-97.12031979625812,49.919585929445255],[-97.11912907767467,49.91975485235672],[-97.11805862699428,49.91987828988251],[-97.11740788951046,49.91996045774416],[-97.11702168726718,49.9200343566086],[-97.11657832758391,49.92014334662621],[-97.11604777789994,49.92032522860855],[-97.1155039768454,49.92051164942233],[-97.1143226386606,49.92103855078203],[-97.1135636125029,49.92144221532842],[-97.11304251384055,49.92179044965028],[-97.11246244206455,49.92231201233023],[-97.11203418017689,49.92277097555964],[-97.11087332092353,49.924245155294535],[-97.11044833298124,49.92498649416703],[-97.1102591005043,49.925500492194786],[-97.11021888424473,49.92563319375028],[-97.11001311516362,49.92631215759099],[-97.10989922339472,49.9271991844164],[-97.10989103741346,49.928006598586],[-97.10996076293394,49.92852479805177],[-97.11022208371853,49.929344738686474],[-97.1106239893418,49.93029826863922],[-97.11104448339886,49.93137526527652],[-97.1111731245281,49.93181424976068],[-97.11143191913926,49.9332522968701],[-97.11140204759364,49.93401636535685],[-97.11125949957994,49.93480764677809],[-97.1110582542533,49.93535047902362],[-97.11077698203172,49.935914083795836],[-97.11051449222722,49.9362734929687],[-97.10997245510026,49.93687583774667],[-97.10940162959024,49.93733944005259],[-97.10874251821002,49.93775860787683],[-97.1079846440314,49.93812503520436],[-97.10728567243625,49.93841224544957],[-97.10522232513172,49.93896764809754],[-97.1042096058917,49.939220663961805],[-97.1020388827288,49.93966619433262],[-97.10079920088756,49.940004983532006],[-97.10068303996611,49.94003672789696],[-97.099174202818,49.94054415353731],[-97.09827106574076,49.94089302994832],[-97.09715163039327,49.9415219002664],[-97.09669857046356,49.9418711761093],[-97.09643764495365,49.9421875822277],[-97.09617813788422,49.94278752069498],[-97.09615808070352,49.943020737474036],[-97.09616120828558,49.94343909235843],[-97.09626000443966,49.94408443273006],[-97.09645335553591,49.944616270612045],[-97.0968710720248,49.945301694224945],[-97.0973760302418,49.94605826761532],[-97.09783246326457,49.946675772033316],[-97.09804747222462,49.947067411101514],[-97.09819363690272,49.947426503272645],[-97.0982901352453,49.94813106371593],[-97.09826163990714,49.948854492215006],[-97.09815620647436,49.94928964014391],[-97.09794290346981,49.94972186231356],[-97.09725516603874,49.950620190210294],[-97.09821751685851,49.95092106584703],[-97.10248967540588,49.952256600505265],[-97.10315741198922,49.95182490082552],[-97.10522368887484,49.950496252344514],[-97.10638002463172,49.9496333638371],[-97.11713740057867,49.95311279145306],[-97.12231614111069,49.949904023673376],[-97.12721745575568,49.94686653548107],[-97.12729918651839,49.94681596512206],[-97.14512717699358,49.93576174353671]]]]}},{"type":"Feature","properties":{"number":"14","community":null,"website":"https://winnipeg.ca/node/42612","name":"Elmwood - East Kildonan","asst":null,"clerk_phone":null,"asst_phone":null,"clerk":null,"councillor":"Emma Durand-Wood","phone":"204-986-5195"},"geometry":{"type":"MultiPolygon","coordinates":[[[[-97.1040203254489,49.92758002134162],[-97.10961460759786,49.92162679343945],[-97.1116485154364,49.91946288351576],[-97.11274922525898,49.918114675901926],[-97.11293602086805,49.918176729720315],[-97.113162488217,49.91825196199569],[-97.11335121179704,49.918314654930185],[-97.11353993448071,49.918377347539796],[-97.1137286590174,49.91844004076877],[-97.11391738408506,49.91850273279657],[-97.11410610825638,49.91856542449948],[-97.11420047122414,49.918596770248925],[-97.11429483431583,49.91862811592279],[-97.1144835594789,49.918690807021235],[-97.1146722865301,49.91875349784006],[-97.11471003487958,49.91876603707616],[-97.11493684296941,49.91884137773028],[-97.11497458417908,49.91885391426229],[-97.11655926234484,49.91938028612839],[-97.11805862699428,49.91987828988251],[-97.11912907767467,49.91975485235672],[-97.12031979625812,49.919585929445255],[-97.12134001301864,49.91940493609295],[-97.12233972345567,49.91919571513932],[-97.12307051345724,49.91896005541928],[-97.12402324438371,49.91852348131688],[-97.12469189316421,49.91812645831165],[-97.12532412472407,49.917554551754996],[-97.12575734266194,49.91710259016192],[-97.1261581816799,49.916650103622096],[-97.12651598945273,49.91614695694224],[-97.12662760854013,49.91595248675083],[-97.12668581050806,49.915851082731805],[-97.1267867527305,49.91556803864329],[-97.1268868030001,49.915029353396164],[-97.12694703293913,49.914032220527695],[-97.1269039933759,49.91377125069625],[-97.12652842055589,49.91273686539598],[-97.12626140928029,49.912151580209816],[-97.12589523161336,49.911618140517206],[-97.12564237569765,49.91136423552149],[-97.12411963530384,49.91031128872006],[-97.12123295866671,49.908707542069706],[-97.12034007371614,49.90827384488232],[-97.11952542252618,49.90787813515513],[-97.11682593269391,49.90651086358514],[-97.11637338631596,49.90630481854149],[-97.1158879826339,49.906111018767284],[-97.11457742898111,49.90567024859387],[-97.11401768659255,49.90549149960055],[-97.11334580010269,49.905328349662284],[-97.11219267325372,49.90509459247988],[-97.1117010229509,49.90497041648241],[-97.11127613477134,49.90483913747649],[-97.11022754206621,49.90446416971515],[-97.10988545258176,49.90433310140632],[-97.10956023241428,49.90418487807597],[-97.10931627922726,49.904028685333905],[-97.10908950688102,49.90384721041002],[-97.10867694861024,49.90340243536875],[-97.10857672952257,49.90315912437773],[-97.10856192055121,49.90284631564081],[-97.10860335211991,49.90268642393588],[-97.10755207711884,49.90262544522649],[-97.10662472133127,49.90257164636223],[-97.1061430786037,49.90258654998359],[-97.1074044185501,49.89959420624403],[-97.10721055789209,49.89921034546778],[-97.10706018499647,49.899219559289854],[-97.1032101569214,49.89945539491306],[-97.10277013758417,49.89946494224445],[-97.10199915645369,49.89945999247908],[-97.10119939408091,49.89942562090401],[-97.10043024335403,49.89936416208983],[-97.09982588389107,49.899295959284224],[-97.07116535524929,49.89417362473157],[-97.07074352565738,49.89522347855146],[-97.06994193763015,49.89636488198203],[-97.06933819219532,49.89748401972263],[-97.06904244495513,49.898170091859924],[-97.06895236105294,49.89834490477732],[-97.06834379206117,49.899525831311124],[-97.06802057502847,49.90026732839312],[-97.06757452537009,49.90091195522985],[-97.0671306425828,49.90150206151077],[-97.06618689175019,49.90257827609229],[-97.06322541387738,49.90595505472591],[-97.06151109740979,49.90693855177345],[-97.05906129050744,49.90776834974078],[-97.05820627568801,49.90847493582707],[-97.05687908427487,49.91042217030843],[-97.05677171335996,49.91057969551409],[-97.05664613788737,49.910742924694446],[-97.05656327666748,49.91084957226873],[-97.05457006348146,49.913414798878804],[-97.05271083694397,49.91576342674153],[-97.0519117513695,49.91617827150908],[-97.0511722545031,49.91663688479786],[-97.05049807766048,49.91713571326749],[-97.04989444653893,49.917670891884484],[-97.04936604070163,49.918238273841524],[-97.04891695727542,49.91883346266299],[-97.04855067914394,49.91945184624698],[-97.04827004788451,49.92008863258155],[-97.04807724166047,49.92073888686094],[-97.04797375824323,49.92139756971269],[-97.04789046175377,49.92525413484386],[-97.04784437792529,49.9257138496865],[-97.0477520692275,49.926203763000196],[-97.04754565958334,49.92685990035822],[-97.04727309307299,49.927463352000366],[-97.04694608670617,49.92801794767863],[-97.04653727939895,49.92875168233088],[-97.04721806253534,49.92894751202505],[-97.05267647709486,49.923268960177346],[-97.06197803783023,49.92636551215844],[-97.0710081327417,49.9293706048493],[-97.07648574701211,49.92504189195245],[-97.0766792937731,49.9251062524585],[-97.07693325927548,49.92519070338847],[-97.0772535839055,49.925297211168875],[-97.07746109855483,49.92536620913592],[-97.07766861380455,49.9254352067377],[-97.07787612826222,49.925504203951114],[-97.07808364471269,49.92557320082235],[-97.07829116176353,49.92564219732831],[-97.07849867941475,49.92571119346897],[-97.07870619627394,49.9257801892213],[-97.07891371516166,49.92584918373249],[-97.07898917680858,49.92587427361953],[-97.0792155798983,49.92594955407765],[-97.0794419823103,49.92602483407792],[-97.07966838679364,49.926100114565344],[-97.07989479202743,49.92617539371907],[-97.08012119654771,49.926250673313845],[-97.08034760321084,49.92632595159794],[-97.0805740105529,49.926401230346144],[-97.08080041725295,49.92647650773757],[-97.08102682602437,49.926551785616134],[-97.08125323554617,49.92662706216095],[-97.08147964435453,49.92670233914682],[-97.08170605530567,49.92677761482198],[-97.08193246693581,49.92685289096123],[-97.08215887792383,49.92692816574366],[-97.08238529098328,49.92700344101323],[-97.08261547838588,49.927079970096],[-97.08284604335208,49.9271566236947],[-97.08307245722375,49.92723189672255],[-97.08329887316692,49.927307170237476],[-97.08352528986036,49.92738244241863],[-97.08375170584038,49.92745771504082],[-97.08397812396316,49.92753298635224],[-97.08420454276495,49.9276082581277],[-97.0844309609246,49.927683528546375],[-97.0846573811557,49.927758799452086],[-97.08488380213713,49.92783406902399],[-97.08511022240508,49.92790933903693],[-97.0853366448158,49.92798460773908],[-97.08544834620331,49.92802174070441],[-97.08558193539785,49.92806614854786],[-97.08582571809957,49.92814718810088],[-97.0860333246964,49.92821620042872],[-97.08624470657585,49.928286467150514],[-97.08644853969238,49.928354223987526],[-97.08661840128559,49.92841068782245],[-97.08671437861541,49.928442591559914],[-97.0869578471274,49.928523522165975],[-97.08708238199915,49.92856491844941],[-97.0865256507616,49.929261389051796],[-97.0910048910621,49.93075017597705],[-97.09112943555758,49.930791566795214],[-97.09141176870398,49.93043792346656],[-97.09891006590198,49.93292705426252],[-97.09911426132085,49.93277315992744],[-97.1040203254489,49.92758002134162]]]]}},{"type":"Feature","properties":{"number":"13","community":null,"website":"https://winnipeg.ca/node/42610","name":"Transcona","asst":null,"clerk_phone":null,"asst_phone":null,"clerk":null,"councillor":"Russ Wyatt","phone":"204-986-8087"},"geometry":{"type":"MultiPolygon","coordinates":[[[[-97.04653727939895,49.92875168233088],[-97.04694608670617,49.92801794767863],[-97.04727309307299,49.927463352000366],[-97.04754565958334,49.92685990035822],[-97.0477520692275,49.926203763000196],[-97.04784437792529,49.9257138496865],[-97.04789046175377,49.92525413484386],[-97.04797375824323,49.92139756971269],[-97.04807724166047,49.92073888686094],[-97.04827004788451,49.92008863258155],[-97.04855067914394,49.91945184624698],[-97.04891695727542,49.91883346266299],[-97.04936604070163,49.918238273841524],[-97.04989444653893,49.917670891884484],[-97.05049807766048,49.91713571326749],[-97.0511722545031,49.91663688479786],[-97.0519117513695,49.91617827150908],[-97.05271083694397,49.91576342674153],[-97.05457006348146,49.913414798878804],[-97.05656327666748,49.91084957226873],[-97.05664613788737,49.910742924694446],[-97.05677171335996,49.91057969551409],[-97.05687908427487,49.91042217030843],[-97.05820627568801,49.90847493582707],[-97.05906129050744,49.90776834974078],[-97.06151109740979,49.90693855177345],[-97.06322541387738,49.90595505472591],[-97.06618689175019,49.90257827609229],[-97.0671306425828,49.90150206151077],[-97.06757452537009,49.90091195522985],[-97.06802057502847,49.90026732839312],[-97.06834379206117,49.899525831311124],[-97.06895236105294,49.89834490477732],[-97.06904244495513,49.898170091859924],[-97.06933819219532,49.89748401972263],[-97.06994193763015,49.89636488198203],[-97.07074352565738,49.89522347855146],[-97.07116535524929,49.89417362473157],[-97.07195945221423,49.89095871527785],[-97.07226378566345,49.88921841018622],[-97.07219524630342,49.8859331967125],[-97.07218272375344,49.882941442032966],[-97.07218161221968,49.88264487593367],[-97.07222423904801,49.88192501727944],[-97.07216442395882,49.876686034383475],[-97.07216345863407,49.87636012390101],[-97.07216250261469,49.876037473382844],[-97.0722021764695,49.87361450732662],[-97.07155236793061,49.87361533846995],[-97.07154516051844,49.87117431760085],[-97.0713206940587,49.87099754662949],[-97.06240251991798,49.863972522985165],[-97.0565932716907,49.86020490565264],[-97.0530201825768,49.85970461997542],[-97.05240941711867,49.85953130863411],[-97.05172113963172,49.85925992291063],[-97.05105438596478,49.858949953958216],[-97.05030732433966,49.858491859114594],[-97.04992325855717,49.85805155937971],[-97.04969870514766,49.85759056022245],[-97.04959346082376,49.856560043051445],[-97.04956490889684,49.856032553855535],[-97.0497760076271,49.856032509196886],[-97.04975047921653,49.848057696021705],[-97.04973020684214,49.84176097116212],[-97.0498474734408,49.84089659295721],[-97.04937660190582,49.84089662297754],[-97.04691644267,49.84089674872183],[-97.04378482299326,49.84089683321863],[-97.04009991387294,49.84089682320954],[-97.03819305186856,49.840896772696944],[-97.03260026871212,49.84089658780924],[-97.02700749344555,49.840896132960246],[-97.02672972131145,49.84089610333268],[-97.02672933997039,49.84144433492397],[-97.02672925817886,49.84162288480614],[-97.02676732158861,49.854856337810396],[-97.02677228903099,49.85570465586908],[-97.02677603472596,49.857201186284556],[-97.02677684332896,49.85752403676073],[-97.02677708752839,49.85762186970313],[-97.02678109244141,49.85922217955865],[-97.0267913233799,49.86378623077137],[-97.02681052064112,49.870939032612704],[-97.00425204005565,49.87094565888309],[-96.99268757741652,49.87093893284532],[-96.98107012663758,49.87093374419423],[-96.98107429225323,49.878400785653],[-96.98107653999216,49.88375737852886],[-96.98107795688696,49.88582119459079],[-96.96837643958085,49.88581581677192],[-96.96816771362785,49.88581565784724],[-96.96795817070272,49.88581561600213],[-96.95652942294639,49.885812608174234],[-96.95654121392384,49.886443577595244],[-96.95674686997035,49.897482268270345],[-96.95718208620968,49.89829870568013],[-96.95806103163106,49.89994746144975],[-96.95836022823656,49.90050867854741],[-96.95850622065865,49.90078117954116],[-96.96237607054695,49.90803759144456],[-96.96638669819342,49.91555560649337],[-96.96804876899357,49.91556873991433],[-96.9771414130021,49.915641089759355],[-96.97932874242748,49.915658378805574],[-96.9797488613991,49.91566169450736],[-96.99055525044965,49.91572105193982],[-96.99084140113125,49.91572261004152],[-96.99094986877162,49.91572320046754],[-96.99192580832957,49.9157282944849],[-96.99220585997305,49.91572975487463],[-96.99241802061272,49.91573086015816],[-96.99263018262825,49.915731965976306],[-96.99284234331017,49.91573307048345],[-96.99305450397591,49.91573417550117],[-96.99326666470012,49.915735279231825],[-96.99347882540812,49.91573638347307],[-96.99369098756662,49.91573748645159],[-96.99390314831689,49.915738589916415],[-96.99411530912556,49.915739692094284],[-96.99432746991806,49.91574079478282],[-96.99453963076893,49.915741896184365],[-96.99475179160365,49.915742998096405],[-96.99496395388879,49.91574409874555],[-96.99517611476567,49.915745199881286],[-96.99538827570096,49.91574629972994],[-96.99560043662,49.91574740008919],[-96.99581259759744,49.91574849916145],[-96.9960247599507,49.91574959876853],[-96.99623692093297,49.91575069796326],[-96.99644908197361,49.91575179587092],[-96.9967291342111,49.915753245335814],[-96.99718740337994,49.91575561526867],[-96.99834966583126,49.91576161801973],[-96.99856182704413,49.91576271296049],[-97.00088605741074,49.91577467774094],[-97.00181253959506,49.915779352814184],[-97.00215783718659,49.91578112284388],[-97.00257889445905,49.91578336198002],[-97.00379106534646,49.91579080959091],[-97.00676035100157,49.91580899682835],[-97.01178142364331,49.915839578345725],[-97.01228004298632,49.915842603073095],[-97.01277866106223,49.91584562563257],[-97.01327728061817,49.915848646970794],[-97.0137758989438,49.91585166524206],[-97.02296644070567,49.91590591336375],[-97.02465937991028,49.91591582653571],[-97.02497578245368,49.915917675969936],[-97.02495441892415,49.91736375783819],[-97.02493957738777,49.918368179189976],[-97.02493755262522,49.91850517048784],[-97.02492486446974,49.91936383236911],[-97.02491015035089,49.92035948537738],[-97.02488686663713,49.921934885572576],[-97.02487872472102,49.92251862336624],[-97.02487680481295,49.92261562222569],[-97.02487415461555,49.92279486168162],[-97.02486910842971,49.923136244357686],[-97.0248574253437,49.92392660151478],[-97.02485475170866,49.92410742996675],[-97.02483335918258,49.92555441354958],[-97.02483068519085,49.925735241950626],[-97.02480928981046,49.92718222512758],[-97.0248066168544,49.927363053501715],[-97.02479591790912,49.92808653143724],[-97.02479065111281,49.928442677841545],[-97.02476115128111,49.93043729928151],[-97.02475862848178,49.93060578078925],[-97.04458911265219,49.930871304395595],[-97.04653727939895,49.92875168233088]]]]}},{"type":"Feature","properties":{"number":"12","community":null,"website":"https://winnipeg.ca/node/41023","name":"St. Boniface","asst":null,"clerk_phone":null,"asst_phone":null,"clerk":null,"councillor":"Matt Allard","phone":"204-396-4636"},"geometry":{"type":"MultiPolygon","coordinates":[[[[-97.10860335211991,49.90268642393588],[-97.10876655794733,49.90221523847852],[-97.1089599617551,49.9018698104872],[-97.10924900905673,49.90151664664032],[-97.10956295845263,49.901262653395165],[-97.10985021721712,49.90106564503636],[-97.110197524932,49.900869436037524],[-97.1106034023083,49.90072516112765],[-97.11111684567507,49.9006161023491],[-97.11186117051027,49.90049822334491],[-97.11269148162407,49.90042822925403],[-97.11351082055106,49.90040670753694],[-97.11547394075336,49.90039332238034],[-97.11615101779452,49.9004217566378],[-97.11971150650716,49.90064107319421],[-97.1211318316121,49.900708256215275],[-97.12361369546383,49.900909965401894],[-97.12395959132155,49.90089697263764],[-97.12440391850582,49.900850713200875],[-97.12485134831813,49.90077080592907],[-97.12562053919538,49.90060430656132],[-97.12708955697968,49.90025041889454],[-97.12853644100645,49.899863620983425],[-97.12878433054335,49.89976382122449],[-97.12898596566819,49.8996826426838],[-97.1295916614631,49.89937055926209],[-97.13011681099825,49.89904787793701],[-97.13057251595221,49.898706645235876],[-97.13094789848283,49.89830253279118],[-97.13111061863694,49.898048367116374],[-97.13116580643477,49.89791178172653],[-97.13121603564538,49.8977874677235],[-97.13124903557706,49.8973057937807],[-97.13125946657028,49.89670988563643],[-97.13120527575168,49.896157089467856],[-97.13094440427875,49.89555332131024],[-97.13066892728132,49.89513745114722],[-97.13054840704318,49.89495550696955],[-97.12991478176751,49.89431667565392],[-97.12933496687785,49.8937751503862],[-97.12876221761152,49.89309778882935],[-97.1273912511947,49.891313332443794],[-97.12730705739234,49.89122569295657],[-97.1269203616511,49.890823166646484],[-97.12649062619853,49.89041918810958],[-97.12608873272795,49.889819749246556],[-97.12583754217268,49.8892641158459],[-97.12567989362417,49.888691052219684],[-97.12565241091363,49.88794428848986],[-97.12576607057385,49.887331457733985],[-97.1259339997088,49.88684964204337],[-97.12615853152685,49.88647278889329],[-97.12648747919796,49.88609650824244],[-97.1268141080734,49.88578055840885],[-97.12711745630186,49.88548712346207],[-97.12884476182734,49.88395038342798],[-97.13029333568963,49.882750554424625],[-97.13174030753973,49.88155197353827],[-97.13202817759134,49.881283800301425],[-97.13260610374424,49.8806905446668],[-97.13317239447072,49.880193985569115],[-97.13454354866589,49.87908401543952],[-97.13517231738028,49.87850091405865],[-97.13568425776546,49.877911680791755],[-97.1358791440717,49.87763587229777],[-97.13623646751286,49.8771301690347],[-97.13661674670789,49.8765099184044],[-97.13696392317455,49.875861088243965],[-97.13720399238785,49.87512469733242],[-97.13736050216728,49.87423568359157],[-97.13740682404838,49.873578617190134],[-97.13731068687056,49.872932859499336],[-97.13701340837216,49.872251573131166],[-97.13667959637532,49.87169973098547],[-97.13634069781375,49.87131438350492],[-97.1361090404654,49.871115184737086],[-97.13567605183925,49.87088555086581],[-97.13507465474966,49.87062430959197],[-97.13441643400195,49.8704046447969],[-97.13354742972325,49.87016118476296],[-97.13306079970808,49.8700955549577],[-97.1323049750059,49.87005448159621],[-97.13122516094971,49.87009486815901],[-97.13025409219075,49.870179493305095],[-97.12910141141202,49.87036996426261],[-97.12789411918615,49.8705442437403],[-97.12676599610272,49.87067729594584],[-97.1242984507634,49.87093229912958],[-97.12329476435345,49.87100953909722],[-97.1222141002152,49.87107107518529],[-97.12137823206973,49.871093225081786],[-97.12021182951246,49.87105986525037],[-97.11910332298874,49.87099173800021],[-97.11800626395706,49.870865993711554],[-97.11691247410555,49.87069014879516],[-97.1166421870551,49.87062755818323],[-97.11511959937427,49.871122544744935],[-97.11354225310572,49.871656240223196],[-97.10687675687927,49.87385717146688],[-97.10670868838798,49.87381687137641],[-97.10535383907799,49.87426368576075],[-97.1046737232578,49.87448797087807],[-97.10373932457337,49.87479610351887],[-97.1036588859941,49.87482483335912],[-97.10313834450756,49.87460588365746],[-97.10269261812728,49.874368314460725],[-97.10243278746657,49.87419392231233],[-97.10241711378471,49.87413059711869],[-97.1024502028631,49.874068070268805],[-97.10254093924667,49.874040221530386],[-97.1033470244518,49.87400061359778],[-97.10384462741719,49.87389875202694],[-97.10408014276207,49.873824869090235],[-97.10425473580977,49.87368398723145],[-97.10456000399634,49.87316169724721],[-97.10458905522545,49.87305730249063],[-97.10451270245235,49.872949717269556],[-97.10434123924684,49.87289484475827],[-97.10418011247404,49.872923743607714],[-97.10364165345065,49.87322881098927],[-97.10346703161147,49.873370424819214],[-97.10329582574859,49.873424824967884],[-97.10314022365684,49.87339954447061],[-97.10304666260134,49.87329681013454],[-97.10303540949049,49.873236490791264],[-97.10307132680654,49.87301487186558],[-97.10305166368087,49.872821677492155],[-97.10299210872572,49.87274883389206],[-97.10287417506107,49.872688968471984],[-97.10274955162834,49.87268399510514],[-97.10265044917875,49.872722707382344],[-97.10254818683399,49.87284203697852],[-97.1024215234424,49.87288909812367],[-97.10222511349296,49.87289174913796],[-97.10109263874207,49.87274779670944],[-97.10093420031858,49.87267919876318],[-97.10086021100483,49.87230910839079],[-97.1007413782081,49.8719830178268],[-97.1007303363726,49.87180169795421],[-97.10063197429803,49.87147447598131],[-97.10067176859202,49.87138565867693],[-97.10074125938365,49.871320795389074],[-97.10096624486904,49.871254813155225],[-97.10108517876944,49.87128902948507],[-97.1011711549343,49.87135350669771],[-97.10135775243252,49.87171664139743],[-97.10146479950593,49.871822531487425],[-97.101723827252,49.87193017740824],[-97.10190651077137,49.87193023589187],[-97.10265783206349,49.871752598489905],[-97.10275716226485,49.87170802309115],[-97.10285636437726,49.87157984294115],[-97.10273114785417,49.87118471448609],[-97.10273984810301,49.87107852029495],[-97.10288426557926,49.87078094168267],[-97.10300804270132,49.8703150865332],[-97.10313317894717,49.87007512713496],[-97.10307259456617,49.869912797243906],[-97.1029673557335,49.86987660702875],[-97.10198742031066,49.86986643034379],[-97.10165848466085,49.869834642318104],[-97.10159723993381,49.86980503827729],[-97.10155075174768,49.869746341670094],[-97.10153947725976,49.869570884862675],[-97.10156102254597,49.86919502603329],[-97.10140459005552,49.868467907540065],[-97.10122898491524,49.86808515214164],[-97.10129776214316,49.867806870107515],[-97.10126401003664,49.867683846637505],[-97.10110368069891,49.8675770832781],[-97.10083017994468,49.8674919326719],[-97.1006620107507,49.86746937622093],[-97.10038820025775,49.86753675764435],[-97.10035420939072,49.867593402326925],[-97.10037202748181,49.86771763162384],[-97.10051038085652,49.867835036179365],[-97.10058351306078,49.867995373087744],[-97.1005444241848,49.8680952023036],[-97.10030790908021,49.8682240633575],[-97.09990460934682,49.868381724046],[-97.09979555090479,49.8684430047029],[-97.09965233643922,49.86844945684339],[-97.09955097731672,49.86843019430208],[-97.09936263075043,49.8683435031063],[-97.09922812379813,49.86824376082173],[-97.09913535763002,49.86812123556831],[-97.09908420521532,49.86795025788263],[-97.09914767185265,49.86780756092773],[-97.09931910228813,49.86763143342584],[-97.09936852294562,49.86741297027003],[-97.09936044933174,49.86723308611972],[-97.09935883889234,49.86719720461447],[-97.09946359932891,49.86701411668616],[-97.09943713252274,49.86685014413782],[-97.09905918667631,49.866709008111464],[-97.09895228900227,49.86671532166499],[-97.09865407699785,49.86682630013652],[-97.09781551236908,49.86700247955857],[-97.09772276714574,49.86699509047962],[-97.09760450843842,49.86694401449064],[-97.0975711732256,49.866897265830715],[-97.0975635562925,49.866744602586536],[-97.09770440432335,49.866292966615596],[-97.09770702711891,49.86608180288909],[-97.09776877288506,49.86569413719108],[-97.09779323419588,49.86564907054598],[-97.09775236179935,49.865505395103476],[-97.09754914240132,49.86533558740107],[-97.09745168158192,49.86530391990085],[-97.09723536529063,49.86532310274247],[-97.09705769533824,49.86536932058456],[-97.09662926163456,49.865445154563396],[-97.09626280008736,49.86541640152763],[-97.09594103851244,49.86543384984976],[-97.09573724086684,49.865423167925464],[-97.09554249440336,49.86535543252034],[-97.09548604407794,49.86529070282499],[-97.09547989436614,49.8651585974842],[-97.09568542879488,49.86498083562176],[-97.09608587936168,49.86486641087479],[-97.09642536431107,49.864830919343305],[-97.09669916701489,49.864850083313975],[-97.09692129436647,49.86482733011665],[-97.09705754099276,49.864795832850774],[-97.09721542664899,49.86479109155061],[-97.09743887804053,49.86473462467696],[-97.09764817230115,49.86460532264939],[-97.09788011904281,49.86441919017775],[-97.09792105253011,49.86427245721409],[-97.09785283057683,49.86421853583071],[-97.09764426111055,49.864185044849876],[-97.09703486540158,49.864246909421205],[-97.09637613748872,49.86423609150605],[-97.09555757519739,49.86413537398784],[-97.09534740320863,49.864084985311194],[-97.09523911793765,49.864011336667886],[-97.09521019748763,49.86385245617747],[-97.09537162557358,49.86375757267689],[-97.09591506657695,49.86372836773296],[-97.09637745172998,49.86368316175765],[-97.09712563655926,49.86349597535972],[-97.09742176525651,49.86337983314573],[-97.09765247306242,49.86331175128822],[-97.0978469883552,49.86309640352466],[-97.0978571876457,49.86301003477175],[-97.09771090696806,49.862863895814485],[-97.09756747448186,49.86278967243003],[-97.09730719082727,49.862744331538494],[-97.09652618253034,49.8627278400018],[-97.0960697923277,49.8627650780883],[-97.09551147904496,49.86271116993029],[-97.09541292940865,49.862620814184055],[-97.0952965381553,49.862378360135914],[-97.09529647092272,49.86226468862298],[-97.09545864224812,49.86197767755693],[-97.09554636194056,49.861939517754045],[-97.09588143582434,49.86190028862279],[-97.09612627201423,49.8618478424449],[-97.09622913272226,49.861799663854214],[-97.09635684683546,49.86166755730127],[-97.09651060039647,49.861277003099836],[-97.09670230019766,49.86116208094117],[-97.09696280214774,49.86111502378754],[-97.09721142672126,49.86102376959468],[-97.09730747154957,49.860946877205734],[-97.09742809346515,49.86067751519002],[-97.09738608137667,49.86050521982964],[-97.09733155592791,49.860449322861115],[-97.09728045684949,49.86030621257099],[-97.09717961246749,49.86021655396951],[-97.09700606101389,49.86018730346959],[-97.09659136159051,49.8601746264003],[-97.09629917683664,49.86013315935782],[-97.09596031856981,49.86003812301978],[-97.09558755666094,49.85991099418342],[-97.09534805213634,49.85988579089818],[-97.09520216292962,49.85981665762092],[-97.09515580711097,49.859755027019204],[-97.09517025679189,49.85967606187737],[-97.09538186916213,49.85948740003883],[-97.09590864801504,49.85924598110611],[-97.09654888686447,49.85911936044463],[-97.0967016224188,49.85907200059228],[-97.09715915085083,49.85883163876154],[-97.09718281739431,49.85869122265551],[-97.09713212700949,49.85862438816777],[-97.09703638938385,49.858578081358424],[-97.09681686433547,49.858564209508586],[-97.09671083009765,49.85857786867526],[-97.09639453135458,49.85854407272845],[-97.09607580148788,49.858456700853125],[-97.09581537849085,49.8583578190479],[-97.09539541129463,49.85836411836999],[-97.09515735560888,49.858302270561886],[-97.09500243141805,49.85814571889201],[-97.09486079590882,49.857824379909104],[-97.09494769229671,49.85769160385035],[-97.09510662143887,49.85757321218846],[-97.09537615498132,49.85746910518731],[-97.09566141488891,49.85745545901572],[-97.09611422215949,49.8575369678714],[-97.09666599172635,49.857582699038666],[-97.09712980731265,49.85755731445314],[-97.09722068817825,49.857525072168045],[-97.09723547551526,49.857350775778535],[-97.09705576991176,49.8571608188649],[-97.09682783866475,49.85695686926024],[-97.09679330051159,49.85693494540448],[-97.09669613527512,49.8568733036021],[-97.0966567912957,49.856748719937755],[-97.0964871197816,49.85656332704674],[-97.09639129005822,49.85649061726478],[-97.09621101289979,49.856228780503244],[-97.09614075941771,49.85616801845787],[-97.09606839853816,49.856105433528555],[-97.0959971044812,49.85595685724964],[-97.09604221430445,49.85579039270952],[-97.0961113900172,49.85570425955643],[-97.09627792793886,49.85559405823516],[-97.09648580270586,49.85549993617115],[-97.09692946055274,49.85540968586089],[-97.09727233291319,49.855286244762716],[-97.09757204374026,49.85501982265312],[-97.09761944761853,49.85493919806638],[-97.09773402458318,49.85441892783319],[-97.09773950543229,49.85416380914304],[-97.09778398553738,49.85404206843033],[-97.09776566652324,49.85387309534248],[-97.09770538913406,49.85373276784454],[-97.0975889645086,49.85360691914273],[-97.09751375494945,49.85355801619844],[-97.09743245714687,49.85354861460122],[-97.09728807757728,49.85358584554848],[-97.09712543894297,49.8536836452473],[-97.09706114761838,49.85376105891483],[-97.09653450544917,49.85411615576908],[-97.09639857672576,49.85414032396992],[-97.09633015039519,49.854120866014185],[-97.09615652264159,49.85397867566939],[-97.0959962018262,49.853901972580466],[-97.09554682833418,49.8537339831916],[-97.0954799588,49.853674948956176],[-97.09550665409971,49.85363065280094],[-97.09566288901408,49.85358041842922],[-97.09611836769999,49.853593035697195],[-97.09619328584198,49.85356273205969],[-97.0962541961631,49.853455928989],[-97.09617384725783,49.8533358049729],[-97.09607632004408,49.853057849793814],[-97.09628897083209,49.85268848136357],[-97.09634627725642,49.8526512338993],[-97.09642495721786,49.85263030736687],[-97.09650858551261,49.85263376404375],[-97.09667624883241,49.85269866148683],[-97.09684916609409,49.852793848860024],[-97.09717165574693,49.85288142401335],[-97.09728295641442,49.852891236403025],[-97.09740118172235,49.852875124534066],[-97.09771111760726,49.8528038348568],[-97.09794393962262,49.85271357298892],[-97.09854909395074,49.852357585354305],[-97.09893159213652,49.85216111268936],[-97.0990454769849,49.85203661054913],[-97.09908336865182,49.851741442267674],[-97.09899110882542,49.851328531027036],[-97.09899347418849,49.85122719583888],[-97.09891865033472,49.85114993791213],[-97.09877488254563,49.8511055716487],[-97.09850395808007,49.85112716441967],[-97.09809735017055,49.851226726393094],[-97.09781242612726,49.85137237509502],[-97.09768557150718,49.8515126330185],[-97.09747937167876,49.851800177503485],[-97.09724645836627,49.852002226067455],[-97.09709688088542,49.85202372487446],[-97.09692238491644,49.851968783786766],[-97.09662931448047,49.85161089751448],[-97.09629789867482,49.85135444891592],[-97.09603469128393,49.85107030477694],[-97.09593851648586,49.85067572669248],[-97.09583172217073,49.850360129072975],[-97.09571087931539,49.85011512344198],[-97.09569614077841,49.84997519594475],[-97.09569406573941,49.84995549549168],[-97.09574611887714,49.84973763287678],[-97.09571396201483,49.84894381778973],[-97.09568646922881,49.848891984638286],[-97.0955411418645,49.848805580926594],[-97.09545768390967,49.8487979602597],[-97.09516544549224,49.848897655632925],[-97.09489917012667,49.84888321051491],[-97.094748592105,49.8488484480328],[-97.0941872896061,49.84860869649599],[-97.09409353848578,49.84854882983798],[-97.09386702186933,49.84847914160901],[-97.093326616956,49.848527187617826],[-97.09302568418059,49.84845210727171],[-97.09277953162892,49.84836299934285],[-97.09267251709949,49.84824458840892],[-97.09268807117519,49.84817679878163],[-97.0928268819275,49.84811485660639],[-97.09331112357388,49.848020409409834],[-97.09368193813916,49.8479022225483],[-97.09385361549958,49.84771444935969],[-97.09387517467923,49.84763044128862],[-97.09386747367991,49.847553242530154],[-97.09337215899238,49.847137861947836],[-97.09316572188939,49.84702198166413],[-97.09270534098431,49.846865121502084],[-97.09245638958203,49.84672458535232],[-97.09237032136164,49.846715183613604],[-97.09215003256976,49.84678758768876],[-97.09199801012862,49.84687153051095],[-97.09153460777121,49.84702325154749],[-97.09130628849408,49.84706774803969],[-97.09120450992054,49.84706190556258],[-97.0911608241341,49.84698515537699],[-97.09128541303868,49.84688895795524],[-97.09151900043311,49.84679247251407],[-97.09169043071863,49.84669288001931],[-97.09182068262172,49.84653463154846],[-97.0917793053108,49.84639924758706],[-97.09173111933131,49.846368597343584],[-97.09158811858737,49.8461825885991],[-97.09142592759585,49.846047645025166],[-97.09135174641722,49.84603635526858],[-97.0911852043443,49.846093672830634],[-97.09091215241253,49.846251651195196],[-97.09075464810287,49.84631120006288],[-97.09068266058782,49.84632598390196],[-97.09043445492148,49.84633022626263],[-97.0902526052652,49.846299108619775],[-97.09022620976731,49.846260484726436],[-97.09022786429334,49.84621850420998],[-97.0902989297012,49.846145380601],[-97.09042185337475,49.84610505130966],[-97.09049834162168,49.84604416795136],[-97.09050457590416,49.84588596035223],[-97.09046089556384,49.84582274966752],[-97.09026953805991,49.84571961080697],[-97.08992033506365,49.845562141382935],[-97.0898194214593,49.84553444010435],[-97.08967066302274,49.845453874248726],[-97.08965079933085,49.84539938798801],[-97.08969868891855,49.84528769377676],[-97.0900260153308,49.84497855155942],[-97.0901923439053,49.84484485434315],[-97.09024085902259,49.844703660609056],[-97.09018119862944,49.844541936810316],[-97.08994561174015,49.844348845254224],[-97.08974357081267,49.84429899384556],[-97.08964163414831,49.84429731342069],[-97.08940577094958,49.844329183579276],[-97.08926831353423,49.8443842005365],[-97.08911805684257,49.844477889525365],[-97.08898629599538,49.844606253355856],[-97.088750172065,49.84478080553632],[-97.08840480528632,49.8449618873407],[-97.08824612796508,49.84499676424886],[-97.08812248021997,49.84498743370509],[-97.08796823796678,49.84490989970727],[-97.08786935038576,49.84481730899541],[-97.08784537032494,49.84466311614312],[-97.0879923174873,49.84423157589217],[-97.0881396087562,49.84402257834137],[-97.08849781510561,49.843692772353975],[-97.08854271109699,49.84360255386788],[-97.08854771996658,49.84354361725538],[-97.08843209543225,49.843330976588],[-97.08826284146346,49.84321222901114],[-97.08809668382952,49.843164702527474],[-97.0879388172136,49.8431655695166],[-97.08769039408193,49.84324374997346],[-97.08734506799864,49.8435327997938],[-97.0871877488232,49.84360137334253],[-97.08646403687135,49.84375190150017],[-97.08633337707118,49.84374349475426],[-97.08622884224208,49.84365809995258],[-97.08616842920289,49.843515803195984],[-97.08603540281055,49.84332266149049],[-97.08593034862888,49.84280190403893],[-97.08581793845987,49.84256258151589],[-97.08582928490337,49.84227531042995],[-97.08587835013346,49.84207962148167],[-97.08593571806465,49.842027104571166],[-97.0860138895665,49.8420051352223],[-97.08612560760729,49.84204447500394],[-97.0861578801158,49.84213805014182],[-97.08615534544363,49.842202235122016],[-97.08627509420398,49.842391685739024],[-97.08640679330779,49.84246884980744],[-97.08647275610689,49.8424841731243],[-97.0866073095516,49.84243466628298],[-97.08674145189492,49.84231539156365],[-97.08683802313571,49.84217948517638],[-97.08692338458833,49.84197536856781],[-97.08710282451652,49.84183741000655],[-97.08718891404394,49.8418172753833],[-97.08727191790754,49.8418224643798],[-97.08777378092199,49.84193316287821],[-97.08815919945982,49.841961047003295],[-97.08842008581547,49.84192056573897],[-97.08861030335346,49.841793513932785],[-97.08865492362105,49.84171023427923],[-97.08864272600884,49.84159754934029],[-97.08810612287598,49.841170007641935],[-97.08805297412572,49.84104762048913],[-97.08796548579946,49.84096563301265],[-97.087912773415,49.84075055802945],[-97.08799050260474,49.84064384581074],[-97.08844093824517,49.840180535976735],[-97.08859866354466,49.8398154824294],[-97.08873032407163,49.83935115135859],[-97.0847778933699,49.840550075084664],[-97.0763333101505,49.84063858261976],[-97.07165744100396,49.831503007395575],[-97.07035071084148,49.828948416527204],[-97.07011413752598,49.8289032720982],[-97.06986680350884,49.82885607363985],[-97.06972038304818,49.828828891280196],[-97.06955779179091,49.828798058999624],[-97.06940333562788,49.828768769135436],[-97.06924887965684,49.828739479067345],[-97.06908628901648,49.82870864613176],[-97.06892369858885,49.82867781297031],[-97.06875297353446,49.82864543689607],[-97.06858224871463,49.82861306057291],[-97.06841965894652,49.828582226711255],[-97.0682570693911,49.828551392623645],[-97.06808634525262,49.82851901557711],[-97.06792375613337,49.828488181026565],[-97.06776116722683,49.82845734625017],[-97.06759857853307,49.8284265112479],[-97.0674278552993,49.828394133240764],[-97.06725713230013,49.8283617549846],[-97.06709454426591,49.82833091928215],[-97.06693195644442,49.82830008335385],[-97.0667775035453,49.82827079002437],[-97.06662305083819,49.828241496491174],[-97.06646046363369,49.8282106599079],[-97.06629787664193,49.82817982309877],[-97.06612715519537,49.828147443194375],[-97.0659564339834,49.82811506304096],[-97.06579384765124,49.82808422553168],[-97.06563126131735,49.828053387755894],[-97.06546054100124,49.8280210069198],[-97.06512859545761,49.82795804535843],[-97.0647800347073,49.82789193112387],[-97.06421993652985,49.82778569037385],[-97.06392655220637,49.82773003927911],[-97.06336645787691,49.82762379444488],[-97.06304856542333,49.827563491713065],[-97.06273302082825,49.8275036333525],[-97.0624174770347,49.82744377414134],[-97.06209958700968,49.82738346883202],[-97.06178587182835,49.82732395451346],[-97.06144650023808,49.82725957184953],[-97.06126411289507,49.827224970409866],[-97.06110152874668,49.82719412563171],[-97.06094707933694,49.8271648238953],[-97.06078449560351,49.827133978676855],[-97.06061377757837,49.8271015899424],[-97.06045119428127,49.8270707442609],[-97.06029674568025,49.827041441666324],[-97.06013416279815,49.827010595544536],[-97.05996344566688,49.826978205861536],[-97.0598008632211,49.826947359276694],[-97.05964641542876,49.82691805582397],[-97.05948383339796,49.82688720879883],[-97.05931311716066,49.82685481816729],[-97.05915053556619,49.8268239706791],[-97.05896439110336,49.8267886521532],[-97.05876068465221,49.826750001065264],[-97.05854519036744,49.826709112908844],[-97.05830982729677,49.826664454289656],[-97.05805790262777,49.82661665259629],[-97.05798234666266,49.82660231603095],[-97.05784887777132,49.82670483067282],[-97.05768194233413,49.82682652021643],[-97.05752333285764,49.826935981112165],[-97.05740396557626,49.827014702540914],[-97.05721503387578,49.82712496354514],[-97.05620198473913,49.82643293124921],[-97.05558956833927,49.826739190906856],[-97.05545381285444,49.82667262078086],[-97.05544877068762,49.82666959019407],[-97.05544373530135,49.82666655489332],[-97.05543870670618,49.82666351488481],[-97.05543368491259,49.826660470174915],[-97.05542866993112,49.826657420770125],[-97.05542366177217,49.82665436667672],[-97.05541866044635,49.82665130790109],[-97.05541366596402,49.82664824444969],[-97.05540867833565,49.82664517632884],[-97.05540369757165,49.82664210354501],[-97.0553987236825,49.82663902610465],[-97.05539375667853,49.82663594401407],[-97.05538879657016,49.826632857279925],[-97.05538384336776,49.8266297659085],[-97.0553788970817,49.82662666990625],[-97.0553739577223,49.82662356927985],[-97.0553690252999,49.82662046403558],[-97.05536409982481,49.82661735418],[-97.05535918130735,49.82661423971968],[-97.0553542697578,49.826611120661084],[-97.05534936518643,49.826607997010676],[-97.05534446760349,49.82660486877502],[-97.05533957701921,49.82660173596069],[-97.05533469344383,49.82659859857431],[-97.05532981688756,49.82659545662236],[-97.05532494736065,49.82659231011131],[-97.05532008487316,49.8265891590479],[-97.0553152294354,49.826586003438685],[-97.05531038105742,49.82658284329022],[-97.0553055397494,49.82657967860916],[-97.05530070552147,49.826576509402045],[-97.05529587838373,49.82657333567564],[-97.05529106462646,49.82657016158352],[-97.05528625796097,49.82656698299695],[-97.05528145839736,49.82656379992275],[-97.0552766659456,49.82656061236748],[-97.05527188061569,49.82655742033771],[-97.0552671024176,49.826554223840255],[-97.05526233136136,49.82655102288166],[-97.05525756745686,49.826547817468665],[-97.05525281071401,49.82654460760792],[-97.05524806114282,49.826541393306165],[-97.05524331875311,49.82653817457002],[-97.05523858355484,49.82653495140632],[-97.0552338555578,49.82653172382172],[-97.05522913477198,49.82652849182284],[-97.0552244212071,49.82652525541661],[-97.05521971487309,49.82652201460977],[-97.0552150157797,49.82651876940903],[-97.05521032393675,49.82651551982105],[-97.05520563935404,49.82651226585283],[-97.0552009620413,49.82650900751089],[-97.05519629200835,49.82650574480227],[-97.05519162926488,49.826502477733676],[-97.05518697382064,49.82649920631186],[-97.05518232568532,49.82649593054382],[-97.05517764612179,49.82649262301002],[-97.05517297400962,49.82648931107103],[-97.05516830935873,49.82648599473368],[-97.055163652179,49.826482674005035],[-97.05515900248032,49.82647934889233],[-97.05515436027252,49.82647601940242],[-97.05514972556551,49.82647268554235],[-97.05514509836908,49.826469347319374],[-97.055140478693,49.826466004740325],[-97.05513586654716,49.82646265781255],[-97.05513126194127,49.82645930654305],[-97.05512666488512,49.826455950938836],[-97.05512207538847,49.82645259100718],[-97.05511749346103,49.826449226755074],[-97.05511291911252,49.82644585818971],[-97.05510835235263,49.82644248531826],[-97.0551037931911,49.8264391081478],[-97.05509924163754,49.826435726685624],[-97.0550946977016,49.82643234093882],[-97.055090161393,49.82642895091454],[-97.05508563272126,49.826425556619995],[-97.05508111169604,49.82642215806253],[-97.0550765983269,49.82641875524904],[-97.0550720926234,49.82641534818708],[-97.05506759459516,49.826411936883645],[-97.05506310425166,49.826408521345996],[-97.05505862160244,49.8264051015815],[-97.05505414665701,49.82640167759742],[-97.05504967942488,49.826398249400825],[-97.05504521991547,49.826394816999176],[-97.05504076813827,49.826391380399656],[-97.0550363241027,49.826387939609525],[-97.05503188781826,49.82638449463612],[-97.05502745929425,49.82638104548683],[-97.05502303854013,49.826377592168896],[-97.05501862556525,49.82637413468968],[-97.05501422037898,49.82637067305644],[-97.05500982299067,49.82636720727654],[-97.05500543340962,49.82636373735741],[-97.05500105164516,49.82636026330633],[-97.05499667770657,49.82635678513064],[-97.05499231160312,49.82635330283787],[-97.05498795334408,49.82634981643521],[-97.05498360293872,49.82634632593018],[-97.05497926039621,49.82634283133023],[-97.05497492572579,49.826339332642604],[-97.05497059893665,49.82633582987485],[-97.05496628003797,49.82633232303439],[-97.05496196903893,49.826328812128594],[-97.0549576659486,49.826325297165],[-97.05495333762148,49.82632175094649],[-97.05494901734441,49.826318200622424],[-97.05494470512666,49.82631464620045],[-97.05494040097753,49.826311087688175],[-97.05493610490629,49.82630752509323],[-97.05493181692218,49.826303958423395],[-97.05492753703446,49.82630038768632],[-97.05492326525231,49.82629681288961],[-97.05491900158495,49.82629323404106],[-97.05491474604156,49.82628965114832],[-97.05491049863133,49.826286064219175],[-97.05490625936335,49.82628247326132],[-97.05490202824681,49.826278878282494],[-97.05489780529076,49.82627527929038],[-97.05489359050438,49.82627167629279],[-97.05488938389665,49.82626806929752],[-97.05488518547669,49.82626445831228],[-97.05488099525353,49.82626084334488],[-97.05487681323618,49.826257224403015],[-97.05487263943365,49.82625360149466],[-97.05486847385495,49.826249974627444],[-97.05486431650904,49.826246343809245],[-97.05486016740484,49.82624270904786],[-97.05485602655135,49.826239070351185],[-97.05485189395742,49.82623542772702],[-97.05484776963196,49.82623178118324],[-97.05484368511013,49.82622815873052],[-97.05483960874788,49.82622453243347],[-97.05483554055384,49.82622090229969],[-97.05483148053669,49.82621726833704],[-97.054827428705,49.82621363055308],[-97.05482338506738,49.82620998895556],[-97.05481934963241,49.82620634355228],[-97.0548153224086,49.826202694350876],[-97.05481130340458,49.82619904135922],[-97.05480729262877,49.8261953845849],[-97.05480329008975,49.826191724035716],[-97.05479929579596,49.82618805971946],[-97.05479530975592,49.82618439164393],[-97.05479133197807,49.82618071981689],[-97.05478736247076,49.826177044246066],[-97.05478340124252,49.826173364939315],[-97.05477944830173,49.826169681904446],[-97.05477550365673,49.82616599514924],[-97.05477156731588,49.826162304681546],[-97.0547676392876,49.82615861050919],[-97.05476371958012,49.82615491263994],[-97.05475980820187,49.82615121108176],[-97.054755905161,49.826147505842435],[-97.05475201046592,49.826143796929756],[-97.05474812412483,49.82614008435171],[-97.05474424614596,49.826136368116124],[-97.05474037653758,49.82613264823083],[-97.05473651530781,49.82612892470376],[-97.05473266246496,49.82612519754289],[-97.05472881801708,49.82612146675591],[-97.05472498197241,49.82611773235097],[-97.05472115433902,49.82611399433595],[-97.05471733512508,49.82611025271861],[-97.05471352433865,49.82610650750712],[-97.05470972198785,49.82610275870914],[-97.05470592808071,49.82609900633284],[-97.05470214262527,49.82609525038619],[-97.05469836562958,49.82609149087701],[-97.05469459710166,49.8260877278134],[-97.05469083704944,49.82608396120331],[-97.05468708548096,49.82608019105469],[-97.05468334240413,49.8260764173756],[-97.05467960782693,49.82607264017389],[-97.05467588175723,49.82606885945782],[-97.054672164203,49.82606507523516],[-97.05466845517203,49.82606128751413],[-97.05466475467229,49.82605749630269],[-97.05466106271152,49.826053701608785],[-97.05465737929764,49.826049903440676],[-97.0546537044384,49.826046101806206],[-97.05465006609548,49.82604232577245],[-97.0546464361924,49.82603854634093],[-97.0546428147367,49.82603476351971],[-97.05463920173601,49.82603097731646],[-97.0546355971978,49.82602718773921],[-97.05463200112963,49.826023394795854],[-97.05462841353902,49.82601959849431],[-97.05462483443348,49.82601579884248],[-97.05462126382044,49.82601199584836],[-97.05461770170736,49.826008189519854],[-97.0546141481017,49.826004379864976],[-97.05461060301089,49.82600056689161],[-97.05460706644229,49.825996750607786],[-97.05460353840334,49.82599293102135],[-97.05460001890135,49.82598910814036],[-97.0545965079437,49.82598528197286],[-97.05459300553773,49.82598145252678],[-97.05458951169075,49.825977619810175],[-97.05458602641,49.825973783830996],[-97.05458254970287,49.82596994459718],[-97.05457908157653,49.82596610211685],[-97.05457562203824,49.82596225639806],[-97.05457217109523,49.825958407448766],[-97.05456872875472,49.82595455527698],[-97.0543652792882,49.82568948360174],[-97.0541577138123,49.8253540813255],[-97.05307641162163,49.82567135020777],[-97.05278699863874,49.82561641390875],[-97.05258895856274,49.825578821505516],[-97.05242637684432,49.82554795959052],[-97.05226379533892,49.8255170974498],[-97.05210121404646,49.825486235083154],[-97.05193863296691,49.825455372490694],[-97.05167926644606,49.82540613667025],[-97.05124798579419,49.82532426470875],[-97.05082960157527,49.82524483914514],[-97.05069049795823,49.82521843448049],[-97.04986391605753,49.82506160245428],[-97.04985061100348,49.840668412613226],[-97.0498474734408,49.84089659295721],[-97.04973020684214,49.84176097116212],[-97.04975047921653,49.848057696021705],[-97.0497760076271,49.856032509196886],[-97.04956490889684,49.856032553855535],[-97.04959346082376,49.856560043051445],[-97.04969870514766,49.85759056022245],[-97.04992325855717,49.85805155937971],[-97.05030732433966,49.858491859114594],[-97.05105438596478,49.858949953958216],[-97.05172113963172,49.85925992291063],[-97.05240941711867,49.85953130863411],[-97.0530201825768,49.85970461997542],[-97.0565932716907,49.86020490565264],[-97.06240251991798,49.863972522985165],[-97.0713206940587,49.87099754662949],[-97.07154516051844,49.87117431760085],[-97.07155236793061,49.87361533846995],[-97.0722021764695,49.87361450732662],[-97.07216250261469,49.876037473382844],[-97.07216345863407,49.87636012390101],[-97.07216442395882,49.876686034383475],[-97.07222423904801,49.88192501727944],[-97.07218161221968,49.88264487593367],[-97.07218272375344,49.882941442032966],[-97.07219524630342,49.8859331967125],[-97.07226378566345,49.88921841018622],[-97.07195945221423,49.89095871527785],[-97.07116535524929,49.89417362473157],[-97.09982588389107,49.899295959284224],[-97.10043024335403,49.89936416208983],[-97.10119939408091,49.89942562090401],[-97.10199915645369,49.89945999247908],[-97.10277013758417,49.89946494224445],[-97.1032101569214,49.89945539491306],[-97.10706018499647,49.899219559289854],[-97.10721055789209,49.89921034546778],[-97.1074044185501,49.89959420624403],[-97.1061430786037,49.90258654998359],[-97.10662472133127,49.90257164636223],[-97.10755207711884,49.90262544522649],[-97.10860335211991,49.90268642393588]]]]}},{"type":"Feature","properties":{"number":"4","community":null,"website":"https://winnipeg.ca/node/42601","name":"Daniel McIntyre","asst":null,"clerk_phone":null,"asst_phone":null,"clerk":null,"councillor":"Cindy Gilroy","phone":"204-986-5951"},"geometry":{"type":"MultiPolygon","coordinates":[[[[-97.18639840109958,49.91009655582455],[-97.19017736667426,49.905170180374434],[-97.19067633952008,49.90450532069635],[-97.19098269935249,49.904097099148075],[-97.1913743780219,49.903539251146135],[-97.19174520906263,49.90299510591805],[-97.19206439300682,49.90241310233692],[-97.19231536638911,49.90180629237474],[-97.19247347634321,49.90126287445325],[-97.19255769811434,49.900781599707855],[-97.19259441958772,49.90037416992501],[-97.19283360271903,49.897579353759404],[-97.19310763540662,49.89399488245471],[-97.19410688954596,49.88156743789968],[-97.19436448345415,49.8783624667776],[-97.19367972061985,49.878332170386955],[-97.1928168961112,49.87822925181946],[-97.19103478790761,49.87809106862533],[-97.19026488735571,49.878099965406264],[-97.18974017772888,49.878139411277246],[-97.18924493041455,49.8782083635199],[-97.18883519965472,49.87829840289684],[-97.18829448898256,49.87847702490883],[-97.18751504509216,49.878692579463525],[-97.18467450078994,49.87930462292104],[-97.18401978753752,49.87940591351074],[-97.18333197369881,49.87947879508167],[-97.1828277530251,49.879498777878815],[-97.18231375888949,49.879473289572466],[-97.18162473045857,49.87938695623462],[-97.18106289405583,49.879265432758096],[-97.18048185340105,49.87908086032696],[-97.17998102170401,49.878867333984665],[-97.17954435664521,49.87862111699276],[-97.17808578682533,49.877674457243806],[-97.17751111659582,49.87732148848475],[-97.17676955328791,49.87691244245333],[-97.17610751417864,49.8766359423006],[-97.1754491687963,49.87645245173809],[-97.17477654236318,49.876314048221545],[-97.17410435892728,49.876211667932665],[-97.17281360072468,49.8761587930859],[-97.17203483394364,49.87616510494339],[-97.17132658384386,49.87620854431246],[-97.17024311941596,49.8763796799871],[-97.16992882730568,49.87646534948914],[-97.16928406369502,49.87668407000621],[-97.1680265956126,49.8771766182992],[-97.16604268282883,49.87800159591438],[-97.16550478404812,49.87819874749292],[-97.16487343729985,49.878394417113306],[-97.16427246704748,49.87854757256076],[-97.16374075760702,49.878628619835936],[-97.1634925953403,49.878629335894395],[-97.16310410067122,49.87858483570706],[-97.16262068485909,49.87848305635694],[-97.16212907984853,49.878360230172994],[-97.1616965244613,49.878197670464075],[-97.16116825680287,49.87885322102165],[-97.16106578360751,49.88032228851154],[-97.16067562020835,49.88583258580634],[-97.16052319534097,49.88799161374727],[-97.1590644075482,49.888384119773114],[-97.15520330387191,49.88943099031714],[-97.15409424335515,49.889733636646156],[-97.15411084125056,49.88924172968301],[-97.15352910125142,49.88920555854966],[-97.1530359152318,49.88908382138462],[-97.15196093571728,49.88904449786397],[-97.15185489457978,49.88903471663328],[-97.15119722227284,49.8889345668756],[-97.15106275884878,49.88888509103276],[-97.15093162947653,49.88883680134363],[-97.15001542073264,49.88879682173422],[-97.14957537881503,49.88889591757634],[-97.15057013711561,49.890391981772716],[-97.15086574055353,49.890933321045146],[-97.13981744637192,49.89502264997613],[-97.1399518772385,49.89527104061536],[-97.14029757921197,49.89538198738407],[-97.14131201434174,49.895707443254786],[-97.14419249659376,49.89663122443056],[-97.14570636000774,49.89711565285077],[-97.14576780333199,49.897034615579294],[-97.14601341043684,49.896715601458965],[-97.14613881507823,49.89675579447149],[-97.14784871172,49.89730381459063],[-97.15016863142054,49.89804728679005],[-97.15093009456432,49.89828959518767],[-97.15094746216678,49.898266288055005],[-97.15117441117496,49.89797187723867],[-97.15123636040394,49.897890806187064],[-97.15135875874495,49.89792998991076],[-97.15213748044695,49.89811687332646],[-97.1520643648043,49.89915304474945],[-97.15816435930955,49.90110086725924],[-97.15970381918524,49.90155011384918],[-97.1714355672761,49.905306129756916],[-97.1732690045576,49.905893328894365],[-97.18024047871175,49.90812559530046],[-97.18372141802111,49.9092399595469],[-97.18639840109958,49.91009655582455]]]]}},{"type":"Feature","properties":{"number":"9","community":null,"website":"https://winnipeg.ca/node/42602","name":"Fort Rouge - East Fort Garry","asst":null,"clerk_phone":null,"asst_phone":null,"clerk":null,"councillor":"Sherri Rollins","phone":"204-986-5878"},"geometry":{"type":"MultiPolygon","coordinates":[[[[-97.13066892728132,49.89513745114722],[-97.13200297796585,49.8950001970468],[-97.13246159057483,49.895107115293555],[-97.13286520395059,49.89500014435831],[-97.13353523713455,49.89476003958161],[-97.13384726170489,49.89460189381938],[-97.13406709431887,49.8944642410349],[-97.13433624771693,49.89425630954242],[-97.13450636997507,49.89409290379572],[-97.13484063907792,49.89365168485226],[-97.13494649367397,49.893415571188584],[-97.1350109670971,49.8931781570518],[-97.13694442954986,49.893789409248576],[-97.13752129090231,49.893764774838665],[-97.13728630684123,49.893331304332435],[-97.13872620725189,49.8930055874693],[-97.13981744637192,49.89502264997613],[-97.15086574055353,49.890933321045146],[-97.15057013711561,49.890391981772716],[-97.14957537881503,49.88889591757634],[-97.15001542073264,49.88879682173422],[-97.15093162947653,49.88883680134363],[-97.15106275884878,49.88888509103276],[-97.15119722227284,49.8889345668756],[-97.15185489457978,49.88903471663328],[-97.15196093571728,49.88904449786397],[-97.1530359152318,49.88908382138462],[-97.15352910125142,49.88920555854966],[-97.15411084125056,49.88924172968301],[-97.15409424335515,49.889733636646156],[-97.15520330387191,49.88943099031714],[-97.1590644075482,49.888384119773114],[-97.16052319534097,49.88799161374727],[-97.16067562020835,49.88583258580634],[-97.16106578360751,49.88032228851154],[-97.16116825680287,49.87885322102165],[-97.1616965244613,49.878197670464075],[-97.16126119025984,49.877967923921425],[-97.16084969307519,49.87772294561436],[-97.16053705140506,49.877433308542145],[-97.1602889835388,49.87710054172631],[-97.15971302049746,49.87621761765663],[-97.15937444006768,49.875806723412765],[-97.15858642099829,49.874969227321245],[-97.15811480386729,49.87455853947178],[-97.15761410580835,49.87425080033852],[-97.15702924162852,49.87402886648897],[-97.15685929301394,49.8739839948426],[-97.1571025515905,49.873741798904724],[-97.15765331363399,49.87319941459504],[-97.15778795136461,49.87306538715348],[-97.1565605286895,49.872730056858295],[-97.15687585686995,49.872625082317114],[-97.15903415935405,49.87191525390006],[-97.16116280185415,49.87120245686493],[-97.16330709236902,49.87049822910353],[-97.1617276426539,49.868504838259355],[-97.16141185842642,49.86810619770389],[-97.16109588860236,49.86770753748842],[-97.15663920131051,49.86216430616357],[-97.1521706329979,49.85664420244196],[-97.15287830150218,49.85545794867466],[-97.1529166754069,49.85517604384979],[-97.15286887603168,49.85484892681006],[-97.15272084412382,49.854581911096076],[-97.1524311168023,49.854180389503824],[-97.15201010535496,49.85263662577685],[-97.15193461051412,49.85235979140978],[-97.15270760798565,49.85010784953841],[-97.15288622244576,49.848108587692856],[-97.15313355194813,49.845339871194994],[-97.15339690792283,49.842391344300125],[-97.1534620182054,49.841662307125176],[-97.15348857616475,49.841364931443785],[-97.15130718412517,49.838628846263994],[-97.15021088476031,49.834216779257574],[-97.15181939088849,49.82923232265826],[-97.15191990280532,49.828920786398555],[-97.1520888139438,49.82782221048964],[-97.15183488530613,49.82790817427817],[-97.15087691208281,49.828232474134715],[-97.1507211875161,49.82828518994533],[-97.14964292879438,49.82865019263842],[-97.1485260379894,49.8290282562038],[-97.14851344461776,49.82935805689221],[-97.14846175863546,49.829817021353875],[-97.14824891884517,49.83040174386393],[-97.14800856753139,49.83084664435772],[-97.14766248541424,49.831238860841694],[-97.14728655626902,49.83155240923893],[-97.14686304726779,49.831770007882476],[-97.14640625629548,49.83193012999843],[-97.14560320490787,49.83210850642237],[-97.14464232066358,49.83222230830025],[-97.14368573719472,49.83225798126628],[-97.14293065349277,49.8322127367401],[-97.14216661755388,49.83209255344302],[-97.14062682713481,49.831815438357445],[-97.13951972261954,49.83156224849863],[-97.13878012407174,49.83142203775948],[-97.13765198825787,49.831272178755995],[-97.1364867090511,49.83116590569184],[-97.13560474587207,49.831140669871694],[-97.13464126620336,49.831253497159125],[-97.13377257425476,49.83149787637112],[-97.13288468677055,49.831865173946284],[-97.13213890809064,49.83232909344719],[-97.13176385708982,49.832651104967084],[-97.1314671956124,49.83298457805149],[-97.13123081363665,49.83342440897726],[-97.13108367949711,49.83410534801593],[-97.13111609762021,49.8345937080074],[-97.1313139769055,49.835084736371066],[-97.13171440167476,49.83570736357993],[-97.13187800125667,49.83591750026585],[-97.13226655595703,49.83641657411205],[-97.13280898733856,49.836969245432364],[-97.1332955633219,49.837368884048075],[-97.13402820517109,49.83789656706791],[-97.13601289467672,49.83921779143045],[-97.13672841575251,49.83971373565139],[-97.13717595317341,49.840139076368764],[-97.13742295787192,49.8405849891659],[-97.13756558335471,49.841148208330466],[-97.13756079178016,49.84144389270964],[-97.1375169659548,49.8417635964946],[-97.13724633026482,49.84227427917737],[-97.13692122263576,49.84266340123987],[-97.1364559935768,49.843005225031284],[-97.13613146237178,49.843151248246855],[-97.13587424361714,49.8432669828571],[-97.1346984717105,49.84356252202113],[-97.13427950426917,49.84362376851441],[-97.13365898958969,49.84366307012002],[-97.1327069939947,49.843641784739496],[-97.13170593752633,49.84356360788086],[-97.13074093323695,49.84343671032205],[-97.12990227819385,49.843237053503074],[-97.1292152278537,49.84302539002807],[-97.12830335845057,49.8426460627553],[-97.127253796375,49.8422594037317],[-97.12665184501884,49.84205674914924],[-97.12589896099297,49.84184910086941],[-97.1251641081383,49.841685083775396],[-97.12446461939398,49.841592175240876],[-97.1239044451737,49.84153296396352],[-97.12308209171235,49.84152474663216],[-97.12247423646771,49.841576941641755],[-97.12185373052603,49.841718166909544],[-97.12133480318036,49.841917128460025],[-97.12089315849285,49.842156435875616],[-97.12042089391564,49.84250743049163],[-97.12004450388052,49.842825982998384],[-97.11972480103037,49.84324149169303],[-97.11949114108805,49.84372043780093],[-97.11941026637801,49.84417891594483],[-97.119433442616,49.84466542919747],[-97.1195991961798,49.84513555846512],[-97.11993976502745,49.845673115353925],[-97.12029216851708,49.8461194971083],[-97.12063793075909,49.84651308258852],[-97.12095263664744,49.84683689454769],[-97.12130908603255,49.847135035777924],[-97.12166800564856,49.84740346978232],[-97.12207369223978,49.8476522631668],[-97.12427206297565,49.848887910505596],[-97.12556099909739,49.84964731946151],[-97.12778536157919,49.85086122220127],[-97.12868868058209,49.85132965259078],[-97.12965480706472,49.85177189307111],[-97.1304738783424,49.85207407128671],[-97.13123758070338,49.852278463570414],[-97.13191205232864,49.85241087174655],[-97.13252684864226,49.85248877142365],[-97.13310091927042,49.85253201625461],[-97.13368132538056,49.85254731396398],[-97.13429831274706,49.85253430150375],[-97.13491401319166,49.852486419647946],[-97.13559810811914,49.85236909417681],[-97.1363381437736,49.85216427597533],[-97.13727305248436,49.85181385515208],[-97.14010426836126,49.85065248741488],[-97.14061961038885,49.85047888106685],[-97.14114543511627,49.85034028597232],[-97.14183532623896,49.85020771882935],[-97.14273037357957,49.85010648197809],[-97.14305368083079,49.85010741354349],[-97.14332487714088,49.85013538933106],[-97.14344383053228,49.85014765999156],[-97.14383300473803,49.85021338611888],[-97.14444166629413,49.850416907680874],[-97.14491551195634,49.85067436058567],[-97.14521772718612,49.85098600716559],[-97.14538351754975,49.85135921127724],[-97.14542882615022,49.851755133841436],[-97.14531026700561,49.8521739305576],[-97.14504400066974,49.85260791683142],[-97.14468941891194,49.85300878054508],[-97.14461363863495,49.853060862469384],[-97.14421691108534,49.85333352089972],[-97.1431838009538,49.85381160705202],[-97.1426215105844,49.853997466307405],[-97.14205052533127,49.85415889543038],[-97.14112182942607,49.85434712596698],[-97.14014241340747,49.8545209369302],[-97.13981596649725,49.85456680282719],[-97.13893177640261,49.85469102674767],[-97.13793478720538,49.85477444885172],[-97.13694787280771,49.854835077393226],[-97.13591109379601,49.85485920021357],[-97.13477026301139,49.854854442726044],[-97.13374451146487,49.85483112993939],[-97.13243500263779,49.85483723121328],[-97.13151382943128,49.8548631775966],[-97.13069568517236,49.854910325966515],[-97.12991770947365,49.85500656036248],[-97.12909615001223,49.855142030685045],[-97.12802103894185,49.85534139091631],[-97.12685973855714,49.855593740998934],[-97.12661090348514,49.85565574501923],[-97.12387450030303,49.85633754819765],[-97.12289372689274,49.856645474096766],[-97.1219379616506,49.85702008828522],[-97.12028774107486,49.85770809034354],[-97.1195385634652,49.85807668663921],[-97.11812706531093,49.858912162476045],[-97.11753530710503,49.85932239683451],[-97.11708176283152,49.859694079188124],[-97.11664686238059,49.86009325917792],[-97.11520518499368,49.86166761198674],[-97.1148355652404,49.86214518666734],[-97.11449452897145,49.86269886523744],[-97.11395788729236,49.86368365255573],[-97.1131924388252,49.864972372017924],[-97.11295189832151,49.865476688735356],[-97.11283518395953,49.86580624459502],[-97.1127763835828,49.866134193720036],[-97.11271632106417,49.86721809736849],[-97.11283354249312,49.86785402228671],[-97.11310011743481,49.86847028157377],[-97.11343191256185,49.86896521801761],[-97.11389038783,49.86948261233806],[-97.11448596438687,49.8698900501421],[-97.11495504157386,49.87013564869133],[-97.11581125346925,49.87043513321888],[-97.1166421870551,49.87062755818323],[-97.11691247410555,49.87069014879516],[-97.11800626395706,49.870865993711554],[-97.11910332298874,49.87099173800021],[-97.12021182951246,49.87105986525037],[-97.12137823206973,49.871093225081786],[-97.1222141002152,49.87107107518529],[-97.12329476435345,49.87100953909722],[-97.1242984507634,49.87093229912958],[-97.12676599610272,49.87067729594584],[-97.12789411918615,49.8705442437403],[-97.12910141141202,49.87036996426261],[-97.13025409219075,49.870179493305095],[-97.13122516094971,49.87009486815901],[-97.1323049750059,49.87005448159621],[-97.13306079970808,49.8700955549577],[-97.13354742972325,49.87016118476296],[-97.13441643400195,49.8704046447969],[-97.13507465474966,49.87062430959197],[-97.13567605183925,49.87088555086581],[-97.1361090404654,49.871115184737086],[-97.13634069781375,49.87131438350492],[-97.13667959637532,49.87169973098547],[-97.13701340837216,49.872251573131166],[-97.13731068687056,49.872932859499336],[-97.13740682404838,49.873578617190134],[-97.13736050216728,49.87423568359157],[-97.13720399238785,49.87512469733242],[-97.13696392317455,49.875861088243965],[-97.13661674670789,49.8765099184044],[-97.13623646751286,49.8771301690347],[-97.1358791440717,49.87763587229777],[-97.13568425776546,49.877911680791755],[-97.13517231738028,49.87850091405865],[-97.13454354866589,49.87908401543952],[-97.13317239447072,49.880193985569115],[-97.13260610374424,49.8806905446668],[-97.13202817759134,49.881283800301425],[-97.13174030753973,49.88155197353827],[-97.13029333568963,49.882750554424625],[-97.12884476182734,49.88395038342798],[-97.12711745630186,49.88548712346207],[-97.1268141080734,49.88578055840885],[-97.12648747919796,49.88609650824244],[-97.12615853152685,49.88647278889329],[-97.1259339997088,49.88684964204337],[-97.12576607057385,49.887331457733985],[-97.12565241091363,49.88794428848986],[-97.12567989362417,49.888691052219684],[-97.12583754217268,49.8892641158459],[-97.12608873272795,49.889819749246556],[-97.12649062619853,49.89041918810958],[-97.1269203616511,49.890823166646484],[-97.12730705739234,49.89122569295657],[-97.1273912511947,49.891313332443794],[-97.12876221761152,49.89309778882935],[-97.12933496687785,49.8937751503862],[-97.12991478176751,49.89431667565392],[-97.13054840704318,49.89495550696955],[-97.13066892728132,49.89513745114722]]]]}},{"type":"Feature","properties":{"number":"8","community":null,"website":"https://winnipeg.ca/node/42598","name":"River Heights - Fort Garry","asst":null,"clerk_phone":null,"asst_phone":null,"clerk":null,"councillor":"John Orlikow","phone":"204-986-5236"},"geometry":{"type":"MultiPolygon","coordinates":[[[[-97.19436448345415,49.8783624667776],[-97.19559095033603,49.87843165511426],[-97.19614778911776,49.8783984924587],[-97.19713874396872,49.878247752757524],[-97.19796467012517,49.87808630548392],[-97.19875044443333,49.87784405465557],[-97.19920084615184,49.877626798988885],[-97.19969396591847,49.87746946392896],[-97.20041371887652,49.87730983596157],[-97.20131911739311,49.87713797933223],[-97.20229848760081,49.87695912937391],[-97.20305060306734,49.87683893718545],[-97.2028607499774,49.87655068923272],[-97.20238150676941,49.875823053046055],[-97.20517064509417,49.87284323787694],[-97.20548093364067,49.86956112663885],[-97.20599197973853,49.86415436852252],[-97.20664746657185,49.85722904633802],[-97.20696835023371,49.85381441069778],[-97.20755539364308,49.84760221334712],[-97.19941207984441,49.84836347027828],[-97.19672072961272,49.848615737794084],[-97.19676866390309,49.848010696849755],[-97.19683684337771,49.84752210820567],[-97.1969513947406,49.847039845984604],[-97.19699748989294,49.84690338405944],[-97.19704261120488,49.84676980433435],[-97.19729389127781,49.84614338331232],[-97.19911976947277,49.84258837435356],[-97.20674649275647,49.82773308299751],[-97.20700313691185,49.82723283848691],[-97.2049170974032,49.82577412005633],[-97.20410900013826,49.824920177640074],[-97.20113682522701,49.82123631394065],[-97.19628232220839,49.822986101540124],[-97.18359854932355,49.82735756892981],[-97.18303532186818,49.827548118862985],[-97.18037919391614,49.82979347501417],[-97.1796601560978,49.82868396280829],[-97.17927964595454,49.822394098105185],[-97.17928010713491,49.81723065607622],[-97.17919484383177,49.816106147369716],[-97.17882480299097,49.815445225165966],[-97.17768306789145,49.81415147232199],[-97.17697775872603,49.813324560764336],[-97.16816180042973,49.816321153085724],[-97.16201304718105,49.81841052612676],[-97.15668110300206,49.81867398034946],[-97.15275557864973,49.81987241254259],[-97.15097897334414,49.82012956570853],[-97.14679394845935,49.82094727908199],[-97.14384192308155,49.82145088060271],[-97.14272349498223,49.82164165664154],[-97.142844903231,49.82194348199457],[-97.14309134990982,49.8223552777748],[-97.14348559481994,49.82284729210971],[-97.14412397101343,49.823486484070315],[-97.14551779176286,49.824826130987795],[-97.14684299361178,49.826175711655914],[-97.14778156171126,49.82722758455991],[-97.14817207058975,49.82787294347609],[-97.14841151358665,49.82841475021854],[-97.14853206112087,49.82887051761199],[-97.1485260379894,49.8290282562038],[-97.14964292879438,49.82865019263842],[-97.1507211875161,49.82828518994533],[-97.15087691208281,49.828232474134715],[-97.15183488530613,49.82790817427817],[-97.1520888139438,49.82782221048964],[-97.15191990280532,49.828920786398555],[-97.15181939088849,49.82923232265826],[-97.15021088476031,49.834216779257574],[-97.15130718412517,49.838628846263994],[-97.15348857616475,49.841364931443785],[-97.1534620182054,49.841662307125176],[-97.15339690792283,49.842391344300125],[-97.15313355194813,49.845339871194994],[-97.15288622244576,49.848108587692856],[-97.15270760798565,49.85010784953841],[-97.15193461051412,49.85235979140978],[-97.15201010535496,49.85263662577685],[-97.1524311168023,49.854180389503824],[-97.15272084412382,49.854581911096076],[-97.15286887603168,49.85484892681006],[-97.1529166754069,49.85517604384979],[-97.15287830150218,49.85545794867466],[-97.1521706329979,49.85664420244196],[-97.15663920131051,49.86216430616357],[-97.16109588860236,49.86770753748842],[-97.16141185842642,49.86810619770389],[-97.1617276426539,49.868504838259355],[-97.16330709236902,49.87049822910353],[-97.16116280185415,49.87120245686493],[-97.15903415935405,49.87191525390006],[-97.15687585686995,49.872625082317114],[-97.1565605286895,49.872730056858295],[-97.15778795136461,49.87306538715348],[-97.15765331363399,49.87319941459504],[-97.1571025515905,49.873741798904724],[-97.15685929301394,49.8739839948426],[-97.15702924162852,49.87402886648897],[-97.15761410580835,49.87425080033852],[-97.15811480386729,49.87455853947178],[-97.15858642099829,49.874969227321245],[-97.15937444006768,49.875806723412765],[-97.15971302049746,49.87621761765663],[-97.1602889835388,49.87710054172631],[-97.16053705140506,49.877433308542145],[-97.16084969307519,49.87772294561436],[-97.16126119025984,49.877967923921425],[-97.1616965244613,49.878197670464075],[-97.16212907984853,49.878360230172994],[-97.16262068485909,49.87848305635694],[-97.16310410067122,49.87858483570706],[-97.1634925953403,49.878629335894395],[-97.16374075760702,49.878628619835936],[-97.16427246704748,49.87854757256076],[-97.16487343729985,49.878394417113306],[-97.16550478404812,49.87819874749292],[-97.16604268282883,49.87800159591438],[-97.1680265956126,49.8771766182992],[-97.16928406369502,49.87668407000621],[-97.16992882730568,49.87646534948914],[-97.17024311941596,49.8763796799871],[-97.17132658384386,49.87620854431246],[-97.17203483394364,49.87616510494339],[-97.17281360072468,49.8761587930859],[-97.17410435892728,49.876211667932665],[-97.17477654236318,49.876314048221545],[-97.1754491687963,49.87645245173809],[-97.17610751417864,49.8766359423006],[-97.17676955328791,49.87691244245333],[-97.17751111659582,49.87732148848475],[-97.17808578682533,49.877674457243806],[-97.17954435664521,49.87862111699276],[-97.17998102170401,49.878867333984665],[-97.18048185340105,49.87908086032696],[-97.18106289405583,49.879265432758096],[-97.18162473045857,49.87938695623462],[-97.18231375888949,49.879473289572466],[-97.1828277530251,49.879498777878815],[-97.18333197369881,49.87947879508167],[-97.18401978753752,49.87940591351074],[-97.18467450078994,49.87930462292104],[-97.18751504509216,49.878692579463525],[-97.18829448898256,49.87847702490883],[-97.18883519965472,49.87829840289684],[-97.18924493041455,49.8782083635199],[-97.18974017772888,49.878139411277246],[-97.19026488735571,49.878099965406264],[-97.19103478790761,49.87809106862533],[-97.1928168961112,49.87822925181946],[-97.19367972061985,49.878332170386955],[-97.19436448345415,49.8783624667776]]]]}},{"type":"Feature","properties":{"number":"10","community":null,"website":"https://winnipeg.ca/node/42599","name":"St. Norbert - Seine River","asst":null,"clerk_phone":null,"asst_phone":null,"clerk":null,"councillor":"Markus Chambers","phone":"204-986-5920"},"geometry":{"type":"MultiPolygon","coordinates":[[[[-97.08198358686883,49.82799769002951],[-97.08210615852786,49.82795523260453],[-97.08235046534573,49.827870606894486],[-97.0824191140797,49.82784682743586],[-97.0824941840043,49.82782082364641],[-97.08315902635808,49.82759052195736],[-97.0837058609135,49.82740109385543],[-97.08398472929532,49.827304489748826],[-97.08474318543655,49.827041744303735],[-97.0849420539986,49.82697285067128],[-97.08503563731816,49.82715151581857],[-97.09569752543074,49.8234647624232],[-97.09650749056756,49.8233165514015],[-97.09905963099605,49.82321257869699],[-97.09965064244133,49.82313359926757],[-97.10063903128228,49.82279309658193],[-97.10739182387194,49.820452568825004],[-97.10780831540605,49.820333455853714],[-97.10832991110982,49.820282069477614],[-97.10884361266994,49.820291349323426],[-97.10918383628564,49.82033730241988],[-97.10934601734628,49.82036901764536],[-97.1109359186301,49.820679915734935],[-97.11134583301907,49.820711757753585],[-97.11174031936949,49.820681214521166],[-97.11223059546288,49.820533896678064],[-97.11326196845268,49.8201730604271],[-97.11944241455922,49.818028264747355],[-97.119956082159,49.81792454549166],[-97.1209630311749,49.818065380048424],[-97.1216741927676,49.81811984243471],[-97.12248391009832,49.81812506613841],[-97.12473205732044,49.818026570317556],[-97.12472018218183,49.81791331407196],[-97.12470297504714,49.81774920439125],[-97.12467452625222,49.81747787777851],[-97.12466854684371,49.81742084985538],[-97.12444980548149,49.81715192105533],[-97.12401611823634,49.816618720007405],[-97.12450099752236,49.81645638619947],[-97.12563468425401,49.815977414057514],[-97.1275198759414,49.81505625321918],[-97.1294182264916,49.81407136668975],[-97.13048433700793,49.81361914331397],[-97.13185765829152,49.813209046656],[-97.1328290093376,49.81297836965263],[-97.13350642849072,49.81287308894022],[-97.1342472057208,49.812847837641065],[-97.13546480216091,49.81289067768998],[-97.13658980915712,49.81295990280199],[-97.13691741076609,49.81300512995223],[-97.13800352977599,49.812620249401185],[-97.1399208878361,49.81197155198026],[-97.14085108827204,49.81165682024854],[-97.14178920961815,49.81133939714307],[-97.14377188862066,49.810668544834236],[-97.14400032510767,49.81059268523213],[-97.14315304145208,49.810207445971905],[-97.14246507563684,49.80997138638717],[-97.14200907264578,49.80978469484282],[-97.14189348099389,49.80965122162731],[-97.1421124316715,49.8095750549124],[-97.1421980913511,49.80954602942826],[-97.14601785954787,49.80825268230789],[-97.14733036904181,49.80780823026363],[-97.14841289628117,49.80744163898604],[-97.14969043811978,49.807008986811404],[-97.15003252161705,49.806893133143056],[-97.15081580281152,49.806627852786505],[-97.15170724157524,49.80632593177159],[-97.15282247876613,49.80594819691013],[-97.15417919886151,49.80548864948597],[-97.15552257385922,49.80503359731617],[-97.1558797945674,49.80491295338054],[-97.15703949226103,49.80266810016462],[-97.1570906560138,49.801422442228464],[-97.1572797497887,49.79683072208084],[-97.15750524768325,49.791324980502196],[-97.1566046962359,49.77706280350866],[-97.16056205698233,49.7756788880342],[-97.17373485340808,49.77107071657069],[-97.17653050763664,49.77009023731181],[-97.17941408912463,49.76922429040797],[-97.18115249180237,49.76881731786454],[-97.1825234266946,49.7685434541438],[-97.18291912658617,49.76846440385721],[-97.18549057133444,49.76823015328046],[-97.18800927437393,49.768178936957646],[-97.21397775134585,49.76810548477497],[-97.21397965985211,49.76755697628275],[-97.21403962283439,49.75395462334705],[-97.21404202458183,49.75350773354017],[-97.21964511642626,49.75351178285815],[-97.21961806971736,49.740898408201296],[-97.21961666083882,49.74058994468672],[-97.21961214526242,49.73817424199899],[-97.21990704279351,49.7220406775097],[-97.22005944357797,49.71501028729624],[-97.22009191968787,49.71355564016129],[-97.21967020200545,49.71370424168554],[-97.17967985667026,49.727784523990415],[-97.17963044621744,49.72780190775155],[-97.1792627032782,49.72793073996585],[-97.17858078113332,49.72816724108076],[-97.16931346129952,49.73138065879536],[-97.16916847729118,49.73143092226957],[-97.1690059253471,49.731487275520124],[-97.16897681880764,49.73149736609763],[-97.15207175085735,49.73735604377109],[-97.15121901753766,49.73765146685486],[-97.14970815763583,49.7381748666555],[-97.14526154802068,49.739715104561824],[-97.14058646511822,49.74133419095598],[-97.13874048872712,49.741973410896556],[-97.13832458424098,49.742117294935305],[-97.13740267075967,49.742436507402694],[-97.13668529990663,49.74268494364929],[-97.13331448197467,49.74385192174337],[-97.13155574662022,49.74446073465493],[-97.13105889942685,49.74463272335622],[-97.1302640382797,49.74490786532925],[-97.12976949773415,49.74507904740854],[-97.12903356057724,49.745333779604245],[-97.12815583516061,49.745637579832085],[-97.1279433584089,49.74527440513269],[-97.12772101552953,49.744761868095296],[-97.12754638681247,49.74422105276133],[-97.12742820724642,49.74365791043176],[-97.12737148968978,49.74303533928818],[-97.12738376432117,49.74243712304072],[-97.12747470710158,49.74189130542496],[-97.12760981903163,49.741362469403825],[-97.12780289741681,49.74086478152739],[-97.12812520002582,49.74027041454791],[-97.12845931788034,49.739648350292796],[-97.12873791106958,49.73888478942189],[-97.12891705953815,49.7381893394471],[-97.12900505197831,49.737533085463184],[-97.12899083687205,49.737381373683604],[-97.12800701097909,49.73771335906089],[-97.12638710807066,49.73825995603949],[-97.12546400312098,49.738571419660666],[-97.12177332996706,49.73981656974926],[-97.12100910931086,49.740074377760145],[-97.11244809783585,49.74296187735292],[-97.11206720159446,49.74309032501055],[-97.10640349579566,49.74500003709745],[-97.09825733163075,49.7477460393611],[-97.08418838047224,49.75248646377799],[-97.08304538716688,49.752871469810124],[-97.08262859914333,49.753011740345826],[-97.08193177245614,49.753245721728035],[-97.08308434524712,49.75324523464296],[-97.08340798024784,49.753245095606935],[-97.0834171384124,49.75379239933257],[-97.08342029845565,49.753981272118004],[-97.08343964299546,49.75512543621812],[-97.08344306471724,49.7553278871443],[-97.08346246293056,49.75647523710798],[-97.0834835899645,49.75772492844358],[-97.08350469027664,49.758972977452984],[-97.08354695809561,49.761472948292905],[-97.08356784610943,49.76270846895208],[-97.08015319999045,49.76385030892565],[-97.07977262020738,49.76397756246055],[-97.05814084176377,49.771207385327045],[-97.05709223507232,49.771557694277966],[-97.05002850503304,49.773917098196335],[-97.04848113877149,49.77443385601321],[-97.04826402325956,49.774506360770374],[-97.04789136359733,49.77463075244735],[-97.04385966901604,49.775976390032675],[-97.04385981863716,49.776006823552194],[-97.04344114009572,49.77614661260385],[-97.04345180209054,49.783017985882495],[-97.04893403408094,49.783054662896035],[-97.04906995329068,49.78305557675794],[-97.04907320475257,49.78407708840508],[-97.04907714137234,49.78510572242067],[-97.04907902112566,49.78559694205924],[-97.0490921369968,49.78902516128342],[-97.04910660547053,49.792808471385506],[-97.04869942615233,49.792984801547966],[-97.04710931463836,49.793673379084716],[-97.04582323132604,49.794230270625455],[-97.04448412731263,49.794810091262335],[-97.04402856314985,49.79500733285534],[-97.03861082134793,49.797352835076005],[-97.02639131568353,49.797341268015636],[-97.02636465846521,49.8025851829766],[-97.02635343312159,49.80480827401466],[-97.0263228481228,49.81201811032949],[-97.02660975338,49.81955266449735],[-97.02667472088645,49.81955293019974],[-97.0266750633954,49.819731032600146],[-97.02667684755586,49.82065892292509],[-97.026405989125,49.82060744958204],[-97.02632814699155,49.82079939807948],[-97.02591324107023,49.8218224740949],[-97.02566823165445,49.822426597073424],[-97.02707128150435,49.82220424697597],[-97.02973501552908,49.821492823507484],[-97.04702407014142,49.81555271888181],[-97.06081781255304,49.81073590143446],[-97.06100524202908,49.81067043241173],[-97.06119267100539,49.81060496307904],[-97.06598162781128,49.80893200610253],[-97.06623320656117,49.80950347530115],[-97.06623638720035,49.80954957732712],[-97.06633165829547,49.809660321153956],[-97.06643130825822,49.80975640557973],[-97.06672611785638,49.80996736478653],[-97.06687711702145,49.810029474593314],[-97.06695904732094,49.81008553005792],[-97.06699493659484,49.810145728102114],[-97.06700260399678,49.810247643501896],[-97.06692438947539,49.81037535860062],[-97.0669250597842,49.810462424858706],[-97.0670219245836,49.81058130696997],[-97.06712477888591,49.81065870048055],[-97.06721708896661,49.810714211677464],[-97.06732179374812,49.81077262812297],[-97.06740488184319,49.810815392050486],[-97.06746438380195,49.810891944252695],[-97.06751149139424,49.810965591126276],[-97.06751856558789,49.81103227359601],[-97.06752624848059,49.81108367437927],[-97.06752740709761,49.81109712713489],[-97.06753005049003,49.81112781427046],[-97.0675708215015,49.81118606358527],[-97.06765216337718,49.81123779340097],[-97.06775484338982,49.81127728575522],[-97.06788552071528,49.81131184780286],[-97.06796572186991,49.81132242407963],[-97.06801826747373,49.8113293533345],[-97.06812558751565,49.81132214770176],[-97.0682559275838,49.81126045508747],[-97.06838320944004,49.8111708262259],[-97.06849862641074,49.81109988933792],[-97.0686129337206,49.81105681895133],[-97.06873201005543,49.81103361738471],[-97.06882393546297,49.81106393431925],[-97.06891044137834,49.81112564404094],[-97.06894187756633,49.811208923826804],[-97.06894820240117,49.81129448362179],[-97.06889493820002,49.81137545212628],[-97.06887042864989,49.81139753159377],[-97.06880562819818,49.81145402073619],[-97.06874086337757,49.81150961091678],[-97.06867467349815,49.81156607682567],[-97.06860990837633,49.81162166692846],[-97.06853403007716,49.81167707172792],[-97.06846823339649,49.81172364935766],[-97.0684045772981,49.81175137272416],[-97.06829497242218,49.811781028517345],[-97.06815530078971,49.811832670863495],[-97.06808028073664,49.81186650120493],[-97.06802435049602,49.81190964502686],[-97.06798330687892,49.81196293178558],[-97.06796512675666,49.812035489715115],[-97.06797800883386,49.812095972355635],[-97.0680444300583,49.81213845786789],[-97.06815002690014,49.81220948168323],[-97.06825608935756,49.81226881940759],[-97.0683766877768,49.812312208028324],[-97.06850854934333,49.81231710494815],[-97.06858217412656,49.81231833233555],[-97.06868180554041,49.81229480665151],[-97.06884737712967,49.81222110738955],[-97.06900685496872,49.81216079912299],[-97.0691556067012,49.81212549843074],[-97.06926827029254,49.81212377790312],[-97.0692831825328,49.812127873654376],[-97.06936589775349,49.812150591335055],[-97.06941262187448,49.81219904446339],[-97.06941083330754,49.812243990638244],[-97.0693659096436,49.812290017067156],[-97.06930478117262,49.81232407968383],[-97.06922559368464,49.81235784131707],[-97.0690903392252,49.8124032617646],[-97.0689763153566,49.81243914119424],[-97.06887072724231,49.81250754382471],[-97.06879887215148,49.81256661393246],[-97.06873777228812,49.81263485847266],[-97.06869067118691,49.81270063777598],[-97.06867284966883,49.812764206586934],[-97.06866984366279,49.8128397161203],[-97.06869205731059,49.81291024893775],[-97.06872363733159,49.812989933075805],[-97.0687687155108,49.81307973691782],[-97.068790513574,49.8131282398495],[-97.06880974339214,49.81317578562782],[-97.06884101090705,49.81331114380882],[-97.06881191671653,49.81342727588778],[-97.06867868641882,49.81349928905532],[-97.06841226464621,49.81355022592623],[-97.0682155680082,49.813605597413975],[-97.06814702148945,49.813686207655735],[-97.06816665374346,49.81378553503226],[-97.0682758250111,49.81386270439719],[-97.06847890154818,49.81394085565986],[-97.0689768807556,49.81400317317884],[-97.06918849748187,49.81405366483119],[-97.06935278440292,49.81405203445836],[-97.06949082599013,49.81401135814938],[-97.06967360116812,49.81391495810014],[-97.07013741949433,49.81375888708939],[-97.07078438584344,49.813491389989146],[-97.07126406260957,49.81337046752492],[-97.07183489745962,49.813153510511526],[-97.07203127060825,49.813102104412],[-97.07236461390214,49.813066018950906],[-97.072513243721,49.813079010619795],[-97.0725718849123,49.81311900575172],[-97.07263492024809,49.81325259192599],[-97.0726986197816,49.813517317058796],[-97.07275516817246,49.813705648535766],[-97.07273120482924,49.81389750336766],[-97.07255809371621,49.81417154462127],[-97.07235853894167,49.81439144374218],[-97.0722479527448,49.814443440445054],[-97.0721110156417,49.814442315515194],[-97.07184508093152,49.81442732899893],[-97.07159970072622,49.814352694121624],[-97.07143909888893,49.81422786321392],[-97.0713161206786,49.81422320309633],[-97.0712004832842,49.8142624327888],[-97.07116057970796,49.81435492470536],[-97.07125719561421,49.81482171455785],[-97.07152023367475,49.81512017435184],[-97.07154146717234,49.81532712662295],[-97.07141101409958,49.8156297099635],[-97.07144398090419,49.81573211338114],[-97.07166350659038,49.81587309813416],[-97.07197030839913,49.816113706553885],[-97.07233850871644,49.81631325679271],[-97.07260432796542,49.81665301614075],[-97.07288040599985,49.81692429806359],[-97.07301421275366,49.81701815814967],[-97.07312865998462,49.81705090010796],[-97.07323961551532,49.817037217963694],[-97.07338052707543,49.8169396261761],[-97.07356247906046,49.81680041965758],[-97.07361044434226,49.81668167726322],[-97.07357255588094,49.81642069984827],[-97.07352200560975,49.81631732880477],[-97.07337529083382,49.81615243526272],[-97.07333036075806,49.816065934908636],[-97.07335677041851,49.81600925105548],[-97.07341476789752,49.81596596247685],[-97.07353279976437,49.81592869691824],[-97.07365628616144,49.81593055419088],[-97.07387228642222,49.81598641729259],[-97.07422767857555,49.81603404955838],[-97.07453838870464,49.816103681677454],[-97.07492715503223,49.81628105735322],[-97.07510989484652,49.81638926099006],[-97.07524266969764,49.81648338632955],[-97.07538748278076,49.81660818899505],[-97.07538430286013,49.8166883351225],[-97.07503638905627,49.816933477455315],[-97.07492622386754,49.81712638363307],[-97.07495876991418,49.817514680686045],[-97.0749842844801,49.81757481850215],[-97.075054607385,49.817628062946426],[-97.07514215946868,49.81765277815623],[-97.07534761101455,49.81764056838711],[-97.07551376902825,49.81760444494603],[-97.07567102064431,49.81749526684694],[-97.07576891887275,49.8173538571715],[-97.07585177055296,49.816983062817435],[-97.07594711823464,49.81679821723709],[-97.07605494901006,49.816622251541645],[-97.07618889289107,49.816491855273505],[-97.07629477258597,49.8164467448273],[-97.07649667176995,49.816429266453746],[-97.0766270488069,49.816483506940294],[-97.07671452888268,49.81660473409557],[-97.0767623306037,49.81672530254914],[-97.07672835457656,49.816864996775436],[-97.07673369672021,49.81701635625779],[-97.07672547522255,49.81714060496496],[-97.07667501333978,49.81730363332387],[-97.07646007029744,49.81755523776564],[-97.07640814900495,49.81774150241679],[-97.07643877507178,49.817983990981986],[-97.07650539920611,49.81813056285885],[-97.07658988408423,49.81823369014253],[-97.07682803252793,49.81830256199263],[-97.07696146670175,49.8183880984393],[-97.07699002514798,49.818572121933464],[-97.07696619242289,49.81862078325177],[-97.07690427867658,49.81866662407171],[-97.07674134877027,49.81871599569953],[-97.07648020879328,49.818711660635564],[-97.076286260421,49.81874489384649],[-97.07623155026208,49.818798491734505],[-97.07629156251626,49.81890884786673],[-97.07670362075858,49.81905272891617],[-97.07692350618872,49.819088412054604],[-97.07706179810691,49.819051476689424],[-97.07728683526561,49.818951406399904],[-97.07746785924822,49.81894642529825],[-97.07755090515563,49.81897661867166],[-97.07760055382148,49.819037156318636],[-97.07757371415461,49.81921342237758],[-97.07746367649798,49.819349771670055],[-97.07731519508701,49.819440697515546],[-97.07722622184122,49.81946525904834],[-97.07699663256848,49.8194770715671],[-97.07689257664876,49.819462499065935],[-97.07680004242829,49.819468600963724],[-97.0767458410097,49.81950936210936],[-97.07673156761298,49.819571616437116],[-97.07675333177471,49.81963169157439],[-97.07686126890744,49.8197114899089],[-97.07703211469389,49.819800184769534],[-97.07723068424315,49.81985548389247],[-97.07742667229077,49.819877208729274],[-97.07755630376923,49.81985575187503],[-97.07762584943812,49.819820452545315],[-97.07781145536107,49.81960515970981],[-97.07789340225912,49.81935169375362],[-97.0780743859662,49.81925297415254],[-97.07818311646082,49.81924436249717],[-97.07835175443957,49.819348881423295],[-97.07845746262902,49.819524915737105],[-97.07848140332841,49.81973326975728],[-97.078425404806,49.82002257815694],[-97.07838007285635,49.82008327605103],[-97.07817155964486,49.82017251299012],[-97.07771072452728,49.82025131446387],[-97.07735629766262,49.82028535862961],[-97.07711936100768,49.820374122024155],[-97.07706955856891,49.82042571870575],[-97.0770720600785,49.820484432558345],[-97.07711178196196,49.820565288888886],[-97.07746707502251,49.82080726281911],[-97.07786809019939,49.82103298264384],[-97.07790371634,49.82109537054444],[-97.07785544017578,49.821230314523014],[-97.07762113886452,49.82148264139607],[-97.07754333982756,49.82164486928984],[-97.0775823345226,49.82174411356622],[-97.07772950185812,49.82187605096334],[-97.07790806172656,49.82194705923607],[-97.07816358193865,49.82198532078116],[-97.07840839042663,49.821955358111616],[-97.07928933764396,49.82191893049735],[-97.07955598153983,49.821920225806764],[-97.08015419536005,49.821868689828676],[-97.08119230647159,49.82165744619216],[-97.08131110817992,49.821665662688005],[-97.08144330459014,49.82170152755536],[-97.08151761393867,49.821749279214366],[-97.08155214738606,49.82183942173734],[-97.08152387106821,49.82194379990279],[-97.08145447927524,49.82201656921652],[-97.08141531375325,49.8220971236122],[-97.0813399563406,49.82225216903864],[-97.0812234759185,49.82242938158912],[-97.08114104741823,49.82270887974796],[-97.08068083812854,49.823259512021366],[-97.08043883834227,49.823462418358176],[-97.08024841144956,49.823582509927526],[-97.08010008860153,49.823709895146344],[-97.08008738633718,49.82378675714547],[-97.08012355355494,49.82384915327911],[-97.0801980021582,49.82389343633417],[-97.08041771428641,49.823941861897914],[-97.08066993177893,49.82395541382213],[-97.08087663091531,49.82391231638012],[-97.08106088569556,49.823826144546175],[-97.08201206798097,49.8235207584719],[-97.08216588095823,49.823498655197014],[-97.08230297685766,49.823519324519886],[-97.0824063722397,49.82356443241485],[-97.08253883181295,49.82370236927859],[-97.08260833176341,49.82388543816995],[-97.08251870233288,49.82415718024746],[-97.08245852136706,49.82422700763341],[-97.08218815684057,49.824441599220954],[-97.08175659914713,49.824986807929925],[-97.08168480012783,49.82510608833772],[-97.08144804819901,49.82531186101869],[-97.08124728478094,49.825570999509836],[-97.08113302677769,49.82580032469595],[-97.08097858274631,49.82597378367665],[-97.08089125733322,49.826132731352985],[-97.08066807015756,49.82634810079118],[-97.08060666150833,49.82644880529074],[-97.08056895060966,49.82662871062983],[-97.08059432629437,49.82670620342596],[-97.08087957665244,49.826970266660254],[-97.08099125773236,49.82703669055988],[-97.08114718318885,49.82707017346034],[-97.08131432721825,49.82706391264811],[-97.08155453785936,49.8270151096146],[-97.08191835335103,49.82686699803249],[-97.0821295877098,49.826818071452976],[-97.08221479404413,49.82683475737709],[-97.0822894244403,49.82699673371461],[-97.08216665416654,49.82721064336448],[-97.08172203610506,49.827420613665176],[-97.08160835803028,49.82752670243161],[-97.08158623654506,49.827597506651955],[-97.08160249684546,49.827674848284765],[-97.08163850307118,49.82772786754723],[-97.08178232725162,49.82782294384214],[-97.08194222477819,49.82787801395568],[-97.08198275358991,49.82793736292392],[-97.08198358686883,49.82799769002951]]]]}},{"type":"Feature","properties":{"number":"6","community":null,"website":"https://winnipeg.ca/node/42611","name":"Waverley West","asst":null,"clerk_phone":null,"asst_phone":null,"clerk":null,"councillor":"Janice Lukes","phone":"204-986-6824"},"geometry":{"type":"MultiPolygon","coordinates":[[[[-97.18359854932355,49.82735756892989],[-97.19628232220839,49.82298610154021],[-97.20113682522701,49.82123631394065],[-97.20705958197523,49.81921970234764],[-97.20957997770986,49.81838129227876],[-97.21089882717716,49.81793488857617],[-97.2195287027357,49.81501327296108],[-97.22107968898074,49.814369167755785],[-97.21965197605265,49.81436605033748],[-97.2196681067455,49.81229133193439],[-97.21966787594842,49.80697786115071],[-97.21966811497192,49.80635229713731],[-97.21966904928081,49.80500689587487],[-97.21967250002898,49.80295235978666],[-97.21967308593632,49.80248564277795],[-97.21967262896936,49.79978758794317],[-97.21968222666911,49.79751941342524],[-97.21408218473184,49.79748726448959],[-97.21402553941596,49.79084785928385],[-97.21400517975182,49.788461739433146],[-97.21396165051145,49.78273513850431],[-97.21396741703526,49.777508645467464],[-97.21397609439943,49.768653596188045],[-97.21397775134585,49.768105484775056],[-97.18800927437391,49.76817893695774],[-97.18549057133444,49.768230153280555],[-97.18291912658617,49.76846440385721],[-97.18252342669459,49.76854345414389],[-97.18115249180237,49.76881731786464],[-97.17941408912462,49.76922429040806],[-97.17653050763664,49.77009023731181],[-97.17373485340808,49.77107071657078],[-97.16056205698233,49.77567888803428],[-97.1566046962359,49.77706280350866],[-97.15750524768325,49.79132498050229],[-97.1572797497887,49.79683072208084],[-97.1570906560138,49.80142244222855],[-97.15703949226102,49.80266810016471],[-97.1558797945674,49.804912953380615],[-97.15552257385922,49.80503359731626],[-97.15417919886151,49.80548864948597],[-97.15282247876613,49.805948196910215],[-97.15170724157524,49.806325931771674],[-97.15081580281151,49.80662785278659],[-97.15003252161705,49.806893133143056],[-97.14969043811978,49.80700898681149],[-97.14841289628117,49.80744163898614],[-97.14733036904181,49.80780823026372],[-97.14601785954785,49.80825268230797],[-97.1421980913511,49.80954602942826],[-97.1421124316715,49.8095750549124],[-97.14189348099389,49.80965122162739],[-97.14200907264578,49.80978469484291],[-97.14246507563684,49.80997138638717],[-97.14315304145208,49.810207445971905],[-97.14400032510767,49.81059268523213],[-97.14377188862066,49.810668544834314],[-97.14178920961815,49.811339397143165],[-97.14085108827204,49.81165682024862],[-97.1399208878361,49.81197155198035],[-97.13800352977599,49.81262024940128],[-97.13691741076609,49.81300512995223],[-97.13836155242662,49.813302112520674],[-97.13939428740007,49.81360342695674],[-97.14028528733515,49.81413010846087],[-97.14089916735402,49.814558264372614],[-97.14123192578577,49.814965639945726],[-97.1416007918906,49.81560249893189],[-97.14181986498325,49.8162590315725],[-97.14190871645997,49.81684608203716],[-97.1419768925865,49.818394899708856],[-97.1420318575409,49.819069715028476],[-97.14213939336277,49.81982554808465],[-97.14231642550385,49.82054879849675],[-97.14272349498223,49.821641656641624],[-97.14384192308155,49.82145088060281],[-97.14679394845935,49.82094727908208],[-97.15097897334414,49.82012956570853],[-97.15275557864973,49.81987241254268],[-97.15668110300206,49.81867398034956],[-97.16201304718103,49.81841052612684],[-97.16816180042973,49.816321153085724],[-97.17697775872603,49.813324560764336],[-97.17768306789145,49.81415147232208],[-97.17882480299097,49.81544522516605],[-97.17919484383177,49.816106147369716],[-97.1792801071349,49.81723065607631],[-97.17927964595454,49.82239409810527],[-97.1796601560978,49.82868396280829],[-97.18037919391614,49.82979347501426],[-97.18303532186818,49.82754811886308],[-97.18359854932355,49.82735756892989]]]]}},{"type":"Feature","properties":{"number":"5","community":null,"website":"https://winnipeg.ca/node/42608","name":"St. James","asst":null,"clerk_phone":null,"asst_phone":null,"clerk":null,"councillor":"Shawn Dobson","phone":"204-986-5848"},"geometry":{"type":"MultiPolygon","coordinates":[[[[-97.32356817788039,49.88966599999762],[-97.32356863646028,49.889661434856635],[-97.32356910192183,49.889656870006355],[-97.32356957426462,49.889652305451115],[-97.3235700534882,49.889647741195255],[-97.32357053959208,49.88964317724309],[-97.32357103257583,49.889638613598954],[-97.32357153243896,49.889634050267176],[-97.32357203918102,49.88962948725209],[-97.3235725528015,49.88962492455802],[-97.32357307329991,49.889620362189284],[-97.32357360067577,49.88961580015024],[-97.32357413492858,49.88961123844517],[-97.32357467605782,49.88960667707845],[-97.32357522406296,49.889602116054355],[-97.32357577894354,49.889597555377264],[-97.32357634069895,49.88959299505147],[-97.32357690932871,49.88958843508129],[-97.32357748483227,49.88958387547109],[-97.32357806720906,49.88957931622517],[-97.32357865645854,49.88957475734783],[-97.32357925258016,49.88957019884344],[-97.32357985557334,49.88956564071629],[-97.3235804654375,49.88956108297073],[-97.32358108217207,49.88955652561108],[-97.32358170577648,49.88955196864163],[-97.3235823362501,49.889547412066726],[-97.32358297359234,49.88954285589072],[-97.3235836178026,49.88953830011787],[-97.3235842688803,49.88953374475255],[-97.32358492682475,49.88952918979904],[-97.32358559163539,49.88952463526171],[-97.32358626331154,49.889520081144845],[-97.3235869418526,49.88951552745275],[-97.3235876272579,49.8895109741898],[-97.32358831952678,49.88950642136027],[-97.32358901865861,49.889501868968466],[-97.32358972465269,49.88949731701875],[-97.32359043750839,49.88949276551542],[-97.323591157225,49.88948821446279],[-97.32359188380184,49.88948366386518],[-97.32359261723823,49.88947911372691],[-97.32359335753347,49.88947456405228],[-97.32359410468683,49.88947001484562],[-97.32359485869766,49.88946546611125],[-97.32359561956518,49.88946091785346],[-97.3235963872887,49.8894563700766],[-97.32359716186747,49.889451822784956],[-97.32359794330078,49.88944727598285],[-97.32359873158786,49.8894427296746],[-97.32359952672797,49.889438183864506],[-97.32360032872036,49.88943363855689],[-97.32360113756427,49.889429093756064],[-97.3236019532589,49.889424549466334],[-97.32360277580352,49.88942000569201],[-97.32360360519732,49.889415462437405],[-97.32360444143951,49.88941091970682],[-97.32360528452931,49.88940637750458],[-97.32360613446592,49.88940183583498],[-97.3236069912485,49.88939729470234],[-97.32360785487627,49.88939275411096],[-97.32360872534841,49.88938821406514],[-97.32360960266405,49.88938367456918],[-97.32361048682239,49.88937913562743],[-97.3236113778226,49.88937459724414],[-97.3236122756638,49.88937005942365],[-97.32361318034518,49.88936552217026],[-97.32361409186582,49.889360985488246],[-97.32361501022491,49.88935644938196],[-97.32361593542154,49.88935191385565],[-97.32361686745486,49.88934737891367],[-97.32361780632397,49.88934284456027],[-97.32361875202797,49.889338310799786],[-97.32361970456596,49.88933377763653],[-97.32362066393704,49.88932924507476],[-97.32362163014031,49.8893247131188],[-97.32362260317483,49.88932018177295],[-97.32362358303969,49.889315651041514],[-97.32362456973397,49.889311120928774],[-97.3236255632567,49.88930659143902],[-97.32362656360695,49.88930206257657],[-97.32362757078378,49.88929753434571],[-97.32362858478623,49.88929300675074],[-97.32362960561333,49.889288479795944],[-97.32363063326412,49.88928395348562],[-97.32363166773759,49.88927942782408],[-97.3236327090328,49.889274902815586],[-97.32363375714873,49.889270378464445],[-97.3236348120844,49.88926585477494],[-97.32363587383881,49.889261331751385],[-97.32363694241094,49.88925680939805],[-97.32363801779978,49.88925228771922],[-97.3236391000043,49.889247766719215],[-97.3236401890235,49.88924324640228],[-97.3236412848563,49.88923872677273],[-97.32364238750168,49.88923420783486],[-97.3236434969586,49.88922968959293],[-97.32364461322601,49.88922517205123],[-97.32364573630282,49.88922065521407],[-97.323646866188,49.88921613908571],[-97.32364800288045,49.88921162367044],[-97.32364914637911,49.889207108972556],[-97.32365029668286,49.88920259499632],[-97.32365145379065,49.889198081746024],[-97.32365261770134,49.889193569225945],[-97.32365378841386,49.88918905744036],[-97.32365496592708,49.88918454639355],[-97.32365615023988,49.88918003608981],[-97.32365734135114,49.88917552653341],[-97.32365853925971,49.88917101772862],[-97.32365974396448,49.8891665096797],[-97.32366095546429,49.88916200239097],[-97.323662173758,49.88915749586668],[-97.32366339884443,49.88915299011109],[-97.32366463072243,49.889148485128494],[-97.32366586939085,49.889143980923166],[-97.32366711484848,49.88913947749937],[-97.32366836709416,49.88913497486139],[-97.32366962612667,49.889130473013466],[-97.32367089194486,49.88912597195992],[-97.32367216454747,49.889121471704975],[-97.32367344393334,49.889116972252914],[-97.32367473010125,49.889112473607995],[-97.32367602304994,49.88910797577451],[-97.32367732277824,49.8891034787567],[-97.32367862928486,49.889098982558856],[-97.32367994256859,49.889094487185226],[-97.32368126262816,49.889089992640066],[-97.32368258946234,49.88908549892766],[-97.32368392306985,49.88908100605225],[-97.32368526344945,49.889076514018114],[-97.32368661059984,49.889072022829524],[-97.32368796451975,49.88906753249071],[-97.32368932520788,49.88906304300592],[-97.32369069266296,49.88905855437946],[-97.32369206688371,49.88905406661556],[-97.32369344786876,49.889049579718474],[-97.32369483561685,49.88904509369248],[-97.32369623012664,49.889040608541805],[-97.32369763139683,49.88903612427071],[-97.32369903942605,49.88903164088346],[-97.323700454213,49.889027158384295],[-97.32370187575631,49.889022676777486],[-97.32370330405465,49.889018196067255],[-97.32370473910665,49.88901371625789],[-97.32370618091093,49.8890092373536],[-97.32370762946616,49.88900475935865],[-97.32370908477094,49.8890002822773],[-97.32371054682389,49.88899580611378],[-97.32371201562363,49.88899133087234],[-97.32371349116876,49.888986856557224],[-97.32371497345787,49.88898238317268],[-97.32371646248957,49.88897791072295],[-97.32371795826243,49.88897343921228],[-97.32371946077504,49.888968968644896],[-97.32372097002596,49.88896449902504],[-97.32372248601376,49.888960030356984],[-97.32372400873703,49.88895556264494],[-97.32372553819428,49.888951095893134],[-97.32372707438407,49.888946630105835],[-97.32372861730495,49.88894216528724],[-97.32373016695546,49.88893770144161],[-97.32373172333412,49.88893323857317],[-97.32373328643945,49.88892877668617],[-97.32373485626995,49.88892431578483],[-97.32373643282418,49.88891985587337],[-97.32373801610059,49.88891539695604],[-97.3237396060977,49.88891093903705],[-97.32374120281398,49.88890648212064],[-97.32374280624795,49.888902026211035],[-97.32374441639806,49.88889757131246],[-97.3237460332628,49.88889311742915],[-97.32374765684061,49.88888866456531],[-97.32374928712994,49.88888421272519],[-97.32375092412929,49.88887976191299],[-97.32375256783706,49.888875312132946],[-97.32375421825172,49.888870863389265],[-97.32375587537169,49.888866415686174],[-97.3237575391954,49.8888619690279],[-97.32375920972125,49.88885752341865],[-97.32376088694768,49.888853078862645],[-97.32376257087309,49.888848635364084],[-97.32376426149587,49.8888441929272],[-97.32376595881442,49.88883975155622],[-97.32376766282714,49.88883531125533],[-97.3237693735324,49.888830872028755],[-97.32377109092857,49.888826433880695],[-97.32377281501404,49.888821996815366],[-97.32377454578716,49.88881756083698],[-97.32377628324626,49.88881312594975],[-97.32377802738975,49.88880869215787],[-97.32377977821592,49.88880425946553],[-97.32378153572314,49.88879982787698],[-97.32378329990973,49.88879539739638],[-97.32378507077401,49.888790968027955],[-97.3237868483143,49.88878653977591],[-97.32378863252893,49.88878211264443],[-97.32379042341617,49.88877768663772],[-97.32379222097435,49.88877326175999],[-97.32379402520175,49.8887688380154],[-97.32379583609666,49.88876441540819],[-97.32379765365738,49.88875999394253],[-97.32379947788215,49.8887555736226],[-97.32380130876925,49.88875115445264],[-97.32380314631695,49.888746736436815],[-97.3238049905235,49.88874231957931],[-97.32380684138714,49.888737903884305],[-97.32380869890612,49.88873348935602],[-97.3238105630787,49.88872907599862],[-97.32381243390307,49.88872466381628],[-97.32381431137748,49.888720252813215],[-97.32381619550014,49.88871584299359],[-97.32381808626924,49.888711434361596],[-97.32381998368304,49.88870702692141],[-97.32382188773968,49.88870262067721],[-97.32382379843737,49.88869821563318],[-97.32382571577432,49.88869381179349],[-97.32382763974869,49.88868940916233],[-97.32382957035864,49.888685007743874],[-97.32383150760236,49.88868060754227],[-97.323833451478,49.88867620856174],[-97.32383540198371,49.88867181080641],[-97.32383735911766,49.888667414280484],[-97.32383932287797,49.88866301898811],[-97.32384129326279,49.88865862493347],[-97.32384327027023,49.88865423212073],[-97.32384525389844,49.88864984055405],[-97.32384724414551,49.888645450237604],[-97.32384924100957,49.88864106117556],[-97.32385124448871,49.888636673372055],[-97.32385325458104,49.888632286831275],[-97.32385527128463,49.88862790155738],[-97.32385729459759,49.888623517554514],[-97.323859324518,49.888619134826854],[-97.32386136104391,49.88861475337854],[-97.3238634041734,49.888610373213744],[-97.32386545390453,49.888605994336615],[-97.32386751023537,49.88860161675128],[-97.32386957316393,49.888597240461934],[-97.32387164268829,49.8885928654727],[-97.32387371880647,49.88858849178775],[-97.3238758015165,49.8885841194112],[-97.32387789081639,49.888579748347226],[-97.32387998670416,49.88857537859996],[-97.32388208917784,49.88857101017356],[-97.32388419823542,49.888566643072146],[-97.3238863138749,49.888562277299876],[-97.32388843609426,49.88855791286089],[-97.32389056489151,49.88855354975932],[-97.32389270026462,49.888549187999324],[-97.32389484221154,49.88854482758502],[-97.32389699073028,49.888540468520546],[-97.32389914581876,49.888536110810044],[-97.32390130747494,49.88853175445763],[-97.3239034756968,49.88852739946746],[-97.32390565048225,49.888523045843655],[-97.32390783182922,49.888518693590356],[-97.32391001973566,49.888514342711645],[-97.32391221419951,49.88850999321171],[-97.32391441521864,49.888505645094625],[-97.32391662279099,49.88850129836456],[-97.32391883691446,49.8884969530256],[-97.32392105758694,49.88849260908188],[-97.32392328480634,49.88848826653753],[-97.32392551857053,49.88848392539666],[-97.3239277588774,49.88847958566338],[-97.32393000572482,49.88847524734183],[-97.32393225911063,49.88847091043609],[-97.32393451903275,49.88846657495031],[-97.32393678548898,49.88846224088857],[-97.3239390584772,49.888457908255],[-97.32394133799522,49.88845357705371],[-97.32394362404092,49.888449247288804],[-97.3239459166121,49.88844491896437],[-97.3239482157066,49.888440592084535],[-97.3239505213222,49.888436266653414],[-97.32395283345677,49.8884319426751],[-97.32395515210808,49.888427620153664],[-97.32395747727394,49.88842329909324],[-97.32395980895213,49.888418979497914],[-97.32396214714045,49.8884146613718],[-97.32396449183666,49.88841034471896],[-97.32396684303856,49.88840602954351],[-97.32396920074392,49.888401715849554],[-97.32397156495047,49.88839740364117],[-97.32397393565599,49.888393092922435],[-97.32397631285822,49.888388783697465],[-97.32397869655493,49.88838447597031],[-97.32398108674381,49.88838016974511],[-97.32398348342264,49.88837586502591],[-97.32398588658911,49.88837156181678],[-97.32398829624096,49.88836726012183],[-97.32399071237589,49.888362959945134],[-97.32399313499161,49.88835866129077],[-97.32399556408582,49.88835436416282],[-97.32399799965621,49.88835006856536],[-97.32400044170049,49.88834577450245],[-97.32400289021632,49.88834148197816],[-97.32400534520137,49.888337190996594],[-97.32400780665334,49.888332901561775],[-97.32401027456986,49.888328613677814],[-97.32401274894862,49.888324327348755],[-97.32401522978724,49.88832004257866],[-97.3240177170834,49.888315759371615],[-97.32402021083469,49.88831147773167],[-97.3240227110388,49.888307197662876],[-97.32402521769329,49.88830291916931],[-97.32402773079586,49.88829864225502],[-97.32403025034407,49.888294366924065],[-97.32403277633554,49.8882900931805],[-97.32403530876788,49.888285821028376],[-97.32403784763868,49.888281550471746],[-97.32404039294553,49.88827728151466],[-97.32404294468601,49.888273014161186],[-97.32404550285773,49.88826874841533],[-97.32404806745821,49.88826448428117],[-97.32405063848505,49.888260221762756],[-97.3240532159358,49.88825596086411],[-97.32405579980802,49.888251701589276],[-97.32405839009925,49.8882474439423],[-97.32406098680704,49.88824318792721],[-97.32406358992891,49.88823893354806],[-97.32406619946242,49.88823468080888],[-97.32406881540506,49.888230429713694],[-97.32407143775436,49.88822618026654],[-97.32407406650782,49.88822193247145],[-97.32407670166297,49.888217686332446],[-97.32407934321729,49.88821344185357],[-97.32408199116828,49.88820919903884],[-97.32408464551342,49.88820495789227],[-97.3240873062502,49.8882007184179],[-97.3240899733761,49.88819648061973],[-97.32409264688856,49.888192244501795],[-97.32409532678508,49.88818801006812],[-97.3240980130631,49.8881837773227],[-97.32410070572006,49.88817954626957],[-97.3241034047534,49.88817531691273],[-97.32410611016059,49.88817108925619],[-97.32410882193903,49.88816686330397],[-97.32411154008618,49.88816263906006],[-97.32411426459943,49.88815841652849],[-97.32411699547619,49.88815419571325],[-97.3241197327139,49.88814997661835],[-97.32412247630994,49.88814575924779],[-97.32412522626171,49.88814154360557],[-97.32412798256661,49.88813732969569],[-97.324130745222,49.888133117522145],[-97.3241335142253,49.88812890708891],[-97.32413628957383,49.88812469840001],[-97.324139071265,49.888120491459425],[-97.32414185929613,49.88811628627115],[-97.3241446536646,49.88811208283915],[-97.32414745436778,49.88810788116745],[-97.32415026140298,49.88810368126002],[-97.32415307476751,49.88809948312081],[-97.32415589445876,49.88809528675385],[-97.32415872047402,49.888091092163094],[-97.32416155281061,49.88808689935254],[-97.32416439146584,49.888082708326145],[-97.32416723643703,49.88807851908788],[-97.32508488566596,49.88672901784295],[-97.32508589213194,49.88672753711543],[-97.3250868979556,49.886726056205724],[-97.32508790313689,49.88672457511398],[-97.3250889076757,49.88672309384029],[-97.32508991157201,49.886721612384775],[-97.32509091482568,49.88672013074755],[-97.32509191743667,49.886718648928735],[-97.32509291940487,49.88671716692845],[-97.32509392073023,49.88671568474681],[-97.32509492141266,49.88671420238393],[-97.32509592145207,49.88671271983992],[-97.32509692084841,49.8867112371149],[-97.32509791960157,49.886709754208994],[-97.32509891771149,49.88670827112231],[-97.3250999151781,49.88670678785496],[-97.3251009120013,49.88670530440709],[-97.32510190818101,49.88670382077878],[-97.32510290371718,49.886702336970146],[-97.32510389860971,49.886700852981335],[-97.32510489285852,49.88669936881244],[-97.32510588646355,49.88669788446359],[-97.32510687942471,49.88669639993489],[-97.3251078717419,49.88669491522647],[-97.32510886341508,49.88669343033843],[-97.32510985444416,49.886691945270925],[-97.32511084482907,49.88669046002402],[-97.32511183456971,49.88668897459785],[-97.32511282366602,49.88668748899255],[-97.3251138121179,49.88668600320822],[-97.32511479992532,49.88668451724497],[-97.32511578708814,49.88668303110295],[-97.32511677360633,49.88668154478222],[-97.32511775947978,49.886680058282955],[-97.32511874470846,49.88667857160524],[-97.32511972929224,49.88667708474919],[-97.32512071323106,49.88667559771495],[-97.32512169652486,49.8866741105026],[-97.32512267917353,49.88667262311228],[-97.32512366117703,49.8866711355441],[-97.32512464253527,49.88666964779818],[-97.32512562324817,49.886668159874624],[-97.32512660331564,49.88666667177357],[-97.32512758273761,49.88666518349511],[-97.32512856151403,49.886663695039395],[-97.32512953964478,49.8866622064065],[-97.32513051712982,49.886660717596584],[-97.32513149396905,49.88665922860974],[-97.3251324701624,49.88665773944608],[-97.32513344570981,49.88665625010573],[-97.32513442061116,49.88665476058881],[-97.32513539486642,49.88665327089544],[-97.3251363684755,49.88665178102571],[-97.32513734143832,49.88665029097977],[-97.32513831375479,49.886648800757726],[-97.32513928542485,49.886647310359706],[-97.3251402564484,49.8866458197858],[-97.32514122682542,49.88664432903614],[-97.32514219655577,49.886642838110845],[-97.32514316563943,49.88664134701002],[-97.32514413407628,49.8866398557338],[-97.32514510186626,49.88663836428229],[-97.32514606900929,49.886636872655615],[-97.3251470355053,49.88663538085389],[-97.32514800135421,49.88663388887723],[-97.32514896655594,49.88663239672575],[-97.32514993111043,49.88663090439956],[-97.32515089501759,49.8866294118988],[-97.32515185827735,49.88662791922358],[-97.32515282088963,49.886626426373994],[-97.32515378285436,49.88662493335019],[-97.32515474417147,49.88662344015226],[-97.32515570484087,49.886621946780345],[-97.32515666486249,49.88662045323454],[-97.32515762423625,49.88661895951498],[-97.3251585829621,49.886617465621775],[-97.32515954103992,49.88661597155504],[-97.32516049846969,49.8866144773149],[-97.32516145525128,49.88661298290146],[-97.32516241138465,49.88661148831485],[-97.32516336686972,49.886609993555176],[-97.32516432170641,49.88660849862255],[-97.32516527589463,49.88660700351711],[-97.32516622943433,49.886605508238986],[-97.32516718232544,49.88660401278825],[-97.32516813456785,49.886602517165045],[-97.32516908616151,49.88660102136949],[-97.32517003710635,49.8865995254017],[-97.32517098740229,49.88659802926178],[-97.32517193704923,49.88659653294987],[-97.32517288604714,49.88659503646609],[-97.32517383439591,49.88659353981053],[-97.32517478209549,49.88659204298331],[-97.32517572914578,49.88659054598457],[-97.32517667554673,49.88658904881441],[-97.32517762129825,49.88658755147295],[-97.32517856640028,49.886586053960315],[-97.32517951085272,49.886584556276624],[-97.32518045465554,49.886583058422],[-97.32518139780862,49.88658156039653],[-97.32518234031191,49.88658006220036],[-97.32518328216534,49.88657856383361],[-97.32518422336882,49.88657706529638],[-97.32518516392228,49.88657556658878],[-97.32518610382566,49.88657406771097],[-97.32518704307886,49.88657256866303],[-97.32518798168184,49.886571069445075],[-97.3251889196345,49.88656957005725],[-97.32518985693677,49.88656807049965],[-97.32519079358859,49.886566570772416],[-97.32519172958987,49.88656507087564],[-97.32519266494054,49.88656357080946],[-97.32519359964054,49.88656207057397],[-97.32519453368981,49.886560570169316],[-97.32519546708822,49.8865590695956],[-97.32519639983575,49.886557568852936],[-97.3251973319323,49.88655606794145],[-97.3251982633778,49.88655456686126],[-97.32519919417219,49.886553065612475],[-97.32520012431539,49.88655156419522],[-97.32520105380732,49.886550062609615],[-97.32520198264793,49.886548560855786],[-97.3252029108371,49.886547058933836],[-97.32520383837482,49.886545556843885],[-97.32520476526095,49.886544054586054],[-97.32520569149547,49.886542552160456],[-97.3252066170783,49.88654104956722],[-97.32520754200935,49.88653954680645],[-97.32520846628854,49.886538043878275],[-97.32520938991583,49.886536540782814],[-97.32521031289112,49.886535037520176],[-97.32521123521433,49.88653353409048],[-97.32521215688543,49.88653203049386],[-97.32521307790431,49.88653052673042],[-97.32521399827091,49.886529022800275],[-97.32521491798516,49.886527518703545],[-97.32521583704698,49.88652601444035],[-97.32521675545631,49.88652451001081],[-97.32521767321306,49.88652300541504],[-97.32521859031718,49.886521500653174],[-97.32521950676858,49.8865199957253],[-97.32522042256718,49.886518490631566],[-97.32522133771296,49.886516985372076],[-97.32522225220579,49.88651547994694],[-97.32522316604562,49.8865139743563],[-97.32522407923237,49.886512468600245],[-97.32522499176599,49.886510962678905],[-97.32522590364638,49.88650945659242],[-97.3252268148735,49.88650795034087],[-97.32522772544725,49.886506443924404],[-97.32522863536758,49.88650493734312],[-97.32522954463441,49.886503430597166],[-97.32523045324766,49.88650192368662],[-97.32523136120726,49.88650041661164],[-97.32523226851315,49.88649890937229],[-97.32523317516525,49.88649740196876],[-97.3252340811635,49.886495894401115],[-97.32523498650782,49.88649438666949],[-97.32523589119815,49.88649287877401],[-97.32523679523439,49.886491370714765],[-97.32523769861649,49.88648986249191],[-97.3252386013444,49.88648835410555],[-97.325239503418,49.8864868455558],[-97.32524040483726,49.886485336842775],[-97.32524130560208,49.886483827966615],[-97.32524220571243,49.8864823189274],[-97.3252431051682,49.886480809725285],[-97.32524400396933,49.88647930036037],[-97.32524490211576,49.88647779083278],[-97.3252457996074,49.886476281142635],[-97.32524669644421,49.88647477129003],[-97.32524759262608,49.88647326127512],[-97.32524848815298,49.88647175109801],[-97.32524938302481,49.88647024075881],[-97.32525027724152,49.886468730257654],[-97.32525117080303,49.886467219594635],[-97.32525206370926,49.8864657087699],[-97.32525295596015,49.88646419778356],[-97.32525384755564,49.88646268663571],[-97.32525473849566,49.88646117532648],[-97.32525562878011,49.88645966385602],[-97.32525651840895,49.88645815222442],[-97.3252574073821,49.8864566404318],[-97.32525829569948,49.886455128478296],[-97.32525918336104,49.88645361636399],[-97.32526007036671,49.88645210408904],[-97.32526095671639,49.88645059165354],[-97.32526184241006,49.88644907905761],[-97.32526272744761,49.8864475663014],[-97.32526361182897,49.88644605338499],[-97.32526449555411,49.8864445403085],[-97.32526537862293,49.886443027072076],[-97.32526626103535,49.886441513675834],[-97.32526714279133,49.886440000119876],[-97.32526802389079,49.88643848640432],[-97.32526890433364,49.886436972529296],[-97.32526978411984,49.88643545849491],[-97.32527066324931,49.88643394430131],[-97.32527154172197,49.88643242994858],[-97.3252724195378,49.88643091543685],[-97.32527329669665,49.88642940076627],[-97.32527417319851,49.88642788593689],[-97.3252750490433,49.886426370948904],[-97.32527592423094,49.88642485580238],[-97.32527679876137,49.88642334049746],[-97.32527767263453,49.886421825034255],[-97.32527854585032,49.8864203094129],[-97.32527941840871,49.886418793633474],[-97.3252802903096,49.88641727769615],[-97.32528116155295,49.88641576160101],[-97.32528203213866,49.88641424534817],[-97.3252829020667,49.88641272893777],[-97.32528377133697,49.88641121236993],[-97.32528463994942,49.886409695644744],[-97.32528550790396,49.88640817876235],[-97.32528637520055,49.88640666172288],[-97.32528724183909,49.88640514452643],[-97.32528810781955,49.886403627173124],[-97.32528897314184,49.886402109663074],[-97.32528983780587,49.88640059199642],[-97.32529070181162,49.88639907417327],[-97.325291565159,49.88639755619374],[-97.32529242784794,49.886396038057946],[-97.32529328987836,49.88639451976602],[-97.32529415125022,49.886393001318076],[-97.32529501196342,49.886391482714224],[-97.32529587201793,49.886389963954606],[-97.32529673141364,49.88638844503933],[-97.32529759015054,49.88638692596849],[-97.32529844822851,49.88638540674224],[-97.32529930564749,49.88638388736069],[-97.32530016240743,49.88638236782395],[-97.32530101850827,49.886380848132134],[-97.32530187394993,49.886379328285386],[-97.32530272873231,49.88637780828382],[-97.3253035828554,49.886376288127536],[-97.32530443631912,49.886374767816655],[-97.32530528912336,49.88637324735132],[-97.3253061412681,49.88637172673164],[-97.32530699275327,49.886370205957725],[-97.32530784357877,49.88636868502969],[-97.32530869374456,49.88636716394766],[-97.32530954325057,49.886365642711795],[-97.32531039209672,49.88636412132215],[-97.32531124028297,49.88636259977887],[-97.32531208780924,49.886361078082096],[-97.32531293467545,49.88635955623191],[-97.32531378088154,49.88635803422847],[-97.32531462642746,49.88635651207186],[-97.32531547131312,49.88635498976223],[-97.32531631553847,49.88635346729967],[-97.32531715910343,49.88635194468432],[-97.32531800200796,49.8863504219163],[-97.32531884425197,49.88634889899572],[-97.3253196858354,49.8863473759227],[-97.32532052675818,49.88634585269737],[-97.32532136702027,49.88634432931985],[-97.32532220662156,49.88634280579023],[-97.325323045562,49.88634128210867],[-97.32532388384155,49.886339758275255],[-97.32532472146012,49.88633823429014],[-97.32532555841765,49.886336710153415],[-97.32532639471407,49.886335185865214],[-97.32532723034932,49.88633366142567],[-97.32532806532333,49.886332136834845],[-97.32532889963603,49.886330612092934],[-97.32532973328739,49.88632908720001],[-97.32533056627729,49.88632756215621],[-97.3253313986057,49.886326036961655],[-97.32533223027255,49.88632451161644],[-97.32533306127776,49.88632298612071],[-97.32533389162128,49.88632146047459],[-97.32533472130305,49.88631993467817],[-97.32533555032299,49.88631840873161],[-97.32533637868103,49.886316882635],[-97.32533720637713,49.886315356388465],[-97.3253380334112,49.886313829992126],[-97.32533885978317,49.886312303446104],[-97.325339685493,49.88631077675052],[-97.32534051054064,49.886309249905494],[-97.32534133492597,49.886307722911155],[-97.32534215864898,49.88630619576761],[-97.32534298170957,49.88630466847498],[-97.32534380410767,49.88630314103337],[-97.32534462584327,49.886301613442924],[-97.32534544691624,49.88630008570376],[-97.32534626732655,49.886298557816005],[-97.32534708707414,49.88629702977974],[-97.32534790615892,49.88629550159514],[-97.32534872458085,49.886293973262276],[-97.32534954233985,49.8862924447813],[-97.32535035943586,49.886290916152326],[-97.32535117586883,49.88628938737545],[-97.32535199163867,49.88628785845083],[-97.32535280674533,49.88628632937856],[-97.32535362118875,49.88628480015876],[-97.32535443496887,49.88628327079158],[-97.32535524808561,49.88628174127709],[-97.32535606053892,49.88628021161546],[-97.32535687232873,49.886278681806765],[-97.32535768345497,49.88627715185116],[-97.32535849391759,49.88627562174875],[-97.32535930371652,49.88627409149966],[-97.3253601128517,49.886272561104015],[-97.32536092132305,49.886271030561915],[-97.32536172913053,49.8862694998735],[-97.32536253627407,49.88626796903889],[-97.32536334275359,49.886266438058186],[-97.32536414856905,49.88626490693154],[-97.32536495372037,49.88626337565904],[-97.3253657582075,49.88626184424081],[-97.32536656203037,49.886260312677],[-97.32536736518891,49.886258780967694],[-97.32536816768307,49.886257249113044],[-97.32536896951277,49.88625571711315],[-97.32536977067797,49.88625418496812],[-97.3253705711786,49.886252652678124],[-97.32537137101457,49.88625112024323],[-97.32537217018586,49.886249587663585],[-97.32537296869238,49.88624805493928],[-97.32537376653406,49.88624652207049],[-97.32537456371087,49.88624498905728],[-97.32537536022272,49.88624345589981],[-97.32537615606957,49.886241922598174],[-97.32537695125134,49.886240389152505],[-97.32537774576795,49.88623885556292],[-97.3253785396194,49.88623732182954],[-97.32537933280554,49.8862357879525],[-97.32538012532639,49.88623425393189],[-97.32538091718185,49.886232719767854],[-97.32538170837185,49.8862311854605],[-97.32538249889633,49.88622965100996],[-97.32538328875526,49.88622811641635],[-97.32538407794854,49.88622658167977],[-97.32538486647613,49.88622504680036],[-97.32538565433795,49.88622351177826],[-97.32538644153395,49.88622197661356],[-97.32538722806409,49.886220441306406],[-97.32538801392826,49.88621890585688],[-97.32538879912643,49.88621737026514],[-97.32538958365853,49.886215834531285],[-97.3253903675245,49.886214298655446],[-97.3253911507243,49.88621276263775],[-97.32539193325783,49.8862112264783],[-97.32539271512505,49.886209690177225],[-97.32539349632589,49.88620815373465],[-97.3253942768603,49.88620661715069],[-97.32539505672821,49.88620508042547],[-97.32539583592957,49.886203543559084],[-97.3253966144643,49.88620200655171],[-97.32539739233235,49.88620046940341],[-97.32539816953367,49.88619893211435],[-97.32539894606816,49.886197394684615],[-97.32539972193581,49.886195857114345],[-97.32540049713653,49.88619431940366],[-97.32540127167027,49.88619278155268],[-97.32540204553696,49.88619124356153],[-97.32540281873655,49.8861897054303],[-97.32540359126895,49.88618816715915],[-97.32540436313414,49.8861866287482],[-97.32540564624335,49.88618406812094],[-97.32540692750406,49.886181507107324],[-97.32540820691598,49.8861789457079],[-97.32540948447883,49.88617638392324],[-97.32541076019233,49.886173821753886],[-97.32541203405621,49.886171259200395],[-97.32541330607017,49.886168696263326],[-97.32541457623398,49.886166132943245],[-97.32541584454734,49.8861635692407],[-97.32541711100995,49.886161005156254],[-97.32541837562157,49.886158440690465],[-97.3254196383819,49.886155875843876],[-97.32542089929069,49.886153310617075],[-97.32542215834765,49.886150745010596],[-97.3254234155525,49.88614817902499],[-97.325424670905,49.88614561266084],[-97.32542592440483,49.88614304591871],[-97.32542717605175,49.88614047879912],[-97.32542842584549,49.886137911302654],[-97.32542967378575,49.886135343429864],[-97.32543091987229,49.88613277518132],[-97.32543216410483,49.88613020655757],[-97.32543340648307,49.88612763755916],[-97.32543464700679,49.88612506818667],[-97.32543588567569,49.88612249844067],[-97.3254371224895,49.886119928321676],[-97.32543835744796,49.88611735783029],[-97.32543959055081,49.886114786967035],[-97.32544082179777,49.88611221573251],[-97.32544205118857,49.88610964412723],[-97.32544327872296,49.88610707215178],[-97.32544450440065,49.88610449980671],[-97.32544572822138,49.88610192709261],[-97.3254469501849,49.88609935400999],[-97.32544817029093,49.88609678055946],[-97.3254493885392,49.886094206741525],[-97.32545060492947,49.886091632556806],[-97.32545181946145,49.886089058005815],[-97.32545303213487,49.886086483089116],[-97.32545424294949,49.88608390780729],[-97.32545545190504,49.8860813321609],[-97.32545665900128,49.886078756150496],[-97.3254578642379,49.886076179776616],[-97.32545906761466,49.886073603039854],[-97.32546026913131,49.886071025940765],[-97.32546146878757,49.8860684484799],[-97.3254626665832,49.8860658706578],[-97.32546386251792,49.88606329247507],[-97.3254650565915,49.886060713932245],[-97.32546624880362,49.88605813502989],[-97.32546743915408,49.88605555576857],[-97.32546862764262,49.88605297614883],[-97.32546981426894,49.88605039617125],[-97.32547099903282,49.886047815836385],[-97.32547218193397,49.8860452351448],[-97.32547336297216,49.88604265409703],[-97.32547454214713,49.88604007269366],[-97.32547571945861,49.886037490935266],[-97.32547689490636,49.88603490882238],[-97.32547806849011,49.88603232635559],[-97.32547924020963,49.88602974353544],[-97.32548041006463,49.88602716036249],[-97.32548157805488,49.8860245768373],[-97.32548274418012,49.886021992960465],[-97.32548390844009,49.88601940873249],[-97.32548507083455,49.886016824154],[-97.32548623136324,49.8860142392255],[-97.32548739002591,49.88601165394758],[-97.3254885468223,49.88600906832082],[-97.32548970175218,49.88600648234575],[-97.32549085481527,49.88600389602295],[-97.32549200601134,49.88600130935298],[-97.32549315534014,49.88599872233638],[-97.3254943028014,49.88599613497376],[-97.3254954483949,49.88599354726565],[-97.32549659212037,49.88599095921261],[-97.32549773397758,49.88598837081523],[-97.32549887396625,49.88598578207402],[-97.32550001208617,49.885983192989606],[-97.32550114833707,49.885980603562516],[-97.32550228271869,49.88597801379333],[-97.32550341523083,49.885975423682595],[-97.3255045458732,49.885972833230866],[-97.32550567464557,49.88597024243874],[-97.3255068015477,49.88596765130674],[-97.32550792657933,49.88596505983548],[-97.32550904974025,49.88596246802548],[-97.32551017103016,49.88595987587732],[-97.32551129044886,49.88595728339157],[-97.3255124079961,49.885954690568774],[-97.32551352367163,49.885952097409515],[-97.32551463747521,49.88594950391434],[-97.32551574940659,49.885946910083845],[-97.32551685946557,49.885944315918564],[-97.32551796765183,49.885941721419066],[-97.3255190739652,49.88593912658592],[-97.3255201784054,49.885936531419695],[-97.32552128097221,49.88593393592094],[-97.32552238166538,49.885931340090245],[-97.32552348048469,49.885928743928154],[-97.32552457742987,49.885926147435235],[-97.3255256725007,49.88592355061206],[-97.32552676569696,49.88592095345918],[-97.32552785701839,49.885918355977175],[-97.32552894646473,49.885915758166604],[-97.3255300340358,49.88591316002803],[-97.32553111973131,49.885910561562014],[-97.32553220355105,49.885907962769146],[-97.32553328549479,49.88590536364995],[-97.32553436556228,49.88590276420502],[-97.3255354437533,49.885900164434915],[-97.3255365200676,49.88589756434021],[-97.32553759450495,49.885894963921444],[-97.32553866706515,49.88589236317922],[-97.3255397377479,49.88588976211408],[-97.32554080655302,49.88588716072658],[-97.32554187348026,49.885884559017306],[-97.32554293852941,49.885881956986815],[-97.3255440017002,49.885879354635684],[-97.32554506299242,49.88587675196446],[-97.32554612240584,49.88587414897373],[-97.32554717994024,49.88587154566403],[-97.32554823559536,49.88586894203595],[-97.325549289371,49.885866338090054],[-97.32555034126692,49.885863733826916],[-97.32555139128289,49.88586112924707],[-97.32555243941867,49.88585852435113],[-97.32555348567408,49.88585591913964],[-97.32555453004883,49.88585331361315],[-97.32555557254273,49.88585070777224],[-97.32555661315556,49.88584810161749],[-97.32555765188705,49.88584549514944],[-97.32555868873702,49.88584288836868],[-97.32555972370523,49.88584028127576],[-97.32556075679145,49.885837673871265],[-97.32556178799545,49.88583506615576],[-97.32556281731704,49.88583245812979],[-97.32556384475595,49.885829849793936],[-97.325564870312,49.88582724114878],[-97.32556589398493,49.88582463219488],[-97.32556691577453,49.88582202293278],[-97.32556793568058,49.88581941336307],[-97.32556895370287,49.88581680348633],[-97.32556996984117,49.885814193303105],[-97.32557098409525,49.88581158281396],[-97.3255719964649,49.885808972019476],[-97.3255730069499,49.88580636092023],[-97.32557401555003,49.88580374951677],[-97.32557502226507,49.885801137809665],[-97.3255760270948,49.885798525799494],[-97.325577030039,49.88579591348683],[-97.32557803109745,49.88579330087222],[-97.32557903026994,49.88579068795625],[-97.32558002755626,49.88578807473948],[-97.32558102295617,49.88578546122249],[-97.32558201646947,49.885782847405835],[-97.32558300809595,49.885780233290085],[-97.32558399783538,49.885777618875814],[-97.32558498568756,49.885775004163584],[-97.32558597165226,49.88577238915398],[-97.32558695572926,49.88576977384753],[-97.32558793791839,49.88576715824486],[-97.32558891821937,49.8857645423465],[-97.32558989663204,49.88576192615303],[-97.32559087315617,49.88575930966502],[-97.32559184779154,49.885756692883035],[-97.32559282053796,49.88575407580765],[-97.32559379139519,49.88575145843943],[-97.32559476036305,49.885748840778945],[-97.3255957274413,49.88574622282676],[-97.32559669262976,49.885743604583446],[-97.32559765592818,49.88574098604959],[-97.32559861733638,49.88573836722574],[-97.32559957685416,49.885735748112474],[-97.3256005344813,49.88573312871037],[-97.32560149021758,49.885730509019965],[-97.3256024440628,49.88572788904187],[-97.32560339601676,49.885725268776625],[-97.32560434607925,49.88572264822483],[-97.32560529425005,49.885720027387016],[-97.32560624052897,49.88571740626379],[-97.32560718491581,49.88571478485568],[-97.32560812741033,49.88571216316332],[-97.32560906801237,49.88570954118722],[-97.32561000672172,49.88570691892798],[-97.32561094353815,49.88570429638615],[-97.32561187846147,49.885701673562316],[-97.32561281149145,49.885699050457056],[-97.32561374262795,49.88569642707093],[-97.32561467187071,49.8856938034045],[-97.32561559921956,49.88569117945835],[-97.32561652467429,49.88568855523305],[-97.32561744823468,49.88568593072917],[-97.32561836990057,49.885683305947275],[-97.3256192896717,49.88568068088792],[-97.32562020754794,49.885678055551715],[-97.32562112352905,49.8856754299392],[-97.32562203761483,49.88567280405097],[-97.3256229498051,49.88567017788759],[-97.32562386009964,49.88566755144961],[-97.32562476849827,49.88566492473762],[-97.32562567500078,49.88566229775217],[-97.32562657960699,49.88565967049387],[-97.32562748231669,49.88565704296326],[-97.32562838312968,49.88565441516092],[-97.32562928204578,49.885651787087426],[-97.32563017906479,49.885649158743355],[-97.32563107418649,49.885646530129264],[-97.32563196741071,49.88564390124573],[-97.32563285873728,49.885641272093316],[-97.32563374816596,49.88563864267262],[-97.32563463569659,49.88563601298418],[-97.32563552132895,49.88563338302859],[-97.32563640506287,49.88563075280643],[-97.32563728689814,49.88562812231825],[-97.3256381668346,49.88562549156463],[-97.325639044872,49.88562286054615],[-97.32563992101021,49.88562022926338],[-97.32564079524902,49.88561759771688],[-97.32564166758822,49.88561496590722],[-97.32564253802764,49.885612333835],[-97.3256434065671,49.88560970150077],[-97.3256442732064,49.88560706890512],[-97.32564513794533,49.8856044360486],[-97.32564600078373,49.885601802931795],[-97.32564686172142,49.88559916955527],[-97.32564772075818,49.88559653591962],[-97.32564857789386,49.88559390202539],[-97.32564943312825,49.88559126787317],[-97.32565028646117,49.88558863346352],[-97.32565113789244,49.88558599879702],[-97.32565198742186,49.885583363874254],[-97.32565283504925,49.88558072869577],[-97.32565368077445,49.885578093262176],[-97.32565452459724,49.88557545757401],[-97.32565536651748,49.885572821631875],[-97.32565620653494,49.88557018543631],[-97.32565704464947,49.88556754898792],[-97.32565788086087,49.88556491228728],[-97.32565871516897,49.88556227533493],[-97.32565954757358,49.88555963813146],[-97.32566037807453,49.88555700067746],[-97.32566120667164,49.885554362973494],[-97.32566203336472,49.88555172502012],[-97.32566285815359,49.88554908681794],[-97.32566368103807,49.88554644836749],[-97.325664502018,49.885543809669386],[-97.32566532109317,49.885541170724174],[-97.32566613826344,49.88553853153244],[-97.3256669535286,49.88553589209475],[-97.3256677668885,49.88553325241169],[-97.32566857834294,49.88553061248382],[-97.32566938789176,49.885527972311706],[-97.32567019553477,49.88552533189596],[-97.3256710012718,49.88552269123712],[-97.32567180510269,49.88552005033577],[-97.32567260702724,49.8855174091925],[-97.32567340704529,49.88551476780788],[-97.32567420515667,49.88551212618246],[-97.3256750013612,49.885509484316835],[-97.32567579565871,49.885506842211576],[-97.32567658804903,49.88550419986727],[-97.32567737853198,49.885501557284464],[-97.3256781671074,49.88549891446375],[-97.3256789537751,49.8854962714057],[-97.32567973853493,49.8854936281109],[-97.3256805213867,49.88549098457992],[-97.32568130233025,49.88548834081331],[-97.32568208136543,49.88548569681167],[-97.32568285849203,49.88548305257557],[-97.3256836337099,49.885480408105586],[-97.3256844070189,49.8854777634023],[-97.32568517841881,49.88547511846627],[-97.32568594790952,49.88547247329807],[-97.3256867154908,49.88546982789831],[-97.32568748116253,49.885467182267526],[-97.32568824492454,49.885464536406324],[-97.32568900677663,49.885461890315256],[-97.32568976671868,49.88545924399491],[-97.32569052475048,49.885456597445845],[-97.32569128087192,49.885453950668655],[-97.32569203508278,49.88545130366391],[-97.32569278738293,49.88544865643218],[-97.3256935377722,49.885446008974064],[-97.32569428625041,49.8854433612901],[-97.32569503281744,49.885440713380895],[-97.32569577747307,49.885438065247016],[-97.32569652021719,49.885435416889024],[-97.32569726104961,49.885432768307524],[-97.32569799997017,49.88543011950307],[-97.32569873697872,49.88542747047623],[-97.32569947207509,49.88542482122761],[-97.32570020525914,49.88542217175776],[-97.3257009365307,49.88541952206728],[-97.3257016658896,49.885416872156725],[-97.32570239333567,49.88541422202669],[-97.3257031188688,49.88541157167772],[-97.32570384248879,49.885408921110425],[-97.32570456419552,49.885406270325376],[-97.32570528398878,49.88540361932313],[-97.32570600186847,49.88540096810428],[-97.3257067178344,49.8853983166694],[-97.32570743188641,49.88539566501907],[-97.32570814402438,49.88539301315386],[-97.32570885424812,49.88539036107434],[-97.32570956255749,49.8853877087811],[-97.32571026895235,49.88538505627472],[-97.32571097343252,49.88538240355575],[-97.32571167599785,49.88537975062481],[-97.32571237664823,49.88537709748245],[-97.32571307538345,49.88537444412923],[-97.32571377220339,49.88537179056577],[-97.32571446710789,49.885369136792605],[-97.3257151600968,49.885366482810355],[-97.32571585116997,49.88536382861955],[-97.32571654032725,49.88536117422081],[-97.3257172275685,49.88535851961469],[-97.32571791289357,49.88535586480177],[-97.3257185963023,49.88535320978262],[-97.32571927779452,49.885350554557846],[-97.32571995737013,49.88534789912798],[-97.32572063502894,49.88534524349364],[-97.32572131077086,49.88534258765539],[-97.32572198459567,49.88533993161381],[-97.32572265650327,49.885337275369466],[-97.32572332649352,49.88533461892293],[-97.32572399456625,49.88533196227482],[-97.3257246607213,49.88532930542567],[-97.32572532495857,49.885326648376086],[-97.3257259872779,49.885323991126626],[-97.32572664767915,49.885321333677894],[-97.32572730616214,49.88531867603044],[-97.32572796272677,49.88531601818485],[-97.32572861737289,49.88531336014171],[-97.32572927010034,49.88531070190159],[-97.32572992090898,49.88530804346507],[-97.3257305697987,49.88530538483275],[-97.32573121676933,49.88530272600516],[-97.32573186182073,49.88530006698292],[-97.32573250495275,49.885297407766586],[-97.32573314616529,49.88529474835676],[-97.32573378545818,49.88529208875399],[-97.32573442283129,49.88528942895888],[-97.32573505828448,49.885286768972],[-97.32573569181761,49.885284108793925],[-97.32573632343055,49.885281448425225],[-97.32573695312315,49.88527878786651],[-97.3257375808953,49.885276127118324],[-97.32573820674682,49.88527346618127],[-97.32573883067762,49.885270805055896],[-97.32573945268754,49.88526814374281],[-97.32574007277645,49.885265482242595],[-97.32574069094422,49.88526282055581],[-97.32574130719068,49.885260158683046],[-97.32574192151576,49.88525749662486],[-97.32574253391928,49.885254834381854],[-97.32574314440112,49.88525217195461],[-97.32574375296115,49.885249509343694],[-97.32574435959923,49.88524684654969],[-97.32594378952722,49.88462642236595],[-97.32625606785649,49.88044857166059],[-97.3262560678565,49.880448571660686],[-97.31672723251152,49.88158760656419],[-97.31078640860152,49.88230255797892],[-97.30270050185608,49.88321981621312],[-97.29819137401712,49.882515016638074],[-97.2931699780116,49.88172875587171],[-97.27964908353557,49.879614337184655],[-97.27916098189797,49.87949971443374],[-97.2791818586389,49.87931560531083],[-97.27958289648821,49.87578528424629],[-97.2789312572825,49.875754368968096],[-97.27768298837799,49.87569513838574],[-97.2775778474211,49.875690618358306],[-97.27761377977737,49.87552011435085],[-97.27767691796534,49.87534644195863],[-97.27774653665955,49.875183113825884],[-97.27777983537514,49.87503175480265],[-97.27817295706257,49.87156157416522],[-97.27827883784083,49.87156637823432],[-97.2783761055724,49.87157087319941],[-97.27839167658016,49.8714342303158],[-97.28006638642407,49.871511613403385],[-97.28029615755733,49.869494653625324],[-97.27955527316898,49.86929299256904],[-97.27921888813952,49.869595690501804],[-97.27879503951512,49.86983688855973],[-97.27856638903882,49.86990098754493],[-97.27818491845632,49.87000792613255],[-97.27752840754131,49.87006788765868],[-97.27702208374359,49.87004990484655],[-97.276430713225,49.86999695918071],[-97.27509994799438,49.869706432761895],[-97.27425927055981,49.869587021291544],[-97.27338921873097,49.86958568317464],[-97.2728226298352,49.8696446336615],[-97.27175248843359,49.86985990661539],[-97.2707910012643,49.870153478276414],[-97.27005269192695,49.87048987886994],[-97.26908274276335,49.87096921924787],[-97.2680330695401,49.8713648631256],[-97.2669127525557,49.87172458332292],[-97.26620896456609,49.87189880522577],[-97.26579544661314,49.87195884663973],[-97.26554895074742,49.871994636233396],[-97.26522547344757,49.87200157956751],[-97.26484726231797,49.87200969659729],[-97.26371503676292,49.87199855131862],[-97.26349982734617,49.87198385242666],[-97.26256007322284,49.8719196620539],[-97.261370844967,49.871793769986205],[-97.26023344180636,49.87172674021976],[-97.25966618726066,49.87176357009834],[-97.25906959688966,49.87189517449868],[-97.25693878146524,49.87251618696237],[-97.25576169582241,49.872791256554045],[-97.25474653316388,49.87297350421156],[-97.2538705987003,49.873183403038624],[-97.25291600225195,49.87348041655931],[-97.25256760286675,49.87356928125415],[-97.2508765171674,49.87379823775731],[-97.24995555307575,49.873959788299636],[-97.24950092577431,49.87400288641629],[-97.24920145750724,49.87399044345483],[-97.24866615971015,49.87396819979139],[-97.24770348874353,49.873890905895784],[-97.24688531890739,49.873844837984656],[-97.24630169165806,49.87387551497004],[-97.24581882027013,49.87396702404484],[-97.24580204294755,49.87397020442856],[-97.2454750934245,49.87411165950968],[-97.24483104413427,49.874579493848046],[-97.24445196446143,49.87490835965724],[-97.24430162495759,49.874988579851795],[-97.24409993167396,49.87504710710553],[-97.24386347850849,49.8750725732249],[-97.24338570131529,49.87505952383557],[-97.24151880341863,49.87487900556557],[-97.24124948103677,49.87486910670518],[-97.24037545823099,49.874974358767155],[-97.23942932377699,49.875134281807],[-97.23754181160507,49.87553089507059],[-97.23663997217317,49.87564844705122],[-97.2356126376996,49.875667671526436],[-97.23441756036607,49.87563320677044],[-97.23314679757063,49.875573175372885],[-97.23202319195225,49.87556998565548],[-97.23127429711732,49.875606229951806],[-97.2305262405848,49.87555995452041],[-97.22995457162378,49.87546019524325],[-97.22992059823073,49.875454266604024],[-97.22883968612317,49.87516821218342],[-97.22771721430897,49.8748396222263],[-97.22704048751807,49.874663123455456],[-97.22631106053925,49.87440330948562],[-97.22527764158292,49.87400056635056],[-97.2241382670363,49.873595028632764],[-97.22340963913184,49.873314293600444],[-97.22307229125182,49.87324753974762],[-97.22218668995333,49.87317818668411],[-97.22129878742288,49.87317153610107],[-97.2206137206045,49.87322260379586],[-97.21966503663612,49.87340207939328],[-97.21958338720594,49.873420465433426],[-97.21891631082161,49.87357067680914],[-97.21648147273594,49.87407237536757],[-97.21527605931874,49.87424089285643],[-97.21447083526846,49.874331903839064],[-97.21392612026878,49.87433048302489],[-97.21310644513386,49.874228380272946],[-97.21246830153059,49.87412790948514],[-97.21075767444226,49.87371226650393],[-97.21023004660663,49.873637889975406],[-97.20978010132268,49.87365069428069],[-97.20932753568096,49.873734334561576],[-97.20886191017641,49.87387935396862],[-97.20855623870906,49.87407448328513],[-97.20835602216233,49.87428634710523],[-97.20824004283634,49.87450532247627],[-97.20825394816855,49.875004008703336],[-97.20836780606948,49.87595971942729],[-97.20829335913834,49.8762223284634],[-97.20802744433614,49.87650870205151],[-97.20759030666186,49.87675756927174],[-97.2070959811679,49.87689981397532],[-97.20660791425969,49.87697011329144],[-97.20612786209269,49.87696965640831],[-97.20541215847226,49.876923719518096],[-97.20446539087031,49.87680564473648],[-97.20379204318371,49.87678126881971],[-97.20324626776426,49.87680766798882],[-97.20305060306734,49.87683893718545],[-97.20229848760081,49.87695912937391],[-97.20131911739311,49.87713797933223],[-97.20041371887652,49.87730983596157],[-97.19969396591847,49.87746946392896],[-97.19920084615184,49.877626798988885],[-97.19875044443333,49.87784405465557],[-97.19796467012517,49.87808630548392],[-97.19713874396872,49.878247752757524],[-97.19614778911776,49.8783984924587],[-97.19559095033603,49.87843165511426],[-97.19436448345415,49.8783624667776],[-97.19410688954596,49.88156743789968],[-97.19310763540662,49.89399488245471],[-97.19283360271903,49.897579353759404],[-97.19259441958772,49.90037416992501],[-97.19255769811434,49.900781599707855],[-97.19247347634321,49.90126287445325],[-97.19231536638911,49.90180629237474],[-97.19206439300682,49.90241310233692],[-97.19174520906263,49.90299510591805],[-97.1913743780219,49.903539251146135],[-97.19098269935249,49.904097099148075],[-97.19067633952008,49.90450532069635],[-97.19017736667426,49.905170180374434],[-97.18639840109958,49.91009655582455],[-97.18965476322897,49.911138403623475],[-97.19510471806838,49.91636527400943],[-97.19510473905247,49.91646043378155],[-97.19962768186272,49.916457394112655],[-97.20676069998972,49.916454886394206],[-97.21798987478215,49.91644842224796],[-97.22530106320326,49.91644356677045],[-97.22548984150231,49.91658388346576],[-97.22714947156392,49.917816933045835],[-97.22943646902749,49.919515954938454],[-97.22985675826918,49.91982817877928],[-97.229857059632,49.91658370288524],[-97.24108894432631,49.91657907935032],[-97.24162997322946,49.91657882916758],[-97.2437341937195,49.91657783212656],[-97.24585999859188,49.91657678607509],[-97.24837818228376,49.916575496506454],[-97.25007234478981,49.91657459814216],[-97.25021264690078,49.91657452263411],[-97.25267519746635,49.91657316968776],[-97.2551377503765,49.91657176443093],[-97.25527805307934,49.916571682792124],[-97.25697934528328,49.91657067933728],[-97.25849568511924,49.91656976392779],[-97.26016074864914,49.91656873588733],[-97.26178474357913,49.91656771016613],[-97.2618768208827,49.916567651328236],[-97.26192267790925,49.916567621998105],[-97.2635509558083,49.91656656879451],[-97.26291141025021,49.92417839940008],[-97.26233056559032,49.93107033568414],[-97.26230769821746,49.93134161895871],[-97.29850571296609,49.9313141671926],[-97.29849428068573,49.92923365387941],[-97.3211919088272,49.929366223947575],[-97.32119274393493,49.9293546704903],[-97.32119356794688,49.92934311670103],[-97.32119438086276,49.92933156258418],[-97.32119518268226,49.92932000814423],[-97.3211959734051,49.92930845338558],[-97.32119675303092,49.9292968983127],[-97.32119752155951,49.92928534293002],[-97.32119827899052,49.929273787241975],[-97.32119902532371,49.92926223125302],[-97.32119976055877,49.92925067496758],[-97.32120048469544,49.929239118390115],[-97.32120119773346,49.929227561525046],[-97.32120189967254,49.92921600437684],[-97.32120259051243,49.92920444694991],[-97.32120327025288,49.92919288924871],[-97.32120393889362,49.92918133127768],[-97.32120459643441,49.92916977304129],[-97.321205242875,49.92915821454393],[-97.32120587821517,49.9291466557901],[-97.32120650245466,49.92913509678418],[-97.32120711559324,49.92912353753065],[-97.3212077176307,49.929111978033966],[-97.3212083085668,49.92910041829854],[-97.32120888840132,49.92908885832883],[-97.32120945713406,49.92907729812928],[-97.3212100147648,49.92906573770431],[-97.32121056129334,49.92905417705839],[-97.32121109671945,49.929042616195964],[-97.32121162104298,49.92903105512146],[-97.3212121342637,49.92901949383933],[-97.32121263638143,49.929007932354004],[-97.32121312739599,49.92899637066994],[-97.3212136073072,49.928984808791576],[-97.32121407611488,49.92897324672336],[-97.32121453381885,49.92896168446972],[-97.32121498041894,49.92895012203513],[-97.32121541591502,49.928938559424],[-97.32121584030688,49.92892699664079],[-97.3212162535944,49.92891543368994],[-97.32121665577743,49.9289038705759],[-97.3212170468558,49.92889230730311],[-97.3212174268294,49.92888074387602],[-97.32121779569806,49.92886918029906],[-97.32121815346166,49.92885761657668],[-97.32121850012007,49.92884605271334],[-97.32121883567316,49.92883448871346],[-97.32121916012083,49.9288229245815],[-97.32121947346295,49.928811360321895],[-97.32121977569938,49.9287997959391],[-97.32122006683005,49.928788231437544],[-97.32122034685483,49.92877666682168],[-97.32122061577364,49.92876510209596],[-97.3212208735864,49.92875353726483],[-97.32122112029296,49.92874197233271],[-97.32122135589329,49.928730407304066],[-97.32122158038729,49.928718842183336],[-97.32122179377487,49.928707276974976],[-97.32122199605595,49.9286957116834],[-97.3212221872305,49.92868414631309],[-97.32122236729843,49.92867258086847],[-97.32122253625965,49.92866101535399],[-97.32122269411417,49.928649449774085],[-97.32122284086186,49.92863788413323],[-97.32122297650274,49.928626318435825],[-97.32122310103672,49.928614752686336],[-97.32122321446377,49.92860318688923],[-97.32122331678387,49.928591621048916],[-97.321223407997,49.92858005516987],[-97.32122348810307,49.928568489256506],[-97.32122355710213,49.928556923313295],[-97.32122361499412,49.92854535734466],[-97.32122366177903,49.92853379135507],[-97.32122369745687,49.92852222534896],[-97.32122372202761,49.92851065933077],[-97.32122373549126,49.92849909330493],[-97.32122373784783,49.92848752727592],[-97.32122372909731,49.92847596124816],[-97.32122370923972,49.928464395226094],[-97.32122367827509,49.92845282921419],[-97.3212236362034,49.928441263216875],[-97.32122358302472,49.928429697238606],[-97.32122351873906,49.9284181312838],[-97.32122344334644,49.92840656535693],[-97.3212233568469,49.92839499946243],[-97.32122325924051,49.92838343360475],[-97.32122315052729,49.928371867788314],[-97.32122303070727,49.928360302017616],[-97.32122289978057,49.92834873629703],[-97.32122275774718,49.92833717063108],[-97.3212226046072,49.92832560502415],[-97.32122244036067,49.928314039480696],[-97.32122226500769,49.92830247400519],[-97.32122207854833,49.92829090860206],[-97.32122188098265,49.92827934327573],[-97.32122167231074,49.92826777803068],[-97.32122145253271,49.928256212871325],[-97.32122122164863,49.92824464780214],[-97.3212209796586,49.92823308282754],[-97.32122072656273,49.92822151795198],[-97.32122046236113,49.928209953179916],[-97.32122018705387,49.92819838851578],[-97.32121990064111,49.928186823964005],[-97.32121960312296,49.92817525952908],[-97.32121929449951,49.928163695215396],[-97.32121897477093,49.92815213102743],[-97.32121864393733,49.9281405669696],[-97.32121830199883,49.92812900304639],[-97.32121794895559,49.928117439262195],[-97.32121758480777,49.9281058756215],[-97.32121720955547,49.928094312128735],[-97.32121682319888,49.928082748788334],[-97.32121642573814,49.92807118560475],[-97.32121601717343,49.92805962258243],[-97.32121559750489,49.92804805972581],[-97.3212151667327,49.928036497039336],[-97.32121472485704,49.92802493452746],[-97.32121427187808,49.928013372194606],[-97.32121380779601,49.92800181004524],[-97.321213332611,49.92799024808378],[-97.32121284632325,49.927978686314695],[-97.32121234893296,49.92796712474241],[-97.32121184044033,49.927955563371384],[-97.32121132084555,49.92794400220604],[-97.32121079014883,49.927932441250846],[-97.3212102483504,49.92792088051022],[-97.32120969545045,49.927909319988615],[-97.32120913144922,49.92789775969048],[-97.32120855634693,49.92788619962025],[-97.32120797014382,49.92787463978236],[-97.32120737284009,49.92786308018128],[-97.32120676443601,49.92785152082143],[-97.32120614493182,49.927839961707235],[-97.32120551432773,49.9278284028432],[-97.32120487262405,49.92781684423369],[-97.32120421982097,49.92780528588319],[-97.3212035559188,49.92779372779613],[-97.32120288091778,49.92778216997696],[-97.32120219481818,49.927770612430116],[-97.32120149762027,49.927759055160045],[-97.32120078932432,49.92774749817117],[-97.32120006993064,49.92773594146797],[-97.32119933943947,49.92772438505485],[-97.32119859785114,49.92771282893627],[-97.32119784516591,49.927701273116654],[-97.3211970813841,49.927689717600465],[-97.32119630650601,49.92767816239211],[-97.32119552053193,49.927666607496086],[-97.32119472346217,49.927655052916776],[-97.32119391529706,49.92764349865864],[-97.32119309603692,49.92763194472613],[-97.32119226568206,49.927620391123675],[-97.32119142423281,49.92760883785572],[-97.3211905716895,49.927597284926705],[-97.32118970805247,49.92758573234107],[-97.32118883332207,49.92757418010323],[-97.32118794749861,49.92756262821767],[-97.32118705058248,49.9275510766888],[-97.32118614257399,49.927539525521055],[-97.32118522347355,49.92752797471889],[-97.32118429328146,49.927516424286736],[-97.32118335199814,49.92750487422904],[-97.32118239962394,49.92749332455021],[-97.32118143615922,49.927481775254726],[-97.32118046160437,49.92747022634701],[-97.32117947595978,49.92745867783149],[-97.32117847922582,49.92744712971261],[-97.32117747140289,49.92743558199483],[-97.32117645249137,49.92742403468255],[-97.32117542249169,49.92741248778023],[-97.32117438140425,49.927400941292284],[-97.32117332922941,49.927389395223194],[-97.32117226596765,49.92737784957736],[-97.32117119161934,49.92736630435921],[-97.32117010618491,49.92735475957323],[-97.3211690096648,49.927343215223814],[-97.32116790205943,49.92733167131542],[-97.32116678336922,49.92732012785246],[-97.32116565359463,49.92730858483938],[-97.3211645127361,49.92729704228063],[-97.32116336079406,49.92728550018063],[-97.32116219776898,49.92727395854384],[-97.32116102366129,49.92726241737466],[-97.32115983847149,49.92725087667755],[-97.32115864219998,49.927239336456935],[-97.3211574348473,49.92722779671724],[-97.32115621641387,49.92721625746292],[-97.32115498690017,49.9272047186984],[-97.32115374630672,49.927193180428105],[-97.32115249463396,49.92718164265649],[-97.32115123188241,49.92717010538797],[-97.32114995805254,49.927158568626986],[-97.32114867314488,49.92714703237798],[-97.32114737715987,49.92713549664536],[-97.3211460700981,49.92712396143358],[-97.32114475196,49.92711242674707],[-97.32114342274615,49.92710089259026],[-97.32114208245702,49.927089358967585],[-97.32114073109314,49.92707782588347],[-97.32113936865507,49.92706629334235],[-97.32113799514332,49.927054761348664],[-97.32113661055841,49.92704322990683],[-97.3211352149009,49.92703169902129],[-97.32113380817135,49.92702016869648],[-97.32113239037028,49.927008638936805],[-97.32113096149826,49.92699710974673],[-97.32112952155582,49.926985581130666],[-97.32112807054354,49.92697405309303],[-97.321126608462,49.92696252563828],[-97.32112513531175,49.92695099877085],[-97.32112365109336,49.92693947249513],[-97.32112215580743,49.92692794681556],[-97.32112064945453,49.9269164217366],[-97.32111913203525,49.926904897262666],[-97.32111760355016,49.926893373398165],[-97.3211160639999,49.92688185014754],[-97.32111451338503,49.926870327515225],[-97.32111295170616,49.92685880550565],[-97.3211113789639,49.92684728412323],[-97.32110979515889,49.92683576337241],[-97.3211082002917,49.92682424325758],[-97.32110659436299,49.9268127237832],[-97.32110497737337,49.92680120495369],[-97.32110334932347,49.92678968677348],[-97.32110171021391,49.92677816924698],[-97.32110006004535,49.92676665237864],[-97.3210983988184,49.926755136172865],[-97.32109672653375,49.92674362063408],[-97.32109504319203,49.926732105766725],[-97.32109334879388,49.92672059157522],[-97.32109164334,49.926709078063965],[-97.321089926831,49.92669756523744],[-97.32108819926758,49.926686053100006],[-97.3210864606504,49.926674541656126],[-97.32108471098014,49.92666303091021],[-97.3210829502575,49.9266515208667],[-97.32108117848314,49.92664001152998],[-97.32107939565773,49.926628502904514],[-97.32107760178202,49.92661699499469],[-97.32107579685668,49.926605487804956],[-97.32107398088237,49.92659398133973],[-97.32107215385986,49.92658247560342],[-97.32107031578981,49.92657097060046],[-97.32106846667297,49.926559466335256],[-97.32106660651004,49.92654796281225],[-97.32106473530176,49.92653646003584],[-97.32106285304883,49.92652495801046],[-97.321060959752,49.92651345674054],[-97.32105905541201,49.926501956230474],[-97.32105714002958,49.926490456484686],[-97.32105521360546,49.92647895750761],[-97.3210532761404,49.926467459303666],[-97.32105132763519,49.926455961877245],[-97.32104936809051,49.9264444652328],[-97.32104739750719,49.926432969374716],[-97.32104541588595,49.92642147430745],[-97.32104342322758,49.92640998003539],[-97.32104141953286,49.92639848656295],[-97.32103940480255,49.92638699389455],[-97.32103737903743,49.92637550203462],[-97.32103534223832,49.92636401098758],[-97.32103329440598,49.926352520757796],[-97.3210312355412,49.92634103134974],[-97.3210291656448,49.92632954276782],[-97.32102708471757,49.926318055016424],[-97.32102499276033,49.92630656809998],[-97.32102288977389,49.9262950820229],[-97.32102077575904,49.9262835967896],[-97.32101865071664,49.926272112404504],[-97.32101651464747,49.926260628871994],[-97.32101436755241,49.92624914619651],[-97.32101220943224,49.92623766438246],[-97.32101004028785,49.92622618343425],[-97.32100786012003,49.92621470335631],[-97.32100566892966,49.92620322415302],[-97.32100346671758,49.926191745828795],[-97.32100125348465,49.92618026838807],[-97.32099902923171,49.926168791835245],[-97.32099679395965,49.92615731617472],[-97.3209945476693,49.926145841410914],[-97.32099229036157,49.92613436754823],[-97.32099002203731,49.926122894591096],[-97.32098774269741,49.92611142254388],[-97.32098545234275,49.92609995141103],[-97.32098315097423,49.92608848119694],[-97.32098083859272,49.926077011906024],[-97.32097851519913,49.92606554354268],[-97.32097618079435,49.9260540761113],[-97.32097383537929,49.92604260961631],[-97.32097147895489,49.92603114406213],[-97.320969111522,49.926019679453134],[-97.3209667330816,49.92600821579376],[-97.32096434363459,49.92599675308836],[-97.32096194318186,49.925985291341405],[-97.32095953172438,49.92597383055726],[-97.32095710926309,49.92596237074032],[-97.3209546757989,49.92595091189503],[-97.32095223133277,49.92593945402576],[-97.32094977586566,49.92592799713692],[-97.32094730939849,49.92591654123291],[-97.32094483193222,49.92590508631813],[-97.32094234346785,49.92589363239699],[-97.32093984400629,49.92588217947389],[-97.32093733354854,49.92587072755323],[-97.32093481209557,49.92585927663941],[-97.32093227964835,49.92584782673682],[-97.32092973620786,49.925836377849876],[-97.32092718177509,49.925824929982966],[-97.32092461635104,49.925813483140494],[-97.32092203993668,49.925802037326854],[-97.320919452533,49.92579059254645],[-97.32091685414105,49.925779148803684],[-97.32091424476181,49.925767706102924],[-97.32091162439627,49.9257562644486],[-97.32090899304546,49.92574482384511],[-97.32090635071042,49.92573338429681],[-97.32090369739213,49.92572194580814],[-97.32090103309166,49.92571050838348],[-97.32089835781002,49.925699072027214],[-97.32089567154824,49.92568763674375],[-97.32089297430738,49.92567620253748],[-97.32089026608847,49.925664769412776],[-97.32088754689258,49.92565333737406],[-97.32088481672072,49.92564190642572],[-97.32088207557398,49.92563047657214],[-97.32087932345341,49.92561904781771],[-97.32087656036008,49.92560762016682],[-97.32087378629504,49.925596193623875],[-97.3208710012594,49.92558476819327],[-97.32086820525421,49.92557334387936],[-97.32086539828057,49.92556192068656],[-97.32086258033955,49.92555049861926],[-97.32085975143225,49.92553907768184],[-97.32085691155977,49.9255276578787],[-97.32085406072319,49.925516239214225],[-97.32085119892363,49.925504821692776],[-97.3208483261622,49.92549340531879],[-97.32084544243999,49.92548199009662],[-97.32084254775815,49.925470576030655],[-97.32083964211776,49.925459163125275],[-97.32083672551997,49.925447751384894],[-97.32083379796589,49.92543634081385],[-97.32083085945668,49.92542493141657],[-97.32082790999347,49.92541352319744],[-97.32082494957737,49.925402116160804],[-97.32082197820955,49.92539071031107],[-97.32081899589117,49.925379305652626],[-97.32081600262337,49.925367902189834],[-97.32081299840732,49.92535649992711],[-97.32080998324415,49.92534509886878],[-97.32080695713505,49.925333699019276],[-97.3208039200812,49.92532230038296],[-97.32080087208377,49.925310902964206],[-97.32079781314391,49.92529950676741],[-97.32079474326284,49.92528811179692],[-97.32079166244172,49.92527671805715],[-97.32078857068176,49.92526532555245],[-97.32078546798415,49.92525393428721],[-97.32078235435009,49.92524254426581],[-97.3207792297808,49.925231155492625],[-97.32017868516047,49.92309983515945],[-97.3201750179793,49.9230867874269],[-97.3201713684868,49.92307373762737],[-97.32016773668573,49.92306068577087],[-97.32016412257889,49.9230476318674],[-97.32016052616899,49.92303457592694],[-97.3201569474588,49.9230215179595],[-97.32015338645104,49.92300845797507],[-97.32014984314843,49.92299539598366],[-97.32014631755365,49.922982331995286],[-97.32014280966938,49.92296926601995],[-97.32013931949832,49.92295619806763],[-97.32013584704312,49.922943128148376],[-97.32013239230643,49.922930056272165],[-97.32012895529087,49.922916982449024],[-97.32012553599904,49.92290390668898],[-97.32012213443359,49.92289082900202],[-97.32011875059709,49.92287774939817],[-97.32011538449208,49.92286466788745],[-97.32011203612119,49.922851584479886],[-97.32010870548693,49.92283849918549],[-97.32010539259184,49.92282541201428],[-97.32010209743845,49.92281232297628],[-97.32009882002927,49.92279923208152],[-97.32009556036677,49.922786139340026],[-97.32009231845348,49.92277304476183],[-97.32008909429183,49.92275994835695],[-97.32008588788429,49.92274685013541],[-97.32008269923328,49.92273375010728],[-97.32007952834127,49.92272064828256],[-97.32007637521065,49.92270754467126],[-97.32007323984381,49.92269443928346],[-97.32007012224314,49.9226813321292],[-97.32006702241102,49.922668223218494],[-97.32006394034983,49.92265511256139],[-97.32006087606189,49.92264200016792],[-97.32005782954954,49.92262888604816],[-97.32005480081509,49.9226157702121],[-97.32005178986084,49.92260265266983],[-97.32004879668912,49.92258953343136],[-97.32004582130216,49.922576412506785],[-97.32004286370224,49.92256328990612],[-97.32003992389164,49.922550165639414],[-97.32003700187256,49.92253703971674],[-97.32003409764724,49.92252391214812],[-97.32003121121788,49.92251078294364],[-97.32002834258671,49.92249765211332],[-97.32002549175586,49.92248451966725],[-97.32002265872752,49.922471385615495],[-97.32001984350386,49.92245824996806],[-97.320017046087,49.922445112735055],[-97.32001426647909,49.92243197392652],[-97.32001150468221,49.922418833552534],[-97.32000876069851,49.92240569162315],[-97.32000603453005,49.922392548148416],[-97.32000332617889,49.922379403138436],[-97.3200006356471,49.92236625660324],[-97.31999796293675,49.92235310855291],[-97.31999530804983,49.92233995899753],[-97.31999267098838,49.922326807947144],[-97.31999005175442,49.922313655411855],[-97.31998745034993,49.922300501401715],[-97.31998486677686,49.92228734592679],[-97.31998230103721,49.92227418899719],[-97.31997975313294,49.92226103062295],[-97.31997722306593,49.922247870814175],[-97.31997471083817,49.92223470958094],[-97.31997221645152,49.92222154693331],[-97.3199697399079,49.92220838288139],[-97.31996728120919,49.922195217435224],[-97.31996484035724,49.92218205060494],[-97.31996241735393,49.922168882400584],[-97.3199600122011,49.92215571283225],[-97.31995762490054,49.92214254191005],[-97.3199552554541,49.92212936964404],[-97.31995290386358,49.92211619604432],[-97.31995057013074,49.922103021120996],[-97.3199482542574,49.92208984488413],[-97.31994595624526,49.922076667343816],[-97.31994367609612,49.922063488510155],[-97.31994141381166,49.922050308393246],[-97.31993916939363,49.922037127003165],[-97.31993694284374,49.92202394435003],[-97.31993473416367,49.92201076044392],[-97.31993254335508,49.92199757529493],[-97.31993037041966,49.92198438891317],[-97.31992821535904,49.92197120130874],[-97.31992607817487,49.921958012491714],[-97.31992395886877,49.92194482247223],[-97.31992185744234,49.92193163126036],[-97.31991977389717,49.921918438866214],[-97.31991770823487,49.92190524529991],[-97.31991566045696,49.92189205057153],[-97.31991363056504,49.92187885469119],[-97.31991161856062,49.921865657668995],[-97.31990962444524,49.921852459515044],[-97.31990764822042,49.92183926023947],[-97.31990568988765,49.921826059852364],[-97.3199037494484,49.92181285836382],[-97.31990182690416,49.92179965578398],[-97.31989992225638,49.92178645212292],[-97.31989803550651,49.92177324739078],[-97.31989616665598,49.921760041597665],[-97.3198943157062,49.921746834753684],[-97.31989248265857,49.921733626868956],[-97.31989066751449,49.921720417953594],[-97.31988887027532,49.92170720801771],[-97.31988709094244,49.92169399707143],[-97.3198853295172,49.921680785124856],[-97.31988358600091,49.92166757218812],[-97.31988186039491,49.92165435827134],[-97.3198801527005,49.92164114338462],[-97.319878462919,49.9216279275381],[-97.31987679105163,49.9216147107419],[-97.3198751370997,49.92160149300613],[-97.31987350106444,49.92158827434091],[-97.31987188294713,49.921575054756374],[-97.31987028274894,49.92156183426264],[-97.3198687004711,49.92154861286985],[-97.31986713611482,49.92153539058811],[-97.31986558968129,49.92152216742753],[-97.31986406117166,49.92150894339829],[-97.31986255058709,49.92149571851046],[-97.31986105792872,49.92148249277419],[-97.31985958319767,49.92146926619963],[-97.31985812639508,49.92145603879687],[-97.31985668752202,49.921442810576075],[-97.31985526657961,49.921429581547336],[-97.31985386356891,49.92141635172083],[-97.31985247849097,49.921403121106664],[-97.31985111134684,49.92138988971497],[-97.31984976213755,49.921376657555896],[-97.31984843086414,49.92136342463954],[-97.31984711752759,49.92135019097607],[-97.31984582212891,49.92133695657561],[-97.31984454466904,49.92132372144829],[-97.31984328514899,49.92131048560425],[-97.3198420435697,49.92129724905363],[-97.31984081993208,49.92128401180656],[-97.31983961423708,49.92127077387319],[-97.31983842648559,49.92125753526365],[-97.31983725667851,49.92124429598806],[-97.31983610481672,49.92123105605659],[-97.3198349709011,49.92121781547936],[-97.3198338549325,49.921204574266504],[-97.31983275691174,49.92119133242817],[-97.31983167683966,49.92117808997452],[-97.31983061471708,49.921164846915666],[-97.31982957054478,49.921151603261755],[-97.31982854432356,49.92113835902294],[-97.31982753605419,49.92112511420935],[-97.31982654573744,49.92111186883115],[-97.319825573374,49.92109862289845],[-97.31982461896467,49.92108537642143],[-97.31982368251013,49.9210721294102],[-97.31982276401108,49.921058881874934],[-97.3198218634682,49.92104563382576],[-97.31982098088221,49.92103238527283],[-97.31982011625372,49.92101913622628],[-97.3198192695834,49.92100588669626],[-97.3198184408719,49.92099263669292],[-97.3198176301198,49.92097938622642],[-97.31981683732774,49.920966135306884],[-97.3198160624963,49.920952883944466],[-97.31981530562605,49.92093963214932],[-97.31981456671755,49.92092637993159],[-97.31981384577139,49.92091312730143],[-97.31981314278808,49.92089987426898],[-97.31981245776814,49.92088662084439],[-97.31981179071208,49.92087336703782],[-97.3198111416204,49.920860112859415],[-97.3198105104936,49.920846858319315],[-97.31980989733214,49.920833603427674],[-97.31980930213643,49.92082034819465],[-97.31980872490696,49.92080709263039],[-97.31980816564416,49.92079383674504],[-97.31980762434841,49.920780580548765],[-97.31980710102015,49.92076732405169],[-97.31980659565973,49.920754067264],[-97.31980610826753,49.92074081019583],[-97.31980563884393,49.92072755285733],[-97.31980518738925,49.92071429525865],[-97.31980475390384,49.92070103740995],[-97.319804338388,49.92068777932139],[-97.31980394084204,49.9206745210031],[-97.31980356126626,49.92066126246525],[-97.31980319966091,49.92064800371798],[-97.31980285602627,49.92063474477146],[-97.31980253036261,49.92062148563585],[-97.31980222267012,49.920608226321264],[-97.31980193294906,49.9205949668379],[-97.3198016611996,49.92058170719588],[-97.31980140742196,49.92056844740537],[-97.3198011716163,49.92055518747654],[-97.31980095378283,49.920541927419514],[-97.31980075392164,49.92052866724447],[-97.31980057203292,49.92051540696154],[-97.31980040811676,49.92050214658091],[-97.31980026217329,49.92048888611271],[-97.3198001342026,49.9204756255671],[-97.31980002420477,49.92046236495423],[-97.31979993217988,49.92044910428426],[-97.31979985812798,49.92043584356735],[-97.31979980204909,49.92042258281365],[-97.31979976394328,49.9204093220333],[-97.31979974381053,49.920396061236495],[-97.31979974165087,49.92038280043334],[-97.31979975746425,49.92036953963403],[-97.31979979125067,49.920356278848686],[-97.3197998430101,49.920343018087486],[-97.31979991274247,49.92032975736058],[-97.3198000004477,49.920316496678126],[-97.31980010612571,49.92030323605025],[-97.31980022977642,49.92028997548715],[-97.31980037139971,49.92027671499896],[-97.31980053099547,49.92026345459583],[-97.31980070856353,49.920250194287924],[-97.31980090410379,49.92023693408539],[-97.31980111761605,49.92022367399838],[-97.31980134910015,49.92021041403705],[-97.31980159855587,49.92019715421156],[-97.31980186598301,49.92018389453205],[-97.31980215138138,49.92017063500869],[-97.31980245475073,49.92015737565162],[-97.31980277609081,49.920144116471015],[-97.31980311540136,49.92013085747699],[-97.31980347268211,49.920117598679745],[-97.31980384793277,49.92010434008939],[-97.31980424115304,49.92009108171611],[-97.31980465234258,49.92007782357003],[-97.31980508150109,49.920064565661335],[-97.31980552862822,49.92005130800014],[-97.3198059937236,49.92003805059665],[-97.31980647678688,49.920024793460954],[-97.31980697781766,49.920011536603226],[-97.31980749681554,49.91999828003364],[-97.31980803378013,49.91998502376234],[-97.31980858871097,49.91997176779947],[-97.31980916160765,49.919958512155155],[-97.3198097524697,49.91994525683958],[-97.31981036129665,49.919932001862904],[-97.31981098808804,49.919918747235236],[-97.31981163284335,49.91990549296675],[-97.31981229556209,49.91989223906761],[-97.31981297624372,49.91987898554793],[-97.31981367488773,49.91986573241788],[-97.31981439149354,49.91985247968762],[-97.3198151260606,49.91983922736728],[-97.31981587858836,49.91982597546699],[-97.31981664907617,49.91981272399694],[-97.31981743752348,49.91979947296725],[-97.31981824392965,49.91978622238806],[-97.31981906829404,49.91977297226956],[-97.319819910616,49.91975972262185],[-97.3198207708949,49.91974647345509],[-97.31982164913005,49.91973322477942],[-97.31982254532076,49.91971997660501],[-97.31982345946632,49.919706728941975],[-97.31982439156602,49.919693481800465],[-97.31982534161915,49.91968023519065],[-97.31982630962496,49.91966698912264],[-97.31982729558267,49.91965374360659],[-97.31982829949153,49.91964049865264],[-97.31982932135077,49.91962725427094],[-97.31983036115957,49.91961401047163],[-97.31983141891712,49.91960076726484],[-97.31983249462263,49.91958752466073],[-97.3198335882752,49.91957428266943],[-97.31983469987404,49.91956104130108],[-97.31983582941824,49.91954780056581],[-97.31983697690694,49.91953456047378],[-97.31983814233924,49.9195213210351],[-97.31983932571423,49.91950808225994],[-97.319840527031,49.919494844158415],[-97.31984174628863,49.91948160674066],[-97.31984298348613,49.91946837001683],[-97.31984423862257,49.91945513399703],[-97.31984551169695,49.91944189869144],[-97.31984680270831,49.91942866411015],[-97.31984811165562,49.91941543026332],[-97.31984943853789,49.91940219716107],[-97.31985078335406,49.91938896481354],[-97.31985214610309,49.91937573323087],[-97.31985352678396,49.91936250242318],[-97.31985492539555,49.91934927240061],[-97.31985634193678,49.91933604317328],[-97.3198577764066,49.919322814751325],[-97.31985922880384,49.91930958714489],[-97.31986069912739,49.919296360364065],[-97.31986218737612,49.91928313441902],[-97.31986369354887,49.919269909319844],[-97.31986521764446,49.91925668507669],[-97.31986675966172,49.919243461699686],[-97.31986831959946,49.91923023919894],[-97.31986989745647,49.91921701758458],[-97.31987149323152,49.91920379686674],[-97.31987310692337,49.919190577055545],[-97.31987473853077,49.9191773581611],[-97.31987638805248,49.919164140193544],[-97.31987805548718,49.91915092316299],[-97.31987974083361,49.919137707079564],[-97.31988144409047,49.919124491953376],[-97.31988316525643,49.91911127779455],[-97.31988490433014,49.9190980646132],[-97.31988666131026,49.919084852419466],[-97.31988843619546,49.91907164122344],[-97.31989022898433,49.91905843103523],[-97.31989203967552,49.919045221864984],[-97.31989386826758,49.919032013722784],[-97.31989571475914,49.91901880661878],[-97.31989757914874,49.91900560056304],[-97.31989946143497,49.91899239556571],[-97.31990136161633,49.91897919163687],[-97.3199032796914,49.91896598878668],[-97.31990521565866,49.9189527870252],[-97.31990716951664,49.91893958636256],[-97.31990914126379,49.91892638680886],[-97.31991113089862,49.91891318837423],[-97.31991313841958,49.91889999106875],[-97.31991516382514,49.918886794902534],[-97.31991720711369,49.91887359988568],[-97.3199192682837,49.9188604060283],[-97.31992134733352,49.918847213340506],[-97.3199234442616,49.91883402183238],[-97.31992555906629,49.91882083151402],[-97.31992769174597,49.91880764239554],[-97.31992984229898,49.91879445448705],[-97.31993201072366,49.91878126779863],[-97.31993419701834,49.91876808234037],[-97.31993640118132,49.918754898122366],[-97.31993862321093,49.91874171515473],[-97.31994086310542,49.91872853344755],[-97.31994312086307,49.918715353010924],[-97.31994539648214,49.91870217385493],[-97.31994768996087,49.91868899598967],[-97.31995000129749,49.91867581942523],[-97.31995233049022,49.918662644171704],[-97.31995467753725,49.918649470239174],[-97.31995704243678,49.91863629763773],[-97.319959425187,49.91862312637745],[-97.31996182578602,49.918609956468444],[-97.31996424423204,49.91859678792077],[-97.31996668052318,49.918583620744506],[-97.31996913465754,49.91857045494976],[-97.31997160663325,49.91855729054661],[-97.31997409644839,49.91854412754511],[-97.31997660410103,49.91853096595537],[-97.31997912958927,49.91851780578744],[-97.31998167291111,49.918504647051414],[-97.31998423406465,49.91849148975736],[-97.31998681304785,49.918478333915346],[-97.31998940985876,49.918465179535474],[-97.31999202449538,49.91845202662778],[-97.31999465695569,49.91843887520235],[-97.31999730723763,49.91842572526926],[-97.31999997533919,49.91841257683857],[-97.32000266125831,49.91839942992035],[-97.3200053649929,49.91838628452467],[-97.32000808654088,49.91837314066159],[-97.32001082590017,49.91835999834119],[-97.3211511135301,49.91290674318968],[-97.32115240546011,49.91290055944334],[-97.32115369551978,49.912894375534194],[-97.32115498370908,49.912888191462464],[-97.32115627002793,49.91288200722839],[-97.3211575544763,49.9128758228322],[-97.32115883705413,49.91286963827414],[-97.3211601177614,49.91286345355444],[-97.32116139659803,49.912857268673335],[-97.32116267356398,49.912851083631075],[-97.32116394865922,49.91284489842788],[-97.32116522188369,49.91283871306399],[-97.32116649323734,49.91283252753965],[-97.32116776272011,49.91282634185507],[-97.32116903033197,49.912820156010525],[-97.32117029607288,49.912813970006205],[-97.32117155994277,49.91280778384239],[-97.32117282194162,49.91280159751929],[-97.32117408206935,49.912795411037145],[-97.32117534032594,49.9127892243962],[-97.32117659671131,49.91278303759668],[-97.32117785122544,49.91277685063883],[-97.32117910386829,49.91277066352288],[-97.3211803546398,49.912764476249066],[-97.32118160353991,49.912758288817614],[-97.32118285056858,49.91275210122879],[-97.3211840957258,49.9127459134828],[-97.32118533901146,49.9127397255799],[-97.32118658042555,49.9127335375203],[-97.32118781996803,49.91272734930427],[-97.32118905763885,49.91272116093203],[-97.32119029343794,49.912714972403805],[-97.32119152736527,49.91270878371986],[-97.3211927594208,49.912702594880386],[-97.32119398960447,49.912696405885676],[-97.32119521791624,49.91269021673592],[-97.32119644435608,49.91268402743136],[-97.3211976689239,49.912677837972254],[-97.3211988916197,49.912671648358824],[-97.32120011244342,49.9126654585913],[-97.321201331395,49.912659268669934],[-97.32120254847442,49.912653078594964],[-97.3212037636816,49.9126468883666],[-97.32120497701652,49.912640697985104],[-97.32120618847914,49.912634507450704],[-97.32120739806939,49.91262831676363],[-97.32120860578723,49.91262212592412],[-97.32120981163263,49.912615934932425],[-97.32121101560554,49.91260974378876],[-97.3212122177059,49.91260355249337],[-97.32121341793369,49.912597361046494],[-97.32121461628884,49.91259116944836],[-97.32121581277133,49.91258497769922],[-97.3212170073811,49.91257878579929],[-97.3212182001181,49.91257259374882],[-97.32121939098228,49.91256640154805],[-97.32122057997361,49.91256020919721],[-97.32122176709206,49.912554016696525],[-97.32122295233755,49.91254782404624],[-97.32122413571005,49.91254163124658],[-97.32122531720952,49.912535438297816],[-97.32122649683592,49.912529245200155],[-97.32122767458922,49.91252305195384],[-97.32122885046932,49.91251685855911],[-97.32123002447624,49.91251066501619],[-97.32123119660989,49.912504471325335],[-97.32123236687025,49.91249827748676],[-97.32123353525726,49.912492083500716],[-97.3212347017709,49.91248588936744],[-97.32123586641112,49.91247969508716],[-97.32123702917785,49.91247350066011],[-97.32123819007107,49.91246730608653],[-97.32123934909073,49.912461111366675],[-97.32124050623679,49.91245491650075],[-97.3212416615092,49.912448721489014],[-97.32124281490792,49.912442526331695],[-97.3212439664329,49.912436331029014],[-97.32124511608413,49.912430135581246],[-97.32124626386152,49.912423939988585],[-97.32124740976505,49.91241774425131],[-97.32124855379469,49.912411548369604],[-97.32124969595037,49.912405352343754],[-97.32125083623207,49.91239915617397],[-97.32125197463972,49.91239295986048],[-97.3212531111733,49.91238676340355],[-97.32125424583276,49.91238056680341],[-97.32125537861806,49.91237437006027],[-97.32125650952916,49.912368173174386],[-97.32125763856602,49.91236197614599],[-97.32125876572857,49.91235577897532],[-97.32125989101681,49.91234958166262],[-97.32126101443068,49.91234338420811],[-97.32126213597012,49.91233718661205],[-97.3212632556351,49.91233098887464],[-97.32126437342559,49.912324790996145],[-97.32126548934154,49.9123185929768],[-97.32126660338291,49.91231239481683],[-97.32126771554965,49.91230619651649],[-97.32126882584173,49.91229999807599],[-97.32126993425909,49.91229379949557],[-97.3212710408017,49.9122876007755],[-97.32127214546954,49.912281401915976],[-97.32127324826251,49.912275202917264],[-97.32127434918064,49.91226900377957],[-97.32127544822384,49.912262804503165],[-97.3212765453921,49.91225660508827],[-97.32127764068535,49.912250405535104],[-97.32127873410356,49.91224420584392],[-97.32127982564668,49.91223800601497],[-97.32128091531469,49.91223180604846],[-97.32128200310756,49.91222560594464],[-97.3212830890252,49.91221940570376],[-97.32128417306761,49.91221320532604],[-97.32128525523473,49.91220700481171],[-97.32128633552652,49.91220080416103],[-97.32128741394295,49.91219460337421],[-97.321288490484,49.91218840245151],[-97.32128956514958,49.91218220139316],[-97.32129063793967,49.91217600019939],[-97.32129170885425,49.91216979887042],[-97.32129277789325,49.912163597406526],[-97.32129384505666,49.912157395807924],[-97.32129491034442,49.912151194074845],[-97.32129597375649,49.91214499220754],[-97.32129703529283,49.91213879020623],[-97.3212980949534,49.91213258807116],[-97.32129915273819,49.912126385802566],[-97.32130020864712,49.912120183400674],[-97.32130126268017,49.91211398086575],[-97.3213023148373,49.91210777819799],[-97.32130336511844,49.912101575397664],[-97.3213044135236,49.91209537246498],[-97.32130546005271,49.91208916940022],[-97.32130650470576,49.91208296620357],[-97.32130754748268,49.912076762875294],[-97.32130858838343,49.91207055941562],[-97.32130962740798,49.91206435582478],[-97.32131066455631,49.91205815210302],[-97.32131169982836,49.9120519482506],[-97.32131273322409,49.912045744267694],[-97.32131376474346,49.91203954015461],[-97.32131479438645,49.91203333591152],[-97.321315822153,49.91202713153871],[-97.3213168480431,49.912020927036394],[-97.32131787205667,49.912014722404805],[-97.32131889419371,49.91200851764419],[-97.32131991445415,49.91200231275479],[-97.32132093283798,49.911996107736826],[-97.32132194934515,49.91198990259054],[-97.32132296397562,49.911983697316174],[-97.32132397672936,49.911977491913966],[-97.32132498760632,49.911971286384144],[-97.32132599660646,49.911965080726944],[-97.32132700372976,49.91195887494262],[-97.32132800897617,49.91195266903139],[-97.32132901234566,49.9119464629935],[-97.32133001383818,49.91194025682919],[-97.3213310134537,49.91193405053868],[-97.3213320111922,49.91192784412222],[-97.3213330070536,49.91192163758005],[-97.3213340010379,49.91191543091241],[-97.32133499314506,49.9119092241195],[-97.32133598337502,49.91190301720161],[-97.32133697172776,49.911896810158936],[-97.32133795820323,49.91189060299174],[-97.32133894280142,49.91188439570024],[-97.32133992552227,49.911878188284696],[-97.32134090636575,49.91187198074532],[-97.3213418853318,49.91186577308236],[-97.32134286242045,49.911859565296055],[-97.32134383763159,49.91185335738664],[-97.32134481096521,49.91184714935433],[-97.32134578242129,49.911840941199415],[-97.32134675199977,49.91183473292208],[-97.32134771970063,49.911828524522576],[-97.32134868552383,49.91182231600115],[-97.32134964946933,49.911816107358035],[-97.32135061153708,49.911809898593475],[-97.32135157172708,49.91180368970768],[-97.32135253003926,49.91179748070091],[-97.32135348647361,49.91179127157341],[-97.32135444103008,49.91178506232539],[-97.32135539370863,49.911778852957106],[-97.32135634450923,49.91177264346879],[-97.32135729343186,49.91176643386068],[-97.32135824047646,49.911760224133],[-97.32135918564299,49.911754014286004],[-97.32136012893146,49.91174780431992],[-97.32136107034178,49.91174159423499],[-97.32136200987394,49.91173538403145],[-97.3213629475279,49.91172917370954],[-97.32136388330365,49.91172296326947],[-97.32136481720111,49.91171675271152],[-97.32136574922028,49.9117105420359],[-97.3213666793611,49.911704331242845],[-97.32136760762357,49.91169812033261],[-97.32136853400763,49.91169190930541],[-97.32136945851323,49.911685698161506],[-97.32137038114038,49.91167948690112],[-97.321371301889,49.91167327552448],[-97.32137222075909,49.911667064031846],[-97.3213731377506,49.911660852423445],[-97.32137405286349,49.91165464069949],[-97.32137496609775,49.91164842886026],[-97.32137587745332,49.91164221690597],[-97.32137678693017,49.91163600483685],[-97.32137769452828,49.911629792653144],[-97.3213786002476,49.9116235803551],[-97.3213795040881,49.911617367942945],[-97.32138040604977,49.911611155416914],[-97.32138130613254,49.91160494277724],[-97.3213822043364,49.911598730024174],[-97.3213831006613,49.91159251715794],[-97.32138399510721,49.91158630417878],[-97.32138488767413,49.91158009108694],[-97.32138577836197,49.911573877882645],[-97.32138666717074,49.91156766456612],[-97.3213875541004,49.911561451137636],[-97.3213884391509,49.9115552375974],[-97.3213893223222,49.91154902394566],[-97.32139020361431,49.91154281018266],[-97.32139108302717,49.91153659630862],[-97.32139196056073,49.91153038232379],[-97.32139283621498,49.911524168228404],[-97.32139370998989,49.911517954022706],[-97.32139458188541,49.91151173970692],[-97.32139545190152,49.91150552528129],[-97.32139632003819,49.91149931074606],[-97.32139718629539,49.911493096101445],[-97.32139805067307,49.911486881347706],[-97.3213989131712,49.91148066648506],[-97.32139977378975,49.91147445151376],[-97.32140063252872,49.91146823643404],[-97.32140148938804,49.91146202124613],[-97.32140234436767,49.911455805950276],[-97.32140319746763,49.91144959054671],[-97.32140404868784,49.91144337503567],[-97.32140489802828,49.91143715941738],[-97.32140574548893,49.911430943692096],[-97.32140659106975,49.911424727860044],[-97.3214074347707,49.911418511921475],[-97.32140827659177,49.911412295876616],[-97.3214091165329,49.9114060797257],[-97.32140995459409,49.91139986346897],[-97.3214107907753,49.91139364710667],[-97.32141162507648,49.91138743063903],[-97.32141245749762,49.911381214066274],[-97.32141328803867,49.91137499738865],[-97.32141411669961,49.91136878060641],[-97.3214149434804,49.91136256371976],[-97.32141576838104,49.911356346728965],[-97.32141659140147,49.911350129634236],[-97.32141741254166,49.911343912435854],[-97.3214182318016,49.911337695134016],[-97.32141904918124,49.911331477728965],[-97.32141986468055,49.91132526022095],[-97.32142067829952,49.9113190426102],[-97.32142149003808,49.911312824896946],[-97.32142229989623,49.91130660708144],[-97.32142310787394,49.91130038916392],[-97.32142391397117,49.91129417114461],[-97.3214247181879,49.91128795302376],[-97.32142552052409,49.91128173480159],[-97.32142632097971,49.911275516478355],[-97.32142711955474,49.91126929805427],[-97.32142791624914,49.911263079529604],[-97.3214287110629,49.91125686090457],[-97.32142950399596,49.911250642179425],[-97.3214302950483,49.911244423354375],[-97.32143108421991,49.911238204429665],[-97.32143187151074,49.91123198540557],[-97.32143265692076,49.91122576628229],[-97.32143344044997,49.91121954706006],[-97.32143422209829,49.91121332773914],[-97.32143500186574,49.91120710831976],[-97.32143577975226,49.91120088880214],[-97.32143655575786,49.91119466918654],[-97.32143732988246,49.911188449473194],[-97.32143810212605,49.911182229662316],[-97.32143887248861,49.91117600975418],[-97.32143964097011,49.91116978974899],[-97.32144040757052,49.911163569647],[-97.32144117228981,49.911157349448445],[-97.32144193512795,49.911151129153566],[-97.32144269608492,49.9111449087626],[-97.32144345516068,49.91113868827576],[-97.3214442123552,49.91113246769331],[-97.32144496766846,49.9111262470155],[-97.32144572110043,49.91112002624253],[-97.32144647265109,49.911113805374654],[-97.3214472223204,49.91110758441212],[-97.32144797010834,49.911101363355144],[-97.32144871601487,49.91109514220396],[-97.32144946003997,49.91108892095886],[-97.32145020218364,49.91108269962001],[-97.3214509424458,49.911076478187695],[-97.32145168082644,49.91107025666213],[-97.32145241732556,49.91106403504355],[-97.3214531519431,49.911057813332214],[-97.32145388467907,49.911051591528334],[-97.3214546155334,49.91104536963217],[-97.32145534450609,49.91103914764393],[-97.3214560715971,49.91103292556388],[-97.32145679680642,49.91102670339225],[-97.32145752013398,49.911020481129285],[-97.3214582415798,49.91101425877518],[-97.32145896114385,49.91100803633023],[-97.32145967882609,49.91100181379465],[-97.32146039462648,49.91099559116864],[-97.32146110854501,49.9109893684525],[-97.32146182058165,49.910983145646426],[-97.32146253073638,49.91097692275068],[-97.32146323900916,49.91097069976548],[-97.32146394539998,49.91096447669106],[-97.32146464990879,49.910958253527674],[-97.3214653525356,49.91095203027556],[-97.32146605328036,49.91094580693494],[-97.32146675214304,49.910939583506064],[-97.32146744912362,49.91093335998916],[-97.32146814422208,49.91092713638447],[-97.32146883743839,49.910920912692234],[-97.32146952877251,49.91091468891268],[-97.32147021822445,49.91090846504607],[-97.32147090579414,49.9109022410926],[-97.3214715914816,49.91089601705255],[-97.32147227528678,49.91088979292612],[-97.32147295720965,49.91088356871359],[-97.32147363725018,49.910877344415155],[-97.32147431540837,49.91087112003107],[-97.32147499168418,49.91086489556158],[-97.32147566607759,49.910858671006906],[-97.32147633858855,49.910852446367315],[-97.32147700921708,49.910846221643006],[-97.32147767796312,49.91083999683424],[-97.32147834482664,49.910833771941256],[-97.32147900980766,49.91082754696428],[-97.32147967290612,49.91082132190353],[-97.32148033412199,49.91081509675929],[-97.32148099345527,49.910808871531785],[-97.32148165090591,49.91080264622122],[-97.32148230647392,49.910796420827864],[-97.32148296015924,49.91079019535194],[-97.32148361196187,49.9107839697937],[-97.32148426188176,49.910777744153364],[-97.32148490991891,49.91077151843119],[-97.3214855560733,49.91076529262738],[-97.32148620034488,49.91075906674221],[-97.32148684273365,49.91075284077589],[-97.32148748323957,49.91074661472869],[-97.32148812186261,49.9107403886008],[-97.32148875860278,49.9107341623925],[-97.32148939346004,49.910727936103996],[-97.32149002643436,49.91072170973556],[-97.3214906575257,49.9107154832874],[-97.32149128673407,49.910709256759766],[-97.32149191405944,49.910703030152895],[-97.32149253950176,49.91069680346701],[-97.32149316306104,49.910690576702365],[-97.32149378473724,49.91068434985921],[-97.32149440453034,49.91067812293775],[-97.32266896729607,49.89884325633783],[-97.3226950740245,49.898421952209944],[-97.32271959171868,49.89817612452294],[-97.32304479829446,49.89491516078247],[-97.32322685375097,49.89308940760307],[-97.32356817788039,49.88966599999762]]]]}},{"type":"Feature","properties":{"number":"11","community":null,"website":"https://winnipeg.ca/node/42609","name":"St. Vital","asst":null,"clerk_phone":null,"asst_phone":null,"clerk":null,"councillor":"Brian Mayes","phone":"204-986-5088"},"geometry":{"type":"MultiPolygon","coordinates":[[[[-97.1166421870551,49.87062755818323],[-97.11581125346925,49.87043513321888],[-97.11495504157386,49.87013564869133],[-97.11448596438687,49.8698900501421],[-97.11389038783,49.86948261233806],[-97.11343191256185,49.86896521801761],[-97.11310011743481,49.86847028157377],[-97.11283354249312,49.86785402228671],[-97.11271632106417,49.86721809736849],[-97.1127763835828,49.866134193720036],[-97.11283518395953,49.86580624459502],[-97.11295189832151,49.865476688735356],[-97.1131924388252,49.864972372017924],[-97.11395788729236,49.86368365255573],[-97.11449452897145,49.86269886523744],[-97.1148355652404,49.86214518666734],[-97.11520518499368,49.86166761198674],[-97.11664686238059,49.86009325917792],[-97.11708176283152,49.859694079188124],[-97.11753530710503,49.85932239683451],[-97.11812706531093,49.858912162476045],[-97.1195385634652,49.85807668663921],[-97.12028774107486,49.85770809034354],[-97.1219379616506,49.85702008828522],[-97.12289372689274,49.856645474096766],[-97.12387450030303,49.85633754819765],[-97.12661090348514,49.85565574501923],[-97.12685973855714,49.855593740998934],[-97.12802103894185,49.85534139091631],[-97.12909615001223,49.855142030685045],[-97.12991770947365,49.85500656036248],[-97.13069568517236,49.854910325966515],[-97.13151382943128,49.8548631775966],[-97.13243500263779,49.85483723121328],[-97.13374451146487,49.85483112993939],[-97.13477026301139,49.854854442726044],[-97.13591109379601,49.85485920021357],[-97.13694787280771,49.854835077393226],[-97.13793478720538,49.85477444885172],[-97.13893177640261,49.85469102674767],[-97.13981596649725,49.85456680282719],[-97.14014241340747,49.8545209369302],[-97.14112182942607,49.85434712596698],[-97.14205052533127,49.85415889543038],[-97.1426215105844,49.853997466307405],[-97.1431838009538,49.85381160705202],[-97.14421691108534,49.85333352089972],[-97.14461363863495,49.853060862469384],[-97.14468941891194,49.85300878054508],[-97.14504400066974,49.85260791683142],[-97.14531026700561,49.8521739305576],[-97.14542882615022,49.851755133841436],[-97.14538351754975,49.85135921127724],[-97.14521772718612,49.85098600716559],[-97.14491551195634,49.85067436058567],[-97.14444166629413,49.850416907680874],[-97.14383300473803,49.85021338611888],[-97.14344383053228,49.85014765999156],[-97.14332487714088,49.85013538933106],[-97.14305368083079,49.85010741354349],[-97.14273037357957,49.85010648197809],[-97.14183532623896,49.85020771882935],[-97.14114543511627,49.85034028597232],[-97.14061961038885,49.85047888106685],[-97.14010426836126,49.85065248741488],[-97.13727305248436,49.85181385515208],[-97.1363381437736,49.85216427597533],[-97.13559810811914,49.85236909417681],[-97.13491401319166,49.852486419647946],[-97.13429831274706,49.85253430150375],[-97.13368132538056,49.85254731396398],[-97.13310091927042,49.85253201625461],[-97.13252684864226,49.85248877142365],[-97.13191205232864,49.85241087174655],[-97.13123758070338,49.852278463570414],[-97.1304738783424,49.85207407128671],[-97.12965480706472,49.85177189307111],[-97.12868868058209,49.85132965259078],[-97.12778536157919,49.85086122220127],[-97.12556099909739,49.84964731946151],[-97.12427206297565,49.848887910505596],[-97.12207369223978,49.8476522631668],[-97.12166800564856,49.84740346978232],[-97.12130908603255,49.847135035777924],[-97.12095263664744,49.84683689454769],[-97.12063793075909,49.84651308258852],[-97.12029216851708,49.8461194971083],[-97.11993976502745,49.845673115353925],[-97.1195991961798,49.84513555846512],[-97.119433442616,49.84466542919747],[-97.11941026637801,49.84417891594483],[-97.11949114108805,49.84372043780093],[-97.11972480103037,49.84324149169303],[-97.12004450388052,49.842825982998384],[-97.12042089391564,49.84250743049163],[-97.12089315849285,49.842156435875616],[-97.12133480318036,49.841917128460025],[-97.12185373052603,49.841718166909544],[-97.12247423646771,49.841576941641755],[-97.12308209171235,49.84152474663216],[-97.1239044451737,49.84153296396352],[-97.12446461939398,49.841592175240876],[-97.1251641081383,49.841685083775396],[-97.12589896099297,49.84184910086941],[-97.12665184501884,49.84205674914924],[-97.127253796375,49.8422594037317],[-97.12830335845057,49.8426460627553],[-97.1292152278537,49.84302539002807],[-97.12990227819385,49.843237053503074],[-97.13074093323695,49.84343671032205],[-97.13170593752633,49.84356360788086],[-97.1327069939947,49.843641784739496],[-97.13365898958969,49.84366307012002],[-97.13427950426917,49.84362376851441],[-97.1346984717105,49.84356252202113],[-97.13587424361714,49.8432669828571],[-97.13613146237178,49.843151248246855],[-97.1364559935768,49.843005225031284],[-97.13692122263576,49.84266340123987],[-97.13724633026482,49.84227427917737],[-97.1375169659548,49.8417635964946],[-97.13756079178016,49.84144389270964],[-97.13756558335471,49.841148208330466],[-97.13742295787192,49.8405849891659],[-97.13717595317341,49.840139076368764],[-97.13672841575251,49.83971373565139],[-97.13601289467672,49.83921779143045],[-97.13402820517109,49.83789656706791],[-97.1332955633219,49.837368884048075],[-97.13280898733856,49.836969245432364],[-97.13226655595703,49.83641657411205],[-97.13187800125667,49.83591750026585],[-97.13171440167476,49.83570736357993],[-97.1313139769055,49.835084736371066],[-97.13111609762021,49.8345937080074],[-97.13108367949711,49.83410534801593],[-97.13123081363665,49.83342440897726],[-97.1314671956124,49.83298457805149],[-97.13176385708982,49.832651104967084],[-97.13213890809064,49.83232909344719],[-97.13288468677055,49.831865173946284],[-97.13377257425476,49.83149787637112],[-97.13464126620336,49.831253497159125],[-97.13560474587207,49.831140669871694],[-97.1364867090511,49.83116590569184],[-97.13765198825787,49.831272178755995],[-97.13878012407174,49.83142203775948],[-97.13951972261954,49.83156224849863],[-97.14062682713481,49.831815438357445],[-97.14216661755388,49.83209255344302],[-97.14293065349277,49.8322127367401],[-97.14368573719472,49.83225798126628],[-97.14464232066358,49.83222230830025],[-97.14560320490787,49.83210850642237],[-97.14640625629548,49.83193012999843],[-97.14686304726779,49.831770007882476],[-97.14728655626902,49.83155240923893],[-97.14766248541424,49.831238860841694],[-97.14800856753139,49.83084664435772],[-97.14824891884517,49.83040174386393],[-97.14846175863546,49.829817021353875],[-97.14851344461776,49.82935805689221],[-97.1485260379894,49.8290282562038],[-97.14853206112087,49.82887051761199],[-97.14841151358665,49.82841475021854],[-97.14817207058975,49.82787294347609],[-97.14778156171126,49.82722758455991],[-97.14684299361178,49.826175711655914],[-97.14551779176286,49.824826130987795],[-97.14412397101343,49.823486484070315],[-97.14348559481994,49.82284729210971],[-97.14309134990982,49.8223552777748],[-97.142844903231,49.82194348199457],[-97.14272349498223,49.82164165664154],[-97.14231642550385,49.82054879849666],[-97.14213939336277,49.819825548084566],[-97.1420318575409,49.81906971502838],[-97.1419768925865,49.818394899708764],[-97.14190871645997,49.81684608203716],[-97.14181986498325,49.81625903157241],[-97.1416007918906,49.81560249893189],[-97.14123192578577,49.814965639945726],[-97.14089916735402,49.814558264372614],[-97.14028528733515,49.81413010846078],[-97.13939428740007,49.81360342695665],[-97.13836155242662,49.813302112520674],[-97.13691741076609,49.81300512995223],[-97.13658980915712,49.81295990280199],[-97.13546480216091,49.81289067768998],[-97.1342472057208,49.812847837641065],[-97.13350642849072,49.81287308894022],[-97.1328290093376,49.81297836965263],[-97.13185765829152,49.813209046656],[-97.13048433700793,49.81361914331397],[-97.1294182264916,49.81407136668975],[-97.1275198759414,49.81505625321918],[-97.12563468425401,49.815977414057514],[-97.12450099752236,49.81645638619947],[-97.12401611823634,49.816618720007405],[-97.12444980548149,49.81715192105533],[-97.12466854684371,49.81742084985538],[-97.12467452625222,49.81747787777851],[-97.12470297504714,49.81774920439125],[-97.12472018218183,49.81791331407196],[-97.12473205732044,49.818026570317556],[-97.12248391009832,49.81812506613841],[-97.1216741927676,49.81811984243471],[-97.1209630311749,49.818065380048424],[-97.119956082159,49.81792454549166],[-97.11944241455922,49.818028264747355],[-97.11326196845268,49.8201730604271],[-97.11223059546288,49.820533896678064],[-97.11174031936949,49.820681214521166],[-97.11134583301907,49.820711757753585],[-97.1109359186301,49.820679915734935],[-97.10934601734628,49.82036901764536],[-97.10918383628564,49.82033730241988],[-97.10884361266994,49.820291349323426],[-97.10832991110982,49.820282069477614],[-97.10780831540605,49.820333455853714],[-97.10739182387194,49.820452568825004],[-97.10063903128228,49.82279309658193],[-97.09965064244133,49.82313359926757],[-97.09905963099605,49.82321257869699],[-97.09650749056756,49.8233165514015],[-97.09569752543074,49.8234647624232],[-97.08503563731816,49.82715151581857],[-97.0849420539986,49.82697285067128],[-97.08474318543655,49.827041744303735],[-97.08398472929532,49.827304489748826],[-97.0837058609135,49.82740109385543],[-97.08315902635808,49.82759052195736],[-97.0824941840043,49.82782082364641],[-97.0824191140797,49.82784682743586],[-97.08235046534573,49.827870606894486],[-97.08210615852786,49.82795523260453],[-97.08198358686883,49.82799769002951],[-97.08198275358991,49.82793736292392],[-97.08194222477819,49.82787801395568],[-97.08178232725162,49.82782294384214],[-97.08163850307118,49.82772786754723],[-97.08160249684546,49.827674848284765],[-97.08158623654506,49.827597506651955],[-97.08160835803028,49.82752670243161],[-97.08172203610506,49.827420613665176],[-97.08216665416654,49.82721064336448],[-97.0822894244403,49.82699673371461],[-97.08221479404413,49.82683475737709],[-97.0821295877098,49.826818071452976],[-97.08191835335103,49.82686699803249],[-97.08155453785936,49.8270151096146],[-97.08131432721825,49.82706391264811],[-97.08114718318885,49.82707017346034],[-97.08099125773236,49.82703669055988],[-97.08087957665244,49.826970266660254],[-97.08059432629437,49.82670620342596],[-97.08056895060966,49.82662871062983],[-97.08060666150833,49.82644880529074],[-97.08066807015756,49.82634810079118],[-97.08089125733322,49.826132731352985],[-97.08097858274631,49.82597378367665],[-97.08113302677769,49.82580032469595],[-97.08124728478094,49.825570999509836],[-97.08144804819901,49.82531186101869],[-97.08168480012783,49.82510608833772],[-97.08175659914713,49.824986807929925],[-97.08218815684057,49.824441599220954],[-97.08245852136706,49.82422700763341],[-97.08251870233288,49.82415718024746],[-97.08260833176341,49.82388543816995],[-97.08253883181295,49.82370236927859],[-97.0824063722397,49.82356443241485],[-97.08230297685766,49.823519324519886],[-97.08216588095823,49.823498655197014],[-97.08201206798097,49.8235207584719],[-97.08106088569556,49.823826144546175],[-97.08087663091531,49.82391231638012],[-97.08066993177893,49.82395541382213],[-97.08041771428641,49.823941861897914],[-97.0801980021582,49.82389343633417],[-97.08012355355494,49.82384915327911],[-97.08008738633718,49.82378675714547],[-97.08010008860153,49.823709895146344],[-97.08024841144956,49.823582509927526],[-97.08043883834227,49.823462418358176],[-97.08068083812854,49.823259512021366],[-97.08114104741823,49.82270887974796],[-97.0812234759185,49.82242938158912],[-97.0813399563406,49.82225216903864],[-97.08141531375325,49.8220971236122],[-97.08145447927524,49.82201656921652],[-97.08152387106821,49.82194379990279],[-97.08155214738606,49.82183942173734],[-97.08151761393867,49.821749279214366],[-97.08144330459014,49.82170152755536],[-97.08131110817992,49.821665662688005],[-97.08119230647159,49.82165744619216],[-97.08015419536005,49.821868689828676],[-97.07955598153983,49.821920225806764],[-97.07928933764396,49.82191893049735],[-97.07840839042663,49.821955358111616],[-97.07816358193865,49.82198532078116],[-97.07790806172656,49.82194705923607],[-97.07772950185812,49.82187605096334],[-97.0775823345226,49.82174411356622],[-97.07754333982756,49.82164486928984],[-97.07762113886452,49.82148264139607],[-97.07785544017578,49.821230314523014],[-97.07790371634,49.82109537054444],[-97.07786809019939,49.82103298264384],[-97.07746707502251,49.82080726281911],[-97.07711178196196,49.820565288888886],[-97.0770720600785,49.820484432558345],[-97.07706955856891,49.82042571870575],[-97.07711936100768,49.820374122024155],[-97.07735629766262,49.82028535862961],[-97.07771072452728,49.82025131446387],[-97.07817155964486,49.82017251299012],[-97.07838007285635,49.82008327605103],[-97.078425404806,49.82002257815694],[-97.07848140332841,49.81973326975728],[-97.07845746262902,49.819524915737105],[-97.07835175443957,49.819348881423295],[-97.07818311646082,49.81924436249717],[-97.0780743859662,49.81925297415254],[-97.07789340225912,49.81935169375362],[-97.07781145536107,49.81960515970981],[-97.07762584943812,49.819820452545315],[-97.07755630376923,49.81985575187503],[-97.07742667229077,49.819877208729274],[-97.07723068424315,49.81985548389247],[-97.07703211469389,49.819800184769534],[-97.07686126890744,49.8197114899089],[-97.07675333177471,49.81963169157439],[-97.07673156761298,49.819571616437116],[-97.0767458410097,49.81950936210936],[-97.07680004242829,49.819468600963724],[-97.07689257664876,49.819462499065935],[-97.07699663256848,49.8194770715671],[-97.07722622184122,49.81946525904834],[-97.07731519508701,49.819440697515546],[-97.07746367649798,49.819349771670055],[-97.07757371415461,49.81921342237758],[-97.07760055382148,49.819037156318636],[-97.07755090515563,49.81897661867166],[-97.07746785924822,49.81894642529825],[-97.07728683526561,49.818951406399904],[-97.07706179810691,49.819051476689424],[-97.07692350618872,49.819088412054604],[-97.07670362075858,49.81905272891617],[-97.07629156251626,49.81890884786673],[-97.07623155026208,49.818798491734505],[-97.076286260421,49.81874489384649],[-97.07648020879328,49.818711660635564],[-97.07674134877027,49.81871599569953],[-97.07690427867658,49.81866662407171],[-97.07696619242289,49.81862078325177],[-97.07699002514798,49.818572121933464],[-97.07696146670175,49.8183880984393],[-97.07682803252793,49.81830256199263],[-97.07658988408423,49.81823369014253],[-97.07650539920611,49.81813056285885],[-97.07643877507178,49.817983990981986],[-97.07640814900495,49.81774150241679],[-97.07646007029744,49.81755523776564],[-97.07667501333978,49.81730363332387],[-97.07672547522255,49.81714060496496],[-97.07673369672021,49.81701635625779],[-97.07672835457656,49.816864996775436],[-97.0767623306037,49.81672530254914],[-97.07671452888268,49.81660473409557],[-97.0766270488069,49.816483506940294],[-97.07649667176995,49.816429266453746],[-97.07629477258597,49.8164467448273],[-97.07618889289107,49.816491855273505],[-97.07605494901006,49.816622251541645],[-97.07594711823464,49.81679821723709],[-97.07585177055296,49.816983062817435],[-97.07576891887275,49.8173538571715],[-97.07567102064431,49.81749526684694],[-97.07551376902825,49.81760444494603],[-97.07534761101455,49.81764056838711],[-97.07514215946868,49.81765277815623],[-97.075054607385,49.817628062946426],[-97.0749842844801,49.81757481850215],[-97.07495876991418,49.817514680686045],[-97.07492622386754,49.81712638363307],[-97.07503638905627,49.816933477455315],[-97.07538430286013,49.8166883351225],[-97.07538748278076,49.81660818899505],[-97.07524266969764,49.81648338632955],[-97.07510989484652,49.81638926099006],[-97.07492715503223,49.81628105735322],[-97.07453838870464,49.816103681677454],[-97.07422767857555,49.81603404955838],[-97.07387228642222,49.81598641729259],[-97.07365628616144,49.81593055419088],[-97.07353279976437,49.81592869691824],[-97.07341476789752,49.81596596247685],[-97.07335677041851,49.81600925105548],[-97.07333036075806,49.816065934908636],[-97.07337529083382,49.81615243526272],[-97.07352200560975,49.81631732880477],[-97.07357255588094,49.81642069984827],[-97.07361044434226,49.81668167726322],[-97.07356247906046,49.81680041965758],[-97.07338052707543,49.8169396261761],[-97.07323961551532,49.817037217963694],[-97.07312865998462,49.81705090010796],[-97.07301421275366,49.81701815814967],[-97.07288040599985,49.81692429806359],[-97.07260432796542,49.81665301614075],[-97.07233850871644,49.81631325679271],[-97.07197030839913,49.816113706553885],[-97.07166350659038,49.81587309813416],[-97.07144398090419,49.81573211338114],[-97.07141101409958,49.8156297099635],[-97.07154146717234,49.81532712662295],[-97.07152023367475,49.81512017435184],[-97.07125719561421,49.81482171455785],[-97.07116057970796,49.81435492470536],[-97.0712004832842,49.8142624327888],[-97.0713161206786,49.81422320309633],[-97.07143909888893,49.81422786321392],[-97.07159970072622,49.814352694121624],[-97.07184508093152,49.81442732899893],[-97.0721110156417,49.814442315515194],[-97.0722479527448,49.814443440445054],[-97.07235853894167,49.81439144374218],[-97.07255809371621,49.81417154462127],[-97.07273120482924,49.81389750336766],[-97.07275516817246,49.813705648535766],[-97.0726986197816,49.813517317058796],[-97.07263492024809,49.81325259192599],[-97.0725718849123,49.81311900575172],[-97.072513243721,49.813079010619795],[-97.07236461390214,49.813066018950906],[-97.07203127060825,49.813102104412],[-97.07183489745962,49.813153510511526],[-97.07126406260957,49.81337046752492],[-97.07078438584344,49.813491389989146],[-97.07013741949433,49.81375888708939],[-97.06967360116812,49.81391495810014],[-97.06949082599013,49.81401135814938],[-97.06935278440292,49.81405203445836],[-97.06918849748187,49.81405366483119],[-97.0689768807556,49.81400317317884],[-97.06847890154818,49.81394085565986],[-97.0682758250111,49.81386270439719],[-97.06816665374346,49.81378553503226],[-97.06814702148945,49.813686207655735],[-97.0682155680082,49.813605597413975],[-97.06841226464621,49.81355022592623],[-97.06867868641882,49.81349928905532],[-97.06881191671653,49.81342727588778],[-97.06884101090705,49.81331114380882],[-97.06880974339214,49.81317578562782],[-97.068790513574,49.8131282398495],[-97.0687687155108,49.81307973691782],[-97.06872363733159,49.812989933075805],[-97.06869205731059,49.81291024893775],[-97.06866984366279,49.8128397161203],[-97.06867284966883,49.812764206586934],[-97.06869067118691,49.81270063777598],[-97.06873777228812,49.81263485847266],[-97.06879887215148,49.81256661393246],[-97.06887072724231,49.81250754382471],[-97.0689763153566,49.81243914119424],[-97.0690903392252,49.8124032617646],[-97.06922559368464,49.81235784131707],[-97.06930478117262,49.81232407968383],[-97.0693659096436,49.812290017067156],[-97.06941083330754,49.812243990638244],[-97.06941262187448,49.81219904446339],[-97.06936589775349,49.812150591335055],[-97.0692831825328,49.812127873654376],[-97.06926827029254,49.81212377790312],[-97.0691556067012,49.81212549843074],[-97.06900685496872,49.81216079912299],[-97.06884737712967,49.81222110738955],[-97.06868180554041,49.81229480665151],[-97.06858217412656,49.81231833233555],[-97.06850854934333,49.81231710494815],[-97.0683766877768,49.812312208028324],[-97.06825608935756,49.81226881940759],[-97.06815002690014,49.81220948168323],[-97.0680444300583,49.81213845786789],[-97.06797800883386,49.812095972355635],[-97.06796512675666,49.812035489715115],[-97.06798330687892,49.81196293178558],[-97.06802435049602,49.81190964502686],[-97.06808028073664,49.81186650120493],[-97.06815530078971,49.811832670863495],[-97.06829497242218,49.811781028517345],[-97.0684045772981,49.81175137272416],[-97.06846823339649,49.81172364935766],[-97.06853403007716,49.81167707172792],[-97.06860990837633,49.81162166692846],[-97.06867467349815,49.81156607682567],[-97.06874086337757,49.81150961091678],[-97.06880562819818,49.81145402073619],[-97.06887042864989,49.81139753159377],[-97.06889493820002,49.81137545212628],[-97.06894820240117,49.81129448362179],[-97.06894187756633,49.811208923826804],[-97.06891044137834,49.81112564404094],[-97.06882393546297,49.81106393431925],[-97.06873201005543,49.81103361738471],[-97.0686129337206,49.81105681895133],[-97.06849862641074,49.81109988933792],[-97.06838320944004,49.8111708262259],[-97.0682559275838,49.81126045508747],[-97.06812558751565,49.81132214770176],[-97.06801826747373,49.8113293533345],[-97.06796572186991,49.81132242407963],[-97.06788552071528,49.81131184780286],[-97.06775484338982,49.81127728575522],[-97.06765216337718,49.81123779340097],[-97.0675708215015,49.81118606358527],[-97.06753005049003,49.81112781427046],[-97.06752740709761,49.81109712713489],[-97.06752624848059,49.81108367437927],[-97.06751856558789,49.81103227359601],[-97.06751149139424,49.810965591126276],[-97.06746438380195,49.810891944252695],[-97.06740488184319,49.810815392050486],[-97.06732179374812,49.81077262812297],[-97.06721708896661,49.810714211677464],[-97.06712477888591,49.81065870048055],[-97.0670219245836,49.81058130696997],[-97.0669250597842,49.810462424858706],[-97.06692438947539,49.81037535860062],[-97.06700260399678,49.810247643501896],[-97.06699493659484,49.810145728102114],[-97.06695904732094,49.81008553005792],[-97.06687711702145,49.810029474593314],[-97.06672611785638,49.80996736478653],[-97.06643130825822,49.80975640557973],[-97.06633165829547,49.809660321153956],[-97.06623638720035,49.80954957732712],[-97.06623320656117,49.80950347530115],[-97.06598162781128,49.80893200610253],[-97.06119267100539,49.81060496307904],[-97.06100524202908,49.81067043241173],[-97.06081781255304,49.81073590143446],[-97.04702407014142,49.81555271888181],[-97.02973501552908,49.821492823507484],[-97.02707128150435,49.82220424697597],[-97.02566823165445,49.822426597073424],[-97.02555028888432,49.82271740435344],[-97.02639419781252,49.82287777674554],[-97.02668119814902,49.8229323152735],[-97.02669027452578,49.826893173664374],[-97.02672972131145,49.84089610333268],[-97.02700749344555,49.840896132960246],[-97.03260026871212,49.84089658780924],[-97.03819305186856,49.840896772696944],[-97.04009991387294,49.84089682320954],[-97.04378482299326,49.84089683321863],[-97.04691644267,49.84089674872183],[-97.04937660190582,49.84089662297754],[-97.0498474734408,49.84089659295721],[-97.04985061100348,49.840668412613226],[-97.04986391605753,49.82506160245428],[-97.05069049795823,49.82521843448049],[-97.05082960157527,49.82524483914514],[-97.05124798579419,49.82532426470875],[-97.05167926644606,49.82540613667025],[-97.05193863296691,49.825455372490694],[-97.05210121404646,49.825486235083154],[-97.05226379533892,49.8255170974498],[-97.05242637684432,49.82554795959052],[-97.05258895856274,49.825578821505516],[-97.05278699863874,49.82561641390875],[-97.05307641162163,49.82567135020777],[-97.0541577138123,49.8253540813255],[-97.0543652792882,49.82568948360174],[-97.05456872875472,49.82595455527698],[-97.05457217109523,49.825958407448766],[-97.05457562203824,49.82596225639806],[-97.05457908157653,49.82596610211685],[-97.05458254970287,49.82596994459718],[-97.05458602641,49.825973783830996],[-97.05458951169075,49.825977619810175],[-97.05459300553773,49.82598145252678],[-97.0545965079437,49.82598528197286],[-97.05460001890135,49.82598910814036],[-97.05460353840334,49.82599293102135],[-97.05460706644229,49.825996750607786],[-97.05461060301089,49.82600056689161],[-97.0546141481017,49.826004379864976],[-97.05461770170736,49.826008189519854],[-97.05462126382044,49.82601199584836],[-97.05462483443348,49.82601579884248],[-97.05462841353902,49.82601959849431],[-97.05463200112963,49.826023394795854],[-97.0546355971978,49.82602718773921],[-97.05463920173601,49.82603097731646],[-97.0546428147367,49.82603476351971],[-97.0546464361924,49.82603854634093],[-97.05465006609548,49.82604232577245],[-97.0546537044384,49.826046101806206],[-97.05465737929764,49.826049903440676],[-97.05466106271152,49.826053701608785],[-97.05466475467229,49.82605749630269],[-97.05466845517203,49.82606128751413],[-97.054672164203,49.82606507523516],[-97.05467588175723,49.82606885945782],[-97.05467960782693,49.82607264017389],[-97.05468334240413,49.8260764173756],[-97.05468708548096,49.82608019105469],[-97.05469083704944,49.82608396120331],[-97.05469459710166,49.8260877278134],[-97.05469836562958,49.82609149087701],[-97.05470214262527,49.82609525038619],[-97.05470592808071,49.82609900633284],[-97.05470972198785,49.82610275870914],[-97.05471352433865,49.82610650750712],[-97.05471733512508,49.82611025271861],[-97.05472115433902,49.82611399433595],[-97.05472498197241,49.82611773235097],[-97.05472881801708,49.82612146675591],[-97.05473266246496,49.82612519754289],[-97.05473651530781,49.82612892470376],[-97.05474037653758,49.82613264823083],[-97.05474424614596,49.826136368116124],[-97.05474812412483,49.82614008435171],[-97.05475201046592,49.826143796929756],[-97.054755905161,49.826147505842435],[-97.05475980820187,49.82615121108176],[-97.05476371958012,49.82615491263994],[-97.0547676392876,49.82615861050919],[-97.05477156731588,49.826162304681546],[-97.05477550365673,49.82616599514924],[-97.05477944830173,49.826169681904446],[-97.05478340124252,49.826173364939315],[-97.05478736247076,49.826177044246066],[-97.05479133197807,49.82618071981689],[-97.05479530975592,49.82618439164393],[-97.05479929579596,49.82618805971946],[-97.05480329008975,49.826191724035716],[-97.05480729262877,49.8261953845849],[-97.05481130340458,49.82619904135922],[-97.0548153224086,49.826202694350876],[-97.05481934963241,49.82620634355228],[-97.05482338506738,49.82620998895556],[-97.054827428705,49.82621363055308],[-97.05483148053669,49.82621726833704],[-97.05483554055384,49.82622090229969],[-97.05483960874788,49.82622453243347],[-97.05484368511013,49.82622815873052],[-97.05484776963196,49.82623178118324],[-97.05485189395742,49.82623542772702],[-97.05485602655135,49.826239070351185],[-97.05486016740484,49.82624270904786],[-97.05486431650904,49.826246343809245],[-97.05486847385495,49.826249974627444],[-97.05487263943365,49.82625360149466],[-97.05487681323618,49.826257224403015],[-97.05488099525353,49.82626084334488],[-97.05488518547669,49.82626445831228],[-97.05488938389665,49.82626806929752],[-97.05489359050438,49.82627167629279],[-97.05489780529076,49.82627527929038],[-97.05490202824681,49.826278878282494],[-97.05490625936335,49.82628247326132],[-97.05491049863133,49.826286064219175],[-97.05491474604156,49.82628965114832],[-97.05491900158495,49.82629323404106],[-97.05492326525231,49.82629681288961],[-97.05492753703446,49.82630038768632],[-97.05493181692218,49.826303958423395],[-97.05493610490629,49.82630752509323],[-97.05494040097753,49.826311087688175],[-97.05494470512666,49.82631464620045],[-97.05494901734441,49.826318200622424],[-97.05495333762148,49.82632175094649],[-97.0549576659486,49.826325297165],[-97.05496196903893,49.826328812128594],[-97.05496628003797,49.82633232303439],[-97.05497059893665,49.82633582987485],[-97.05497492572579,49.826339332642604],[-97.05497926039621,49.82634283133023],[-97.05498360293872,49.82634632593018],[-97.05498795334408,49.82634981643521],[-97.05499231160312,49.82635330283787],[-97.05499667770657,49.82635678513064],[-97.05500105164516,49.82636026330633],[-97.05500543340962,49.82636373735741],[-97.05500982299067,49.82636720727654],[-97.05501422037898,49.82637067305644],[-97.05501862556525,49.82637413468968],[-97.05502303854013,49.826377592168896],[-97.05502745929425,49.82638104548683],[-97.05503188781826,49.82638449463612],[-97.0550363241027,49.826387939609525],[-97.05504076813827,49.826391380399656],[-97.05504521991547,49.826394816999176],[-97.05504967942488,49.826398249400825],[-97.05505414665701,49.82640167759742],[-97.05505862160244,49.8264051015815],[-97.05506310425166,49.826408521345996],[-97.05506759459516,49.826411936883645],[-97.0550720926234,49.82641534818708],[-97.0550765983269,49.82641875524904],[-97.05508111169604,49.82642215806253],[-97.05508563272126,49.826425556619995],[-97.055090161393,49.82642895091454],[-97.0550946977016,49.82643234093882],[-97.05509924163754,49.826435726685624],[-97.0551037931911,49.8264391081478],[-97.05510835235263,49.82644248531826],[-97.05511291911252,49.82644585818971],[-97.05511749346103,49.826449226755074],[-97.05512207538847,49.82645259100718],[-97.05512666488512,49.826455950938836],[-97.05513126194127,49.82645930654305],[-97.05513586654716,49.82646265781255],[-97.055140478693,49.826466004740325],[-97.05514509836908,49.826469347319374],[-97.05514972556551,49.82647268554235],[-97.05515436027252,49.82647601940242],[-97.05515900248032,49.82647934889233],[-97.055163652179,49.826482674005035],[-97.05516830935873,49.82648599473368],[-97.05517297400962,49.82648931107103],[-97.05517764612179,49.82649262301002],[-97.05518232568532,49.82649593054382],[-97.05518697382064,49.82649920631186],[-97.05519162926488,49.826502477733676],[-97.05519629200835,49.82650574480227],[-97.0552009620413,49.82650900751089],[-97.05520563935404,49.82651226585283],[-97.05521032393675,49.82651551982105],[-97.0552150157797,49.82651876940903],[-97.05521971487309,49.82652201460977],[-97.0552244212071,49.82652525541661],[-97.05522913477198,49.82652849182284],[-97.0552338555578,49.82653172382172],[-97.05523858355484,49.82653495140632],[-97.05524331875311,49.82653817457002],[-97.05524806114282,49.826541393306165],[-97.05525281071401,49.82654460760792],[-97.05525756745686,49.826547817468665],[-97.05526233136136,49.82655102288166],[-97.0552671024176,49.826554223840255],[-97.05527188061569,49.82655742033771],[-97.0552766659456,49.82656061236748],[-97.05528145839736,49.82656379992275],[-97.05528625796097,49.82656698299695],[-97.05529106462646,49.82657016158352],[-97.05529587838373,49.82657333567564],[-97.05530070552147,49.826576509402045],[-97.0553055397494,49.82657967860916],[-97.05531038105742,49.82658284329022],[-97.0553152294354,49.826586003438685],[-97.05532008487316,49.8265891590479],[-97.05532494736065,49.82659231011131],[-97.05532981688756,49.82659545662236],[-97.05533469344383,49.82659859857431],[-97.05533957701921,49.82660173596069],[-97.05534446760349,49.82660486877502],[-97.05534936518643,49.826607997010676],[-97.0553542697578,49.826611120661084],[-97.05535918130735,49.82661423971968],[-97.05536409982481,49.82661735418],[-97.0553690252999,49.82662046403558],[-97.0553739577223,49.82662356927985],[-97.0553788970817,49.82662666990625],[-97.05538384336776,49.8266297659085],[-97.05538879657016,49.826632857279925],[-97.05539375667853,49.82663594401407],[-97.0553987236825,49.82663902610465],[-97.05540369757165,49.82664210354501],[-97.05540867833565,49.82664517632884],[-97.05541366596402,49.82664824444969],[-97.05541866044635,49.82665130790109],[-97.05542366177217,49.82665436667672],[-97.05542866993112,49.826657420770125],[-97.05543368491259,49.826660470174915],[-97.05543870670618,49.82666351488481],[-97.05544373530135,49.82666655489332],[-97.05544877068762,49.82666959019407],[-97.05545381285444,49.82667262078086],[-97.05558956833927,49.826739190906856],[-97.05620198473913,49.82643293124921],[-97.05721503387578,49.82712496354514],[-97.05740396557626,49.827014702540914],[-97.05752333285764,49.826935981112165],[-97.05768194233413,49.82682652021643],[-97.05784887777132,49.82670483067282],[-97.05798234666266,49.82660231603095],[-97.05805790262777,49.82661665259629],[-97.05830982729677,49.826664454289656],[-97.05854519036744,49.826709112908844],[-97.05876068465221,49.826750001065264],[-97.05896439110336,49.8267886521532],[-97.05915053556619,49.8268239706791],[-97.05931311716066,49.82685481816729],[-97.05948383339796,49.82688720879883],[-97.05964641542876,49.82691805582397],[-97.0598008632211,49.826947359276694],[-97.05996344566688,49.826978205861536],[-97.06013416279815,49.827010595544536],[-97.06029674568025,49.827041441666324],[-97.06045119428127,49.8270707442609],[-97.06061377757837,49.8271015899424],[-97.06078449560351,49.827133978676855],[-97.06094707933694,49.8271648238953],[-97.06110152874668,49.82719412563171],[-97.06126411289507,49.827224970409866],[-97.06144650023808,49.82725957184953],[-97.06178587182835,49.82732395451346],[-97.06209958700968,49.82738346883202],[-97.0624174770347,49.82744377414134],[-97.06273302082825,49.8275036333525],[-97.06304856542333,49.827563491713065],[-97.06336645787691,49.82762379444488],[-97.06392655220637,49.82773003927911],[-97.06421993652985,49.82778569037385],[-97.0647800347073,49.82789193112387],[-97.06512859545761,49.82795804535843],[-97.06546054100124,49.8280210069198],[-97.06563126131735,49.828053387755894],[-97.06579384765124,49.82808422553168],[-97.0659564339834,49.82811506304096],[-97.06612715519537,49.828147443194375],[-97.06629787664193,49.82817982309877],[-97.06646046363369,49.8282106599079],[-97.06662305083819,49.828241496491174],[-97.0667775035453,49.82827079002437],[-97.06693195644442,49.82830008335385],[-97.06709454426591,49.82833091928215],[-97.06725713230013,49.8283617549846],[-97.0674278552993,49.828394133240764],[-97.06759857853307,49.8284265112479],[-97.06776116722683,49.82845734625017],[-97.06792375613337,49.828488181026565],[-97.06808634525262,49.82851901557711],[-97.0682570693911,49.828551392623645],[-97.06841965894652,49.828582226711255],[-97.06858224871463,49.82861306057291],[-97.06875297353446,49.82864543689607],[-97.06892369858885,49.82867781297031],[-97.06908628901648,49.82870864613176],[-97.06924887965684,49.828739479067345],[-97.06940333562788,49.828768769135436],[-97.06955779179091,49.828798058999624],[-97.06972038304818,49.828828891280196],[-97.06986680350884,49.82885607363985],[-97.07011413752598,49.8289032720982],[-97.07035071084148,49.828948416527204],[-97.07165744100396,49.831503007395575],[-97.0763333101505,49.84063858261976],[-97.0847778933699,49.840550075084664],[-97.08873032407163,49.83935115135859],[-97.08859866354466,49.8398154824294],[-97.08844093824517,49.840180535976735],[-97.08799050260474,49.84064384581074],[-97.087912773415,49.84075055802945],[-97.08796548579946,49.84096563301265],[-97.08805297412572,49.84104762048913],[-97.08810612287598,49.841170007641935],[-97.08864272600884,49.84159754934029],[-97.08865492362105,49.84171023427923],[-97.08861030335346,49.841793513932785],[-97.08842008581547,49.84192056573897],[-97.08815919945982,49.841961047003295],[-97.08777378092199,49.84193316287821],[-97.08727191790754,49.8418224643798],[-97.08718891404394,49.8418172753833],[-97.08710282451652,49.84183741000655],[-97.08692338458833,49.84197536856781],[-97.08683802313571,49.84217948517638],[-97.08674145189492,49.84231539156365],[-97.0866073095516,49.84243466628298],[-97.08647275610689,49.8424841731243],[-97.08640679330779,49.84246884980744],[-97.08627509420398,49.842391685739024],[-97.08615534544363,49.842202235122016],[-97.0861578801158,49.84213805014182],[-97.08612560760729,49.84204447500394],[-97.0860138895665,49.8420051352223],[-97.08593571806465,49.842027104571166],[-97.08587835013346,49.84207962148167],[-97.08582928490337,49.84227531042995],[-97.08581793845987,49.84256258151589],[-97.08593034862888,49.84280190403893],[-97.08603540281055,49.84332266149049],[-97.08616842920289,49.843515803195984],[-97.08622884224208,49.84365809995258],[-97.08633337707118,49.84374349475426],[-97.08646403687135,49.84375190150017],[-97.0871877488232,49.84360137334253],[-97.08734506799864,49.8435327997938],[-97.08769039408193,49.84324374997346],[-97.0879388172136,49.8431655695166],[-97.08809668382952,49.843164702527474],[-97.08826284146346,49.84321222901114],[-97.08843209543225,49.843330976588],[-97.08854771996658,49.84354361725538],[-97.08854271109699,49.84360255386788],[-97.08849781510561,49.843692772353975],[-97.0881396087562,49.84402257834137],[-97.0879923174873,49.84423157589217],[-97.08784537032494,49.84466311614312],[-97.08786935038576,49.84481730899541],[-97.08796823796678,49.84490989970727],[-97.08812248021997,49.84498743370509],[-97.08824612796508,49.84499676424886],[-97.08840480528632,49.8449618873407],[-97.088750172065,49.84478080553632],[-97.08898629599538,49.844606253355856],[-97.08911805684257,49.844477889525365],[-97.08926831353423,49.8443842005365],[-97.08940577094958,49.844329183579276],[-97.08964163414831,49.84429731342069],[-97.08974357081267,49.84429899384556],[-97.08994561174015,49.844348845254224],[-97.09018119862944,49.844541936810316],[-97.09024085902259,49.844703660609056],[-97.0901923439053,49.84484485434315],[-97.0900260153308,49.84497855155942],[-97.08969868891855,49.84528769377676],[-97.08965079933085,49.84539938798801],[-97.08967066302274,49.845453874248726],[-97.0898194214593,49.84553444010435],[-97.08992033506365,49.845562141382935],[-97.09026953805991,49.84571961080697],[-97.09046089556384,49.84582274966752],[-97.09050457590416,49.84588596035223],[-97.09049834162168,49.84604416795136],[-97.09042185337475,49.84610505130966],[-97.0902989297012,49.846145380601],[-97.09022786429334,49.84621850420998],[-97.09022620976731,49.846260484726436],[-97.0902526052652,49.846299108619775],[-97.09043445492148,49.84633022626263],[-97.09068266058782,49.84632598390196],[-97.09075464810287,49.84631120006288],[-97.09091215241253,49.846251651195196],[-97.0911852043443,49.846093672830634],[-97.09135174641722,49.84603635526858],[-97.09142592759585,49.846047645025166],[-97.09158811858737,49.8461825885991],[-97.09173111933131,49.846368597343584],[-97.0917793053108,49.84639924758706],[-97.09182068262172,49.84653463154846],[-97.09169043071863,49.84669288001931],[-97.09151900043311,49.84679247251407],[-97.09128541303868,49.84688895795524],[-97.0911608241341,49.84698515537699],[-97.09120450992054,49.84706190556258],[-97.09130628849408,49.84706774803969],[-97.09153460777121,49.84702325154749],[-97.09199801012862,49.84687153051095],[-97.09215003256976,49.84678758768876],[-97.09237032136164,49.846715183613604],[-97.09245638958203,49.84672458535232],[-97.09270534098431,49.846865121502084],[-97.09316572188939,49.84702198166413],[-97.09337215899238,49.847137861947836],[-97.09386747367991,49.847553242530154],[-97.09387517467923,49.84763044128862],[-97.09385361549958,49.84771444935969],[-97.09368193813916,49.8479022225483],[-97.09331112357388,49.848020409409834],[-97.0928268819275,49.84811485660639],[-97.09268807117519,49.84817679878163],[-97.09267251709949,49.84824458840892],[-97.09277953162892,49.84836299934285],[-97.09302568418059,49.84845210727171],[-97.093326616956,49.848527187617826],[-97.09386702186933,49.84847914160901],[-97.09409353848578,49.84854882983798],[-97.0941872896061,49.84860869649599],[-97.094748592105,49.8488484480328],[-97.09489917012667,49.84888321051491],[-97.09516544549224,49.848897655632925],[-97.09545768390967,49.8487979602597],[-97.0955411418645,49.848805580926594],[-97.09568646922881,49.848891984638286],[-97.09571396201483,49.84894381778973],[-97.09574611887714,49.84973763287678],[-97.09569406573941,49.84995549549168],[-97.09569614077841,49.84997519594475],[-97.09571087931539,49.85011512344198],[-97.09583172217073,49.850360129072975],[-97.09593851648586,49.85067572669248],[-97.09603469128393,49.85107030477694],[-97.09629789867482,49.85135444891592],[-97.09662931448047,49.85161089751448],[-97.09692238491644,49.851968783786766],[-97.09709688088542,49.85202372487446],[-97.09724645836627,49.852002226067455],[-97.09747937167876,49.851800177503485],[-97.09768557150718,49.8515126330185],[-97.09781242612726,49.85137237509502],[-97.09809735017055,49.851226726393094],[-97.09850395808007,49.85112716441967],[-97.09877488254563,49.8511055716487],[-97.09891865033472,49.85114993791213],[-97.09899347418849,49.85122719583888],[-97.09899110882542,49.851328531027036],[-97.09908336865182,49.851741442267674],[-97.0990454769849,49.85203661054913],[-97.09893159213652,49.85216111268936],[-97.09854909395074,49.852357585354305],[-97.09794393962262,49.85271357298892],[-97.09771111760726,49.8528038348568],[-97.09740118172235,49.852875124534066],[-97.09728295641442,49.852891236403025],[-97.09717165574693,49.85288142401335],[-97.09684916609409,49.852793848860024],[-97.09667624883241,49.85269866148683],[-97.09650858551261,49.85263376404375],[-97.09642495721786,49.85263030736687],[-97.09634627725642,49.8526512338993],[-97.09628897083209,49.85268848136357],[-97.09607632004408,49.853057849793814],[-97.09617384725783,49.8533358049729],[-97.0962541961631,49.853455928989],[-97.09619328584198,49.85356273205969],[-97.09611836769999,49.853593035697195],[-97.09566288901408,49.85358041842922],[-97.09550665409971,49.85363065280094],[-97.0954799588,49.853674948956176],[-97.09554682833418,49.8537339831916],[-97.0959962018262,49.853901972580466],[-97.09615652264159,49.85397867566939],[-97.09633015039519,49.854120866014185],[-97.09639857672576,49.85414032396992],[-97.09653450544917,49.85411615576908],[-97.09706114761838,49.85376105891483],[-97.09712543894297,49.8536836452473],[-97.09728807757728,49.85358584554848],[-97.09743245714687,49.85354861460122],[-97.09751375494945,49.85355801619844],[-97.0975889645086,49.85360691914273],[-97.09770538913406,49.85373276784454],[-97.09776566652324,49.85387309534248],[-97.09778398553738,49.85404206843033],[-97.09773950543229,49.85416380914304],[-97.09773402458318,49.85441892783319],[-97.09761944761853,49.85493919806638],[-97.09757204374026,49.85501982265312],[-97.09727233291319,49.855286244762716],[-97.09692946055274,49.85540968586089],[-97.09648580270586,49.85549993617115],[-97.09627792793886,49.85559405823516],[-97.0961113900172,49.85570425955643],[-97.09604221430445,49.85579039270952],[-97.0959971044812,49.85595685724964],[-97.09606839853816,49.856105433528555],[-97.09614075941771,49.85616801845787],[-97.09621101289979,49.856228780503244],[-97.09639129005822,49.85649061726478],[-97.0964871197816,49.85656332704674],[-97.0966567912957,49.856748719937755],[-97.09669613527512,49.8568733036021],[-97.09679330051159,49.85693494540448],[-97.09682783866475,49.85695686926024],[-97.09705576991176,49.8571608188649],[-97.09723547551526,49.857350775778535],[-97.09722068817825,49.857525072168045],[-97.09712980731265,49.85755731445314],[-97.09666599172635,49.857582699038666],[-97.09611422215949,49.8575369678714],[-97.09566141488891,49.85745545901572],[-97.09537615498132,49.85746910518731],[-97.09510662143887,49.85757321218846],[-97.09494769229671,49.85769160385035],[-97.09486079590882,49.857824379909104],[-97.09500243141805,49.85814571889201],[-97.09515735560888,49.858302270561886],[-97.09539541129463,49.85836411836999],[-97.09581537849085,49.8583578190479],[-97.09607580148788,49.858456700853125],[-97.09639453135458,49.85854407272845],[-97.09671083009765,49.85857786867526],[-97.09681686433547,49.858564209508586],[-97.09703638938385,49.858578081358424],[-97.09713212700949,49.85862438816777],[-97.09718281739431,49.85869122265551],[-97.09715915085083,49.85883163876154],[-97.0967016224188,49.85907200059228],[-97.09654888686447,49.85911936044463],[-97.09590864801504,49.85924598110611],[-97.09538186916213,49.85948740003883],[-97.09517025679189,49.85967606187737],[-97.09515580711097,49.859755027019204],[-97.09520216292962,49.85981665762092],[-97.09534805213634,49.85988579089818],[-97.09558755666094,49.85991099418342],[-97.09596031856981,49.86003812301978],[-97.09629917683664,49.86013315935782],[-97.09659136159051,49.8601746264003],[-97.09700606101389,49.86018730346959],[-97.09717961246749,49.86021655396951],[-97.09728045684949,49.86030621257099],[-97.09733155592791,49.860449322861115],[-97.09738608137667,49.86050521982964],[-97.09742809346515,49.86067751519002],[-97.09730747154957,49.860946877205734],[-97.09721142672126,49.86102376959468],[-97.09696280214774,49.86111502378754],[-97.09670230019766,49.86116208094117],[-97.09651060039647,49.861277003099836],[-97.09635684683546,49.86166755730127],[-97.09622913272226,49.861799663854214],[-97.09612627201423,49.8618478424449],[-97.09588143582434,49.86190028862279],[-97.09554636194056,49.861939517754045],[-97.09545864224812,49.86197767755693],[-97.09529647092272,49.86226468862298],[-97.0952965381553,49.862378360135914],[-97.09541292940865,49.862620814184055],[-97.09551147904496,49.86271116993029],[-97.0960697923277,49.8627650780883],[-97.09652618253034,49.8627278400018],[-97.09730719082727,49.862744331538494],[-97.09756747448186,49.86278967243003],[-97.09771090696806,49.862863895814485],[-97.0978571876457,49.86301003477175],[-97.0978469883552,49.86309640352466],[-97.09765247306242,49.86331175128822],[-97.09742176525651,49.86337983314573],[-97.09712563655926,49.86349597535972],[-97.09637745172998,49.86368316175765],[-97.09591506657695,49.86372836773296],[-97.09537162557358,49.86375757267689],[-97.09521019748763,49.86385245617747],[-97.09523911793765,49.864011336667886],[-97.09534740320863,49.864084985311194],[-97.09555757519739,49.86413537398784],[-97.09637613748872,49.86423609150605],[-97.09703486540158,49.864246909421205],[-97.09764426111055,49.864185044849876],[-97.09785283057683,49.86421853583071],[-97.09792105253011,49.86427245721409],[-97.09788011904281,49.86441919017775],[-97.09764817230115,49.86460532264939],[-97.09743887804053,49.86473462467696],[-97.09721542664899,49.86479109155061],[-97.09705754099276,49.864795832850774],[-97.09692129436647,49.86482733011665],[-97.09669916701489,49.864850083313975],[-97.09642536431107,49.864830919343305],[-97.09608587936168,49.86486641087479],[-97.09568542879488,49.86498083562176],[-97.09547989436614,49.8651585974842],[-97.09548604407794,49.86529070282499],[-97.09554249440336,49.86535543252034],[-97.09573724086684,49.865423167925464],[-97.09594103851244,49.86543384984976],[-97.09626280008736,49.86541640152763],[-97.09662926163456,49.865445154563396],[-97.09705769533824,49.86536932058456],[-97.09723536529063,49.86532310274247],[-97.09745168158192,49.86530391990085],[-97.09754914240132,49.86533558740107],[-97.09775236179935,49.865505395103476],[-97.09779323419588,49.86564907054598],[-97.09776877288506,49.86569413719108],[-97.09770702711891,49.86608180288909],[-97.09770440432335,49.866292966615596],[-97.0975635562925,49.866744602586536],[-97.0975711732256,49.866897265830715],[-97.09760450843842,49.86694401449064],[-97.09772276714574,49.86699509047962],[-97.09781551236908,49.86700247955857],[-97.09865407699785,49.86682630013652],[-97.09895228900227,49.86671532166499],[-97.09905918667631,49.866709008111464],[-97.09943713252274,49.86685014413782],[-97.09946359932891,49.86701411668616],[-97.09935883889234,49.86719720461447],[-97.09936044933174,49.86723308611972],[-97.09936852294562,49.86741297027003],[-97.09931910228813,49.86763143342584],[-97.09914767185265,49.86780756092773],[-97.09908420521532,49.86795025788263],[-97.09913535763002,49.86812123556831],[-97.09922812379813,49.86824376082173],[-97.09936263075043,49.8683435031063],[-97.09955097731672,49.86843019430208],[-97.09965233643922,49.86844945684339],[-97.09979555090479,49.8684430047029],[-97.09990460934682,49.868381724046],[-97.10030790908021,49.8682240633575],[-97.1005444241848,49.8680952023036],[-97.10058351306078,49.867995373087744],[-97.10051038085652,49.867835036179365],[-97.10037202748181,49.86771763162384],[-97.10035420939072,49.867593402326925],[-97.10038820025775,49.86753675764435],[-97.1006620107507,49.86746937622093],[-97.10083017994468,49.8674919326719],[-97.10110368069891,49.8675770832781],[-97.10126401003664,49.867683846637505],[-97.10129776214316,49.867806870107515],[-97.10122898491524,49.86808515214164],[-97.10140459005552,49.868467907540065],[-97.10156102254597,49.86919502603329],[-97.10153947725976,49.869570884862675],[-97.10155075174768,49.869746341670094],[-97.10159723993381,49.86980503827729],[-97.10165848466085,49.869834642318104],[-97.10198742031066,49.86986643034379],[-97.1029673557335,49.86987660702875],[-97.10307259456617,49.869912797243906],[-97.10313317894717,49.87007512713496],[-97.10300804270132,49.8703150865332],[-97.10288426557926,49.87078094168267],[-97.10273984810301,49.87107852029495],[-97.10273114785417,49.87118471448609],[-97.10285636437726,49.87157984294115],[-97.10275716226485,49.87170802309115],[-97.10265783206349,49.871752598489905],[-97.10190651077137,49.87193023589187],[-97.101723827252,49.87193017740824],[-97.10146479950593,49.871822531487425],[-97.10135775243252,49.87171664139743],[-97.1011711549343,49.87135350669771],[-97.10108517876944,49.87128902948507],[-97.10096624486904,49.871254813155225],[-97.10074125938365,49.871320795389074],[-97.10067176859202,49.87138565867693],[-97.10063197429803,49.87147447598131],[-97.1007303363726,49.87180169795421],[-97.1007413782081,49.8719830178268],[-97.10086021100483,49.87230910839079],[-97.10093420031858,49.87267919876318],[-97.10109263874207,49.87274779670944],[-97.10222511349296,49.87289174913796],[-97.1024215234424,49.87288909812367],[-97.10254818683399,49.87284203697852],[-97.10265044917875,49.872722707382344],[-97.10274955162834,49.87268399510514],[-97.10287417506107,49.872688968471984],[-97.10299210872572,49.87274883389206],[-97.10305166368087,49.872821677492155],[-97.10307132680654,49.87301487186558],[-97.10303540949049,49.873236490791264],[-97.10304666260134,49.87329681013454],[-97.10314022365684,49.87339954447061],[-97.10329582574859,49.873424824967884],[-97.10346703161147,49.873370424819214],[-97.10364165345065,49.87322881098927],[-97.10418011247404,49.872923743607714],[-97.10434123924684,49.87289484475827],[-97.10451270245235,49.872949717269556],[-97.10458905522545,49.87305730249063],[-97.10456000399634,49.87316169724721],[-97.10425473580977,49.87368398723145],[-97.10408014276207,49.873824869090235],[-97.10384462741719,49.87389875202694],[-97.1033470244518,49.87400061359778],[-97.10254093924667,49.874040221530386],[-97.1024502028631,49.874068070268805],[-97.10241711378471,49.87413059711869],[-97.10243278746657,49.87419392231233],[-97.10269261812728,49.874368314460725],[-97.10313834450756,49.87460588365746],[-97.1036588859941,49.87482483335912],[-97.10373932457337,49.87479610351887],[-97.1046737232578,49.87448797087807],[-97.10535383907799,49.87426368576075],[-97.10670868838798,49.87381687137641],[-97.10687675687927,49.87385717146688],[-97.11354225310572,49.871656240223196],[-97.11511959937427,49.871122544744935],[-97.1166421870551,49.87062755818323]]]]}},{"type":"Feature","properties":{"number":"7","community":null,"website":"https://winnipeg.ca/node/42600","name":"Charleswood - Tuxedo - Westwood","asst":null,"clerk_phone":null,"asst_phone":null,"clerk":null,"councillor":"Evan Duncan","phone":"204-986-5232"},"geometry":{"type":"MultiPolygon","coordinates":[[[[-97.32356817780887,49.889665999945585],[-97.32271959171868,49.89817612452294],[-97.3226950740245,49.898421952209944],[-97.3226689672245,49.89884325628571],[-97.32879360725413,49.898709091287685],[-97.32954725762586,49.898692511657195],[-97.3312621272818,49.89865476911706],[-97.3346861356557,49.89857933339476],[-97.34153726789307,49.898427263175506],[-97.34350573718862,49.87856846791654],[-97.33758850542726,49.8792832085758],[-97.33762553543345,49.87890791110574],[-97.33766600604119,49.87849773576694],[-97.33767046003827,49.878452588670186],[-97.33770001725165,49.87815302425456],[-97.33774372340531,49.877710034241595],[-97.33778743005155,49.87726704419132],[-97.33783113437705,49.876824054962924],[-97.33787483922603,49.87638106479817],[-97.33791854178526,49.87593807455623],[-97.33796224480625,49.87549508517605],[-97.33797573251456,49.87535835932644],[-97.33803723796902,49.87473489179491],[-97.33808093715854,49.87429190223931],[-97.33812463548051,49.87384891172742],[-97.3381683342952,49.873405921178325],[-97.33821203078958,49.87296293145092],[-97.3382557278076,49.87251994078727],[-97.33829942253624,49.872076950046434],[-97.33831290946529,49.87194022497961],[-97.33837440377287,49.87131675680656],[-97.3384180974529,49.870873765930206],[-97.33846178881286,49.87043077587574],[-97.33850548069657,49.86998778488493],[-97.33852695265664,49.869769551359404],[-97.33854782225042,49.8695574379432],[-97.3385607392756,49.869426151425145],[-97.33857365622208,49.869294864901725],[-97.33858808638,49.86914819729939],[-97.33862067659739,49.868816947814956],[-97.33863394125954,49.86868233391548],[-97.33864987588946,49.86852078885401],[-97.3386569649877,49.86844898703721],[-97.33870025891291,49.868010399885094],[-97.33877127036293,49.86729100234001],[-97.3388052756851,49.86694649426956],[-97.33883158366314,49.86667972204435],[-97.33889935612831,49.86599196459248],[-97.33893675471488,49.86561252314316],[-97.33787474657342,49.865798139453716],[-97.33704380441009,49.86596864304592],[-97.33617265190604,49.866210602911444],[-97.3353104346838,49.86650613318553],[-97.33435988788966,49.866808521259514],[-97.33339459763135,49.86706886023575],[-97.3323141056245,49.86733334336787],[-97.33136133557906,49.867542720853194],[-97.32966093470607,49.86785054002222],[-97.32857341896886,49.86810907754255],[-97.32779937329997,49.86834772725442],[-97.32650774363375,49.86866834297815],[-97.32641751913162,49.868268665830136],[-97.32590584026195,49.866001907393326],[-97.32589849930416,49.86596914171519],[-97.32372669647773,49.85634481977805],[-97.32363936017593,49.85583141923428],[-97.32360837621295,49.85531531159147],[-97.32363389779987,49.854799078937006],[-97.32438102016056,49.84766485661253],[-97.32439533277318,49.84752816330118],[-97.32440964529559,49.84739146998418],[-97.32525726769977,49.83926754566566],[-97.32527148595854,49.839131246519656],[-97.32528570412794,49.838994947367915],[-97.32537877796487,49.83810271176639],[-97.3273881894411,49.83801481794504],[-97.32812444219283,49.83798260357874],[-97.32898858063272,49.837944788008066],[-97.33067005357474,49.83787118612271],[-97.33115756427021,49.837849842242164],[-97.33235300120737,49.837797495618965],[-97.3340351852443,49.83772381288329],[-97.33572222439915,49.837649893923036],[-97.3374090487354,49.83757595812546],[-97.33909608021489,49.837501989060215],[-97.34078289542059,49.83742800494232],[-97.34232634779616,49.83736028668754],[-97.34246695798855,49.83735411702066],[-97.34260756818004,49.83734794628374],[-97.34415101604681,49.837280203672364],[-97.34508608203437,49.837239153580796],[-97.3458342240715,49.8372063040998],[-97.34666646167902,49.837169756165025],[-97.34733096861238,49.82964351649407],[-97.34812384386089,49.82065987213555],[-97.348916385099,49.81167620594369],[-97.34912671599413,49.80929140992864],[-97.349150628408,49.809020266687725],[-97.32838935006714,49.8089644696145],[-97.31318156940385,49.80892878661365],[-97.29936256675752,49.808902704740646],[-97.29937683817334,49.81070573766739],[-97.27653285509153,49.81065410710702],[-97.27653480771576,49.81246429824984],[-97.25369581578691,49.81240109175289],[-97.25369981989138,49.81444163289895],[-97.23437005297576,49.814397344413315],[-97.23086258119999,49.8143900558645],[-97.23012194906772,49.81438850341064],[-97.228312692462,49.814384691082026],[-97.22741124489711,49.81438278107479],[-97.22715985583699,49.814382247175374],[-97.22689652500826,49.814381687329146],[-97.22677294772093,49.81438142439518],[-97.22524894914227,49.81437817096517],[-97.224618996219,49.814376820286974],[-97.22423370603384,49.81437599250047],[-97.2229167132554,49.81437315329923],[-97.22201366627364,49.81437119771992],[-97.22107968898074,49.814369167755785],[-97.2195287027357,49.815013272961],[-97.21089882717716,49.81793488857617],[-97.20957997770986,49.81838129227876],[-97.20705958197523,49.819219702347546],[-97.20113682522701,49.82123631394065],[-97.20410900013826,49.824920177640074],[-97.2049170974032,49.82577412005633],[-97.20700313691185,49.82723283848691],[-97.20674649275647,49.82773308299751],[-97.19911976947277,49.84258837435356],[-97.19729389127781,49.84614338331232],[-97.19704261120488,49.84676980433435],[-97.19699748989294,49.84690338405944],[-97.1969513947406,49.847039845984604],[-97.19683684337771,49.84752210820567],[-97.19676866390309,49.848010696849755],[-97.19672072961272,49.848615737794084],[-97.19941207984441,49.84836347027828],[-97.20755539364308,49.84760221334712],[-97.20696835023371,49.85381441069778],[-97.20664746657185,49.85722904633802],[-97.20599197973853,49.86415436852252],[-97.20548093364067,49.86956112663885],[-97.20517064509417,49.87284323787694],[-97.20238150676941,49.875823053046055],[-97.2028607499774,49.87655068923272],[-97.20305060306734,49.87683893718545],[-97.20324626776426,49.87680766798882],[-97.20379204318371,49.87678126881971],[-97.20446539087031,49.87680564473648],[-97.20541215847226,49.876923719518096],[-97.20612786209269,49.87696965640831],[-97.20660791425969,49.87697011329144],[-97.2070959811679,49.87689981397532],[-97.20759030666186,49.87675756927174],[-97.20802744433614,49.87650870205151],[-97.20829335913834,49.8762223284634],[-97.20836780606948,49.87595971942729],[-97.20825394816855,49.875004008703336],[-97.20824004283634,49.87450532247627],[-97.20835602216233,49.87428634710523],[-97.20855623870906,49.87407448328513],[-97.20886191017641,49.87387935396862],[-97.20932753568096,49.873734334561576],[-97.20978010132268,49.87365069428069],[-97.21023004660663,49.873637889975406],[-97.21075767444226,49.87371226650393],[-97.21246830153059,49.87412790948514],[-97.21310644513386,49.874228380272946],[-97.21392612026878,49.87433048302489],[-97.21447083526846,49.874331903839064],[-97.21527605931874,49.87424089285643],[-97.21648147273594,49.87407237536757],[-97.21891631082161,49.87357067680914],[-97.21958338720594,49.873420465433426],[-97.21966503663612,49.87340207939328],[-97.2206137206045,49.87322260379586],[-97.22129878742288,49.87317153610107],[-97.22218668995333,49.87317818668411],[-97.22307229125182,49.87324753974762],[-97.22340963913184,49.873314293600444],[-97.2241382670363,49.873595028632764],[-97.22527764158292,49.87400056635056],[-97.22631106053925,49.87440330948562],[-97.22704048751807,49.874663123455456],[-97.22771721430897,49.8748396222263],[-97.22883968612317,49.87516821218342],[-97.22992059823073,49.875454266604024],[-97.22995457162378,49.87546019524325],[-97.2305262405848,49.87555995452041],[-97.23127429711732,49.875606229951806],[-97.23202319195225,49.87556998565548],[-97.23314679757063,49.875573175372885],[-97.23441756036607,49.87563320677044],[-97.2356126376996,49.875667671526436],[-97.23663997217317,49.87564844705122],[-97.23754181160507,49.87553089507059],[-97.23942932377699,49.875134281807],[-97.24037545823099,49.874974358767155],[-97.24124948103677,49.87486910670518],[-97.24151880341863,49.87487900556557],[-97.24338570131529,49.87505952383557],[-97.24386347850849,49.8750725732249],[-97.24409993167396,49.87504710710553],[-97.24430162495759,49.874988579851795],[-97.24445196446143,49.87490835965724],[-97.24483104413427,49.874579493848046],[-97.2454750934245,49.87411165950968],[-97.24580204294755,49.87397020442856],[-97.24581882027013,49.87396702404484],[-97.24630169165806,49.87387551497004],[-97.24688531890739,49.873844837984656],[-97.24770348874353,49.873890905895784],[-97.24866615971015,49.87396819979139],[-97.24920145750724,49.87399044345483],[-97.24950092577431,49.87400288641629],[-97.24995555307575,49.873959788299636],[-97.2508765171674,49.87379823775731],[-97.25256760286675,49.87356928125415],[-97.25291600225195,49.87348041655931],[-97.2538705987003,49.873183403038624],[-97.25474653316388,49.87297350421156],[-97.25576169582241,49.872791256554045],[-97.25693878146524,49.87251618696237],[-97.25906959688966,49.87189517449868],[-97.25966618726066,49.87176357009834],[-97.26023344180636,49.87172674021976],[-97.261370844967,49.871793769986205],[-97.26256007322284,49.8719196620539],[-97.26349982734617,49.87198385242666],[-97.26371503676292,49.87199855131862],[-97.26484726231797,49.87200969659729],[-97.26522547344757,49.87200157956751],[-97.26554895074742,49.871994636233396],[-97.26579544661314,49.87195884663973],[-97.26620896456609,49.87189880522577],[-97.2669127525557,49.87172458332292],[-97.2680330695401,49.8713648631256],[-97.26908274276335,49.87096921924787],[-97.27005269192695,49.87048987886994],[-97.2707910012643,49.870153478276414],[-97.27175248843359,49.86985990661539],[-97.2728226298352,49.8696446336615],[-97.27338921873097,49.86958568317464],[-97.27425927055981,49.869587021291544],[-97.27509994799438,49.869706432761895],[-97.276430713225,49.86999695918071],[-97.27702208374359,49.87004990484655],[-97.27752840754131,49.87006788765868],[-97.27818491845632,49.87000792613255],[-97.27856638903882,49.86990098754493],[-97.27879503951512,49.86983688855973],[-97.27921888813952,49.869595690501804],[-97.27955527316898,49.86929299256904],[-97.28029615755733,49.869494653625324],[-97.28006638642407,49.871511613403385],[-97.27839167658016,49.8714342303158],[-97.2783761055724,49.87157087319941],[-97.27827883784083,49.87156637823432],[-97.27817295706257,49.87156157416522],[-97.27777983537514,49.87503175480265],[-97.27774653665955,49.875183113825884],[-97.27767691796534,49.87534644195863],[-97.27761377977737,49.87552011435085],[-97.2775778474211,49.875690618358306],[-97.27768298837799,49.87569513838574],[-97.2789312572825,49.875754368968096],[-97.27958289648821,49.87578528424629],[-97.2791818586389,49.87931560531083],[-97.27916098189797,49.87949971443374],[-97.27964908353557,49.879614337184655],[-97.2931699780116,49.88172875587171],[-97.29819137401712,49.882515016638074],[-97.30270050185608,49.88321981621312],[-97.31078640860152,49.88230255797892],[-97.31672723251152,49.88158760656419],[-97.3262560678565,49.880448571660686],[-97.32625606785649,49.88044857166059],[-97.32594378952722,49.88462642236595],[-97.32574435959923,49.88524684654969],[-97.32574375296115,49.885249509343694],[-97.32574314440112,49.88525217195461],[-97.32574253391928,49.885254834381854],[-97.32574192151576,49.88525749662486],[-97.32574130719068,49.885260158683046],[-97.32574069094422,49.88526282055581],[-97.32574007277645,49.885265482242595],[-97.32573945268754,49.88526814374281],[-97.32573883067762,49.885270805055896],[-97.32573820674682,49.88527346618127],[-97.3257375808953,49.885276127118324],[-97.32573695312315,49.88527878786651],[-97.32573632343055,49.885281448425225],[-97.32573569181761,49.885284108793925],[-97.32573505828448,49.885286768972],[-97.32573442283129,49.88528942895888],[-97.32573378545818,49.88529208875399],[-97.32573314616529,49.88529474835676],[-97.32573250495275,49.885297407766586],[-97.32573186182073,49.88530006698292],[-97.32573121676933,49.88530272600516],[-97.3257305697987,49.88530538483275],[-97.32572992090898,49.88530804346507],[-97.32572927010034,49.88531070190159],[-97.32572861737289,49.88531336014171],[-97.32572796272677,49.88531601818485],[-97.32572730616214,49.88531867603044],[-97.32572664767915,49.88532133367789],[-97.3257259872779,49.885323991126626],[-97.32572532495857,49.885326648376086],[-97.3257246607213,49.88532930542567],[-97.32572399456625,49.88533196227482],[-97.32572332649352,49.88533461892293],[-97.32572265650327,49.885337275369466],[-97.32572198459567,49.88533993161381],[-97.32572131077086,49.88534258765539],[-97.32572063502894,49.88534524349364],[-97.32571995737013,49.88534789912798],[-97.32571927779452,49.885350554557846],[-97.3257185963023,49.88535320978262],[-97.32571791289357,49.88535586480177],[-97.3257172275685,49.88535851961469],[-97.32571654032725,49.88536117422081],[-97.32571585116997,49.88536382861955],[-97.3257151600968,49.885366482810355],[-97.32571446710789,49.885369136792605],[-97.32571377220339,49.88537179056577],[-97.32571307538345,49.88537444412923],[-97.32571237664823,49.88537709748245],[-97.32571167599785,49.88537975062481],[-97.32571097343252,49.88538240355575],[-97.32571026895235,49.88538505627472],[-97.32570956255749,49.8853877087811],[-97.32570885424812,49.88539036107434],[-97.32570814402438,49.88539301315386],[-97.32570743188641,49.88539566501907],[-97.3257067178344,49.8853983166694],[-97.32570600186847,49.88540096810428],[-97.32570528398878,49.88540361932313],[-97.32570456419552,49.885406270325376],[-97.32570384248879,49.885408921110425],[-97.3257031188688,49.88541157167772],[-97.32570239333567,49.88541422202669],[-97.3257016658896,49.885416872156725],[-97.3257009365307,49.88541952206728],[-97.32570020525914,49.88542217175776],[-97.32569947207509,49.88542482122761],[-97.32569873697872,49.88542747047623],[-97.32569799997017,49.88543011950307],[-97.32569726104961,49.885432768307524],[-97.32569652021719,49.885435416889024],[-97.32569577747307,49.885438065247016],[-97.32569503281744,49.885440713380895],[-97.32569428625041,49.8854433612901],[-97.3256935377722,49.88544600897406],[-97.32569278738293,49.88544865643218],[-97.32569203508278,49.88545130366391],[-97.32569128087192,49.885453950668655],[-97.32569052475048,49.885456597445845],[-97.32568976671868,49.88545924399491],[-97.32568900677663,49.885461890315256],[-97.32568824492454,49.885464536406324],[-97.32568748116253,49.885467182267526],[-97.3256867154908,49.88546982789831],[-97.32568594790952,49.88547247329807],[-97.32568517841881,49.88547511846627],[-97.3256844070189,49.8854777634023],[-97.3256836337099,49.885480408105586],[-97.32568285849203,49.88548305257557],[-97.32568208136543,49.88548569681167],[-97.32568130233025,49.88548834081331],[-97.3256805213867,49.88549098457992],[-97.32567973853493,49.8854936281109],[-97.3256789537751,49.8854962714057],[-97.3256781671074,49.88549891446375],[-97.32567737853198,49.885501557284464],[-97.32567658804903,49.88550419986727],[-97.32567579565871,49.885506842211576],[-97.3256750013612,49.885509484316835],[-97.32567420515667,49.88551212618246],[-97.32567340704529,49.88551476780788],[-97.32567260702724,49.8855174091925],[-97.32567180510269,49.88552005033577],[-97.3256710012718,49.88552269123712],[-97.32567019553477,49.88552533189596],[-97.32566938789176,49.885527972311706],[-97.32566857834294,49.88553061248382],[-97.3256677668885,49.885533252411676],[-97.3256669535286,49.88553589209475],[-97.32566613826344,49.88553853153244],[-97.32566532109317,49.885541170724174],[-97.325664502018,49.885543809669386],[-97.32566368103807,49.88554644836749],[-97.32566285815359,49.88554908681794],[-97.32566203336472,49.88555172502012],[-97.32566120667164,49.885554362973494],[-97.32566037807453,49.88555700067746],[-97.32565954757358,49.88555963813146],[-97.32565871516897,49.88556227533493],[-97.32565788086087,49.88556491228728],[-97.32565704464947,49.88556754898792],[-97.32565620653494,49.88557018543631],[-97.32565536651748,49.88557282163186],[-97.32565452459724,49.88557545757401],[-97.32565368077445,49.885578093262176],[-97.32565283504925,49.88558072869577],[-97.32565198742186,49.885583363874254],[-97.32565113789244,49.88558599879702],[-97.32565028646117,49.88558863346352],[-97.32564943312825,49.88559126787317],[-97.32564857789386,49.88559390202539],[-97.32564772075818,49.88559653591962],[-97.32564686172142,49.88559916955527],[-97.32564600078373,49.885601802931795],[-97.32564513794533,49.8856044360486],[-97.3256442732064,49.88560706890512],[-97.3256434065671,49.88560970150077],[-97.32564253802764,49.885612333835],[-97.32564166758822,49.88561496590722],[-97.32564079524902,49.88561759771688],[-97.32563992101021,49.88562022926338],[-97.325639044872,49.88562286054615],[-97.3256381668346,49.88562549156463],[-97.32563728689814,49.88562812231825],[-97.32563640506287,49.88563075280643],[-97.32563552132895,49.88563338302859],[-97.32563463569659,49.88563601298418],[-97.32563374816596,49.88563864267262],[-97.32563285873728,49.885641272093316],[-97.32563196741071,49.88564390124573],[-97.32563107418649,49.885646530129264],[-97.32563017906479,49.885649158743355],[-97.32562928204578,49.885651787087426],[-97.32562838312968,49.88565441516092],[-97.32562748231669,49.88565704296326],[-97.32562657960699,49.88565967049387],[-97.32562567500078,49.88566229775217],[-97.32562476849827,49.88566492473762],[-97.32562386009964,49.8856675514496],[-97.3256229498051,49.88567017788759],[-97.32562203761483,49.88567280405097],[-97.32562112352905,49.8856754299392],[-97.32562020754794,49.885678055551715],[-97.3256192896717,49.88568068088792],[-97.32561836990057,49.885683305947275],[-97.32561744823468,49.88568593072917],[-97.32561652467429,49.88568855523305],[-97.32561559921956,49.88569117945835],[-97.32561467187071,49.8856938034045],[-97.32561374262795,49.88569642707093],[-97.32561281149145,49.885699050457056],[-97.32561187846147,49.885701673562316],[-97.32561094353815,49.88570429638615],[-97.32561000672172,49.88570691892798],[-97.32560906801237,49.88570954118722],[-97.32560812741033,49.88571216316332],[-97.32560718491581,49.88571478485568],[-97.32560624052897,49.88571740626379],[-97.32560529425005,49.885720027387016],[-97.32560434607925,49.88572264822483],[-97.32560339601676,49.885725268776625],[-97.3256024440628,49.88572788904187],[-97.32560149021758,49.885730509019965],[-97.3256005344813,49.88573312871037],[-97.32559957685416,49.885735748112474],[-97.32559861733638,49.88573836722574],[-97.32559765592818,49.88574098604959],[-97.32559669262976,49.885743604583446],[-97.3255957274413,49.88574622282676],[-97.32559476036305,49.885748840778945],[-97.32559379139519,49.88575145843943],[-97.32559282053796,49.88575407580765],[-97.32559184779154,49.885756692883035],[-97.32559087315617,49.88575930966502],[-97.32558989663204,49.88576192615303],[-97.32558891821937,49.8857645423465],[-97.32558793791839,49.88576715824486],[-97.32558695572926,49.88576977384753],[-97.32558597165226,49.88577238915398],[-97.32558498568756,49.885775004163584],[-97.32558399783538,49.885777618875814],[-97.32558300809595,49.885780233290085],[-97.32558201646947,49.885782847405835],[-97.32558102295617,49.88578546122249],[-97.32558002755626,49.88578807473948],[-97.32557903026994,49.88579068795625],[-97.32557803109745,49.88579330087222],[-97.325577030039,49.88579591348683],[-97.3255760270948,49.885798525799494],[-97.32557502226507,49.885801137809665],[-97.32557401555003,49.88580374951677],[-97.3255730069499,49.88580636092023],[-97.3255719964649,49.885808972019476],[-97.32557098409525,49.88581158281396],[-97.32556996984117,49.8858141933031],[-97.32556895370287,49.88581680348633],[-97.32556793568058,49.88581941336307],[-97.32556691577453,49.88582202293278],[-97.32556589398493,49.88582463219488],[-97.325564870312,49.88582724114878],[-97.32556384475595,49.885829849793936],[-97.32556281731704,49.88583245812979],[-97.32556178799545,49.88583506615576],[-97.32556075679145,49.885837673871265],[-97.32555972370523,49.88584028127576],[-97.32555868873702,49.88584288836868],[-97.32555765188705,49.88584549514944],[-97.32555661315556,49.88584810161749],[-97.32555557254273,49.88585070777224],[-97.32555453004883,49.88585331361315],[-97.32555348567408,49.88585591913964],[-97.32555243941867,49.88585852435113],[-97.32555139128289,49.88586112924707],[-97.32555034126692,49.885863733826916],[-97.325549289371,49.885866338090054],[-97.32554823559536,49.88586894203595],[-97.32554717994024,49.88587154566403],[-97.32554612240584,49.88587414897372],[-97.32554506299242,49.88587675196446],[-97.3255440017002,49.885879354635684],[-97.32554293852941,49.885881956986815],[-97.32554187348026,49.885884559017306],[-97.32554080655302,49.88588716072658],[-97.3255397377479,49.88588976211408],[-97.32553866706515,49.88589236317922],[-97.32553759450495,49.885894963921444],[-97.3255365200676,49.88589756434021],[-97.3255354437533,49.885900164434915],[-97.32553436556228,49.88590276420502],[-97.32553328549479,49.88590536364995],[-97.32553220355105,49.885907962769146],[-97.32553111973131,49.885910561562014],[-97.3255300340358,49.88591316002803],[-97.32552894646473,49.885915758166604],[-97.32552785701839,49.885918355977175],[-97.32552676569696,49.88592095345918],[-97.3255256725007,49.88592355061206],[-97.32552457742987,49.885926147435235],[-97.32552348048469,49.885928743928154],[-97.32552238166538,49.885931340090245],[-97.32552128097221,49.88593393592094],[-97.3255201784054,49.885936531419695],[-97.3255190739652,49.88593912658592],[-97.32551796765183,49.885941721419066],[-97.32551685946557,49.885944315918564],[-97.32551574940659,49.885946910083845],[-97.32551463747521,49.88594950391434],[-97.32551352367163,49.885952097409515],[-97.3255124079961,49.885954690568774],[-97.32551129044886,49.88595728339157],[-97.32551017103016,49.88595987587732],[-97.32550904974025,49.88596246802548],[-97.32550792657933,49.88596505983548],[-97.3255068015477,49.88596765130674],[-97.32550567464557,49.88597024243874],[-97.3255045458732,49.885972833230866],[-97.32550341523083,49.885975423682595],[-97.32550228271869,49.88597801379333],[-97.32550114833707,49.885980603562516],[-97.32550001208617,49.885983192989606],[-97.32549887396625,49.88598578207402],[-97.32549773397758,49.88598837081523],[-97.32549659212037,49.88599095921261],[-97.3254954483949,49.88599354726565],[-97.3254943028014,49.88599613497376],[-97.32549315534014,49.88599872233638],[-97.32549200601134,49.88600130935298],[-97.32549085481527,49.88600389602295],[-97.32548970175218,49.88600648234575],[-97.3254885468223,49.88600906832082],[-97.32548739002591,49.88601165394758],[-97.32548623136324,49.8860142392255],[-97.32548507083455,49.886016824154],[-97.32548390844009,49.88601940873249],[-97.32548274418012,49.886021992960465],[-97.32548157805488,49.8860245768373],[-97.32548041006463,49.88602716036249],[-97.32547924020963,49.88602974353544],[-97.32547806849011,49.88603232635559],[-97.32547689490636,49.88603490882238],[-97.32547571945861,49.886037490935266],[-97.32547454214713,49.88604007269366],[-97.32547336297216,49.88604265409703],[-97.32547218193397,49.886045235144785],[-97.32547099903282,49.886047815836385],[-97.32546981426894,49.88605039617125],[-97.32546862764262,49.88605297614883],[-97.32546743915408,49.88605555576857],[-97.32546624880362,49.88605813502989],[-97.3254650565915,49.886060713932245],[-97.32546386251792,49.88606329247507],[-97.3254626665832,49.8860658706578],[-97.32546146878757,49.8860684484799],[-97.32546026913131,49.886071025940765],[-97.32545906761466,49.886073603039854],[-97.3254578642379,49.886076179776616],[-97.32545665900128,49.886078756150496],[-97.32545545190504,49.8860813321609],[-97.32545424294949,49.88608390780729],[-97.32545303213487,49.886086483089116],[-97.32545181946145,49.886089058005815],[-97.32545060492947,49.886091632556806],[-97.3254493885392,49.886094206741525],[-97.32544817029093,49.88609678055946],[-97.3254469501849,49.88609935400999],[-97.32544572822138,49.88610192709261],[-97.32544450440065,49.88610449980671],[-97.32544327872296,49.886107072151766],[-97.32544205118857,49.88610964412723],[-97.32544082179777,49.88611221573251],[-97.32543959055081,49.886114786967035],[-97.32543835744796,49.88611735783029],[-97.3254371224895,49.886119928321676],[-97.32543588567569,49.88612249844067],[-97.32543464700679,49.88612506818667],[-97.32543340648307,49.88612763755916],[-97.32543216410483,49.88613020655757],[-97.32543091987229,49.88613277518132],[-97.32542967378575,49.886135343429864],[-97.32542842584549,49.886137911302654],[-97.32542717605175,49.88614047879912],[-97.32542592440483,49.88614304591871],[-97.325424670905,49.88614561266084],[-97.3254234155525,49.88614817902499],[-97.32542215834765,49.886150745010596],[-97.32542089929069,49.886153310617075],[-97.3254196383819,49.886155875843876],[-97.32541837562157,49.886158440690465],[-97.32541711100995,49.886161005156254],[-97.32541584454734,49.8861635692407],[-97.32541457623398,49.886166132943245],[-97.32541330607017,49.886168696263326],[-97.32541203405621,49.886171259200395],[-97.32541076019233,49.886173821753886],[-97.32540948447883,49.886176383923235],[-97.32540820691598,49.8861789457079],[-97.32540692750406,49.886181507107324],[-97.32540564624335,49.88618406812094],[-97.32540436313414,49.8861866287482],[-97.32540359126895,49.88618816715915],[-97.32540281873655,49.886189705430304],[-97.32540204553696,49.88619124356153],[-97.32540127167027,49.88619278155268],[-97.32540049713653,49.88619431940366],[-97.32539972193581,49.886195857114345],[-97.32539894606816,49.886197394684615],[-97.32539816953367,49.88619893211435],[-97.32539739233235,49.88620046940341],[-97.3253966144643,49.88620200655171],[-97.32539583592957,49.8862035435591],[-97.32539505672821,49.88620508042547],[-97.3253942768603,49.88620661715069],[-97.32539349632589,49.88620815373465],[-97.32539271512505,49.886209690177225],[-97.32539193325783,49.8862112264783],[-97.3253911507243,49.88621276263775],[-97.3253903675245,49.886214298655446],[-97.32538958365853,49.886215834531285],[-97.32538879912643,49.88621737026515],[-97.32538801392826,49.88621890585688],[-97.32538722806409,49.886220441306406],[-97.32538644153395,49.88622197661356],[-97.32538565433795,49.88622351177826],[-97.32538486647613,49.88622504680036],[-97.32538407794853,49.88622658167977],[-97.32538328875526,49.88622811641635],[-97.32538249889633,49.88622965100996],[-97.32538170837185,49.8862311854605],[-97.32538091718185,49.886232719767854],[-97.32538012532639,49.88623425393189],[-97.32537933280554,49.8862357879525],[-97.3253785396194,49.88623732182954],[-97.32537774576795,49.88623885556292],[-97.32537695125134,49.886240389152505],[-97.32537615606957,49.886241922598174],[-97.32537536022272,49.88624345589981],[-97.32537456371087,49.88624498905728],[-97.32537376653406,49.88624652207049],[-97.32537296869238,49.88624805493928],[-97.32537217018586,49.886249587663585],[-97.32537137101457,49.88625112024323],[-97.3253705711786,49.886252652678124],[-97.32536977067797,49.88625418496813],[-97.32536896951277,49.88625571711315],[-97.32536816768307,49.886257249113044],[-97.32536736518891,49.886258780967694],[-97.32536656203037,49.886260312677],[-97.3253657582075,49.88626184424081],[-97.32536495372037,49.88626337565904],[-97.32536414856905,49.88626490693154],[-97.32536334275359,49.886266438058186],[-97.32536253627407,49.88626796903889],[-97.32536172913053,49.8862694998735],[-97.32536092132305,49.886271030561915],[-97.3253601128517,49.886272561104015],[-97.32535930371652,49.88627409149966],[-97.32535849391759,49.88627562174875],[-97.32535768345497,49.88627715185116],[-97.32535687232873,49.886278681806765],[-97.32535606053892,49.88628021161546],[-97.32535524808561,49.88628174127709],[-97.32535443496887,49.88628327079158],[-97.32535362118875,49.88628480015876],[-97.32535280674533,49.88628632937856],[-97.32535199163867,49.88628785845083],[-97.32535117586883,49.886289387375456],[-97.32535035943586,49.886290916152326],[-97.32534954233985,49.8862924447813],[-97.32534872458085,49.886293973262276],[-97.32534790615892,49.88629550159514],[-97.32534708707414,49.88629702977974],[-97.32534626732655,49.886298557816005],[-97.32534544691624,49.88630008570376],[-97.32534462584327,49.886301613442924],[-97.32534380410767,49.88630314103337],[-97.32534298170957,49.88630466847498],[-97.32534215864898,49.88630619576761],[-97.32534133492597,49.886307722911155],[-97.32534051054064,49.886309249905494],[-97.325339685493,49.88631077675052],[-97.32533885978317,49.886312303446104],[-97.3253380334112,49.886313829992126],[-97.32533720637713,49.886315356388465],[-97.32533637868103,49.886316882635],[-97.32533555032299,49.88631840873161],[-97.32533472130305,49.886319934678184],[-97.32533389162128,49.88632146047459],[-97.32533306127776,49.88632298612071],[-97.32533223027255,49.88632451161644],[-97.3253313986057,49.886326036961655],[-97.32533056627729,49.88632756215621],[-97.32532973328739,49.88632908720001],[-97.32532889963603,49.886330612092934],[-97.32532806532333,49.886332136834845],[-97.32532723034932,49.88633366142567],[-97.32532639471407,49.886335185865214],[-97.32532555841765,49.886336710153415],[-97.32532472146012,49.88633823429014],[-97.32532388384155,49.886339758275255],[-97.325323045562,49.88634128210867],[-97.32532220662156,49.88634280579023],[-97.32532136702027,49.88634432931985],[-97.32532052675818,49.88634585269737],[-97.3253196858354,49.8863473759227],[-97.32531884425197,49.88634889899572],[-97.32531800200796,49.8863504219163],[-97.32531715910343,49.88635194468432],[-97.32531631553847,49.88635346729967],[-97.32531547131312,49.88635498976223],[-97.32531462642746,49.88635651207186],[-97.32531378088154,49.88635803422847],[-97.32531293467545,49.88635955623191],[-97.32531208780924,49.886361078082096],[-97.32531124028297,49.88636259977887],[-97.32531039209672,49.88636412132215],[-97.32530954325057,49.886365642711795],[-97.32530869374456,49.88636716394766],[-97.32530784357877,49.88636868502969],[-97.32530699275327,49.886370205957725],[-97.3253061412681,49.88637172673164],[-97.32530528912336,49.88637324735132],[-97.32530443631912,49.886374767816655],[-97.3253035828554,49.886376288127536],[-97.32530272873231,49.88637780828382],[-97.32530187394993,49.886379328285386],[-97.32530101850827,49.88638084813214],[-97.32530016240743,49.88638236782395],[-97.32529930564749,49.88638388736069],[-97.32529844822851,49.88638540674224],[-97.32529759015054,49.88638692596849],[-97.32529673141364,49.88638844503933],[-97.32529587201793,49.886389963954606],[-97.32529501196342,49.886391482714224],[-97.32529415125022,49.886393001318076],[-97.32529328987836,49.88639451976602],[-97.32529242784794,49.886396038057946],[-97.325291565159,49.88639755619374],[-97.32529070181162,49.88639907417327],[-97.32528983780587,49.88640059199642],[-97.32528897314184,49.886402109663074],[-97.32528810781955,49.886403627173124],[-97.32528724183909,49.88640514452643],[-97.32528637520055,49.88640666172289],[-97.32528550790396,49.88640817876235],[-97.32528463994942,49.886409695644744],[-97.32528377133697,49.88641121236993],[-97.3252829020667,49.88641272893777],[-97.32528203213866,49.88641424534817],[-97.32528116155295,49.88641576160101],[-97.3252802903096,49.88641727769615],[-97.32527941840871,49.886418793633474],[-97.32527854585032,49.8864203094129],[-97.32527767263453,49.886421825034255],[-97.32527679876137,49.88642334049746],[-97.32527592423094,49.88642485580238],[-97.3252750490433,49.886426370948904],[-97.32527417319851,49.88642788593689],[-97.32527329669665,49.88642940076627],[-97.3252724195378,49.88643091543685],[-97.32527154172197,49.88643242994858],[-97.32527066324931,49.88643394430131],[-97.32526978411984,49.88643545849491],[-97.32526890433364,49.886436972529296],[-97.32526802389079,49.88643848640432],[-97.32526714279133,49.886440000119876],[-97.32526626103535,49.886441513675834],[-97.32526537862292,49.88644302707209],[-97.32526449555411,49.8864445403085],[-97.32526361182897,49.88644605338499],[-97.32526272744761,49.8864475663014],[-97.32526184241006,49.88644907905761],[-97.32526095671639,49.88645059165354],[-97.32526007036671,49.88645210408904],[-97.32525918336104,49.88645361636399],[-97.32525829569948,49.886455128478296],[-97.32525740738208,49.8864566404318],[-97.32525651840895,49.88645815222442],[-97.32525562878011,49.88645966385602],[-97.32525473849566,49.88646117532649],[-97.32525384755564,49.88646268663571],[-97.32525295596015,49.88646419778356],[-97.32525206370926,49.8864657087699],[-97.32525117080303,49.886467219594635],[-97.32525027724152,49.886468730257654],[-97.32524938302481,49.88647024075882],[-97.32524848815298,49.88647175109801],[-97.32524759262608,49.88647326127513],[-97.32524669644421,49.88647477129003],[-97.3252457996074,49.886476281142635],[-97.32524490211576,49.88647779083278],[-97.32524400396933,49.88647930036037],[-97.3252431051682,49.886480809725285],[-97.32524220571243,49.8864823189274],[-97.32524130560208,49.886483827966615],[-97.32524040483726,49.886485336842775],[-97.325239503418,49.8864868455558],[-97.3252386013444,49.88648835410555],[-97.32523769861649,49.88648986249191],[-97.32523679523439,49.886491370714765],[-97.32523589119815,49.88649287877401],[-97.32523498650782,49.88649438666949],[-97.3252340811635,49.886495894401115],[-97.32523317516525,49.88649740196876],[-97.32523226851315,49.88649890937229],[-97.32523136120726,49.88650041661164],[-97.32523045324766,49.88650192368662],[-97.32522954463441,49.886503430597166],[-97.32522863536758,49.88650493734313],[-97.32522772544725,49.886506443924404],[-97.3252268148735,49.88650795034087],[-97.32522590364638,49.88650945659242],[-97.32522499176599,49.886510962678905],[-97.32522407923237,49.886512468600245],[-97.32522316604562,49.8865139743563],[-97.32522225220579,49.88651547994694],[-97.32522133771296,49.886516985372076],[-97.32522042256718,49.886518490631566],[-97.32521950676858,49.8865199957253],[-97.32521859031718,49.886521500653174],[-97.32521767321306,49.88652300541504],[-97.32521675545631,49.88652451001081],[-97.32521583704698,49.88652601444035],[-97.32521491798516,49.886527518703545],[-97.32521399827091,49.886529022800275],[-97.32521307790431,49.88653052673042],[-97.32521215688543,49.88653203049386],[-97.32521123521433,49.88653353409048],[-97.32521031289112,49.886535037520176],[-97.32520938991583,49.886536540782814],[-97.32520846628854,49.886538043878275],[-97.32520754200935,49.88653954680645],[-97.3252066170783,49.88654104956722],[-97.32520569149547,49.886542552160456],[-97.32520476526095,49.886544054586054],[-97.32520383837482,49.886545556843885],[-97.3252029108371,49.886547058933836],[-97.32520198264793,49.886548560855786],[-97.32520105380732,49.886550062609615],[-97.32520012431539,49.88655156419522],[-97.32519919417219,49.886553065612475],[-97.3251982633778,49.88655456686126],[-97.3251973319323,49.88655606794145],[-97.32519639983575,49.886557568852936],[-97.32519546708822,49.8865590695956],[-97.3251945336898,49.886560570169316],[-97.32519359964054,49.88656207057397],[-97.32519266494054,49.88656357080946],[-97.32519172958987,49.88656507087564],[-97.32519079358859,49.886566570772416],[-97.32518985693677,49.886568070499656],[-97.3251889196345,49.88656957005725],[-97.32518798168184,49.886571069445075],[-97.32518704307886,49.88657256866303],[-97.32518610382566,49.88657406771097],[-97.32518516392228,49.88657556658879],[-97.32518422336882,49.88657706529638],[-97.32518328216534,49.88657856383361],[-97.32518234031191,49.88658006220036],[-97.32518139780862,49.88658156039653],[-97.32518045465554,49.886583058422],[-97.32517951085272,49.886584556276624],[-97.32517856640028,49.886586053960315],[-97.32517762129825,49.88658755147295],[-97.32517667554673,49.88658904881441],[-97.32517572914578,49.88659054598457],[-97.32517478209549,49.88659204298331],[-97.32517383439591,49.88659353981053],[-97.32517288604714,49.88659503646609],[-97.32517193704923,49.88659653294987],[-97.32517098740229,49.88659802926178],[-97.32517003710635,49.8865995254017],[-97.32516908616151,49.88660102136949],[-97.32516813456785,49.886602517165045],[-97.32516718232544,49.88660401278825],[-97.32516622943433,49.886605508238986],[-97.32516527589463,49.88660700351711],[-97.32516432170641,49.88660849862255],[-97.32516336686972,49.886609993555176],[-97.32516241138465,49.88661148831485],[-97.32516145525128,49.88661298290146],[-97.32516049846969,49.8866144773149],[-97.32515954103992,49.886615971555045],[-97.3251585829621,49.886617465621775],[-97.32515762423625,49.88661895951498],[-97.32515666486249,49.88662045323454],[-97.32515570484087,49.886621946780345],[-97.32515474417147,49.88662344015227],[-97.32515378285436,49.88662493335019],[-97.32515282088963,49.886626426373994],[-97.32515185827735,49.88662791922358],[-97.32515089501759,49.8866294118988],[-97.32514993111043,49.88663090439956],[-97.32514896655594,49.88663239672575],[-97.32514800135421,49.88663388887723],[-97.3251470355053,49.88663538085389],[-97.32514606900929,49.886636872655615],[-97.32514510186626,49.88663836428229],[-97.32514413407628,49.8866398557338],[-97.32514316563943,49.88664134701002],[-97.32514219655577,49.886642838110845],[-97.32514122682542,49.88664432903614],[-97.3251402564484,49.8866458197858],[-97.32513928542485,49.886647310359706],[-97.32513831375479,49.886648800757726],[-97.32513734143832,49.88665029097977],[-97.3251363684755,49.88665178102571],[-97.32513539486642,49.88665327089544],[-97.32513442061116,49.88665476058881],[-97.3251334457098,49.88665625010573],[-97.3251324701624,49.88665773944608],[-97.32513149396905,49.88665922860974],[-97.32513051712982,49.886660717596584],[-97.32512953964478,49.8866622064065],[-97.32512856151403,49.886663695039395],[-97.32512758273761,49.88666518349511],[-97.32512660331564,49.88666667177357],[-97.32512562324817,49.886668159874624],[-97.32512464253527,49.88666964779818],[-97.32512366117703,49.8866711355441],[-97.32512267917353,49.88667262311228],[-97.32512169652486,49.8866741105026],[-97.32512071323106,49.88667559771495],[-97.32511972929224,49.88667708474919],[-97.32511874470845,49.88667857160524],[-97.32511775947978,49.886680058282955],[-97.32511677360633,49.88668154478222],[-97.32511578708814,49.88668303110295],[-97.32511479992532,49.88668451724497],[-97.3251138121179,49.88668600320822],[-97.32511282366602,49.88668748899255],[-97.32511183456971,49.88668897459785],[-97.32511084482907,49.88669046002402],[-97.32510985444416,49.886691945270925],[-97.32510886341508,49.88669343033843],[-97.3251078717419,49.88669491522647],[-97.32510687942471,49.88669639993489],[-97.32510588646355,49.88669788446359],[-97.32510489285852,49.886699368812444],[-97.32510389860971,49.886700852981335],[-97.32510290371718,49.886702336970146],[-97.32510190818101,49.88670382077878],[-97.3251009120013,49.88670530440708],[-97.3250999151781,49.88670678785496],[-97.32509891771149,49.88670827112231],[-97.32509791960157,49.886709754208994],[-97.3250969208484,49.8867112371149],[-97.32509592145207,49.88671271983992],[-97.32509492141266,49.88671420238393],[-97.32509392073023,49.88671568474681],[-97.32509291940487,49.88671716692845],[-97.32509191743667,49.886718648928735],[-97.32509091482568,49.88672013074755],[-97.32508991157201,49.886721612384775],[-97.3250889076757,49.88672309384029],[-97.32508790313689,49.88672457511398],[-97.3250868979556,49.886726056205724],[-97.32508589213194,49.88672753711543],[-97.32508488566596,49.88672901784295],[-97.32416723643703,49.88807851908788],[-97.32416439146566,49.88808270832597],[-97.32416155281022,49.888086899352196],[-97.32415872047345,49.88809109216259],[-97.32415589445802,49.88809528675317],[-97.32415307476658,49.88809948311996],[-97.32415026140185,49.88810368125898],[-97.32414745436647,49.88810788116625],[-97.32414465366313,49.888112082837786],[-97.32414185929446,49.8881162862696],[-97.32413907126312,49.88812049145771],[-97.32413628957178,49.88812469839812],[-97.32413351422305,49.88812890708685],[-97.32413074521958,49.88813311751991],[-97.32412798256398,49.88813732969329],[-97.32412522625891,49.888141543603],[-97.32412247630695,49.88814575924505],[-97.32411973271073,49.888149976615445],[-97.32411699547282,49.88815419571018],[-97.32411426459586,49.88815841652524],[-97.32411154008243,49.88816263905664],[-97.3241088219351,49.88816686330038],[-97.32410611015646,49.88817108925243],[-97.32410340474908,49.8881753169088],[-97.32410070571555,49.88817954626547],[-97.3240980130584,49.88818377731843],[-97.3240953267802,49.88818801006369],[-97.3240926468835,49.888192244497205],[-97.32408997337085,49.888196480614965],[-97.32408730624476,49.88820071841295],[-97.3240846455078,49.88820495788716],[-97.32408199116246,49.88820919903356],[-97.32407934321128,49.88821344184813],[-97.32407670165678,49.88821768632684],[-97.32407406650144,49.88822193246567],[-97.32407143774778,49.888226180260595],[-97.32406881539828,49.888230429707576],[-97.32406619945546,49.8882346808026],[-97.32406358992176,49.888238933541615],[-97.3240609867997,49.8882431879206],[-97.32405839009172,49.88824744393552],[-97.3240557998003,49.88825170158233],[-97.32405321592789,49.88825596085698],[-97.32405063847695,49.88826022175548],[-97.32404806744991,49.88826448427374],[-97.32404550284923,49.88826874840773],[-97.32404294467734,49.888273014153405],[-97.32404039293667,49.88827728150673],[-97.32403784762961,49.88828155046365],[-97.32403530875864,49.88828582102011],[-97.3240327763261,49.888290093172074],[-97.32403025033443,49.888294366915474],[-97.32402773078603,49.88829864224626],[-97.3240252176833,49.88830291916038],[-97.32402271102859,49.88830719765379],[-97.3240202108243,49.88831147772242],[-97.3240177170728,49.8883157593622],[-97.32401522977646,49.888320042569084],[-97.32401274893765,49.88832432733901],[-97.3240102745587,49.8883286136679],[-97.32400780664199,49.888332901551706],[-97.32400534518983,49.88833719098634],[-97.32400289020457,49.888341481967764],[-97.32400044168855,49.88834577449188],[-97.32399799964409,49.88835006855464],[-97.32399556407351,49.888354364151944],[-97.3239931349791,49.88835866127973],[-97.32399071236318,49.88836295993393],[-97.32398829622807,49.88836726011046],[-97.32398588657603,49.88837156180525],[-97.32398348340936,49.88837586501419],[-97.32398108673034,49.888380169733246],[-97.32397869654126,49.888384475958304],[-97.32397631284437,49.88838878368528],[-97.32397393564193,49.88839309291011],[-97.32397156493622,49.88839740362867],[-97.32396920072947,49.88840171583689],[-97.32396684302392,49.88840602953071],[-97.32396449182183,49.88841034470598],[-97.32396214712541,49.88841466135865],[-97.32395980893692,49.88841897948462],[-97.32395747725853,49.888423299079776],[-97.3239551520925,49.888427620140035],[-97.32395283344097,49.8884319426613],[-97.32395052130622,49.88843626663948],[-97.32394821569041,49.888440592070445],[-97.32394591659572,49.888444918950114],[-97.32394362402435,49.88844924727437],[-97.32394133797847,49.88845357703914],[-97.32393905846023,49.88845790824026],[-97.32393678547183,49.88846224087368],[-97.3239345190154,49.88846657493526],[-97.32393225909308,49.888470910420885],[-97.32393000570707,49.888475247326454],[-97.32392775885947,49.88847958564784],[-97.3239255185524,49.88848392538097],[-97.32392328478802,49.888488266521684],[-97.32392105756843,49.88849260906589],[-97.32391883689574,49.888496953009444],[-97.32391662277207,49.888501298348245],[-97.32391441519952,49.88850564507817],[-97.32391221418021,49.88850999319508],[-97.32391001971618,49.88851434269486],[-97.32390783180954,49.8885186935734],[-97.32390565046235,49.88852304582657],[-97.32390347567672,49.88852739945021],[-97.32390130745466,49.88853175444022],[-97.32389914579828,49.88853611079247],[-97.3238969907096,49.888540468502825],[-97.32389484219068,49.88854482756714],[-97.32389270024356,49.88854918798129],[-97.32389056487025,49.88855354974113],[-97.32388843607282,49.88855791284255],[-97.32388631385325,49.88856227728138],[-97.32388419821358,49.88856664305349],[-97.3238820891558,49.888571010154756],[-97.32387998668193,49.888575378580995],[-97.32387789079394,49.88857974832811],[-97.32387580149386,49.88858411939193],[-97.32387371878364,49.88858849176831],[-97.32387164266527,49.88859286545313],[-97.32386957314073,49.88859724044221],[-97.32386751021195,49.88860161673139],[-97.32386545388093,49.88860599431656],[-97.32386340414958,49.88861037319354],[-97.3238613610199,49.888614753358205],[-97.32385932449378,49.88861913480635],[-97.32385729457317,49.88862351753386],[-97.32385527126002,49.88862790153657],[-97.32385325455623,49.888632286810314],[-97.32385124446371,49.88863667335095],[-97.32384924098436,49.888641061154296],[-97.32384724412012,49.88864545021619],[-97.32384525387285,49.88864984053249],[-97.32384327024445,49.888654232099015],[-97.3238412932368,49.888658624911606],[-97.32383932285178,49.88866301896609],[-97.32383735909129,49.888667414258315],[-97.32383540195714,49.888671810784096],[-97.32383345145122,49.888676208539266],[-97.32383150757538,49.888680607519646],[-97.32382957033145,49.8886850077211],[-97.3238276397213,49.8886894091394],[-97.32382571574675,49.88869381177041],[-97.3238237984096,49.888698215609956],[-97.3238218877117,49.88870262065383],[-97.32381998365486,49.88870702689789],[-97.32381808624088,49.888711434337914],[-97.32381619547157,49.88871584296977],[-97.32381431134871,49.88872025278924],[-97.32381243387411,49.88872466379216],[-97.32381056304953,49.88872907597435],[-97.32380869887676,49.88873348933159],[-97.32380684135758,49.88873790385974],[-97.32380499049373,49.88874231955459],[-97.32380314628698,49.888746736411946],[-97.32380130873908,49.88875115442763],[-97.3237994778518,49.88875557359746],[-97.32379765362681,49.888759993917226],[-97.32379583606591,49.88876441538273],[-97.3237940251708,49.8887688379898],[-97.32379222094319,49.88877326173422],[-97.32379042338482,49.888777686611824],[-97.32378863249735,49.888782112618394],[-97.32378684828254,49.88878653974971],[-97.32378507074206,49.88879096800163],[-97.32378329987758,49.8887953973699],[-97.32378153569078,49.88879982785034],[-97.32377977818336,49.88880425943875],[-97.323778027357,49.88880869213094],[-97.32377628321332,49.888813125922674],[-97.323774545754,49.888817560809755],[-97.32377281498069,49.88882199678801],[-97.32377109089501,49.88882643385318],[-97.32376937349864,49.888830872001094],[-97.32376766279319,49.88883531122754],[-97.32376595878026,49.88883975152828],[-97.3237642614615,49.88884419289912],[-97.32376257083853,49.88884863533585],[-97.32376088691292,49.888853078834266],[-97.32375920968629,49.88885752339012],[-97.32375753916024,49.88886196899924],[-97.32375587533633,49.888866415657375],[-97.32375421821617,49.88887086336031],[-97.32375256780132,49.88887531210385],[-97.32375092409333,49.88887976188375],[-97.32374928709379,49.88888421269581],[-97.32374765680423,49.888888664535784],[-97.32374603322623,49.88889311739947],[-97.3237444163613,49.88889757128265],[-97.32374280621099,49.888902026181064],[-97.32374120277682,49.88890648209053],[-97.32373960606031,49.88891093900679],[-97.32373801606302,49.88891539692564],[-97.3237364327864,49.88891985584284],[-97.323734856232,49.88892431575414],[-97.32373328640126,49.88892877665536],[-97.32373172329574,49.888933238542215],[-97.32373016691689,49.888937701410505],[-97.32372861726617,49.88894216525599],[-97.32372707434509,49.888946630074436],[-97.32372553815509,49.888951095861614],[-97.32372400869764,49.888955562613276],[-97.32372248597419,49.88896003032518],[-97.32372096998617,49.888964498993104],[-97.32371946073505,49.88896896861281],[-97.32371795822225,49.88897343918004],[-97.32371646244918,49.888977910690585],[-97.32371497341728,49.888982383140174],[-97.32371349112796,49.88898685652458],[-97.32371201558263,49.88899133083956],[-97.32371054678269,49.88899580608084],[-97.32370908472953,49.889000282244226],[-97.32370762942455,49.889004759325445],[-97.32370618086912,49.889009237320245],[-97.32370473906462,49.8890137162244],[-97.32370330401241,49.88901819603364],[-97.32370187571388,49.88902267674373],[-97.32370045417038,49.8890271583504],[-97.32369903938323,49.88903164084942],[-97.3236976313538,49.88903612423653],[-97.32369623008341,49.88904060850748],[-97.32369483557342,49.88904509365801],[-97.32369344782512,49.889049579683885],[-97.32369206683985,49.88905406658082],[-97.32369069261892,49.889058554344594],[-97.32368932516364,49.88906304297092],[-97.3236879644753,49.88906753245555],[-97.32368661055519,49.88907202279424],[-97.32368526340458,49.8890765139827],[-97.3236839230248,49.8890810060167],[-97.32368258941707,49.889085498891966],[-97.3236812625827,49.889089992604234],[-97.32367994252292,49.88909448714925],[-97.32367862923898,49.889098982522746],[-97.32367732273215,49.88910347872045],[-97.32367602300367,49.88910797573812],[-97.32367473005476,49.88911247357148],[-97.32367344388666,49.88911697221625],[-97.32367216450059,49.889121471668176],[-97.32367089189776,49.88912597192299],[-97.32366962607938,49.88913047297641],[-97.32366836704666,49.889134974824195],[-97.32366711480078,49.88913947746205],[-97.32366586934295,49.8891439808857],[-97.32366463067434,49.88914848509089],[-97.32366339879611,49.88915299007336],[-97.32366217370948,49.889157495828805],[-97.32366095541558,49.88916200235297],[-97.32365974391556,49.88916650964156],[-97.3236585392106,49.889171017690344],[-97.32365734130181,49.889175526494995],[-97.32365615019035,49.88918003605127],[-97.32365496587734,49.88918454635489],[-97.32365378836391,49.88918905740155],[-97.3236526176512,49.889193569187],[-97.3236514537403,49.889198081706944],[-97.32365029663231,49.88920259495711],[-97.32364914632834,49.88920710893321],[-97.32364800282949,49.88921162363097],[-97.32364686613684,49.88921613904611],[-97.32364573625145,49.88922065517433],[-97.32364461317442,49.889225172011365],[-97.32364349690683,49.889229689552934],[-97.3236423874497,49.88923420779472],[-97.3236412848041,49.889238726732465],[-97.3236401889711,49.88924324636188],[-97.3236390999517,49.88924776667867],[-97.32363801774697,49.889252287678566],[-97.32363694235794,49.88925680935726],[-97.3236358737856,49.88926133171046],[-97.323634812031,49.88926585473389],[-97.32363375709512,49.889270378423255],[-97.32363270897898,49.88927490277426],[-97.32363166768356,49.88927942778262],[-97.32363063320989,49.88928395344404],[-97.32362960555889,49.889288479754235],[-97.3236285847316,49.8892930067089],[-97.32362757072895,49.88929753430375],[-97.3236265635519,49.88930206253447],[-97.32362556320143,49.8893065913968],[-97.3236245696785,49.889311120886404],[-97.32362358298404,49.88931565099902],[-97.32362260311896,49.88932018173034],[-97.32362163008422,49.88932471307606],[-97.32362066388076,49.88932924503188],[-97.32361970450947,49.88933377759353],[-97.32361875197128,49.889338310756656],[-97.32361780626707,49.88934284451702],[-97.32361686739776,49.88934737887027],[-97.32361593536424,49.889351913812135],[-97.3236150101674,49.88935644933831],[-97.32361409180811,49.889360985444476],[-97.32361318028725,49.88936552212635],[-97.32361227560568,49.889370059379615],[-97.32361137776427,49.88937459719999],[-97.32361048676385,49.88937913558315],[-97.3236096026053,49.88938367452478],[-97.32360872528945,49.8893882140206],[-97.32360785481713,49.88939275406628],[-97.32360699118915,49.88939729465755],[-97.32360613440635,49.88940183579006],[-97.32360528446954,49.88940637745953],[-97.32360444137954,49.88941091966165],[-97.32360360513714,49.8894154623921],[-97.32360277574314,49.88942000564659],[-97.32360195319832,49.88942454942078],[-97.32360113750347,49.88942909371038],[-97.32360032865937,49.88943363851109],[-97.32359952666675,49.889438183818584],[-97.32359873152645,49.88944272962855],[-97.32359794323915,49.88944727593667],[-97.32359716180565,49.88945182273864],[-97.32359638722666,49.88945637003017],[-97.32359561950295,49.88946091780691],[-97.32359485863522,49.889465466064564],[-97.32359410462419,49.88947001479881],[-97.32359335747061,49.88947456400535],[-97.32359261717517,49.88947911367985],[-97.32359188373857,49.889483663818],[-97.32359115716153,49.889488214415486],[-97.32359043744471,49.889492765468006],[-97.32358972458881,49.88949731697121],[-97.3235890185945,49.8895018689208],[-97.32358831946249,49.88950642131246],[-97.32358762719339,49.88951097414188],[-97.32358694178788,49.88951552740472],[-97.32358626324663,49.88952008109666],[-97.32358559157026,49.88952463521342],[-97.32358492675942,49.88952918975063],[-97.32358426881476,49.88953374470402],[-97.32358361773687,49.88953830006921],[-97.3235829735264,49.88954285584192],[-97.32358233618393,49.88954741201783],[-97.32358170571011,49.889551968592606],[-97.3235810821055,49.88955652556192],[-97.32358046537072,49.88956108292147],[-97.32357985550635,49.88956564066691],[-97.32357925251299,49.889570198793926],[-97.32357865639116,49.88957475729819],[-97.32357806714145,49.88957931617539],[-97.32357748476447,49.889583875421216],[-97.32357690926071,49.88958843503131],[-97.32357634063075,49.88959299500134],[-97.32357577887511,49.88959755532703],[-97.32357522399435,49.889602116004],[-97.32357467598898,49.88960667702796],[-97.32357413485954,49.88961123839457],[-97.32357360060652,49.889615800099506],[-97.32357307323046,49.88962036213845],[-97.32357255273183,49.88962492450705],[-97.32357203911116,49.889629487201006],[-97.3235715323689,49.889634050215975],[-97.32357103250555,49.88963861354763],[-97.32357053952161,49.88964317719165],[-97.32357005341751,49.88964774114368],[-97.32356957419374,49.88965230539943],[-97.32356910185074,49.889656869954564],[-97.32356863638897,49.889661434804715],[-97.32356817780887,49.889665999945585]]]]}},{"type":"Feature","properties":{"number":"1","community":null,"website":"https://winnipeg.ca/node/42606","name":"Old Kildonan","asst":null,"clerk_phone":null,"asst_phone":null,"clerk":null,"councillor":"Devi Sharma","phone":"204-986-5264"},"geometry":{"type":"MultiPolygon","coordinates":[[[[-97.22999256883173,49.94584282837024],[-97.22559689437841,49.94594859031939],[-97.21822050165984,49.94594839954608],[-97.20677439516705,49.945909871891736],[-97.20677884493401,49.96074054145108],[-97.19513317009583,49.960727781301976],[-97.19517497063022,49.951803063592415],[-97.19491859468457,49.951720678900124],[-97.19487327424905,49.95170611933866],[-97.19458762146492,49.951614350426105],[-97.19437168353979,49.951544977351176],[-97.19421928679772,49.95149601720867],[-97.19406689101794,49.95144705665295],[-97.19398453232391,49.95142059649049],[-97.19391449686687,49.95139809546341],[-97.19376210545201,49.951349133272956],[-97.19360971845312,49.95130016952517],[-97.19345733812952,49.951251203470356],[-97.193304967,49.95120223426981],[-97.19315260699288,49.95115326127503],[-97.19305048042912,49.95112042982884],[-97.19300025820387,49.9511042844379],[-97.19284791806832,49.951055304586944],[-97.1926929794135,49.951005508971825],[-97.19253771693754,49.95095560897519],[-97.19229113306322,49.950876358447104],[-97.19211625159093,49.950820152153675],[-97.19196134586946,49.95077036566902],[-97.19171049960738,49.95068974337436],[-97.19139506643788,49.95058836162307],[-97.19111477119068,49.95049827229932],[-97.19075789502998,49.95038356774718],[-97.19007566810066,49.95016428675872],[-97.18975364610398,49.9500607805587],[-97.1892727214588,49.94990634386241],[-97.18911247779089,49.949854884113705],[-97.18903169076093,49.94982894138189],[-97.18865151738441,49.94970685422608],[-97.1884158109963,49.94963115989875],[-97.18821660241885,49.94956718541829],[-97.18801511201775,49.94950247783214],[-97.18781362355695,49.94943776992293],[-97.18761213421635,49.94937306254606],[-97.18741064684981,49.94930835394716],[-97.18720915863722,49.94924364498165],[-97.18700767093799,49.949178936570256],[-97.18680618521282,49.94911422693685],[-97.18660469864164,49.94904951693684],[-97.18640321397696,49.94898480751274],[-97.18620172850002,49.948920096823066],[-97.18618287237051,49.948914040646684],[-97.18600024357019,49.948855385788576],[-97.1857531410909,49.94877602309932],[-97.18552504688274,49.948702765320164],[-97.18530835924571,49.94863316932001],[-97.18509927377782,49.94856601527765],[-97.18489018893294,49.94849885996497],[-97.18455945692125,49.94839263290525],[-97.18415649788749,49.948263205791115],[-97.18271274313594,49.94779946578764],[-97.18257407029859,49.94775531488056],[-97.18243268143412,49.94770948083868],[-97.18165336733453,49.94745907699939],[-97.18154433941622,49.94742404474539],[-97.18114719780964,49.947296434320975],[-97.1809381151302,49.94722925116086],[-97.18071439828843,49.94715736485557],[-97.18049087359555,49.94708553869703],[-97.1802673481494,49.94701371299123],[-97.18026525750277,49.947013040644606],[-97.18005826795041,49.94694652826864],[-97.17998023250716,49.94692145240382],[-97.17973077584091,49.946841291617005],[-97.1793719227926,49.946725975769034],[-97.17911342873705,49.946642909226874],[-97.17882834470356,49.946551297113594],[-97.1787446943236,49.94652441576087],[-97.17871428389039,49.94651464278309],[-97.17860406098588,49.94647922215532],[-97.17849380470678,49.946443790646576],[-97.17838354872337,49.94640835886393],[-97.1782733275718,49.946372938119055],[-97.17816307178597,49.94633750630106],[-97.17809848572276,49.94631675084049],[-97.17805284969923,49.94630208515679],[-97.1779387899735,49.946265430220876],[-97.177653710561,49.94617381511755],[-97.17739522249467,49.94609074480309],[-97.17718614468171,49.9460235530732],[-97.17713673393628,49.94600767389923],[-97.17685165902238,49.94591605686114],[-97.1767376011221,49.94587940077625],[-97.17662738115682,49.94584397829837],[-97.17651712781554,49.94580854493819],[-97.17640687474838,49.945773111332066],[-97.1762966551645,49.94573768868731],[-97.17618640273045,49.94570225448304],[-97.17607618459597,49.94566683114653],[-97.17596212763338,49.94563017465478],[-97.17567705606332,49.945538555305404],[-97.17541857349427,49.945455480629484],[-97.17494342556448,49.945302767683636],[-97.1746393331016,49.94520503036567],[-97.17419296694061,49.94506156081819],[-97.17398537331573,49.94499483639613],[-97.17352912610933,49.944848186375346],[-97.17343255524396,49.94481714568864],[-97.17281434492271,49.94461843250806],[-97.17271169092844,49.94458543521059],[-97.17260998724423,49.94455274423305],[-97.17250733353292,49.94451974675742],[-97.17240544010276,49.94448699414135],[-97.17240026872149,49.944485331849386],[-97.17228928830562,49.94444965775569],[-97.17217446972415,49.94441274973808],[-97.17207345121501,49.94438027776811],[-97.17197535915635,49.944348746838905],[-97.17185590164101,49.94431034687184],[-97.17173861184845,49.94427264388445],[-97.17162816498399,49.9442371408942],[-97.1715125101725,49.94419996267414],[-97.17141145400339,49.94416747783474],[-97.17130880191752,49.94413448021315],[-97.17120615000785,49.94410148160311],[-97.1711034968473,49.944068482881605],[-97.17077118068711,49.94396165622467],[-97.17045717242918,49.94386071354088],[-97.16963064676668,49.94359500769523],[-97.16924057819894,49.94346960854645],[-97.16887028047014,49.94335056308049],[-97.16810992336569,49.94310611357762],[-97.16750164163956,49.94291055005414],[-97.16721651226705,49.942818878304905],[-97.1671214684352,49.942788321486475],[-97.16673141310474,49.94266291312658],[-97.16627513159901,49.942516331795524],[-97.16569565729839,49.942330170520506],[-97.16539322389315,49.94223174505852],[-97.16472831168,49.94201840264585],[-97.16415839129479,49.941835533955505],[-97.16406338613129,49.94180501389699],[-97.16377837206727,49.94171345327254],[-97.16349335909824,49.94162189195821],[-97.16339835478642,49.941591371363124],[-97.16345450004295,49.941518404135266],[-97.16347028208496,49.94149788296059],[-97.1598360162836,49.94032844684406],[-97.15981827900907,49.94035144935616],[-97.15980364341321,49.94037043207515],[-97.15976337136843,49.940422663393036],[-97.15935372923065,49.940290948284556],[-97.15916472126915,49.940230114675046],[-97.15909457792422,49.940309931967654],[-97.15890804865025,49.940248481172006],[-97.15845215594194,49.94010175621133],[-97.15848654222819,49.940062339861996],[-97.14512717699358,49.93576174353671],[-97.12729918651839,49.94681596512206],[-97.12721745575568,49.94686653548107],[-97.12231614111069,49.949904023673376],[-97.11713740057867,49.95311279145306],[-97.10638002463172,49.9496333638371],[-97.10522368887484,49.950496252344514],[-97.10315741198922,49.95182490082552],[-97.10344833528174,49.95191908241808],[-97.10348772870647,49.95193183573688],[-97.10390386273649,49.95206655836511],[-97.10809048571102,49.9534218390745],[-97.10834104108291,49.9535029406499],[-97.10908425254543,49.95374350477176],[-97.10961891511553,49.95391656098335],[-97.1134930351146,49.9551704016903],[-97.11369443562792,49.955235578576165],[-97.10858454409009,49.958410669383845],[-97.09226417508938,49.96850288399928],[-97.09244227821041,49.96858254518953],[-97.09491713549893,49.96968943130322],[-97.10332128113058,49.97344743898221],[-97.11248826540815,49.97754520661543],[-97.11349711448736,49.977996093574426],[-97.11379212109678,49.97812793824739],[-97.11372892108706,49.97820940074338],[-97.11416402615882,49.978403556631214],[-97.14915728870159,49.9940079783303],[-97.149157227652,49.99393041260366],[-97.15519681488922,49.99393342605439],[-97.15518791517455,49.99029815702467],[-97.16122524973967,49.99030515037238],[-97.16122630436165,49.98563407648924],[-97.16122622210113,49.984429352346545],[-97.1612280830963,49.97559415852006],[-97.184109931312,49.9755983494955],[-97.20677302906499,49.975619171003935],[-97.2182029425489,49.97562748567517],[-97.22999864195505,49.97563425754959],[-97.22999111181221,49.96813527344342],[-97.22998265237767,49.96077665835885],[-97.22998249616691,49.96064099171116],[-97.22998743805901,49.9533775779113],[-97.22999256883173,49.94584282837024]]]]}},{"type":"Feature","properties":{"number":"3","community":null,"website":"https://winnipeg.ca/node/42607","name":"Point Douglas","asst":null,"clerk_phone":null,"asst_phone":null,"clerk":null,"councillor":"Vivian Santos","phone":"204-986-8401"},"geometry":{"type":"MultiPolygon","coordinates":[[[[-97.22559689437841,49.94594859031939],[-97.22999256883173,49.94584282837024],[-97.22985382532599,49.94049160965224],[-97.2298554675423,49.9330863335105],[-97.22985592375792,49.931081485181586],[-97.22985895565664,49.92383253008271],[-97.22985675826918,49.91982817877928],[-97.22943646902749,49.919515954938454],[-97.22714947156392,49.917816933045835],[-97.22548984150231,49.91658388346576],[-97.22530106320326,49.91644356677045],[-97.21798987478215,49.91644842224796],[-97.20676069998972,49.916454886394206],[-97.19962768186272,49.916457394112655],[-97.19510473905247,49.91646043378155],[-97.19510471806838,49.91636527400943],[-97.18965476322897,49.911138403623475],[-97.18639840109958,49.91009655582455],[-97.18372141802111,49.9092399595469],[-97.18024047871175,49.90812559530046],[-97.1732690045576,49.905893328894365],[-97.1714355672761,49.905306129756916],[-97.15970381918524,49.90155011384918],[-97.15816435930955,49.90110086725924],[-97.1520643648043,49.89915304474945],[-97.15213748044695,49.89811687332646],[-97.15135875874495,49.89792998991076],[-97.15123636040394,49.897890806187064],[-97.15117441117496,49.89797187723867],[-97.15094746216678,49.898266288055005],[-97.15093009456432,49.89828959518767],[-97.15016863142054,49.89804728679005],[-97.14784871172,49.89730381459063],[-97.14613881507823,49.89675579447149],[-97.14601341043684,49.896715601458965],[-97.14576780333199,49.897034615579294],[-97.14570636000774,49.89711565285077],[-97.14419249659376,49.89663122443056],[-97.14131201434174,49.895707443254786],[-97.14029757921197,49.89538198738407],[-97.1399518772385,49.89527104061536],[-97.13981744637192,49.89502264997613],[-97.13872620725189,49.8930055874693],[-97.13728630684123,49.893331304332435],[-97.13752129090231,49.893764774838665],[-97.13694442954986,49.893789409248576],[-97.1350109670971,49.8931781570518],[-97.13494649367397,49.893415571188584],[-97.13484063907792,49.89365168485226],[-97.13450636997507,49.89409290379572],[-97.13433624771693,49.89425630954242],[-97.13406709431887,49.8944642410349],[-97.13384726170489,49.89460189381938],[-97.13353523713455,49.89476003958161],[-97.13286520395059,49.89500014435831],[-97.13246159057483,49.895107115293555],[-97.13200297796585,49.8950001970468],[-97.13066892728132,49.89513745114722],[-97.13094440427875,49.89555332131024],[-97.13120527575168,49.896157089467856],[-97.13125946657028,49.89670988563643],[-97.13124903557706,49.8973057937807],[-97.13121603564538,49.8977874677235],[-97.13116580643477,49.89791178172653],[-97.13111061863694,49.898048367116374],[-97.13094789848283,49.89830253279118],[-97.13057251595221,49.898706645235876],[-97.13011681099825,49.89904787793701],[-97.1295916614631,49.89937055926209],[-97.12898596566819,49.8996826426838],[-97.12878433054335,49.89976382122449],[-97.12853644100645,49.899863620983425],[-97.12708955697968,49.90025041889454],[-97.12562053919538,49.90060430656132],[-97.12485134831813,49.90077080592907],[-97.12440391850582,49.900850713200875],[-97.12395959132155,49.90089697263764],[-97.12361369546383,49.900909965401894],[-97.1211318316121,49.900708256215275],[-97.11971150650716,49.90064107319421],[-97.11615101779452,49.9004217566378],[-97.11547394075336,49.90039332238034],[-97.11351082055106,49.90040670753694],[-97.11269148162407,49.90042822925403],[-97.11186117051027,49.90049822334491],[-97.11111684567507,49.9006161023491],[-97.1106034023083,49.90072516112765],[-97.110197524932,49.900869436037524],[-97.10985021721712,49.90106564503636],[-97.10956295845263,49.901262653395165],[-97.10924900905673,49.90151664664032],[-97.1089599617551,49.9018698104872],[-97.10876655794733,49.90221523847852],[-97.10860335211991,49.90268642393588],[-97.10956846439063,49.90275890531119],[-97.1149510015324,49.90305411526653],[-97.11758886723733,49.90318648943689],[-97.11873380849227,49.903348621366256],[-97.1219119146633,49.903838909501566],[-97.12211420273638,49.90387000352678],[-97.12575501629715,49.90442824824608],[-97.12595407247113,49.90445876580663],[-97.12615312472106,49.90448928238658],[-97.1284680008945,49.90484414682218],[-97.13093703715218,49.90519341126253],[-97.13120396408725,49.905259022772924],[-97.13229733622126,49.905426881594515],[-97.13256967789746,49.90546899315959],[-97.13256826956938,49.90547440975632],[-97.1339533814226,49.90562582459736],[-97.13423036640876,49.90565540632926],[-97.1345073517515,49.90568498740302],[-97.13520143533438,49.905758983709504],[-97.1358955211177,49.90583297678227],[-97.13586817532745,49.905937916538015],[-97.13614404145088,49.90596790133447],[-97.13661799498733,49.90611990923298],[-97.13686885841518,49.906200365530545],[-97.13737270211281,49.906361951013245],[-97.14190747896774,49.90781613295844],[-97.14504241857179,49.908793180148855],[-97.16074342528161,49.91380476506419],[-97.1585332365719,49.91668148029866],[-97.16104420959937,49.91748647236296],[-97.16110628349077,49.91740565505581],[-97.16123106963826,49.91744563942214],[-97.16282488797229,49.91795672029916],[-97.1631575631817,49.9180633933167],[-97.16474012957633,49.918570827210765],[-97.16569062652368,49.91887557892909],[-97.16664113561622,49.91918032297324],[-97.16729053041145,49.91938851969175],[-97.16805107108682,49.919632343042615],[-97.16946984576269,49.92008699171901],[-97.16965504181002,49.92014633196308],[-97.16985706389666,49.920211543531536],[-97.16976114134678,49.921152864014864],[-97.1666737990125,49.922608096428526],[-97.1564737064115,49.91935694432591],[-97.1562119100234,49.91969902413796],[-97.1526638407589,49.92428011945058],[-97.15122226731393,49.926141023591356],[-97.15102714219081,49.926523357805735],[-97.16675914121468,49.931580377563975],[-97.16689861179516,49.931421491887896],[-97.17075485109562,49.93265221796788],[-97.16377837206727,49.94171345327254],[-97.16406338613129,49.94180501389699],[-97.16415839129479,49.941835533955505],[-97.16472831168,49.94201840264585],[-97.16539322389315,49.94223174505852],[-97.16569565729839,49.942330170520506],[-97.16627513159901,49.942516331795524],[-97.16673141310474,49.94266291312658],[-97.1671214684352,49.942788321486475],[-97.16721651226705,49.942818878304905],[-97.16750164163956,49.94291055005414],[-97.16810992336569,49.94310611357762],[-97.16887028047014,49.94335056308049],[-97.16924057819894,49.94346960854645],[-97.16963064676668,49.94359500769523],[-97.17045717242918,49.94386071354088],[-97.17077118068711,49.94396165622467],[-97.1711034968473,49.944068482881605],[-97.17120615000785,49.94410148160311],[-97.17130880191752,49.94413448021315],[-97.17141145400339,49.94416747783474],[-97.1715125101725,49.94419996267414],[-97.17162816498399,49.9442371408942],[-97.17173861184845,49.94427264388445],[-97.17185590164101,49.94431034687184],[-97.17197535915635,49.944348746838905],[-97.17207345121501,49.94438027776811],[-97.17217446972415,49.94441274973808],[-97.17228928830562,49.94444965775569],[-97.17240026872149,49.944485331849386],[-97.17240544010276,49.94448699414135],[-97.17250733353292,49.94451974675742],[-97.17260998724423,49.94455274423305],[-97.17271169092844,49.94458543521059],[-97.17281434492271,49.94461843250806],[-97.17343255524396,49.94481714568864],[-97.17352912610933,49.944848186375346],[-97.17398537331573,49.94499483639613],[-97.17419296694061,49.94506156081819],[-97.1746393331016,49.94520503036567],[-97.17494342556448,49.945302767683636],[-97.17541857349427,49.945455480629484],[-97.17567705606332,49.945538555305404],[-97.17596212763338,49.94563017465478],[-97.17607618459597,49.94566683114653],[-97.17618640273045,49.94570225448304],[-97.1762966551645,49.94573768868731],[-97.17640687474838,49.945773111332066],[-97.17651712781554,49.94580854493819],[-97.17662738115682,49.94584397829837],[-97.1767376011221,49.94587940077625],[-97.17685165902238,49.94591605686114],[-97.17713673393628,49.94600767389923],[-97.17718614468171,49.9460235530732],[-97.17739522249467,49.94609074480309],[-97.177653710561,49.94617381511755],[-97.1779387899735,49.946265430220876],[-97.17805284969923,49.94630208515679],[-97.17809848572276,49.94631675084049],[-97.17816307178597,49.94633750630106],[-97.1782733275718,49.946372938119055],[-97.17838354872337,49.94640835886393],[-97.17849380470678,49.946443790646576],[-97.17860406098588,49.94647922215532],[-97.17871428389039,49.94651464278309],[-97.1787446943236,49.94652441576087],[-97.17882834470356,49.946551297113594],[-97.17911342873705,49.946642909226874],[-97.1793719227926,49.946725975769034],[-97.17973077584091,49.946841291617005],[-97.17998023250716,49.94692145240382],[-97.18005826795041,49.94694652826864],[-97.18026525750277,49.947013040644606],[-97.1802673481494,49.94701371299123],[-97.18049087359555,49.94708553869703],[-97.18071439828843,49.94715736485557],[-97.1809381151302,49.94722925116086],[-97.18114719780964,49.947296434320975],[-97.18154433941622,49.94742404474539],[-97.18165336733453,49.94745907699939],[-97.18243268143412,49.94770948083868],[-97.18257407029859,49.94775531488056],[-97.18271274313594,49.94779946578764],[-97.18415649788749,49.948263205791115],[-97.18455945692125,49.94839263290525],[-97.18489018893294,49.94849885996497],[-97.18509927377782,49.94856601527765],[-97.18530835924571,49.94863316932001],[-97.18552504688274,49.948702765320164],[-97.1857531410909,49.94877602309932],[-97.18600024357019,49.948855385788576],[-97.18618287237051,49.948914040646684],[-97.18620172850002,49.948920096823066],[-97.18640321397696,49.94898480751274],[-97.18660469864164,49.94904951693684],[-97.18680618521282,49.94911422693685],[-97.18700767093799,49.949178936570256],[-97.18720915863722,49.94924364498165],[-97.18741064684981,49.94930835394716],[-97.18761213421635,49.94937306254606],[-97.18781362355695,49.94943776992293],[-97.18801511201775,49.94950247783214],[-97.18821660241885,49.94956718541829],[-97.1884158109963,49.94963115989875],[-97.18865151738441,49.94970685422608],[-97.18903169076093,49.94982894138189],[-97.18911247779089,49.949854884113705],[-97.1892727214588,49.94990634386241],[-97.18975364610398,49.9500607805587],[-97.19007566810066,49.95016428675872],[-97.19075789502998,49.95038356774718],[-97.19111477119068,49.95049827229932],[-97.19139506643788,49.95058836162307],[-97.19171049960738,49.95068974337436],[-97.19196134586946,49.95077036566902],[-97.19211625159093,49.950820152153675],[-97.19229113306322,49.950876358447104],[-97.19253771693754,49.95095560897519],[-97.1926929794135,49.951005508971825],[-97.19284791806832,49.951055304586944],[-97.19300025820387,49.9511042844379],[-97.19305048042912,49.95112042982884],[-97.19315260699288,49.95115326127503],[-97.193304967,49.95120223426981],[-97.19345733812952,49.951251203470356],[-97.19360971845312,49.95130016952517],[-97.19376210545201,49.951349133272956],[-97.19391449686687,49.95139809546341],[-97.19398453232391,49.95142059649049],[-97.19406689101794,49.95144705665295],[-97.19421928679772,49.95149601720867],[-97.19437168353979,49.951544977351176],[-97.19458762146492,49.951614350426105],[-97.19487327424905,49.95170611933866],[-97.19491859468457,49.951720678900124],[-97.19517497063022,49.951803063592415],[-97.19513317009583,49.960727781301976],[-97.20677884493401,49.96074054145108],[-97.20677439516705,49.945909871891736],[-97.21822050165984,49.94594839954608],[-97.22559689437841,49.94594859031939]]]]}},{"type":"Feature","properties":{"number":"15","community":null,"website":"https://winnipeg.ca/node/42604","name":"North Kildonan","asst":null,"clerk_phone":null,"asst_phone":null,"clerk":null,"councillor":"Jeff Browaty","phone":"204-986-5196"},"geometry":{"type":"MultiPolygon","coordinates":[[[[-97.09226417508938,49.96850288399928],[-97.10858454409009,49.958410669383845],[-97.11369443562792,49.955235578576165],[-97.1134930351146,49.9551704016903],[-97.10961891511553,49.95391656098335],[-97.10908425254543,49.95374350477176],[-97.10834104108291,49.9535029406499],[-97.10809048571102,49.9534218390745],[-97.10390386273649,49.95206655836511],[-97.10348772870647,49.95193183573688],[-97.10344833528174,49.95191908241808],[-97.10315741198922,49.95182490082552],[-97.10248967540588,49.952256600505265],[-97.09821751685851,49.95092106584703],[-97.09725516603874,49.950620190210294],[-97.09794290346981,49.94972186231356],[-97.09815620647436,49.94928964014391],[-97.09826163990714,49.948854492215006],[-97.0982901352453,49.94813106371593],[-97.09819363690272,49.947426503272645],[-97.09804747222462,49.947067411101514],[-97.09783246326457,49.946675772033316],[-97.0973760302418,49.94605826761532],[-97.0968710720248,49.945301694224945],[-97.09645335553591,49.944616270612045],[-97.09626000443966,49.94408443273006],[-97.09616120828558,49.94343909235843],[-97.09615808070352,49.943020737474036],[-97.09617813788422,49.94278752069498],[-97.09643764495365,49.9421875822277],[-97.09669857046356,49.9418711761093],[-97.09715163039327,49.9415219002664],[-97.09827106574076,49.94089302994832],[-97.099174202818,49.94054415353731],[-97.10068303996611,49.94003672789696],[-97.10079920088756,49.940004983532006],[-97.1020388827288,49.93966619433262],[-97.1042096058917,49.939220663961805],[-97.10522232513172,49.93896764809754],[-97.10728567243625,49.93841224544957],[-97.1079846440314,49.93812503520436],[-97.10874251821002,49.93775860787683],[-97.10940162959024,49.93733944005259],[-97.10997245510026,49.93687583774667],[-97.11051449222722,49.9362734929687],[-97.11077698203172,49.935914083795836],[-97.1110582542533,49.93535047902362],[-97.11125949957994,49.93480764677809],[-97.11140204759364,49.93401636535685],[-97.11143191913926,49.9332522968701],[-97.1111731245281,49.93181424976068],[-97.11104448339886,49.93137526527652],[-97.1106239893418,49.93029826863922],[-97.11022208371853,49.929344738686474],[-97.10996076293394,49.92852479805177],[-97.10989103741346,49.928006598586],[-97.10989922339472,49.9271991844164],[-97.11001311516362,49.92631215759099],[-97.11021888424473,49.92563319375028],[-97.1102591005043,49.925500492194786],[-97.11044833298124,49.92498649416703],[-97.11087332092353,49.924245155294535],[-97.11203418017689,49.92277097555964],[-97.11246244206455,49.92231201233023],[-97.11304251384055,49.92179044965028],[-97.1135636125029,49.92144221532842],[-97.1143226386606,49.92103855078203],[-97.1155039768454,49.92051164942233],[-97.11604777789994,49.92032522860855],[-97.11657832758391,49.92014334662621],[-97.11702168726718,49.9200343566086],[-97.11740788951046,49.91996045774416],[-97.11805862699428,49.91987828988251],[-97.11655926234484,49.91938028612839],[-97.11497458417908,49.91885391426229],[-97.11493684296941,49.91884137773028],[-97.11471003487958,49.91876603707616],[-97.1146722865301,49.91875349784006],[-97.1144835594789,49.918690807021235],[-97.11429483431583,49.91862811592279],[-97.11420047122414,49.918596770248925],[-97.11410610825638,49.91856542449948],[-97.11391738408506,49.91850273279657],[-97.1137286590174,49.91844004076877],[-97.11353993448071,49.918377347539796],[-97.11335121179704,49.918314654930185],[-97.113162488217,49.91825196199569],[-97.11293602086805,49.918176729720315],[-97.11274922525898,49.918114675901926],[-97.1116485154364,49.91946288351576],[-97.10961460759786,49.92162679343945],[-97.1040203254489,49.92758002134162],[-97.09911426132085,49.93277315992744],[-97.09891006590198,49.93292705426252],[-97.09141176870398,49.93043792346656],[-97.09112943555758,49.930791566795214],[-97.0910048910621,49.93075017597705],[-97.0865256507616,49.929261389051796],[-97.08708238199915,49.92856491844941],[-97.0869578471274,49.928523522165975],[-97.08671437861541,49.928442591559914],[-97.08661840128559,49.92841068782245],[-97.08644853969238,49.928354223987526],[-97.08624470657585,49.928286467150514],[-97.0860333246964,49.92821620042872],[-97.08582571809957,49.92814718810088],[-97.08558193539785,49.92806614854786],[-97.08544834620331,49.92802174070441],[-97.0853366448158,49.92798460773908],[-97.08511022240508,49.92790933903693],[-97.08488380213713,49.92783406902399],[-97.0846573811557,49.927758799452086],[-97.0844309609246,49.927683528546375],[-97.08420454276495,49.9276082581277],[-97.08397812396316,49.92753298635224],[-97.08375170584038,49.92745771504082],[-97.08352528986036,49.92738244241863],[-97.08329887316692,49.927307170237476],[-97.08307245722375,49.92723189672255],[-97.08284604335208,49.9271566236947],[-97.08261547838588,49.927079970096],[-97.08238529098328,49.92700344101323],[-97.08215887792383,49.92692816574366],[-97.08193246693581,49.92685289096123],[-97.08170605530567,49.92677761482198],[-97.08147964435453,49.92670233914682],[-97.08125323554617,49.92662706216095],[-97.08102682602437,49.926551785616134],[-97.08080041725295,49.92647650773757],[-97.0805740105529,49.926401230346144],[-97.08034760321084,49.92632595159794],[-97.08012119654771,49.926250673313845],[-97.07989479202743,49.92617539371907],[-97.07966838679364,49.926100114565344],[-97.0794419823103,49.92602483407792],[-97.0792155798983,49.92594955407765],[-97.07898917680858,49.92587427361953],[-97.07891371516166,49.92584918373249],[-97.07870619627394,49.9257801892213],[-97.07849867941475,49.92571119346897],[-97.07829116176353,49.92564219732831],[-97.07808364471269,49.92557320082235],[-97.07787612826222,49.925504203951114],[-97.07766861380455,49.9254352067377],[-97.07746109855483,49.92536620913592],[-97.0772535839055,49.925297211168875],[-97.07693325927548,49.92519070338847],[-97.0766792937731,49.9251062524585],[-97.07648574701211,49.92504189195245],[-97.0710081327417,49.9293706048493],[-97.06197803783023,49.92636551215844],[-97.05267647709486,49.923268960177346],[-97.04721806253534,49.92894751202505],[-97.04653727939895,49.92875168233088],[-97.04458911265219,49.930871304395595],[-97.02475862848178,49.93060578078925],[-97.02476115128111,49.93043729928151],[-97.02355987150206,49.930428998375405],[-97.02278086637025,49.93042360913443],[-97.02052861879739,49.930407999149296],[-97.02038000822172,49.93040696755772],[-97.02023988846915,49.9304059944104],[-97.02009976733463,49.9304050210701],[-97.01995964617383,49.93040404845939],[-97.01981952645293,49.93040307480426],[-97.01967940531324,49.93040210185496],[-97.01953928422098,49.93040112783758],[-97.0193991645318,49.93040015367449],[-97.01925904342384,49.93039918021731],[-97.01899162176755,49.93039732052638],[-97.01889825058335,49.930396645292575],[-97.01879214686257,49.93039587743859],[-97.01868604171862,49.930395110362696],[-97.0185799380102,49.93039434231448],[-97.01847383430801,49.93039357416927],[-97.01836773057514,49.93039280682588],[-97.01826162688536,49.930392038486616],[-97.01815552177237,49.930391270925185],[-97.01804941809499,49.930390502391695],[-97.01794331442376,49.93038973376114],[-97.01783721072188,49.93038896593238],[-97.01773110567056,49.930388197083964],[-97.01762500201797,49.93038742816209],[-97.01751889833467,49.930386660042124],[-97.01741279469447,49.93038589092621],[-97.01730669102356,49.930385122612094],[-97.01720058600328,49.93038435327823],[-97.01709448238168,49.93038358387109],[-97.01698837872941,49.93038281526577],[-97.01688227512022,49.930382045664494],[-97.01677617151724,49.93038127596624],[-97.01667006649106,49.93038050704579],[-97.01656396290049,49.9303797371533],[-97.01645785927923,49.93037896806262],[-97.01635175570105,49.93037819797599],[-97.01624565212911,49.93037742779229],[-97.01613954713397,49.93037665838657],[-97.01603344357446,49.930375888008726],[-97.01592734002111,49.930375117533806],[-97.01582123643708,49.93037434786069],[-97.01571513289619,49.930373577191645],[-97.01543501847104,49.93037154332732],[-97.01532887174854,49.930370772464855],[-97.01522272503227,49.930370001505246],[-97.01511657975163,49.93036922957344],[-97.01501043304779,49.93036845841953],[-97.01490428635019,49.93036768716846],[-97.01479814105129,49.9303669158441],[-97.01469199436609,49.930366144398725],[-97.01458584768714,49.930365372856215],[-97.0144797024069,49.930364601240406],[-97.01437355577734,49.93036382860472],[-97.01426740911704,49.93036305677075],[-97.01416126385544,49.930362284863506],[-97.01405511720763,49.93036151283525],[-97.013948970566,49.93036074070983],[-97.0138428253231,49.930359968511134],[-97.01369780273824,49.93035891245574],[-97.01355774496152,49.93035789360955],[-97.00991626952167,49.93033132844152],[-97.00532920950289,49.9302977032649],[-97.00235832124181,49.93027582881632],[-97.00193815232151,49.93027302575728],[-96.99916249194115,49.93025446788527],[-96.99820968642985,49.930248081705855],[-96.99728150062187,49.93024185388557],[-96.99805395177623,49.93058600736077],[-97.00153666196306,49.932137550349466],[-97.0049037403497,49.93363738683425],[-97.00628324241784,49.934251819620336],[-97.00712405708889,49.93462630422341],[-97.00788444887083,49.93496496047285],[-97.00858227044206,49.93527574063178],[-97.0143287871476,49.937834687219954],[-97.01553792297378,49.93837304953456],[-97.01594339814514,49.93855358037912],[-97.01634510020634,49.93873242860351],[-97.01674708591429,49.938911400416586],[-97.01715012337019,49.93909083767243],[-97.0175531638426,49.93927027355807],[-97.01795627465057,49.93944973804375],[-97.0184666377862,49.93967694700219],[-97.01881620436875,49.93983256830865],[-97.01916549193162,49.93998806336184],[-97.0195685476329,49.940167492261885],[-97.01997160635081,49.94034691979184],[-97.02037473636504,49.940526376346284],[-97.02077675201366,49.94070533463166],[-97.0211787706632,49.94088429155381],[-97.0215840065216,49.941064677871495],[-97.02198952744726,49.94124518783157],[-97.02239127418817,49.94142401507657],[-97.02279330526099,49.94160296618653],[-97.02319811915936,49.94178308644329],[-97.02359266779071,49.941958679378764],[-97.03000187395153,49.944810716899205],[-97.03087581291271,49.94519955790446],[-97.03183720946232,49.94562729008232],[-97.03250873355417,49.94592642125865],[-97.03318031418098,49.946225563158336],[-97.03415153778805,49.9466581620364],[-97.03517717334145,49.94711497993854],[-97.03620282844143,49.94757178896631],[-97.03722850169517,49.948028589095685],[-97.03825419588895,49.948485380373405],[-97.03860365369529,49.94864100637645],[-97.03895311512713,49.94879663227167],[-97.03928026565306,49.94894232081167],[-97.03930333464895,49.94895259373822],[-97.03966945199814,49.949115633234996],[-97.03989234614347,49.94921489129297],[-97.0402344797324,49.949367246822874],[-97.04030557582601,49.9493989063833],[-97.04133122596721,49.94985562522287],[-97.04235689565247,49.95031233518718],[-97.04331430985404,49.95073862932241],[-97.043547381338,49.950842404316425],[-97.043720954669,49.95091966520577],[-97.04389449293659,49.95099695394779],[-97.06442273249853,49.960133466278265],[-97.0649121599448,49.96035108379771],[-97.06526385199975,49.96050745712492],[-97.06561694502359,49.96066445180615],[-97.06586166359608,49.96077325880174],[-97.06606582488604,49.960864033064574],[-97.06652660239808,49.961068900298045],[-97.06670110852114,49.96114752796951],[-97.06687507675188,49.96122611181938],[-97.06783104984764,49.96164952966858],[-97.06809314402832,49.96176609802956],[-97.06819666385526,49.96181213908657],[-97.06919908618885,49.96225795941058],[-97.07029408858783,49.96274493567632],[-97.07131902282114,49.96171019266964],[-97.07216779102416,49.96079824190729],[-97.07260777258064,49.96028965529206],[-97.07301697429301,49.959890985150295],[-97.07406567060764,49.960360344763366],[-97.0787155506896,49.962441364825295],[-97.08184680634642,49.96384253093239],[-97.08208376279319,49.963948422513624],[-97.0823207202871,49.96405431362094],[-97.0861072374748,49.965748584482284],[-97.09198894921433,49.968388370857596],[-97.0920778899549,49.96842828411027],[-97.09208607256049,49.968423222541276],[-97.09226417508938,49.96850288399928]]]]}}]
}