{"type":"FeatureCollection","features":[{"type":"Feature","id":51,"geometry":{"type":"Polygon","coordinates":[[[-54.309666348560839,48.972196666636094],[-54.309964831088863,48.97225769984545],[-54.31041694686337,48.972744577474344],[-54.310840104253032,48.972997199919568],[-54.310975677916723,48.973027962280909],[-54.311146475704035,48.973148278292101],[-54.311720084693242,48.97339590434656],[-54.312941811131168,48.974314929098966],[-54.313188574623432,48.974573054034479],[-54.313415040649112,48.975189720140591],[-54.313538517637092,48.975417263747232],[-54.313584010019568,48.975607690258087],[-54.313842769508874,48.976117808779044],[-54.31393362401289,48.976218964698781],[-54.314420404780861,48.976571429634092],[-54.314584825192284,48.976800468481272],[-54.314812969364951,48.97765189038082],[-54.315301141072027,48.978733743313448],[-54.316079208332042,48.979768563942727],[-54.316866250805191,48.980659613721315],[-54.317452159084446,48.981438004335423],[-54.317587813501518,48.981710686314294],[-54.317802176192927,48.981796554294483],[-54.318153953694988,48.981859241887776],[-54.318292768130767,48.981835185395759],[-54.318552462020854,48.981832677237392],[-54.318688399559441,48.981853543320106],[-54.318981494973514,48.981995414080139],[-54.319881713308774,48.982286431332753],[-54.321204669632387,48.983090827557881],[-54.321507048639802,48.983322762140688],[-54.322496778607395,48.984245499314952],[-54.32291571113484,48.984587947930002],[-54.323285815839697,48.985082574381543],[-54.323576703577388,48.985250485875895],[-54.324291600109973,48.985447035650154],[-54.324598994387166,48.985571117665536],[-54.324861941294621,48.98575750148899],[-54.324952534473354,48.985867638112431],[-54.325126069563453,48.986438544795853],[-54.325146410747323,48.987095364681906],[-54.325425115505332,48.987749638500603],[-54.325395204557687,48.988315795305049],[-54.32557971574051,48.988437186902836],[-54.325716577395951,48.988431078249462],[-54.326288862460196,48.988480752170013],[-54.326848463194359,48.98874608500094],[-54.327227046245966,48.988826221633111],[-54.327922840011581,48.988860594847552],[-54.328872360875479,48.988990368834294],[-54.329561816312847,48.98913256271431],[-54.330769058702273,48.989565536406211],[-54.330864047202759,48.989585797592589],[-54.330878306723093,48.989568017470397],[-54.33095736318306,48.989615025791757],[-54.331696713784503,48.989614032346601],[-54.331917002414251,48.989565056854318],[-54.332355941732089,48.989557010659702],[-54.332646459499053,48.989491964780576],[-54.333453313456843,48.989474844168335],[-54.334609948297881,48.989582385326116],[-54.336513992931025,48.990021760286432],[-54.33693385548294,48.99009436553289],[-54.337899015422828,48.990207207081617],[-54.339709488227292,48.990338503129216],[-54.341445991493352,48.990351793162873],[-54.344157742167468,48.990504070990468],[-54.345004696635215,48.990514429220511],[-54.345140334566096,48.990545153248213],[-54.345577025279589,48.990564009165873],[-54.346481005579612,48.99079191330457],[-54.347865044687147,48.990967334156871],[-54.348478662228061,48.991008497122202],[-54.349397633798269,48.990948806132067],[-54.350435769931288,48.990963657316648],[-54.350611803061334,48.991012938165653],[-54.351250785666508,48.991072437593125],[-54.351534701721057,48.991124162489974],[-54.351864996089311,48.991095604769811],[-54.352087525478453,48.991019642775036],[-54.352652458617058,48.990672472441304],[-54.352997592890702,48.990608149676206],[-54.35343396155239,48.990636862528333],[-54.353908196757217,48.99071917547311],[-54.354372475785908,48.990730297640383],[-54.355379969656298,48.990554907298524],[-54.355957528646044,48.99048759590994],[-54.356449421077734,48.990490108626425],[-54.357166008317286,48.990641513092747],[-54.357454278772188,48.99060244983685],[-54.357542486803013,48.990496685983743],[-54.357402271259545,48.990313918595106],[-54.357516723559357,48.990199535450074],[-54.357771953979793,48.990043084599996],[-54.358739702254717,48.989579307824101],[-54.359894946868188,48.988940117425166],[-54.3606617849237,48.98864254159637],[-54.361728110943069,48.988379796182926],[-54.362298270369052,48.988203528438873],[-54.362828040587019,48.988008693800595],[-54.363996561276828,48.987378648923389],[-54.365128636537044,48.986900959532214],[-54.365602890335914,48.986731406816411],[-54.366113596935904,48.986617233914565],[-54.367420782138986,48.986215748939209],[-54.36837722800481,48.985967571570455],[-54.368921195610028,48.985754924572717],[-54.369518590435405,48.985579904511788],[-54.370042929036806,48.985465906542444],[-54.370739048863342,48.985238312475204],[-54.371111708768389,48.985166235160172],[-54.371964828147469,48.985068556229251],[-54.372683143717275,48.984914114582274],[-54.373068900622627,48.984859299708461],[-54.373998563081685,48.984592713361153],[-54.374288706971093,48.984536545921124],[-54.374564021390071,48.984516145396732],[-54.374916220839786,48.984568774309942],[-54.37520382894364,48.984548542085221],[-54.376593717041501,48.984121138965527],[-54.37688843954885,48.983966100219547],[-54.377725016735432,48.98366130212694],[-54.378460655866277,48.98343511904271],[-54.37990051466592,48.983108207446676],[-54.380890708657255,48.982995303549998],[-54.382270635705602,48.98299937500191],[-54.382406284995923,48.98303005900528],[-54.383195120149914,48.983101372704866],[-54.383919067988316,48.983108821539219],[-54.384012405221178,48.983138007269027],[-54.385070564532775,48.983035911551895],[-54.38583481333967,48.982810981297838],[-54.386813073571474,48.982643900517175],[-54.387265605254704,48.982635841259608],[-54.388134308589912,48.982476210276701],[-54.38861503021608,48.982441555921753],[-54.38944132851379,48.982325389822357],[-54.389865758884902,48.982298937291112],[-54.390178635761231,48.982341976715503],[-54.390703486398891,48.982506686096222],[-54.390918530495036,48.982575338210424],[-54.391395944691027,48.982855398988143],[-54.39157091817102,48.982895613282409],[-54.392305613694745,48.982696308452425],[-54.392516339389417,48.982602113397235],[-54.392872216434668,48.982582792016245],[-54.392874736747842,48.982546855354137],[-54.393213441832344,48.982339326914342],[-54.393517242570134,48.982282403776011],[-54.39400257086939,48.982401580373924],[-54.394262267601732,48.982398899844043],[-54.394579985731028,48.98233407491616],[-54.394808032568534,48.982168172191408],[-54.394946313712843,48.982117034629781],[-54.395263163472762,48.982079173911565],[-54.395546787324783,48.982139777498389],[-54.395667943663355,48.98219632420826],[-54.395703271030165,48.982287646115331],[-54.395528412986799,48.982499258112661],[-54.39549461142461,48.982615703510589],[-54.395530466340453,48.982733118610462],[-54.39554499034697,48.982706340011198],[-54.39581380653317,48.982802711341066],[-54.396187308600901,48.982702681616686],[-54.396848871978811,48.982610250887092],[-54.397286669102627,48.982592954136123],[-54.397442778011481,48.982497095277061],[-54.397434234615076,48.982380060751602],[-54.397317246625505,48.982278607492823],[-54.39711388058555,48.98222901399761],[-54.396846978103291,48.982115586654693],[-54.396853462649531,48.981998765094126],[-54.397103776440296,48.981905111222666],[-54.397746086277522,48.981901443831411],[-54.398131183650975,48.981865424959828],[-54.399261797507293,48.981675171796155],[-54.399974618481295,48.981645491772362],[-54.400354393491156,48.981690329827124],[-54.400783987761031,48.981843779866551],[-54.400989075618945,48.981839427679958],[-54.401723150237984,48.981658041275246],[-54.402036608967975,48.981683069189998],[-54.402127948116522,48.981775169407989],[-54.40210530403013,48.981927743758177],[-54.401691592677928,48.982260164159911],[-54.401697921516401,48.982404146170303],[-54.401870592718929,48.982516259328328],[-54.403210405208867,48.982492544550233],[-54.403499514924157,48.98272408010488],[-54.403608171853932,48.982744472409102],[-54.403762328521893,48.982666561303219],[-54.403780194374988,48.982577776429039],[-54.403851861705853,48.982515815016278],[-54.404127729429568,48.982477361578837],[-54.404247530558507,48.982533881454643],[-54.404383951270482,48.982797473371349],[-54.404541323245567,48.982918367099749],[-54.405062694709947,48.982894098313857],[-54.405762745345498,48.983350752097735],[-54.405898148827021,48.983389494542884],[-54.406366611538942,48.983310528981875],[-54.406625481831092,48.983333892242555],[-54.406718545727479,48.983372049639073],[-54.406979787314967,48.983621181352838],[-54.407512021677242,48.983642020084261],[-54.407764153438343,48.983791193795554],[-54.407929028705965,48.984020104742115],[-54.408379209974271,48.984300617504616],[-54.408797697260425,48.984417907290215],[-54.409164450735055,48.98444365257037],[-54.40943254616645,48.984306151321974],[-54.409463520006312,48.984234631471864],[-54.409403998758947,48.984044051200257],[-54.409288413345131,48.983897664100148],[-54.409402958876797,48.983819199252743],[-54.40968940728591,48.983834841694765],[-54.410171707909512,48.984007868472602],[-54.410369790903694,48.984138304065226],[-54.410406256343322,48.984237736302482],[-54.410373344683315,48.98432721515637],[-54.410403075481796,48.984552462508326],[-54.410930972122841,48.984924866839656],[-54.411310428634096,48.985238570460034],[-54.411999135933854,48.985668044997738],[-54.412141449025178,48.985833684309561],[-54.41214193525385,48.986076514597833],[-54.412199272723598,48.986293144806432],[-54.412355822163157,48.986440995586001],[-54.412444389562864,48.986578014574341],[-54.412446523069924,48.986811871094993],[-54.412546240017804,48.986985015709024],[-54.412811466480164,48.987153246685565],[-54.413374336583203,48.98737233528616],[-54.413767344223125,48.987174490722786],[-54.414092283044603,48.987226623897861],[-54.414238568150893,48.987310473293334],[-54.414338294582961,48.98748362119229],[-54.414456876817589,48.987837789962128],[-54.415074091056965,48.988067511464735],[-54.415371075025824,48.988398054084293],[-54.415915810574504,48.988715809284152],[-54.415926393776402,48.988769913490131],[-54.416605107280247,48.989388085178021],[-54.416901829068827,48.989727613523307],[-54.417054468529997,48.989956343347124],[-54.417227993790043,48.990302269270749],[-54.417258896966366,48.990491559347625],[-54.41733268421055,48.990664344822861],[-54.417538606997638,48.990893802879334],[-54.417741396735757,48.991222144831013],[-54.417735249964394,48.99132998314623],[-54.417649100655069,48.991417834818044],[-54.417154050504166,48.991730308212588],[-54.417146761021129,48.991874102885411],[-54.41723535176596,48.992011118924175],[-54.417553859524524,48.992180967905071],[-54.41883726579799,48.992479160780434],[-54.419179722269355,48.992756357631215],[-54.419511002335817,48.993214161511141],[-54.419682388921835,48.99332622988657],[-54.419841797984148,48.993428240375835],[-54.420231988435525,48.993536111904625],[-54.421073387671079,48.993680732779822],[-54.421210255215321,48.993674511199352],[-54.421381647416609,48.993786576318669],[-54.421440145650699,48.993968145415067],[-54.421508448946149,48.993969080906723],[-54.421736111722602,48.994073820448754],[-54.42181779226383,48.994083931069476],[-54.4220817196993,48.994252123032254],[-54.4221619128854,48.994568886882945],[-54.422332746783425,48.994698929736849],[-54.422697628191976,48.994526747415968],[-54.422743098462334,48.994428444624134],[-54.422856822466215,48.994332871000452],[-54.42316315883545,48.994239927956862],[-54.423354075466385,48.994253331258918],[-54.423432942981968,48.99430926696224],[-54.42350846219022,48.994428112096379],[-54.423493354745268,48.994733682362977],[-54.423332508794772,48.994936533331227],[-54.423323306093899,48.995098289105378],[-54.423428931081368,48.995172579678908],[-54.423806877047113,48.995019461727729],[-54.423985269279399,48.994996717570771],[-54.42406445136038,48.99504276462222],[-54.424035965102803,48.995339158009578],[-54.424068801800864,48.995511379253614],[-54.424183090503426,48.995657737589852],[-54.424435610609613,48.995797886294476],[-54.424619551465618,48.995946090160473],[-54.424631711405432,48.996513739862834],[-54.42477498105108,48.996651496191419],[-54.425034184976028,48.99666672813926],[-54.425444538756423,48.996396229843612],[-54.425748931002552,48.996322146295959],[-54.425912241916478,48.996344157937024],[-54.425973307538065,48.996228077055719],[-54.426172060012192,48.996079701792254],[-54.426347402588341,48.995850064277157],[-54.426364982905426,48.995769360989861],[-54.426575979842717,48.995666118446913],[-54.427529248565705,48.995732177805024],[-54.427932013394177,48.995615358270634],[-54.428280725074167,48.995478914860364],[-54.428641365712828,48.995397490793785],[-54.429227022496256,48.995418956040318],[-54.429363010645361,48.995440595422792],[-54.429748509485016,48.995394579645755],[-54.430267785673365,48.995397151139706],[-54.431015595355028,48.995477474175487],[-54.431479691697746,48.995496376068097],[-54.432036581768365,48.995563300786301],[-54.433901328623492,48.995982547835013],[-54.434589533025338,48.996177151195695],[-54.435256015157123,48.996498263352414],[-54.435555925603012,48.996523016776848],[-54.435777798751737,48.996464871037411],[-54.435997171132961,48.996442662993118],[-54.43680857359508,48.99663173168549],[-54.43746449595514,48.996897830121867],[-54.437815700312271,48.996987122994256],[-54.438320813401248,48.997268261653446],[-54.438743754757532,48.997817185952741],[-54.439023349989021,48.997967563556578],[-54.439519278442916,48.998149643881398],[-54.439890617827665,48.99838220067803],[-54.440184155004417,48.998523765962169],[-54.440480750791401,48.998611414845143],[-54.440869629561178,48.9987641628746],[-54.441264076762572,48.998782085898981],[-54.441709535338902,48.998917609648231],[-54.442129627570822,48.99898983430878],[-54.442645335114051,48.999064247207656],[-54.442727845001372,48.999048272821042],[-54.442863878292307,48.999068997398147],[-54.443506944352684,48.999047997592378],[-54.44378402525507,48.998972595032832],[-54.444217713088726,48.998784185724624],[-54.444517361593043,48.998817905420438],[-54.444995207679099,48.999098646478515],[-54.445131246710893,48.999119364998762],[-54.445142986245401,48.999137510286026],[-54.445278153035929,48.999186098804842],[-54.445856368725053,48.999360267899412],[-54.446545479155745,48.999528734526343],[-54.447493855235571,48.999711472764155],[-54.448091625158355,49.000048677710204],[-54.448140159542696,49.000158151022312],[-54.476022391846065,49.009885654960883],[-54.476358294816677,49.009182319405923],[-54.476556408604445,49.009051831867716],[-54.477513589722712,49.00877578206461],[-54.477899150846881,49.008729607340378],[-54.478715863983723,49.008531737023283],[-54.481411328860268,49.008500697218984],[-54.482308352108738,49.008628517584114],[-54.483221508211507,49.008945402583471],[-54.484525970462137,49.009117230386821],[-54.485105780533679,49.009292120953397],[-54.48525252346851,49.009366895329883],[-54.485833702839166,49.009496834185548],[-54.48631077585074,49.009543564977889],[-54.487337119676333,49.010051660269575],[-54.48819706625234,49.010366909630719],[-54.488879355322098,49.01040912179154],[-54.489249881694569,49.010362714921364],[-54.489492517711732,49.010431543875235],[-54.489703764556992,49.010588993105493],[-54.489702405772469,49.010633940643324],[-54.489808434299555,49.010699182988922],[-54.490143422540243,49.010562373935095],[-54.490414749290423,49.01058660650952],[-54.490693752639771,49.010763829257399],[-54.490964564383646,49.010805145595604],[-54.49203024946123,49.010828073767819],[-54.493222466717647,49.011052298131666],[-54.49355968486735,49.011158326316966],[-54.494416878487833,49.011249555458555],[-54.494563912296911,49.011315328116154],[-54.494826485364726,49.011267491513209],[-54.496052658383931,49.010546931083354],[-54.496842272900857,49.010339582869577],[-54.49764122681718,49.010230376855198],[-54.498243719968158,49.010198650975362],[-54.4985196728773,49.010159976811991],[-54.499053318456667,49.010144438460053],[-54.49999267429709,49.009957902302581],[-54.500392307487729,49.009624948723555],[-54.500989569561447,49.009448349011933],[-54.501412284816936,49.009484418064133],[-54.501562827353546,49.009479177275807],[-54.502418122466807,49.009587410513518],[-54.503155346790244,49.009621262100076],[-54.503439263216961,49.009681603681187],[-54.504556047260742,49.009777923212646],[-54.504896265859472,49.009829996993268],[-54.505555710584197,49.010041793441928],[-54.506223248910494,49.010074718816107],[-54.506922466473505,49.010054095380895],[-54.507828257338197,49.009983076898131],[-54.508662199193402,49.009983066139263],[-54.50881464319739,49.009959854210656],[-54.509208947942952,49.009986534601431],[-54.509425940743839,49.010045098763172],[-54.509607204045757,49.010247092395794],[-54.50973815041089,49.010348611028014],[-54.510085288084376,49.010535657023709],[-54.510462414361378,49.01063405931999],[-54.510981323371368,49.010654247349407],[-54.512384892403155,49.010487091025119],[-54.513413650460166,49.010418514657836],[-54.514184414454938,49.010336713409622],[-54.514813965704775,49.010314241875776],[-54.516429125159668,49.01029455186297],[-54.517169585800936,49.010266302455875],[-54.517320684343026,49.010242163693157],[-54.518881449550065,49.010212749919475],[-54.519889505774103,49.010288639229998],[-54.521672108749911,49.010200879209748],[-54.521836873890251,49.010176910060601],[-54.5218909770254,49.010196488196904],[-54.521932506702775,49.010179034201443],[-54.522192348572908,49.010176064977152],[-54.523161337541637,49.010232544326158],[-54.523574707375154,49.010169485632836],[-54.524329420608922,49.009843689786244],[-54.525230641694655,49.009602500598838],[-54.525367270493341,49.009605150674787],[-54.526058132750748,49.009728194235095],[-54.526317731999448,49.009733307695512],[-54.526498030702726,49.009692442325225],[-54.527711822301455,49.009745711838718],[-54.528188940465881,49.009792269848866],[-54.528851703842243,49.009941017972096],[-54.528971199652943,49.009736596993449],[-54.529107835347119,49.009739237494223],[-54.529201308451448,49.009768309357298],[-54.529223804941971,49.009886409099103],[-54.529068148733892,49.009972558727682],[-54.529970127864821,49.010261947348788],[-54.530090141345049,49.010318336211945],[-54.530672555573439,49.010457058566402],[-54.5307550596402,49.010441021575559],[-54.530877496965928,49.010461466846621],[-54.531308270401013,49.010596455306469],[-54.532432634470666,49.010809514250944],[-54.532998998533699,49.010983094328857],[-54.533555944425586,49.011058525193341],[-54.534082631450069,49.011186629195379],[-54.534589235340739,49.011440380378268],[-54.534858481520509,49.011536434026844],[-54.535224975114176,49.011579756217451],[-54.537175020718884,49.011423734714626],[-54.537489534509334,49.011421428444415],[-54.537864880042164,49.011582667360258],[-54.538271563586306,49.011654373586815],[-54.538861772491124,49.011621377419424],[-54.539807790134944,49.011857292013659],[-54.540325098693266,49.011886321594147],[-54.540900827779289,49.011881013552106],[-54.541038258233812,49.011856671195368],[-54.541556672090138,49.011894701698353],[-54.542603945861678,49.012268569015255],[-54.543307006490352,49.012444723486162],[-54.543740752286027,49.012526640784642],[-54.544806764721663,49.012540092358783],[-54.545452411717434,49.012481685200029],[-54.545678030016205,49.012621226250026],[-54.545712161228984,49.013045241930044],[-54.54601950363768,49.013195708178195],[-54.546507925065264,49.013278303984173],[-54.547981452814682,49.013336428737162],[-54.549075426697975,49.013625749667924],[-54.549192225775705,49.01362434238407],[-54.549281814132087,49.013632570587546],[-54.549410027327092,49.013624110480819],[-54.54950703336916,49.013612382486826],[-54.549729819933333,49.013600700204144],[-54.549896746259272,49.013638595081567],[-54.549899030158393,49.013640063543505],[-54.549963575064083,49.013653732752665],[-54.550005787940862,49.013664245547517],[-54.550039077926918,49.01367617574607],[-54.550148340949221,49.013698952679206],[-54.550263481984658,49.013740511176259],[-54.550312534762398,49.013751109750324],[-54.550396708669993,49.013780767567383],[-54.550502763435908,49.013829403808124],[-54.55064082234194,49.013919903112338],[-54.550712395028221,49.01398816084734],[-54.55080478521031,49.014102455856872],[-54.550882422320313,49.014187970627148],[-54.550935043224989,49.014221543160694],[-54.551043327999061,49.014268771109364],[-54.551200702821809,49.01432497699011],[-54.551285311773711,49.014344658201772],[-54.551367937207885,49.014357117104517],[-54.551488660120228,49.014371489687328],[-54.551652106255943,49.01438352501772],[-54.551692091260264,49.014395448667827],[-54.551764861527154,49.014432156944352],[-54.551838180466014,49.014454571554189],[-54.551956371132079,49.01447601952777],[-54.552216807863239,49.014537923625646],[-54.55230398839889,49.014548999170621],[-54.552605978912808,49.0145784217314],[-54.552610494622407,49.014578477900507],[-54.552688818705015,49.014583777162905],[-54.553093387268895,49.014574283418078],[-54.553331118805339,49.01458005068546],[-54.553504573406912,49.014567746402925],[-54.553601149536824,49.014566081243849],[-54.553731814943561,49.014553327885203],[-54.553855233337941,49.014554784800133],[-54.553958809701967,49.014547450591948],[-54.554163306312716,49.014544166959801],[-54.554291706648108,49.014534264357557],[-54.554386468473581,49.014519623204144],[-54.554540237151222,49.014492864684783],[-54.554609934020249,49.014489330736012],[-54.554691179114499,49.014478836817638],[-54.554827112696913,49.014444657876219],[-54.554969455554691,49.014420627061661],[-54.555039578169819,49.014407117412681],[-54.555105433070203,49.014385008225851],[-54.55526768201274,49.014310955777304],[-54.555343351803607,49.014266129983241],[-54.555357178842179,49.014256231722769],[-54.555428399639865,49.014214044477576],[-54.555575893058354,49.014111208344211],[-54.555619968761533,49.014071651933087],[-54.555674087867132,49.014006317497994],[-54.555770504536625,49.013948709076992],[-54.555793796732409,49.013923190048637],[-54.55587492530659,49.013855408000246],[-54.55602291743898,49.01380122990404],[-54.556129147867587,49.01378250586022],[-54.556225930957865,49.013773644627889],[-54.556255177716139,49.01377401013648],[-54.556388291481802,49.013756968764319],[-54.556431346580609,49.013743119691313],[-54.556463213841042,49.013733446208434],[-54.556594896838739,49.013694891700617],[-54.556696569822094,49.013677549883838],[-54.556787209977379,49.013654219855432],[-54.556875824397096,49.013625201910493],[-54.556946310210634,49.013598833678316],[-54.557082453735539,49.013557458352196],[-54.557196401305717,49.013512930131284],[-54.557250838392982,49.013497872950921],[-54.557293564016256,49.013495527527795],[-54.557338447445147,49.013498878301618],[-54.557651985118795,49.013582927705968],[-54.557741007821612,49.013601217884855],[-54.557968080454621,49.013654057072308],[-54.558096550854785,49.013702969827342],[-54.558107609623477,49.013713089482792],[-54.558179979705933,49.013754102634039],[-54.558195588333668,49.013762842749848],[-54.558322536151209,49.013850405416726],[-54.558419488764194,49.013901710282362],[-54.558472033308718,49.013938158035373],[-54.558500137977063,49.013968639912683],[-54.558535824403435,49.014035004049894],[-54.558599063244607,49.014084447629763],[-54.558626877765036,49.014124996381533],[-54.558661679919503,49.014155467349767],[-54.558795206489556,49.014247339671996],[-54.558929461769665,49.014323390722481],[-54.558984699772182,49.014347106068726],[-54.559089069714389,49.014378353670601],[-54.559261320308117,49.014454968843751],[-54.559386427558358,49.014535314330438],[-54.559436234001147,49.014586030694602],[-54.559457588489089,49.014613542514574],[-54.559525178091427,49.014668796594485],[-54.559584719943857,49.014761271365806],[-54.559662960991879,49.014831050005853],[-54.559697221949087,49.014875815501483],[-54.55971428156537,49.014900397951124],[-54.559788194090082,49.014968679078905],[-54.559862689779216,49.015016825563023],[-54.559886673049043,49.015038620301226],[-54.559917008446106,49.015129289687415],[-54.559998705300806,49.015226357925982],[-54.560048346716634,49.01528282643153],[-54.560083273542809,49.015309072592032],[-54.560105483758299,49.015316455077027],[-54.560168097455971,49.015321552754095],[-54.560312721237551,49.015298897793173],[-54.560377820248753,49.015298269487801],[-54.560413930660246,49.015292964333618],[-54.560452659610363,49.015277619160415],[-54.560508327964662,49.015229569804724],[-54.560556276153633,49.015207234461379],[-54.560651685323471,49.015179648240412],[-54.560708902248372,49.01514888335749],[-54.560737264417988,49.015109038359604],[-54.560742157853781,49.015038862309083],[-54.560800134014826,49.015048127373227],[-54.560802419678105,49.015049595689469],[-54.560884873607982,49.015063486297137],[-54.560898528965602,49.01512103175024],[-54.560865107851811,49.015175114811385],[-54.560800299726758,49.015227366947897],[-54.560786273203277,49.015244369909674],[-54.560677472353277,49.015333393846525],[-54.560642071237709,49.015380255829051],[-54.560641017032879,49.015407493641639],[-54.560668657701306,49.015449390223615],[-54.560674267121939,49.01548237509963],[-54.56063342916535,49.015552103997649],[-54.560620951419487,49.015586390615198],[-54.56062086884458,49.015589268176264],[-54.560620703546327,49.015656624480016],[-54.560643794368936,49.015699900695317],[-54.560704387213377,49.015760821549371],[-54.560739658888394,49.015779880440334],[-54.560773079254396,49.015787398564953],[-54.560821743789717,49.015806623757136],[-54.560858957087703,49.015834338022522],[-54.560901049352459,49.015849161438666],[-54.560934125202373,49.015863871099199],[-54.560962151498153,49.01589722737959],[-54.560977788027294,49.015900211500934],[-54.560987053684528,49.015891690816247],[-54.56098797719072,49.015864456409595],[-54.560980357123277,49.015830005124421],[-54.561001508919084,49.015803110423008],[-54.561044950701763,49.015780627484069],[-54.561123332883398,49.015727106011653],[-54.561157379857413,49.015717458038168],[-54.561224929961618,49.015712545148972],[-54.561265842991972,49.015697316850243],[-54.561318981222989,49.015656341474966],[-54.561340389294159,49.015625132447248],[-54.561348104758025,49.015599419961475],[-54.561348187558039,49.015596539705577],[-54.561344857273852,49.015564932745335],[-54.56129267950633,49.01551562816941],[-54.56126698150873,49.015482301553114],[-54.561218777833609,49.015389968921781],[-54.56121342869244,49.015352669981588],[-54.561243173304469,49.015335863598239],[-54.561258217802759,49.015354669255508],[-54.56125695474789,49.015389005313587],[-54.561266813483471,49.01542645086483],[-54.561305963194187,49.015462734526501],[-54.561377049658496,49.015482233693085],[-54.561471357477068,49.015483319527334],[-54.561493344843377,49.015493670642101],[-54.561497346822186,49.01550657833829],[-54.561446192161824,49.015554683900255],[-54.561442538308171,49.015596185949711],[-54.561446826334958,49.01559911941537],[-54.561443970739795,49.015617701536243],[-54.561422896895387,49.015641809605235],[-54.561419229084329,49.015679084955217],[-54.561405024356176,49.015697526306447],[-54.561391286123587,49.015704547091794],[-54.561318939862787,49.015719472479624],[-54.561254592436825,49.015760222027225],[-54.561224256106186,49.015792845494111],[-54.561218854238909,49.015814271580268],[-54.561230446516134,49.015867390583047],[-54.561195048871355,49.015914343029777],[-54.561151224347263,49.015945272621721],[-54.561073818835396,49.015974433178428],[-54.56102797215533,49.01599967421172],[-54.560991653227681,49.016012079624296],[-54.56089472739523,49.016021032544153],[-54.560834386452392,49.016013088590633],[-54.560825280774324,49.016015850313607],[-54.560769407167932,49.016009488088883],[-54.560709023969132,49.016002979202156],[-54.560661831397709,49.016003829805975],[-54.560607549863896,49.016013225038648],[-54.56057123112452,49.016025724080436],[-54.560509152537712,49.016063707505701],[-54.56047077099425,49.01613346603925],[-54.560439118015012,49.016197552773363],[-54.560397146025011,49.016240016587751],[-54.56033533276981,49.016273690553732],[-54.560226015256973,49.016313964649662],[-54.560200782792499,49.016330827395237],[-54.560179716312518,49.016354934659176],[-54.560174100493754,49.016383555182401],[-54.560183797051202,49.01642666322946],[-54.56017401838961,49.016448034856666],[-54.560175749132497,49.016463884893525],[-54.560197109133007,49.016491311157189],[-54.560222233523419,49.01648308258023],[-54.560254415416701,49.016457674622878],[-54.560272673837062,49.016455022669867],[-54.560279111723084,49.016459329431399],[-54.560333308361699,49.016514504949399],[-54.560309627654675,49.016548565886318],[-54.560309378939188,49.016557194019271],[-54.560328533585704,49.016580367125229],[-54.560327492336178,49.016611920838081],[-54.560364947977497,49.016631005050023],[-54.56045441868757,49.016643543757162],[-54.560484798316921,49.016671082977055],[-54.560511095102754,49.016811881906698],[-54.560549858771395,49.016918399159863],[-54.560585378993245,49.016990519478028],[-54.560592916585144,49.01702784564943],[-54.560586812396856,49.017258537214808],[-54.560548414309451,49.01738567015289],[-54.560546053883421,49.017387082433338],[-54.560517188230307,49.017439600317637],[-54.560480110544063,49.017473584007007],[-54.560437465615259,49.017534744342768],[-54.560411972015636,49.017555919393175],[-54.560359287519034,49.017581072278652],[-54.560261986330396,49.017602881608916],[-54.560239147035588,49.017612579403426],[-54.560204505460469,49.017637960233891],[-54.560176230540563,49.017674929558105],[-54.560156588830303,49.017720548493415],[-54.560157220280956,49.017764984807933],[-54.560170283793902,49.017838260870121],[-54.560192783588782,49.017897267728735],[-54.560227545885944,49.017990872860963],[-54.560236736281901,49.018046836701991],[-54.560240863914103,49.018117125821121],[-54.560230656188104,49.018271861736444],[-54.560272585303522,49.018354044458363],[-54.560311521721943,49.018454804277646],[-54.560343635849158,49.018498193714855],[-54.560519487762086,49.018663705856326],[-54.56056107390279,49.01869147442374],[-54.560614134225638,49.018714980083764],[-54.560700855974169,49.018737555675784],[-54.56075219233432,49.018749618832985],[-54.560965965413466,49.018795182263624],[-54.561031121745202,49.018797435299128],[-54.561089611158664,49.018793845567458],[-54.561121339986094,49.018784168433349],[-54.56117431823639,49.018748946634737],[-54.561224676334803,49.018723765668774],[-54.561265424960062,49.018714200549226],[-54.561350718307473,49.018715264741701],[-54.561430621894594,49.018680375909298],[-54.56148114625146,49.018649439758697],[-54.561533653194886,49.018625723794486],[-54.561581185064163,49.018613364751175],[-54.561648994186314,49.018604138324179],[-54.561840106650109,49.018596358737199],[-54.56186952062707,49.018591058798535],[-54.562266695302142,49.018597178415121],[-54.56240971749272,49.018616139667543],[-54.562537701708543,49.018616202699789],[-54.562600329439334,49.018625529307116],[-54.562673443496863,49.018650810081802],[-54.562767041106092,49.018672030239209],[-54.562815792777265,49.018688379883322],[-54.563101303745825,49.018863795609036],[-54.56319233811174,49.01889352534581],[-54.563290273233712,49.018916153494054],[-54.563365833238862,49.018937148554606],[-54.563430935827746,49.018936517717428],[-54.563435527228549,49.018933699205469],[-54.563508057293234,49.018917334363834],[-54.563637770879438,49.018871645835631],[-54.563834219514135,49.018777953475428],[-54.563925289116661,49.018744641550406],[-54.563993559203041,49.018719590150113],[-54.564098825936007,49.018667841504566],[-54.564167258358964,49.018637126710104],[-54.564194570430239,49.018628831506888],[-54.564268943222935,49.018619684859047],[-54.564326046035227,49.018593145671566],[-54.56435327431619,49.018587727940087],[-54.564386855120325,49.018589586117557],[-54.564444504145087,49.018610357863132],[-54.564543156245009,49.018612933611642],[-54.56464096644364,49.018639961640261],[-54.564652211883313,49.018638666099697],[-54.565036047448025,49.018766466194272],[-54.565133939031725,49.018790617986909],[-54.565245752757491,49.018806215717426],[-54.565740616778953,49.018843668067845],[-54.56585945369428,49.018848022019952],[-54.565944499183331,49.018857620815041],[-54.5661677239395,49.018893220833263],[-54.566169866186279,49.018894687398785],[-54.566445063025071,49.018925176554717],[-54.566530179076665,49.018927674347779],[-54.566646581529632,49.018940541201054],[-54.566743086544854,49.018941650989156],[-54.566846589084207,49.018937180294607],[-54.566905241117169,49.018927836875321],[-54.567036932235929,49.01888927157291],[-54.567106831174243,49.018878630535873],[-54.567226052972288,49.018874355361831],[-54.567259684314621,49.018874682360469],[-54.567320695647254,49.018864018214686],[-54.56739280423654,49.018857718521595],[-54.56746685047986,49.018859987356883],[-54.567558386442663,49.018876861192872],[-54.567657757640063,49.018921083257013],[-54.567764673078777,49.01894525345898],[-54.567897979084215,49.019045745987341],[-54.568022895296153,49.019128865430083],[-54.568101580883642,49.019188568789893],[-54.568150518970839,49.0192034736625],[-54.568181494947297,49.019215279527423],[-54.568268303296847,49.019234974664855],[-54.568345884826471,49.019261656566272],[-54.568374507726418,49.019279189569573],[-54.568394356269522,49.019288069343339],[-54.568440637048049,49.019314362102513],[-54.568487329294122,49.019326453579133],[-54.568534492857637,49.019326949783547],[-54.568638568408964,49.019302430777316],[-54.568755343105522,49.019302349180499],[-54.56879618176756,49.019294314146023],[-54.568848097359712,49.019286325426755],[-54.568900180081428,49.01927257984304],[-54.568949947830383,49.01926312432488],[-54.569064278693553,49.019267332391927],[-54.56910461219902,49.019272148603463],[-54.569133143693783,49.019288240555433],[-54.569186993963271,49.01928890844178],[-54.569214263237143,49.019282050764282],[-54.569229984246391,49.019282245508776],[-54.569247684781402,49.019289661985063],[-54.569272087265773,49.019297068956853],[-54.569300710439791,49.019314602638438],[-54.569349423466385,49.019332380255157],[-54.569624962860061,49.019413049526904],[-54.569740091989871,49.019456029079983],[-54.569838251785924,49.01947586034678],[-54.569898095496299,49.019496564655171],[-54.569939687695857,49.019524330917676],[-54.569982933860004,49.01957073467949],[-54.570007089332741,49.019586771503022],[-54.570077975397439,49.019613370089189],[-54.570132759447119,49.019648494743016],[-54.570156671280344,49.019673070640913],[-54.570162818408797,49.01968753927261],[-54.570100455410454,49.019735510272426],[-54.570097259786763,49.019761279854421],[-54.5701259219951,49.019777372643468],[-54.570208063991828,49.01980267100771],[-54.570254122297307,49.019831931046319],[-54.5704144778135,49.019866834173882],[-54.570487222901662,49.019904967091939],[-54.570515464984851,49.019931037287932],[-54.570513014570828,49.019935326114343],[-54.570561406101831,49.019964612926422],[-54.570585215373953,49.019987750100007],[-54.570670976242916,49.020163643999844],[-54.570692940348032,49.020237029393272],[-54.570720260401387,49.020290428676226],[-54.570762962229914,49.020351122355763],[-54.57077716385816,49.020389969950926],[-54.570746215406238,49.020501372569761],[-54.570757084160839,49.020508702688588],[-54.570750180604982,49.02051581443974],[-54.5707455150852,49.020583114008566],[-54.570757288509959,49.020687762280687],[-54.570818178206125,49.020867663573725],[-54.570851055298291,49.020889565437386],[-54.570859710618791,49.020902529603489],[-54.570890520216615,49.020977465636385],[-54.570949867875854,49.02107272221712],[-54.570969731966549,49.021085914829008],[-54.570989799799541,49.021091829581415],[-54.571147162777436,49.021088025996164],[-54.57116047874181,49.021090976950624],[-54.571175651052179,49.021105554315469],[-54.571161873179499,49.021113929482723],[-54.571139030936749,49.021123717659201],[-54.571107219314989,49.021136271505817],[-54.571086360238311,49.021153192280032],[-54.571092265742152,49.021176198246117],[-54.571116419600934,49.021192234753521],[-54.571165258774663,49.021205702538083],[-54.57123694017573,49.021209465945866],[-54.571268177905921,49.021216957812229],[-54.571353518753021,49.021216575099331],[-54.571403614976219,49.021195701929855],[-54.571457982292458,49.021183426829893],[-54.57157206555798,49.021196261430738],[-54.571574349449627,49.021197725843685],[-54.571745536490312,49.021241304993616],[-54.571796915319645,49.021251924418038],[-54.571846307708824,49.021251094848644],[-54.571895145883701,49.021264561375325],[-54.571940161379125,49.021263679601127],[-54.571999118901182,49.021248580837252],[-54.57203287257947,49.021244682861955],[-54.572062124140032,49.021245044495863],[-54.572144602143226,49.021263242323265],[-54.572193827850178,49.021268168563182],[-54.572229424568199,49.021271394414264],[-54.572344179102593,49.021265622702913],[-54.57244793068557,49.021252515179533],[-54.572602807996127,49.021254344646358],[-54.57266168231979,49.021242120374581],[-54.572744917234537,49.021238834796982],[-54.572794849309702,49.02122371438896],[-54.572817229518819,49.021225337642349],[-54.572832743882792,49.021232723978521],[-54.572920147364862,49.021236595881597],[-54.573080412178079,49.02121276420462],[-54.573199633044304,49.021208396184754],[-54.573283075317583,49.021197916352627],[-54.573398413345345,49.021176409076446],[-54.573471155057334,49.021152847858751],[-54.573511860102137,49.021144716173183],[-54.573536931383956,49.021133604014508],[-54.573598029527226,49.021119970789954],[-54.573667828901961,49.02111795845174],[-54.573706433434019,49.021106923316985],[-54.573797357716956,49.02107360096624],[-54.573879824850934,49.021030192473205],[-54.57394788626307,49.021012328977307],[-54.574001990511597,49.021004366671221],[-54.574072576512201,49.020979424626724],[-54.574088461437036,49.020969101060857],[-54.574118299923704,49.020953733212878],[-54.574194527849173,49.020898916246956],[-54.574260768622381,49.020868168388269],[-54.574348587483968,49.020804863276354],[-54.574446848268707,49.020758859678601],[-54.57451031736386,49.020743905811656],[-54.574609684898512,49.020730926075331],[-54.574727291660338,49.020706655095772],[-54.574835812741064,49.020689472936724],[-54.57486298146901,49.020681261918121],[-54.57491966592724,49.020669103264702],[-54.575088005677479,49.020611107873833],[-54.575220966402028,49.020599887600902],[-54.575348643548459,49.020548585385818],[-54.575558036436661,49.020475358372067],[-54.575655298170453,49.020459381315234],[-54.575742702474173,49.020463426900605],[-54.575968321650379,49.020492112012278],[-54.576070937038857,49.020509205928327],[-54.576122057372061,49.020524228651567],[-54.576316305768444,49.020612691652708],[-54.576391023867934,49.020653812393917],[-54.576448546209036,49.020674579816294],[-54.576484289518817,49.020682212490065],[-54.576531149780521,49.02068854745707],[-54.57659170253104,49.020689384039564],[-54.576843495660214,49.020682598996345],[-54.576965244901018,49.020671329000216],[-54.577057863009578,49.020655293685977],[-54.577157099844598,49.02064230976714],[-54.577188963925686,49.020632630386771],[-54.577221067974136,49.020614409929024],[-54.57726093984283,49.020573353013582],[-54.57732113755678,49.020466716269979],[-54.577360864362589,49.020425654920977],[-54.577416781644651,49.020373373927356],[-54.577453521312698,49.020350893883517],[-54.577503123498992,49.020347279912954],[-54.577520821722871,49.020354694094273],[-54.577527020035618,49.020367627491986],[-54.577532007038826,49.020470842547937],[-54.577549244869495,49.020489763213156],[-54.577584568952275,49.020507376705098],[-54.577671928021637,49.020512769282767],[-54.577895766413455,49.020469841111847],[-54.577950462664006,49.020450552781561],[-54.578017122590929,49.020409821618067],[-54.578075609466254,49.020406317760411],[-54.578192376229559,49.020349030719387],[-54.578219606176468,49.020343700820867],[-54.578241982478609,49.020345416603476],[-54.578263978226225,49.020355669242619],[-54.578292262319273,49.020380387070034],[-54.578376631138354,49.020404451382575],[-54.578418105556352,49.020436528409071],[-54.578445967924822,49.02047122725326],[-54.578483093922003,49.020497585124616],[-54.57850224011365,49.020526420451084],[-54.578494777428674,49.020543596182193],[-54.578509871272146,49.020560956541125],[-54.57851754491827,49.020593967359659],[-54.578520548176122,49.020690051658754],[-54.578528522599342,49.020717398789536],[-54.578545639404517,49.020740543814853],[-54.578569238626649,49.020766554102863],[-54.578619439654226,49.02080440845176],[-54.578644726339299,49.020847793651306],[-54.57868582580663,49.020888412182707],[-54.578738470850872,49.020922065553506],[-54.578790476306828,49.020968569931405],[-54.578839149786873,49.020987878774477],[-54.578867899678016,49.021001094700139],[-54.578898373475887,49.021025839274515],[-54.578960171976753,49.021112665727401],[-54.578963410524359,49.021142832985582],[-54.57894733828855,49.021212781332736],[-54.578947256472865,49.021215661631913],[-54.578954344279929,49.021264491576702],[-54.578937535209292,49.021292884091267],[-54.578935938383964,49.021334502421318],[-54.578954865545789,49.021366211196586],[-54.578970895139129,49.021418028648938],[-54.57900739768511,49.021461465946921],[-54.579017717633938,49.02148308621944],[-54.579051656356604,49.021535129293397],[-54.579047531953101,49.021583821567567],[-54.579060102045176,49.021608346102084],[-54.579095505326876,49.021623174258103],[-54.579114303727579,49.021659197335453],[-54.579149455588038,49.021678248020756],[-54.579207317969036,49.021691908774038],[-54.57929888901409,49.021703108909712],[-54.579408843485496,49.021707433223504],[-54.579548125505653,49.021704917670341],[-54.579669652781213,49.021696522697368],[-54.57975334910742,49.021681814826557],[-54.579757940340343,49.021678991154033],[-54.579955451615994,49.021624226875979],[-54.580004962969817,49.021619170989425],[-54.580136740245742,49.021582211594669],[-54.580217810536439,49.021573227254606],[-54.580291900700921,49.0215741392363],[-54.580358787955639,49.021587910171235],[-54.580471018934524,49.021646670347273],[-54.580599438294584,49.021694204835015],[-54.580627888045662,49.021713172369964],[-54.580662247419049,49.021755232940727],[-54.580725721338361,49.021797561425302],[-54.580814562663527,49.021823118559382],[-54.580850253072519,49.021827874617159],[-54.581031011056204,49.021857437031045],[-54.581089337982966,49.02185959051063],[-54.581168359182435,49.021850580135514],[-54.581253432019331,49.021854597586177],[-54.581386897573516,49.021830515149851],[-54.581461066020481,49.021828640575571],[-54.581512396082154,49.021836463491468],[-54.581625723709251,49.021866546810287],[-54.581690503813036,49.021877415249818],[-54.581777984364528,49.02187858107424],[-54.581836733143987,49.021870761231085],[-54.581890595007316,49.021871423614954],[-54.581955279027866,49.021880850859674],[-54.582004124368908,49.021894402596033],[-54.582103888797235,49.021930070200398],[-54.582147978665148,49.021952107051099],[-54.582248627906225,49.022019354678704],[-54.582363894913186,49.022058093969875],[-54.582421053347026,49.022091801400279],[-54.582469519072106,49.022113890742745],[-54.582561662055589,49.022172399167225],[-54.582628331094405,49.022189045939569],[-54.582679197906813,49.022208379208358],[-54.582762322085728,49.022266776248479],[-54.582802366480848,49.022277249087203],[-54.582844893116743,49.022282088301012],[-54.582869214627571,49.022292459217148],[-54.58293483816594,49.022336253011872],[-54.582994605514223,49.022360011213507],[-54.583063879820237,49.022366617588133],[-54.583201896659872,49.022341243624979],[-54.58324817327172,49.022363214787902],[-54.583261530707048,49.022364909451454],[-54.58347262757885,49.02236615063179],[-54.583662092803216,49.02234428424687],[-54.583777433230814,49.022322856800436],[-54.58379533769709,49.022323076080092],[-54.58386347710875,49.022302418205811],[-54.58390229629746,49.022288597878138],[-54.583971557642911,49.022237918514506],[-54.583990350969572,49.022216654997237],[-54.584010183911651,49.022168244919406],[-54.58400936612906,49.022129563193708],[-54.58399958147961,49.022093558105645],[-54.58391103816998,49.021941924359979],[-54.583891813158715,49.021915877554115],[-54.583888020395918,49.021900094049123],[-54.583903901479708,49.021894622478136],[-54.583924130376303,49.021894870694886],[-54.583965900672162,49.021916877189206],[-54.583997179603891,49.021923016924077],[-54.584028110266495,49.021936349007618],[-54.584027355761215,49.02195351407584],[-54.584010385557967,49.021987660799077],[-54.584011826826419,49.022009171861512],[-54.584039895018947,49.022036766408107],[-54.58409766865126,49.022169318098719],[-54.584138186585974,49.022225752164168],[-54.584315349669261,49.022348346813281],[-54.584387967259445,49.022386649210638],[-54.584442730001093,49.022423022618142],[-54.584490866681456,49.022456620496015],[-54.584497481833665,49.022459576727584],[-54.584610462441738,49.022559891770292],[-54.584630662723399,49.022618953955948],[-54.584645394857553,49.022702234037212],[-54.584652611329204,49.02274675012999],[-54.584684529226465,49.022793005195226],[-54.584728198898034,49.022825106900655],[-54.584785819298993,49.022847397741167],[-54.584830154606067,49.022860803456943],[-54.584921951046113,49.022869212338527],[-54.585058073457674,49.022891025472909],[-54.585147965808673,49.022889342082998],[-54.585186229546352,49.022885495774418],[-54.585195415399909,49.022879851749074],[-54.585220273893491,49.022875931592452],[-54.585272870089334,49.022853642879561],[-54.585318128535086,49.022844214898043],[-54.585369622565736,49.022846282696186],[-54.585443291417121,49.022857258952328],[-54.585554272664076,49.022893065243558],[-54.585576228485351,49.022904845436983],[-54.585600090287592,49.022926631245618],[-54.585606121740256,49.022945320133424],[-54.585636176274981,49.022980134184593],[-54.585633483715711,49.022993053543601],[-54.585637920084949,49.022995893253253],[-54.585644235738421,49.023004606920367],[-54.585688083846406,49.023035269916257],[-54.585740979355172,49.023060289225668],[-54.585791971368785,49.023075305704872],[-54.585813983863012,49.023089873803151],[-54.585822706995359,49.023095736129164],[-54.585831267803904,49.023107353700858],[-54.585830343090265,49.023130276387768],[-54.585813115576279,49.023168732211424],[-54.585812150180153,49.02319309460691],[-54.58583366081951,49.023220607975183],[-54.5858885430345,49.023252846234499],[-54.585932196731285,49.023227571128494],[-54.586043446598495,49.023196019083151],[-54.58608170712656,49.02319226248369],[-54.586090388635562,49.023199560851474],[-54.58608689696544,49.023230993786434],[-54.586108449359848,49.023257071945729],[-54.58610138720001,49.023322902981775],[-54.586113618749195,49.023354618573109],[-54.586131159308962,49.023367694894986],[-54.58616436868261,49.023378174960435],[-54.586203783123075,49.023405907130389],[-54.586243608935867,49.023419346963372],[-54.586313128091767,49.023480365322882],[-54.586358955264451,49.023518247639842],[-54.586399722671132,49.023566050954166],[-54.586458231590861,49.023619827429847],[-54.58649792663121,49.023700623687361],[-54.586538565974912,49.023752741310908],[-54.586546584725504,49.02377856263562],[-54.586527417312048,49.023808454761316],[-54.586485829991396,49.023837984876238],[-54.586436373939314,49.023898979240847],[-54.586376536601577,49.023935478425443],[-54.586329778454015,49.023983467960562],[-54.586246276454652,49.024054033005463],[-54.586224835670677,49.024086775837524],[-54.586219320409853,49.024112517976363],[-54.586225272427072,49.024134084523368],[-54.586209009091348,49.024148187873315],[-54.586194351969667,49.024178043503063],[-54.58620481788077,49.024199665711564],[-54.586201923985968,49.024272747588],[-54.5862114671244,49.024317288058072],[-54.586224239638902,49.024334623089764],[-54.586244012488272,49.024346376671268],[-54.586284853341184,49.02433833188347],[-54.586309296856861,49.024344386528696],[-54.586317861374887,49.024355914071542],[-54.586321024776034,49.024388958046046],[-54.586333795981126,49.024406293008994],[-54.586329164710854,49.024410551270606],[-54.586375325005356,49.024436927947043],[-54.586426452914594,49.024451944518013],[-54.586529001646888,49.02447181614076],[-54.586727797743066,49.024497366100277],[-54.58677209358585,49.024512205394828],[-54.586798442745156,49.02452835656397],[-54.586872787228067,49.0245250418129],[-54.586897696038989,49.024519590940031],[-54.586929804983598,49.024501366184488],[-54.586955668020224,49.024471647078684],[-54.586983219527951,49.024454807166315],[-54.587030886087156,49.024442532578185],[-54.587084952274026,49.024435999395983],[-54.587107833240381,49.024424857514497],[-54.587137273313289,49.024360736017734],[-54.587146532842716,49.024352304039951],[-54.587169171145796,49.024349704904573],[-54.587184470687404,49.024359965690913],[-54.587187979712276,49.024385818062605],[-54.587163975543262,49.024426984045007],[-54.587144929768378,49.024452560733998],[-54.587096355861242,49.024492074120467],[-54.587042153337826,49.024498515850588],[-54.587012535268961,49.024511016261044],[-54.586989196052116,49.02453366291445],[-54.586992945475146,49.024550883193214],[-54.587021113009527,49.02457991815151],[-54.58705841013785,49.024600519191608],[-54.587136475582959,49.024615867479184],[-54.587179124928774,49.024616389567413],[-54.58725586976368,49.024605906681998],[-54.587286761424636,49.024620673130919],[-54.587295024544574,49.02463795261307],[-54.587298956762588,49.024653738335317],[-54.587307681615236,49.02465960151806],[-54.587321213984382,49.024659767067249],[-54.587339459005022,49.024652793093708],[-54.587360474018894,49.024630208543918],[-54.587382852773636,49.024631921721735],[-54.587549187997823,49.024688457492545],[-54.587578424438306,49.024684589326974],[-54.587621874863345,49.024666504912943],[-54.587655501836473,49.024666915846346],[-54.587698976497947,49.024706210774426],[-54.587752032828867,49.0247254738142],[-54.587867092338719,49.024714114031688],[-54.587869322184922,49.024712701030545],[-54.587946100669974,49.024700779477357],[-54.588055082318377,49.024672078270882],[-54.588140468552517,49.024670332739639],[-54.588180589394803,49.024678018693038],[-54.588253596228618,49.02470760357658],[-54.588311513880896,49.024719818780603],[-54.588412031556729,49.024734002135304],[-54.588499397677076,49.024739477720402],[-54.588646699669361,49.02476286240227],[-54.588765212435547,49.02477438403124],[-54.588878328300055,49.024754364663529],[-54.589051279441783,49.024750814710174],[-54.589096837770434,49.024735633144893],[-54.589114964636224,49.024733064724352],[-54.589218675893811,49.024721475475062],[-54.589289800892438,49.024682233607543],[-54.589367038592336,49.024658898304111],[-54.589405382592197,49.024652261258908],[-54.589451643042636,49.0246170347584],[-54.589485366679142,49.02461888351138],[-54.589547573093711,49.024634036820387],[-54.589608012231821,49.02463909040641],[-54.589685550026978,49.024610000112169],[-54.589710157224417,49.024610300640745],[-54.589741398176592,49.02461787770504],[-54.589761329538263,49.024623877964956],[-54.589801796585597,49.024624372698682],[-54.589883211199492,49.024608189860267],[-54.589907691712959,49.024612804767798],[-54.589929568154723,49.024627464511482],[-54.589928482630931,49.024656136211107],[-54.589893937518816,49.024678557875156],[-54.589843885312149,49.024698000409174],[-54.589834359784795,49.024710745586738],[-54.589833817299585,49.024725126972164],[-54.589857802990018,49.024742598224719],[-54.589895659751519,49.024753132090297],[-54.589922048147116,49.024767757119591],[-54.589941481875279,49.024786698300332],[-54.589958141525329,49.024821258044035],[-54.589999412396686,49.024856204061088],[-54.590033943956172,49.024892421244921],[-54.590099712282381,49.024936302645308],[-54.590126184358446,49.024948134847705],[-54.590150387862884,49.024962732438901],[-54.590197861698272,49.024971673332537],[-54.590288118602764,49.025005511968359],[-54.590342997046335,49.025032985436276],[-54.590442098809234,49.025068460532445],[-54.590475289550128,49.02507479900094],[-54.590601366195123,49.025167080911366],[-54.590615333437313,49.025214825953434],[-54.590621766341137,49.025219401196814],[-54.590627870362603,49.025235846437575],[-54.590653897133585,49.025258466295789],[-54.590788902187576,49.025349416881937],[-54.590818366996068,49.025400409116031],[-54.590846237959205,49.025430518526299],[-54.590929241887842,49.025479106318791],[-54.590941400814501,49.025513428901398],[-54.59098047768353,49.025543765545606],[-54.590982333882074,49.02555556646157],[-54.590996844201122,49.025584073893761],[-54.591033440355808,49.025624722067825],[-54.591027093549009,49.025675185002463],[-54.591035555329121,49.025748225620525],[-54.591061128124799,49.025845212267463],[-54.591058601190738,49.02585714538651],[-54.591042459977466,49.025871783780424],[-54.623190110153942,49.007916462015046],[-54.682718621470841,48.979992272927753],[-54.682735066208174,48.979938502777173],[-54.683762025145292,48.979905255960524],[-54.684531336568703,48.980109187231882],[-54.684763015616447,48.980131612891022],[-54.684767226132969,48.980023743949978],[-54.683979183603753,48.979648728539239],[-54.683836927894362,48.979447452582363],[-54.683858472161404,48.979303810144522],[-54.683942057520042,48.979242707012219],[-54.684898959532305,48.97984627871044],[-54.68525096697342,48.979916841841472],[-54.68597518828588,48.979913400712164],[-54.686578414437605,48.979574929342149],[-54.6874804242225,48.979304607140591],[-54.688264878524642,48.978880055594978],[-54.689134929574138,48.978681300065425],[-54.690174858146605,48.978360362994785],[-54.690502584487916,48.978366782213314],[-54.690787459158813,48.97870546625407],[-54.691160783257601,48.978901256792653],[-54.69246502666094,48.978190290953478],[-54.69281059348473,48.977828183869136],[-54.692902965339712,48.977587308450488],[-54.693199026586917,48.976819042098064],[-54.693457545790118,48.976545877473612],[-54.693765171673562,48.976380286451857],[-54.694221075439529,48.976291017684808],[-54.694508755940596,48.97626100177748],[-54.694683746497113,48.976308845871927],[-54.69478974057111,48.976382891713364],[-54.695665936891913,48.976364924673184],[-54.695983476177723,48.976290273112191],[-54.696225099005432,48.976087957745428],[-54.696333645932469,48.975802297513937],[-54.696503502884859,48.975680111605826],[-54.697171660620825,48.975414263225737],[-54.697195039889607,48.975198689382076],[-54.697606040633687,48.97489216418743],[-54.697800202584816,48.974833201247655],[-54.698045989229428,48.974837773200285],[-54.698087668183284,48.974811264305337],[-54.698232974637612,48.974634836483176],[-54.698570394854201,48.97442550621237],[-54.69922857558862,48.9743843628344],[-54.699746246168658,48.97381013598018],[-54.700662168171085,48.973208014944873],[-54.701335101651914,48.972861256800293],[-54.701688921344648,48.972598141294938],[-54.702546115387094,48.970888267774185],[-54.702541665484169,48.970375602391179],[-54.702376175858241,48.970120130195191],[-54.702410182572194,48.969967626521822],[-54.703256911683965,48.969975352858135],[-54.704895162369596,48.969432574438883],[-54.705847592465531,48.969208542469801],[-54.706053983404665,48.969203661737573],[-54.706536502341947,48.969402428021745],[-54.707049091033454,48.969547572501746],[-54.70722752827654,48.969514497491772],[-54.707996373115556,48.969152587997975],[-54.708341623600511,48.969060227197225],[-54.70817218919791,48.968903646676992],[-54.708101109859697,48.968641144781763],[-54.70813322230309,48.968561465182603],[-54.70825726091654,48.968518787794572],[-54.708477395338321,48.968774863032955],[-54.708684248936507,48.968751997674694],[-54.70896121892104,48.968658869495393],[-54.709313208399223,48.968728459774844],[-54.709617557257197,48.968950401771345],[-54.709644173181843,48.968977679425528],[-54.709986403116389,48.968949132057318],[-54.71035265080522,48.968731094152339],[-54.711164593201694,48.968603472520527],[-54.711594505856915,48.968458982853868],[-54.712030842304387,48.968170676292075],[-54.712297452484947,48.968320243435194],[-54.712501780284668,48.968342307779857],[-54.712759944868672,48.968077192098356],[-54.713039880993421,48.967921134975889],[-54.713584831386711,48.967976676411901],[-54.71387819654683,48.967829760203799],[-54.714274810625838,48.967810798502512],[-54.714574239223836,48.967852806912731],[-54.714799906752596,48.968001011114517],[-54.714791422409277,48.96817179319099],[-54.714269740804504,48.968539198701997],[-54.714322072405636,48.968575753974555],[-54.714881589835933,48.96859637792447],[-54.715002176803793,48.968634595102444],[-54.715266047262304,48.968838085645373],[-54.715374354787777,48.969460726865826],[-54.715521563809624,48.96952621910529],[-54.715701567642242,48.969485055141895],[-54.715872050913298,48.969335865370091],[-54.715962470347947,48.969166000080342],[-54.715975785338976,48.968860376926607],[-54.716093004834917,48.968710592796683],[-54.716496303096953,48.968537914598919],[-54.717388058300813,48.967854450631492],[-54.717596838691136,48.967489846834312],[-54.717901614582694,48.967271634227785],[-54.718498585018708,48.967090023500482],[-54.718619365346768,48.967029135623989],[-54.719620322491004,48.966544816735954],[-54.720281926443931,48.96612704465533],[-54.721287502770195,48.965409249109726],[-54.721620032572567,48.965104994281788],[-54.722144031243332,48.964762261786305],[-54.722906861151074,48.964212417567552],[-54.725395396144421,48.962186546374852],[-54.725421735756932,48.962062037361001],[-54.725730944465369,48.96192245368956],[-54.728855284243153,48.95935831770668],[-54.72931605272845,48.958859067662409],[-54.729384557137848,48.958786921615783],[-54.72998383827359,48.955309701628437],[-54.730381738228559,48.954966943951952],[-54.730715931718848,48.954820431180792],[-54.731109245279249,48.954873326091487],[-54.731851313789406,48.954797846288983],[-54.732943035197096,48.95450407635672],[-54.733087493502275,48.954623472037987],[-54.733263786755167,48.954672174346875],[-54.73386002068343,48.954477271533925],[-54.734128467134234,48.954284163818869],[-54.734288831200615,48.954044903621032],[-54.734133925302451,48.953852548597325],[-54.733736063743144,48.953601762345599],[-54.733128243803598,48.953445800229893],[-54.732580463298888,48.953453271768353],[-54.732441012138963,48.953513791675256],[-54.732399626629189,48.953530424332264],[-54.73176768957719,48.953302245533202],[-54.731156689651193,48.953218181710014],[-54.730865304661748,48.953023418349893],[-54.730607128371282,48.952704013237515],[-54.729943633279426,48.952267729874116],[-54.72873124208963,48.951883849319735],[-54.727877548162638,48.951732339941344],[-54.727514964651505,48.951599737625941],[-54.727264103023579,48.95142339771499],[-54.727188609321601,48.951277773042925],[-54.727221428428358,48.950846456528325],[-54.727485335124832,48.950456360234291],[-54.727875416741533,48.950581175966597],[-54.728053315284569,48.950566049736423],[-54.728416358050616,48.950411771602852],[-54.729197718138302,48.950345739728277],[-54.730302963973841,48.950376796359599],[-54.730442408582796,48.950316277932338],[-54.730505443442247,48.949823239976944],[-54.730967467544282,48.949265343190149],[-54.731150800890859,48.949143254060075],[-54.731056237050367,48.948510882017857],[-54.730918634047505,48.948229680030103],[-54.730544055727464,48.94776330129654],[-54.730676926938116,48.947262037213591],[-54.730779746970562,48.947084201295496],[-54.731156632994519,48.946921075606774],[-54.731224881189412,48.946921825797411],[-54.731388636575218,48.946925423700186],[-54.731898127010936,48.946809616111139],[-54.732260922962091,48.946663418113651],[-54.732520892649063,48.94664199190003],[-54.73267716346119,48.946509711748128],[-54.732509087254122,48.946299218725052],[-54.732283920272444,48.946133067662515],[-54.732553906594219,48.945608126413859],[-54.7327570372181,48.945350450462868],[-54.732884170648141,48.944966934406786],[-54.733125263287754,48.944773527474197],[-54.733614513348037,48.943622363194336],[-54.733875848069751,48.943276291861181],[-54.734254512932239,48.94304122458712],[-54.733826507452349,48.942258609162131],[-54.732980694119135,48.942233131814405],[-54.732192187673689,48.942155217394557],[-54.73176168760051,48.942011088111009],[-54.731454447730393,48.941852122931572],[-54.731196075341799,48.94181151134832],[-54.73045444923234,48.941608193225562],[-54.730017581155188,48.94160788009281],[-54.729397585805749,48.941722462238836],[-54.728882246618049,48.941640342728512],[-54.728455186692422,48.941415295601722],[-54.728138860990711,48.941184278082638],[-54.727825703689945,48.941151145297503],[-54.727504369016131,48.941010004067763],[-54.727244869968921,48.941014333257471],[-54.726536867049433,48.941261030888164],[-54.726189518053182,48.941713155173396],[-54.725880414996844,48.941895903577567],[-54.725433204840598,48.942408975312055],[-54.725130259824716,48.942456889506232],[-54.724873741187302,48.942397396718007],[-54.724516938804932,48.942147933543808],[-54.724081676454539,48.942084659811982],[-54.723903578642727,48.94210877044334],[-54.723733213449613,48.942257975180894],[-54.723663082785514,48.942598943077023],[-54.723726009070099,48.943022326522609],[-54.723649312525573,48.943192351407681],[-54.723981100930303,48.943405566010888],[-54.724586485595857,48.943597523232775],[-54.724777701423548,48.943916200862851],[-54.72499010326019,48.9440462564841],[-54.725366250352565,48.944179916076607],[-54.725509744783508,48.94433528735096],[-54.725460126128759,48.944514608371485],[-54.725191494566594,48.944715785694342],[-54.725026807879097,48.944749038136237],[-54.724758002381748,48.944635449960352],[-54.724599737541936,48.944523981757243],[-54.724257028886683,48.944256688060115],[-54.723984802075236,48.94422399860418],[-54.723595377124099,48.944396855924346],[-54.723073334214405,48.944737321559387],[-54.722578183498818,48.944826265983188],[-54.721974546569697,48.944886128106511],[-54.721019298443025,48.94486744875725],[-54.72069772920127,48.944735275207741],[-54.720472601810791,48.944569101208671],[-54.720176815591785,48.944176410205579],[-54.719804804851336,48.943934855332408],[-54.719395197514928,48.943935705479696],[-54.719125030499285,48.943876048443052],[-54.718930529096966,48.943953926293148],[-54.718461674339693,48.944348917915868],[-54.718283020586597,48.944660800417509],[-54.717853340602773,48.944805312808619],[-54.717628597540937,48.944944011686445],[-54.716587230514513,48.944716586319586],[-54.716091489117147,48.944508720513454],[-54.715690805072526,48.944906259934456],[-54.715340953430676,48.945078631657132],[-54.714957688243707,48.945116631707876],[-54.713910823834283,48.944997042183743],[-54.713417036983728,48.945032007321551],[-54.713016693819824,48.945149846528714],[-54.712441480591629,48.945165912840736],[-54.712028410235675,48.945247633657573],[-54.71145619766888,48.945199873959659],[-54.710847391340863,48.945088748391754],[-54.710066269281384,48.944830000318696],[-54.709605038198333,48.944767284633663],[-54.708778667066198,48.944939698447101],[-54.708077199922997,48.945033466444755],[-54.707817908867256,48.945028765012019],[-54.70702251003793,48.945111581984428],[-54.706529653959926,48.945110552469146],[-54.705842706127605,48.945223357056229],[-54.705230532401096,48.945453909204375],[-54.704795049474839,48.94571522220167],[-54.703618362765638,48.946654394919349],[-54.703203204475898,48.946763043335238],[-54.703135211970796,48.946752383807116],[-54.702338796246977,48.946557265632748],[-54.701766988832887,48.946230670057609],[-54.700814237949182,48.945852110762353],[-54.700170316875571,48.945884425930572],[-54.699558763487737,48.94582717204451],[-54.698666165786342,48.945341356924892],[-54.69836942053275,48.945254370151162],[-54.697757875282804,48.94519710238972],[-54.697328601518052,48.945323557125562],[-54.696639824044667,48.945138608820805],[-54.696229969009785,48.94514836424414],[-54.695155835805423,48.945343066788126],[-54.694816765412519,48.945570354566748],[-54.694714524614881,48.945721184386635],[-54.694473278222347,48.945914510189496],[-54.693947288206786,48.946083923402547],[-54.693517075160337,48.94650713351372],[-54.69291335810555,48.946881609069614],[-54.692232173011348,48.947137393730507],[-54.691571807140519,48.947223433124918],[-54.691002306319106,48.947437307216049],[-54.689981996717655,48.947659549113823],[-54.689531641085317,48.947650835453096],[-54.689113252893705,48.947516576320204],[-54.688712415731175,48.947337547781551],[-54.686808157701293,48.947163896468801],[-54.686080046687586,48.946969441028372],[-54.685317007751458,48.946909482818228],[-54.684689030192729,48.946905920011567],[-54.684262016905329,48.946996380851203],[-54.68376034982618,48.946914214014875],[-54.682794555456404,48.947398718222935],[-54.681975181792865,48.947714915561114],[-54.681532434818649,48.947832164060564],[-54.681064956891035,48.947903263902973],[-54.680642375613168,48.947876847031687],[-54.680278104107408,48.947762062014561],[-54.678977279479476,48.948418968873362],[-54.678275803983304,48.948819231238332],[-54.677651889751857,48.949022522423554],[-54.676574124230356,48.949297045702828],[-54.676134140027628,48.949360346407829],[-54.675622893967315,48.94948488115417],[-54.674528641804891,48.949814055215789],[-54.673956781429716,48.950009831235832],[-54.673915186365186,48.95003363678002],[-54.673862574792182,48.950060909745197],[-54.673833554130383,48.950074065472776],[-54.673700934774033,48.950131898406454],[-54.673649757732115,48.950156491921142],[-54.673583453809798,48.950185403585969],[-54.673539243903249,48.950204682209758],[-54.67341500905264,48.950255416852578],[-54.673330951794377,48.950284127357413],[-54.673300537051801,48.950298165600067],[-54.673203959826985,48.95033572691883],[-54.673154222921021,48.950357637496936],[-54.673068704745916,48.950389931113754],[-54.672919300367191,48.95046285529974],[-54.672886253810049,48.950473265570757],[-54.672776211141489,48.950503475577229],[-54.672748598089449,48.950514850212947],[-54.67269577230698,48.950550214130431],[-54.672640502310216,48.950574760817673],[-54.67257704288199,48.950599212748429],[-54.672527229702958,48.950623817009486],[-54.672460918562727,48.950652733143457],[-54.672353204453252,48.950698259673544],[-54.672307612060166,48.950718420953585],[-54.672226256916055,48.950748061635885],[-54.672095240177278,48.950796912990192],[-54.67199853700874,48.950838968986574],[-54.671924204163076,48.950861493214802],[-54.671896641190848,48.950871072251459],[-54.671818285588508,48.950890851286026],[-54.671770218166287,48.950901092586989],[-54.671676963432603,48.950916207916464],[-54.671508273874601,48.95094393989379],[-54.671375311955053,48.950963094261525],[-54.671213708002227,48.950981019615874],[-54.671132953809767,48.950988179051713],[-54.671028896360177,48.950998672244594],[-54.670856036167031,48.951029058827324],[-54.670825840517146,48.951035005153599],[-54.670816210353038,48.951037592964425],[-54.670752845577375,48.951058447465051],[-54.670690886689769,48.951077516553923],[-54.670637099779526,48.951097582101426],[-54.670530679829767,48.951145817839453],[-54.670492026132109,48.951161560401907],[-54.670400853826912,48.951200978754045],[-54.670324890719229,48.95123337928262],[-54.670273640360477,48.951260667193942],[-54.670226391378463,48.951291598120292],[-54.670187646633806,48.951310938971346],[-54.670135222462527,48.951331019112146],[-54.67007334197357,48.951347390406909],[-54.670011167156154,48.95137455504539],[-54.669913988847782,48.951434589604993],[-54.669868053404947,48.951467331550852],[-54.669811060175817,48.951505347115514],[-54.669732004127383,48.951551200552487],[-54.669658722367863,48.951585429561391],[-54.669568965119488,48.951623066792834],[-54.669528970554296,48.95163789186649],[-54.669457410892093,48.951658650487971],[-54.669284475760222,48.951691728738837],[-54.669218590194774,48.951704459057886],[-54.669125238395118,48.951723169569547],[-54.669052434290244,48.951739416207758],[-54.669022141815518,48.951748958409013],[-54.66895738295451,48.951770693628021],[-54.668819440065221,48.951823063691471],[-54.668715692431391,48.951873125430218],[-54.66866453380986,48.951896818784384],[-54.668548431842439,48.951949437475633],[-54.668512437997514,48.951967906170601],[-54.668458291129198,48.95200145668295],[-54.668405674253471,48.952028730576423],[-54.668287147393968,48.952069629257608],[-54.668201270700671,48.952115403530016],[-54.668105852715826,48.952160169550474],[-54.668054605765889,48.952187455732485],[-54.667957776427464,48.952234002241724],[-54.66791081236493,48.952254145677379],[-54.667765802994317,48.952315421634893],[-54.667592027352008,48.952379965202951],[-54.667586492955948,48.952382600332712],[-54.667520223805482,48.952409712514182],[-54.667473212783356,48.9524316522037],[-54.66734343219732,48.952485014128563],[-54.667242869414856,48.952518026582048],[-54.667194852123799,48.952526465185855],[-54.667026196232591,48.952552393659701],[-54.666946706697345,48.952563167640918],[-54.666861689754391,48.952576574251857],[-54.666727304174152,48.952597502467576],[-54.666616135271497,48.952618700687985],[-54.666540551698695,48.952636714858187],[-54.666471788150268,48.952654804487217],[-54.666430381580277,48.952671414469158],[-54.666318797167293,48.952707897145409],[-54.666267716291593,48.952728886548101],[-54.666168442959538,48.952764613325982],[-54.666124396996985,48.952777593055828],[-54.666036432143429,48.952799059543899],[-54.66591515113862,48.952840824511206],[-54.665829864048334,48.952864121497377],[-54.665806516043894,48.952869247178604],[-54.665777681978852,48.952875207019936],[-54.665691248708931,48.952890395849245],[-54.665518280276331,48.952924367641188],[-54.66548532550928,48.952931181960103],[-54.665374150046624,48.952952377811897],[-54.665213613254551,48.952981097589891],[-54.665129811055351,48.952999911308595],[-54.665029508331521,48.953023033894937],[-54.664952512333755,48.953042828459928],[-54.664868445668766,48.953071534262264],[-54.664776194891189,48.953100142239492],[-54.664628974282898,48.953141604761576],[-54.664546389687253,48.95316583107315],[-54.664396272145169,48.953213554780525],[-54.66428049898829,48.95325358610765],[-54.664107001756101,48.953307332230146],[-54.664031244726516,48.953331636844652],[-54.663929481067719,48.953358339868601],[-54.663855163689732,48.953379961739131],[-54.663682027735042,48.953420222217417],[-54.663671032265945,48.953422793525888],[-54.663497804431103,48.953466654786901],[-54.663481299868522,48.953470960621026],[-54.663308308280804,48.953505825990284],[-54.663271235134189,48.95351349154479],[-54.663232745318467,48.953522936514624],[-54.663084518726436,48.953550896071143],[-54.662911668541732,48.953580369777946],[-54.662816988455326,48.953597257937645],[-54.662644169096289,48.953625831084722],[-54.66253578956993,48.953644361648614],[-54.662404186641361,48.953663517771751],[-54.662331519936018,48.953674367151585],[-54.662198644627871,48.953689914213214],[-54.662098844598191,48.953694150973696],[-54.662016693243899,48.953702191838879],[-54.661900345333535,48.953712534238463],[-54.66178526541519,48.953726486070963],[-54.661704355969881,48.953739040228683],[-54.661650850425644,48.95374831131231],[-54.661572512090871,48.953767185404665],[-54.66148710204186,48.953794974092723],[-54.661383923492878,48.953823455262963],[-54.661355084243837,48.953829414686311],[-54.661232986248613,48.953850480854818],[-54.66108211859386,48.953874810217606],[-54.660995656964765,48.953890893097501],[-54.660907806433116,48.953907860432864],[-54.660759553436179,48.953936715550547],[-54.660703272635757,48.953947754438232],[-54.660623540462311,48.953967514903354],[-54.660498539405658,48.953994840523443],[-54.660479281055892,48.954000014514548],[-54.660400815380292,48.954023383428044],[-54.66035669962865,48.954039059696015],[-54.66028647340103,48.954060726927814],[-54.660190458038848,48.954076699497421],[-54.660017581979915,48.954107065638318],[-54.659977773452354,48.954114698029038],[-54.659870691024693,48.954135936335739],[-54.659766453179429,48.954152711183042],[-54.659652640434359,48.954170276741124],[-54.659568936763307,48.954185490165536],[-54.659455147057614,48.954202153239258],[-54.659326263602559,48.954221340914422],[-54.659229027100224,48.954231903066017],[-54.659198894074514,48.954235150038443],[-54.659142923557951,48.954234500320602],[-54.659103431453907,48.954230442117684],[-54.659050214190174,48.95422892558328],[-54.658920691982274,48.954221122485123],[-54.658894728097287,48.954221718694981],[-54.658859165074837,48.95422400517274],[-54.658762115698686,48.954227373069102],[-54.658652881115806,48.954227001953299],[-54.658543762358903,48.954222134636098],[-54.658494521789557,48.954225159007677],[-54.658380804064002,48.954239127792768],[-54.658308232907089,48.954246377342599],[-54.658179645726037,48.954254772247587],[-54.658036157436818,48.954258498826803],[-54.657936523026322,48.954256440473252],[-54.657891448706522,48.954256815620248],[-54.657799764413703,48.954263842990663],[-54.657702359269614,48.954280696131754],[-54.657610313841587,48.95430120836437],[-54.65754291372221,48.954319308596979],[-54.657475537690331,48.954336511052141],[-54.657457668953484,48.954340802795187],[-54.657379395684103,48.954356976022666],[-54.65724220545966,48.954380560688982],[-54.657143503908266,48.9543947022132],[-54.656974962812086,48.954416121679451],[-54.6569352764256,48.954419257189514],[-54.656801417966122,48.954420393753587],[-54.656652348045526,48.954428553247126],[-54.656479998857812,48.954439136672875],[-54.65639516951984,48.954445340841801],[-54.656245976741616,48.954457994708228],[-54.656169313179596,48.954465191456393],[-54.65603506427896,48.95448071596838],[-54.655862405797357,48.954502987257591],[-54.655793879087526,48.954512080373881],[-54.655621214962174,48.954534351064488],[-54.655501985206399,48.954550050153514],[-54.655452672899422,48.954555768263575],[-54.655382809878539,48.9545639466944],[-54.655252802680273,48.954574123832629],[-54.655146222340356,48.95457647895342],[-54.655034254122242,48.954576072246567],[-54.654975479014823,48.954578082515276],[-54.65485098665426,48.954586525302254],[-54.654779827882919,48.954591989515777],[-54.65465947513961,48.954598679971561],[-54.654511726057351,48.954608649242388],[-54.654440637683408,48.954611413642681],[-54.654268602164628,48.954610308757033],[-54.654249466113171,48.95461098498474],[-54.654077452438841,48.954608978373685],[-54.654050175137328,48.954607760341624],[-54.653885108569632,48.954601337668649],[-54.653785453711947,48.954600174505828],[-54.653717125419142,48.954602073002128],[-54.653602379355355,48.954603432863081],[-54.653487725275852,48.954601195162418],[-54.653374368310196,48.954601669470215],[-54.65326929843706,48.954598645266351],[-54.653146656073524,48.954589118753155],[-54.653105603513531,48.954592236869267],[-54.652972722281795,48.95460777304266],[-54.652912485213392,48.954613362565993],[-54.652809756206608,48.954624755280783],[-54.652768632223321,48.954630567428111],[-54.652595966578886,48.954652834417985],[-54.652423302597782,48.954675096712144],[-54.652384931386969,48.954680047498982],[-54.652212295646088,48.95470141101255],[-54.652198570144527,48.954703950963498],[-54.65208484499378,48.954717908712624],[-54.651968639476323,48.954722847347639],[-54.651907232589139,48.954721227690378],[-54.651735220249286,48.954719217624188],[-54.651733881407885,48.954718303032365],[-54.651638338966478,48.954716287202778],[-54.651495194856849,48.9547074177406],[-54.651393020724619,48.954698128797311],[-54.651271717193076,48.95468951757713],[-54.651185978429794,48.954678624011187],[-54.651093389079946,48.954668544214435],[-54.650970618184928,48.954663512735245],[-54.650875035424008,48.954663293878369],[-54.650827231831748,48.954663634183476],[-54.650702758036104,48.954671170898614],[-54.65060285814878,48.954678994796801],[-54.650459003106924,48.954696195783072],[-54.650383824550346,48.954698915119074],[-54.650323806422456,48.954696414719358],[-54.650307426552125,48.954696222949693],[-54.650216129883376,48.954688858021676],[-54.65013702159014,48.954685236601925],[-54.650053913674341,48.954677966039583],[-54.649995312755351,48.954673686220687],[-54.649938047000731,48.954670316322677],[-54.649830491297827,48.954658263376103],[-54.6497239365277,48.954659715784857],[-54.649631177981142,48.954655929763483],[-54.649557575540527,48.954650572119576],[-54.649475837426309,48.954643321010309],[-54.649400779676888,48.954641543814787],[-54.649287445969279,48.954641114506927],[-54.649176793680425,48.9546425171933],[-54.649004636877912,48.954645897570664],[-54.64883226186403,48.954657367188496],[-54.648821319925943,48.954658137325659],[-54.648649088404795,48.954664214788011],[-54.64864633097239,48.954665080232552],[-54.648587555305603,48.954667091713773],[-54.648415186984266,48.954678560988405],[-54.648378226302277,48.954681726422336],[-54.648206020882391,48.954686900158499],[-54.648125380223775,48.954689552698383],[-54.648007852292217,48.954692671921933],[-54.647860392938064,48.954691841779677],[-54.647797523751386,48.954693803760541],[-54.647664957470418,48.954697645253873],[-54.647547550426644,48.954696268122966],[-54.647386512092289,48.954692582308809],[-54.647282879343464,48.954686870980673],[-54.647154652618184,48.954681768512764],[-54.647018254934601,48.954675671376727],[-54.646907601127616,48.954677073613261],[-54.646806264473803,48.954687574051846],[-54.646717361801905,48.954692827646141],[-54.646586255348751,48.954693085764134],[-54.646414389241322,48.95468567414332],[-54.64638849997381,48.954683569902805],[-54.6463202187403,48.954683670274342],[-54.646209663254645,48.954681471052552],[-54.64608692334496,48.95467553328573],[-54.645980612043545,48.954667991423953],[-54.645875808232688,48.954655069142603],[-54.645784780116458,48.954637813992257],[-54.645651846398948,48.954604773416968],[-54.645554235040294,48.954578448459792],[-54.645463499605789,48.954550404122337],[-54.645366113380561,48.954515982584901],[-54.645318912397734,48.954493845608532],[-54.645260752167111,48.95447337463073],[-54.645233759241364,48.954461368824255],[-54.645181273386655,48.954432870810308],[-54.64515431312504,48.954419966707043],[-54.645123235243041,48.954407909337974],[-54.645117894129655,48.954403349798966],[-54.645107141475194,48.95439692491307],[-54.645021671329111,48.954376139133274],[-54.644934838633716,48.95435533186307],[-54.644849345815636,48.954335441948089],[-54.64476251327131,48.954314634552233],[-54.644677042237589,48.954293846672087],[-54.644590209845823,48.954273039150635],[-54.644491138873498,48.954250290880346],[-54.644455861131718,48.954241785458755],[-54.644405646346236,48.954230401544407],[-54.644302355477556,48.954212099540499],[-54.64426574355285,48.954202675970301],[-54.644193803795353,48.954186543181763],[-54.64414070909131,48.954180520303311],[-54.644019694527508,48.95416111229774],[-54.643962508826199,48.954155043814879],[-54.643928429870407,48.954152845840362],[-54.643898515364384,48.954147997513232],[-54.643844057605271,48.954141958445668],[-54.643687403574788,48.95412753034887],[-54.643661513566904,48.954125423654155],[-54.643586507298849,48.954121846403794],[-54.643414863703519,48.954106333732803],[-54.64339716294328,48.954104329187288],[-54.643277591366562,48.954082236348249],[-54.643209751103193,48.95406615154775],[-54.643139078690709,48.954053626932627],[-54.643029091357555,48.95403075020689],[-54.642917636161783,48.95401145241415],[-54.642856590136013,48.953996345581906],[-54.642775270168571,48.953973804154266],[-54.642707209769824,48.953965807568146],[-54.642622739587637,48.953958520070323],[-54.64254666121338,48.953944133462464],[-54.642514091553316,48.953936555762375],[-54.642359219235836,48.953906854606231],[-54.642297060205451,48.953882737283493],[-54.642228068782671,48.95385854335715],[-54.64216161709151,48.953841572716954],[-54.642104797386573,48.953822017597332],[-54.641933668837098,48.953787628948959],[-54.641882085125332,48.953776228497546],[-54.641804881338416,48.953752835180637],[-54.641666980024787,48.953701748453106],[-54.641570736050902,48.953675434520356],[-54.641492174905451,48.953652025151435],[-54.641432763217963,48.953627041652929],[-54.641313803255194,48.953582473043411],[-54.641266610673711,48.95356033292159],[-54.64115581742135,48.953516760706037],[-54.641086784882354,48.953494363658322],[-54.641024646080133,48.953469346831127],[-54.641003000853232,48.953461900024656],[-54.638635656808987,48.952889882583882],[-54.637881830292265,48.952640858363665],[-54.637454573793377,48.952434361758286],[-54.636337462982688,48.952087507964947],[-54.633217688278883,48.951321217113907],[-54.630652329311921,48.950108160383081],[-54.629870008465815,48.949606036439576],[-54.62870787242985,48.948763935994194],[-54.626787230426778,48.947500901700529],[-54.626371725560418,48.947068769195148],[-54.625152285284564,48.94627901150492],[-54.62405619725844,48.945771306528947],[-54.623759829186312,48.94567513568709],[-54.622590229724167,48.945011854839194],[-54.621796177292339,48.94474335979811],[-54.620548579012699,48.943989187293994],[-54.619599846782187,48.943538061721412],[-54.617926733045785,48.942819238220615],[-54.615715670285404,48.941955439187979],[-54.614043910022325,48.941191606032348],[-54.613204200049402,48.940751629869276],[-54.612066940561832,48.940260401197826],[-54.611587949622241,48.940007317419976],[-54.610393547229933,48.939559451244889],[-54.609218019506407,48.939022767119653],[-54.608654581056577,48.938812718760737],[-54.607439919826781,48.938211691547686],[-54.606487049640279,48.937868324271584],[-54.606027555238207,48.937750353552275],[-54.605218834873604,48.937133525524182],[-54.605181078401394,48.93711687931593],[-54.605071590464568,48.93707778205993],[-54.605029734858661,48.937061090331312],[-54.604989345787587,48.937040814541952],[-54.604898995693823,48.93700104925184],[-54.604776365098019,48.936943805875103],[-54.604719848868513,48.936914344858195],[-54.604678174027278,48.936891358533678],[-54.604616324117742,48.936857332689549],[-54.604546341770096,48.936821412996977],[-54.604491408261083,48.936790675114246],[-54.604487200049078,48.936788321734895],[-54.604456289148111,48.936770859530107],[-54.604436070119171,48.936761622859962],[-54.604422524321407,48.936757859852456],[-54.604415750433972,48.936755981461211],[-54.604395482668927,48.936748540235328],[-54.604225641858093,48.936670940961712],[-54.604221621537057,48.936668192611009],[-54.604177037602952,48.936651463808317],[-54.604173022384806,48.936648719278843],[-54.604008326939351,48.936533409376857],[-54.603952093100311,48.936494056469833],[-54.603788766819839,48.936378762130481],[-54.603632090304956,48.936269842634012],[-54.603467395725602,48.936154534667963],[-54.603443288414162,48.936138054032924],[-54.603432593959091,48.936129830086742],[-54.603419149232685,48.936122470799191],[-54.603253092020758,48.936007142388817],[-54.603251754498544,48.936006228173099],[-54.603087067377771,48.935890917253936],[-54.603024133130781,48.935846985030068],[-54.602887675097563,48.935747305889613],[-54.602775632666223,48.935653317303149],[-54.602734362230692,48.935615942014181],[-54.602701220758647,48.935580466820589],[-54.602678676757947,48.93555681196996],[-54.602612180809025,48.935493952156804],[-54.602590945121456,48.935472109932675],[-54.602539155761804,48.935420219459594],[-54.602440609684244,48.935331790088583],[-54.60240754958371,48.935293619275541],[-54.602361145075328,48.935244489239608],[-54.602331798606762,48.935219853347427],[-54.602267602728105,48.93517230889794],[-54.602105647186278,48.935057028946083],[-54.60203872496556,48.935009453951302],[-54.602014662051964,48.934991177367948],[-54.601910383344794,48.934912568380881],[-54.601745703063443,48.934797253946876],[-54.601740344115676,48.934793592126361],[-54.601621156779402,48.934711208392542],[-54.601526027202453,48.934647098301546],[-54.601361349955035,48.934531784326154],[-54.601343934473455,48.934519884521642],[-54.601210017801883,48.934427425882689],[-54.601049429739916,48.934312160234953],[-54.601019965356123,48.934292016395361],[-54.601010635336536,48.934283811543942],[-54.601001412013915,48.934272008068092],[-54.60098042989744,48.934241176074124],[-54.600973858715626,48.934232102476336],[-54.600931376802741,48.93418931750579],[-54.600906077141595,48.934166527561004],[-54.600744127978452,48.934051245884767],[-54.600740108058496,48.934048497424484],[-54.60067854708835,48.934004585375732],[-54.600509776751053,48.933889220251544],[-54.600407977936101,48.933819633662551],[-54.600292765915782,48.933741794399531],[-54.600267217363296,48.933727990358719],[-54.600148717103878,48.933669893698287],[-54.60006269440143,48.933622086475566],[-54.600006385559951,48.933585430066167],[-54.59999433113385,48.933577188437667],[-54.599855058084721,48.933481066363065],[-54.599805373591607,48.933451686451136],[-54.59973269332145,48.933414827593559],[-54.599664355770472,48.933369031683995],[-54.599570347637382,48.933313930068714],[-54.599471033176215,48.933253366650128],[-54.599375354332345,48.933209035670572],[-54.59934985487655,48.933193439589033],[-54.599285588648435,48.933148590308775],[-54.59926679220127,48.93313756888665],[-54.599226428370912,48.933116393316773],[-54.599184884395569,48.933088908573652],[-54.599075078454696,48.933012929963567],[-54.598966717785657,48.932934273243696],[-54.598950667742486,48.932922385248482],[-54.598791461671979,48.932807134623943],[-54.598741952954974,48.932771458658337],[-54.598660474510289,48.932707516528978],[-54.598635202305012,48.932683823059655],[-54.598594011555569,48.932643752418336],[-54.598564950901817,48.932609224168466],[-54.598517660688245,48.932542997193146],[-54.598498100493828,48.932510385394039],[-54.598490418899111,48.932492305552181],[-54.598481717841935,48.932461623025858],[-54.598462661157512,48.932411025840402],[-54.59843946210411,48.932362179528027],[-54.598405089670145,48.932322191932123],[-54.598397128733993,48.932314000108036],[-54.59837994100419,48.932294008043215],[-54.598361398050869,48.932273995203204],[-54.598350831737342,48.932261275191657],[-54.598342897338682,48.932252185730221],[-54.598332231152014,48.932243062828128],[-54.598254699499194,48.932184563020158],[-54.598234610079921,48.9321708288115],[-54.598209262154683,48.932149835520477],[-54.598148686982917,48.932070856373457],[-54.598136859097259,48.93205452720445],[-54.59812656995976,48.932031915448114],[-54.598120176397579,48.932016550684992],[-54.598116533404436,48.932000316895717],[-54.598109127376951,48.931972348839984],[-54.598085854462546,48.93192619829891],[-54.59807677864022,48.931908999260123],[-54.598040203897021,48.931801535667148],[-54.598001509448558,48.93172102580521],[-54.597989732539553,48.931702895854372],[-54.597972972672764,48.931667617723676],[-54.597961881599744,48.931625212499419],[-54.597955225180264,48.931570271079124],[-54.597945243306626,48.931536876409112],[-54.597926489370003,48.931475493331163],[-54.597917890150278,48.931441212826044],[-54.597899011204575,48.931384324547011],[-54.597880587019993,48.931359816552522],[-54.597846069085328,48.931325225978043],[-54.597808818538049,48.931290597397037],[-54.597800935240279,48.93127970713531],[-54.597781021795583,48.931259681778883],[-54.597711451991223,48.931209368979971],[-54.597616408245983,48.931142561975079],[-54.597531986763244,48.931086676231779],[-54.597503781383807,48.931070144992901],[-54.597460701943739,48.931048935101245],[-54.597390576816331,48.931018407308763],[-54.597335359787969,48.930991654512496],[-54.597331345660322,48.930988907076028],[-54.597279013700565,48.930956792648196],[-54.597252252080182,48.930937583301088],[-54.597218846052264,48.930911995096572],[-54.597174774452625,48.930877282991069],[-54.597153598922745,48.930853643843122],[-54.597141593683432,48.930843601961982],[-54.597118975589282,48.930822644507003],[-54.597112481499224,48.930810873159501],[-54.597107223273532,48.930803614038567],[-54.597088598572086,48.930786298296638],[-54.597080714977906,48.930775413378818],[-54.59706130719298,48.930737403504921],[-54.597035428928649,48.930686727221385],[-54.597030347849966,48.930673175281115],[-54.597024406260928,48.930641627614712],[-54.59702210777214,48.930626308373675],[-54.597019603905068,48.930618183115186],[-54.597066677121319,48.930594475507],[-54.597140050763407,48.93055759488783],[-54.597109397906074,48.930531141362657],[-54.597034633939103,48.930568902949275],[-54.596998655024159,48.930586452095952],[-54.596989306785368,48.93057914308659],[-54.596958503320195,48.930558085604105],[-54.596890021644661,48.930517682524147],[-54.596843020769967,48.930490126620512],[-54.596813381618347,48.930476276374634],[-54.596747153746492,48.930452987175968],[-54.596703966913076,48.930435374682709],[-54.596663587701237,48.930415098986742],[-54.596638065668387,48.9304003964725],[-54.596581889467203,48.930359243831901],[-54.596568523033547,48.930349188952761],[-54.596551015939809,48.930340882248061],[-54.596537290978738,48.930343413717196],[-54.596519329526117,48.930351289741701],[-54.596509699031763,48.93035386769121],[-54.596495979338975,48.930356401182912],[-54.596465963435428,48.930356035185014],[-54.596453783720413,48.930352288862615],[-54.596436345925184,48.930341283391733],[-54.596432381176179,48.930336737793944],[-54.596412393916083,48.930319410745227],[-54.596385678423438,48.930298400216515],[-54.596363040050761,48.930278337801695],[-54.596335271386707,48.930246523347073],[-54.596306283994004,48.930209298614606],[-54.596284982844622,48.930190151372223],[-54.596263581431025,48.930174603924684],[-54.596179057886289,48.930122311463187],[-54.596093187748082,48.930069104248233],[-54.595928135246105,48.92996816982965],[-54.595861249918805,48.929919689384938],[-54.595742305346022,48.929829204537214],[-54.595669001083763,48.929766258553549],[-54.595647877561831,48.929740819294317],[-54.595605751489764,48.929685448491362],[-54.595537050242314,48.9296045664749],[-54.595486536079612,48.929556290523522],[-54.595376086084173,48.929503682898691],[-54.595279474411441,48.929249790093792],[-54.594832721888579,48.928584232304452],[-54.594767295685109,48.928240786885667],[-54.594485734286728,48.92786592894349],[-54.594489368807501,48.927785030099905],[-54.593881838880897,48.927061752551921],[-54.593420598857705,48.926718871340988],[-54.593248941268492,48.926319268408236],[-54.592496146692262,48.925521363766954],[-54.592072700350606,48.925242796901195],[-54.59172425108445,48.924821246339199],[-54.591421361978867,48.924284237228441],[-54.590980074270121,48.92381568551879],[-54.590503295362559,48.922959983079352],[-54.590172724595185,48.922728408942788],[-54.589951272645912,48.922499066529497],[-54.589503157404991,48.921886531149006],[-54.589421243258613,48.921596840731304],[-54.589155147377291,48.921160102851495],[-54.588081973747073,48.920210754822172],[-54.586467457462916,48.919151336205374],[-54.5862691667744,48.919021198830173],[-54.585977980374153,48.918556265254189],[-54.585424239267823,48.917869572728421],[-54.584611629779317,48.91716890615583],[-54.584130817434094,48.916654876923758],[-54.582284363957214,48.915311955753367],[-54.581738286419274,48.914743149195182],[-54.581559193100311,48.914514310485124],[-54.581313379201006,48.91365421350568],[-54.580926816015619,48.913187194264495],[-54.580544202593181,48.912918079607465],[-54.579367998932725,48.912390071824575],[-54.578845371496406,48.912199264045114],[-54.578657870844857,48.912123205829786],[-54.577051139195795,48.910901869533674],[-54.575719847696547,48.909352949931659],[-54.575115456841665,48.908872428668687],[-54.573948614539745,48.908164609269406],[-54.573822001744936,48.907963391311817],[-54.57325095678673,48.907367254707722],[-54.572705841867212,48.907058330139549],[-54.572282405509448,48.906788677964506],[-54.570839043613617,48.906164642172214],[-54.56891833332223,48.904963575655295],[-54.566220224258672,48.90290023611972],[-54.565503507169112,48.902489313955321],[-54.564900269682717,48.902260570252963],[-54.564227911097923,48.901778242893926],[-54.563842050640666,48.901580978039192],[-54.563276803936198,48.901407557531797],[-54.562294849957844,48.90082873243265],[-54.562033819383139,48.900607834909415],[-54.561635215120177,48.900094733911978],[-54.560475026650984,48.899548739305132],[-54.560256983288724,48.899256428435294],[-54.559895516243962,48.899113413335719],[-54.558738382545684,48.898225689930065],[-54.558167124771643,48.898168185834194],[-54.557818506524292,48.8980532083486],[-54.556818839936696,48.897573039352288],[-54.556065090237368,48.89707975223628],[-54.555503728572397,48.896537611740278],[-54.555090673838308,48.89633997527681],[-54.553565643706058,48.895443989710543],[-54.553186751271419,48.895102879969009],[-54.552478307036395,48.894790909100522],[-54.550753386925841,48.893782655616882],[-54.550428780367831,48.893452110604791],[-54.550071346265362,48.893219182224705],[-54.549416938388752,48.892926757892127],[-54.548465247578619,48.892303223243751],[-54.547815562124143,48.89166010454268],[-54.547611780622127,48.891349961518884],[-54.547389909557218,48.89114661193107],[-54.546868403555038,48.890928694487052],[-54.54656792173116,48.890661395139752],[-54.546056611351169,48.890515548137515],[-54.544375512687672,48.889463686022836],[-54.540739678080151,48.887631617749527],[-54.539863374239516,48.887423566283388],[-54.539105471138981,48.88731773638029],[-54.537974515902249,48.887284514527927],[-54.53754130936921,48.887221462728903],[-54.536843509235254,48.886972482533253],[-54.535292379769473,48.886057035329458],[-54.534913954490683,48.885986573882711],[-54.534216183968311,48.885737579534641],[-54.532276610429598,48.885237147002989],[-54.531430138540877,48.885142165538561],[-54.531083196480765,48.885103233759942],[-54.530381165884549,48.88495398993183],[-54.529301848193953,48.884975302477038],[-54.526402206449852,48.884571340888016],[-54.525465059569903,48.884488311902516],[-54.524557871151373,48.884360688234715],[-54.523828899934117,48.884201166081922],[-54.523393588369899,48.884165013777569],[-54.523137616025011,48.884105075651014],[-54.522537190673837,48.883841067257848],[-54.522080810575901,48.883686825058255],[-54.520094376804238,48.883302502218427],[-54.519631304831002,48.883283067784632],[-54.518479370517682,48.883132469550674],[-54.517992528125916,48.883040771745179],[-54.517589609451264,48.882924075050497],[-54.517071481887925,48.882921907716884],[-54.516724068089992,48.883049642412743],[-54.515609739537538,48.883241251897793],[-54.514585730519613,48.88323795879564],[-54.512097604915446,48.882805661849467],[-54.511388405540039,48.882809097420292],[-54.511266841439145,48.882769754291679],[-54.510887413511959,48.88273517835853],[-54.510107677605234,48.882771867374984],[-54.508873383927693,48.882915996875688],[-54.507491573285847,48.882976360046975],[-54.506513597721494,48.882892644583478],[-54.505933018751726,48.882789793349787],[-54.505421911408604,48.882643769874932],[-54.504864393142874,48.882316372156964],[-54.503781192346722,48.882149430263738],[-54.502883957316001,48.882102708007793],[-54.501511201749487,48.882271036327538],[-54.500513698584719,48.882294040511297],[-54.50010701369871,48.8822590751885],[-54.499999366503978,48.882210906193194],[-54.499637902915829,48.882077593575829],[-54.49946670490251,48.88196564401597],[-54.499238820914073,48.881879938506025],[-54.498980719684198,48.881846901692512],[-54.498053594062839,48.88211542507274],[-54.497520774222835,48.882148952266114],[-54.497044362888154,48.882120259487408],[-54.496532748153349,48.881992174877318],[-54.496089806837986,48.881847899972179],[-54.495576027989458,48.88174676337929],[-54.495316852879249,48.881749675253239],[-54.495178397157034,48.881773949895404],[-54.494701181087109,48.881772216433454],[-54.493873163218801,48.881691253544098],[-54.49341904476487,48.881510844022834],[-54.492812870834086,48.881353630131166],[-54.492676614700954,48.881350052208411],[-54.491660593898935,48.881490552223653],[-54.490817116871163,48.881697157351972],[-54.490213452880639,48.881773790994892],[-54.489641385757444,48.881751909967598],[-54.488833536216895,48.881545264841101],[-54.488534250878395,48.881521553426381],[-54.48787685630527,48.881299789401638],[-54.487098682303767,48.88078774036866],[-54.485875497308832,48.880698833748113],[-54.485569958912521,48.880521248480242],[-54.485309977289937,48.880551106676336],[-54.485155171488614,48.880620120409539],[-54.484966874428032,48.880849682557326],[-54.483981935429796,48.881179386700978],[-54.483599595159156,48.881467547154237],[-54.483334701528477,48.881569287133644],[-54.482503989569594,48.881533172797184],[-54.482284592682284,48.881573453454415],[-54.48220035402327,48.881608319116232],[-54.482081013743858,48.881811800107798],[-54.481899756872885,48.881898451666672],[-54.481692079771555,48.881956873910532],[-54.481391467249743,48.881977194140191],[-54.481095212092562,48.881898645923251],[-54.480895432918167,48.881786292757525],[-54.48072537374582,48.881638357917183],[-54.48068638206302,48.881350051152126],[-54.480598624090177,48.881186110962446],[-54.480347352442216,48.881018216124644],[-54.479777728729843,48.880961244035475],[-54.479143255279219,48.880839557088862],[-54.479007003116749,48.880835959448618],[-54.478568754441881,48.880853561460995],[-54.478361078429678,48.880911976809607],[-54.478054195450895,48.881049122924225],[-54.477809445401796,48.881026103960025],[-54.477499297243028,48.880956355790396],[-54.477363021519224,48.880953657562699],[-54.477061864797939,48.880991950851303],[-54.47667104053015,48.881154066140979],[-54.476373689514766,48.881381272223805],[-54.476079842255153,48.881807277383366],[-54.475895872128277,48.881937951681032],[-54.475201688677863,48.882165301986333],[-54.474684101130102,48.882414772539285],[-54.474176560125599,48.88273721849],[-54.474092860146513,48.883067972058662],[-54.474017900871864,48.883200981722872],[-54.473875334473504,48.883315112175524],[-54.473440311773693,48.883539588893477],[-54.473135309515904,48.883658760918351],[-54.472494532810721,48.883653870452285],[-54.47210941345152,48.883717115045144],[-54.471674691510927,48.883662789608117],[-54.471374064791547,48.883683087585766],[-54.470904994094219,48.883771296451648],[-54.469612439316471,48.884255985881282],[-54.469046019607696,48.884405853215483],[-54.468040730257322,48.884860162484927],[-54.467191895882813,48.885192434952181],[-54.466248476569817,48.885495559780807],[-54.46527997022865,48.885771364251696],[-54.463637931500109,48.886130818335438],[-54.462889110394514,48.886357367829518],[-54.461757747843798,48.886872895338477],[-54.461330314554409,48.88698050996576],[-54.460319075645607,48.887002986401846],[-54.459855997834133,48.886983307492521],[-54.459419329044486,48.886991865902282],[-54.458512989493165,48.887106559709721],[-54.457808018945165,48.887280600290012],[-54.457005739563314,48.887514490024572],[-54.455918212702876,48.887976586673119],[-54.453338119557472,48.889340498584602],[-54.452183211319451,48.889773774354275],[-54.451646422437982,48.88988798054563],[-54.450781718048532,48.889977091665031],[-54.449840469186277,48.889983326072731],[-54.449523407940553,48.890048312671134],[-54.449411066067178,48.890108856467357],[-54.44940499913421,48.890216698633822],[-54.449237322201675,48.890302578612776],[-54.449101574829555,48.890281867297823],[-54.448920423696435,48.890097760386787],[-54.448870592650842,48.889989169115871],[-54.448134420149792,48.889450442497477],[-54.447824544586261,48.889371624628467],[-54.447674610601233,48.889368703360518],[-54.447381786890638,48.889487975852994],[-54.446885152801315,48.889054092450209],[-54.446871799091049,48.889044919009528],[-54.446962113232075,48.888903136920064],[-54.446955556928415,48.888498342796872],[-54.446837350615638,48.888396022195877],[-54.446543590218774,48.888281441326789],[-54.446534105545496,48.88819138046636],[-54.446775990469426,48.887999478734706],[-54.44695115678573,48.887759912152376],[-54.44695077606265,48.887508086984063],[-54.446701198338808,48.88733205140516],[-54.446705903840531,48.887224190064799],[-54.446880234845317,48.887011594011319],[-54.446863742122012,48.886795524802842],[-54.446509877029314,48.886508362465818],[-54.446202224345363,48.886402589969649],[-54.445763082204756,48.886447033150766],[-54.445572848224394,48.886424684068189],[-54.445241241175651,48.886255629412332],[-54.445245669815556,48.886156759199629],[-54.44516022009261,48.88596584451134],[-54.444962987874199,48.885817489893114],[-54.444445035451707,48.885545191406514],[-54.444057017284173,48.885392459839508],[-54.443746334077687,48.885340601306289],[-54.443491544411167,48.885245427357752],[-54.44298751626782,48.884964321723544],[-54.442705135269584,48.884616053843892],[-54.44245776976981,48.884106374352747],[-54.442194317148775,48.88393913463235],[-54.441546856039601,48.883798176182815],[-54.441247896013913,48.883764454258163],[-54.440981481010624,48.883911945611025],[-54.44093478997285,48.884010244160827],[-54.440796855668118,48.884060542322196],[-54.440507647193527,48.884107891113125],[-54.44006746925011,48.88444908838801],[-54.439606669451948,48.884664092528375],[-54.43932859906085,48.884747565644744],[-54.43924376705035,48.884800381447413],[-54.438721476588015,48.884887739324199],[-54.437679683123179,48.8849725567391],[-54.437350682109951,48.885027453302037],[-54.437197158464798,48.88509642343265],[-54.436880449988095,48.885413198523928],[-54.436661659354328,48.885957038876164],[-54.436397186584138,48.886041589512608],[-54.4359388167845,48.885958928538997],[-54.435383907090397,48.885605146973454],[-54.435289075560803,48.885584972187942],[-54.434893550754722,48.885324187203182],[-54.434595665946254,48.884993676935707],[-54.434319759622781,48.884789372222343],[-54.433968191665024,48.884736931278823],[-54.433066012358758,48.884761548970118],[-54.432418286546273,48.884891246250319],[-54.43190600437535,48.885050659200132],[-54.431423223024836,48.885138522297687],[-54.431370622308016,48.885119819446068],[-54.431300290967876,48.885144944204455],[-54.430987416542614,48.885120000298301],[-54.430506277549469,48.885198890773914],[-54.429127926154877,48.88575300797833],[-54.428409534154127,48.885917693576168],[-54.428269655515997,48.885985934674181],[-54.428184250304163,48.886317532926597],[-54.428030180859437,48.886403567475917],[-54.427290361428149,48.886468124273939],[-54.427114338470801,48.886427952616046],[-54.426810902807823,48.886232248059343],[-54.426336679827422,48.88617721142306],[-54.425693142533795,48.885955277655405],[-54.42521451684425,48.885693322939147],[-54.424889408167367,48.885406484936283],[-54.424720887461234,48.885214416366523],[-54.424649711560477,48.885005694966814],[-54.424479526607271,48.884866668241784],[-54.424250907858131,48.884807782635114],[-54.424118248010871,48.884733120853518],[-54.423991733934855,48.884549723976811],[-54.423896921896869,48.884268728424239],[-54.423726147795577,48.884148577247473],[-54.423509547201007,48.88409794913818],[-54.422912983730392,48.884031332745579],[-54.422449104262071,48.884038476712618],[-54.421863390808909,48.88401697088505],[-54.42158056874144,48.88394744600226],[-54.421317784301515,48.883761277968176],[-54.421086708856784,48.883477514517431],[-54.420797235572863,48.883272993022551],[-54.420649021075612,48.883216100292159],[-54.420310294491259,48.883189875329961],[-54.420021073958004,48.883237175619513],[-54.419449244014025,48.883467665819424],[-54.419326031379214,48.883483063972626],[-54.418886611786398,48.883536396964324],[-54.418514490332655,48.883617631856637],[-54.418116809336126,48.883644551944208],[-54.417931881339364,48.883541287298641],[-54.417847645571705,48.883315292897215],[-54.416948655266019,48.882764235172118],[-54.416820241181512,48.882598789670979],[-54.416856951975689,48.882429315580715],[-54.417045592535807,48.882198973906426],[-54.416957189547226,48.882061957026274],[-54.416691053222777,48.88193958719193],[-54.416555376338017,48.881917935817384],[-54.416415180903293,48.881996052431425],[-54.416241020172329,48.882199616563909],[-54.415916704851945,48.882408305828591],[-54.415316560270163,48.88241264793318],[-54.414740609059287,48.882471282373984],[-54.414311821214248,48.882317893838021],[-54.413920292292701,48.882236958281119],[-54.413212274722703,48.882202936017777],[-54.412521497182155,48.882098093330015],[-54.41170255210875,48.881863772379575],[-54.410805367065578,48.881258730637036],[-54.410802666473877,48.881042850109282],[-54.410716498028201,48.880878879195265],[-54.410239676296086,48.880606994000168],[-54.409843899323363,48.880058324372136],[-54.409257027918549,48.879559180687764],[-54.409240418131809,48.879352096991774],[-54.409148682788008,48.879277984849907],[-54.408809735328468,48.879216647144311],[-54.408676573425858,48.879159048211172],[-54.408549814109882,48.87898552206785],[-54.408530983844891,48.878805391435492],[-54.408377568802585,48.87861260801936],[-54.407227731504513,48.877894327993161],[-54.40650175383643,48.877698130945689],[-54.406195664685292,48.877547302865871],[-54.4058545855451,48.877296164016045],[-54.40541993489046,48.876728951365926],[-54.404485108371709,48.876069382253618],[-54.403684438207435,48.875736326282706],[-54.403009939693405,48.875594779813248],[-54.402522821065268,48.87552057633448],[-54.401787494062404,48.8752342830701],[-54.40136525838701,48.874964018682178],[-54.401339719588591,48.874909701087212],[-54.400758368007182,48.874284677398911],[-54.400073485693007,48.873828194214404],[-54.399897091717548,48.87354514678659],[-54.399897232037901,48.873284334030316],[-54.399674366776814,48.87309057430079],[-54.398764929044184,48.872494264383555],[-54.397767454116973,48.872264561309187],[-54.397590637742212,48.872251307551871],[-54.397389368461319,48.872192749564952],[-54.397126703945659,48.872007429344023],[-54.397117463950899,48.871656551453079],[-54.397193786900644,48.871486734685995],[-54.397119372357807,48.871340898858691],[-54.397125542157852,48.871233064572493],[-54.397235833604647,48.87093870873742],[-54.39706869478659,48.870494799064602],[-54.396927038753624,48.870320153890454],[-54.396542950320679,48.870095365288194],[-54.396249700730941,48.869971673159398],[-54.39568219195818,48.869599536618793],[-54.395479786947178,48.869576931906138],[-54.395423079367504,48.869602223716122],[-54.394961819815236,48.869574217792625],[-54.394615828585607,48.869394924378859],[-54.394303236410622,48.869109072190263],[-54.394177009364938,48.868665728376321],[-54.393949823017685,48.868310013605104],[-54.393633608044802,48.868095157477811],[-54.393139678067271,48.867895810182574],[-54.3928754300481,48.867718550086487],[-54.39274245986784,48.867401020863163],[-54.392562749634685,48.867180869318808],[-54.39221958231937,48.866956640833315],[-54.391920182002089,48.866940775898442],[-54.391864814275309,48.866966983687114],[-54.390969411522057,48.866874443362121],[-54.390700615678568,48.866796947241646],[-54.390394639176712,48.866646077943649],[-54.390289907227277,48.866553778777948],[-54.390065014320221,48.866170209148912],[-54.38941374106706,48.865310318176178],[-54.388623493932094,48.864788437721835],[-54.386374807265625,48.863711925628607],[-54.385800410896131,48.863473645618583],[-54.385429182307682,48.863275983274491],[-54.384919213250114,48.863111451812358],[-54.384037205981997,48.86302894063278],[-54.383605313971067,48.862937449053057],[-54.382586448669684,48.862618273143518],[-54.382228863340345,48.862420791747454],[-54.381278458855988,48.861796781570312],[-54.380706346548521,48.861531529086548],[-54.380327781069759,48.861477645300674],[-54.379755985789856,48.861456118808263],[-54.379446680090389,48.861368132100857],[-54.378931863679128,48.861059606979715],[-54.378421358247657,48.860913024519107],[-54.377565021018071,48.860838920194603],[-54.377282072163013,48.860779175852741],[-54.37656357886835,48.860699808446363],[-54.376160889912477,48.860591609731365],[-54.375777553272975,48.86034877897221],[-54.375402962747344,48.859962168413169],[-54.374941021237788,48.859663367309494],[-54.374509445786195,48.859563746815667],[-54.373963465752524,48.859587523148797],[-54.373453879417021,48.85966577511283],[-54.373228255489458,48.859561862463259],[-54.373110236945116,48.859460366884768],[-54.373106532182021,48.859280442533255],[-54.373361906811262,48.859096978262819],[-54.373370171259047,48.858926217728758],[-54.373457816535868,48.858829424171894],[-54.373829843962874,48.858747434708718],[-54.374333779976084,48.858759040127623],[-54.374656979469819,48.858838243868391],[-54.375030947019987,48.85899101270558],[-54.375423395509465,48.859036116642947],[-54.375812130228681,48.858901294663966],[-54.375890737015148,48.858704538801234],[-54.375866887462131,48.8586412491019],[-54.375311569334308,48.858322244232589],[-54.374906633606621,48.85824188946183],[-54.374566741610892,48.858215513027837],[-54.373842922686457,48.857965173755431],[-54.373450192297554,48.857929055146307],[-54.372841292915197,48.857834122253166],[-54.37250020322633,48.85784459783622],[-54.372234901239551,48.857955968738729],[-54.37215601146665,48.857908985259947],[-54.371856666170274,48.8578930678623],[-54.371281541190875,48.857933508594769],[-54.370971399199178,48.857872466154447],[-54.370851925654527,48.857815914967588],[-54.369939414029254,48.857794919429992],[-54.369590151883699,48.857679359625322],[-54.369522064874005,48.85767749747118],[-54.369415048379615,48.857908917859291],[-54.369071138424815,48.857964310611322],[-54.368570325009017,48.857898767343748],[-54.368474992464279,48.857896514550141],[-54.368460785452761,48.857914304824178],[-54.367995474363347,48.857679276333812],[-54.367614129578818,48.857670278324406],[-54.3666295664719,48.857709588324042],[-54.3658450778318,48.857081312243182],[-54.365159414740887,48.856372787651509],[-54.361928984571726,48.853248405320102],[-54.361770432560284,48.85313732890971],[-54.361668609087502,48.853000078432778],[-54.359956860673563,48.851331698881047],[-54.358269015796964,48.849727485513668],[-54.35792155923837,48.849351098794052],[-54.356455666558134,48.847922700488283],[-54.356394434812621,48.847795016526355],[-54.35605182903435,48.84756259139256],[-54.352900492388038,48.844511925926895],[-54.352242389126225,48.843804610333791],[-54.351399696606236,48.842993023658252],[-54.350526363828649,48.842243948881567],[-54.345663462282275,48.837526328777606],[-54.3453165077824,48.837140016519299],[-54.345068458158622,48.836935896520451],[-54.33936486084805,48.831388401258586],[-54.33723013261281,48.829279282683842],[-54.310338626267608,48.840692788192278],[-54.3196256368389,48.847594020575627],[-54.330596474582919,48.85559500652117],[-54.331790172674111,48.857241938254901],[-54.332868963678401,48.859273022599119],[-54.334393784011908,48.861872642181446],[-54.335558960473506,48.864058737216226],[-54.336625653335545,48.865558986191665],[-54.336627671265362,48.866279406378283],[-54.336728820326044,48.867217101432388],[-54.33668653693686,48.867998937272269],[-54.336789645974427,48.868630879266618],[-54.292054895811873,48.941112770939462],[-54.292377953606326,48.941687749267544],[-54.29245527311349,48.942022554625808],[-54.292542544903007,48.942185730521125],[-54.292721764851855,48.94241502078814],[-54.2929834447148,48.942628446024941],[-54.29318258880992,48.942714134320468],[-54.293399025648412,48.942773098479478],[-54.29353545411572,48.942776015366249],[-54.29437586819575,48.942633758604103],[-54.294390826079621,48.942355182114355],[-54.294813732984977,48.942365030176283],[-54.294809803431463,48.942680650023291],[-54.295215278885621,48.942761290825786],[-54.295570264159529,48.942761139087317],[-54.295708980913794,48.942737108408053],[-54.295993173245336,48.942770987359445],[-54.296260962608002,48.942885567487153],[-54.296584801933065,48.94319882841117],[-54.297024484042325,48.943919408851457],[-54.297399072024966,48.944306268932692],[-54.297874645109829,48.944614573885673],[-54.297730892458254,48.944746453554188],[-54.297569334539141,48.945200943137237],[-54.297214539614565,48.945957456206052],[-54.296960642863688,48.946356617842071],[-54.296664840478321,48.947024067301797],[-54.296127797952018,48.948640365605904],[-54.296201257736634,48.949289888429696],[-54.296642315527052,48.951495320467508],[-54.296562584463672,48.951951915254988],[-54.295752329401992,48.952527221173732],[-54.295154140696241,48.953250454096349],[-54.295429523595594,48.955227706442848],[-54.293165187526917,48.958431888271299],[-54.292713470809232,48.959222027577809],[-54.292809981512931,48.960195656402995],[-54.293087687138126,48.960382336104608],[-54.293230181446773,48.960529239738115],[-54.29344461918744,48.960848988110264],[-54.293754903036529,48.96116205426366],[-54.294100846517239,48.961350640302356],[-54.294452173774587,48.961421488816221],[-54.294916774980521,48.96141486894043],[-54.295138337097761,48.961365981264521],[-54.295369733806837,48.961389189596503],[-54.29633759393856,48.96192511467504],[-54.29633057289962,48.962050921491276],[-54.29666383080616,48.962211430165453],[-54.296806335358895,48.96235832962919],[-54.296842832759069,48.962449703804495],[-54.296768204423643,48.962555626795584],[-54.296447598607777,48.962665109071381],[-54.296403135824725,48.962727405604973],[-54.296575532675568,48.962838774189983],[-54.296836046765044,48.96280934734132],[-54.297031229436477,48.962733082555722],[-54.297238531091352,48.96270197211593],[-54.297415056227493,48.962732456408673],[-54.297757070997285,48.962956946034737],[-54.298105283333292,48.963360498192664],[-54.298456536962085,48.963675058307857],[-54.298674224264246,48.963940881476653],[-54.298710453398655,48.964040344882278],[-54.298570386911507,48.964343157040283],[-54.298484695265635,48.964412943630258],[-54.298148898581466,48.964567173603697],[-54.298101230687671,48.964683386750522],[-54.298474385734721,48.965358009201665],[-54.298653714182976,48.965587292794787],[-54.298850816981052,48.965735894382547],[-54.299267826243081,48.965844572643867],[-54.299843971444574,48.965812593330874],[-54.300423279403589,48.965727601052564],[-54.300707944262598,48.965751579482081],[-54.300919288335692,48.965883302610536],[-54.301061509693774,48.966039186337142],[-54.301068158428372,48.966165193634374],[-54.300852611732758,48.966358078700836],[-54.300720926126566,48.966535109123122],[-54.300808844783447,48.966681198810491],[-54.300925596949597,48.966782744397243],[-54.301536039718393,48.966626257908977],[-54.301697862322669,48.966647526412103],[-54.302140942005899,48.966793450151442],[-54.302398756368213,48.966844013295137],[-54.303614747069922,48.966593895395306],[-54.304131160842189,48.966390144457598],[-54.30444382335822,48.966676236759987],[-54.304671102162978,48.967023132420046],[-54.304680303580476,48.968121373633181],[-54.304397442055311,48.968285393190548],[-54.303928942220494,48.968364842814118],[-54.302765591167521,48.968390897555857],[-54.302407500813018,48.968436891266606],[-54.302197125921218,48.968557904100962],[-54.302228191967394,48.968729237841131],[-54.302456088757197,48.968816231072374],[-54.302930942151029,48.968871787418259],[-54.303196612370876,48.969013294997417],[-54.303631874171415,48.969068262645678],[-54.304046380694295,48.968970033714847],[-54.304369247076032,48.969076410035683],[-54.305671643293714,48.97051022760585],[-54.306577934814904,48.970936337973193],[-54.307095383282345,48.971227231058521],[-54.307575376849833,48.971454618365279],[-54.30902482643986,48.971938141526479],[-54.30944161013344,48.972055772532606],[-54.309666348560839,48.972196666636094]]]},"properties":{"OBJECTID":51,"MUNICIPALI":"Gander","MPAB_LINK":"http://www.assembly.nl.ca/Legislation/sr/Regulations/rc960852.htm","OLR_LINK":"https://www.gov.nl.ca/mpa/registry/community/Gander","GOV_LEG":"http://www.assembly.nl.ca/Legislation/sr/statutes/u08.htm"}}]}