{"type":"FeatureCollection","features":[{"type":"Feature","id":1,"geometry":{"type":"Polygon","coordinates":[[[-81.255815922403698,42.976921764445862],[-81.255828563264714,42.977065904596408],[-81.255805611604117,42.977330267021436],[-81.255782714448458,42.977606642139484],[-81.255700156729816,42.978003293248221],[-81.255652883092608,42.97820764217672],[-81.255629666719699,42.978411933752064],[-81.255640138713133,42.978460350705085],[-81.255926046752634,42.978381819319715],[-81.256032235850583,42.978352663702523],[-81.256261274812019,42.978289906866934],[-81.256685523154985,42.978173660114315],[-81.257111053215397,42.978057231507577],[-81.257731367699549,42.97788787294882],[-81.258211610545374,42.977757024111291],[-81.258659375770705,42.977639947944198],[-81.259114871289341,42.977535291298345],[-81.259458574917531,42.977460428496762],[-81.259591917777669,42.977432540777833],[-81.260017279835637,42.977350939849288],[-81.260072325987224,42.97734037965752],[-81.260377728939062,42.977288787497351],[-81.260798784416551,42.977220865035086],[-81.261028824104486,42.977187206326136],[-81.261112832763814,42.977176029369453],[-81.261157645573448,42.977170152149682],[-81.26126068313512,42.977156638962946],[-81.261439784465395,42.977133680302316],[-81.261805048460673,42.977093846959406],[-81.262090314467528,42.977063845540847],[-81.262292731795398,42.977046670176129],[-81.262460109738598,42.977032497865217],[-81.262656376159157,42.977015839347317],[-81.263028084686809,42.976984640334422],[-81.26332263983285,42.976964743459305],[-81.263653573105572,42.976947564432976],[-81.263981086018504,42.976932170849672],[-81.264171090492994,42.976924586930451],[-81.264333524942188,42.976920078580584],[-81.26458405900128,42.976914276770771],[-81.26482137609608,42.976908780548726],[-81.26515786903866,42.976900987458464],[-81.265355273970457,42.976896954960758],[-81.265628544962823,42.976899589982388],[-81.26595757203242,42.976902762094589],[-81.26631973560491,42.97690625239315],[-81.266505427673536,42.976908043561188],[-81.26672014888257,42.976916655706653],[-81.267060613557547,42.976930307873261],[-81.267273910797059,42.976938859266305],[-81.267498546984243,42.976947863736527],[-81.267570880066017,42.976952834796208],[-81.267768113936768,42.976966754749469],[-81.267973510922516,42.976981249590182],[-81.26812198142872,42.976991722459417],[-81.268318024233494,42.977005534392369],[-81.268484430420671,42.977017258782197],[-81.268563777988362,42.977024877376401],[-81.268728623002474,42.977041659648663],[-81.268899061791259,42.977059010273472],[-81.269144949901332,42.977084042029865],[-81.269322375219033,42.97710210411033],[-81.269476090903112,42.977117751631972],[-81.269594982133256,42.977134397695572],[-81.269922289051806,42.977180254840334],[-81.270246890777088,42.977225784246144],[-81.270482588206846,42.97725884364047],[-81.270647912554949,42.977282031859858],[-81.27076879414912,42.977302701788886],[-81.271045639826482,42.977350040253242],[-81.27148619114655,42.977425370422516],[-81.272063877768858,42.977529546913246],[-81.272574685717785,42.977622590046288],[-81.273133950662299,42.977724095357438],[-81.273945779004691,42.977870055369166],[-81.274522783823386,42.977973762709837],[-81.275131532040945,42.978083289196142],[-81.275205424922177,42.978025348219887],[-81.275297615388908,42.977952427297659],[-81.275385432918341,42.977882965782079],[-81.275439154583779,42.977852019200689],[-81.275545143279729,42.977790965138631],[-81.275618555890759,42.977748675947431],[-81.275743312935646,42.97767680908472],[-81.27578089498158,42.977664078956565],[-81.275954100385221,42.97760541099538],[-81.276068371788497,42.977554862562769],[-81.276239507430901,42.977479160572763],[-81.276475657343155,42.977419569058334],[-81.276733291392617,42.977354556264132],[-81.276923418868336,42.977311858825821],[-81.277838232423264,42.977162917912004],[-81.280297188133673,42.976824246669871],[-81.280882131257485,42.976743673965757],[-81.280894736645635,42.97674160607427],[-81.282962109038294,42.976402386224507],[-81.283790644509381,42.976246758079768],[-81.283803637971687,42.976244316093627],[-81.284260475381913,42.976159200722662],[-81.284443294685261,42.976129054872736],[-81.284777467872587,42.976073951891991],[-81.285162330349578,42.976037052491094],[-81.286270853509393,42.975971127144255],[-81.287353485037443,42.975920435097905],[-81.288087013090859,42.975834389779536],[-81.288248899277093,42.975792524441438],[-81.288603732071635,42.975700759642521],[-81.288648315211219,42.975685374536354],[-81.288745298039771,42.975651908231711],[-81.289060155981275,42.975543250183236],[-81.289420205332135,42.975361989373717],[-81.289803970291985,42.97510857236918],[-81.290079295516364,42.974819415641527],[-81.290237837526931,42.974476185078601],[-81.290248381507496,42.974427626126065],[-81.290268562672196,42.974163786038702],[-81.290280039700392,42.974013769376207],[-81.29026516901223,42.973400990294238],[-81.290254181886809,42.972977157671153],[-81.290250529689047,42.972836297934982],[-81.290244418793364,42.972638861614513],[-81.290236399245813,42.972379763013819],[-81.290271216797308,42.972103339774584],[-81.290378218556697,42.971826740618866],[-81.290521584385175,42.97161012407549],[-81.290682891055084,42.971476546707152],[-81.290725322316334,42.971441408993861],[-81.290989427420399,42.97132059506837],[-81.291349878449054,42.971223564627515],[-81.291990022370399,42.971124688875619],[-81.291994627688752,42.97111107397933],[-81.292051410632993,42.970943269812416],[-81.292155716624549,42.970635010181553],[-81.292218534235843,42.970448510272867],[-81.292293040343353,42.97022731072385],[-81.292311975153112,42.970171095569413],[-81.292525146700498,42.969774869130234],[-81.292896871473275,42.969221149340783],[-81.293300603405143,42.968619734343982],[-81.293428633274885,42.968346334549118],[-81.29353120638612,42.968127291834598],[-81.293726852041118,42.96738766472626],[-81.293742025970005,42.967014137795843],[-81.293746939069848,42.966893206024963],[-81.293750330727562,42.966809703501269],[-81.293746464370059,42.966792410954874],[-81.293746295483061,42.966756401650024],[-81.29372179713296,42.966360796830593],[-81.293560466551398,42.965750748837237],[-81.293036448178853,42.963616040041892],[-81.292998090595347,42.963440317350653],[-81.292908463272795,42.962913033628958],[-81.292892435728731,42.96268618287322],[-81.292888534375209,42.962630130439706],[-81.292909269135066,42.962489737636204],[-81.292926348406638,42.962374085004662],[-81.292950004166599,42.962213911218882],[-81.293057284365233,42.961879616025008],[-81.293316149356642,42.961224317718383],[-81.293456949332992,42.960757354339748],[-81.293513115302773,42.960551549015314],[-81.293529163651087,42.960318415059916],[-81.293535596856302,42.96002927932912],[-81.293537403053989,42.959939047628879],[-81.293533761526504,42.959850301338115],[-81.293524074041841,42.959614226528522],[-81.293516917374291,42.959439831381268],[-81.2935011769531,42.959273139628863],[-81.293495739275372,42.959215590864254],[-81.293394392044021,42.958887830942622],[-81.293365969568313,42.958795917096289],[-81.293252647886405,42.958518014103667],[-81.293211962679123,42.958443605219479],[-81.293163964498561,42.958355820790054],[-81.293088790513352,42.958230666114318],[-81.293057642926769,42.958180779888146],[-81.292945523400647,42.958001207920326],[-81.292915985796213,42.957953900210249],[-81.292888368076476,42.957909668241669],[-81.292867593766616,42.957879327211856],[-81.292830693489549,42.957831399850761],[-81.292749967538555,42.9577265477472],[-81.292690958549613,42.957653276952406],[-81.292664351959957,42.957623915248604],[-81.292533091668105,42.957479060724701],[-81.292473691233738,42.957418814964655],[-81.292226727721825,42.957175790628334],[-81.291926756946609,42.956880600823048],[-81.291764213264727,42.956720646990433],[-81.291604117861652,42.956563100066191],[-81.291579456230821,42.956538831866801],[-81.291573359584007,42.956531098462634],[-81.291542960275677,42.95649254468799],[-81.291371150013887,42.956274633309988],[-81.2913154454329,42.956191176651828],[-81.291296473858466,42.956161438587181],[-81.291214494903585,42.956032940124118],[-81.291125114052903,42.955854569173027],[-81.291091538619781,42.955773574858519],[-81.291053443300072,42.955662194228552],[-81.290987720965489,42.955432244514213],[-81.29093516365424,42.95524835687786],[-81.290919075712793,42.955191739134968],[-81.290897109835754,42.95510349131294],[-81.290661166162906,42.954155558735238],[-81.289734943529268,42.954336818593148],[-81.289610162565154,42.954361586059512],[-81.289475157493072,42.95439038473868],[-81.289346364158575,42.954417857307035],[-81.288476822442163,42.954603336595753],[-81.288232224769061,42.954655509967424],[-81.287930614431673,42.954719806695941],[-81.287587212508896,42.954793025480178],[-81.287215164939866,42.954865972916096],[-81.28719298001495,42.954870505040809],[-81.28702622737076,42.954904571048829],[-81.286944395465639,42.954921288962133],[-81.286886866183011,42.954933041703924],[-81.286866823401439,42.954937136149262],[-81.286753516235535,42.954960284136462],[-81.286343573102968,42.955023193763999],[-81.28593708506493,42.95508555388372],[-81.285844053938135,42.955094453693498],[-81.285425543403065,42.955140718287467],[-81.285399075303175,42.955143526351449],[-81.284804709813329,42.955207562812191],[-81.284294855667198,42.955262491934612],[-81.2837823047862,42.955317710034372],[-81.283153221018779,42.955385478276305],[-81.283084251988242,42.955392909714845],[-81.281867794940425,42.955556300576902],[-81.281081469700297,42.955661911359243],[-81.281069481978491,42.955663521199284],[-81.281002031150535,42.955671170983095],[-81.280152326218115,42.955763968931514],[-81.279507256672161,42.955834414578355],[-81.278501848341449,42.955937445506585],[-81.277571389204041,42.956028246896359],[-81.276601003651351,42.956115134416038],[-81.276101627396045,42.956157040604793],[-81.275594194053255,42.956190618937335],[-81.275164379687894,42.956219061932764],[-81.273999643425526,42.956277446453676],[-81.272823983670705,42.956336368358301],[-81.272413033650352,42.956343069849041],[-81.271659145531203,42.956366191975278],[-81.27091332877923,42.956394612080203],[-81.270272308840688,42.956427265405523],[-81.26923864600235,42.956493303816458],[-81.268871043542646,42.956501693458669],[-81.268562697629832,42.956508729015539],[-81.268474126765611,42.95651081795944],[-81.268228333145785,42.956522761382459],[-81.267630773496805,42.956551732928929],[-81.265752539960175,42.956621427750683],[-81.265431591429049,42.956634843570619],[-81.264217787103505,42.956685572640637],[-81.263510818063168,42.95671782341158],[-81.262167551995162,42.956779089165138],[-81.260511279841893,42.956855014421834],[-81.257466481754406,42.956997381390579],[-81.257459252123851,42.956997715533362],[-81.253662173836659,42.957170820522379],[-81.251912807684889,42.957249796624204],[-81.250911252576969,42.957326677914168],[-81.25043109989177,42.957378839031669],[-81.250311046891113,42.957391881730288],[-81.249563512452553,42.95742338583144],[-81.249527276181226,42.957425816973647],[-81.248412412354995,42.957500571195709],[-81.247216277457696,42.957533032612034],[-81.245960326489865,42.957565610072649],[-81.245303329552172,42.957596473939262],[-81.243629196837162,42.95767708299924],[-81.242899189650061,42.95771562935041],[-81.242145193133055,42.957755438391381],[-81.241935992691481,42.957770559138872],[-81.241764053668675,42.957783190132496],[-81.241540892325204,42.95779958415536],[-81.241495007891984,42.957802955240751],[-81.241338346135365,42.957803638645416],[-81.240381556791391,42.95786378734612],[-81.238407004357242,42.957987896985699],[-81.238139425300488,42.958000324559748],[-81.236840676032458,42.958056164807807],[-81.234926873295265,42.958119852338271],[-81.233604763992361,42.958143975957334],[-81.233567897191691,42.958144649130425],[-81.232160681144819,42.9581703056826],[-81.230877213884725,42.958221853575616],[-81.230235520851508,42.958254786543591],[-81.228316676233987,42.958307629652403],[-81.22620675194689,42.958365699149773],[-81.225076841151633,42.958396780754114],[-81.22356548066179,42.958438336813416],[-81.220133332899934,42.958533305732857],[-81.217520048951584,42.958618846272863],[-81.217249805443942,42.958638757486817],[-81.217027735383311,42.958655826564254],[-81.216962226871885,42.958667791622503],[-81.216686691466435,42.958721278243956],[-81.21650660036191,42.958774583717457],[-81.216290812651295,42.958843679358743],[-81.216434547495894,42.958901435079909],[-81.216591859230519,42.958965638735187],[-81.216907464336643,42.959096784702929],[-81.217091397424554,42.959173610171383],[-81.2172973355637,42.95926696305213],[-81.217427551974424,42.959328725261123],[-81.217516189421758,42.959372087767228],[-81.217633725659283,42.959431220016782],[-81.217761418759736,42.959497635100661],[-81.217850042859624,42.959545072203198],[-81.217977607227596,42.959614829101056],[-81.218061930053082,42.959662104932306],[-81.218150542983821,42.959712842209846],[-81.218229737638865,42.959759135321988],[-81.218332547054871,42.959820496684209],[-81.218440063423884,42.959886325431675],[-81.218562638056341,42.959963768085785],[-81.21868332892673,42.960042709961797],[-81.21877298834201,42.960103019931061],[-81.218863006449865,42.96016485551656],[-81.218987337128098,42.960252449462104],[-81.2191786088665,42.960391982892304],[-81.219317728449795,42.960497934872045],[-81.219449891924199,42.960602913052149],[-81.219665747855274,42.960782836148745],[-81.219980870526584,42.961065967929557],[-81.220123312443022,42.961202983897074],[-81.220162671303711,42.961242167048617],[-81.22026738250409,42.961349070138468],[-81.220414421523273,42.961506801338416],[-81.220544481247202,42.961650539542241],[-81.22070232154816,42.96183613669362],[-81.220830275778169,42.961997589947416],[-81.220905936191556,42.962098542045993],[-81.221015944784057,42.962250737304466],[-81.221115516960097,42.962393968178461],[-81.22124156841582,42.962587350577401],[-81.221413975972382,42.962873139531311],[-81.221612276731335,42.963207242018505],[-81.221904015494118,42.963655994848438],[-81.222196566410318,42.964044064158635],[-81.222364524543593,42.9642465473542],[-81.222668854922588,42.964580933585232],[-81.222893318354693,42.964805625299583],[-81.223200882411774,42.96508832777544],[-81.223479815257747,42.965323864148353],[-81.223546745489159,42.965377848957324],[-81.223550437585871,42.965380916102262],[-81.223595495692948,42.965416718089109],[-81.223658858359343,42.96546641885022],[-81.223780131305205,42.965559094178836],[-81.223944639124397,42.965680628225122],[-81.224130668748714,42.96581711525473],[-81.224156580777006,42.96583608787568],[-81.224423873031768,42.966034177921046],[-81.224896660003651,42.966416628544685],[-81.225077959515957,42.966576975223532],[-81.225335987900365,42.966821111998463],[-81.225440524212601,42.966925436921414],[-81.225576127810641,42.967065900286542],[-81.225854080547364,42.967378191620298],[-81.225991205498175,42.967546155874508],[-81.226056874215928,42.967630097276462],[-81.226127512516214,42.967723612990646],[-81.226193014068272,42.96781303246749],[-81.226277097374037,42.96792935314356],[-81.22633859272679,42.968016954211208],[-81.22643647268093,42.968161952260402],[-81.226512054206879,42.968278610157299],[-81.226600793178179,42.968422554536218],[-81.226828360436983,42.968827807729234],[-81.227016507306459,42.969186581176061],[-81.227105643794943,42.969363236406792],[-81.227266930016299,42.969681347780508],[-81.227449961521899,42.970044882625317],[-81.227785736910164,42.970712487710792],[-81.228021957026272,42.971180755271234],[-81.228304700765776,42.971743561749079],[-81.228591692586662,42.972313280331427],[-81.228845902626304,42.97281817631599],[-81.229032795444269,42.973188462656097],[-81.229786905259729,42.974687489281898],[-81.229911783669849,42.974669102194497],[-81.230016623686083,42.974640309292504],[-81.230378128377168,42.974541019358007],[-81.231084477348276,42.974285305146196],[-81.231536351609961,42.974072483329572],[-81.23207251090065,42.973704096374277],[-81.232482149486771,42.9735478690138],[-81.232835682794331,42.973518895935015],[-81.233184356248046,42.97353062043819],[-81.233231816771237,42.973532213104988],[-81.23368495689283,42.973658434104081],[-81.233897731069021,42.97381339561273],[-81.23406839147269,42.97405320271293],[-81.234182362363399,42.974264874657564],[-81.234423751264742,42.974504540084915],[-81.234778471385823,42.974786354321886],[-81.235019380478477,42.974898874274764],[-81.235543099250748,42.974982564824337],[-81.236191362554138,42.974920808203123],[-81.238509072651055,42.974350952164478],[-81.239600403989414,42.974084491337706],[-81.23997695859552,42.973971120397401],[-81.24030169180206,42.973815050244319],[-81.240668749258987,42.973630639296722],[-81.241007289989028,42.973389778230874],[-81.241075323288172,42.973338529059724],[-81.241402184755302,42.973092295538621],[-81.24143478526878,42.973074659574962],[-81.241769179282471,42.972893753927373],[-81.242134387164597,42.972804313857054],[-81.242530387827983,42.972789359045628],[-81.242884235691989,42.9728451213469],[-81.24326659563998,42.972957334549882],[-81.243507675287148,42.973112221648925],[-81.243720583736291,42.973295422713171],[-81.243905138833611,42.97346455654985],[-81.244033391209769,42.9737044427538],[-81.244133523050621,42.973986774117378],[-81.244190883970788,42.974184429570251],[-81.244177961555209,42.974495252881177],[-81.24417890680013,42.974735410381996],[-81.244265392015649,42.975144915859552],[-81.244365848187059,42.975512009696537],[-81.244451333435123,42.975667226803182],[-81.244579195767329,42.975808229663485],[-81.244820116863352,42.975920739742143],[-81.245046784014221,42.976005021747696],[-81.245358041489013,42.976018489419808],[-81.245669252670737,42.976017829106148],[-81.246022615011285,42.975946441162542],[-81.246206231177709,42.975875413767291],[-81.24636133130511,42.975747938498522],[-81.246502170510098,42.975592239249892],[-81.246713402210148,42.975351628283825],[-81.247079893756364,42.975025922038803],[-81.247390425262793,42.974855731619051],[-81.247743613720615,42.974741957001704],[-81.248111293717969,42.974712909731096],[-81.24842267371973,42.974754616088305],[-81.248691731163731,42.97482466443936],[-81.249060219099306,42.974993382936944],[-81.249372101876304,42.975148085530272],[-81.249542527376349,42.975303092145104],[-81.249684830416498,42.975500541569041],[-81.249827024900554,42.975669736567404],[-81.25005428163351,42.975881123705229],[-81.250281649603053,42.976120764616581],[-81.250480709462209,42.976360474219859],[-81.250722204010003,42.976600090524855],[-81.25108875966211,42.976767376653036],[-81.251245218028586,42.976779046170535],[-81.251520250078386,42.976823161588989],[-81.251857636164658,42.976942558864891],[-81.25212272964751,42.977038085133344],[-81.252447833971132,42.97709743634794],[-81.252748621083327,42.977096772570164],[-81.25304930965531,42.977072078952041],[-81.25337390706747,42.977011289521514],[-81.25361433401477,42.976962702130876],[-81.253782569918073,42.976914270713927],[-81.254034876294611,42.97682961399839],[-81.254287078060557,42.976720927689016],[-81.254539328483261,42.976624253547698],[-81.254791731836548,42.976563624214407],[-81.255032359402023,42.976563088333371],[-81.255200846407234,42.976574725643069],[-81.255369388103617,42.976598379018462],[-81.25550188451372,42.976634125444029],[-81.25561042369236,42.976693954486819],[-81.255743224070017,42.976801784157615],[-81.255815922403698,42.976921764445862]]]},"properties":{"OBJECTID":1,"Ward":"11","Shape.STArea()":11768459.371354375,"Shape.STLength()":16542.109996029867}},{"type":"Feature","id":2,"geometry":{"type":"Polygon","coordinates":[[[-81.25822378316326,42.874461379170285],[-81.257147246761008,42.875793749072699],[-81.255647273189794,42.877653177458299],[-81.253956047372355,42.879750111707537],[-81.252548702446276,42.881495150947146],[-81.25060783956387,42.883891914547476],[-81.249044508316146,42.885819614698171],[-81.24695656430967,42.888404962483811],[-81.243249151234991,42.892986916296024],[-81.237091833401934,42.900607303048545],[-81.235778443460333,42.902188605628041],[-81.235560006235048,42.902433518759373],[-81.235321929550395,42.902700449123408],[-81.235054020695202,42.903000824459639],[-81.234850350038343,42.903212345975533],[-81.234321760520928,42.90375915378447],[-81.233943228640555,42.904135169903235],[-81.233597896121154,42.904469942363029],[-81.233236628041212,42.904799903212869],[-81.232748507520526,42.905239217508793],[-81.231099008166652,42.906648522189229],[-81.229862872109976,42.907692831679874],[-81.228664590720115,42.908705114990063],[-81.22718889123496,42.90993760552427],[-81.226220950246287,42.910742782393903],[-81.226015281464015,42.910913862901943],[-81.225622276672652,42.911246960726963],[-81.225301823099599,42.911518675281641],[-81.224551935109673,42.912154497473374],[-81.223760776818452,42.912825293307819],[-81.222943212154931,42.913513222440919],[-81.222089406068733,42.9142315023362],[-81.221184714274756,42.914992565159416],[-81.22038041882962,42.915669147657049],[-81.219551630640694,42.916366313210411],[-81.21874951421421,42.917041021242113],[-81.217722055573788,42.917903158308206],[-81.216946914966258,42.918559032661676],[-81.216170752573518,42.919213669010823],[-81.215302871333847,42.919945644543894],[-81.214317968976815,42.920776295543043],[-81.213463672564018,42.921496771480321],[-81.212335924469343,42.922449619142547],[-81.212365564249183,42.922479324580848],[-81.212398965269969,42.922513151021157],[-81.212469760594033,42.922585030710245],[-81.212519475289881,42.922635110956641],[-81.212586003074719,42.922697016219495],[-81.212704164489722,42.922806759347893],[-81.212841435760183,42.92293260866186],[-81.212941694206549,42.923021589095079],[-81.213043748195133,42.923111673738205],[-81.213219540060749,42.923262200814357],[-81.213485360080952,42.923476203172697],[-81.21398609021837,42.923871373173064],[-81.214481769436262,42.924195118412044],[-81.214882677523079,42.924465223399601],[-81.215179214052228,42.924666958458452],[-81.215442804276336,42.924847849163747],[-81.216035127583396,42.925254329230626],[-81.216400070211094,42.925506789781338],[-81.216985184673661,42.925919845103721],[-81.216996432431301,42.925928528214314],[-81.21734194176139,42.926195219269275],[-81.217665768911402,42.926533158242535],[-81.217776073228293,42.926641451252841],[-81.217913142749325,42.926779803906427],[-81.218131012378706,42.927019345210624],[-81.218441490043958,42.927392375432198],[-81.218484624646905,42.927450518050634],[-81.218708530274057,42.927753053399563],[-81.218755549184252,42.927825161862046],[-81.218950865961062,42.928124705784683],[-81.218989584541717,42.928188581257331],[-81.219168747189073,42.92850191743662],[-81.219357063005006,42.928867303843937],[-81.219526901836559,42.929299501604],[-81.219709198893241,42.929607270153817],[-81.219807137063,42.929759903062035],[-81.21999794265615,42.930057264591561],[-81.220101161515331,42.930218125042039],[-81.220227421387094,42.930379366116483],[-81.220614349481423,42.930835243113286],[-81.220879869016727,42.931123070286645],[-81.221312155503327,42.93150335327438],[-81.221565527305629,42.931755156311418],[-81.221975667341809,42.932138807930542],[-81.222265281754574,42.932438594423736],[-81.222518791049325,42.932726441028805],[-81.222796737338186,42.933122366651972],[-81.222977986831879,42.933374314036257],[-81.223171436328357,42.933674292645044],[-81.223328769094138,42.933962332052737],[-81.22349839402834,42.934322431983574],[-81.223559431966265,42.934467444055194],[-81.223619664193208,42.934610541359874],[-81.223843935991724,42.935279203958714],[-81.223985767155966,42.935769055557664],[-81.224003898808093,42.935831679081588],[-81.224015822375662,42.935882334248078],[-81.224051087248142,42.93603334707791],[-81.224165748934666,42.936516455346407],[-81.224376922476409,42.937428644357219],[-81.224617464332724,42.938458659376749],[-81.224937257789037,42.939831596542568],[-81.225094313774918,42.940508118175089],[-81.225171698681052,42.940841445839375],[-81.225351694839716,42.941623718320912],[-81.225524055985289,42.942380556819657],[-81.22558047837785,42.942628303263795],[-81.225661400291628,42.942957025458092],[-81.225801762617934,42.943472143758008],[-81.225809762500575,42.943501506464969],[-81.226484180244839,42.944861234309599],[-81.226783428354565,42.945449388402132],[-81.227356688341942,42.946576585848682],[-81.227397808826339,42.946670719874909],[-81.22745992433191,42.946812917792606],[-81.227754613951447,42.947711930356661],[-81.227950901093294,42.948530841629143],[-81.228180239477453,42.949538705020387],[-81.228557064160483,42.9512300220265],[-81.22938935888358,42.954779918930342],[-81.229789818415199,42.956423584388787],[-81.230235520851508,42.958254786543591],[-81.230877213884725,42.958221853575616],[-81.232160681144819,42.9581703056826],[-81.233567897191691,42.958144649130425],[-81.233604763992361,42.958143975957334],[-81.234926873295265,42.958119852338271],[-81.236840676032458,42.958056164807807],[-81.238139425300488,42.958000324559748],[-81.238407004357242,42.957987896985699],[-81.240381556791391,42.95786378734612],[-81.241338346135365,42.957803638645416],[-81.241495007891984,42.957802955240751],[-81.241540892325204,42.95779958415536],[-81.241764053668675,42.957783190132496],[-81.241935992691481,42.957770559138872],[-81.242145193133055,42.957755438391381],[-81.242899189650061,42.95771562935041],[-81.243629196837162,42.95767708299924],[-81.245303329552172,42.957596473939262],[-81.245960326489865,42.957565610072649],[-81.247216277457696,42.957533032612034],[-81.248412412354995,42.957500571195709],[-81.249527276181226,42.957425816973647],[-81.249563512452553,42.95742338583144],[-81.250311046891113,42.957391881730288],[-81.25043109989177,42.957378839031669],[-81.250911252576969,42.957326677914168],[-81.251912807684889,42.957249796624204],[-81.253662173836659,42.957170820522379],[-81.257459252123851,42.956997715533362],[-81.257466481754406,42.956997381390579],[-81.260511279841893,42.956855014421834],[-81.259797137903803,42.953849430453445],[-81.259267114759737,42.951589940724325],[-81.259224479927425,42.95140817983394],[-81.259119334392992,42.950959917571794],[-81.258578096945982,42.948691328443736],[-81.25851518364496,42.948427615552895],[-81.258429994153673,42.948070526096572],[-81.258267587820185,42.947431846282306],[-81.25769532664485,42.945181281463086],[-81.257593174606129,42.944687231867213],[-81.257477642408901,42.944122247861863],[-81.25741822125454,42.943444086554003],[-81.257404677022961,42.942912782851643],[-81.25745865079854,42.942290886474886],[-81.257839648018987,42.940981781945638],[-81.257938490067318,42.940806087957718],[-81.257983035932398,42.940802405315267],[-81.257994583811666,42.940777606042275],[-81.258022001843386,42.940718738625009],[-81.258475529121299,42.939861371509359],[-81.259394106513014,42.938691536025622],[-81.261072507228903,42.937233685986548],[-81.261277086601226,42.937055982794334],[-81.261595979473199,42.936787764493239],[-81.267739248004816,42.931620089611087],[-81.26790200266754,42.931483163097795],[-81.271370949874026,42.928590974093346],[-81.274580352609391,42.925914842759575],[-81.277788695195767,42.923222107327518],[-81.277977151396968,42.923091221172662],[-81.281184033792144,42.920411182111486],[-81.279238478498925,42.920591779097798],[-81.277178331837789,42.920782975616731],[-81.277092502353966,42.920431601996114],[-81.276759774900981,42.918948196767126],[-81.276615112166382,42.918354582374441],[-81.276538031401998,42.918038278564076],[-81.27615151951801,42.916482512456163],[-81.276013673071091,42.915959683220237],[-81.275928616336287,42.915637071028655],[-81.275880149354009,42.915486923170711],[-81.275769913059307,42.915145411923213],[-81.275626507408631,42.914752728109278],[-81.275595703066784,42.914668371136777],[-81.275249522666186,42.913865531345031],[-81.274673383442476,42.912527705396052],[-81.274627665527575,42.912421539040814],[-81.274407135914629,42.911918596630343],[-81.273994527575255,42.910977569982194],[-81.273613697469798,42.91011669150344],[-81.273355764467027,42.909533610477453],[-81.273065331302874,42.908865207951365],[-81.272868183012733,42.908411479494156],[-81.272728335911566,42.908089620030907],[-81.272095282209932,42.906645642741395],[-81.271509060453127,42.905245863474747],[-81.27150739664458,42.905241892510205],[-81.271490520791829,42.905201594484922],[-81.271294468067921,42.904754371204774],[-81.270857520939927,42.903757609471128],[-81.270448119993716,42.902797914821278],[-81.270241508508704,42.902313576881276],[-81.270168042954097,42.902138135504089],[-81.269971627706013,42.901669076462099],[-81.269814616977897,42.901294111795814],[-81.269636828261284,42.90086951751374],[-81.269026522441919,42.899425467796355],[-81.269009282663376,42.899384678531966],[-81.268902389025101,42.899131745421464],[-81.268416245244183,42.897981410780581],[-81.268019656075708,42.897051586437797],[-81.267806460616825,42.896551723160961],[-81.267800338111456,42.896537366907538],[-81.267763520755523,42.896454835273452],[-81.267156182289639,42.895093381665767],[-81.267036666944207,42.894817856680675],[-81.266945860247873,42.894608514454383],[-81.266551859532328,42.893700175765588],[-81.266037671859195,42.892531365975934],[-81.265945860603281,42.89232266277655],[-81.265919093548646,42.892261811605685],[-81.265351862306275,42.890955622155793],[-81.265292005660299,42.890817778718535],[-81.265067327318008,42.890295644770845],[-81.264951410949593,42.89002625782858],[-81.264670634518808,42.88937373240708],[-81.264093963687159,42.888057387324103],[-81.264038035746665,42.887929719047975],[-81.263994775244001,42.887830080128715],[-81.263411119405035,42.886485688743726],[-81.263062720649344,42.88568320035219],[-81.263009752721501,42.885561189029964],[-81.262784203052959,42.885041651028622],[-81.262162899979998,42.883597585845081],[-81.262069205129691,42.883383734300921],[-81.261928205336815,42.8830619096587],[-81.261530228163068,42.882153528476088],[-81.261079403498172,42.881105862861347],[-81.260931629948587,42.880762439649864],[-81.260908816945559,42.880709423563466],[-81.260276096306285,42.879265329806735],[-81.260083157306852,42.878817211850297],[-81.259975426652716,42.878566990962604],[-81.259654307384068,42.877821138945777],[-81.259085773342775,42.876536255116719],[-81.259015278389981,42.876376929304271],[-81.258981311751029,42.876298136094448],[-81.258618040308576,42.875455430745774],[-81.258576504063015,42.875335829955155],[-81.25822378316326,42.874461379170285]]]},"properties":{"OBJECTID":2,"Ward":"12","Shape.STArea()":26095847.634989325,"Shape.STLength()":23835.677527940898}},{"type":"Feature","id":3,"geometry":{"type":"Polygon","coordinates":[[[-81.225898667548137,42.975274384600858],[-81.225827002594514,42.975311465939903],[-81.225921448679145,42.975533679164016],[-81.225955145571902,42.975612961315896],[-81.225958731749174,42.975621399243501],[-81.22597176827891,42.975654914899344],[-81.226011338988087,42.97576046149247],[-81.22602072548996,42.975790864973483],[-81.226044100747984,42.975868637505414],[-81.226079881931014,42.976012282332931],[-81.226088771725387,42.976082832535681],[-81.226098420692651,42.976122255023249],[-81.226132056719592,42.976227616976658],[-81.226203213648176,42.976403350963899],[-81.226238975746824,42.976491756532596],[-81.226285025664538,42.976599071422449],[-81.226407146175944,42.976883290992831],[-81.226613286502882,42.977360092463393],[-81.226814429074338,42.97782532734081],[-81.226840144513574,42.977885975407176],[-81.226842820462167,42.97789228269459],[-81.226845307150455,42.977898150006546],[-81.226845821799714,42.977899361976533],[-81.227331458134472,42.979044659468578],[-81.227471500151978,42.979375628283456],[-81.227848972759801,42.980263712471078],[-81.228392254426737,42.981460846132904],[-81.228603176353175,42.981982156278931],[-81.228734923320189,42.982307780996194],[-81.229002175600456,42.982928890387718],[-81.229274288423824,42.983570265262578],[-81.229307421689271,42.983627881140663],[-81.229307636498262,42.983628255323033],[-81.229326534543304,42.983661115840825],[-81.229379355506737,42.98375445515542],[-81.229409631313828,42.983806845658371],[-81.229444656267276,42.983867456405314],[-81.229445440065817,42.983868455302172],[-81.229445495521205,42.983868525430879],[-81.229480916839066,42.983913669090924],[-81.229550295538488,42.984002088050588],[-81.229629840717195,42.9841045156357],[-81.229730208814928,42.984234466921052],[-81.229799139959937,42.984329974546448],[-81.229822868782364,42.984363196290069],[-81.229876902063012,42.984438852292918],[-81.229930408994207,42.984513772708397],[-81.230013943042138,42.98465798922809],[-81.230081750113101,42.984775142719251],[-81.230085733905923,42.984782025422213],[-81.230164968945502,42.984942186810898],[-81.230202379523874,42.985017860768053],[-81.230349418990599,42.985327851338923],[-81.230488474062327,42.985614965892573],[-81.230499486742261,42.985637733847618],[-81.230508057988928,42.985655432338937],[-81.230542907907079,42.98572738591804],[-81.230684047929856,42.986018542009518],[-81.230731061010104,42.986115387248311],[-81.230773242245149,42.986202277154696],[-81.230773939414661,42.986203712964411],[-81.230850504774608,42.986361431631565],[-81.23089819576758,42.986459669419276],[-81.230908479127422,42.986480853003158],[-81.230912775905452,42.98648970175951],[-81.2309138327998,42.986491879764046],[-81.230937325463117,42.98654027174539],[-81.231004375814322,42.986745525849784],[-81.231065122766424,42.986965761822738],[-81.231078758091684,42.987072608712424],[-81.231109539488301,42.987313814098911],[-81.231129338124475,42.987468955526325],[-81.231150189533906,42.987632342597088],[-81.231150880762939,42.987637751469165],[-81.231150914893746,42.987638021553423],[-81.231151181537101,42.987640110199656],[-81.231151318043388,42.987641186034203],[-81.231151990330204,42.987646449962298],[-81.231152857238186,42.987653240763386],[-81.23115335517447,42.987657149775039],[-81.23115400218704,42.987662215641812],[-81.231154612548195,42.987666993419168],[-81.231156927728691,42.987685143038178],[-81.231212030139034,42.987907379523563],[-81.231254778745608,42.988088828894078],[-81.231301238403489,42.988195423007738],[-81.231301456244196,42.988195943963163],[-81.231325396743884,42.988252942925513],[-81.231347608501125,42.98830753020713],[-81.231358140808936,42.988332825872085],[-81.231467116978422,42.988598446157795],[-81.231477959087897,42.988624879429182],[-81.231486169275229,42.98864489287994],[-81.231572720814086,42.988855897415554],[-81.231574922875268,42.988861513946645],[-81.231615473174315,42.988962418742041],[-81.231631538005445,42.989002445439716],[-81.231634196487704,42.989009067816532],[-81.231719003427528,42.989179228606581],[-81.232170180411103,42.990084481668568],[-81.232240021045001,42.990224295484488],[-81.232240035873446,42.990224324270727],[-81.232340745818036,42.990425933230711],[-81.232400863601029,42.99054628233695],[-81.232480398058257,42.990705499415327],[-81.232882745657136,42.991510439918592],[-81.233117370882326,42.991979632294949],[-81.233121989299448,42.991989008003351],[-81.233255517728068,42.992269922893065],[-81.233359823790849,42.992471870249851],[-81.233493352759567,42.992742965677344],[-81.233498642561869,42.99275370427204],[-81.233795032369173,42.993360805574106],[-81.234068048501967,42.993920019715503],[-81.234131786571211,42.994050572212437],[-81.234209196797153,42.99420560676559],[-81.234366761481681,42.994521171295631],[-81.234408521711259,42.9946048052511],[-81.234526974444051,42.994842035966435],[-81.234612970931053,42.995013989412911],[-81.234820027297161,42.995427999964086],[-81.235084178097765,42.995956459257648],[-81.235113623138801,42.996015589254483],[-81.235220217301261,42.996229740084686],[-81.235545131623226,42.996882937050941],[-81.235658738548779,42.997110830085482],[-81.235730687989999,42.997255439667668],[-81.235951166932466,42.997703000342469],[-81.236165176297874,42.998137418370014],[-81.236385801283859,42.998585259694387],[-81.236567857592192,42.998954807195098],[-81.236765394174014,42.999357928447445],[-81.236906240885745,42.999645356757469],[-81.236923807401851,42.999681204768855],[-81.236971324649005,42.99976668084242],[-81.237193981876132,43.000166959508057],[-81.237622848876313,43.000072603453667],[-81.238062016399368,42.999975979399295],[-81.238245690351903,42.999935567813402],[-81.238923354005067,42.999730162100356],[-81.239568137155644,42.999536473778235],[-81.240555978690665,42.999250840687417],[-81.240923516220704,42.999144564933587],[-81.241933366572965,42.998852552038642],[-81.242752166748218,42.998615775667339],[-81.24443835607363,42.99810745268941],[-81.245702167457324,42.997729928748271],[-81.247805155963334,42.997109306374206],[-81.248251396519606,42.996992447463228],[-81.250173845817372,42.996404831704666],[-81.25107514280657,42.996136198489481],[-81.253198101831515,42.995500694446505],[-81.256336086166485,42.994552142586564],[-81.257502859316489,42.994207221937188],[-81.257959892693009,42.994074522120279],[-81.258572339170982,42.993896694355499],[-81.258734755774512,42.993849108209623],[-81.258912309089368,42.993798639282218],[-81.259253977809294,42.993654674074115],[-81.259434996992567,42.99358556043849],[-81.259579433060807,42.993540022882449],[-81.259775540432443,42.993478194730386],[-81.261015151242489,42.993094041201196],[-81.261490577769152,42.992956293795174],[-81.261606459573898,42.992921064006509],[-81.261812551742509,42.992870694637894],[-81.26203316831446,42.992815491931232],[-81.262641106967095,42.992644885578194],[-81.262776704953964,42.992606281976947],[-81.263138316322454,42.992503335213684],[-81.263742838640241,42.992331309851359],[-81.265062931429739,42.991942608099805],[-81.26687850201661,42.991414955287034],[-81.267216177975882,42.991306106263906],[-81.267621910497695,42.991190953859146],[-81.267907173272476,42.991109992554591],[-81.269138150160657,42.990752727901729],[-81.269290198685468,42.990708587482203],[-81.270726746760047,42.990291529610246],[-81.271735086791296,42.990015089764256],[-81.272100087526312,42.989912599184471],[-81.27228103893448,42.989864447242688],[-81.272333630549767,42.989850452467508],[-81.272342809844744,42.98984798754303],[-81.272377877068422,42.989837275379024],[-81.272459042703147,42.989812479365739],[-81.27305580735748,42.989630055647012],[-81.273362505376937,42.989536412543892],[-81.273918780914741,42.989367144712048],[-81.274275003397761,42.989259639746138],[-81.274898287759939,42.989071533578496],[-81.275031919172065,42.989032227670812],[-81.275254412818967,42.988967151465118],[-81.276068224452317,42.988729116452447],[-81.276440110363168,42.988620358474328],[-81.276840932661045,42.988503141049343],[-81.277410347524082,42.988336616026359],[-81.277575925345658,42.988288192192229],[-81.277664914603918,42.988262166825102],[-81.277824101096712,42.988215611386039],[-81.278761739031594,42.987941388345966],[-81.278766260534823,42.98794006529041],[-81.279689343212254,42.987670088980749],[-81.279838687470217,42.987626408503182],[-81.281153271374023,42.987241909078605],[-81.281173424683317,42.987235999051549],[-81.281564706359859,42.987112501134945],[-81.28400983562554,42.986398294206502],[-81.285545721321768,42.985946218566447],[-81.2872035246357,42.98544719970392],[-81.287968791398939,42.985205431325333],[-81.290401495924002,42.984502505893275],[-81.29263430247623,42.983843212224869],[-81.29225640998294,42.983097769383114],[-81.291574313353124,42.981745397720239],[-81.291189926614351,42.980978119409357],[-81.285671905860767,42.97998301722378],[-81.281894779361778,42.979300578965415],[-81.281726198023776,42.979272618893475],[-81.281651963423755,42.979260318689015],[-81.281619626792292,42.97925496096363],[-81.281588869808061,42.97924986499396],[-81.281542029206577,42.979242103440569],[-81.281521731581108,42.979238382921913],[-81.281425008580982,42.979220656463461],[-81.281306092807796,42.979198861924104],[-81.280907653523741,42.97912583638908],[-81.280372434182141,42.979027739347579],[-81.279872095500863,42.978937483526188],[-81.277553097607623,42.978518449722245],[-81.275266257139947,42.978107567268125],[-81.275131532040945,42.978083289196142],[-81.274522783823386,42.977973762709837],[-81.273945779004691,42.977870055369166],[-81.273133950662299,42.977724095357438],[-81.272574685717785,42.977622590046288],[-81.272063877768858,42.977529546913246],[-81.27148619114655,42.977425370422516],[-81.271045639826482,42.977350040253242],[-81.27076879414912,42.977302701788886],[-81.270647912554949,42.977282031859858],[-81.270482588206846,42.97725884364047],[-81.270246890777088,42.977225784246144],[-81.269922289051806,42.977180254840334],[-81.269594982133256,42.977134397695572],[-81.269476090903112,42.977117751631972],[-81.269322375219033,42.97710210411033],[-81.269144949901332,42.977084042029865],[-81.268899061791259,42.977059010273472],[-81.268728623002474,42.977041659648663],[-81.268563777988362,42.977024877376401],[-81.268484430420671,42.977017258782197],[-81.268318024233494,42.977005534392369],[-81.26812198142872,42.976991722459417],[-81.267973510922516,42.976981249590182],[-81.267768113936768,42.976966754749469],[-81.267570880066017,42.976952834796208],[-81.267498546984243,42.976947863736527],[-81.267273910797059,42.976938859266305],[-81.267060613557547,42.976930307873261],[-81.26672014888257,42.976916655706653],[-81.266505427673536,42.976908043561188],[-81.26631973560491,42.97690625239315],[-81.26595757203242,42.976902762094589],[-81.265628544962823,42.976899589982388],[-81.265355273970457,42.976896954960758],[-81.26515786903866,42.976900987458464],[-81.26482137609608,42.976908780548726],[-81.26458405900128,42.976914276770771],[-81.264333524942188,42.976920078580584],[-81.264171090492994,42.976924586930451],[-81.263981086018504,42.976932170849672],[-81.263653573105572,42.976947564432976],[-81.26332263983285,42.976964743459305],[-81.263028084686809,42.976984640334422],[-81.262656376159157,42.977015839347317],[-81.262460109738598,42.977032497865217],[-81.262292731795398,42.977046670176129],[-81.262090314467528,42.977063845540847],[-81.261805048460673,42.977093846959406],[-81.261439784465395,42.977133680302316],[-81.26126068313512,42.977156638962946],[-81.261157645573448,42.977170152149682],[-81.261112832763814,42.977176029369453],[-81.261028824104486,42.977187206326136],[-81.260798784416551,42.977220865035086],[-81.260377728939062,42.977288787497351],[-81.260072325987224,42.97734037965752],[-81.260017279835637,42.977350939849288],[-81.259591917777669,42.977432540777833],[-81.259458574917531,42.977460428496762],[-81.259114871289341,42.977535291298345],[-81.258659375770705,42.977639947944198],[-81.258211610545374,42.977757024111291],[-81.257731367699549,42.97788787294882],[-81.257111053215397,42.978057231507577],[-81.256685523154985,42.978173660114315],[-81.256261274812019,42.978289906866934],[-81.256032235850583,42.978352663702523],[-81.255926046752634,42.978381819319715],[-81.255640623830189,42.978460217246365],[-81.255629666719699,42.978411933752064],[-81.255652883092608,42.97820764217672],[-81.255700156729816,42.978003293248221],[-81.255782714448458,42.977606642139484],[-81.255805611604117,42.977330267021436],[-81.255828563264714,42.977065904596408],[-81.255815922403698,42.976921764445862],[-81.255743224070017,42.976801784157615],[-81.25561042369236,42.976693954486819],[-81.25550188451372,42.976634125444029],[-81.255369388103617,42.976598379018462],[-81.255200846407234,42.976574725643069],[-81.255032359402023,42.976563088333371],[-81.254791731836548,42.976563624214407],[-81.254539328483261,42.976624253547698],[-81.254287078060557,42.976720927689016],[-81.254034876294611,42.97682961399839],[-81.253782569918073,42.976914270713927],[-81.25361433401477,42.976962702130876],[-81.25337390706747,42.977011289521514],[-81.25304930965531,42.977072078952041],[-81.252748621083327,42.977096772570164],[-81.252447833971132,42.97709743634794],[-81.25212272964751,42.977038085133344],[-81.251857636164658,42.976942558864891],[-81.251520250078386,42.976823161588989],[-81.251245218028586,42.976779046170535],[-81.25108875966211,42.976767376653036],[-81.250722204010003,42.976600090524855],[-81.250480709462209,42.976360474219859],[-81.250281649603053,42.976120764616581],[-81.25005428163351,42.975881123705229],[-81.249827024900554,42.975669736567404],[-81.249684830416498,42.975500541569041],[-81.249542527376349,42.975303092145104],[-81.249372101876304,42.975148085530272],[-81.249060219099306,42.974993382936944],[-81.248691731163731,42.97482466443936],[-81.24842267371973,42.974754616088305],[-81.248111293717969,42.974712909731096],[-81.247743613720615,42.974741957001704],[-81.247390425262793,42.974855731619051],[-81.247079893756364,42.975025922038803],[-81.246713402210148,42.975351628283825],[-81.246502170510098,42.975592239249892],[-81.24636133130511,42.975747938498522],[-81.246206231177709,42.975875413767291],[-81.246022615011285,42.975946441162542],[-81.245669252670737,42.976017829106148],[-81.245358041489013,42.976018489419808],[-81.245046784014221,42.976005021747696],[-81.244820116863352,42.975920739742143],[-81.244579195767329,42.975808229663485],[-81.244451333435123,42.975667226803182],[-81.244365848187059,42.975512009696537],[-81.244265392015649,42.975144915859552],[-81.24417890680013,42.974735410381996],[-81.244177961555209,42.974495252881177],[-81.244190883970788,42.974184429570251],[-81.244133523050621,42.973986774117378],[-81.244033391209769,42.9737044427538],[-81.243905138833611,42.97346455654985],[-81.243720583736291,42.973295422713171],[-81.243507675287148,42.973112221648925],[-81.24326659563998,42.972957334549882],[-81.242884235691989,42.9728451213469],[-81.242530387827983,42.972789359045628],[-81.242134387164597,42.972804313857054],[-81.241769179282471,42.972893753927373],[-81.24143478526878,42.973074659574962],[-81.241402184755302,42.973092295538621],[-81.241075323288172,42.973338529059724],[-81.241007289989028,42.973389778230874],[-81.240668749258987,42.973630639296722],[-81.24030169180206,42.973815050244319],[-81.23997695859552,42.973971120397401],[-81.239600403989414,42.974084491337706],[-81.238509072651055,42.974350952164478],[-81.236191362554138,42.974920808203123],[-81.235543099250748,42.974982564824337],[-81.235019380478477,42.974898874274764],[-81.234778471385823,42.974786354321886],[-81.234423751264742,42.974504540084915],[-81.234182362363399,42.974264874657564],[-81.23406839147269,42.97405320271293],[-81.233897731069021,42.97381339561273],[-81.23368495689283,42.973658434104081],[-81.233231816771237,42.973532213104988],[-81.233184356248046,42.97353062043819],[-81.232835682794331,42.973518895935015],[-81.232482149486771,42.9735478690138],[-81.23207251090065,42.973704096374277],[-81.231536351609961,42.974072483329572],[-81.231084477348276,42.974285305146196],[-81.230378128377168,42.974541019358007],[-81.230016623686083,42.974640309292504],[-81.229911783669849,42.974669102194497],[-81.229786905259729,42.974687489281898],[-81.22900912833282,42.97480198312519],[-81.228019206819354,42.974888730048882],[-81.227015135198286,42.974975500077569],[-81.226350675535897,42.975089837506104],[-81.225898667548137,42.975274384600858]]]},"properties":{"OBJECTID":3,"Ward":"13","Shape.STArea()":8757458.0017570592,"Shape.STLength()":14351.504894401267}},{"type":"Feature","id":4,"geometry":{"type":"Polygon","coordinates":[[[-81.125865260837386,42.979814954572632],[-81.125889794710361,42.979817178872686],[-81.125914085864807,42.979820664151667],[-81.125937400629041,42.979826491831631],[-81.125960227385434,42.979833580761024],[-81.125981708352754,42.979842295691171],[-81.12600380070495,42.979850102227907],[-81.126026509920962,42.979857281324648],[-81.126048969311299,42.979864640794453],[-81.126166312351401,42.979909990983593],[-81.126166860438133,42.980178051254796],[-81.126224865928194,42.980131592914596],[-81.1262432838828,42.98011780917394],[-81.126251846183749,42.980111359266736],[-81.12626040356227,42.980104902160228],[-81.126268965852262,42.980098448649699],[-81.126277552706711,42.980092013121684],[-81.1262861739595,42.980085606371446],[-81.12629484435034,42.980079239188861],[-81.126303583532263,42.980072925960449],[-81.126312406245006,42.980066677476081],[-81.126321327228339,42.980060504525568],[-81.126330326829233,42.980054392722423],[-81.126339395221208,42.980048334873402],[-81.126348517657163,42.980042316586498],[-81.12635769414446,42.980036341463794],[-81.126366919762461,42.980030402306596],[-81.126376184692077,42.980024495523693],[-81.126385484027423,42.980018621120472],[-81.126394812840473,42.980012768296248],[-81.126404166225385,42.980006937056388],[-81.12641353926891,42.980001123804307],[-81.126422922151932,42.979995324948803],[-81.12643231977296,42.979989536882364],[-81.126441737059977,42.979983770405724],[-81.126451178918856,42.979978025513446],[-81.126460640436378,42.979972298608921],[-81.126470126518356,42.979966589686697],[-81.126479627338369,42.979960891553567],[-81.126489137997865,42.979955207816936],[-81.126498663395409,42.979949534869384],[-81.126508198617657,42.979943869114273],[-81.12651773384556,42.979938206960419],[-81.126527278890819,42.979932548396945],[-81.126536819028473,42.97992688983809],[-81.126546359164379,42.979921231278439],[-81.126555894377859,42.979915565519349],[-81.126565424668996,42.979909892560791],[-81.126579080611407,42.97990173682944],[-81.126587927838017,42.979895506306775],[-81.126596745561187,42.979889243397587],[-81.126605538716291,42.979882962504711],[-81.126614326948953,42.979876674412438],[-81.12662312010049,42.979870393518169],[-81.126631932910627,42.979864130611702],[-81.126640785024989,42.979857896477441],[-81.12664968627746,42.97985170191069],[-81.126658651415227,42.979845561303264],[-81.126667700076482,42.979839481837516],[-81.126676832290812,42.979833477921645],[-81.126685989069628,42.979827491988061],[-81.126695165492279,42.97982151683815],[-81.126704356652908,42.979815552477355],[-81.126713562551515,42.979809598905625],[-81.126722788101361,42.979803659719622],[-81.126732028403978,42.979797738526734],[-81.126741293263692,42.979791831714124],[-81.126750577789409,42.979785946491276],[-81.126759886872236,42.979780075648648],[-81.126769220534371,42.979774229992401],[-81.126778578768395,42.979768405920474],[-81.126787966487569,42.979762607029421],[-81.126797378786037,42.979756833324757],[-81.126806825482916,42.979751088397578],[-81.126816301672349,42.979745372253305],[-81.126825807354365,42.979739684891982],[-81.126835347442224,42.979734029910176],[-81.126844907196144,42.979728396518077],[-81.126854491507146,42.979722777506133],[-81.126864090571004,42.979717176487299],[-81.126873709286144,42.979711589854062],[-81.126883342746694,42.979706017611846],[-81.12689298604684,42.979700459766136],[-81.126902648990836,42.979694912703955],[-81.126912326680284,42.979689380032795],[-81.126922014194491,42.979683854554033],[-81.126931716454138,42.979678343466297],[-81.126941423640119,42.979672843178371],[-81.126951145556745,42.979667350077413],[-81.126960877305535,42.979661867770865],[-81.126970618879113,42.979656392656665],[-81.126980365371637,42.979650924740291],[-81.126990116775659,42.979645460419704],[-81.126999878011929,42.979640006893504],[-81.127009644152281,42.979634553361002],[-81.127019415211578,42.979629107026305],[-81.127029186276559,42.979623664292831],[-81.127038967158938,42.979618225149657],[-81.127048743141131,42.979612789613128],[-81.127058524027476,42.979607354070332],[-81.127068304912086,42.979601918526697],[-81.127078080896524,42.979596486589685],[-81.127087856864435,42.979591047447791],[-81.127097622996672,42.979585597509796],[-81.127107384213915,42.979580143974374],[-81.127117140501369,42.979574679637459],[-81.127126891881247,42.979569215305169],[-81.127136638338712,42.979563743773397],[-81.127146379881196,42.97955826864419],[-81.127156121421947,42.979552793514181],[-81.127165867866793,42.97954731837784],[-81.127175609404077,42.979541843246153],[-81.127185355845484,42.979536368108164],[-81.127195102292575,42.979530896571411],[-81.127204858564454,42.979525432226993],[-81.127214614842018,42.979519971483768],[-81.127224380936966,42.979514514330866],[-81.127234151958277,42.97950906797778],[-81.127243927898562,42.979503628822478],[-81.127253718569449,42.979498196854081],[-81.127263519080017,42.979492779282083],[-81.127273329422806,42.97948737250443],[-81.127283154511062,42.979481980117768],[-81.127292994344813,42.97947660212207],[-81.12730284401826,42.979471238522748],[-81.127312713350435,42.979465892910937],[-81.127322597435551,42.979460565292136],[-81.127332506085253,42.979455255655388],[-81.127342424589514,42.979449967619104],[-81.127352367665807,42.979444701166933],[-81.127362335314132,42.979439456298842],[-81.127372322628673,42.979434233020271],[-81.127382329624311,42.979429038535322],[-81.127392366105255,42.97942386923102],[-81.127402427165705,42.979418725112843],[-81.127412512813081,42.979413609782782],[-81.127422623032572,42.97940851603677],[-81.127432748005006,42.97940344028369],[-81.127442892643728,42.979398386120089],[-81.12745305694871,42.979393353545987],[-81.127463235999244,42.979388335362785],[-81.127473434708605,42.979383335166993],[-81.127483643257762,42.979378349367572],[-81.127493871465731,42.97937338155554],[-81.127504109506035,42.979368424537817],[-81.127514362299351,42.979363485512941],[-81.12752462492503,42.979358557282382],[-81.127534897382986,42.979353639846067],[-81.127545184579134,42.979348733198556],[-81.127555476694354,42.979343833748722],[-81.12756578355517,42.979338948689751],[-81.127576095327598,42.979334067226397],[-81.127586412026588,42.979329196562794],[-81.127596733644637,42.979324333096834],[-81.127607065080142,42.979319473221075],[-81.127617401427287,42.97931461694094],[-81.127627737780259,42.97930976426192],[-81.127638079052318,42.979304918780564],[-81.127648420315282,42.97930006969623],[-81.127658766497376,42.979295227809594],[-81.127669107764547,42.979290382325431],[-81.127679453935926,42.979285536834858],[-81.127689795199842,42.979280691348848],[-81.127700136454692,42.979275842259831],[-81.127710477707936,42.979270993169877],[-81.127720809132967,42.979266136885855],[-81.12773114054896,42.979261276998862],[-81.127741462136768,42.979256409917809],[-81.12775178371551,42.979251539233786],[-81.127762095458593,42.979246657753635],[-81.127772397373533,42.97924176907943],[-81.127782694366132,42.979236873205714],[-81.127792976617258,42.97923196654137],[-81.127803253938538,42.97922704907544],[-81.12781351651094,42.979222117216842],[-81.127823769247684,42.979217174562187],[-81.127834007242996,42.979212221116903],[-81.127844235387713,42.979207249671489],[-81.127854443877709,42.979202263838872],[-81.1278646425246,42.979197263608143],[-81.127874821501806,42.979192241786215],[-81.127884985730091,42.979187205571627],[-81.127895130296153,42.979182151367873],[-81.127905260098345,42.979177075567399],[-81.127915365332527,42.979171981783217],[-81.12792545089701,42.979166866407866],[-81.127935521690134,42.979161725833777],[-81.127945567915219,42.979156567276014],[-81.127955599383867,42.979151390723594],[-81.127965611190263,42.97914619618205],[-81.127975608232774,42.979140980043823],[-81.127985590533768,42.979135753115031],[-81.127995558070822,42.979130504589598],[-81.128005510866373,42.979125245273636],[-81.128015448912919,42.979119971565098],[-81.128025372210502,42.97911468346399],[-81.128035290570679,42.979109380959343],[-81.128045194189312,42.979104067664174],[-81.128055087979703,42.979098747175037],[-81.128064971934364,42.979093415889906],[-81.128074850959081,42.979088073803275],[-81.128084720155556,42.979082724522677],[-81.128094579523747,42.979077368048145],[-81.128104433969483,42.979072004374174],[-81.128114288406039,42.979066637097269],[-81.128124133014353,42.979061262626431],[-81.128133977620891,42.979055888154754],[-81.128143817312477,42.979050510085663],[-81.128153656994868,42.979045128413702],[-81.12816349176974,42.979039746746388],[-81.128173331448707,42.979034365072714],[-81.128183166220126,42.97902898340368],[-81.128193005895639,42.97902360172835],[-81.128202850482708,42.979018223648673],[-81.128212695075547,42.979012849170211],[-81.128222539674155,42.979007478292928],[-81.128232394097608,42.979002114607866],[-81.128242248526817,42.97899675452404],[-81.128252112780885,42.978991401632399],[-81.128261986859783,42.978986055933028],[-81.128271865857741,42.978980717431384],[-81.128281744868957,42.97897538613298],[-81.128291628776765,42.978970051226142],[-81.128301502863806,42.978964712727446],[-81.128311376941639,42.978959370625816],[-81.128321246097002,42.978954021324753],[-81.12833111034486,42.97894867202838],[-81.128340969662759,42.978943311930507],[-81.128350819152359,42.978937944638687],[-81.128360658821194,42.978932573754996],[-81.12837049355258,42.978927188467758],[-81.128380318455669,42.978921795986622],[-81.128390128617198,42.978916392715028],[-81.128399928942969,42.97891097864747],[-81.128409714519691,42.978905550187427],[-81.128419485354826,42.97890011093692],[-81.128429246346727,42.978894657288414],[-81.128438987683779,42.978889189252946],[-81.128448719177527,42.978883706819481],[-81.12845843592973,42.978878213595557],[-81.128468142846117,42.978872709575725],[-81.128477839934249,42.978867198361996],[-81.12848752718655,42.978861676352309],[-81.128497204603079,42.978856143546722],[-81.128506877104584,42.978850607143748],[-81.128516539777792,42.978845063546913],[-81.128526202434273,42.978839512745168],[-81.128535855277434,42.978833961953619],[-81.128545508103883,42.978828403957166],[-81.128555156015281,42.978822842363378],[-81.128564799019173,42.978817280774273],[-81.128574442013829,42.978811715582324],[-81.128584089912522,42.978806150384024],[-81.128593732911199,42.978800588792467],[-81.128603375908128,42.978795027200114],[-81.128613028714895,42.978789465595895],[-81.128622676629121,42.97878391120048],[-81.128632334353185,42.978778356793221],[-81.128641992090508,42.978772809589202],[-81.128651659645172,42.978767265975392],[-81.128661327205577,42.978761725962812],[-81.128670989843499,42.978756178750842],[-81.128680652487176,42.978750635140067],[-81.128690315121588,42.97874508792647],[-81.128699972848494,42.978739540717541],[-81.128709635471921,42.97873398990027],[-81.12871929319536,42.978728442689707],[-81.128728955815319,42.978722891870774],[-81.128738613535276,42.978717344658584],[-81.128748276159286,42.978711797440077],[-81.128757938781533,42.978706250220725],[-81.128767601402046,42.97870070300057],[-81.128777264028358,42.978695159381616],[-81.128786931558679,42.978689615756323],[-81.12879659909477,42.978684075732268],[-81.128806266636659,42.978678539309449],[-81.128815939082571,42.978673002880264],[-81.128825616440039,42.978667470046794],[-81.128835298701546,42.978661937206994],[-81.128844980976325,42.978656411570398],[-81.128854668162688,42.978650889529547],[-81.128864355347289,42.978645367487871],[-81.128874027775282,42.97863982745173],[-81.128883680540852,42.978634269426621],[-81.128893318549785,42.978628693407124],[-81.128902946722889,42.978623106591712],[-81.128912565067694,42.978617512582446],[-81.128922183403191,42.978611914970315],[-81.1289318017445,42.978606320959443],[-81.128941424989804,42.978600726942219],[-81.128951053161714,42.978595143724775],[-81.128960696064198,42.978589567694044],[-81.128970353727382,42.978584013258136],[-81.128980031049508,42.978578476809524],[-81.128989728038107,42.978572961950199],[-81.128999454519743,42.978567475873234],[-81.129009210501934,42.978562022180633],[-81.129019000890494,42.978556600866852],[-81.129028830613734,42.978551222732492],[-81.129038699664164,42.978545884175489],[-81.129048612970138,42.978540595996421],[-81.129058575437369,42.978535358189774],[-81.129068591979262,42.978530174352024],[-81.129078652769167,42.978525037290147],[-81.129088762712868,42.978519946998595],[-81.129098907078045,42.978514896289859],[-81.129109090770498,42.97850988515841],[-81.129119308876909,42.978504910007736],[-81.129129556484031,42.978499967241333],[-81.129139833584304,42.978495053257085],[-81.129150135271999,42.978490168060596],[-81.129160461524506,42.978485300845719],[-81.129170802530325,42.978480451623483],[-81.12918115828947,42.978475620393908],[-81.129191523888665,42.978470803560505],[-81.129201904218547,42.978465993913588],[-81.129212284554384,42.978461187867836],[-81.129222669801877,42.978456385417608],[-81.129233055055266,42.978451586568461],[-81.129243435386229,42.978446780519839],[-81.129253805888993,42.978441967277277],[-81.129264166556013,42.978437143238743],[-81.129274517379727,42.978432304802162],[-81.129284848548679,42.978427451978632],[-81.129295164960993,42.978422581160601],[-81.129305486284977,42.97841771393815],[-81.129315807622447,42.978412853918847],[-81.12932613877733,42.978407997489533],[-81.12933646994567,42.978403148263389],[-81.129346806018134,42.978398299030772],[-81.129357142096509,42.978393453399285],[-81.129367483086583,42.9783886113633],[-81.129377824075007,42.978383769326427],[-81.129388165069358,42.978378930890621],[-81.129398510967846,42.978374092448369],[-81.129408856872246,42.978369257607234],[-81.12941920276748,42.978364419163057],[-81.129429548668639,42.978359584320032],[-81.129439894560633,42.978354745874022],[-81.12945023555281,42.978349911034648],[-81.129460581433989,42.978345068984744],[-81.129470922415351,42.97834023054142],[-81.129481263379986,42.97833538489315],[-81.129491599437273,42.97833053924947],[-81.129501930579622,42.978325690008376],[-81.12951226171279,42.978320837164297],[-81.129522592836778,42.97831598071722],[-81.129532914140086,42.978311120678271],[-81.129543235426638,42.978306253434361],[-81.12955355179831,42.97830138259296],[-81.129563878010032,42.97829652614773],[-81.129574218967619,42.978291684093072],[-81.129584569742576,42.978286845628404],[-81.129594930350109,42.978282017957795],[-81.129605290963525,42.978277193888317],[-81.129615651582938,42.978272373419927],[-81.129626012193143,42.978267549348537],[-81.129636372801727,42.978262725276252],[-81.129646728480267,42.978257890402411],[-81.129657074338141,42.978253051936726],[-81.12966741526597,42.978248202669555],[-81.129677736538952,42.978243339015464],[-81.129688047968571,42.978238460963425],[-81.129698344641525,42.978233564916934],[-81.129708616738768,42.978228647285057],[-81.129718869166041,42.978223708062231],[-81.129729097002411,42.978218740049961],[-81.129739300255522,42.978213746850258],[-81.12974947401203,42.978208724866725],[-81.129759613351013,42.978203666900789],[-81.129769723178256,42.978198572946901],[-81.129779793682246,42.978193443016217],[-81.129789819934544,42.978188266308138],[-81.12979980193515,42.978183042822735],[-81.129809754423931,42.978177783349381],[-81.12981966758943,42.978172487899307],[-81.12982955124312,42.978167156461318],[-81.129839405407708,42.978161799841587],[-81.129849239894611,42.978156418028966],[-81.129859054711432,42.978151014625496],[-81.129868849865758,42.978145593233251],[-81.129878635176581,42.978140157443164],[-81.129888405745788,42.978134710862783],[-81.129898171399944,42.978129260685087],[-81.129907937037217,42.978123803302488],[-81.129917702680359,42.978118349521054],[-81.129927473235057,42.978112899335315],[-81.129937248716516,42.978107459949257],[-81.129947038928563,42.978102027749728],[-81.12995683898825,42.978096613548466],[-81.129971568599913,42.978088535436022],[-81.130008708555621,42.978153106831783],[-81.130158411005581,42.977987516151764],[-81.130609668807409,42.97780444662169],[-81.130959272331822,42.977597909032994],[-81.131000988446374,42.977570447892852],[-81.13127296897278,42.977391411555196],[-81.131527407472632,42.977281303753202],[-81.131667521274721,42.977220671440321],[-81.131849506381528,42.977180401751589],[-81.132065873417702,42.977132524200741],[-81.132196807019938,42.977103549447413],[-81.132420324453705,42.977064118781605],[-81.132440567305039,42.977060547341345],[-81.132708198866524,42.977013331459204],[-81.132762917925945,42.977006049495472],[-81.133183742983377,42.976950045812323],[-81.133810515570431,42.976910981791313],[-81.134367977759069,42.976929201691696],[-81.134409850438615,42.976929482117548],[-81.134449628381333,42.976929748779376],[-81.134487740257029,42.976933115148569],[-81.134869654260569,42.976945593545011],[-81.135738812814608,42.976933122419609],[-81.136250277191522,42.976878743332421],[-81.136608095272592,42.976800602602417],[-81.136662935736481,42.976788625157027],[-81.137156209441841,42.976626713702714],[-81.137407813176779,42.976518633173711],[-81.13772110853165,42.9763840496312],[-81.138191490199929,42.976253237942508],[-81.138203616098238,42.976249637460405],[-81.138349215003217,42.976206402651755],[-81.138455640157048,42.976176258076464],[-81.138535564970155,42.976153619734809],[-81.139106666129649,42.975962715385329],[-81.139172783743632,42.975936819112235],[-81.139375847471499,42.97584041707325],[-81.139997491282841,42.975545295196561],[-81.14036521907866,42.975437298393523],[-81.140490245793401,42.975421029427856],[-81.140502699667039,42.975419409427573],[-81.140571572340789,42.975410447610344],[-81.140643358004951,42.975401105758074],[-81.140841833406199,42.975396029564088],[-81.141011309063231,42.975391694757398],[-81.141397291362523,42.975418107919346],[-81.141684525212469,42.97543568014958],[-81.141941149909243,42.975493202152713],[-81.141962890135048,42.975498075782788],[-81.142097642249851,42.975561920636366],[-81.142151566251243,42.97558746786973],[-81.142322376278472,42.975712733078048],[-81.142404815388673,42.975750587161791],[-81.142439173435278,42.975766362820416],[-81.142507717415199,42.975775403300666],[-81.142573837333288,42.975784122574652],[-81.142692033328856,42.975790188829585],[-81.142715163273934,42.975791375685475],[-81.142744379274916,42.97579287552972],[-81.142923799507372,42.975756800421834],[-81.142938920882884,42.975750461740525],[-81.143432271492259,42.975543645159483],[-81.143487275065524,42.97552058612844],[-81.143507667732052,42.975508099265852],[-81.143648598798904,42.975421799236159],[-81.143738078519149,42.975305171342363],[-81.143773650017678,42.975217441923213],[-81.143836247425128,42.975063062187722],[-81.143919353295658,42.974944005366204],[-81.143936949327141,42.974918797693789],[-81.143961483033209,42.974883652237082],[-81.144181645257959,42.974663006988138],[-81.14419526030099,42.974651436255435],[-81.144201698025768,42.974645893592353],[-81.144480944745297,42.974416949823826],[-81.144749689130904,42.974201510134016],[-81.145025952690261,42.973965647447407],[-81.145148954541298,42.973829600503606],[-81.145285547606733,42.973678519216847],[-81.14537580356334,42.973544993594558],[-81.145472081538486,42.973402561373263],[-81.145643293968732,42.973149268816002],[-81.145761665131985,42.97298018725472],[-81.145786732600143,42.972944379738749],[-81.145938466587594,42.97272765075563],[-81.146009798856994,42.972530383387173],[-81.146009341188474,42.97252042789534],[-81.146003204872557,42.972386758115839],[-81.14600107659767,42.972340359177146],[-81.146000339499722,42.972324253534971],[-81.145901117646602,42.97210927261284],[-81.145867776837818,42.972059543728612],[-81.145822223139305,42.971991602200532],[-81.145757023520545,42.971894352346723],[-81.14571297418918,42.971844356090777],[-81.145608605674965,42.97172588947862],[-81.145557651162946,42.971668051268551],[-81.14555051991718,42.971658050228712],[-81.145482682133078,42.971562905365928],[-81.145454602641067,42.971523520171623],[-81.145422231670182,42.971478117787953],[-81.145323649996996,42.971339852069477],[-81.145288626563016,42.971290728490004],[-81.145230691488777,42.971209471229173],[-81.145218264902226,42.971192044047342],[-81.145206505158825,42.97117554534821],[-81.145132513452495,42.97106518219244],[-81.145098437921504,42.971014353578752],[-81.145088865795174,42.970950836278853],[-81.145088855923476,42.970950810176475],[-81.145085646947848,42.970929516196662],[-81.145067882916862,42.970811596642072],[-81.145061978212553,42.970772406568067],[-81.145087940850999,42.970679410037604],[-81.145105018985433,42.970618232706208],[-81.145142076655148,42.97048549863635],[-81.145173661608808,42.970432677674353],[-81.145182790920828,42.970417411393655],[-81.145190520410509,42.970404482820264],[-81.145276165165129,42.970261262716008],[-81.145437408942939,42.970135580374318],[-81.145653904122625,42.97003429266784],[-81.145666486498925,42.970028405306806],[-81.145706338029441,42.97000976077765],[-81.145750941567968,42.969994849116944],[-81.146035314638382,42.969899770628686],[-81.146063616623962,42.969890307939281],[-81.146120171119932,42.969869142124359],[-81.14638100985556,42.969771522749262],[-81.146555742355915,42.969706127179855],[-81.146664351785716,42.969665477556532],[-81.146685600095395,42.969660144501809],[-81.146688312606642,42.969659118042053],[-81.146703508815378,42.969655646897571],[-81.147310098562713,42.969503323092212],[-81.147350613044537,42.969491515637856],[-81.147764418167824,42.969370916691659],[-81.147866099709901,42.969341280949308],[-81.148571499764429,42.969065021018992],[-81.148807487641605,42.968972597304784],[-81.14891123875482,42.968943300136949],[-81.148960002946694,42.968929530866284],[-81.149381432275689,42.96881052445984],[-81.149662346425018,42.968754021275437],[-81.14966517277027,42.96875345205725],[-81.14974021434459,42.968738356755807],[-81.150160319545805,42.968646807681957],[-81.150620593481406,42.968546505250877],[-81.150914075270805,42.968509471377949],[-81.151338282632381,42.968455939473827],[-81.151406132154946,42.968454596232569],[-81.151704062314309,42.968448694223191],[-81.151822849827823,42.968446339475676],[-81.152244731843254,42.968490595910062],[-81.15253193646295,42.968508140986415],[-81.152552952743818,42.968507531247113],[-81.152813064096961,42.968499971174175],[-81.152863170743885,42.968496981201952],[-81.153158521859979,42.968433123572915],[-81.153508303866388,42.968351994181617],[-81.153935164348894,42.968325187156168],[-81.154091514654141,42.968315366502075],[-81.154531209936565,42.968305815435663],[-81.15477354887453,42.968323415449035],[-81.155087726564744,42.968358845071151],[-81.155116109627926,42.968365890054905],[-81.155339149769006,42.968421244755874],[-81.155563700296426,42.968501607843685],[-81.155693225885315,42.968556107344995],[-81.155753407560084,42.968581428970097],[-81.155797267809945,42.968599882046789],[-81.155847358367197,42.96863425851663],[-81.156057958442801,42.968778783230924],[-81.156291600765542,42.968903942061004],[-81.156331516869017,42.968923001860361],[-81.156516217557666,42.9690111925267],[-81.156618787243559,42.969026112424643],[-81.156821446364447,42.969055591535067],[-81.157424097062673,42.969052286084306],[-81.157815435690665,42.969045443611876],[-81.157885230874925,42.969044225322662],[-81.158001316398142,42.969039861545482],[-81.158330333320365,42.968997264669866],[-81.158653216164694,42.968925118683984],[-81.158887366289008,42.968845116435872],[-81.159074626156425,42.968781132385786],[-81.159100301822292,42.968769906915298],[-81.15942421712802,42.968628282668121],[-81.159764812014004,42.968466478918749],[-81.160078528418936,42.968322639176165],[-81.160379647839406,42.96822708377087],[-81.160426826389823,42.968212112351111],[-81.160434925593336,42.968211607517929],[-81.161162566060895,42.968166265650474],[-81.16146767676878,42.96816583566229],[-81.161495866597306,42.968170019304331],[-81.161540619482764,42.96817665778044],[-81.161576574398651,42.968181990305851],[-81.161826769771068,42.968219103649069],[-81.161891611421211,42.968231539910967],[-81.162105098799032,42.968272484914124],[-81.162365599015999,42.96837070396947],[-81.162502123284156,42.968438599894249],[-81.162535321850527,42.968455111409313],[-81.162563282422596,42.968469015261263],[-81.162647612154942,42.96853832328928],[-81.162663833690502,42.968551656661106],[-81.162736267830439,42.968611187537213],[-81.162770126671887,42.96863901210174],[-81.162941077466428,42.968809059662817],[-81.162990732475876,42.968876610356865],[-81.163010868704887,42.968904004131041],[-81.163112194985189,42.969041847326977],[-81.163128479748394,42.969063705706183],[-81.16328403527838,42.969272484168044],[-81.163296788774588,42.969287013775215],[-81.16340920680166,42.969373043321333],[-81.163570905102233,42.969435552966019],[-81.163759427404244,42.96946216915245],[-81.163982397611207,42.969468326439397],[-81.164045883259561,42.969454356754412],[-81.164188720351987,42.969422927543881],[-81.164269400263919,42.969405174325608],[-81.164663972396511,42.969297053629838],[-81.16511228946699,42.969153002803445],[-81.165337115189828,42.969075815822642],[-81.165983166238178,42.96885400639119],[-81.166141956065303,42.968799487645491],[-81.166609272069749,42.968641510238967],[-81.166620935279653,42.968637568822551],[-81.166665608286024,42.96862246700487],[-81.167002108125246,42.968508709916563],[-81.167020607455044,42.968502454970839],[-81.167343404597588,42.968403398849574],[-81.167594290087195,42.968383256506335],[-81.167604779928865,42.96838166704886],[-81.167618503036181,42.968381311963],[-81.167684342635781,42.968376024969253],[-81.167712208107034,42.968378883799815],[-81.167851663064454,42.968393190270824],[-81.168115206535404,42.968420224158947],[-81.168344078303491,42.968463004394472],[-81.168591068770539,42.968509168633979],[-81.16878417382496,42.968563491219655],[-81.169129917100179,42.968660751480641],[-81.169193931565843,42.968677597344865],[-81.169377944807678,42.968726017790225],[-81.169405201868287,42.968733188769157],[-81.169668657691417,42.968802510941551],[-81.169730205904074,42.968818706387907],[-81.169833348392103,42.968864281495108],[-81.169860810523573,42.968876417494442],[-81.170090619653564,42.968977963978006],[-81.170108751007845,42.968985975020701],[-81.170134526314683,42.968997362432397],[-81.1702260874263,42.969023809473391],[-81.170332260023969,42.969054476119247],[-81.170350916387093,42.969059864045967],[-81.170406254702215,42.969075846843168],[-81.170441056544306,42.969085898793047],[-81.170479716811911,42.969097063423987],[-81.170494198159986,42.969101247254763],[-81.170532512370954,42.969112313326761],[-81.170543037125029,42.969115353990233],[-81.17054724162746,42.969116568822571],[-81.170628486950022,42.969140032199562],[-81.170647313190486,42.969143863736811],[-81.171312203224446,42.969279112910527],[-81.171451332038401,42.969307413067447],[-81.171538533921463,42.969325150414001],[-81.171658554437514,42.969364576884686],[-81.171700280459703,42.969378283158065],[-81.171704554198982,42.969379686951889],[-81.171748028031288,42.969393966914808],[-81.171749864196556,42.969394571105994],[-81.171759999911302,42.969397900405561],[-81.171778565286488,42.969403999641642],[-81.171843670543055,42.969425386376919],[-81.171863973906554,42.969432055716659],[-81.171942668810047,42.969457904748069],[-81.172958957895801,42.969791733949528],[-81.173184347540541,42.969865768387415],[-81.17387218745165,42.970091698298525],[-81.174072972104668,42.970174162942534],[-81.174076218140598,42.970175497970388],[-81.174471547424602,42.970337862029972],[-81.174874107543616,42.97050319437237],[-81.174959322940026,42.970538191386524],[-81.174993295415049,42.970550145101747],[-81.175366460748847,42.970681441605848],[-81.17539051753316,42.970689905595023],[-81.175740716677112,42.970761074555313],[-81.175872147939501,42.970776678504365],[-81.176159031969405,42.970810739632029],[-81.176837372754235,42.970891269391302],[-81.176987161008213,42.970909049956468],[-81.177155209124663,42.970929505408151],[-81.177441800172659,42.97096438864336],[-81.177540933880337,42.970976454893297],[-81.177714335770375,42.970997560395588],[-81.178217750721217,42.971031213340986],[-81.17826454647215,42.971034340897198],[-81.178369591316738,42.971041361551883],[-81.178805849528771,42.971069252396475],[-81.178917124329928,42.971076365475184],[-81.179309446603412,42.971080344194],[-81.179906445723603,42.971086393622514],[-81.180074913942704,42.971088100839154],[-81.180237792557222,42.971089749971455],[-81.180578970284671,42.971089219445673],[-81.180632662055444,42.971089134729517],[-81.180962537450355,42.971049846586752],[-81.181090194018751,42.971034640342708],[-81.181466799024847,42.9709264973893],[-81.181615697339922,42.970886399107037],[-81.181718849481811,42.970858620247796],[-81.181734216757619,42.970854260778516],[-81.181740593958182,42.970852764806082],[-81.18196896338722,42.970791264325008],[-81.182363566137724,42.970701013625444],[-81.182393238214829,42.970699649797886],[-81.182457244067706,42.970696707571015],[-81.182478892421599,42.970695713114146],[-81.182713392476103,42.970684930901925],[-81.182767356388041,42.970682449384178],[-81.183099509728805,42.970717773397226],[-81.18310785434123,42.970719751984703],[-81.183358531624307,42.970779179023104],[-81.183512617719273,42.970815707263696],[-81.183863040435725,42.970958553497212],[-81.184007178965274,42.971028599751854],[-81.184018062129908,42.971033888081564],[-81.184244472200973,42.971143916016281],[-81.184244511490576,42.971143932162285],[-81.184267469134056,42.971155086788144],[-81.184342499426265,42.971194738055331],[-81.184423437627842,42.971237511740213],[-81.184922228594075,42.971501099550409],[-81.185061418784287,42.971577205715242],[-81.185180005488618,42.971642045401978],[-81.185281791460042,42.971697698108606],[-81.185614625479928,42.971957079439946],[-81.185787385055264,42.97212881701612],[-81.185848663418625,42.972189730915716],[-81.185877245366171,42.972225233167485],[-81.186172968215075,42.972592529377138],[-81.186195907924827,42.972618583533823],[-81.186299049482813,42.972735725564327],[-81.186357954507528,42.972778676008389],[-81.186433967763492,42.972834097680881],[-81.186694476477726,42.972914341050767],[-81.187106754417812,42.972931570074962],[-81.187108242912643,42.97293148119256],[-81.187293071560077,42.972907608884157],[-81.187528998288215,42.972877132858713],[-81.188079358314951,42.972862138643443],[-81.188212251785231,42.972855285225187],[-81.188262361483751,42.972852701194149],[-81.188642978258002,42.972833068322444],[-81.189009043642727,42.972719875084231],[-81.189290406645725,42.97256785557105],[-81.189374843680767,42.972522234586478],[-81.189684626129377,42.972437282328421],[-81.189690754464451,42.972437018228],[-81.189726658790477,42.972435465670891],[-81.190360983721732,42.972408016669057],[-81.190900850843988,42.972407119369429],[-81.191101800263596,42.972428455806885],[-81.191929958296825,42.972605865275177],[-81.191930093247663,42.972605883059138],[-81.191927458952136,42.9725940025032],[-81.191922266037082,42.972569337148855],[-81.191920413911006,42.972560538638376],[-81.191911153389427,42.972516578503509],[-81.191910687848619,42.972514360419503],[-81.191900416561651,42.972465573426256],[-81.191899463111213,42.972461041841214],[-81.191898051618892,42.972454337185198],[-81.191890215006055,42.972417121305668],[-81.191889602622936,42.972414215475595],[-81.191879480733007,42.972366137833561],[-81.191878557165055,42.972361750280328],[-81.191876772291351,42.972353279442878],[-81.191865945922075,42.97230185487183],[-81.191862050057466,42.972283359457087],[-81.191858823797318,42.972268030925392],[-81.191855659833976,42.972253017468773],[-81.191837024311383,42.972164499433767],[-81.191833320142365,42.972146913214736],[-81.191820771226759,42.97208731486392],[-81.191807124543018,42.972022507980789],[-81.191803609571011,42.972005816553512],[-81.191783117167986,42.971908487393208],[-81.191770020686121,42.971846285667255],[-81.191766523159984,42.971829677056299],[-81.191727002374762,42.971641968221775],[-81.191718488912585,42.971601549432357],[-81.191684220881143,42.971438788605056],[-81.191673940027343,42.971389963776645],[-81.191632181969723,42.971191637985953],[-81.191628109479907,42.97117229457168],[-81.191576969612427,42.970929400038308],[-81.191576947248663,42.970929306422327],[-81.191524966439289,42.970682422186961],[-81.191524610493033,42.97068073702129],[-81.191472612653058,42.970433760927392],[-81.191472102366859,42.970431339399596],[-81.191463245667322,42.970389269614863],[-81.191458841808057,42.970358733362779],[-81.19132898028468,42.969457934400992],[-81.191323256297807,42.969377286758331],[-81.191292767060531,42.968947697211568],[-81.19123521325163,42.968136718584844],[-81.19122859447846,42.9680434400045],[-81.191221237214094,42.967939765322186],[-81.19119975238911,42.967737441321205],[-81.191162181487329,42.967383643500135],[-81.19112651306925,42.967047730279525],[-81.191087222182858,42.966897006596447],[-81.191036862265179,42.966703800705659],[-81.190887211561304,42.966129688022448],[-81.190816019076067,42.96588939463782],[-81.190768888142173,42.96573030910087],[-81.1905075164414,42.96484808005291],[-81.190486390239741,42.964776769254932],[-81.190235907876342,42.963931267712958],[-81.1901694659323,42.963706980688777],[-81.1899709162454,42.963036760153237],[-81.200637851781664,42.961552864342565],[-81.200647992057455,42.961560533363482],[-81.203275439758599,42.961171864022866],[-81.205158992036786,42.960888162544222],[-81.206471330773383,42.960675561503649],[-81.207464685428505,42.960530832086896],[-81.208686890315022,42.960358420269479],[-81.211538000562442,42.95991143382652],[-81.213030614087302,42.959648337618766],[-81.214593281356343,42.959385115845969],[-81.215023974643387,42.959304219398462],[-81.215254282435737,42.959243718577817],[-81.215494504233703,42.959153164646686],[-81.215824748125414,42.959012382672761],[-81.216073089410983,42.958922489402561],[-81.216109175428784,42.958909426845118],[-81.216290812651295,42.958843679358743],[-81.21650660036191,42.958774583717457],[-81.216686691466435,42.958721278243956],[-81.216962226871885,42.958667791622503],[-81.217027735383311,42.958655826564254],[-81.217249805443942,42.958638757486817],[-81.217520048951584,42.958618846272863],[-81.220133332899934,42.958533305732857],[-81.22356548066179,42.958438336813416],[-81.225076841151633,42.958396780754114],[-81.22620675194689,42.958365699149773],[-81.228316676233987,42.958307629652403],[-81.230235520851508,42.958254786543591],[-81.229789818415199,42.956423584388787],[-81.22938935888358,42.954779918930342],[-81.228557064160483,42.9512300220265],[-81.228180239477453,42.949538705020387],[-81.227950901093294,42.948530841629143],[-81.227754613951447,42.947711930356661],[-81.22745992433191,42.946812917792606],[-81.227397808826339,42.946670719874909],[-81.227356688341942,42.946576585848682],[-81.226783428354565,42.945449388402132],[-81.226484180244839,42.944861234309599],[-81.225809762500575,42.943501506464969],[-81.225801762617934,42.943472143758008],[-81.225661400291628,42.942957025458092],[-81.22558047837785,42.942628303263795],[-81.225524055985289,42.942380556819657],[-81.225351694839716,42.941623718320912],[-81.225171698681052,42.940841445839375],[-81.225094313774918,42.940508118175089],[-81.224937257789037,42.939831596542568],[-81.224617464332724,42.938458659376749],[-81.224376922476409,42.937428644357219],[-81.224165748934666,42.936516455346407],[-81.224051087248142,42.93603334707791],[-81.224015822375662,42.935882334248078],[-81.224003898808093,42.935831679081588],[-81.223985767155966,42.935769055557664],[-81.223843935991724,42.935279203958714],[-81.223619664193208,42.934610541359874],[-81.223559431966265,42.934467444055194],[-81.22349839402834,42.934322431983574],[-81.223328769094138,42.933962332052737],[-81.223171436328357,42.933674292645044],[-81.222977986831879,42.933374314036257],[-81.222796737338186,42.933122366651972],[-81.222518791049325,42.932726441028805],[-81.222265281754574,42.932438594423736],[-81.221975667341809,42.932138807930542],[-81.221565527305629,42.931755156311418],[-81.221312155503327,42.93150335327438],[-81.220879869016727,42.931123070286645],[-81.220614349481423,42.930835243113286],[-81.220227421387094,42.930379366116483],[-81.220101161515331,42.930218125042039],[-81.21999794265615,42.930057264591561],[-81.219807137063,42.929759903062035],[-81.219709198893241,42.929607270153817],[-81.219526901836559,42.929299501604],[-81.219357063005006,42.928867303843937],[-81.219168747189073,42.92850191743662],[-81.218989584541717,42.928188581257331],[-81.218950865961062,42.928124705784683],[-81.218755549184252,42.927825161862046],[-81.218708530274057,42.927753053399563],[-81.218484624646905,42.927450518050634],[-81.218441490043958,42.927392375432198],[-81.218131012378706,42.927019345210624],[-81.217913142749325,42.926779803906427],[-81.217776073228293,42.926641451252841],[-81.217665768911402,42.926533158242535],[-81.21734194176139,42.926195219269275],[-81.216996432431301,42.925928528214314],[-81.216985184673661,42.925919845103721],[-81.216400070211094,42.925506789781338],[-81.216035127583396,42.925254329230626],[-81.215442804276336,42.924847849163747],[-81.215179214052228,42.924666958458452],[-81.214882677523079,42.924465223399601],[-81.214481769436262,42.924195118412044],[-81.21398609021837,42.923871373173064],[-81.213485360080952,42.923476203172697],[-81.213219540060749,42.923262200814357],[-81.213043748195133,42.923111673738205],[-81.212941694206549,42.923021589095079],[-81.212841435760183,42.92293260866186],[-81.212704164489722,42.922806759347893],[-81.212586003074719,42.922697016219495],[-81.212519475289881,42.922635110956641],[-81.212469760594033,42.922585030710245],[-81.212398965269969,42.922513151021157],[-81.212365564249183,42.922479324580848],[-81.212335924469343,42.922449619142547],[-81.213463672564018,42.921496771480321],[-81.214317968976815,42.920776295543043],[-81.215302871333847,42.919945644543894],[-81.216170752573518,42.919213669010823],[-81.216946914966258,42.918559032661676],[-81.217722055573788,42.917903158308206],[-81.21874951421421,42.917041021242113],[-81.219551630640694,42.916366313210411],[-81.22038041882962,42.915669147657049],[-81.221184714274756,42.914992565159416],[-81.222089406068733,42.9142315023362],[-81.222943212154931,42.913513222440919],[-81.223760776818452,42.912825293307819],[-81.224551935109673,42.912154497473374],[-81.225301823099599,42.911518675281641],[-81.225622276672652,42.911246960726963],[-81.226015281464015,42.910913862901943],[-81.226220950246287,42.910742782393903],[-81.22718889123496,42.90993760552427],[-81.228664590720115,42.908705114990063],[-81.229862872109976,42.907692831679874],[-81.231099008166652,42.906648522189229],[-81.232748507520526,42.905239217508793],[-81.233236628041212,42.904799903212869],[-81.233597896121154,42.904469942363029],[-81.233943228640555,42.904135169903235],[-81.234321760520928,42.90375915378447],[-81.234850350038343,42.903212345975533],[-81.235054020695202,42.903000824459639],[-81.235321929550395,42.902700449123408],[-81.235560006235048,42.902433518759373],[-81.235778443460333,42.902188605628041],[-81.237091833401934,42.900607303048545],[-81.243249151234991,42.892986916296024],[-81.24695656430967,42.888404962483811],[-81.249044508316146,42.885819614698171],[-81.25060783956387,42.883891914547476],[-81.252548702446276,42.881495150947146],[-81.253956047372355,42.879750111707537],[-81.255647273189794,42.877653177458299],[-81.257147246761008,42.875793749072699],[-81.25822378316326,42.874461379170285],[-81.261510435611953,42.870398121949357],[-81.266264089153097,42.864520082257521],[-81.269001144972094,42.861135031295845],[-81.271922153654316,42.857510080944877],[-81.276816980202057,42.851432266543299],[-81.279694524290164,42.847891183732919],[-81.280058307123937,42.847448511310624],[-81.279402918729545,42.847583652434274],[-81.279539449666359,42.847414525181186],[-81.282611403718562,42.843608875441177],[-81.283641598300903,42.842332507691808],[-81.284879066213236,42.840799254627704],[-81.287007715140007,42.83816159861739],[-81.288648910150528,42.836222595529556],[-81.289402933378597,42.835422350602585],[-81.290477465409907,42.834365302045043],[-81.292126853337862,42.832903093588207],[-81.293166599944016,42.83206587823399],[-81.294567793498629,42.831023226073604],[-81.295680068450878,42.83021676864395],[-81.297680946840146,42.828765947101857],[-81.300157357456541,42.826970176939199],[-81.301361660543066,42.826096819816783],[-81.300720531664624,42.824727437779707],[-81.299295809953506,42.82497736179657],[-81.298789575793251,42.825067364147152],[-81.297156465218762,42.825474863069758],[-81.297176997540348,42.825519013486094],[-81.290229703387539,42.827125017011802],[-81.285035291582219,42.828427352003352],[-81.278279564480286,42.830143871502749],[-81.266672215947523,42.833057864909712],[-81.264673071660354,42.833556751966555],[-81.245941433755007,42.838191461549513],[-81.223228350870031,42.843747168713264],[-81.220059686378818,42.844503978913117],[-81.211154567189766,42.84661539385398],[-81.20987599422142,42.84691847847305],[-81.209719652250669,42.846982259713968],[-81.20962280424564,42.847021768737278],[-81.209578533061958,42.847039828018218],[-81.209281070748062,42.847161180392661],[-81.20894488360176,42.847245824902814],[-81.208608690650792,42.847330472037569],[-81.205275813998114,42.848169549845807],[-81.201942846808933,42.849008534305185],[-81.201691443523202,42.849071812995639],[-81.198286012511744,42.849910660033061],[-81.19488048900341,42.850749405846742],[-81.194731446281608,42.850780605320402],[-81.194582403409143,42.850811804600177],[-81.193903098773276,42.850980884690294],[-81.193530799219616,42.851073548979954],[-81.193422830209713,42.85110021067635],[-81.187408426426785,42.852585299099708],[-81.180166413564308,42.854372992535062],[-81.179875190716714,42.854444351090635],[-81.177000607799613,42.855162390765976],[-81.174125962951805,42.855880354690754],[-81.173320523970318,42.856081501990715],[-81.172724906827895,42.856230244137635],[-81.172129286827627,42.856378986789444],[-81.169227594352691,42.857094761023276],[-81.166325834645519,42.857810461744087],[-81.165424568078848,42.858032736226413],[-81.164699918552245,42.858211444934469],[-81.163079951422773,42.858626008970425],[-81.161459957661407,42.859040550098705],[-81.159724216771039,42.859485188679102],[-81.157988450884645,42.859929793747469],[-81.157670929693978,42.860009932044477],[-81.157639735360291,42.860017806015712],[-81.157540627841939,42.860042818695753],[-81.157291018833476,42.860105813620031],[-81.156069141065473,42.860410557597959],[-81.154847246358273,42.860715292147731],[-81.154584393238665,42.860794505031286],[-81.150466819441803,42.861812096928837],[-81.143387333734253,42.863575199391775],[-81.140471333676444,42.864301255695331],[-81.136293398675534,42.865361694479731],[-81.133448393508019,42.866083701364182],[-81.129246806543023,42.867083452314255],[-81.127097446999329,42.867594812797925],[-81.122052095864291,42.868881288131433],[-81.121794272691446,42.868937510799547],[-81.114909699218757,42.870633419477279],[-81.11493173242647,42.870723511548526],[-81.115543664706763,42.873225664681755],[-81.115600129331668,42.873460440455368],[-81.116989393534865,42.879236482268666],[-81.117094574640419,42.879228122303267],[-81.118641907910813,42.885067438360096],[-81.118689230318651,42.885245996276737],[-81.120174531639961,42.89107200030125],[-81.119783262174607,42.891107397587071],[-81.121349271359307,42.896961856935519],[-81.121396923460878,42.897139984358382],[-81.124615411960633,42.90916807207752],[-81.124659334991321,42.909346572832845],[-81.126138079450428,42.915355687710388],[-81.125305454590006,42.915444197713917],[-81.126762689513868,42.921569402424403],[-81.126805172059207,42.921747950388017],[-81.126799678818443,42.921748471570872],[-81.119763401128594,42.922417478280416],[-81.119725550443306,42.922421112753504],[-81.115093360451965,42.922865955522994],[-81.116502473493313,42.92866926569171],[-81.116507927412471,42.928691722720735],[-81.11446141392581,42.928875025983629],[-81.10717746554235,42.929527141550899],[-81.108714775773038,42.935245681929544],[-81.1108715156643,42.93505982819601],[-81.11093517247464,42.935311245554921],[-81.111261769806973,42.936601430256054],[-81.113167201302801,42.944127551413025],[-81.113452661294673,42.944923521147857],[-81.114212551425652,42.947927684518831],[-81.114370200063348,42.94855090479323],[-81.115554440131163,42.953232006843926],[-81.116581607939125,42.953142523808481],[-81.116630371889059,42.953348249352523],[-81.11846297075418,42.961078318980064],[-81.119129293949115,42.963869223990216],[-81.120583242223702,42.969290361314677],[-81.120660280534224,42.969561324013291],[-81.120953344664912,42.970706331383653],[-81.120998963603512,42.970884559666317],[-81.121100822218608,42.971296130765808],[-81.122468604915412,42.97684104419983],[-81.122477742336031,42.976837680913576],[-81.122500292986842,42.976829998821479],[-81.122523335988859,42.976823220312667],[-81.122546749231873,42.976817612069382],[-81.122570778713339,42.976813534033106],[-81.122595307415708,42.976811346533808],[-81.122620200212751,42.976809702548934],[-81.122644476398847,42.976806344643073],[-81.122668382334012,42.976801816462277],[-81.122693029658208,42.976800079071289],[-81.122717555952164,42.976799152266231],[-81.122742082789884,42.97679849921122],[-81.122766610873853,42.976798472906474],[-81.122791138592291,42.976798262892245],[-81.122815667930595,42.976798866934566],[-81.122840197986392,42.976799831175917],[-81.12286460827103,42.976802236360989],[-81.1228887761458,42.976806082621486],[-81.122912948936332,42.976809932473621],[-81.122937482758005,42.976812784164814],[-81.122962262049413,42.976815729240364],[-81.122986675223586,42.976819578818692],[-81.123009866835304,42.976825857486965],[-81.123024474874356,42.976832775735318],[-81.123044242256327,42.976843920845639],[-81.123058491898945,42.976855612192352],[-81.123071398434334,42.976870280275449],[-81.123080382079038,42.976885755832669],[-81.123084949415741,42.976900609381374],[-81.123086203784396,42.976917087415302],[-81.123089059543616,42.976934644342407],[-81.123089586028783,42.976952654030569],[-81.123090235155033,42.976970663586798],[-81.123088676747329,42.976988675516843],[-81.123083806497476,42.97700642085433],[-81.123075500863791,42.977023449475304],[-81.123072220097441,42.977038765320877],[-81.123074562845829,42.977045066390787],[-81.123082063338217,42.97705478386294],[-81.12309374601891,42.977070710374704],[-81.123108246574162,42.977085193034306],[-81.123116470526796,42.97708869618841],[-81.123136594251179,42.977093987566484],[-81.123159785082677,42.977099815948549],[-81.123182732433989,42.97710654510059],[-81.123205312945856,42.977113814950521],[-81.123226915211589,42.977122526669412],[-81.12324054563345,42.977131156916393],[-81.123252587300243,42.977142580461802],[-81.123261934291421,42.977155721483918],[-81.123269940321151,42.977172912654403],[-81.123279171867836,42.977189652248015],[-81.123287895771043,42.977197841119299],[-81.123295136273029,42.977200171051265],[-81.12330275082391,42.977205565924933],[-81.1233197017729,42.977218788802048],[-81.123335422836121,42.977232726207845],[-81.123352618535023,42.977245675060409],[-81.123363050966589,42.977249626073039],[-81.123374341393514,42.977250874621916],[-81.123397397420732,42.977250579614818],[-81.123421924423084,42.977249922811907],[-81.123437861309498,42.977246663780981],[-81.123448766298125,42.977241609149509],[-81.123462727775944,42.977231782105129],[-81.123480117063906,42.977218882414078],[-81.123497506351768,42.977205986322396],[-81.12351305385161,42.977192011600245],[-81.123522855774709,42.977187318357011],[-81.123532787187358,42.977186046921354],[-81.123549958222682,42.977186662349403],[-81.12356431390576,42.977189975148015],[-81.123587504813571,42.97719580344323],[-81.123611310778301,42.977200103800008],[-81.123635478674686,42.977203859851237],[-81.123659645852214,42.977207255693102],[-81.123684056871014,42.977209930856198],[-81.123708587103351,42.977210894911209],[-81.123733113003169,42.977209697735191],[-81.12374671931822,42.977206261078003],[-81.123763139155912,42.977199219326394],[-81.12378128084346,42.977194607094653],[-81.123805557117151,42.977191248942638],[-81.123830082645839,42.977189871643745],[-81.123854611426566,42.977190115258864],[-81.123879141472827,42.977190989226244],[-81.123903308658598,42.977194385016631],[-81.123921347584016,42.977199678513358],[-81.123943199445264,42.977208029621615],[-81.123963333777922,42.977218547418282],[-81.123982366147914,42.97722996331558],[-81.124000292199895,42.97724255107471],[-81.124008038144638,42.977252268219885],[-81.124021069613477,42.977267923021365],[-81.124033366145611,42.977284028874038],[-81.124045048934093,42.977299865236638],[-81.124059548499091,42.97731371741731],[-81.124072195775213,42.977321268015295],[-81.124091466418008,42.97732917163664],[-81.124114291314356,42.977335900734403],[-81.124133305996963,42.977338491601579],[-81.124157475066127,42.977342787848841],[-81.124178828291065,42.977349525734084],[-81.124197983750449,42.977358686578071],[-81.124216766562057,42.977370372860705],[-81.124234941803735,42.977382420004716],[-81.12425226055575,42.977395458639457],[-81.124267251662872,42.977409760516288],[-81.124281753117089,42.977424513179102],[-81.124290119592075,42.977437831681662],[-81.124297145355214,42.977455293997586],[-81.124304293945485,42.977472846230903],[-81.124309480452609,42.977490490645899],[-81.124310988433649,42.977508499260693],[-81.124310414769099,42.977528131058868],[-81.124309102720503,42.977546506543291],[-81.1243060729512,42.977564520085956],[-81.124299730758679,42.977581996918069],[-81.124293879311935,42.977599563268136],[-81.124287777498012,42.977617043440496],[-81.124280699435232,42.97763451746836],[-81.124275216267151,42.977652263519964],[-81.124271818556423,42.977670277460888],[-81.124268420662375,42.977688201350588],[-81.124261828266256,42.977703247067865],[-81.12425254136393,42.977720096734863],[-81.124249990172373,42.97773216637291],[-81.124249291494408,42.97775063124142],[-81.124246874909502,42.977768644116288],[-81.124241140445022,42.977783415145055],[-81.124232584836321,42.977800444118984],[-81.124233333380786,42.977806746894586],[-81.124239003213944,42.977820788736828],[-81.124249091449542,42.977836450307379],[-81.124255844045734,42.977840048629595],[-81.124274632457485,42.977852001447339],[-81.124283358392788,42.977861087150039],[-81.124295041354955,42.977876923485347],[-81.124304273285276,42.97789366299375],[-81.124310441331858,42.977911486443965],[-81.124316241454025,42.977929310293355],[-81.124324247878135,42.977946501387244],[-81.124332114065112,42.977954957661126],[-81.124342060100119,42.977960890239949],[-81.124358152791359,42.977974020240453],[-81.124366515002009,42.977985177510632],[-81.124379423536837,42.978000565851126],[-81.124393305226562,42.978011987275281],[-81.124411480691904,42.978024034389612],[-81.124427207483023,42.978038155341764],[-81.124442933918147,42.978052096189614],[-81.12446110940499,42.978064143295938],[-81.12447928508783,42.978076284052463],[-81.12448531057089,42.978084198407799],[-81.124498219148805,42.978099583132519],[-81.124511128278257,42.978115238008883],[-81.124524159693905,42.978130712648237],[-81.124536455991716,42.978146551892905],[-81.124551447900004,42.978161127485528],[-81.124564218409532,42.978168854394347],[-81.124584598077064,42.978179188108335],[-81.12460436635385,42.978190422996754],[-81.1246207035379,42.978203102437384],[-81.124633363796164,42.978216956545609],[-81.124644434252289,42.978233067266949],[-81.124647890629333,42.978244136204871],[-81.124647791093878,42.978255576424154],[-81.124645251962505,42.978273589439262],[-81.124639151981143,42.978289531550949],[-81.124632299775044,42.978297373470866],[-81.124625559662576,42.978299992295838],[-81.124603869600989,42.978308840932094],[-81.12458500433172,42.978319667617164],[-81.124567364220212,42.978332293990753],[-81.124548378300418,42.978344114966852],[-81.124533672167814,42.978349624093987],[-81.124510874097737,42.978356399137255],[-81.124488322225247,42.97836362776652],[-81.124464908936645,42.978369416508009],[-81.124442478789561,42.978376194739624],[-81.124427285333965,42.978383325305344],[-81.12440903504428,42.978395051805244],[-81.124396549178812,42.978406862088903],[-81.124386153339955,42.97842119513696],[-81.124375511288889,42.978437505976984],[-81.124364751675714,42.978453906994972],[-81.124355078973892,42.978461932065038],[-81.124338671569404,42.978475277473819],[-81.124320053304416,42.97848700435906],[-81.124301189933419,42.978498825160734],[-81.124284659856372,42.978512167092852],[-81.124280627481895,42.97851955567338],[-81.124279786211389,42.978528115057266],[-81.124282749606493,42.978538013874704],[-81.12428854941723,42.978555657621385],[-81.124297781447751,42.978572397128197],[-81.124306506037385,42.978580762419497],[-81.124319030596908,42.978588133019251],[-81.12433781907481,42.978599999375774],[-81.124349001090465,42.978610613275436],[-81.12436558561798,42.978624283046521],[-81.124383517429735,42.978637054440718],[-81.124399489296167,42.978650995026314],[-81.124415215699969,42.978664845825215],[-81.124430574723164,42.978678967175021],[-81.124446301504307,42.978692998071665],[-81.124461661086485,42.978707389570332],[-81.1244759176043,42.978722142471476],[-81.124488213637392,42.978737798015416],[-81.124492282705859,42.978748603341067],[-81.124497837300495,42.978766243741127],[-81.124497985379847,42.978778850754011],[-81.124497285856592,42.978796865365361],[-81.124497567481029,42.978814875307407],[-81.124501641091101,42.97882792830665],[-81.1245071706293,42.978833145263991],[-81.124519099304138,42.978849071357651],[-81.124523538128827,42.9788607731901],[-81.124531038707076,42.978870310461538],[-81.124536192139857,42.978871475520826],[-81.124547732357954,42.978877226243824],[-81.124559279303611,42.978886308854243],[-81.124566534964899,42.978896026492315],[-81.124568760382047,42.978904849091997],[-81.124567059725209,42.978912959156482],[-81.124560717461634,42.978930432396929],[-81.124551553101753,42.978947281951235],[-81.124542734870175,42.978955759964954],[-81.124525099466979,42.978968382723501],[-81.124506235436058,42.978979929802925],[-81.124487863437736,42.978992200356039],[-81.124471087986905,42.979005546182869],[-81.124455908727697,42.979019790784072],[-81.124443307909061,42.979035473399797],[-81.124432302738683,42.979051784638123],[-81.124422524556422,42.979068364695344],[-81.124414341661122,42.979085393273856],[-81.124405422346783,42.979102152498456],[-81.124395387967425,42.979113329757432],[-81.124383018798198,42.979122261873798],[-81.124364150143563,42.979133985434949],[-81.124346392203833,42.979146705554051],[-81.124333663054443,42.979159593106395],[-81.12432143011165,42.979175275308734],[-81.124311652242895,42.979192035458233],[-81.124307999561509,42.979205280558837],[-81.124307784195508,42.979220135644567],[-81.124311497657288,42.979237061243857],[-81.12431629098171,42.979242098907172],[-81.124329567333447,42.979257303145822],[-81.124342721416582,42.97927269122026],[-81.124354020937901,42.979280693504734],[-81.124374033909362,42.979291477908674],[-81.124394046343198,42.979301992155996],[-81.124415038676219,42.979311874976062],[-81.124437375575809,42.979319505049702],[-81.124454318624331,42.979328401701046],[-81.124473841955137,42.97933963687602],[-81.124493609675667,42.979350421525652],[-81.124503670784193,42.979352481760756],[-81.124527839766714,42.979356331274111],[-81.124552009101222,42.979360353680349],[-81.12457544530001,42.979365731249942],[-81.124597787704715,42.979373638643992],[-81.124618412514451,42.979383698327119],[-81.124638792047065,42.97939376187562],[-81.124652535627121,42.97939734895867],[-81.124676704090589,42.979400928287433],[-81.124700871996382,42.979404230253898],[-81.124724064025614,42.979410148366405],[-81.124746645379872,42.979417327857014],[-81.124768859712873,42.979424957999363],[-81.124790462644228,42.9794334893163],[-81.12481218804507,42.979441930444388],[-81.12483318049253,42.979451813187382],[-81.124848287228318,42.979462332705012],[-81.124855541188239,42.979471153415361],[-81.124861085033999,42.979483397937514],[-81.124862704020501,42.979495549485577],[-81.124862740463655,42.979513559691974],[-81.124865843052859,42.97953156655354],[-81.124869558508848,42.979549392643882],[-81.124874132488358,42.979567217797474],[-81.124879319707588,42.979585045883809],[-81.124884261805519,42.979602957084445],[-81.124891042510328,42.979620329573372],[-81.124899652520384,42.979632567145707],[-81.12491329703812,42.979647770913836],[-81.124925593374329,42.979663430009957],[-81.124929662573479,42.979674231716089],[-81.124934236579676,42.979692056866853],[-81.124936480675501,42.97971006466296],[-81.124939460832351,42.97972816170676],[-81.124945123527823,42.979738511416727],[-81.124957175137439,42.979754437327948],[-81.124968245765103,42.979770454360107],[-81.124980787972333,42.979786379733135],[-81.124993206992414,42.979802035085555],[-81.125003297378854,42.979818503440718],[-81.125012529800188,42.979835246487745],[-81.125020781602018,42.979852260758726],[-81.125029156405262,42.97986944779305],[-81.125039246812349,42.979885916144838],[-81.125047477634979,42.979892570943782],[-81.125065898710673,42.979904437579357],[-81.12508566672291,42.979915225727339],[-81.125103340423735,42.979921416344439],[-81.125112907590079,42.979921766092367],[-81.125128233669344,42.979919408007383],[-81.12514858113552,42.979913532432541],[-81.125172243161089,42.979909184100229],[-81.125196768459702,42.97990717615064],[-81.125215892556028,42.979902832772744],[-81.125238691112017,42.979896053988242],[-81.125260259541491,42.979887475520833],[-81.125269934725011,42.97988062103947],[-81.125277152771034,42.979871698068422],[-81.125277263899704,42.979866024719627],[-81.125277840567477,42.979848013843458],[-81.125281991906078,42.979838827676858],[-81.125288480824651,42.979833233796377],[-81.125300615659427,42.979827277132294],[-81.125312874633053,42.979824472123902],[-81.125328817204732,42.979823734259135],[-81.125353348874228,42.979824881663959],[-81.125369177390709,42.979828372724057],[-81.125391758972881,42.979835552086563],[-81.125413118129515,42.979844717513018],[-81.125429451151746,42.979855051905076],[-81.125447750009172,42.979867098715651],[-81.125462971358644,42.979873565720652],[-81.125478186309607,42.979876884539834],[-81.125500879953378,42.979878844388907],[-81.125525655094449,42.979879083773497],[-81.125550184033884,42.979878876768666],[-81.125572009068648,42.979875881137012],[-81.125595792046667,42.979870722123408],[-81.125618590548868,42.979863943263275],[-81.125639789507915,42.979854644720007],[-81.12566050149691,42.979844716348858],[-81.125670065353262,42.979843445131799],[-81.125745461178184,42.97982778346681],[-81.125749506124592,42.979826608357143],[-81.125772674735359,42.979820909674359],[-81.125796581056022,42.979816110688368],[-81.12582085806639,42.979812662058329],[-81.125840726782542,42.979812640216288],[-81.125865260837386,42.979814954572632]]]},"properties":{"OBJECTID":4,"Ward":"14","Shape.STArea()":131376608.01092564,"Shape.STLength()":59034.155847436676}},{"type":"Feature","id":5,"geometry":{"type":"Polygon","coordinates":[[[-81.129000108948787,43.018114576685271],[-81.129069798514792,43.018256446708321],[-81.129449202273548,43.019028875794156],[-81.128749233247859,43.019239674157369],[-81.128691092267189,43.019954852948644],[-81.128615010438708,43.019977800514788],[-81.129896950522451,43.022412220714529],[-81.129944820945809,43.022503124634767],[-81.13070903094507,43.022259913975169],[-81.132794415347647,43.021586096395168],[-81.134800993026374,43.020950922064536],[-81.137731979494703,43.020021341446821],[-81.141455982288306,43.018832172979316],[-81.145032787286482,43.017689377375845],[-81.148257577475647,43.016662684611759],[-81.149772474017936,43.016180735128657],[-81.151350963237675,43.015678524544263],[-81.154454730502877,43.014678828425083],[-81.157889255517659,43.013578268515126],[-81.160557509341075,43.012724200681795],[-81.161533704693099,43.012411712741667],[-81.164978495560021,43.011314782999534],[-81.16516760101652,43.011254551790771],[-81.168081847784308,43.010326294190911],[-81.176943809551943,43.007487096610674],[-81.177164382466842,43.007416881402868],[-81.17722570914259,43.007539955206177],[-81.177307624969131,43.007699971026099],[-81.177651109542452,43.008384926436655],[-81.17786766588172,43.008816789607366],[-81.178383809629722,43.009865896963674],[-81.17854022034193,43.010183807725248],[-81.179377065674856,43.011883228609427],[-81.179520291247201,43.012174074031762],[-81.179935863906366,43.013017949263009],[-81.180457881485452,43.014096403665825],[-81.180619659096209,43.014426006767508],[-81.180910084149986,43.015013099806048],[-81.181572021280843,43.016287577542805],[-81.182423686458989,43.016064113374831],[-81.18521007841295,43.015264090412117],[-81.185699965921501,43.015123358812623],[-81.190911600555467,43.013626018170626],[-81.19150590094489,43.013455603084189],[-81.195506259649093,43.012308397355767],[-81.196613551215918,43.011988777407247],[-81.200564181902763,43.010851252368099],[-81.201362211179685,43.010619566272482],[-81.204128849806111,43.009809102303841],[-81.20942036441474,43.008266990746904],[-81.207804462842887,43.00494593761541],[-81.207119892543716,43.003618560665203],[-81.206737612357145,43.002882682842653],[-81.206599621965097,43.002617046102067],[-81.205778606518109,43.000916791834513],[-81.205451578929086,43.000235617675145],[-81.205333303136612,42.999994915901951],[-81.205131022491443,42.999583820809008],[-81.205033640049308,42.999385907653824],[-81.20492997480568,42.999175225635021],[-81.204851630022659,42.999016639470163],[-81.204695522447025,42.998700351125535],[-81.204559985458374,42.998424700881955],[-81.204510746743352,42.998324560410609],[-81.204307354022617,42.997914414862358],[-81.204213979400507,42.997733732243589],[-81.20400183362824,42.99732321990966],[-81.203761091312543,42.996857363233907],[-81.203631138418203,42.996564259892352],[-81.203616841562038,42.996532013772757],[-81.203614453603379,42.996526627571754],[-81.202698682837251,42.994461059536398],[-81.202571950632432,42.994194516901665],[-81.20219418010474,42.993393503311729],[-81.201413846722033,42.991702216588891],[-81.200849526824115,42.990477537255735],[-81.200683960818836,42.990118218757729],[-81.200533743356161,42.989793178953327],[-81.20039509779734,42.989493583309191],[-81.200150850283109,42.988965786504771],[-81.199798427099111,42.988207277165529],[-81.199765168384573,42.988135753620497],[-81.199723195635656,42.988033122719486],[-81.199669142102024,42.987900972521686],[-81.199622659692167,42.98780298887764],[-81.199359426159305,42.987247378639246],[-81.199359317472883,42.987247148297762],[-81.199357393271157,42.987243083141166],[-81.199356891846421,42.987242025013757],[-81.199355864284442,42.987239852970269],[-81.199354079650078,42.987236084739123],[-81.199353308980193,42.987234456156735],[-81.199352365415564,42.987232465870122],[-81.199351541632126,42.987230723015351],[-81.199348055100174,42.987223357505826],[-81.199343611422123,42.987213973817312],[-81.199327416306332,42.987179764598707],[-81.199313182452556,42.987149697914433],[-81.199299618014422,42.987121048367271],[-81.199277984156808,42.98707544814328],[-81.199265729215156,42.987049664438963],[-81.199239644750861,42.986994788588447],[-81.199129759758705,42.986763607941256],[-81.199089218763305,42.986678317231885],[-81.19902861185939,42.986550807624887],[-81.198948634603269,42.986382546609939],[-81.198884320902977,42.986247237733231],[-81.198859735267149,42.986204306263495],[-81.198853645300602,42.986193672803587],[-81.198765182465678,42.986010261785445],[-81.198713558020884,42.985903714703383],[-81.195346119218087,42.985847196840545],[-81.192982886185305,42.985806501603335],[-81.192237646366848,42.985793658158947],[-81.18816437166825,42.985722647803286],[-81.183484772986304,42.985622212479377],[-81.179358507612392,42.985538006318805],[-81.175326441595004,42.985457829607334],[-81.171142505034723,42.985363045293234],[-81.171035354356931,42.98536061558444],[-81.166544191000838,42.985272169681956],[-81.166098032642466,42.985262960988152],[-81.16224138208149,42.985183284331178],[-81.15779730657907,42.985085787156173],[-81.153940734091606,42.985012488184658],[-81.152917701959197,42.984993022571778],[-81.148085170560933,42.984887025307621],[-81.143293883086827,42.984793736147793],[-81.138573230130461,42.984695838477052],[-81.133934982501913,42.984593330863859],[-81.133549846209732,42.984585585321703],[-81.130547955477766,42.984525167084612],[-81.130545604901712,42.984586382934957],[-81.130499436385136,42.984648660925529],[-81.130477442705583,42.984639875394514],[-81.130315625544199,42.984726195463544],[-81.13034364137124,42.984726714676746],[-81.12997281064834,42.985229254332062],[-81.129853226532603,42.985405022196687],[-81.129766904558267,42.985547152346854],[-81.129567115288012,42.985921461883116],[-81.129689047446234,42.985888541580941],[-81.130709911541331,42.985612908102205],[-81.130380134708886,42.985985310651472],[-81.130103558154033,42.986334159231959],[-81.130064465940066,42.986418822897349],[-81.129776306471157,42.987042869216836],[-81.129698408291333,42.987211562004653],[-81.129211039369665,42.987379784776728],[-81.129048228476947,42.987673185650991],[-81.129064707483295,42.987775465120116],[-81.129206215738606,42.988653879944643],[-81.129221608688226,42.989113461675807],[-81.129377625911673,42.989584573131197],[-81.12939736558539,42.989872393653648],[-81.129523063229627,42.990472301326051],[-81.128627965121851,42.990742642620873],[-81.121725669325144,42.992786436077566],[-81.121812365382496,42.992955877497813],[-81.12481859988759,42.998830651015645],[-81.121370248933644,42.999870806028134],[-81.119404106286012,43.000523527849438],[-81.117970441053089,43.000975658008386],[-81.11456688452482,43.002006513207988],[-81.115479126013128,43.003796697322777],[-81.115491357460613,43.003797376571868],[-81.115503593870145,43.003798084630922],[-81.115515825405922,43.003798810703756],[-81.11552805698922,43.00379956198946],[-81.115540288593095,43.00380032407994],[-81.115552520224242,43.003801100577228],[-81.11556474696819,43.003801887884229],[-81.115576978633712,43.003802682389036],[-81.1155892053918,43.003803476897488],[-81.115601437057947,43.00380427139968],[-81.115613663803131,43.00380505870146],[-81.115625895449654,43.003805842394961],[-81.11563812706946,43.003806611679039],[-81.115650358662549,43.003807366553673],[-81.115662590222115,43.003808103416901],[-81.1156748217482,43.003808822268653],[-81.115687058128259,43.003809512297956],[-81.115699294454529,43.003810173509727],[-81.115711530726969,43.003810805903946],[-81.115723771833046,43.003811398669619],[-81.11573601287175,43.003811955413703],[-81.115748258744048,43.003812472529226],[-81.115760504521859,43.003812939215052],[-81.115772750211931,43.003813359073206],[-81.115785000708456,43.003813724894684],[-81.115797256011419,43.003814036679479],[-81.115809516080176,43.003814272815433],[-81.115821800478116,43.003814397262403],[-81.115834099416674,43.003814424438403],[-81.115846412909363,43.003814361547505],[-81.115858736055088,43.003814212196708],[-81.115871078689651,43.003813987182156],[-81.115883431017778,43.003813697319814],[-81.115895788131695,43.003813342614713],[-81.115908159873968,43.003812937464957],[-81.115920531534798,43.003812489089547],[-81.115932912943265,43.003812004682594],[-81.11594529429054,43.003811487856069],[-81.115957680511514,43.00381095301308],[-81.115970066705174,43.003810403760646],[-81.115982452891814,43.003809850904837],[-81.115994834177272,43.003809301654712],[-81.11600721056827,43.003808759612241],[-81.116019586999727,43.003808239180628],[-81.116031948755122,43.003807743976779],[-81.116044310578104,43.003807284791868],[-81.116056657752182,43.003806865242858],[-81.116068990297748,43.003806496135816],[-81.116081313136135,43.003806184669827],[-81.116093621379946,43.003805941655983],[-81.116105915036016,43.00380577069626],[-81.116118189210226,43.003805678999768],[-81.11613044392972,43.003805680974551],[-81.116142679194567,43.003805776620638],[-81.116154895025176,43.00380597674414],[-81.116167086534219,43.003806292156121],[-81.116179248827549,43.003806730065612],[-81.116191386819793,43.003807294069652],[-81.116203500531441,43.003807994974359],[-81.116215580160571,43.003808839993731],[-81.116227630635393,43.00380983992892],[-81.116239647055053,43.003810998386925],[-81.116251634340955,43.003812322566802],[-81.116263582704903,43.00381382688667],[-81.116275497000359,43.003815482525312],[-81.116287396729405,43.003817221024313],[-81.116299281871704,43.003819031577535],[-81.116311147526318,43.00382091779209],[-81.11632300350206,43.003822876055906],[-81.116334839976616,43.003824902776969],[-81.116346661850983,43.003826994348252],[-81.116358474032992,43.003829150764759],[-81.116370266707108,43.00383137203653],[-81.116382054583113,43.003833650944486],[-81.116393822944502,43.003835991105653],[-81.11640558159327,43.003838385305976],[-81.116417330536208,43.003840837147536],[-81.116429064845221,43.003843335829217],[-81.116440789441668,43.003845888550046],[-81.116452504312008,43.00384848810603],[-81.116464209449433,43.003851130895121],[-81.116475904860764,43.003853820519382],[-81.116487595440248,43.003856549769715],[-81.116499271372291,43.003859318656126],[-81.116510942472502,43.003862127168667],[-81.116522608727237,43.003864968103223],[-81.116534265228822,43.003867841464832],[-81.116545911977198,43.003870747253487],[-81.116557558781167,43.003873681857179],[-81.116569195818371,43.003876641683867],[-81.116580827996572,43.003879626728562],[-81.116592455315825,43.003882636991236],[-81.116604077762489,43.00388566526788],[-81.116615700244353,43.003888711553458],[-81.116627317846863,43.003891772250974],[-81.116638930570005,43.003894847360428],[-81.116650543321569,43.003897936876818],[-81.116662151180122,43.003901033601061],[-81.116673759053498,43.003904137528153],[-81.116685366941667,43.003907248658173],[-81.116696974837822,43.003910363388997],[-81.116708577827382,43.003913478123671],[-81.116720185725882,43.003916592852136],[-81.11673179361874,43.003919703977409],[-81.116743401505929,43.003922811499471],[-81.116755009373847,43.003925908214285],[-81.116766622137035,43.003928997718859],[-81.116778239788701,43.003932076411147],[-81.116789857414233,43.003935140694146],[-81.116801479921406,43.003938190562842],[-81.116813102388775,43.003941218818206],[-81.116824734638712,43.00394422905223],[-81.116836371756605,43.003947217667914],[-81.116848008834666,43.003950184670224],[-81.116859655674759,43.003953122845111],[-81.116871307369152,43.003956032197593],[-81.1168829688187,43.003958909120627],[-81.116894635122506,43.003961757221262],[-81.116906306266856,43.003964569295391],[-81.116917992067314,43.00396734533301],[-81.116929682694604,43.003970078140121],[-81.116941412489524,43.003972760477531],[-81.116953176523751,43.003975381544166],[-81.116964979732401,43.003977955743139],[-81.116976812293004,43.003980479482422],[-81.116988684028001,43.003982956354001],[-81.11700058022079,43.003985389974922],[-81.117012505792871,43.003987787544254],[-81.117024455829551,43.00399014546494],[-81.117036430344527,43.003992470941043],[-81.117048419535863,43.003994771186647],[-81.117060433212288,43.003997042589674],[-81.117072461565087,43.003999288762223],[-81.11708449970692,43.004001520515295],[-81.117096552531933,43.004003730639937],[-81.117108615152858,43.004005929947155],[-81.117120682668741,43.004008122044041],[-81.117132755079538,43.00401030693056],[-81.117144827477546,43.004012484611764],[-81.117156899883227,43.004014665893706],[-81.117168972296611,43.004016850776388],[-81.117181039816757,43.004019042866886],[-81.117193097535875,43.004021242170239],[-81.117205145467693,43.004023455890447],[-81.117217183619019,43.004025687629593],[-81.117229207082119,43.004027937392671],[-81.117241215863856,43.004030208781728],[-81.117253205070142,43.004032509005839],[-81.117265174700975,43.004034838065024],[-81.117277119862308,43.004037203168394],[-81.117289035639516,43.004039600718897],[-81.117300926954115,43.004042037915617],[-81.117312788905167,43.00404451836561],[-81.11732461659183,43.004047045675925],[-81.117336410020883,43.004049623448601],[-81.117348169192439,43.00405225168366],[-81.117359884304619,43.004054937595242],[-81.117371560265212,43.004057681178324],[-81.117383192180228,43.004060489641944],[-81.117394780042829,43.004063359384183],[-81.117406318965791,43.004066301216106],[-81.117417804041438,43.004069315142786],[-81.117429235276603,43.004072404766248],[-81.117440612678195,43.00407557368856],[-81.117451936246241,43.004078821909722],[-81.11746319618581,43.0040821602459],[-81.117474392483217,43.004085581493072],[-81.117485525165904,43.004089100059382],[-81.117496589319316,43.004092712347806],[-81.117507589858121,43.004096421955381],[-81.117518512065857,43.004100232499262],[-81.117529365771887,43.004104151173479],[-81.117540141153796,43.004108174386054],[-81.117550838232205,43.004112312943128],[-81.117561457007199,43.004116566844701],[-81.117572017041311,43.00412090005036],[-81.117582557528124,43.004125276499543],[-81.117593068659033,43.004129699804352],[-81.117603560242699,43.004134166352664],[-81.117614022470491,43.004138679756622],[-81.117624465144218,43.004143232802079],[-81.117634883356118,43.004147825494123],[-81.117645272212158,43.004152465041805],[-81.11765564641513,43.004157140623924],[-81.117665991255365,43.0041618594597],[-81.117676311626994,43.004166614340072],[-81.117686612444643,43.004171408861929],[-81.117696888800594,43.004176243030408],[-81.117707145595702,43.004181113238388],[-81.117717377929111,43.004186023093027],[-81.117727585787065,43.004190965390173],[-81.117737774084247,43.004195943726884],[-81.11774793791291,43.004200958108171],[-81.117758082173921,43.004206004927035],[-81.117768206874217,43.004211087785414],[-81.117778307092237,43.004216199484368],[-81.117788387749528,43.004221347222924],[-81.117798448832389,43.004226523796973],[-81.117808485439866,43.004231732813622],[-81.117818502472929,43.004236970665808],[-81.117828499931534,43.004242237353523],[-81.117838472907934,43.004247532881863],[-81.117848431224601,43.004252860842705],[-81.117858369953083,43.004258210435061],[-81.117868284199389,43.004263588868028],[-81.117878183779098,43.004268996131515],[-81.11788805886286,43.004274425031547],[-81.117897919273162,43.004279879160087],[-81.117907760102199,43.004285358522196],[-81.117917581349985,43.004290863117824],[-81.117927383009672,43.004296389344994],[-81.11793716508123,43.004301937203728],[-81.117946932472464,43.004307506688939],[-81.117956680275583,43.004313097805692],[-81.117966408483696,43.004318706951992],[-81.117976117103723,43.004324337729855],[-81.117985811036576,43.004329986532177],[-81.117995490282212,43.004335653358986],[-81.118005149932884,43.004341338215347],[-81.1180147899817,43.004347037499237],[-81.118024415343314,43.00435275480762],[-81.118034026017781,43.00435849014049],[-81.118043617083472,43.004364236298855],[-81.118053193462018,43.004370000481764],[-81.118062755139604,43.004375775485101],[-81.118072297215335,43.004381564915995],[-81.118081824590107,43.004387365167375],[-81.118091337270826,43.004393179841252],[-81.118100835243709,43.004399001733553],[-81.118110318515647,43.004404834446341],[-81.118119787086627,43.004410677979614],[-81.118129236048858,43.004416532338439],[-81.118138675204165,43.004422390308612],[-81.118148099658498,43.004428259099285],[-81.118157509405023,43.00443413510844],[-81.118166904443683,43.004440018336048],[-81.118176284767557,43.004445905180113],[-81.118185650376702,43.004451795640655],[-81.118195001277996,43.004457693319637],[-81.118204342365459,43.004463591008019],[-81.118213668745028,43.004469495914883],[-81.118222985310766,43.004475400831105],[-81.118232287161746,43.004481309363804],[-81.118241574284099,43.004487214308931],[-81.118250846691708,43.0044931228705],[-81.118260114193276,43.004499031436403],[-81.118269362065348,43.004504940021846],[-81.118278605024443,43.00451084500957],[-81.118287828347093,43.004516746414787],[-81.118297046763701,43.004522647824331],[-81.118306250451681,43.00452854564633],[-81.118315444311946,43.004534436273666],[-81.118324598952867,43.004540348553],[-81.118333523252716,43.004546430365316],[-81.118342197614751,43.00455269974109],[-81.11835063674171,43.004559145859098],[-81.118358865145112,43.004565754285863],[-81.118366892612897,43.004572510603239],[-81.118374738755634,43.00457940398482],[-81.118382423183846,43.004586423604295],[-81.118389960586484,43.004593551436344],[-81.118397365666254,43.004600776659636],[-81.118404658033683,43.004608088447881],[-81.118411857292443,43.00461547237262],[-81.118418978138351,43.004622914010575],[-81.118426040181902,43.004630402535362],[-81.118433053211135,43.004637923528698],[-81.118440041744435,43.00464546615914],[-81.118447020477646,43.004653016003381],[-81.118454009014386,43.004660558632956],[-81.118461017149542,43.004668083231643],[-81.118468074309419,43.004675578962875],[-81.118475185367203,43.004683027811467],[-81.118482369933503,43.004690418950936],[-81.118489652526748,43.004697741549826],[-81.118497042934877,43.004704981189903],[-81.118504560768542,43.00471212704467],[-81.118512220716624,43.00471916108873],[-81.118520042389704,43.0047260724957],[-81.118528045405313,43.004732854041094],[-81.118536244445423,43.004739484097541],[-81.118544654219704,43.004745955445642],[-81.118553294324897,43.004752250054885],[-81.11856216478175,43.004758378731374],[-81.118571128343916,43.004764431667986],[-81.118580165428497,43.00477043409925],[-81.118589271134553,43.004776389632248],[-81.118598440547316,43.004782294670058],[-81.118607668772825,43.004788156421768],[-81.118616960718896,43.004793974882311],[-81.118626311477684,43.004799750056712],[-81.11863571614137,43.004805481950072],[-81.118645179631628,43.00481117776134],[-81.118654692118895,43.00481683029664],[-81.118664253623976,43.004822450362035],[-81.118673859232132,43.004828034360528],[-81.118683513858031,43.004833585889088],[-81.118693207679158,43.004839101355884],[-81.118702945624065,43.004844591561842],[-81.118712717863275,43.004850049313085],[-81.118722529318418,43.004855481808583],[-81.118732375081692,43.004860889053411],[-81.118742250245262,43.004866271052649],[-81.118752154809044,43.004871627806295],[-81.118762083879119,43.004876966523497],[-81.118772037455486,43.004882287204218],[-81.118782015531195,43.00488758624644],[-81.118792018120118,43.004892870854235],[-81.118802030498685,43.004898141042823],[-81.11881206248259,43.004903396802071],[-81.118822109164029,43.004908638137039],[-81.11883216564901,43.004913872256878],[-81.118842231930529,43.004919095559551],[-81.118852303114679,43.004924315254215],[-81.118862379194525,43.004929527738845],[-81.118872455262164,43.004934733018516],[-81.118882536239354,43.004939938292168],[-81.118892607402543,43.004945143575156],[-81.118902678567437,43.00495034885725],[-81.118912744826162,43.00495555414355],[-81.118922801277819,43.004960763041183],[-81.118932843021511,43.004965979157269],[-81.118942874958108,43.004971198884704],[-81.118952887285843,43.004976429437704],[-81.118962884912534,43.004981670811219],[-81.118972858022502,43.004986923015458],[-81.118982811523551,43.004992186045286],[-81.118992735690369,43.004997506737276],[-81.119002630606431,43.005002928315754],[-81.119012506059647,43.005008436362402],[-81.119022371803226,43.005013998448788],[-81.119032242532953,43.005019600151492],[-81.119042118207091,43.005025219858354],[-81.119052013493629,43.005030828737851],[-81.119061943081348,43.00503640876456],[-81.119071911836386,43.005041938321192],[-81.119081929525763,43.005047392183336],[-81.119092005930369,43.005052752330663],[-81.119102150824176,43.005057997140725],[-81.119112378875059,43.005063097782056],[-81.119122690055136,43.005068039846442],[-81.119133103940115,43.005072794497309],[-81.119143630310873,43.005077343714262],[-81.119154269125531,43.005081665885058],[-81.119165039973723,43.005085739377101],[-81.119175947707504,43.005089535369066],[-81.119187002114586,43.005093039442563],[-81.11919821786978,43.005096226368039],[-81.11920959985288,43.005099081732247],[-81.119221153027325,43.005101634346218],[-81.119232857803311,43.005103905842489],[-81.119244709314628,43.005105917838314],[-81.119256692879304,43.00510769196115],[-81.119268793815451,43.005109249838419],[-81.119281002355976,43.005110616694523],[-81.119293303818978,43.005111814156905],[-81.119305688423481,43.005112860245923],[-81.119318136586713,43.005113780196183],[-81.119330648343492,43.005114592017776],[-81.119343199210149,43.005115324552499],[-81.119355784313626,43.005115995815586],[-81.119368388972134,43.005116627434532],[-81.119380998510877,43.005117244638875],[-81.119393608049862,43.005117861841825],[-81.119406193112567,43.005118511487197],[-81.119418748818973,43.005119207988265],[-81.119431265395278,43.0051199729674],[-81.119443723265917,43.005120835261323],[-81.119456112643022,43.005121809288418],[-81.119468423759841,43.005122920273109],[-81.119480641941706,43.005124193444992],[-81.119492752499951,43.00512564682959],[-81.119504750568751,43.005127302044173],[-81.119516611650752,43.005129180726627],[-81.119528335801917,43.005131311693162],[-81.119539903411848,43.005133705770412],[-81.119551304727807,43.005136395386884],[-81.119562525054249,43.005139394966136],[-81.119573549723611,43.005142733339817],[-81.119584383636891,43.005146406900806],[-81.119595114849503,43.005150267873816],[-81.119605767809986,43.005154269406852],[-81.119616347419338,43.005158407892814],[-81.119626853663618,43.005162676127689],[-81.119637286542897,43.005167074111462],[-81.119647650944088,43.005171591032948],[-81.119657956683014,43.005176226881936],[-81.119668193929954,43.005180974464565],[-81.119678372493738,43.005185830168678],[-81.119688492360439,43.005190786790209],[-81.119698553523051,43.005195840727069],[-81.119708565783426,43.005200984765061],[-81.119718529141537,43.005206218904128],[-81.119728443576463,43.00521153233823],[-81.11973830908822,43.005216925067366],[-81.119748135478616,43.00522238987724],[-81.119757922733669,43.005227919563829],[-81.119767665945503,43.005233514132236],[-81.119777379816796,43.005239162761015],[-81.119787059439702,43.00524486545531],[-81.119796709708112,43.005250615005927],[-81.119806330615006,43.005256407810862],[-81.119815927054304,43.005262236660911],[-81.119825499019029,43.005268097954072],[-81.11983505141005,43.005273988083175],[-81.119844584213382,43.005279899844211],[-81.119854107237771,43.005285829624832],[-81.119863610653496,43.005291770231288],[-81.119873109177149,43.005297718046144],[-81.119882597893863,43.005303669472511],[-81.119892081697543,43.005309617301201],[-81.119901565489016,43.00531555792503],[-81.119911044353429,43.00532148774716],[-81.119920528092521,43.005327399553209],[-81.119930016692251,43.00533328613912],[-81.119939510152648,43.005339147504927],[-81.119949013367545,43.005344976441442],[-81.119958531237828,43.00535076934144],[-81.11996806374944,43.005356519000912],[-81.119977610895361,43.005362221817833],[-81.119987182477374,43.005367870577814],[-81.119996754019041,43.005373497724847],[-81.1200062961572,43.005379146514095],[-81.12001581871462,43.00538482053733],[-81.12002531677642,43.005390516197629],[-81.120034790335566,43.005396229893002],[-81.120044239399078,43.00540196522546],[-81.120053668874874,43.005407722189872],[-81.120063083663837,43.005413497179099],[-81.120072473943125,43.005419286601374],[-81.120081849535595,43.005425094048455],[-81.120091205526307,43.005430915923441],[-81.120100546823153,43.005436752221193],[-81.120109873426173,43.005442602941777],[-81.120119185328321,43.005448464483109],[-81.120128487444518,43.005454340442043],[-81.120137774859856,43.005460227221775],[-81.120147057383107,43.005466121209956],[-81.120156325198465,43.005472022416846],[-81.120165583220896,43.005477934439384],[-81.120174836351211,43.005483853670391],[-81.120184084589468,43.005489780109812],[-81.12019332301368,43.00549570655879],[-81.120202561453738,43.005501640211079],[-81.120211794994688,43.005507577469785],[-81.12022102363656,43.005513518334908],[-81.120230252273146,43.005519455597273],[-81.120239480918542,43.005525396460904],[-81.120248709565729,43.005531337323752],[-81.120257943115575,43.005537274578721],[-81.120267176667198,43.005543211832915],[-81.120276415114446,43.00554914187714],[-81.12028565847136,43.005555071915452],[-81.120294906716893,43.005560991141799],[-81.120304159872106,43.005566910362184],[-81.120313422823813,43.005572818765451],[-81.120322695572,43.005578716351572],[-81.120331978130778,43.005584610324576],[-81.120341270479003,43.005590489878372],[-81.120354577498119,43.00559887942881],[-81.120965936900092,43.006784319365735],[-81.121053543758279,43.006953687938861],[-81.124064242521001,43.012773667978216],[-81.124778875038587,43.014141413129067],[-81.125494279440815,43.015508608732283],[-81.125977274739611,43.016456232272247],[-81.127042534018656,43.01848707609431],[-81.127123122001549,43.018640703010291],[-81.128993813414482,43.018101749766409],[-81.129000108948787,43.018114576685271]]]},"properties":{"OBJECTID":5,"Ward":"2","Shape.STArea()":21384058.509135377,"Shape.STLength()":22002.059800645056}},{"type":"Feature","id":6,"geometry":{"type":"Polygon","coordinates":[[[-81.166481134567817,43.049843507460935],[-81.168834371528988,43.054553507665503],[-81.168845805446878,43.054556797434067],[-81.168857268728047,43.054560047536121],[-81.168868761382427,43.054563261573691],[-81.168880278517918,43.054566446757939],[-81.168891815222764,43.054569603096176],[-81.168903376398788,43.054572726979082],[-81.168914957154001,43.054575825617931],[-81.168926557498267,43.054578902614708],[-81.168938177421666,43.054581954367315],[-81.168949812022333,43.054584984485125],[-81.168961456398293,43.054587996577311],[-81.16897312037311,43.054590990629379],[-81.168984794133166,43.054593970257756],[-81.168996477678348,43.05459693546252],[-81.169008171018618,43.054599889845598],[-81.169019874153904,43.054602833407039],[-81.169031582182342,43.05460576975603],[-81.169043295103904,43.054608698892601],[-81.169055008016699,43.054611624425995],[-81.169066725832494,43.054614546348922],[-81.169078443649425,43.054617468270649],[-81.169090161477342,43.054620393793151],[-81.16910187439457,43.054623319321713],[-81.169113587332689,43.054626252053055],[-81.169125290468145,43.054629192001684],[-81.169136988712665,43.05463213916034],[-81.169148677164401,43.054635097138281],[-81.169160360735148,43.054638065928245],[-81.169172029621123,43.054641052748728],[-81.169183688714313,43.05464405038849],[-81.169195328220809,43.054647069668064],[-81.169206957964263,43.054650110572851],[-81.169218568111134,43.054653169515447],[-81.169230163593056,43.054656253692549],[-81.169241739498275,43.054659363111469],[-81.169253290914924,43.054662497779425],[-81.169264817862882,43.054665664900412],[-81.169276325244041,43.054668860865199],[-81.169287808156511,43.054672089282988],[-81.169299261698399,43.054675353763145],[-81.169310690781572,43.054678654298321],[-81.169322085582394,43.054681990903063],[-81.169333451032514,43.054685370774152],[-81.169344782210189,43.054688790316824],[-81.169356084047152,43.054692256727797],[-81.169367346709819,43.054695766419655],[-81.169378575129898,43.05469932658913],[-81.169389764385627,43.05470293364143],[-81.169400914487014,43.054706591178622],[-81.169412020532093,43.054710302809973],[-81.169423087442709,43.054714072130196],[-81.169434110297075,43.054717895544591],[-81.169445084193356,43.054721776662419],[-81.169456014063229,43.054725722680416],[-81.169466899886871,43.054729726394612],[-81.169477731870415,43.054733798625527],[-81.169488510003987,43.054737935771165],[-81.169499239199439,43.054742137824299],[-81.169509914564799,43.054746411996184],[-81.169520531188269,43.054750758294098],[-81.169531093991623,43.054755180312775],[-81.169541607847037,43.054759663637022],[-81.169552072754513,43.054764208266818],[-81.169562493615956,43.054768810592947],[-81.169572875343221,43.05477347060814],[-81.16958320810275,43.054778184724945],[-81.169593506620089,43.054782949319588],[-81.169603761081547,43.054787768008566],[-81.169613976398992,43.05479264078469],[-81.16962415254261,43.05479755684199],[-81.16963428954223,43.0548025269864],[-81.169644397191689,43.054807540397412],[-81.169654465677326,43.054812600691633],[-81.169664499901032,43.054817704259733],[-81.169674499862822,43.05482285110179],[-81.169684470474522,43.054828041210492],[-81.169694406804467,43.054833267389157],[-81.169704313784365,43.054838536834495],[-81.169714196306145,43.054843842335259],[-81.169724044546214,43.054849183906001],[-81.169733868328223,43.05485456153221],[-81.169743667642209,43.054859971611833],[-81.169753442488229,43.054865414144928],[-81.169763192856351,43.05487088552951],[-81.169772918756507,43.054876389367557],[-81.169782620178736,43.054881922057106],[-81.169792306936813,43.054887479981566],[-81.169801969207057,43.054893063155568],[-81.169811616813163,43.054898671564516],[-81.169821244843291,43.054904305215693],[-81.169830853277531,43.054909956905121],[-81.169840447037728,43.054915630227512],[-81.169850031035651,43.05492132517562],[-81.169859595427809,43.054927034560023],[-81.169869150047802,43.054932761968104],[-81.169878689973828,43.054938503805232],[-81.169888225029609,43.054944260056772],[-81.169897745381476,43.054950027135362],[-81.169907260853137,43.054955805026381],[-81.169916766532765,43.054961593737133],[-81.169926267332187,43.054967393260384],[-81.169935758319653,43.054973196399359],[-81.169945249328805,43.054979006741533],[-81.169954735437869,43.054984820692177],[-81.169964221568634,43.054990641846018],[-81.169973702779401,43.054996459404379],[-81.169983184001907,43.055002280563926],[-81.169992665216256,43.05500809812068],[-81.170002151344221,43.055013915669349],[-81.170011637464057,43.055019729615253],[-81.170021128487534,43.055025539951039],[-81.17003062440476,43.055031343074788],[-81.170040125215706,43.055037138986464],[-81.170049635822267,43.055042924076815],[-81.170059151322548,43.05504870195503],[-81.170068671696612,43.055054465417264],[-81.170078206778115,43.055060218050812],[-81.170087751645312,43.055065956261011],[-81.170097311209943,43.05507168004057],[-81.170106880550279,43.055077385794782],[-81.170116464578129,43.055083073516343],[-81.170126063283519,43.055088739603264],[-81.170135681588292,43.055094387650257],[-81.170145309658722,43.055100014069865],[-81.170154962230413,43.055105618840287],[-81.17016462945972,43.055111194772039],[-81.170174321180255,43.055116745452565],[-81.17018402756834,43.055122270896447],[-81.170194643934551,43.055128259644334],[-81.170230627345873,43.055152789782198],[-81.170266404976502,43.055177496712851],[-81.170302030737233,43.055202337132243],[-81.17033755363704,43.05522727134553],[-81.170373017762955,43.05525225606317],[-81.170408477015769,43.055277244378999],[-81.170443985296259,43.055302189386694],[-81.170479586711394,43.055327055000475],[-81.170515330240065,43.055351790719293],[-81.170551269802885,43.055376356840668],[-81.170587459310553,43.055400710060027],[-81.170623937928099,43.055424803492741],[-81.170660759566147,43.05544859383415],[-81.170697978125247,43.05547203417747],[-81.170735642624024,43.055495088429254],[-81.170773660006489,43.055517853981883],[-81.170811648185747,43.055540706013389],[-81.170849597358142,43.055563651742425],[-81.170887532013211,43.055586665918497],[-81.170925471728566,43.055609723298339],[-81.170963426258027,43.05563279865337],[-81.171001420091031,43.055655866732977],[-81.171039467903185,43.055678905903228],[-81.171077589261984,43.05570188731874],[-81.171115798842962,43.055724789345525],[-81.171154121125426,43.055747583130902],[-81.171192565882976,43.055770250650149],[-81.171231157594832,43.055792763050476],[-81.171269910926384,43.05581509509576],[-81.171308845464935,43.055837225144579],[-81.171347980777654,43.055859124351407],[-81.171387326627951,43.055880771089463],[-81.171426912416777,43.055902140100429],[-81.171466747897398,43.055923206155491],[-81.17150685265689,43.055943947613002],[-81.171547251174132,43.055964335619997],[-81.171587948290295,43.055984344954915],[-81.171628973416219,43.056003953961323],[-81.171670341216753,43.056023137402896],[-81.171712066366823,43.056041873645221],[-81.171754173334989,43.056060130233163],[-81.171796578909522,43.056078011749278],[-81.171839131393639,43.056095723735005],[-81.171881816071433,43.056113273416315],[-81.171924637864677,43.056130664387631],[-81.17196758696943,43.056147903867547],[-81.172010658483615,43.056164995465309],[-81.172053852427197,43.056181946384697],[-81.172097158986162,43.056198760242381],[-81.172140573278611,43.056215447851578],[-81.17218409529427,43.056232005610163],[-81.172227720161388,43.056248447933335],[-81.172271438045769,43.056264771233806],[-81.172315248977554,43.056280986317439],[-81.172359148064828,43.056297100395462],[-81.172403125483498,43.056313113482581],[-81.172447186175702,43.056329036377278],[-81.172491315405438,43.05634486910165],[-81.172535518104723,43.056360618852182],[-81.172579784469761,43.056376292847588],[-81.172624109598544,43.056391894697171],[-81.172668488599271,43.056407431612271],[-81.172712921481974,43.056422907194772],[-81.172757398432708,43.056438325061499],[-81.172801919471652,43.056453692416284],[-81.172846474795037,43.056469016477934],[-81.172891064412923,43.056484300848368],[-81.172935678521583,43.056499552746388],[-81.172980317120988,43.056514772171937],[-81.173024980241436,43.056529969930956],[-81.173069653157171,43.056545149647704],[-81.1731143358884,43.056560318526117],[-81.173159023523198,43.056575476573585],[-81.173203711179951,43.056590634603552],[-81.173248393946722,43.056605792623436],[-81.173293071853905,43.056620961439194],[-81.17333773508777,43.056636144667657],[-81.173382383658449,43.056651345910872],[-81.173427007762385,43.056666572387698],[-81.173471602507917,43.056681831309596],[-81.173516167895102,43.05669712267656],[-81.17356069903235,43.056712453700079],[-81.173605186126252,43.056727835201031],[-81.173649634078672,43.056743263570041],[-81.1736940281843,43.056758749635456],[-81.173738368453357,43.056774296999329],[-81.173782649994322,43.056789912873185],[-81.173826872817429,43.056805600858979],[-81.173871080947492,43.056821296054011],[-81.173915303795283,43.056836976801542],[-81.173959536438574,43.056852639507035],[-81.174003778877449,43.056868284170505],[-81.174048031121956,43.056883914393907],[-81.174092298084119,43.056899530169744],[-81.174136569939904,43.056915131512973],[-81.174180851601278,43.056930718416105],[-81.17422514306827,43.056946290879154],[-81.174269444350969,43.056961852504045],[-81.174313755439229,43.05697739968879],[-81.174358071420997,43.056992932440913],[-81.17440239722869,43.057008457956826],[-81.174446727929833,43.057023969040053],[-81.174491068446628,43.057039469285137],[-81.17453541386709,43.057054958699503],[-81.174579769113379,43.057070440877638],[-81.174624129263279,43.057085912225055],[-81.174668494316776,43.057101372741748],[-81.174712864284075,43.057116826029734],[-81.174757239165146,43.0571322720889],[-81.174801618960018,43.057147710919359],[-81.17484600366862,43.05716314252102],[-81.174890393290994,43.057178566893924],[-81.174934787827084,43.057193984038079],[-81.174979182375168,43.057209397562907],[-81.175023581847185,43.057224807460955],[-81.175067986232932,43.057240210130246],[-81.175112390630602,43.057255609180203],[-81.175156799952219,43.057271004603336],[-81.175201209285731,43.057286396407207],[-81.175245618631195,43.057301784591772],[-81.175290032910823,43.057317172751517],[-81.175334501039615,43.057332488771443],[-81.175379067051068,43.05734767135008],[-81.175423726084333,43.05736273850475],[-81.175468468335723,43.057377697454349],[-81.175513284011771,43.057392559019853],[-81.175558168241466,43.057407337616603],[-81.175603101407376,43.057422044080624],[-81.175648088452235,43.057436689210277],[-81.175693104846687,43.057451283849133],[-81.175738155543769,43.057465842397598],[-81.175783225838231,43.057480375684179],[-81.175828305926558,43.05749489092792],[-81.175873386036088,43.057509406153834],[-81.175918456363362,43.057523928580984],[-81.175963512027266,43.057538469022887],[-81.176008543255222,43.057553045504591],[-81.176053540233568,43.057567661643198],[-81.176098498101823,43.057582335456239],[-81.176143397232579,43.057597074177998],[-81.176188237656874,43.057611888614417],[-81.176233004690232,43.057626796798282],[-81.176277693441435,43.057641805941117],[-81.176322294117512,43.057656926864141],[-81.176366796925521,43.057672170388528],[-81.176411192082867,43.05768755093748],[-81.176455474719006,43.057703082926643],[-81.176499630108395,43.057718769980838],[-81.176543653390851,43.057734630117686],[-81.176587534763215,43.05775067055648],[-81.176631264443046,43.057766905720477],[-81.176674832637516,43.057783346430995],[-81.176718229564216,43.057800007111268],[-81.176761450332094,43.057816894973072],[-81.176804480236356,43.057834020845327],[-81.17684731441706,43.057851402745747],[-81.176889928417765,43.057869076732267],[-81.176932278185674,43.057887096903364],[-81.176974383328115,43.05790544882089],[-81.177016253617879,43.057924114460057],[-81.17705789393635,43.057943083007565],[-81.177099323870038,43.057962332821361],[-81.177140543388177,43.057981853095725],[-81.177181572077188,43.058001622188527],[-81.177222419730455,43.058021629278826],[-81.177263096110124,43.058041852739692],[-81.177303615921574,43.058062281742558],[-81.177343979102787,43.058082894675657],[-81.177384210183178,43.058103680695176],[-81.177424309111089,43.058124621791272],[-81.177464295483048,43.058145699923749],[-81.177504174169755,43.058166900677151],[-81.177543954953919,43.058188209628426],[-81.177583657432038,43.058209608737265],[-81.177623286464325,43.058231079986228],[-81.177662851843877,43.058252612554185],[-81.177702368244525,43.0582741848064],[-81.177741840547213,43.058295785929381],[-81.17778128833794,43.058317394280735],[-81.177820716487119,43.058338995444892],[-81.177860134777319,43.058360574998723],[-81.177899562815199,43.058382118503744],[-81.177939000538231,43.058403604348065],[-81.177978472486004,43.058425025289502],[-81.178018013126561,43.058446410090404],[-81.178057612687752,43.058467776775863],[-81.178097256464625,43.058489136174757],[-81.178136924829516,43.058510495521539],[-81.178176608010432,43.058531872841442],[-81.178216276566019,43.058553278986253],[-81.178255920703378,43.058574724777209],[-81.178295525707,43.058596217441327],[-81.17833506706863,43.058617775026796],[-81.178374534984911,43.058639404752952],[-81.178413904937031,43.058661121066116],[-81.178453167121745,43.058682931185672],[-81.178492301942811,43.058704853152229],[-81.178531289772664,43.058726894200618],[-81.178570115916827,43.058749068761841],[-81.178608760758195,43.058771387672685],[-81.178647209581371,43.058793858160335],[-81.178685442790126,43.05881649826555],[-81.178723445679537,43.058839318817505],[-81.178761198622013,43.058862327051102],[-81.178798691835283,43.058885537389841],[-81.178835895877853,43.058908960685976],[-81.178872800967426,43.058932611363112],[-81.178909392388562,43.058956496648484],[-81.178945645622491,43.058980630988749],[-81.178981550876316,43.059005025205508],[-81.179017088543432,43.059029693737799],[-81.179052288075823,43.059054629335847],[-81.179087159276904,43.059079824780611],[-81.179121731588211,43.059105269220368],[-81.179156004957363,43.059130944645432],[-81.179190003924234,43.059156843813639],[-81.179223738260703,43.059182948699949],[-81.179257222692826,43.059209255679541],[-81.179290471904608,43.059235746719644],[-81.179323500590584,43.059262407389397],[-81.179356318554127,43.059289230469673],[-81.179388945401868,43.059316201521924],[-81.179421395838915,43.059343309717228],[-81.179453684559689,43.05937054062472],[-81.179485816444895,43.059397883430869],[-81.179517820936056,43.059425327283641],[-81.179549697980605,43.05945285417323],[-81.179581467206262,43.059480456864975],[-81.179613148230231,43.059508124522139],[-81.179644750824266,43.059535839119498],[-81.179676284791753,43.05956359343768],[-81.179707769739323,43.059591373038025],[-81.179739220361483,43.059619163489465],[-81.179770651373801,43.059646957564929],[-81.179802072547986,43.05967473723905],[-81.179833498599592,43.059702495284768],[-81.17986494913535,43.059730217263279],[-81.179896433948059,43.05975789235314],[-81.179927972644379,43.05978550611546],[-81.179959418152791,43.059813159637535],[-81.179990667548424,43.059840932325187],[-81.180021730645066,43.059868820561114],[-81.180052627049434,43.059896809906689],[-81.180083371476982,43.059924893134891],[-81.180113973731039,43.059953063026363],[-81.180144453418308,43.059981305142408],[-81.180174830177066,43.060009615850198],[-81.180205108887861,43.060037984336134],[-81.180235309168012,43.060066399763393],[-81.180265445732999,43.060094854904861],[-81.180295533287918,43.060123338931476],[-81.180325591460573,43.060151844608299],[-81.180355625131526,43.060180361121674],[-81.180385663753142,43.060208881221207],[-81.180415707283217,43.060237390498969],[-81.180445780282938,43.060265888916256],[-81.180475897436352,43.06029435843989],[-81.180506068557364,43.060322795452322],[-81.18053631326336,43.060351189116631],[-81.180566641357728,43.060379532213247],[-81.180597077359593,43.060407810295409],[-81.18062762617069,43.060436019753361],[-81.180658307397778,43.06046414614805],[-81.18068914067949,43.0604921858463],[-81.180720130896447,43.060520128034398],[-81.180751238824541,43.060547997988095],[-81.180782356605349,43.060575867917599],[-81.180813489151205,43.060603737815185],[-81.18084463644098,43.060631600476853],[-81.180875808288604,43.06065945228513],[-81.180907004683561,43.060687289637947],[-81.180938235439797,43.06071510891779],[-81.180969505459061,43.060742906514946],[-81.18100081963243,43.060770675217576],[-81.181032182882902,43.060798418619875],[-81.181063605003189,43.060826125900334],[-81.181095081081111,43.060853797066663],[-81.181126625832306,43.060881424891534],[-81.181158239256874,43.060909009374917],[-81.181189931158173,43.06093654329721],[-81.181221706448582,43.060964026650559],[-81.181253565106886,43.060991452230965],[-81.181285516947128,43.06101881642082],[-81.181317566871073,43.061046115610246],[-81.181349719780385,43.06107334618941],[-81.181381980576845,43.061100504548513],[-81.181414359074466,43.061127587069826],[-81.181446850350355,43.061154590159113],[-81.18147946913092,43.061181510190913],[-81.181512220307198,43.061208339953367],[-81.181545103879287,43.061235079446391],[-81.181578119857818,43.06126173227176],[-81.181611229007927,43.061288320103728],[-81.18164443134026,43.061314846544121],[-81.181677721963808,43.061341318804644],[-81.181711091053899,43.061367736900806],[-81.181744543522839,43.061394100824735],[-81.181778069567329,43.061420417795937],[-81.181811664264302,43.061446684220137],[-81.181845332547482,43.061472907293499],[-81.181879059690459,43.061499090641306],[-81.181912850594912,43.061525230653743],[-81.181946700380522,43.061551338144469],[-81.181980599201182,43.061577405925128],[-81.182014547088968,43.061603444801598],[-81.1820485391208,43.061629451179705],[-81.182082575318034,43.061655432263322],[-81.182116645855942,43.061681388068088],[-81.182150755646887,43.061707318586087],[-81.182184889975105,43.061733231044784],[-81.182219053763646,43.061759129038272],[-81.182253237177079,43.061785008980195],[-81.182287440226119,43.061810874472535],[-81.182321662932054,43.061836732719229],[-81.182355890557787,43.061862583743711],[-81.182390128015712,43.061888427538179],[-81.182424370404064,43.06191426771241],[-81.182458612831908,43.061940111478222],[-81.182492845463713,43.061965955249249],[-81.182527078134967,43.061991802611892],[-81.182561296119189,43.062017657191596],[-81.182595494514658,43.062043522598152],[-81.182629678233781,43.062069398823787],[-81.182663842385509,43.062095293080311],[-81.182697972211315,43.062121198187285],[-81.182732077578692,43.062147128537021],[-81.182766143739798,43.062173080551027],[-81.182800141327178,43.062199090296239],[-81.182834060537431,43.062225164992405],[-81.182867916075679,43.062251293810036],[-81.182901707941923,43.062277476749266],[-81.182935445928891,43.062303702988459],[-81.182969139850698,43.062329968909999],[-81.183002794598352,43.062356267302086],[-81.183036419985967,43.062382594547088],[-81.183070015992129,43.062408943441049],[-81.183103592430953,43.062435310366318],[-81.183137159095168,43.062461684501251],[-81.183170720897195,43.062488065837968],[-81.183204287629678,43.062514443554832],[-81.18323785929266,43.062540817651808],[-81.183271450591263,43.062567177299428],[-81.183305066416466,43.062593515285755],[-81.18333871168069,43.062619831602952],[-81.183372391274887,43.062646119039165],[-81.183406119904234,43.062672366764787],[-81.183439897568661,43.062698574779766],[-81.183473729159175,43.062724735872251],[-81.183507634304092,43.062750842806743],[-81.183541608069433,43.06277688838707],[-81.183575660280127,43.062802872597423],[-81.183609800728803,43.062828784616016],[-81.183644029393975,43.062854617238848],[-81.183678365925431,43.062880370434286],[-81.183712805378505,43.062906033404161],[-81.183747357567285,43.062931602530668],[-81.183782032295198,43.062957070593917],[-81.183816839376405,43.062982433976096],[-81.183851773876896,43.063007685480997],[-81.183886855424944,43.063032817872973],[-81.183922088933087,43.063057831144008],[-81.183957474358152,43.063082710886029],[-81.183993021525069,43.063107457083113],[-81.184028740248024,43.063132066117312],[-81.18406464030879,43.063156523564778],[-81.184100760910212,43.063180796944302],[-81.184137298088174,43.063204731054448],[-81.184174251853264,43.063228329496795],[-81.1842115878827,43.063251613938178],[-81.184249281678561,43.063274606029623],[-81.184287313644674,43.063297323812328],[-81.184325649458216,43.063319788953194],[-81.184364264632109,43.063342026705371],[-81.184403134657657,43.063364055118008],[-81.184442235026268,43.063385892240369],[-81.18448153634921,43.063407566935517],[-81.184521014096276,43.063429090048821],[-81.184560638889522,43.063450494045419],[-81.184600386198795,43.063471789770695],[-81.184640231547945,43.06349300608003],[-81.184680150428406,43.06351416102283],[-81.184720113419132,43.063535272656452],[-81.184760091120737,43.063556366242317],[-81.184800059035481,43.063577463431919],[-81.184839997556651,43.063598578664944],[-81.18487987239395,43.063619744414765],[-81.18491966392989,43.063640971519121],[-81.18495933785259,43.063662285247545],[-81.184998874566148,43.063683703641793],[-81.185038244682175,43.063705255565495],[-81.185078427618194,43.06372591286619],[-81.185152977036637,43.063759042296219],[-81.193495354394258,43.072430948890585],[-81.193815301259576,43.073061227495579],[-81.196326596915966,43.072339790643589],[-81.200578966557643,43.071118023486953],[-81.201250340141812,43.07092511083524],[-81.207548980759583,43.069076798554718],[-81.208425606626406,43.068868922873726],[-81.211285763001854,43.068049894367029],[-81.214768346540112,43.067029209391016],[-81.217089377945484,43.066348876389661],[-81.21835914617327,43.06598111405561],[-81.221811411172283,43.064981135038586],[-81.22867416214045,43.063004800049136],[-81.235977989385489,43.060845646924662],[-81.236117373746168,43.060802690180807],[-81.236118718134676,43.060802276779448],[-81.264248839762772,43.052537425526374],[-81.264239704404275,43.052525487976006],[-81.263798660228545,43.051949148784288],[-81.263269582346879,43.051196600539527],[-81.262512642073162,43.049789757388723],[-81.262089154969786,43.04897689413049],[-81.261613867411853,43.048059768741922],[-81.261232127511377,43.047330797257075],[-81.260879344139269,43.046627542450722],[-81.260652233054302,43.046177317633301],[-81.260592462522268,43.046058828911086],[-81.260484073059132,43.045843954003509],[-81.260283240074585,43.04544581391125],[-81.260133933501137,43.045149819076116],[-81.259979970532001,43.04484458825884],[-81.259216274916795,43.043330518796253],[-81.258398239143006,43.041722109270943],[-81.257673396828054,43.040298550363616],[-81.256332312154896,43.03769327553421],[-81.255286761835137,43.035707631921362],[-81.25515873045714,43.035484859246964],[-81.254963247928316,43.035136759711712],[-81.254954923135287,43.03512207034079],[-81.25492772784024,43.035074080977807],[-81.254900608038753,43.035026229216797],[-81.254899898218625,43.03502526996094],[-81.25485422884401,43.034963500802625],[-81.254816561406642,43.034912555866661],[-81.254792744774335,43.034880343865893],[-81.254128931008594,43.035084788662253],[-81.2527647534517,43.035491460137706],[-81.25180107285891,43.035778997943666],[-81.251171501499527,43.035966623375607],[-81.251084052860463,43.035992701117586],[-81.25033095641389,43.036217273937233],[-81.24998476207665,43.036320506070759],[-81.249778124872961,43.036382122993338],[-81.249589383375593,43.036438655899374],[-81.249473722390903,43.036473299181175],[-81.246040707268591,43.037501494142496],[-81.243443581375246,43.038284473576773],[-81.242796389469206,43.03847563022704],[-81.23905975943093,43.039583100892798],[-81.234756475249043,43.0408530974955],[-81.232297164040162,43.041578684937797],[-81.230434412295139,43.042134497201864],[-81.228806516902964,43.042613472453404],[-81.227703863648287,43.042940303481956],[-81.227034242030243,43.043131243500319],[-81.22679416723831,43.042669236105098],[-81.226609214035889,43.042313308041138],[-81.226302252902983,43.041722305361738],[-81.22583317242497,43.040819834613252],[-81.225444357119898,43.040052238552839],[-81.225280185019784,43.039729739812621],[-81.224860452595337,43.038906879194549],[-81.224607168684841,43.038410327917497],[-81.224282440560216,43.037752811619853],[-81.223796084470322,43.036735961335651],[-81.223795494442768,43.036734733302879],[-81.223505576543587,43.036127050605948],[-81.222944336668988,43.034875946135763],[-81.222206465391437,43.033321845313949],[-81.221262540828121,43.031394732254086],[-81.220262842753911,43.029373330854696],[-81.219770748470012,43.028377678051228],[-81.218635713362744,43.026128375594006],[-81.218206591547798,43.025235018584581],[-81.217265382939743,43.023341719967036],[-81.216676991757978,43.022158432471073],[-81.21593428314317,43.020659839097135],[-81.215884670300269,43.020575393232185],[-81.215844279095563,43.020506642874864],[-81.215752975427307,43.020351232883328],[-81.215481437666313,43.019889042148179],[-81.215356736502372,43.019636874128395],[-81.215321034251318,43.019551157329253],[-81.215283128304449,43.019488023942671],[-81.215006628273727,43.019030965220708],[-81.214845921224324,43.018759830247937],[-81.2146258001343,43.018392129058107],[-81.214317288097249,43.017857832777061],[-81.213912448800514,43.017100414499744],[-81.213384216119593,43.016088721937045],[-81.212973685905283,43.015282188986042],[-81.212387060363113,43.014095502937778],[-81.211853075472433,43.013083421715109],[-81.211650386727271,43.012686313930303],[-81.210308305835781,43.010056505953003],[-81.210208016134288,43.009859978889651],[-81.209920258514956,43.009296057353858],[-81.20942036441474,43.008266990746904],[-81.204128849806111,43.009809102303841],[-81.201362211179685,43.010619566272482],[-81.200564181902763,43.010851252368099],[-81.196613551215918,43.011988777407247],[-81.195506259649093,43.012308397355767],[-81.19150590094489,43.013455603084189],[-81.190911600555467,43.013626018170626],[-81.185699965921501,43.015123358812623],[-81.18521007841295,43.015264090412117],[-81.182423686458989,43.016064113374831],[-81.181572021280843,43.016287577542805],[-81.180910084149986,43.015013099806048],[-81.180619707245327,43.014426105747255],[-81.180457881485452,43.014096403665825],[-81.180288913715231,43.013746795178562],[-81.179935996010173,43.013018223709921],[-81.179520291247201,43.012174074031762],[-81.178786709634082,43.010684375147534],[-81.17854022034193,43.010183807725248],[-81.178383809629722,43.009865896963674],[-81.17786766588172,43.008816789607366],[-81.177650950324022,43.008384603401538],[-81.17730774959702,43.007700213970104],[-81.177225653603429,43.007539842728718],[-81.177164382466842,43.007416881402868],[-81.176944158932315,43.007486985308084],[-81.168081847784308,43.010326294190911],[-81.16516760101652,43.011254551790771],[-81.164978495560021,43.011314782999534],[-81.161533704693099,43.012411712741667],[-81.160557509341075,43.012724200681795],[-81.157889255517659,43.013578268515126],[-81.154454730502877,43.014678828425083],[-81.151350963237675,43.015678524544263],[-81.149772474017936,43.016180735128657],[-81.148257577475647,43.016662684611759],[-81.145032787286482,43.017689377375845],[-81.141455982288306,43.018832172979316],[-81.137731979494703,43.020021341446821],[-81.134800993026374,43.020950922064536],[-81.132794415347647,43.021586096395168],[-81.13070903094507,43.022259913975169],[-81.129944820945809,43.022503124634767],[-81.129995412335305,43.022599197946533],[-81.126380752902463,43.023752021203926],[-81.128380757175094,43.027756257253529],[-81.129473452389774,43.029954886805228],[-81.131976585010136,43.035135223791535],[-81.134595044147233,43.040319695298564],[-81.126884774831424,43.042686854502008],[-81.129447917779046,43.047914553019353],[-81.129533289958658,43.048084564755513],[-81.131986923745487,43.052970405179209],[-81.13213703315661,43.053269281028207],[-81.134210623456269,43.05263435637432],[-81.139874539069325,43.05089980100886],[-81.147894744864516,43.048558784751251],[-81.148175530176843,43.049125586087733],[-81.150461902761819,43.053740508410428],[-81.158402757766424,43.051328575332384],[-81.161720240250744,43.050389031811847],[-81.162234751953903,43.050243304926873],[-81.166014520996455,43.049172663577387],[-81.166103790955347,43.049147377645035],[-81.166129693466445,43.04914004238568],[-81.166481134567817,43.049843507460935]]]},"properties":{"OBJECTID":6,"Ward":"3","Shape.STArea()":44467873.088213801,"Shape.STLength()":33721.40096558095}},{"type":"Feature","id":7,"geometry":{"type":"Polygon","coordinates":[[[-81.205333303136612,42.999994915901951],[-81.205451578929086,43.000235617675145],[-81.205778606518109,43.000916791834513],[-81.206599621965097,43.002617046102067],[-81.206737612357145,43.002882682842653],[-81.207119892543716,43.003618560665203],[-81.207804462842887,43.00494593761541],[-81.20942036441474,43.008266990746904],[-81.209920258514956,43.009296057353858],[-81.210208016134288,43.009859978889651],[-81.210308305835781,43.010056505953003],[-81.211650386727271,43.012686313930303],[-81.211853075472433,43.013083421715109],[-81.212387060363113,43.014095502937778],[-81.212973685905283,43.015282188986042],[-81.213384216119593,43.016088721937045],[-81.213912448800514,43.017100414499744],[-81.214317288097249,43.017857832777061],[-81.2146258001343,43.018392129058107],[-81.214845921224324,43.018759830247937],[-81.215006628273727,43.019030965220708],[-81.215283128304449,43.019488023942671],[-81.215321034251318,43.019551157329253],[-81.215356736502372,43.019636874128395],[-81.215481437666313,43.019889042148179],[-81.215752975427307,43.020351232883328],[-81.215844279095563,43.020506642874864],[-81.215884670300269,43.020575393232185],[-81.21593428314317,43.020659839097135],[-81.216676991757978,43.022158432471073],[-81.217265382939743,43.023341719967036],[-81.218206591547798,43.025235018584581],[-81.218635713362744,43.026128375594006],[-81.219770748470012,43.028377678051228],[-81.220262842753911,43.029373330854696],[-81.221262540828121,43.031394732254086],[-81.222206465391437,43.033321845313949],[-81.222944336668988,43.034875946135763],[-81.223505576543587,43.036127050605948],[-81.223795494442768,43.036734733302879],[-81.223796084470322,43.036735961335651],[-81.224282440560216,43.037752811619853],[-81.224607168684841,43.038410327917497],[-81.224860452595337,43.038906879194549],[-81.225280185019784,43.039729739812621],[-81.225444357119898,43.040052238552839],[-81.22583317242497,43.040819834613252],[-81.226302252902983,43.041722305361738],[-81.226609214035889,43.042313308041138],[-81.22679416723831,43.042669236105098],[-81.227034242030243,43.043131243500319],[-81.227703863648287,43.042940303481956],[-81.228806516902964,43.042613472453404],[-81.230434412295139,43.042134497201864],[-81.232297164040162,43.041578684937797],[-81.234756475249043,43.0408530974955],[-81.23905975943093,43.039583100892798],[-81.242796389469206,43.03847563022704],[-81.243443581375246,43.038284473576773],[-81.246040707268591,43.037501494142496],[-81.249473722390903,43.036473299181175],[-81.249589383375593,43.036438655899374],[-81.249778124872961,43.036382122993338],[-81.24998476207665,43.036320506070759],[-81.25033095641389,43.036217273937233],[-81.251084052860463,43.035992701117586],[-81.251171501499527,43.035966623375607],[-81.25180107285891,43.035778997943666],[-81.2527647534517,43.035491460137706],[-81.254128931008594,43.035084788662253],[-81.254792744774335,43.034880343865893],[-81.254643958367893,43.034679111796173],[-81.254618114938495,43.034644159533705],[-81.254613496559941,43.034636067981694],[-81.254472034925797,43.034388194031422],[-81.254355974531506,43.034184829348547],[-81.254237198337663,43.033976703309271],[-81.254195861360827,43.033904270398402],[-81.254173450087876,43.033865000598951],[-81.254171894108552,43.0338618603977],[-81.253844422736407,43.033200949591453],[-81.253801591574828,43.033114505308092],[-81.253771596713193,43.033053967943594],[-81.253768218702703,43.033047149618113],[-81.253757000350703,43.033024507020933],[-81.253756984255745,43.033024473738003],[-81.253719561356064,43.032948945038555],[-81.25371954897706,43.032948919851904],[-81.253639664329938,43.032787690687634],[-81.253639632144001,43.032787625022209],[-81.253638572581522,43.03278548687377],[-81.253637941412194,43.032784240174792],[-81.253637000910743,43.032782398028097],[-81.253625734737994,43.032760340850189],[-81.253625703801845,43.032760280585002],[-81.253617731861411,43.03274467541705],[-81.253615561291738,43.032740425348287],[-81.253613670393619,43.032736722165815],[-81.25361142929296,43.032732335376757],[-81.25361006434288,43.032729664806709],[-81.253610053191494,43.032729639617315],[-81.253598810557278,43.032707630111069],[-81.25358589484614,43.032682346478168],[-81.253583801001753,43.032678245722309],[-81.253542534370681,43.032597453029055],[-81.25354245641509,43.032597301917143],[-81.253296679193696,43.032116100176289],[-81.253296319089102,43.03211539497849],[-81.253193769138406,43.031914647512465],[-81.253193675086493,43.031914462216804],[-81.253098455652548,43.031720694453092],[-81.253097913472615,43.031719590734191],[-81.253012903226576,43.031543333120545],[-81.25256664178616,43.030631966277276],[-81.252565209596497,43.030629040099065],[-81.252495526632359,43.030486730553079],[-81.252450624896767,43.030397305119742],[-81.252449209114289,43.030394486063706],[-81.252382505252982,43.030261640470442],[-81.251819253483433,43.029139861822365],[-81.25166735360132,43.028839834622083],[-81.251666453993252,43.028838058104746],[-81.251638954676181,43.028783742533157],[-81.25158812628861,43.028683346316342],[-81.251584645422199,43.02867647051486],[-81.250636594854086,43.026803833160315],[-81.250635462676968,43.026801595184764],[-81.250513644070281,43.026560965257232],[-81.250511968715088,43.026557655068018],[-81.250423385677308,43.02638267559977],[-81.250422764527769,43.026381445969314],[-81.249852204686405,43.025254371574256],[-81.249642159090186,43.0248413217831],[-81.249641237361132,43.024839509276596],[-81.249412870398743,43.024390426575046],[-81.249398375180519,43.024361275504155],[-81.249396210924459,43.024356923578154],[-81.249259258202272,43.024081507167807],[-81.249259192621565,43.024081375836936],[-81.24908735040637,43.023738902548672],[-81.249087260101419,43.023738727146757],[-81.249086207434658,43.023736698799262],[-81.249011224290754,43.023592142725072],[-81.249008346697735,43.02358710705888],[-81.248871001725533,43.023346810691741],[-81.248870967109553,43.02334674863215],[-81.248865130399338,43.023336536990712],[-81.248812635934513,43.023244693359807],[-81.248762763853051,43.023153619338288],[-81.24848639717365,43.022648923822295],[-81.248344624375875,43.022390018453123],[-81.248135740898192,43.022008548380199],[-81.248035934282498,43.021825094986589],[-81.248018200297679,43.021791382483528],[-81.247602721435797,43.021001445760824],[-81.247398643004331,43.020594481350464],[-81.247277238484813,43.020350491530152],[-81.247187815617679,43.020170577306615],[-81.24711273623528,43.020019712963034],[-81.24672624999971,43.019216833874921],[-81.246682023144444,43.019124752552571],[-81.246485085380272,43.01869306200949],[-81.246111557347419,43.017864509042205],[-81.245985502529493,43.017584893814025],[-81.245978844312589,43.017570302819351],[-81.245936168884498,43.017476777037814],[-81.245712352875074,43.016997822102788],[-81.245501418936172,43.016564862119459],[-81.245393622000478,43.016343597623482],[-81.245106449667716,43.015768294298169],[-81.244727987264696,43.015013402056148],[-81.244528042005172,43.014614574633477],[-81.244392228974462,43.014342931607047],[-81.244207184015238,43.013964448417802],[-81.244043966022048,43.013630601497361],[-81.243767305265962,43.013064712127253],[-81.243567413913155,43.012655843923319],[-81.243549751572004,43.01261971626132],[-81.243528036453171,43.012575297249739],[-81.243502215392411,43.012522481640005],[-81.243471657468561,43.012459974942054],[-81.243413831281714,43.012341692114475],[-81.24340622927005,43.012326143923936],[-81.243404282060538,43.012322159720831],[-81.243404115046829,43.012321816982954],[-81.243403954225528,43.012321488640012],[-81.243403339384159,43.01232023103919],[-81.243401682905329,43.012316844154206],[-81.243400202079883,43.012313812595778],[-81.243399967031479,43.012313332225062],[-81.243399430134261,43.012312235649169],[-81.243398148494023,43.012309614298168],[-81.243398080452209,43.012309474864345],[-81.243396624375393,43.012306495482619],[-81.243395316760015,43.012303821957438],[-81.243393326251308,43.012299748696044],[-81.243388729166853,43.012290344574815],[-81.243301137828325,43.012111266032662],[-81.243234564818451,43.012018001568741],[-81.24309422674375,43.011822606097333],[-81.243089350540231,43.011816149014308],[-81.24302438304727,43.011732800095501],[-81.242942455967949,43.011627652549841],[-81.242939652316977,43.011623673758244],[-81.242858641580739,43.011508722188644],[-81.242772048302456,43.011385780496823],[-81.242706086227798,43.011280853753838],[-81.242501621031565,43.010955605323751],[-81.242430835180471,43.010842615589581],[-81.242185423927623,43.01031806393005],[-81.242153313662939,43.01025178881649],[-81.241404369049334,43.00871235103066],[-81.241190891076215,43.008276472879487],[-81.24118647653502,43.008267459998997],[-81.241079095219575,43.008054718037343],[-81.240297120313798,43.006484295162302],[-81.240174060779793,43.006231296484849],[-81.240114177700079,43.006108182248099],[-81.240096270024225,43.006071380044872],[-81.240077383996478,43.006032568156527],[-81.239921621233563,43.005712459900799],[-81.239921475287488,43.005712161238158],[-81.239521201333474,43.004893369073564],[-81.239144969296476,43.004130622304558],[-81.238951073320138,43.003739997857913],[-81.23881026511151,43.003456321011264],[-81.238499070362693,43.002836671944365],[-81.238118208426201,43.002075114432927],[-81.23804129211544,43.001920621120711],[-81.238027526249127,43.001892975326236],[-81.237979512076009,43.001796537067591],[-81.237952723084746,43.00174069820855],[-81.237545688683767,43.000925166141087],[-81.237209393017324,43.000249669005271],[-81.237193981876132,43.000166959508057],[-81.237041449693621,42.999892749133224],[-81.236915709191564,42.999664678285839],[-81.236693525179746,42.999211262642028],[-81.236567857592192,42.998954807195098],[-81.236557463781949,42.998933709043293],[-81.235752496997563,42.997299713304905],[-81.235730663268058,42.997255391091102],[-81.235658652005156,42.997110655564917],[-81.235056279466349,42.995900384206543],[-81.231949151229742,42.996631543774768],[-81.226614481909863,42.998091731967428],[-81.225035236732367,42.998553983126193],[-81.223392362040968,42.998794101878993],[-81.221468026684633,42.999140052910661],[-81.217877821213804,42.999366750429822],[-81.214569094468359,42.999681881832501],[-81.212984367479521,42.999719916508269],[-81.211197799746344,42.999567328247707],[-81.208179108796429,42.999067561390468],[-81.206948282134505,42.998945101763489],[-81.205180820783696,42.998983940376306],[-81.204851630022659,42.999016639470163],[-81.20492997480568,42.999175225635021],[-81.205033640049308,42.999385907653824],[-81.205131022491443,42.999583820809008],[-81.205333303136612,42.999994915901951]]]},"properties":{"OBJECTID":7,"Ward":"4","Shape.STArea()":11637927.56399625,"Shape.STLength()":14814.948240553438}},{"type":"Feature","id":8,"geometry":{"type":"Polygon","coordinates":[[[-81.254426725516183,43.016027521644688],[-81.254687067495965,43.016285690417739],[-81.254839375156834,43.016544099184934],[-81.254970610972464,43.016931924965348],[-81.254993458629812,43.017233745252177],[-81.254887110474826,43.017643665469656],[-81.254651122757693,43.018053870472315],[-81.254242714880633,43.018572270242082],[-81.253944681744457,43.018837658946964],[-81.253642972902085,43.019032386933809],[-81.253341089771155,43.019183991094501],[-81.25329258564318,43.019476098178458],[-81.253286308797101,43.019606114448607],[-81.253224067681955,43.019750180866779],[-81.25313949680195,43.019837030793703],[-81.253007488073806,43.019894846076589],[-81.252860937587371,43.019947961178893],[-81.252696330201857,43.019979855928909],[-81.252550723437096,43.0199926502195],[-81.252449960164142,43.020060083544827],[-81.252383956876145,43.020153655648905],[-81.252307736083381,43.020242963832537],[-81.252238084601643,43.020344250417097],[-81.252182379955002,43.020453410864285],[-81.252121701796028,43.020600869024634],[-81.252069726453342,43.020713638526978],[-81.252038617614573,43.020809113775641],[-81.252136657235226,43.020920850458253],[-81.252171785731505,43.021016200511589],[-81.252243025825095,43.02111749084871],[-81.252279748122945,43.021217459646358],[-81.252246408649185,43.021287576229263],[-81.252243627435817,43.02137297637006],[-81.252249278929142,43.021472159967757],[-81.252247388879113,43.021552799872318],[-81.252216415107455,43.021624039561466],[-81.252172221218331,43.021659996860429],[-81.252115054277184,43.021694645469793],[-81.252104649393871,43.021750177329395],[-81.252140784120542,43.021793498476129],[-81.252128407872277,43.021830655369634],[-81.252064160122501,43.021846026227941],[-81.25197543284618,43.021886076160598],[-81.251919113469683,43.021905370993082],[-81.251854859696138,43.021927707154319],[-81.251811104840328,43.021942363697825],[-81.251788162321944,43.021981580743208],[-81.251802277794127,43.022054015137861],[-81.251835977907021,43.022139772635384],[-81.25192077153163,43.022337018166603],[-81.251379129050832,43.022495213062143],[-81.249543071885626,43.023031395271225],[-81.248812635934513,43.023244693359807],[-81.248865130399338,43.023336536990712],[-81.249008346697735,43.02358710705888],[-81.249087262552436,43.023738726240921],[-81.249259191394202,43.024081375839621],[-81.249412870398743,43.024390426575046],[-81.249852204686405,43.025254371574256],[-81.251819253483433,43.029139861822365],[-81.252495526632359,43.030486730553079],[-81.253012903226576,43.031543333120545],[-81.253098445840052,43.031720696275805],[-81.253193675086493,43.031914462216804],[-81.253296666933537,43.032116103805457],[-81.253542457638886,43.032597301013929],[-81.253583803475308,43.032678250219362],[-81.253585902263083,43.032682359068772],[-81.253598810557278,43.032707630111069],[-81.253610065570399,43.032729664803973],[-81.25361142929296,43.032732335376757],[-81.253613670393619,43.032736722165815],[-81.253615568712405,43.032740438839397],[-81.253617739282078,43.03274468890816],[-81.253625734737994,43.032760340850189],[-81.253637002145666,43.032782399826367],[-81.253637942650826,43.032784242873575],[-81.253638571339181,43.032785483274502],[-81.253639632144001,43.032787625022209],[-81.253719561356064,43.032948945038555],[-81.253757000350703,43.033024507020933],[-81.253771596713193,43.033053967943594],[-81.253801591574828,43.033114505308092],[-81.253844422736407,43.033200949591453],[-81.254171894108552,43.0338618603977],[-81.254195861360827,43.033904270398402],[-81.254237198337663,43.033976703309271],[-81.254613496559941,43.034636067981694],[-81.254643958367893,43.034679111796173],[-81.254792744774335,43.034880343865893],[-81.254816561406642,43.034912555866661],[-81.254850482220959,43.034958433910248],[-81.25485422884401,43.034963500802625],[-81.254899898218625,43.03502526996094],[-81.254900614217519,43.035026239108575],[-81.254915748920425,43.035052944036771],[-81.25492772784024,43.035074080977807],[-81.254928872927692,43.035076100957049],[-81.254931710924097,43.035081109537025],[-81.254954923135287,43.03512207034079],[-81.254955133355608,43.035122440879739],[-81.255012241710361,43.035224003852107],[-81.255167484797369,43.035500092448721],[-81.255324700574306,43.035779685680019],[-81.255742891288037,43.036573901409731],[-81.255744762167069,43.036577454215191],[-81.255845765269584,43.036769273298496],[-81.256202852208872,43.03744742112049],[-81.25620388790496,43.037449388201324],[-81.256332312154896,43.03769327553421],[-81.256466754859716,43.037954464089474],[-81.25646816328306,43.037957198461186],[-81.256487349149211,43.03799447229288],[-81.257343026193055,43.039656773628437],[-81.25734378614699,43.039658250544434],[-81.257673396828054,43.040298550363616],[-81.258398239143006,43.041722109270943],[-81.258729679079678,43.042373791226936],[-81.259162725024481,43.043225232741392],[-81.259163030802512,43.043225833584138],[-81.259185027137192,43.043269080795845],[-81.259216274916795,43.043330518796253],[-81.259221249458889,43.043340380629992],[-81.25922141164358,43.043340701741769],[-81.259277512199361,43.043451928001268],[-81.259277668192951,43.043452236519947],[-81.259979970532001,43.04484458825884],[-81.260133933501137,43.045149819076116],[-81.260283240074585,43.04544581391125],[-81.260484073059132,43.045843954003509],[-81.260592462522268,43.046058828911086],[-81.260652231826512,43.046177317636108],[-81.260753918911391,43.046378901836121],[-81.260879344139269,43.046627542450722],[-81.261145706603756,43.047158524213245],[-81.261145920819132,43.047158949661473],[-81.261232127511377,43.047330797257075],[-81.261358103103063,43.047571363056022],[-81.261367281767548,43.047588890158359],[-81.261613867411853,43.048059768741922],[-81.262089154969786,43.04897689413049],[-81.262221394446783,43.0492307242476],[-81.262225400518972,43.049238413449842],[-81.262512642073162,43.049789757388723],[-81.262516426865773,43.049796791523065],[-81.262542513257614,43.049845276774136],[-81.262763305511655,43.050255645987008],[-81.263005909103612,43.05070654837953],[-81.263269582346879,43.051196600539527],[-81.263397028180236,43.051377879699118],[-81.263401354581887,43.051384031866171],[-81.263422874218591,43.051414641673588],[-81.263430108794125,43.051424932149075],[-81.263798660228545,43.051949148784288],[-81.263802269606302,43.051953866290276],[-81.263806745819025,43.051959714627444],[-81.264239704404275,43.052525487976006],[-81.264249715266814,43.052538569841659],[-81.264432702171547,43.052483852416351],[-81.270970311412114,43.050547868228897],[-81.277894633872535,43.048529757156182],[-81.284875610466841,43.046461965040585],[-81.285420297222259,43.0462815774858],[-81.286436918368281,43.045956870672669],[-81.289414159449237,43.045103481974429],[-81.291553821123529,43.044488526967619],[-81.2918691647195,43.044397892768075],[-81.305098699694653,43.040556874053976],[-81.319776825749173,43.036236585461488],[-81.319775578396573,43.036233961280345],[-81.319769974611432,43.036222170449157],[-81.319443571167142,43.035535377155547],[-81.318939994016645,43.034475756193352],[-81.318139964073481,43.032792261213771],[-81.317198449983053,43.030852729509022],[-81.316819192400899,43.030121469896621],[-81.316405867357048,43.029324497014969],[-81.315107315191611,43.026960710012148],[-81.315107286703778,43.026960659662365],[-81.314871537887385,43.026538464212543],[-81.314866327775349,43.026529134015554],[-81.314088891391123,43.025136800743219],[-81.314086794315756,43.025133045992298],[-81.313473041966034,43.024033812527755],[-81.313470076678101,43.024028501369528],[-81.31296442103654,43.02312283848179],[-81.312961683724666,43.023117932813662],[-81.312757160564715,43.022751610087191],[-81.31275713455824,43.0227515642325],[-81.312621132797005,43.022507260567998],[-81.312620835554327,43.022506730982656],[-81.311918582584553,43.021245242351632],[-81.311917772467467,43.021243766830914],[-81.311891786399258,43.021197084333188],[-81.311577831967682,43.020625188577419],[-81.311564859202178,43.020601557720596],[-81.311071112409792,43.019702129103067],[-81.310833957536133,43.019284289745826],[-81.310719994128306,43.019078210595637],[-81.310416164883989,43.018584921474428],[-81.310398681086824,43.018558737171553],[-81.310388897387412,43.018544084567083],[-81.310377329335751,43.018526760498723],[-81.310366724582423,43.018510880929014],[-81.309679365774173,43.01726343646429],[-81.30958288519318,43.0170883357207],[-81.30937938740945,43.016719005998354],[-81.309367075646591,43.016696661712388],[-81.309364598687765,43.016692167680361],[-81.309359029027434,43.016680796741454],[-81.309232755120789,43.016423017035201],[-81.309174569615323,43.01632408167972],[-81.308815473314837,43.01571348797188],[-81.308784426243975,43.015660699439913],[-81.308703093126198,43.015522401232673],[-81.308231548255392,43.014668513877112],[-81.308228291185387,43.014662341575544],[-81.308218164443559,43.014643156551763],[-81.30805411418676,43.014332332909646],[-81.307424805134062,43.013139968257654],[-81.307174261245237,43.012665287105051],[-81.306910309840049,43.012165159687235],[-81.306632814244239,43.011639360243535],[-81.306503996940947,43.011395274504849],[-81.306182870464539,43.010802714607657],[-81.306120969367598,43.010677749389103],[-81.305986174840868,43.010405626427918],[-81.305214777097717,43.008864435390841],[-81.304873131567746,43.00818417815691],[-81.304607564931004,43.007655392485852],[-81.304448526543709,43.007338718257834],[-81.304448184521576,43.007338036583185],[-81.304211510889616,43.006850938579419],[-81.300283239972529,43.007977255750809],[-81.298519969379782,43.00850683056273],[-81.298530583178604,43.008689752582079],[-81.298380929692982,43.008790900548128],[-81.298235439101646,43.008869734614024],[-81.298134610262238,43.008985890742693],[-81.298119162635729,43.009105575932367],[-81.29815804987048,43.009266080943483],[-81.298172686601959,43.009408994678672],[-81.298141974967891,43.009610496454293],[-81.298066642192879,43.009719111884614],[-81.297905224136485,43.009735726856093],[-81.297664741918283,43.009731586154061],[-81.297411951473123,43.009701330714854],[-81.297149037791002,43.009704625067933],[-81.296935448662751,43.009732718692433],[-81.296736890293019,43.009789246975913],[-81.296577718086724,43.009857049865793],[-81.296436085410519,43.009878969510595],[-81.296225208276994,43.009885846048846],[-81.29601675491898,43.009892033345778],[-81.295816651341653,43.009887664554107],[-81.295640408839958,43.00983357083021],[-81.295490404729605,43.009765872678287],[-81.295295146786785,43.009760123495006],[-81.295017804527731,43.009794096225988],[-81.294669300850884,43.009846281463403],[-81.29445541793396,43.009894899169439],[-81.294099002703987,43.009926847023323],[-81.29393572135919,43.009944703883697],[-81.293766803504312,43.009951898569618],[-81.293685859487084,43.009922657923688],[-81.293589397473184,43.009901015881113],[-81.293489733523273,43.009870744306284],[-81.293371296869068,43.009839706706281],[-81.293263036098452,43.00983259999439],[-81.293139559316401,43.009826429056957],[-81.293039002218322,43.009805926273771],[-81.292969446275094,43.009791744855285],[-81.29284479552814,43.009770898343213],[-81.292741095077005,43.009742167305006],[-81.292658633710303,43.009715719582367],[-81.292557944636144,43.009675093987198],[-81.292508305428512,43.009635328405416],[-81.292439239044228,43.009588224682801],[-81.292351692620258,43.009524422297169],[-81.292253986275526,43.009465778676343],[-81.292198199853956,43.009423417184891],[-81.292166376178926,43.009388465104415],[-81.292139974145357,43.009358275465182],[-81.292121726294084,43.009313927049526],[-81.292116712117789,43.009265672675987],[-81.292131515532304,43.009230515122802],[-81.292190666328324,43.009180205896079],[-81.292292268294531,43.009103043178918],[-81.292407809892296,43.009066367571805],[-81.292468098897857,43.008997414798323],[-81.292550762795742,43.008989192626146],[-81.292746135385343,43.008942136869237],[-81.292985363602327,43.00882824455821],[-81.293180603454289,43.008728688840279],[-81.293326123974424,43.008623136772101],[-81.293397561012824,43.008576487507767],[-81.293499069341706,43.00847915259444],[-81.293614271479768,43.008371603129483],[-81.293696433261246,43.008258198589822],[-81.293756792314966,43.008203382910132],[-81.293808646385358,43.008090056069612],[-81.293819031758105,43.007976742013021],[-81.293796345545786,43.007825154847772],[-81.293817475231293,43.007649137907052],[-81.293783890755961,43.007527925799373],[-81.293711732706598,43.007422928149211],[-81.293609224566524,43.007309907348883],[-81.293349295854185,43.007120473161628],[-81.293202812440285,43.007021789104137],[-81.29307828729813,43.006922962183559],[-81.292942842772135,43.00682424952246],[-81.29276876293234,43.006727616648263],[-81.292652726632667,43.006659114642147],[-81.292528169983655,43.006552272681247],[-81.292403685294332,43.0064615458787],[-81.292290333408644,43.006362779595648],[-81.292093911753085,43.006211631990773],[-81.2919280583572,43.006090663131403],[-81.291770402690346,43.005963643333608],[-81.291554858789553,43.005842890638732],[-81.291438792081266,43.005766279298243],[-81.291336296201663,43.00565334644628],[-81.291272174151118,43.005507893978297],[-81.29117809355661,43.005411058648349],[-81.291034498077508,43.005350726058005],[-81.290888060829303,43.005260147057058],[-81.290722442536193,43.005214008010881],[-81.29052676088638,43.005192262345979],[-81.290350319704018,43.00519270647419],[-81.290185153432617,43.005215367884318],[-81.290061464642321,43.005292498309316],[-81.289927032001955,43.005406122769152],[-81.289825679933116,43.005535782391654],[-81.289732286742264,43.005610851019632],[-81.289680341326743,43.005679781275944],[-81.289586886257169,43.005740715574518],[-81.289526701218833,43.005831819090716],[-81.289463916616597,43.005945261733522],[-81.289436511242045,43.006040514678091],[-81.289446328041109,43.006119107754728],[-81.289482369153873,43.006190606945644],[-81.289492407242363,43.006290177677208],[-81.28953814240819,43.006414065461165],[-81.289564834592923,43.006506570093798],[-81.289646119606758,43.006597225612637],[-81.28968927776539,43.006668710323304],[-81.289789807289154,43.006780208797558],[-81.289868860388538,43.006891855227025],[-81.290005091161049,43.007003263085217],[-81.290086443158415,43.007107875976068],[-81.290174845682543,43.007172311910331],[-81.290282246712394,43.007231382998086],[-81.2903800728823,43.007290568327505],[-81.290470436418502,43.007276291120817],[-81.290487469423383,43.007349642834711],[-81.290497567402824,43.007487574912759],[-81.290472074259213,43.007623889956093],[-81.29043683766055,43.00772357547141],[-81.290382508089522,43.007807550540932],[-81.290330455585305,43.007881073924409],[-81.290250056113109,43.007979072916356],[-81.290152846320083,43.008077118069025],[-81.290046343933028,43.0081822070402],[-81.289894469233332,43.008294344744264],[-81.289797323490589,43.008380138929432],[-81.289707384765308,43.008485185640076],[-81.289548146219374,43.008545022058577],[-81.289505433569943,43.00855506089691],[-81.289405599052628,43.00857852124534],[-81.289386674115107,43.008583939720566],[-81.289270070698606,43.008617315507031],[-81.28906570936428,43.008684199190633],[-81.288887480130711,43.008749301988061],[-81.288735451576201,43.008802095120465],[-81.288592620616782,43.00880245535128],[-81.288378578572704,43.008871343330789],[-81.288205751123499,43.008912117765547],[-81.288110974274474,43.008954139906351],[-81.287992970213139,43.008988476055322],[-81.28789810646424,43.009011947794086],[-81.287809572760068,43.009024597452836],[-81.287763309238443,43.009077393437018],[-81.287668604112397,43.009134903750144],[-81.287565548205436,43.009217288958048],[-81.287511104146532,43.009304144554498],[-81.287448222334362,43.009397234813008],[-81.287305642736129,43.009583457434992],[-81.287314232170289,43.009636115527002],[-81.287306213123074,43.009705834890148],[-81.287260003926718,43.009769436611101],[-81.287171576817627,43.009805228534212],[-81.287108528311364,43.00986274899568],[-81.287045428948062,43.009909373416484],[-81.286887271616436,43.009939216530746],[-81.286720486498965,43.009933417366923],[-81.286593609945669,43.009881055484335],[-81.286466541635434,43.009788441283241],[-81.286356332769572,43.009678761577405],[-81.286298814665784,43.009579759658656],[-81.286260525161467,43.009499350111923],[-81.286211524113256,43.009411129325159],[-81.286084407196697,43.009307708729722],[-81.285957158999352,43.009174838138989],[-81.285829990284199,43.009058990389221],[-81.285639688838145,43.008983549131941],[-81.285464290307274,43.008918970125301],[-81.285314306981277,43.008885211285524],[-81.28514100852226,43.00885007312705],[-81.284980501817657,43.008822553564229],[-81.284815619872788,43.008776497820769],[-81.284631779654561,43.008718058387792],[-81.284441542984368,43.008655045571359],[-81.28422811101926,43.008592086439513],[-81.28406982489274,43.008592479405067],[-81.28395777973131,43.008563310857603],[-81.283839481765639,43.008534157706919],[-81.283799415320743,43.008546684059446],[-81.2836329090633,43.008575008920445],[-81.283491411666461,43.008570676843512],[-81.283324675733525,43.008575772344237],[-81.283166417764576,43.008582287438834],[-81.282985014510118,43.008599842127126],[-81.282674929243839,43.008623841462672],[-81.282516638106415,43.008624232292597],[-81.282390221978559,43.008671010429353],[-81.282248970050986,43.008694591930194],[-81.282160468721599,43.008741276307489],[-81.282114384631612,43.008806406517003],[-81.282154876954223,43.008886812032408],[-81.282201663110953,43.008975036425483],[-81.28230549905112,43.009061499184931],[-81.282409262235333,43.00913094604801],[-81.28255098568782,43.009211101592847],[-81.282678099021723,43.009316147038156],[-81.282710395952904,43.009455469346847],[-81.28265610834724,43.009577982321034],[-81.282602033139653,43.009746870848247],[-81.282475950726166,43.009868030116664],[-81.282389562340597,43.009920922944751],[-81.282286648791796,43.010009426486725],[-81.282160352526631,43.010084119776295],[-81.282063101200123,43.010122991228876],[-81.282063267672029,43.01015937129516],[-81.281990200427174,43.010198496459566],[-81.281982846199853,43.01020243358424],[-81.281751959643927,43.010348253940201],[-81.281692708915585,43.010432507117962],[-81.281651409441793,43.010497805447933],[-81.281605775142154,43.010581214614142],[-81.281584758284893,43.010655468080564],[-81.281559349692387,43.010761160031699],[-81.281505101946706,43.010946887907394],[-81.281470636550367,43.011029866115429],[-81.281463956130722,43.011045954787704],[-81.281430746106494,43.011163102323025],[-81.281405361907616,43.011247362111938],[-81.281389019404656,43.01137689875204],[-81.281365042821207,43.011528693065948],[-81.281377888134472,43.011627627165176],[-81.281424570702384,43.011773574560721],[-81.281501700961414,43.011921791969954],[-81.281523674222512,43.012057894515664],[-81.281486163025505,43.012200627011396],[-81.281453034698771,43.012336865066708],[-81.281414022247731,43.012419627491731],[-81.281345115664692,43.012512819215026],[-81.281257724797698,43.012615961891022],[-81.281117970702624,43.012727877985334],[-81.280922567731224,43.012853618206265],[-81.280522734322844,43.013008405379473],[-81.280414752097641,43.013064501386445],[-81.280302204396335,43.01319499029912],[-81.280155996903417,43.013372657976774],[-81.280087278871477,43.013507992163042],[-81.280035454267221,43.013553324392191],[-81.279987629315244,43.013594711600724],[-81.279944874535829,43.013631709927182],[-81.279802735976574,43.013731923647761],[-81.279696593221246,43.013815209763543],[-81.27960068561481,43.013908466396124],[-81.279506349504146,43.013969480985345],[-81.279386460491551,43.013998316149149],[-81.279322281468893,43.013998472795194],[-81.279239680139682,43.014049462905284],[-81.279177467038878,43.014105446060711],[-81.279062692069928,43.014151561732085],[-81.278765772978161,43.014245307593832],[-81.278607067086355,43.014292880557576],[-81.278183377700429,43.014386839773103],[-81.278017859192104,43.014419480074281],[-81.277847394035888,43.014472033331309],[-81.277663401599895,43.014518312006729],[-81.277492873875886,43.014556006534931],[-81.277263192266673,43.014593754073843],[-81.277182156538771,43.014612500781226],[-81.277033605952269,43.014625463927693],[-81.276784481106944,43.014651280834279],[-81.276712085117737,43.014653797203856],[-81.276695725521051,43.014653721490248],[-81.276644162907488,43.014653482328889],[-81.276320251901311,43.014652402546169],[-81.276123457736603,43.014634417113015],[-81.275917532560499,43.014603035812222],[-81.275634161757992,43.014623803485073],[-81.275403275574234,43.014636159520471],[-81.275076285782689,43.014643613219938],[-81.27495445923104,43.014649308989114],[-81.274761957899784,43.014657159031152],[-81.274493252939564,43.014663480572054],[-81.274141042190735,43.014657664592775],[-81.273823168768558,43.014646628897374],[-81.273592259731672,43.014653938499585],[-81.273361310848742,43.014654490332731],[-81.273171334968708,43.014623065996005],[-81.272956295614875,43.01458494732308],[-81.272836974416535,43.014491309029339],[-81.27274964055934,43.014415968315198],[-81.272655421514699,43.01430876241286],[-81.272561175986937,43.014196603709507],[-81.272482922014461,43.014064239117126],[-81.272370197247596,43.013906738726448],[-81.272285026068261,43.013792850832395],[-81.272222644296747,43.013641984309182],[-81.272153227931696,43.013454217315925],[-81.272083885915904,43.013283195914639],[-81.271964022893599,43.013063667177242],[-81.271910636947155,43.012894322307524],[-81.271825262427299,43.012704878436786],[-81.271669378850518,43.012611325721956],[-81.271513606436386,43.012542900263512],[-81.271282530026511,43.012511570270739],[-81.271120043601869,43.012479987304182],[-81.271042709978119,43.012474227123846],[-81.270954709679344,43.012470563308717],[-81.270868713120322,43.012476079850579],[-81.270790492051418,43.012463834350903],[-81.270699845655017,43.012444417735807],[-81.270592283724909,43.012430354030414],[-81.270484864083485,43.012419621761865],[-81.270353136638263,43.012407506002305],[-81.270230585812754,43.012388160770605],[-81.270096433482294,43.012382714189272],[-81.269997937746055,43.01236529665541],[-81.269905406047585,43.012363620235277],[-81.269863841849158,43.012372723310037],[-81.269797938248971,43.01237098761726],[-81.26973936082247,43.012362030568291],[-81.269670846246143,43.012353633605109],[-81.269541254587764,43.012353935267214],[-81.269442823032918,43.012352275969228],[-81.269359349880531,43.012342167050662],[-81.268551318428848,43.012289873357439],[-81.268798739253285,43.012668204092947],[-81.268907709575998,43.012883572601396],[-81.268909843797672,43.013379490894494],[-81.268868015841079,43.013703015033627],[-81.268761093074161,43.013962006844977],[-81.268545944264019,43.014178121881727],[-81.268259148892682,43.014528126030477],[-81.268245015940778,43.014545373231847],[-81.267706724918995,43.014999404472981],[-81.267146665572398,43.015410371331342],[-81.26665101529457,43.015713391205907],[-81.266305890983674,43.015843572254646],[-81.26604666354315,43.015844185929573],[-81.265700930727661,43.015823445358436],[-81.265463022911916,43.015759319464088],[-81.265072937314116,43.015479921239248],[-81.264769179058305,43.015178756677017],[-81.264444268870989,43.014985452367604],[-81.263946247004128,43.014727857716011],[-81.263642857083425,43.014512936159882],[-81.26327465665419,43.014298162891123],[-81.262819942128516,43.01406202540057],[-81.262430589155457,43.013955106589243],[-81.261890000992807,43.013848536205558],[-81.261111571418112,43.0136993754641],[-81.260419929093842,43.01363626249087],[-81.260365442691423,43.013633598484631],[-81.259577138163479,43.01359504996239],[-81.258151173028836,43.013598264314474],[-81.257117150873441,43.013520317142444],[-81.256511659374112,43.013392298197175],[-81.256036072065172,43.013328674303516],[-81.255344339779171,43.013243961920658],[-81.254890624496952,43.013244969649875],[-81.254727338053698,43.013256974923195],[-81.254285847033742,43.013289434755279],[-81.253724810673063,43.013463173671674],[-81.253444552384934,43.013614726701],[-81.253315627620168,43.013787509528065],[-81.253308040802622,43.013826172452866],[-81.253273299043641,43.014003224059877],[-81.253296048622573,43.014283483336648],[-81.253448966164882,43.014692828358911],[-81.253688223203369,43.015080420085255],[-81.254014171675706,43.015532504074095],[-81.254426725516183,43.016027521644688]]]},"properties":{"OBJECTID":8,"Ward":"5","Shape.STArea()":18377320.137038231,"Shape.STLength()":19686.465092346461}},{"type":"Feature","id":9,"geometry":{"type":"Polygon","coordinates":[[[-81.244044131801488,43.013630940634819],[-81.244207184015238,43.013964448417802],[-81.244392228974462,43.014342931607047],[-81.244527945526613,43.014614383031741],[-81.244727987264696,43.015013402056148],[-81.244771994788053,43.015101181151451],[-81.245106561001293,43.015768517385247],[-81.24539433580388,43.016345032400189],[-81.245501660214188,43.016565357780742],[-81.245712352875074,43.016997822102788],[-81.245936648028248,43.017477832301608],[-81.245976437552542,43.017565029226532],[-81.245985502529493,43.017584893814025],[-81.246110691861986,43.017862591925407],[-81.246387532114156,43.018476674323779],[-81.246485157197071,43.018693221244312],[-81.246682077600724,43.019124866799395],[-81.246725053673487,43.01921413583753],[-81.24685330731964,43.01948737435],[-81.24711259762708,43.020019425100557],[-81.247187977699838,43.020170903840061],[-81.247277254572936,43.02035052481412],[-81.247345770594762,43.020488373812725],[-81.247399480486024,43.020596434537332],[-81.247601959604964,43.020999996694897],[-81.247933263120999,43.021629895211781],[-81.248017250460052,43.021789576327429],[-81.248017270241689,43.021789612304765],[-81.248018263371605,43.021791502114027],[-81.248035912028129,43.021825054512092],[-81.248135740898192,43.022008548380199],[-81.248152348216706,43.022038877407226],[-81.248266151815415,43.022246709422681],[-81.248546561699982,43.022758794375768],[-81.248812635934513,43.023244693359807],[-81.249978547558968,43.022904227474974],[-81.2516505586633,43.022415938548825],[-81.25192077153163,43.022337018166603],[-81.251865742103178,43.022209010012162],[-81.25182299418185,43.022106732854887],[-81.251802277794127,43.022054015137861],[-81.251788162321944,43.021981580743208],[-81.251811104840328,43.021942363697825],[-81.251969342908438,43.021888162530821],[-81.252061869294579,43.021847059650035],[-81.252128407872277,43.021830655369634],[-81.252140784120542,43.021793498476129],[-81.252104649393871,43.021750177329395],[-81.252115054277184,43.021694645469793],[-81.252172221218331,43.021659996860429],[-81.252215684842568,43.021624633703169],[-81.252247388879113,43.021552799872318],[-81.252244026511448,43.021360734922915],[-81.252246408649185,43.021287576229263],[-81.252279748122945,43.021217459646358],[-81.252243025825095,43.02111749084871],[-81.252171785731505,43.021016200511589],[-81.252136657235226,43.020920850458253],[-81.252038617614573,43.020809113775641],[-81.252069726453342,43.020713638526978],[-81.252174452060231,43.020472676634675],[-81.252238084601643,43.020344250417097],[-81.252307736083381,43.020242963832537],[-81.252363136762696,43.020178050324596],[-81.252383208155919,43.020154533491741],[-81.252407550332038,43.020120207475166],[-81.252449960164142,43.020060083544827],[-81.252550723437096,43.0199926502195],[-81.252696330201857,43.019979855928909],[-81.252860937587371,43.019947961178893],[-81.253015425240037,43.019891369688956],[-81.25313949680195,43.019837030793703],[-81.253224067681955,43.019750180866779],[-81.253286308797101,43.019606114448607],[-81.25329258564318,43.019476098178458],[-81.253341089771155,43.019183991094501],[-81.253642972902085,43.019032386933809],[-81.253944681744457,43.018837658946964],[-81.254242714880633,43.018572270242082],[-81.254651122757693,43.018053870472315],[-81.254887110474826,43.017643665469656],[-81.254993458629812,43.017233745252177],[-81.254970610972464,43.016931924965348],[-81.254839375156834,43.016544099184934],[-81.254687067495965,43.016285690417739],[-81.254426725516183,43.016027521644688],[-81.254014171675706,43.015532504074095],[-81.253688223203369,43.015080420085255],[-81.253448966164882,43.014692828358911],[-81.253296048622573,43.014283483336648],[-81.253273299043641,43.014003224059877],[-81.253308040802622,43.013826172452866],[-81.253315627620168,43.013787509528065],[-81.253444552384934,43.013614726701],[-81.253724810673063,43.013463173671674],[-81.254285847033742,43.013289434755279],[-81.254727338053698,43.013256974923195],[-81.254890624496952,43.013244969649875],[-81.255344339779171,43.013243961920658],[-81.256036072065172,43.013328674303516],[-81.256511659374112,43.013392298197175],[-81.257117150873441,43.013520317142444],[-81.258151173028836,43.013598264314474],[-81.259577138163479,43.01359504996239],[-81.260365442691423,43.013633598484631],[-81.260419929093842,43.01363626249087],[-81.261111571418112,43.0136993754641],[-81.261890000992807,43.013848536205558],[-81.262430589155457,43.013955106589243],[-81.262819942128516,43.01406202540057],[-81.26327465665419,43.014298162891123],[-81.263642857083425,43.014512936159882],[-81.263946247004128,43.014727857716011],[-81.264444268870989,43.014985452367604],[-81.264769179058305,43.015178756677017],[-81.265072937314116,43.015479921239248],[-81.265463022911916,43.015759319464088],[-81.265700930727661,43.015823445358436],[-81.26604666354315,43.015844185929573],[-81.266305890983674,43.015843572254646],[-81.26665101529457,43.015713391205907],[-81.267146665572398,43.015410371331342],[-81.267706724918995,43.014999404472981],[-81.268245015940778,43.014545373231847],[-81.268259148892682,43.014528126030477],[-81.268545944264019,43.014178121881727],[-81.268761093074161,43.013962006844977],[-81.268868015841079,43.013703015033627],[-81.268909843797672,43.013379490894494],[-81.268907709575998,43.012883572601396],[-81.268798739253285,43.012668204092947],[-81.268551318428848,43.012289873357439],[-81.269359349880531,43.012342167050662],[-81.269442823032918,43.012352275969228],[-81.269541254587764,43.012353935267214],[-81.269670846246143,43.012353633605109],[-81.26973936082247,43.012362030568291],[-81.269797938248971,43.01237098761726],[-81.269863841849158,43.012372723310037],[-81.269905406047585,43.012363620235277],[-81.269997937746055,43.01236529665541],[-81.270096433482294,43.012382714189272],[-81.270230585812754,43.012388160770605],[-81.270353136638263,43.012407506002305],[-81.270484864083485,43.012419621761865],[-81.270592283724909,43.012430354030414],[-81.270699845655017,43.012444417735807],[-81.270790492051418,43.012463834350903],[-81.270868713120322,43.012476079850579],[-81.270954709679344,43.012470563308717],[-81.271042709978119,43.012474227123846],[-81.271120043601869,43.012479987304182],[-81.271282530026511,43.012511570270739],[-81.271513606436386,43.012542900263512],[-81.271669378850518,43.012611325721956],[-81.271825262427299,43.012704878436786],[-81.271910636947155,43.012894322307524],[-81.271964022893599,43.013063667177242],[-81.272083885915904,43.013283195914639],[-81.272153227931696,43.013454217315925],[-81.272222644296747,43.013641984309182],[-81.272285026068261,43.013792850832395],[-81.272370197247596,43.013906738726448],[-81.272482922014461,43.014064239117126],[-81.272561175986937,43.014196603709507],[-81.272655421514699,43.01430876241286],[-81.27274964055934,43.014415968315198],[-81.272836974416535,43.014491309029339],[-81.272956295614875,43.01458494732308],[-81.273171334968708,43.014623065996005],[-81.273361310848742,43.014654490332731],[-81.273592259731672,43.014653938499585],[-81.273823168768558,43.014646628897374],[-81.274141042190735,43.014657664592775],[-81.274493252939564,43.014663480572054],[-81.274761957899784,43.014657159031152],[-81.27495445923104,43.014649308989114],[-81.275076285782689,43.014643613219938],[-81.275403275574234,43.014636159520471],[-81.275634161757992,43.014623803485073],[-81.275917532560499,43.014603035812222],[-81.276123457736603,43.014634417113015],[-81.276320251901311,43.014652402546169],[-81.276644162907488,43.014653482328889],[-81.276712085117737,43.014653797203856],[-81.276784481106944,43.014651280834279],[-81.277033605952269,43.014625463927693],[-81.277182156538771,43.014612500781226],[-81.277263192266673,43.014593754073843],[-81.277492873875886,43.014556006534931],[-81.277663401599895,43.014518312006729],[-81.277847394035888,43.014472033331309],[-81.278017859192104,43.014419480074281],[-81.278183377700429,43.014386839773103],[-81.278607067086355,43.014292880557576],[-81.278765772978161,43.014245307593832],[-81.279062692069928,43.014151561732085],[-81.279177467038878,43.014105446060711],[-81.279239680139682,43.014049462905284],[-81.279322281468893,43.013998472795194],[-81.279386460491551,43.013998316149149],[-81.279506349504146,43.013969480985345],[-81.27960068561481,43.013908466396124],[-81.279696593221246,43.013815209763543],[-81.279802735976574,43.013731923647761],[-81.279944874535829,43.013631709927182],[-81.280035454267221,43.013553324392191],[-81.280087278871477,43.013507992163042],[-81.280155996903417,43.013372657976774],[-81.280302204396335,43.01319499029912],[-81.280414752097641,43.013064501386445],[-81.280522734322844,43.013008405379473],[-81.280922567731224,43.012853618206265],[-81.281117970702624,43.012727877985334],[-81.281257724797698,43.012615961891022],[-81.281345115664692,43.012512819215026],[-81.281414022247731,43.012419627491731],[-81.281453034698771,43.012336865066708],[-81.281486163025505,43.012200627011396],[-81.281523674222512,43.012057894515664],[-81.281501700961414,43.011921791969954],[-81.281424570702384,43.011773574560721],[-81.281377888134472,43.011627627165176],[-81.281365042821207,43.011528693065948],[-81.281389019404656,43.01137689875204],[-81.281405361907616,43.011247362111938],[-81.281430746106494,43.011163102323025],[-81.281463956130722,43.011045954787704],[-81.281470636550367,43.011029866115429],[-81.281505101946706,43.010946887907394],[-81.281559349692387,43.010761160031699],[-81.281584758284893,43.010655468080564],[-81.281605775142154,43.010581214614142],[-81.281651409441793,43.010497805447933],[-81.281692708915585,43.010432507117962],[-81.281751959643927,43.010348253940201],[-81.281982846199853,43.01020243358424],[-81.281990200427174,43.010198496459566],[-81.282063267672029,43.01015937129516],[-81.282063101200123,43.010122991228876],[-81.282160352526631,43.010084119776295],[-81.282286648791796,43.010009426486725],[-81.282389562340597,43.009920922944751],[-81.282475950726166,43.009868030116664],[-81.282602033139653,43.009746870848247],[-81.28265610834724,43.009577982321034],[-81.282710395952904,43.009455469346847],[-81.282678099021723,43.009316147038156],[-81.28255098568782,43.009211101592847],[-81.282409262235333,43.00913094604801],[-81.28230549905112,43.009061499184931],[-81.282201663110953,43.008975036425483],[-81.282154876954223,43.008886812032408],[-81.282114384631612,43.008806406517003],[-81.282160468721599,43.008741276307489],[-81.282248970050986,43.008694591930194],[-81.282390221978559,43.008671010429353],[-81.282516638106415,43.008624232292597],[-81.282674929243839,43.008623841462672],[-81.282985014510118,43.008599842127126],[-81.283166417764576,43.008582287438834],[-81.283324675733525,43.008575772344237],[-81.283491411666461,43.008570676843512],[-81.2836329090633,43.008575008920445],[-81.283799415320743,43.008546684059446],[-81.283839481765639,43.008534157706919],[-81.28395777973131,43.008563310857603],[-81.28406982489274,43.008592479405067],[-81.28422811101926,43.008592086439513],[-81.284441542984368,43.008655045571359],[-81.284631779654561,43.008718058387792],[-81.284815619872788,43.008776497820769],[-81.284980501817657,43.008822553564229],[-81.28514100852226,43.00885007312705],[-81.285314306981277,43.008885211285524],[-81.285464290307274,43.008918970125301],[-81.285639688838145,43.008983549131941],[-81.285829990284199,43.009058990389221],[-81.285957158999352,43.009174838138989],[-81.286084407196697,43.009307708729722],[-81.286211524113256,43.009411129325159],[-81.286260525161467,43.009499350111923],[-81.286298814665784,43.009579759658656],[-81.286356332769572,43.009678761577405],[-81.286466541635434,43.009788441283241],[-81.286593609945669,43.009881055484335],[-81.286720486498965,43.009933417366923],[-81.286887271616436,43.009939216530746],[-81.287045428948062,43.009909373416484],[-81.287108528311364,43.00986274899568],[-81.287171576817627,43.009805228534212],[-81.287260003926718,43.009769436611101],[-81.287306213123074,43.009705834890148],[-81.287314232170289,43.009636115527002],[-81.287305642736129,43.009583457434992],[-81.287448222334362,43.009397234813008],[-81.287511104146532,43.009304144554498],[-81.287565548205436,43.009217288958048],[-81.287668604112397,43.009134903750144],[-81.287763309238443,43.009077393437018],[-81.287809572760068,43.009024597452836],[-81.28789810646424,43.009011947794086],[-81.287992970213139,43.008988476055322],[-81.288110974274474,43.008954139906351],[-81.288205751123499,43.008912117765547],[-81.288378578572704,43.008871343330789],[-81.288592620616782,43.00880245535128],[-81.288735451576201,43.008802095120465],[-81.288887480130711,43.008749301988061],[-81.28906570936428,43.008684199190633],[-81.289270070698606,43.008617315507031],[-81.289386674115107,43.008583939720566],[-81.289405599052628,43.00857852124534],[-81.289505433569943,43.00855506089691],[-81.289548146219374,43.008545022058577],[-81.289707384765308,43.008485185640076],[-81.289797323490589,43.008380138929432],[-81.289894469233332,43.008294344744264],[-81.290046343933028,43.0081822070402],[-81.290152846320083,43.008077118069025],[-81.290250056113109,43.007979072916356],[-81.290330455585305,43.007881073924409],[-81.290382508089522,43.007807550540932],[-81.29043683766055,43.00772357547141],[-81.290472074259213,43.007623889956093],[-81.290497567402824,43.007487574912759],[-81.290487469423383,43.007349642834711],[-81.290470436418502,43.007276291120817],[-81.2903800728823,43.007290568327505],[-81.290282246712394,43.007231382998086],[-81.290174845682543,43.007172311910331],[-81.290086443158415,43.007107875976068],[-81.290005091161049,43.007003263085217],[-81.289868860388538,43.006891855227025],[-81.289789807289154,43.006780208797558],[-81.28968927776539,43.006668710323304],[-81.289646119606758,43.006597225612637],[-81.289564834592923,43.006506570093798],[-81.28953814240819,43.006414065461165],[-81.289492407242363,43.006290177677208],[-81.289482369153873,43.006190606945644],[-81.289446328041109,43.006119107754728],[-81.289436511242045,43.006040514678091],[-81.289463916616597,43.005945261733522],[-81.289526701218833,43.005831819090716],[-81.289586886257169,43.005740715574518],[-81.289680341326743,43.005679781275944],[-81.289732286742264,43.005610851019632],[-81.289825679933116,43.005535782391654],[-81.289927032001955,43.005406122769152],[-81.290061464642321,43.005292498309316],[-81.290185153432617,43.005215367884318],[-81.290350319704018,43.00519270647419],[-81.29052676088638,43.005192262345979],[-81.290722442536193,43.005214008010881],[-81.290888060829303,43.005260147057058],[-81.291034498077508,43.005350726058005],[-81.29117809355661,43.005411058648349],[-81.291272174151118,43.005507893978297],[-81.291336296201663,43.00565334644628],[-81.291438792081266,43.005766279298243],[-81.291554858789553,43.005842890638732],[-81.291770402690346,43.005963643333608],[-81.2919280583572,43.006090663131403],[-81.292093911753085,43.006211631990773],[-81.292290333408644,43.006362779595648],[-81.292403685294332,43.0064615458787],[-81.292528169983655,43.006552272681247],[-81.292652726632667,43.006659114642147],[-81.29276876293234,43.006727616648263],[-81.292942842772135,43.00682424952246],[-81.29307828729813,43.006922962183559],[-81.293202812440285,43.007021789104137],[-81.293349295854185,43.007120473161628],[-81.293609224566524,43.007309907348883],[-81.293711732706598,43.007422928149211],[-81.293783890755961,43.007527925799373],[-81.293817475231293,43.007649137907052],[-81.293796345545786,43.007825154847772],[-81.293819031758105,43.007976742013021],[-81.293808646385358,43.008090056069612],[-81.293756792314966,43.008203382910132],[-81.293696433261246,43.008258198589822],[-81.293614271479768,43.008371603129483],[-81.293499069341706,43.00847915259444],[-81.293397561012824,43.008576487507767],[-81.293326123974424,43.008623136772101],[-81.293180603454289,43.008728688840279],[-81.292985363602327,43.00882824455821],[-81.292746135385343,43.008942136869237],[-81.292550762795742,43.008989192626146],[-81.292468098897857,43.008997414798323],[-81.292407809892296,43.009066367571805],[-81.292292268294531,43.009103043178918],[-81.292190666328324,43.009180205896079],[-81.292131515532304,43.009230515122802],[-81.292116712117789,43.009265672675987],[-81.292121726294084,43.009313927049526],[-81.292139974145357,43.009358275465182],[-81.292166376178926,43.009388465104415],[-81.292198199853956,43.009423417184891],[-81.292253986275526,43.009465778676343],[-81.292351692620258,43.009524422297169],[-81.292439239044228,43.009588224682801],[-81.292508305428512,43.009635328405416],[-81.292557944636144,43.009675093987198],[-81.292658633710303,43.009715719582367],[-81.292741095077005,43.009742167305006],[-81.29284479552814,43.009770898343213],[-81.292969446275094,43.009791744855285],[-81.293039002218322,43.009805926273771],[-81.293139559316401,43.009826429056957],[-81.293263036098452,43.00983259999439],[-81.293371296869068,43.009839706706281],[-81.293489733523273,43.009870744306284],[-81.293589397473184,43.009901015881113],[-81.293685859487084,43.009922657923688],[-81.293766803504312,43.009951898569618],[-81.29393572135919,43.009944703883697],[-81.294099002703987,43.009926847023323],[-81.29445541793396,43.009894899169439],[-81.294669300850884,43.009846281463403],[-81.295017804527731,43.009794096225988],[-81.295295146786785,43.009760123495006],[-81.295490404729605,43.009765872678287],[-81.295640408839958,43.00983357083021],[-81.295816651341653,43.009887664554107],[-81.29601675491898,43.009892033345778],[-81.296225208276994,43.009885846048846],[-81.296436085410519,43.009878969510595],[-81.296577718086724,43.009857049865793],[-81.296736890293019,43.009789246975913],[-81.296935448662751,43.009732718692433],[-81.297149037791002,43.009704625067933],[-81.297411951473123,43.009701330714854],[-81.297664741918283,43.009731586154061],[-81.297820751144116,43.009734272651208],[-81.298066642192879,43.009719111884614],[-81.298141974967891,43.009610496454293],[-81.298172686601959,43.009408994678672],[-81.298119162635729,43.009105575932367],[-81.298134610262238,43.008985890742693],[-81.29823466004791,43.008870520085054],[-81.298380929692982,43.008790900548128],[-81.298530583178604,43.008689752582079],[-81.298519969379782,43.00850683056273],[-81.29904874129241,43.00834802446758],[-81.299559190652744,43.008194718253861],[-81.300068683006714,43.008041696829736],[-81.300580801108353,43.007891944985197],[-81.304211509662622,43.00685093858268],[-81.304202656502298,43.006832719637586],[-81.303893604576984,43.006196644238706],[-81.303452759653922,43.005270176884245],[-81.303177189770707,43.004692204097864],[-81.302961428694587,43.004222777074084],[-81.302918461020809,43.00413165946803],[-81.302847103702845,43.003977212219333],[-81.302646468501663,43.003554787943891],[-81.302324162922673,43.002912715874778],[-81.301979543611296,43.002158565040709],[-81.301838301914032,43.001862863174878],[-81.301737156412969,43.001646846741274],[-81.301410618359739,43.000967451568272],[-81.301395987109871,43.000937453646848],[-81.301260720317615,43.000660186682772],[-81.300840396772159,42.999788245840307],[-81.299875659193788,42.997837327763506],[-81.29984421066365,42.99770180975338],[-81.299801549795035,42.99751797278693],[-81.299212364144296,42.99639120759592],[-81.298672540207164,42.995546990949158],[-81.298128506815985,42.994426036299394],[-81.297241642572857,42.992732465801211],[-81.297162716676141,42.99258101232936],[-81.29715883383524,42.992573571594242],[-81.297154959551833,42.992566124533184],[-81.29714747473551,42.992551740314866],[-81.29634463810217,42.991007936628002],[-81.296094791581055,42.990527351681273],[-81.295672055409455,42.989714194396804],[-81.295114201320942,42.988646063148451],[-81.295099089291398,42.98861712819658],[-81.295068574339126,42.988558698919022],[-81.294687337345707,42.987828712611822],[-81.29466038352048,42.987777102618203],[-81.294533344713003,42.987533846051001],[-81.294520868796866,42.987509957897636],[-81.294304544454789,42.987095423164895],[-81.294145040762501,42.986789767689004],[-81.294109118930521,42.986709085108586],[-81.294100876226167,42.986690573782639],[-81.294031507679307,42.986534768275952],[-81.293797393595483,42.986087549152451],[-81.293609393580098,42.985724818710167],[-81.293605632685441,42.985717562137104],[-81.292905917657961,42.984367480212725],[-81.292902361185611,42.984360618415934],[-81.292711315433735,42.983991993130715],[-81.292706896185891,42.98398346308602],[-81.29263849354416,42.983851479006304],[-81.292585047130956,42.983857756221859],[-81.290401495924002,42.984502505893275],[-81.287968791398939,42.985205431325333],[-81.2872035246357,42.98544719970392],[-81.285545721321768,42.985946218566447],[-81.285280744072537,42.986024214251131],[-81.284850297008646,42.986150914717228],[-81.28400983562554,42.986398294206502],[-81.283265569611473,42.986615697337406],[-81.281564706359859,42.987112501134945],[-81.281173424683317,42.987235999051549],[-81.281170772669782,42.987236789910824],[-81.281153271374023,42.987241909078605],[-81.279838687470217,42.987626408503182],[-81.279689343212254,42.987670088980749],[-81.279338720119483,42.987772638044483],[-81.278766260534823,42.98794006529041],[-81.278761739031594,42.987941388345966],[-81.277824101096712,42.988215611386039],[-81.277664914603918,42.988262166825102],[-81.277575925345658,42.988288192192229],[-81.277410347524082,42.988336616026359],[-81.276840932661045,42.988503141049343],[-81.276596070749676,42.988574749067595],[-81.276440110363168,42.988620358474328],[-81.276068224452317,42.988729116452447],[-81.275254412818967,42.988967151465118],[-81.275031919172065,42.989032227670812],[-81.274898287759939,42.989071533578496],[-81.274275003397761,42.989259639746138],[-81.273918780914741,42.989367144712048],[-81.273362629104582,42.989536375327475],[-81.273362505376937,42.989536412543892],[-81.27305580735748,42.989630055647012],[-81.272459042703147,42.989812479365739],[-81.272377877068422,42.989837275379024],[-81.272342809844744,42.98984798754303],[-81.272333630549767,42.989850452467508],[-81.27228103893448,42.989864447242688],[-81.272100087526312,42.989912599184471],[-81.271735086791296,42.990015089764256],[-81.271278786252594,42.990140187685768],[-81.270726746760047,42.990291529610246],[-81.269290198685468,42.990708587482203],[-81.269138150160657,42.990752727901729],[-81.267907173272476,42.991109992554591],[-81.267621910497695,42.991190953859146],[-81.267216177975882,42.991306106263906],[-81.266958614981618,42.991389130948079],[-81.26687850201661,42.991414955287034],[-81.265062931429739,42.991942608099805],[-81.263742838640241,42.992331309851359],[-81.263138316322454,42.992503335213684],[-81.262776704953964,42.992606281976947],[-81.262641106967095,42.992644885578194],[-81.26203316831446,42.992815491931232],[-81.262027693127735,42.992816861533633],[-81.261812551742509,42.992870694637894],[-81.261606459573898,42.992921064006509],[-81.261490577769152,42.992956293795174],[-81.261015151242489,42.993094041201196],[-81.259777308299604,42.993477645009236],[-81.259775540432443,42.993478194730386],[-81.259579433060807,42.993540022882449],[-81.259434996992567,42.99358556043849],[-81.259253977809294,42.993654674074115],[-81.258912309089368,42.993798639282218],[-81.258734755774512,42.993849108209623],[-81.258572339170982,42.993896694355499],[-81.257959892693009,42.994074522120279],[-81.257502859316489,42.994207221937188],[-81.256336086166485,42.994552142586564],[-81.255070368751589,42.994934758269771],[-81.254977558386543,42.9949628133121],[-81.253198101831515,42.995500694446505],[-81.251502534242178,42.99600826405409],[-81.251395672764446,42.996040251669839],[-81.25107514280657,42.996136198489481],[-81.250173845817372,42.996404831704666],[-81.249797821181843,42.996519770896889],[-81.249359858144985,42.996653640135676],[-81.24929714796076,42.996672809000231],[-81.248251396519606,42.996992447463228],[-81.247805155963334,42.997109306374206],[-81.245702167457324,42.997729928748271],[-81.24443835607363,42.99810745268941],[-81.244431534450328,42.998109506009833],[-81.242753022089943,42.998615523511788],[-81.242752166748218,42.998615775667339],[-81.241933366572965,42.998852552038642],[-81.240923516220704,42.999144564933587],[-81.240558718840461,42.99925004788372],[-81.240555978690665,42.999250840687417],[-81.239568137155644,42.999536473778235],[-81.238923354005067,42.999730162100356],[-81.238245690351903,42.999935567813402],[-81.238063057406222,42.999978365383065],[-81.237193981876132,43.000166959508057],[-81.237209393017324,43.000249669005271],[-81.237952721861319,43.0017406991116],[-81.237979530621914,43.001796573949875],[-81.238027534906905,43.001892993318393],[-81.238041361370904,43.001920763256983],[-81.238118208426201,43.002075114432927],[-81.238451634124729,43.00274221651555],[-81.23881026511151,43.003456321011264],[-81.238994366654595,43.003827218026714],[-81.2391535056381,43.00414781948006],[-81.239303810826584,43.004452578516862],[-81.239520230470205,43.004891388186913],[-81.239791495299158,43.00544503774757],[-81.23986903442291,43.005604390321736],[-81.239921435709007,43.005712080275416],[-81.239921621233563,43.005712459900799],[-81.240077383996478,43.006032568156527],[-81.240097108635055,43.006073103658437],[-81.240116472138709,43.00611289969698],[-81.240174060779793,43.006231296484849],[-81.240290523471401,43.006483220298321],[-81.241073853916745,43.008056430135539],[-81.24118647653502,43.008267459998997],[-81.241190891076215,43.008276472879487],[-81.241545723737332,43.009000963446553],[-81.24215327655395,43.010251713252401],[-81.242153395289321,43.01025195163556],[-81.242185423927623,43.01031806393005],[-81.242430835180471,43.010842615589581],[-81.242501621031565,43.010955605323751],[-81.242706086227798,43.011280853753838],[-81.242764902341605,43.011374414147959],[-81.242772048302456,43.011385780496823],[-81.242858641580739,43.011508722188644],[-81.242919478887657,43.011595048041464],[-81.242940873338839,43.011625245252411],[-81.242942579365362,43.011627826986256],[-81.242967776525745,43.011660179137579],[-81.243069668853678,43.011790897380031],[-81.243092372227238,43.011820024681221],[-81.243224699562091,43.012004180844386],[-81.243264865181942,43.012060449194252],[-81.243301274793367,43.012111457549466],[-81.243388590607793,43.012290060309361],[-81.243393563782249,43.012300236265546],[-81.243393668932228,43.012300450362538],[-81.243395290773947,43.012303767081796],[-81.243396684990572,43.012306618723109],[-81.243398002508258,43.012309313839395],[-81.243399438784436,43.012312250939381],[-81.24339996084619,43.012313319631104],[-81.243400202083436,43.012313813496263],[-81.243401681664011,43.01231684055481],[-81.24340334680366,43.012320245431518],[-81.243403954225528,43.012321488640012],[-81.243404118756587,43.012321824179104],[-81.24340427958856,43.012322155223536],[-81.243406241637089,43.012326168211303],[-81.243413802830744,43.012341634542551],[-81.243472014993927,43.012460706293439],[-81.243502125080752,43.012522296327774],[-81.243528525120652,43.012576298473917],[-81.243549751572004,43.01261971626132],[-81.243567413913155,43.012655843923319],[-81.24370077349657,43.012928626972979],[-81.243767419076065,43.013064943315072],[-81.244044131801488,43.013630940634819]]]},"properties":{"OBJECTID":9,"Ward":"6","Shape.STArea()":11984202.125923909,"Shape.STLength()":18151.300530181485}},{"type":"Feature","id":10,"geometry":{"type":"Polygon","coordinates":[[[-81.29715883383524,42.992573571594242],[-81.297829815930598,42.99385947415044],[-81.297943264576659,42.994074666266471],[-81.298133082806345,42.994435465319029],[-81.298277333123906,42.994732688877079],[-81.29870112362282,42.995494197857226],[-81.298714814743803,42.99551857132527],[-81.298729268152414,42.995544303471178],[-81.299206008040741,42.996389927478816],[-81.299801549795035,42.99751797278693],[-81.299835213571527,42.997663037606543],[-81.299875659193788,42.997837327763506],[-81.300843612204616,42.999794748064275],[-81.301264085502623,43.00066065869666],[-81.301396250481986,43.000937370106548],[-81.301735261038289,43.001647135397995],[-81.302336851262325,43.002906604831551],[-81.302646831733767,43.003555549713511],[-81.302961996631183,43.004223996659171],[-81.303177189770707,43.004692204097864],[-81.303893604576984,43.006196644238706],[-81.304196666772967,43.006820387801831],[-81.304202656502298,43.006832719637586],[-81.304211509662622,43.00685093858268],[-81.304448184521576,43.007338036583185],[-81.304448526543709,43.007338718257834],[-81.305795584960066,43.010020858510764],[-81.306182870464539,43.010802714607657],[-81.306503996940947,43.011395274504849],[-81.308231548255392,43.014668513877112],[-81.308703093126198,43.015522401232673],[-81.308784426243975,43.015660699439913],[-81.309232755120789,43.016423017035201],[-81.309364598687765,43.016692167680361],[-81.30967936454698,43.017263436467609],[-81.310366724577889,43.018510880028508],[-81.310377329335751,43.018526760498723],[-81.310388896160191,43.018544084570401],[-81.310398679859588,43.018558737174878],[-81.310416164883989,43.018584921474428],[-81.310719994128306,43.019078210595637],[-81.310833957536133,43.019284289745826],[-81.311071112409792,43.019702129103067],[-81.311891786399258,43.021197084333188],[-81.312757160564715,43.022751610087191],[-81.315107315191611,43.026960710012148],[-81.316405866129628,43.029324497018372],[-81.317198449983053,43.030852729509022],[-81.318139964073481,43.032792261213771],[-81.318939994016645,43.034475756193352],[-81.319443571167142,43.035535377155547],[-81.319776825749173,43.036236585461488],[-81.319887859801838,43.036204658524866],[-81.320164894659229,43.036124877370419],[-81.327094934187372,43.034128839672704],[-81.330591873156862,43.033110253928307],[-81.334092131975879,43.03209862946597],[-81.341065351394306,43.030074819773112],[-81.34693750718202,43.028366978782962],[-81.347734706272391,43.028135093082014],[-81.348230626722284,43.027991039118746],[-81.3527168527485,43.026686101296804],[-81.353075883600795,43.026586259415353],[-81.355208499726629,43.025970768569387],[-81.362258682064677,43.023895420359217],[-81.368002523167547,43.022241981775672],[-81.369333912250539,43.021858526724657],[-81.36603987460839,43.015817611518507],[-81.365997876665304,43.015635130529645],[-81.364058008497295,43.012126784005567],[-81.362839157759893,43.009965722327678],[-81.362023443665692,43.01020380219321],[-81.359081605978773,43.004541994723162],[-81.358927230676159,43.004412243979722],[-81.358926695566453,43.004411795404167],[-81.358768856245689,43.0042791340611],[-81.35586585862508,42.998629589882249],[-81.35291557695507,42.992908600814332],[-81.352868602125938,42.99280849736644],[-81.352861374471232,42.992793093927126],[-81.352860331306772,42.992790871084459],[-81.352798494116115,42.99265909929187],[-81.351830587459673,42.990680226881452],[-81.351811097868179,42.990683009027975],[-81.351594630903492,42.990711950170549],[-81.351376945279497,42.990742335460006],[-81.351159725495819,42.990768396460744],[-81.350943730138781,42.990794093091218],[-81.350716957375383,42.990822884069978],[-81.350155737709201,42.990885656879719],[-81.34986752438185,42.990914869151865],[-81.349760839481746,42.990925682538872],[-81.349593257554091,42.990942667526888],[-81.349493617893017,42.990952048948493],[-81.349102844193965,42.990988829615965],[-81.348691858057634,42.991024121650511],[-81.348561431217107,42.991034028291907],[-81.348537484276477,42.991035848203076],[-81.348513917499503,42.991037648941493],[-81.34848708910863,42.991039693738003],[-81.348287224690978,42.991054890331505],[-81.347883073452792,42.991084215301569],[-81.347464924605674,42.991111240013574],[-81.347041111423266,42.991134498232796],[-81.345991793169162,42.991176937174281],[-81.344932849979372,42.991209489898303],[-81.344008439385746,42.991235865304844],[-81.343311794473152,42.991256777606182],[-81.343087347482623,42.991263574062202],[-81.34243732953766,42.991280906726075],[-81.342395728712091,42.991282016336569],[-81.342235167258423,42.991286296680769],[-81.341936897096716,42.991295211664614],[-81.341675887599095,42.991303006078688],[-81.340635699375355,42.991333932193541],[-81.339379770116309,42.99137134205786],[-81.33817702512934,42.991405834463578],[-81.337993086432292,42.991411105449039],[-81.336515156711954,42.991454902484101],[-81.335041756634837,42.991497406463729],[-81.334346205004294,42.991517450538765],[-81.333622443170412,42.991538293024441],[-81.332894762733815,42.991560493094767],[-81.332883847228047,42.991560885044862],[-81.332733049247523,42.991565456852577],[-81.332479715941375,42.991573135940484],[-81.332477986565209,42.991573185989424],[-81.332474944835553,42.99157327587077],[-81.332471988973481,42.991573365502596],[-81.332469082130075,42.991573445986894],[-81.332466199868776,42.991573535404797],[-81.332463023204269,42.991573625677773],[-81.332462790183584,42.991573635359707],[-81.332459098361994,42.991573736134001],[-81.332455455656103,42.991573845770631],[-81.332446600190877,42.991574087613927],[-81.332410503897819,42.991575101964436],[-81.332336900819897,42.991577170747121],[-81.332319533357818,42.991577653417473],[-81.332251584978124,42.991579651696775],[-81.332176178911283,42.991581770635293],[-81.33216241745005,42.991582161770772],[-81.332120237540124,42.991583328760761],[-81.332108217624764,42.991583651800717],[-81.332104881539195,42.991583751531408],[-81.332101582205553,42.991583842150277],[-81.332098233804658,42.991583932911425],[-81.332094934470987,42.991584023530088],[-81.332092996558515,42.991584074178249],[-81.332091671937704,42.991584114041885],[-81.332088483005251,42.991584204340057],[-81.332085392158689,42.991584285348473],[-81.332082325894234,42.99158437529055],[-81.331337096474371,42.99160544570956],[-81.331213096449005,42.991609046432409],[-81.331047149717534,42.991613848961286],[-81.329951138712886,42.9916452896734],[-81.32881650616541,42.991678307684111],[-81.328764551186268,42.991679825702136],[-81.328723745118126,42.991681005504525],[-81.328720924179962,42.991681094651987],[-81.328718225814043,42.9916811654372],[-81.328716913455537,42.991681205226563],[-81.328715490695615,42.99168124533297],[-81.328712694291056,42.991681334409783],[-81.328699349807209,42.99168171492633],[-81.328687636667183,42.991682063741372],[-81.328659991078069,42.991682863534294],[-81.328580513071827,42.991685162892942],[-81.328580145067008,42.991685163949384],[-81.3285782808546,42.99168523413767],[-81.328577569512902,42.991685261393968],[-81.328529490263449,42.991686660118063],[-81.328490327748924,42.991687799099395],[-81.328460621614923,42.991688658788334],[-81.328457064762162,42.99168876805134],[-81.328455666535518,42.99168880808412],[-81.328454918354893,42.991688828241301],[-81.328453973952946,42.991688857966672],[-81.328452649327289,42.991688897788215],[-81.328408642083659,42.991690176715281],[-81.32836999467537,42.991691296167311],[-81.328357655971104,42.991691655748319],[-81.327609135222389,42.991712504220182],[-81.327495166858967,42.991715666972567],[-81.326536763020798,42.991742340725004],[-81.326496042350399,42.991743447448826],[-81.3264664835514,42.991744342220315],[-81.326401724156241,42.991746327931097],[-81.325681645734036,42.991768820669186],[-81.324213873073504,42.991811259304775],[-81.322393225186985,42.991863228434148],[-81.32143592117464,42.991889964439352],[-81.321150224455906,42.991898320779541],[-81.321049577523397,42.991901264136565],[-81.320662846145424,42.991912574422066],[-81.319836042950129,42.991935599482716],[-81.318781844400974,42.991965735787204],[-81.318744619306557,42.991966793997335],[-81.31868075404914,42.991968610758072],[-81.318655585728237,42.991969329196543],[-81.318558579682474,42.991972084627527],[-81.318479480926484,42.991974330891331],[-81.318458899815894,42.99197491945646],[-81.318435252398885,42.991975597594489],[-81.318263710427544,42.99198050521715],[-81.318191578411444,42.991982569818447],[-81.318180110393541,42.991982898866596],[-81.318166497386756,42.991983567064651],[-81.318125290822096,42.991985662721575],[-81.318116043855227,42.991986129671659],[-81.318112045821081,42.991986329890302],[-81.318091574779615,42.991986855047799],[-81.318025292250553,42.991988552089211],[-81.317852533231388,42.991992967197021],[-81.317760296938744,42.991995321486677],[-81.317722678755842,42.991996281399715],[-81.317444068731817,42.992003403035099],[-81.31723328925716,42.992009291423287],[-81.317186386675758,42.992010601075592],[-81.316989675487093,42.9920160988299],[-81.316897464813266,42.992018677480694],[-81.31548026726982,42.992058270618458],[-81.31529518157663,42.992063103060389],[-81.314653329947063,42.992079817796373],[-81.314265684402031,42.992090806409465],[-81.314005843413895,42.992098165309059],[-81.313855261958281,42.992102432493986],[-81.313689152563285,42.992107138262206],[-81.313444336681584,42.992114112514386],[-81.313432427047346,42.992114451301319],[-81.311717374210446,42.992162683554426],[-81.311376363716818,42.992172986056318],[-81.311372524708474,42.99217310456109],[-81.311368661166242,42.992173223132454],[-81.311364822112424,42.992173332631985],[-81.311360946303211,42.992173451236489],[-81.31135710729481,42.992173569740743],[-81.31135325601943,42.992173688278235],[-81.31134941696557,42.992173797777248],[-81.311345541156285,42.992173916381219],[-81.31134355418385,42.992173975816634],[-81.311181332869097,42.992178640353998],[-81.311073581867163,42.992181733831636],[-81.310797084324008,42.992189680025177],[-81.310769876107685,42.992190459901323],[-81.310741571370514,42.992191271564252],[-81.310507180650845,42.992198004113597],[-81.310500434734323,42.992198202515759],[-81.31040817478133,42.992200848113171],[-81.310200939487373,42.992206803990463],[-81.310185546317712,42.992207214916071],[-81.310182075177465,42.992207305368701],[-81.310178689905911,42.99220739558853],[-81.310175341435169,42.992207485708512],[-81.310172091100057,42.992207575562468],[-81.31016891432138,42.992207656211939],[-81.310165762121869,42.992207745799789],[-81.310162609877096,42.992207826382568],[-81.310157495191405,42.992207966313615],[-81.309686464100693,42.992220543122649],[-81.309466188344743,42.992226424890688],[-81.308576482793356,42.992251834970851],[-81.308449511616544,42.99225546406845],[-81.308443329876766,42.992255642818805],[-81.308333787746164,42.992258765559264],[-81.308035498472236,42.992267264466243],[-81.30797628608849,42.992268951969479],[-81.307796993082576,42.992274060171752],[-81.307253878942532,42.992289027037351],[-81.306902056676208,42.992298732885118],[-81.306682554059776,42.992304787325011],[-81.306569343737749,42.992307882184967],[-81.306516234884725,42.992309465235529],[-81.305934242822815,42.992326357980431],[-81.305142389645269,42.992349336566235],[-81.304825438646816,42.992358321709069],[-81.303689609775049,42.992390490484631],[-81.303254983568976,42.992402800147794],[-81.302280149326194,42.99243036792069],[-81.301835869536674,42.992442931821849],[-81.301040150604408,42.992466207400298],[-81.301037795645144,42.992466276629763],[-81.300804470510599,42.992473103573687],[-81.299975327459023,42.992497351089447],[-81.299729866687755,42.992504032948531],[-81.299727608599866,42.992504094693274],[-81.298725559879117,42.992531366663719],[-81.297627517336323,42.992561242451252],[-81.29738753751721,42.992567769958526],[-81.297327560809038,42.992569816844217],[-81.297265495661819,42.992571238765798],[-81.297171293467713,42.992573284401665],[-81.29715883383524,42.992573571594242]]]},"properties":{"OBJECTID":10,"Ward":"7","Shape.STArea()":19022416.540246811,"Shape.STLength()":17813.540918748546}},{"type":"Feature","id":12,"geometry":{"type":"Polygon","coordinates":[[[-81.347947966286441,42.982740893782157],[-81.347945606198806,42.982736063412737],[-81.347954859951585,42.98275274515985],[-81.34796409410562,42.982769430567757],[-81.347973303795612,42.982786126855373],[-81.347982493886846,42.982802826803834],[-81.347991669305657,42.982819534000207],[-81.347995223629553,42.98282603208569],[-81.34800082026031,42.982836252076275],[-81.348009956501912,42.982852970196333],[-81.348019078071061,42.982869695564261],[-81.348028184967731,42.982886428180151],[-81.348037272265614,42.982903164456879],[-81.348046349776709,42.982919904364643],[-81.348055417521351,42.982936651505419],[-81.348064470552856,42.982953398690171],[-81.348073513797573,42.982970149505945],[-81.348082552181836,42.982986907539825],[-81.348091575852933,42.983003665617687],[-81.348100282220287,42.983019835725791],[-81.348100599528962,42.983020423694803],[-81.348109613438496,42.983037189004911],[-81.348118622426597,42.983053950727175],[-81.348127626533909,42.983070716065548],[-81.348136630666446,42.983087485005186],[-81.34814562987755,42.983104250356931],[-81.348154634019949,42.983121019295012],[-81.348163633240887,42.983137784645244],[-81.348172637372784,42.983154549979773],[-81.348181641529919,42.983171318915517],[-81.348190650557399,42.983188080631578],[-81.34819966451613,42.98320484593394],[-81.348208683345192,42.983221604016634],[-81.348215423912393,42.983234127624272],[-81.348217707105562,42.983238365685608],[-81.348226740642289,42.983255120119985],[-81.348235779090018,42.983271874538637],[-81.348244832220161,42.983288621707793],[-81.348247355770184,42.98329328587927],[-81.34825389516736,42.983305368846317],[-81.348262967911282,42.983322112352248],[-81.348272055337674,42.983338848608597],[-81.348281157466843,42.983355581217403],[-81.348290274298847,42.983372310178673],[-81.348299405813307,42.983389031890383],[-81.348308552010266,42.983405746352567],[-81.348317722722214,42.983422457137308],[-81.348326908116647,42.983439160672489],[-81.348336113099691,42.983455856943202],[-81.348345342577417,42.983472545934511],[-81.348354591643755,42.983489227661288],[-81.348363865204774,42.983505902108654],[-81.348373163240197,42.983522565674591],[-81.348382485770344,42.983539221961081],[-81.348391832795244,42.983555870968104],[-81.348401209180324,42.983572505476801],[-81.348410614986577,42.983589136293062],[-81.348420050153081,42.983605752610991],[-81.348429514700086,42.983622358032505],[-81.348439013554128,42.983638956144652],[-81.34844854176842,42.983655539758423],[-81.348458109175496,42.983672112445902],[-81.348467705963216,42.983688674236973],[-81.348477341943777,42.983705225101723],[-81.348487012190731,42.983721761453111],[-81.348495896811713,42.983736880990925],[-81.348496721610246,42.983738283276203],[-81.348506465316589,42.983754794187917],[-81.348516253101593,42.983771290556341],[-81.348526084965286,42.983787772381504],[-81.348535956001641,42.983804239678321],[-81.348545871116755,42.983820692431856],[-81.348552007152733,42.98383083150614],[-81.348555825404532,42.983837130657001],[-81.348565828656888,42.983853550721939],[-81.348575880894145,42.983869956228567],[-81.348586035981796,42.983886329002686],[-81.348596328160752,42.983902650929743],[-81.348606762357591,42.983918925596711],[-81.348617323874436,42.983935156650425],[-81.348628012731723,42.983951347692795],[-81.348638819096976,42.983967495151681],[-81.348649738104839,42.983983606245978],[-81.348660764828935,42.983999677388582],[-81.348671899310034,42.984015715783478],[-81.348683126829854,42.984031721475382],[-81.348694447368104,42.984047690862397],[-81.348705856079789,42.984063634765349],[-81.348717348038477,42.984079549597112],[-81.348728908546249,42.984095439004555],[-81.348740547415389,42.984111302957722],[-81.348752245041766,42.984127145118386],[-81.348764006331592,42.984142965471577],[-81.348775816586894,42.98415876766407],[-81.348787675828021,42.984174555297891],[-81.348799584034694,42.984190324770999],[-81.348811521602755,42.984206079745178],[-81.348823498385229,42.984221827394499],[-81.348835494716866,42.984237560574734],[-81.348847515564927,42.984253290076929],[-81.348859551096808,42.984269012328951],[-81.348871601312467,42.984284727330866],[-81.348883651534308,42.984300442331417],[-81.348895701762316,42.984316157330646],[-81.348907742184196,42.984331872358439],[-81.348919777726465,42.984347591001836],[-81.34893178876456,42.984363313320678],[-81.348943785131098,42.984379042887007],[-81.34895574722195,42.98439478336266],[-81.348967675016652,42.984410531145691],[-81.348979568555933,42.984426293440016],[-81.348991413101018,42.984442066688544],[-81.349003213598763,42.984457858080361],[-81.349015014082141,42.984473645868903],[-81.349026848833148,42.984489419143493],[-81.349038703174045,42.984505185153033],[-81.349050586896794,42.984520940265547],[-81.349062495115632,42.984536688098011],[-81.349074427789816,42.984552421446416],[-81.349086384960103,42.98456814751475],[-81.34909836172038,42.984583866317962],[-81.349110362956409,42.984599574239098],[-81.349122383782444,42.984615274895077],[-81.349134429084259,42.984630964669002],[-81.349146489069938,42.984646647192704],[-81.349158573551804,42.984662322436279],[-81.34917067271752,42.98467799042966],[-81.349182791473311,42.984693651157883],[-81.349194924933371,42.984709308237917],[-81.349207073056959,42.984724954465669],[-81.349219240770623,42.984740593428299],[-81.3492314182824,42.984756228757597],[-81.34924361538431,42.984771856821723],[-81.349247786492128,42.984777196728693],[-81.34925582228432,42.984787481252596],[-81.349268038962123,42.984803098448161],[-81.349280270344252,42.984818711995501],[-81.349292511524553,42.984834321909517],[-81.349304762482632,42.984849924588261],[-81.349317023238868,42.984865523633694],[-81.349329293793303,42.984881119045824],[-81.349341569239741,42.984896710839642],[-81.3493538495986,42.984912302617111],[-81.349366100608151,42.984927908890953],[-81.349378317382616,42.984943533278141],[-81.349390509713956,42.984959172146738],[-81.349402682487948,42.98497482187986],[-81.349414845496568,42.984990478845482],[-81.349427008511356,42.985006135809805],[-81.349439171552746,42.985021796374724],[-81.349451354163904,42.985037446072418],[-81.349463556385615,42.985053092106874],[-81.349475787948691,42.985068720040175],[-81.349488053779723,42.985084333459348],[-81.349500368556505,42.985099925115414],[-81.349507536222873,42.985108946154227],[-81.349512737164858,42.985115491391497],[-81.349525164490629,42.985131028670551],[-81.349537660325822,42.985146533320595],[-81.349550229535822,42.98516199812272],[-81.349562891745506,42.985177423016935],[-81.349575637122101,42.9851928044312],[-81.349588490176231,42.985208138688627],[-81.349601450846734,42.985223414983182],[-81.349614524060257,42.985238636901826],[-81.349627724494667,42.985253797195661],[-81.349641052129599,42.985268892262624],[-81.349653260164828,42.985282517513212],[-81.349654521683732,42.985283922057683],[-81.349668074445901,42.985298915576543],[-81.349681666464377,42.985313908973829],[-81.349695307469958,42.985328887811605],[-81.349708992556486,42.985343852104876],[-81.34972273644253,42.985358801808637],[-81.349736543952773,42.985373722499993],[-81.349750415128057,42.985388621382839],[-81.349764354792896,42.985403484034272],[-81.349778372759801,42.985418310424272],[-81.349792473914619,42.985433096935814],[-81.349806663143156,42.985447839951938],[-81.349820940384177,42.98546252866668],[-81.349835315470585,42.985477166651926],[-81.349849793247373,42.985491743086783],[-81.349864378641215,42.985506261558136],[-81.349879076476668,42.985520707643062],[-81.349893891680438,42.985535084928514],[-81.349908829097444,42.98554938259349],[-81.349923898540254,42.985563600607946],[-81.349939095082178,42.985577735384865],[-81.349954433401123,42.985591779675225],[-81.349969913476627,42.985605729876951],[-81.349985545100836,42.985619582358098],[-81.350001328232835,42.985633329914585],[-81.350017267778938,42.985646972531335],[-81.350033290513352,42.985660575268994],[-81.350049318345071,42.985674210407161],[-81.35006535123317,42.985687870741877],[-81.350081394043031,42.985701549054141],[-81.350097451660545,42.985715241727029],[-81.350113533877732,42.985728945128493],[-81.350129635747521,42.985742652069582],[-81.350145767061932,42.985756358918266],[-81.35016192778015,42.985770058470628],[-81.350178127673772,42.985783743492682],[-81.350194366742812,42.985797413984344],[-81.350210649832192,42.985811059124742],[-81.350226981848166,42.98582467889873],[-81.350243367635699,42.985838262485466],[-81.350259812101015,42.985851809869793],[-81.350276315203217,42.985865313847846],[-81.350292886693509,42.985878763583536],[-81.350309526592298,42.985892162678859],[-81.350326239744518,42.985905500312839],[-81.350343031035933,42.985918772868423],[-81.350358094231183,42.985930561267232],[-81.350359905352391,42.985931976728615],[-81.350376867538785,42.985945101072382],[-81.350393917595042,42.985958145899716],[-81.350411065292846,42.985971103976588],[-81.350428310591198,42.985983968098978],[-81.350445658375918,42.985996734649852],[-81.350463113532797,42.986009400012144],[-81.350480680927149,42.986021956966859],[-81.350498360538481,42.986034401911951],[-81.350516162138376,42.986046727613356],[-81.350534090592149,42.986058926852046],[-81.350552145899755,42.986070999627962],[-81.350570332906045,42.986082935120095],[-81.350588656517246,42.986094733313337],[-81.350607121578165,42.986106383386662],[-81.350625728088758,42.986117885340008],[-81.350644485800089,42.986129228337305],[-81.350663399618384,42.986140412363461],[-81.350682493952121,42.986151415731371],[-81.350701832378149,42.986162202225714],[-81.350721414937311,42.986172779050378],[-81.350741217159566,42.986183157086295],[-81.350761243971576,42.986193339920312],[-81.350781475809612,42.986203338418427],[-81.350801907787741,42.986213156197458],[-81.350822525248503,42.986222804108444],[-81.350843318440667,42.986232292987268],[-81.350864277551622,42.986241622863858],[-81.35088539773642,42.986250804559162],[-81.350906664337572,42.986259848924128],[-81.350928067583439,42.986268763192712],[-81.350949597681804,42.986277550996903],[-81.350971244861014,42.986286219570687],[-81.350992999390414,42.986294783351994],[-81.351014846571516,42.98630324598787],[-81.351036781518474,42.986311611095317],[-81.351058794500602,42.986319893112245],[-81.351080870839979,42.986328099287732],[-81.351103005650756,42.986336233238795],[-81.351125184254968,42.986344302214498],[-81.351147396922016,42.986352320652792],[-81.351148716978869,42.986352793873444],[-81.351169638745517,42.986360288568754],[-81.351191890182292,42.986368220430464],[-81.351214151252833,42.986376119839917],[-81.351236407279188,42.986383994046243],[-81.351258643583492,42.986391850298531],[-81.351280860227178,42.986399699402718],[-81.35130303762611,42.986407548623063],[-81.351325170914976,42.986415405178562],[-81.351347245395417,42.986423272716408],[-81.351369261128937,42.98643116204255],[-81.351391330262913,42.986438950343384],[-81.351413491863042,42.98644660508058],[-81.351435741022883,42.986454126269102],[-81.351458072897614,42.98646152472994],[-81.351480487528164,42.986468807666981],[-81.351502970236567,42.986475982329345],[-81.35152552592902,42.98648304870192],[-81.351548144895432,42.986490024824683],[-81.35157081730263,42.986496907125769],[-81.351593548118402,42.986503706396],[-81.351616332477406,42.986510429854356],[-81.351639155701747,42.986517084750041],[-81.351662017811847,42.986523674684918],[-81.351684913962984,42.986530210480055],[-81.35170784419617,42.986536699339332],[-81.351730793792385,42.986543141307976],[-81.351753762833795,42.986549550793882],[-81.351776751340893,42.986555931399053],[-81.351799744615235,42.986562286770621],[-81.351822747624738,42.986568627699498],[-81.351845750597889,42.986574961419777],[-81.351868743742529,42.986581291563589],[-81.351891732026658,42.986587628921782],[-81.351914700751863,42.986593977141624],[-81.35193765486558,42.986600343411986],[-81.351960584555172,42.986606727763004],[-81.351983543399655,42.986613061591235],[-81.352006541108864,42.986619326856548],[-81.35202958258904,42.986625523543836],[-81.35205265800694,42.986631648081286],[-81.352075772309902,42.986637707657742],[-81.352098915664712,42.986643698701378],[-81.352122097883893,42.986649621182004],[-81.352145309154778,42.986655475129751],[-81.352148610950664,42.986656297042842],[-81.352168554404116,42.986661264131541],[-81.352191828725609,42.986666988202408],[-81.352215127212801,42.986672647357466],[-81.352238454792541,42.986678245183548],[-81.352261806517348,42.98668377449178],[-81.352285177521907,42.986689242501228],[-81.352308577598222,42.986694645579682],[-81.352331992047894,42.986699987374415],[-81.352355430745163,42.986705278661134],[-81.352378899048972,42.986710598668239],[-81.352402401701056,42.986715918564755],[-81.352425948246591,42.986721191494773],[-81.352449538397408,42.986726367030563],[-81.352473191470025,42.98673139108206],[-81.35249689742524,42.986736224057623],[-81.352520670652495,42.986740808280338],[-81.352544515790257,42.986745096909296],[-81.352568442383216,42.986749043088544],[-81.352592445236468,42.986752596405466],[-81.352597107324101,42.986753199793846],[-81.3526165437072,42.986755709973863],[-81.352640727797009,42.986758351406117],[-81.352664964458242,42.986760747732546],[-81.35268924428982,42.986762971022863],[-81.352713562467613,42.986765035700095],[-81.352737909261137,42.986766956202359],[-81.352762289617786,42.986768739718471],[-81.352786698754613,42.98677040787539],[-81.352811131785771,42.986771964290199],[-81.352835588814145,42.986773426972789],[-81.352860060068167,42.986774803157317],[-81.352884550557107,42.986776110838541],[-81.352909055456948,42.986777364439497],[-81.352933569881884,42.986778567577247],[-81.352957225288151,42.986779701317872],[-81.352958093955564,42.986779741863685],[-81.352982617906477,42.986780894532991],[-81.353007146723371,42.986782039977967],[-81.353031675582372,42.986783192621637],[-81.353056194732673,42.986784363300174],[-81.353080714048787,42.986785562789329],[-81.353105218894243,42.986786805542295],[-81.353129709330929,42.986788102365097],[-81.353154190368343,42.986789471252457],[-81.353179879250504,42.9867909912954],[-81.353275428884203,42.986774220694315],[-81.353371311150767,42.986758140578232],[-81.353466691760445,42.986741002931147],[-81.353560751008857,42.98672103808245],[-81.353652753064566,42.986696558951941],[-81.353742891631555,42.986667979180616],[-81.3538319236105,42.986637241534744],[-81.353920536397226,42.986606144911661],[-81.354007728560603,42.986572887787311],[-81.354094296811297,42.986538652771522],[-81.354181975455219,42.9865064133866],[-81.354272290492247,42.986478751171909],[-81.354364632318749,42.986454598202535],[-81.354458158764373,42.986432545081726],[-81.354552181341106,42.986411459296569],[-81.354646026418848,42.986390233504501],[-81.354739758027534,42.986368910732011],[-81.354833623719003,42.986347879232326],[-81.35492764363768,42.986327228993687],[-81.355021842731134,42.98630703197913],[-81.355116241144756,42.986287378176726],[-81.355211018327765,42.98626875690664],[-81.355306288643476,42.986251430761875],[-81.35532130152302,42.986248767275669],[-81.355401708355458,42.986234496696326],[-81.355496908983213,42.9862170157215],[-81.355591541832112,42.986198077604882],[-81.355674290894584,42.986181179072858],[-81.355686339006155,42.986178717460611],[-81.35578104423432,42.986158737972602],[-81.355874361119604,42.986136244896336],[-81.35596499327643,42.986109347593519],[-81.35605271317111,42.98607772979863],[-81.35613864461655,42.986043138613432],[-81.356223485938202,42.986006706511397],[-81.356307925737113,42.985969580402354],[-81.356392662389894,42.985932899959543],[-81.356478300205509,42.985897657463561],[-81.356564348764394,42.985863040378874],[-81.356650560319594,42.985828628037787],[-81.356736870736412,42.985794359405119],[-81.356823240348632,42.98576016256348],[-81.356909614833555,42.985725976447448],[-81.356996048535009,42.985691865724206],[-81.357082600870157,42.985657923861382],[-81.357169222297486,42.985624068166359],[-81.357255843629446,42.985590212405896],[-81.357342405532279,42.985556277520374],[-81.357373815136469,42.985543885690447],[-81.357428843723994,42.985522177261657],[-81.357515093963954,42.985487832585768],[-81.357601091969514,42.98545315724499],[-81.357686817906057,42.985418115281462],[-81.357772311314633,42.985382757000785],[-81.35785760687213,42.985347139927669],[-81.357942739172103,42.98531130717889],[-81.358027752704189,42.985275316248327],[-81.358112672291696,42.98523921748712],[-81.358197542362035,42.985203057582986],[-81.358231798421016,42.985188752930434],[-81.358282925526552,42.985167403897485],[-81.358368974673567,42.985132392828319],[-81.358455058128712,42.985097392393008],[-81.358540554007106,42.985061766978134],[-81.358624830630305,42.985024884604925],[-81.358707266151427,42.984986116867631],[-81.358787302774687,42.984944881987929],[-81.358865570979134,42.984901606637045],[-81.358942391946201,42.984856682433829],[-81.359017786408543,42.984810300224296],[-81.359091775057891,42.984762643650512],[-81.359164373722876,42.984713903573642],[-81.359235608003317,42.98466426362009],[-81.35925892971764,42.98464739050101],[-81.35930537522691,42.984613785349396],[-81.359373043441934,42.984561789962463],[-81.359438967108332,42.984508485268329],[-81.359503683367365,42.984454276613576],[-81.359567734266506,42.984399569328147],[-81.359631661789976,42.984344757934842],[-81.359696003078582,42.984290247776613],[-81.359711940412453,42.984277116877649],[-81.359761305085158,42.984236444164367],[-81.35982813836867,42.98418359384366],[-81.359895867539095,42.984131270166742],[-81.359963493272176,42.984078896346084],[-81.360030011380402,42.984025902815709],[-81.360094417593217,42.98397170560424],[-81.360155584652603,42.98391566349661],[-81.360211789646556,42.983856791358548],[-81.360264465111555,42.983795916760016],[-81.36031578189251,42.983734275576701],[-81.360328158754626,42.983719752803495],[-81.360367910914164,42.983673118088213],[-81.360420812905659,42.983612440815051],[-81.360473375327686,42.983551602494359],[-81.360526277132806,42.983490928773911],[-81.360580162845466,42.983430731000482],[-81.36062359901311,42.983383654144603],[-81.360635209439849,42.983371069849817],[-81.360691894716922,42.983312271600489],[-81.360749158335977,42.983253392254831],[-81.3608107213323,42.983197323328554],[-81.360881529018243,42.983147409928499],[-81.360956554713468,42.98309981730624],[-81.361036613827565,42.983058069281064],[-81.36112258570823,42.983024875406208],[-81.361213286131019,42.982997400996176],[-81.361306920316252,42.982974113633034],[-81.361401719929475,42.982953808606716],[-81.361496497230178,42.982935567542683],[-81.361592047445995,42.982919463571676],[-81.361688235273235,42.982905010843588],[-81.36178481216578,42.982891655427906],[-81.361881514835304,42.982878839839422],[-81.361938962415692,42.982871236189837],[-81.3619781097009,42.982866053326511],[-81.362074771073083,42.982853738389259],[-81.362171588171407,42.982842049633028],[-81.362268520735455,42.982830814286814],[-81.362365513680061,42.982819841616447],[-81.362462521857807,42.982808962468773],[-81.362559610401831,42.982798407168133],[-81.362657170535385,42.982789629699958],[-81.362754655991694,42.982780672283191],[-81.362851370346206,42.982769073328633],[-81.362946986433315,42.982753429078969],[-81.363042233736294,42.982735984897829],[-81.363137049953124,42.982716993126751],[-81.363231268379181,42.982696472305996],[-81.36332472717379,42.982674433756927],[-81.363417293465972,42.982650809464367],[-81.363508969693981,42.982625181585838],[-81.363599825998463,42.982597798441603],[-81.363689928252612,42.98256901642646],[-81.363779337468131,42.982539199154594],[-81.363868015094667,42.982508465617606],[-81.363955732118455,42.982476251024593],[-81.364042785443672,42.982442986678677],[-81.364129521716279,42.982409218989027],[-81.36421628762713,42.98237550156778],[-81.364303464338803,42.982342409528577],[-81.364319815492522,42.982336466344606],[-81.364391520685544,42.982310409643503],[-81.364479947505075,42.982278851562121],[-81.364568008596137,42.982246855127947],[-81.364654967796582,42.982213547390685],[-81.364740088919802,42.982178051800254],[-81.364822605978617,42.982139430669022],[-81.364902667102498,42.982097845622157],[-81.364981181711983,42.982054432010543],[-81.365059069149567,42.982010343161001],[-81.365137238736082,42.981966696409401],[-81.365215823060751,42.98192351294437],[-81.365294145597503,42.981880049301246],[-81.365371609763756,42.981835806700865],[-81.365447599288345,42.981790275622501],[-81.365521976163933,42.981743348448433],[-81.365595524463714,42.981695703463586],[-81.365668485772247,42.981647541612176],[-81.365698839239329,42.981627262390461],[-81.365741072132067,42.981599045921982],[-81.365813485795485,42.981550403053532],[-81.365885948595931,42.981501792400245],[-81.365932834088611,42.981470585700201],[-81.36595865785884,42.981453397035317],[-81.366031840366617,42.981405403539348],[-81.366105712983213,42.981357980513835],[-81.366180048862645,42.98131093057075],[-81.366254483238009,42.981263963110912],[-81.366328656269459,42.981216791122272],[-81.366402203168221,42.981169120405497],[-81.366474769021181,42.981120667536686],[-81.366546033384566,42.981071170594653],[-81.366616213164562,42.981020805387239],[-81.366685756913171,42.980969927081738],[-81.366755108340968,42.980918901666037],[-81.366824716021696,42.980868087907254],[-81.366895023623414,42.980817844587172],[-81.366966479763022,42.980768537674699],[-81.367039562642816,42.98072055825704],[-81.367114370916099,42.980673996065846],[-81.36719032777242,42.980628377478283],[-81.367266846482011,42.980583210894778],[-81.367291072537057,42.980568890678306],[-81.367296997665946,42.980565388488948],[-81.367343320691162,42.980538004780129],[-81.367419158720097,42.980492260349642],[-81.367493803443608,42.980445514729595],[-81.36756783158738,42.980398227131936],[-81.367624544244521,42.980361646344527],[-81.36764156365949,42.980350670283705],[-81.367714901178658,42.980302783267128],[-81.367787755453776,42.980254501531114],[-81.367860028003562,42.980205764158356],[-81.367931615462538,42.980156513849501],[-81.368002463587615,42.980106703953616],[-81.368072690633198,42.980056420540876],[-81.368136714583798,42.980009921171558],[-81.368142439468528,42.980005764010137],[-81.368211823485325,42.979954827650637],[-81.368237112050451,42.979936129131971],[-81.368280965865296,42.979903701117806],[-81.368349984927406,42.9798524812865],[-81.368418998947647,42.979801257827383],[-81.368488140940883,42.979750123965346],[-81.368557519393079,42.979699173004022],[-81.36862725750747,42.979648498199381],[-81.368697512935327,42.979598210706328],[-81.368768285633621,42.979548303319966],[-81.36883937360578,42.979498632608447],[-81.368893883591142,42.979460682303966],[-81.368910584666807,42.979449055108851],[-81.368981726631546,42.979399427358722],[-81.369013090182492,42.979377377192257],[-81.369052597481925,42.979349602325662],[-81.369122115961446,42.97930006977311],[-81.369123000148591,42.979299440165995],[-81.369192747330601,42.979248793800842],[-81.369261789755214,42.979197627369921],[-81.369330373635137,42.979146094967973],[-81.369398449848504,42.979094185948178],[-81.369465969208932,42.979041878857963],[-81.369532877689124,42.978989163066579],[-81.369599121175668,42.978936013535531],[-81.369625678567417,42.978914292096569],[-81.369664650525678,42.978882416016432],[-81.369729308131753,42.978828266560328],[-81.369793128377438,42.978773572261694],[-81.369856323027804,42.978718469315325],[-81.369919113680709,42.978663097485899],[-81.36998171704974,42.978607600155314],[-81.370044344942613,42.978552120720913],[-81.370107218956534,42.978496798945976],[-81.37017060499069,42.978441799664189],[-81.370235954663755,42.978387860200726],[-81.370252195545078,42.978374845708096],[-81.37026382756315,42.978365525611096],[-81.370302485360611,42.978334547236571],[-81.370366811549331,42.978282174296204],[-81.370368361546284,42.978280912167087],[-81.37043174271794,42.978225995601626],[-81.370490700603881,42.978168926687694],[-81.370490793281107,42.978168838137613],[-81.37050338438624,42.978155039370407],[-81.370545227200935,42.978109188564481],[-81.370596668121024,42.978047837683889],[-81.370645491014926,42.97798514088808],[-81.370660054184142,42.977965223046432],[-81.370665002642085,42.977958454987878],[-81.370672573742084,42.977948101604987],[-81.370692061023391,42.977921449998284],[-81.370736327471121,42.97785771972336],[-81.370736753033228,42.977857105997273],[-81.370740139364713,42.977852030553265],[-81.370779897715465,42.977792439204308],[-81.370796636422611,42.977765573155757],[-81.370803319775916,42.977754849827988],[-81.370804758003715,42.977752543461747],[-81.370810510892298,42.977743314394637],[-81.370813812463609,42.977738014095102],[-81.370820663452449,42.977727023671839],[-81.370824916775405,42.977719690535928],[-81.370825720362063,42.977718308349111],[-81.370829136158605,42.977712424147683],[-81.370859118387386,42.977660769130452],[-81.370862420688724,42.977654775433294],[-81.370895955816167,42.977593939887349],[-81.370911518470223,42.977564860572834],[-81.370931883749094,42.977526800201026],[-81.370949254531922,42.977494118378957],[-81.37095775072622,42.97747813198103],[-81.370967595455738,42.977459610774801],[-81.370973017210957,42.977449574113031],[-81.371003784159896,42.977392625107235],[-81.37104053785734,42.977325792483995],[-81.371063291327673,42.97728435102988],[-81.37107725201453,42.97725892395593],[-81.371100723151216,42.977215282919346],[-81.371113312570543,42.977191877432134],[-81.37114809567737,42.977124514456357],[-81.37116492674464,42.977089815402699],[-81.371180992184478,42.977056692923213],[-81.371194386691357,42.977026458938688],[-81.37121131434678,42.976988252972667],[-81.371238934389694,42.97691915539864],[-81.371245569982875,42.976901336167842],[-81.371264820162494,42.976849638400921],[-81.371272972496811,42.976827079359126],[-81.371290008209627,42.97677994355746],[-81.371315535179548,42.976710330455269],[-81.371332288160957,42.976667172222498],[-81.371342432702676,42.976641040686381],[-81.371343455751145,42.976638633001564],[-81.371371634186588,42.976572298150401],[-81.371402141704934,42.976503756685062],[-81.371433675466903,42.976435388380885],[-81.37144242622108,42.976417320936363],[-81.37144746059181,42.976406930705906],[-81.371466609544129,42.976367400941811],[-81.371501327752952,42.976299991233411],[-81.371532752012072,42.976243211038401],[-81.371538204119346,42.976233359754666],[-81.371541471806083,42.976228158599042],[-81.371544336230059,42.976223605319667],[-81.371579199782332,42.976168141301407],[-81.371626032770678,42.976107775648778],[-81.371627843582715,42.976105441046556],[-81.371680863994655,42.976044527582211],[-81.371735130916093,42.975984528566329],[-81.371790622423788,42.975925062251534],[-81.37184765383175,42.975866354540578],[-81.371906471929364,42.975808656772664],[-81.371967303710747,42.975752191534269],[-81.372029888035058,42.975696768762511],[-81.372093688188869,42.975642055208944],[-81.372158226606899,42.975587764260553],[-81.372223015957047,42.975533616541171],[-81.372287573748011,42.975479321853875],[-81.372351412648769,42.975424600824702],[-81.372414104324235,42.975369195501067],[-81.372475904791344,42.975313259939753],[-81.37253711428059,42.975256958859198],[-81.372597939645544,42.975200428464809],[-81.372658587652595,42.975143790553602],[-81.372778110414103,42.975032613197733],[-81.372839368447302,42.974976318999083],[-81.372901231623388,42.974920336173824],[-81.372963316169091,42.974864475062908],[-81.373025248035489,42.974808531568321],[-81.373086653217641,42.974752308796752],[-81.373133287650461,42.974708609834032],[-81.37314715284954,42.974695617075611],[-81.373206372884013,42.974638252309191],[-81.373235906942284,42.974608372481228],[-81.37326392952923,42.974580021240456],[-81.373319473331662,42.97452073050102],[-81.373373294711612,42.974460544840674],[-81.373425885708883,42.974399711197826],[-81.373477718762729,42.974338480176023],[-81.373529281071015,42.97427710953383],[-81.37358104502735,42.974215842669025],[-81.373633492900325,42.974154933752523],[-81.373686063782557,42.97409410365487],[-81.373738304880888,42.974033105313026],[-81.373790644287581,42.973972157054369],[-81.373843534642262,42.973911480727395],[-81.373897404013377,42.973851291055936],[-81.373952596794936,42.973791756209735],[-81.374008871905872,42.973732758107069],[-81.374065865262637,42.973674117833724],[-81.374123227520087,42.973615660030184],[-81.374180604428517,42.973557209353544],[-81.374237661381869,42.97349859399948],[-81.374294039226456,42.973439638642539],[-81.374349708400828,42.973380321768097],[-81.374404846019289,42.973320729247007],[-81.374459511207775,42.973260904111186],[-81.374513777807948,42.973200889344248],[-81.374567429312563,42.973140573991778],[-81.374620145877202,42.973079793407194],[-81.374672586836795,42.9730188804241],[-81.374725450875815,42.972958185756248],[-81.374779426823082,42.972898052944394],[-81.37482831073271,42.972845960344145],[-81.374835070649681,42.972838757524052],[-81.374892062398999,42.972780116836262],[-81.374950141480795,42.972722030875325],[-81.375009111226177,42.972664424640875],[-81.375068779893837,42.972607226718857],[-81.375073067116929,42.972603190983406],[-81.375129118073801,42.97255044080665],[-81.375190287964756,42.972494120402281],[-81.375252117337212,42.97243817601786],[-81.375314438888978,42.972382521751683],[-81.375377060704693,42.972327057374983],[-81.375439761219198,42.972271646736125],[-81.375502431971157,42.97221620013962],[-81.37556525519642,42.972160839457203],[-81.375628427911849,42.9721056973179],[-81.375692127513616,42.972050906414736],[-81.375756546047413,42.971996588586059],[-81.37582185101121,42.971942862148303],[-81.375887697246554,42.971889432865446],[-81.375954030621088,42.971836272097967],[-81.376021018939923,42.971783548590082],[-81.376088830008385,42.971731431085573],[-81.376157636449307,42.971680073903919],[-81.376227611017384,42.971629652975835],[-81.376299148075901,42.971580487585179],[-81.376372641681016,42.971532846587003],[-81.376447480679445,42.971486252915007],[-81.376523024267399,42.971440193581401],[-81.376598616991203,42.971394166454417],[-81.376673613140994,42.971347658565755],[-81.376711020564088,42.971323623256495],[-81.37674745564965,42.97130021428984],[-81.376820355962707,42.971251919381992],[-81.376892733254294,42.971203139872806],[-81.376964972385451,42.971154245506959],[-81.377037463056794,42.971105595205955],[-81.377110585225239,42.97105755872866],[-81.377184738402548,42.971010494962307],[-81.377260307451863,42.970964773647637],[-81.377338017623629,42.97092108038246],[-81.377394888795124,42.970891932410744],[-81.377418372187336,42.970879896177728],[-81.377500517661673,42.970840420585617],[-81.377583580745252,42.970801820807559],[-81.377666668492338,42.970763260510168],[-81.377720817338215,42.970737372207779],[-81.377748927371584,42.97072393204899],[-81.377830648145647,42.970684057793171],[-81.377912314461597,42.970644118821667],[-81.3779940745289,42.970604287543573],[-81.37807607163046,42.970564732781767],[-81.378158454020962,42.970525634148423],[-81.378241374882762,42.970487174841125],[-81.378325313492098,42.970449922398451],[-81.378410082048291,42.970413646907872],[-81.378495137093395,42.970377712601781],[-81.378579949904392,42.970341487267397],[-81.378664065662534,42.970304392479903],[-81.378747617485772,42.9702665394638],[-81.378831005992879,42.970228467201977],[-81.378914631870785,42.970190725482048],[-81.378998890859364,42.970153856902712],[-81.379005867718817,42.970150957564769],[-81.379084183627484,42.97011840764727],[-81.379170697652881,42.970084553592841],[-81.3792579770342,42.970051539816737],[-81.379345963334544,42.970019434949819],[-81.379434647654563,42.969988386704017],[-81.37952402597854,42.969958539173099],[-81.379595748186091,42.969935835358683],[-81.379614074649723,42.969930032913773],[-81.379704888484923,42.969903130559707],[-81.379797091057014,42.969878730552537],[-81.379890464295769,42.969856466203595],[-81.379984582457823,42.969835701360481],[-81.380079029606577,42.969815799839559],[-81.38017343951735,42.969796233355027],[-81.380268109107746,42.969777425962469],[-81.380363072560399,42.969759352333384],[-81.380458240323719,42.969741807447747],[-81.380553522800597,42.969724579082005],[-81.380648835297606,42.969707454996538],[-81.380744103085632,42.969690248133269],[-81.380839520790914,42.969673498152254],[-81.3809351081686,42.969657226599722],[-81.380950427806837,42.969654632567909],[-81.381030720531484,42.969641037731286],[-81.381106028378227,42.969628024957295],[-81.381126218095019,42.969624535786849],[-81.381221461072329,42.969607325006692],[-81.381316344542967,42.969589095964679],[-81.381411121904108,42.969570373716643],[-81.381502902676516,42.969551724413392],[-81.381505753824996,42.969551143985711],[-81.38160008689195,42.969531187558694],[-81.381693977388707,42.969510267180183],[-81.381787266972097,42.969488160052272],[-81.3818795679272,42.969464038998375],[-81.381970442371198,42.969436896907951],[-81.382060457458337,42.969408025027427],[-81.382150220235644,42.969378818927652],[-81.382240724688799,42.969350582834274],[-81.382331089199852,42.969321940104976],[-81.382419021258954,42.969290214871613],[-81.38250275649817,42.969253266213585],[-81.382583485002954,42.969212383298462],[-81.382662103194264,42.969168957129298],[-81.38273931515721,42.969124210053323],[-81.382815739699097,42.969079058526681],[-81.382891241081268,42.969032969901562],[-81.382965459993457,42.968985743667005],[-81.383029533186786,42.968942926025228],[-81.383038032645445,42.968937247767037],[-81.383108535874896,42.968887267497969],[-81.383176555301446,42.968835422433415],[-81.383242977851438,42.968782361579322],[-81.383308892669433,42.968728913365076],[-81.383375379045333,42.968675899046225],[-81.383425125275565,42.968637595708167],[-81.383443101865865,42.968623755844789],[-81.383510130144188,42.968571157469441],[-81.383575409383823,42.968517325810005],[-81.383641332433612,42.968463715282212],[-81.383706738322175,42.968409778663023],[-81.383770264197409,42.968354843336954],[-81.383830537422227,42.968298240326391],[-81.383885521014079,42.968238949883357],[-81.383934339053496,42.968176513890846],[-81.38398044067975,42.968112664179088],[-81.384027476659256,42.968049218345158],[-81.384078935509123,42.967987933289663],[-81.384096596479964,42.967969143361863],[-81.384134630054106,42.967928683563109],[-81.384192410295682,42.967870417372559],[-81.384250495355744,42.967812283404946],[-81.384307104382216,42.967753433952737],[-81.384360948441554,42.967693250191253],[-81.384373080102236,42.967678974146743],[-81.384412883528711,42.967632139883534],[-81.38446406574829,42.967570657467014],[-81.384515636465565,42.967509353824532],[-81.384568294311848,42.967448572405331],[-81.384621439063139,42.96738801985655],[-81.384674642747157,42.967327495900832],[-81.384727497056545,42.967266807399731],[-81.384779283607728,42.967205589359295],[-81.384829997408019,42.967143827389506],[-81.384880735743124,42.967082083324414],[-81.384932620554679,42.967020940525479],[-81.384986754095507,42.966960971612203],[-81.385043908628901,42.9669025305868],[-81.385098013397709,42.966850563674917],[-81.385103508230372,42.966845287993635],[-81.385165051513724,42.966789069015526],[-81.385228052010604,42.966733731204442],[-81.385260786485318,42.966705782574657],[-81.385292018259406,42.966679117721966],[-81.385358398067382,42.96662615662386],[-81.385428003588331,42.966575306233935],[-81.385498791700769,42.966525345127479],[-81.385569840974796,42.966475595618235],[-81.385643226951345,42.966427758085814],[-81.385720154702639,42.9663831612243],[-81.385798478201963,42.966339813120726],[-81.385877635187796,42.966297214982397],[-81.385957236165069,42.966255043936229],[-81.386036901514913,42.966212987883047],[-81.386116823646276,42.966171226276259],[-81.386197086232031,42.966129805659754],[-81.386277521522572,42.96608856810856],[-81.386279917179621,42.966087340729374],[-81.38635797641426,42.96604734484265],[-81.386438268307401,42.966005956375838],[-81.386518056299849,42.965964007633808],[-81.386597770095122,42.965921976239294],[-81.386678086412701,42.965880623541551],[-81.386759667124906,42.965840689325802],[-81.386842585488566,42.965802122913026],[-81.386926798267837,42.965765068528604],[-81.387012396211233,42.965729918486659],[-81.387099398920199,42.965696669115694],[-81.387187637903551,42.965665043624504],[-81.387197020574433,42.965661901514231],[-81.387276946973856,42.965635132623767],[-81.387367154022982,42.965606864652422],[-81.387446425297355,42.965583190222638],[-81.387458260299383,42.965579656171599],[-81.387550543994706,42.965554849802935],[-81.387644285502176,42.965534137558798],[-81.387740188515721,42.965519447752179],[-81.387837572796371,42.965508675481686],[-81.387934833499017,42.96549775586297],[-81.388005369247125,42.965486589962531],[-81.388030370704286,42.965482631204573],[-81.38812148024715,42.965456798168589],[-81.388149515734398,42.96544667498997],[-81.388210025175454,42.965424825053915],[-81.38830006180622,42.965396092259866],[-81.388390727424039,42.965368340621119],[-81.388481105954313,42.965340186454867],[-81.388570341282247,42.965310422378295],[-81.388657561939127,42.965277740205799],[-81.388742341516391,42.965241410173384],[-81.38882514806761,42.965202547332865],[-81.388906710865669,42.96516246756206],[-81.388988167315929,42.965121873000768],[-81.389040983845945,42.965093909067825],[-81.389067950585996,42.965079630726102],[-81.38910502352266,42.96505758621776],[-81.389111388028326,42.965053802238387],[-81.389144002112729,42.965034407776251],[-81.38921341437667,42.96498596730433],[-81.389214915959869,42.964984919404216],[-81.389281070935567,42.964931348035869],[-81.38934256286278,42.964874889235006],[-81.389393192605127,42.964822209885526],[-81.389398959442715,42.964816210859524],[-81.389439872569582,42.964766581262637],[-81.389449746133792,42.964754605063028],[-81.389498081916884,42.96469168562971],[-81.389547323265717,42.964629274585086],[-81.389596756769834,42.964567017752955],[-81.389608100754913,42.964552565526034],[-81.389644266223371,42.964506492831852],[-81.389645776965835,42.964504567794862],[-81.389667494344522,42.964477309170285],[-81.389695328389479,42.964442375354466],[-81.389746345719487,42.964380883903161],[-81.389787518060345,42.964334723874344],[-81.389790890633449,42.964330941039933],[-81.389800053840787,42.964320669198436],[-81.389857412063819,42.964262192634195],[-81.389883226372106,42.964236764265252],[-81.389916123014274,42.964204359802338],[-81.389949797475069,42.964170088617365],[-81.389973540146855,42.964145926202789],[-81.389992964434612,42.964124116228959],[-81.390027169370981,42.964085711658058],[-81.390076849435857,42.964025362861406],[-81.390077891033613,42.964024098593121],[-81.390084970242157,42.964015078339663],[-81.390126885905715,42.963961666520142],[-81.390128474022063,42.963959571916384],[-81.390174646101258,42.963898676713768],[-81.390213836235461,42.963845902710091],[-81.390221648974077,42.963835383294025],[-81.390236743406334,42.963814908191047],[-81.390268357095039,42.963772029624351],[-81.390314710677643,42.963708468224816],[-81.390349279256455,42.963659382225757],[-81.390359815310106,42.963644417583716],[-81.390365735005787,42.963635476909694],[-81.390402708194387,42.963579639648692],[-81.39042867831516,42.96353666141632],[-81.390442450898846,42.963513871071193],[-81.390457533315015,42.96348609101377],[-81.390458551394218,42.963484212671929],[-81.390461516015307,42.963478754452758],[-81.390478792211113,42.963446939812798],[-81.390512283260961,42.963379132160824],[-81.39054351977228,42.963310806290629],[-81.390574818263701,42.963242210045586],[-81.390606173351642,42.963173267800876],[-81.390633734240836,42.963103863023967],[-81.390653645203244,42.963033871998512],[-81.390661366741028,42.962962845556333],[-81.390656677149067,42.962890618762039],[-81.390645199009001,42.962818278256371],[-81.390631990049556,42.962746782933898],[-81.390614874873421,42.962675704369083],[-81.390601648104436,42.96263355684038],[-81.390592796014715,42.962605341536943],[-81.390565502244144,42.962536293232908],[-81.390531127015265,42.962468882802305],[-81.390492990590786,42.962402320868243],[-81.390455153643018,42.962335793919664],[-81.39041594633521,42.962269711082364],[-81.390393221907715,42.962231379878489],[-81.390376773464965,42.962203631715418],[-81.390340327687809,42.962136797409386],[-81.390307681157651,42.962068905540491],[-81.390277032231907,42.962000462940274],[-81.390247264629195,42.961931775988681],[-81.39024575182296,42.961928317770486],[-81.390217242500725,42.96186315833517],[-81.390185849551045,42.961794912755366],[-81.390152434306643,42.961727167540474],[-81.390118053441867,42.961659497647005],[-81.390081606949792,42.961592454335189],[-81.390041686697813,42.961526723189579],[-81.389996668813623,42.961462997731793],[-81.389945583532807,42.961401482974573],[-81.389890506668891,42.961341599112622],[-81.389833778541416,42.961282715014342],[-81.389775081511218,42.96122501186175],[-81.389713784088656,42.96116867550657],[-81.389650879842918,42.961113385581662],[-81.389578952896272,42.961063731128206],[-81.389525967949908,42.961004164152271],[-81.389495981192823,42.960958059024286],[-81.38948351601347,42.960938891676818],[-81.389445420497879,42.960872264398645],[-81.389411306536189,42.960804723048106],[-81.389379243527813,42.960736540748123],[-81.389345746444064,42.960668806368965],[-81.389307648385198,42.960602503235286],[-81.389266657644484,42.960537103235097],[-81.389234787964412,42.960488261472427],[-81.389224272036316,42.960472143811153],[-81.389181049531956,42.960407446564176],[-81.389137557863833,42.960342825858277],[-81.389094369712126,42.960278103245834],[-81.389052052850928,42.960213100296627],[-81.389011248433746,42.960147609515573],[-81.388989763652404,42.960110390442495],[-81.388972964586372,42.960081288885192],[-81.388936158889635,42.960014487747401],[-81.388899270038124,42.959947708491747],[-81.388860756439229,42.959881467847232],[-81.38884945934673,42.959863929991243],[-81.388818802189931,42.959816333901188],[-81.388774283352006,42.95975201911196],[-81.388730205255541,42.959687587542092],[-81.388689602736406,42.959622117566667],[-81.388654286805291,42.959555044721661],[-81.388622338788181,42.959486973467307],[-81.388592206875686,42.959418355729433],[-81.388577757651646,42.959385020920919],[-81.388562417617038,42.959349625155873],[-81.388531473023846,42.959281211874149],[-81.388511774683991,42.959240208084395],[-81.388498834620904,42.959213272599285],[-81.388465897456641,42.959145384756972],[-81.388432372846694,42.959077653786224],[-81.388397869280155,42.959010210688959],[-81.388361995270202,42.958943190068652],[-81.388322768219794,42.958877164172769],[-81.388279664215816,42.958812264449108],[-81.388237123547498,42.958747247531946],[-81.388199655032508,42.958680851819359],[-81.388168693036448,42.958612672623879],[-81.388141226725239,42.958543545031119],[-81.388131219178035,42.958516142096038],[-81.388127546488505,42.958506083197591],[-81.388115787383512,42.958473873851716],[-81.388108640992343,42.958453813011793],[-81.388092865517308,42.958409526976162],[-81.388090916041847,42.958404053055737],[-81.388065143973918,42.958334483849008],[-81.388036873641411,42.95826535895349],[-81.388009000147093,42.958196160663803],[-81.387986536240874,42.958126223619459],[-81.387972774310569,42.958055043182654],[-81.387964769884618,42.957983086797555],[-81.387961026154642,42.957941414676625],[-81.387958305202801,42.95791110358013],[-81.387953738637094,42.957839153550928],[-81.387950799736558,42.957767122361034],[-81.38794740495274,42.957695121531678],[-81.387944915520862,42.957644674146827],[-81.387943853249681,42.957623121233134],[-81.387940767411607,42.957551115752665],[-81.3879386819481,42.957479099676746],[-81.387938605230872,42.957472742304873],[-81.387937822348007,42.957407057833031],[-81.387937893729784,42.957384461882704],[-81.387938051431675,42.95733501229882],[-81.387938918075903,42.957262971807062],[-81.387940034797907,42.957190926864833],[-81.387940264138251,42.957181766054326],[-81.387940513280526,42.957171854147639],[-81.387941818261012,42.957120019713365],[-81.38794184794699,42.957118890367603],[-81.38794338281599,42.957081792973959],[-81.38794482850318,42.957046893137687],[-81.387949167693435,42.956974930924787],[-81.387951259574933,42.956946876410107],[-81.387953744947268,42.956913543546563],[-81.387954531977584,42.956902994053081],[-81.387960715409648,42.956831086822483],[-81.387967521852445,42.95675921349963],[-81.387972109126537,42.956712306358419],[-81.387973844220099,42.956694594560439],[-81.38797455390548,42.956687346614956],[-81.387981811386936,42.956615457352498],[-81.387990364162235,42.956543671760059],[-81.387998662555802,42.956489551522502],[-81.38800133603479,42.956472115702205],[-81.388003933038505,42.956458509129085],[-81.388014942903439,42.956400810058767],[-81.388030222850148,42.956329639221671],[-81.388032976139286,42.956317883575807],[-81.388046857139386,42.95625860787279],[-81.388054491706086,42.956228020326101],[-81.388064551533873,42.956187717009044],[-81.388083011775151,42.956116964025547],[-81.388096472420713,42.956067678248118],[-81.388097968055476,42.956062203451289],[-81.388102301543057,42.95604633789987],[-81.388122425625539,42.955975820605019],[-81.388143276135011,42.955905412506425],[-81.388164735331401,42.95583510679883],[-81.388169403230435,42.955820176645538],[-81.388174140874639,42.95580503013197],[-81.388185120812025,42.95576991965104],[-81.388186690379044,42.955764896660426],[-81.388209406242126,42.955694806406747],[-81.388218893409217,42.955667189664887],[-81.388228799593492,42.955638361209161],[-81.388233413166191,42.955624935096601],[-81.388255887213575,42.955563589650211],[-81.38825890289452,42.955555361324137],[-81.388273494455831,42.955517906249973],[-81.388279852806619,42.955501590768819],[-81.388285890179247,42.95548609224241],[-81.388304227620836,42.955441508590006],[-81.388314153477381,42.955417380746098],[-81.388314310450767,42.955416998395343],[-81.388319159969839,42.95540678631609],[-81.38833723440186,42.955368735884072],[-81.388338076533259,42.955366962615102],[-81.388346260706214,42.955349731415794],[-81.388346616436564,42.955348982781679],[-81.388361079536892,42.955323868785271],[-81.38837065772131,42.955307236199417],[-81.388374002451187,42.955301429138267],[-81.388374761618039,42.955300110009958],[-81.388384759421356,42.955282751985301],[-81.388427009309936,42.955217685112935],[-81.388446366278387,42.955190205956136],[-81.38847215367602,42.955153598967591],[-81.388512829072781,42.955099030203989],[-81.388519255344846,42.95509041027735],[-81.38856901223636,42.95502836881488],[-81.388620543826036,42.954967041716912],[-81.38867225223494,42.95490577522979],[-81.388707740988124,42.954862431813218],[-81.388722800258989,42.954844037187399],[-81.388725177251359,42.95484108983495],[-81.38877278761116,42.954782056086273],[-81.388783191447345,42.954769246047363],[-81.38882890886002,42.9547129472639],[-81.388836607971101,42.954705943922065],[-81.388844307035086,42.954698933375774],[-81.388852006120018,42.954691926430918],[-81.388859700299435,42.95468491950222],[-81.388867399358176,42.954677908954359],[-81.388875098415184,42.954670898405972],[-81.388882797493139,42.954663891459035],[-81.388890496569317,42.954656884511607],[-81.388898195643762,42.954649877563625],[-81.388905899642893,42.954642874200495],[-81.388913608544058,42.954635870820141],[-81.388921322369882,42.954628871024589],[-81.388926603103059,42.954624083955792],[-81.38892904112042,42.954621874813867],[-81.388936754942762,42.95461487501727],[-81.388944458933153,42.954607871651518],[-81.388952157972724,42.954600861097937],[-81.388953971812825,42.954599210594516],[-81.3889598570332,42.954593854145791],[-81.388967556069261,42.954586843591194],[-81.388975264956443,42.954579840206677],[-81.388982983694746,42.954572843992274],[-81.388990717210618,42.954565858533321],[-81.388998475311524,42.954558883796473],[-81.389006258042855,42.954551926985673],[-81.389014070308363,42.954544988084287],[-81.389021917034484,42.954538070677572],[-81.389029867145894,42.954531217756028],[-81.389037950178519,42.954524447229559],[-81.389046116913363,42.954517730448899],[-81.389054308233241,42.954511024390321],[-81.389062470038112,42.954504304023196],[-81.389070543210792,42.954497526323763],[-81.389078478532298,42.954490662642911],[-81.389086280951759,42.954483720167914],[-81.389094034150546,42.954476749043209],[-81.389101743009661,42.954469745650179],[-81.389109417427406,42.954462724363367],[-81.389117062307477,42.954455685166138],[-81.38912469240654,42.954448635212515],[-81.389132307747218,42.954441578104351],[-81.389139923063468,42.954434517393764],[-81.389141507552765,42.954433047769996],[-81.389147538400707,42.95442746028462],[-81.389155168492763,42.954420410328922],[-81.389164061592226,42.954412235838277],[-81.389003929373374,42.954320796137786],[-81.388863552606097,42.954240635589926],[-81.38824388735847,42.953886794235615],[-81.387822631252547,42.953646244843171],[-81.387162588219354,42.95326932991231],[-81.386547772695124,42.952918236489218],[-81.385917910039311,42.9525585437218],[-81.385379411883974,42.952251020134831],[-81.385028641810408,42.952050697616606],[-81.384673504056437,42.951847881658175],[-81.384529528870985,42.951765654860672],[-81.384473448021609,42.951419346528461],[-81.384413481311114,42.951287678247958],[-81.384332110018718,42.951109006454736],[-81.384012759357148,42.950407785988205],[-81.383842880647407,42.950034767851747],[-81.383539628031613,42.949368871409035],[-81.383499301543793,42.949280316523442],[-81.383440069786786,42.949150253540523],[-81.383050679922263,42.948295182854622],[-81.382988455019017,42.948158541455946],[-81.382612402211493,42.947332730896441],[-81.382478032247747,42.947037644969036],[-81.382183701931638,42.946391277572381],[-81.382039772504726,42.94607519053757],[-81.38169370031089,42.945315165567841],[-81.381611089799364,42.94513373479441],[-81.381263912378117,42.944371259072192],[-81.381121108265233,42.944057620025035],[-81.380854180235403,42.943471369770549],[-81.380851436648271,42.943465343635737],[-81.380824940181213,42.94340714494372],[-81.380788863640447,42.943327907823424],[-81.380760173002528,42.943264900450401],[-81.380755518370307,42.943254675256554],[-81.380746753375675,42.943235424347179],[-81.381264062666091,42.943108064255227],[-81.381588321032908,42.943028230019138],[-81.381925093861383,42.942945314767684],[-81.38193537926638,42.942942782417433],[-81.381959384253946,42.942936872376841],[-81.381150155093081,42.941205725233118],[-81.38088344616024,42.940635137614137],[-81.380795878266341,42.940447797191162],[-81.380759279804863,42.940369498293656],[-81.379985676361713,42.938714407378995],[-81.379685259808497,42.938071649453946],[-81.379564874387356,42.937814075616714],[-81.378811299953668,42.936201700387848],[-81.378579615360067,42.93570595548951],[-81.378428702003376,42.935383038859541],[-81.377624087706707,42.933661302786106],[-81.377433437801884,42.933253323163285],[-81.377257368629046,42.932876544930892],[-81.376347590270314,42.930929598111142],[-81.376220962449835,42.930658599801021],[-81.375217753898312,42.928511541512982],[-81.375040914820389,42.928133051082469],[-81.375013312449937,42.928073970196429],[-81.374773090289594,42.927559811197611],[-81.374320701058025,42.926591529291592],[-81.374191844020018,42.926315716231464],[-81.374126157071458,42.92617511489771],[-81.373852862398934,42.925590131547743],[-81.373569209474084,42.924982969067422],[-81.373365474320195,42.92454686006851],[-81.373156337012261,42.924099180392872],[-81.372851016058036,42.923445603560033],[-81.372696617603708,42.923115084209968],[-81.372364272724553,42.922403631063922],[-81.370945173171151,42.922740479672875],[-81.370205506049047,42.922916042244957],[-81.366407679566777,42.923817387494516],[-81.365974517709589,42.923920180639598],[-81.363455932680196,42.924517825409687],[-81.363187250758969,42.924581577644432],[-81.362068614545336,42.924846999488977],[-81.361559915174695,42.924967693807403],[-81.359264978439739,42.92551216369867],[-81.359013353690372,42.924834152135006],[-81.358796492524377,42.924249794915205],[-81.358614995446757,42.923760716724395],[-81.35838839025854,42.923150084951395],[-81.358251230859594,42.922780477957318],[-81.357856023674017,42.921715478327457],[-81.357690553531782,42.921269553511721],[-81.357610352340373,42.921053419836056],[-81.357308360024007,42.920239553893637],[-81.357290247683508,42.920190744578591],[-81.35707802951201,42.919618808913903],[-81.357017963336332,42.919456929556908],[-81.356983910171877,42.919365148425385],[-81.356917486941569,42.91918613211147],[-81.356909543760821,42.919164724483799],[-81.356902237814182,42.919145031261245],[-81.35794083214121,42.918893421386272],[-81.358975698407804,42.918642699884437],[-81.359290732639309,42.918566374019626],[-81.359308371009533,42.918562100621159],[-81.359330658773217,42.918556699582737],[-81.359113364107486,42.917966506497422],[-81.359033433583733,42.917749403884883],[-81.358592463941505,42.916551630652449],[-81.357390875438782,42.916679986068964],[-81.356176522978743,42.916809692351556],[-81.355934378212751,42.916835553801867],[-81.355091873086138,42.916925531531007],[-81.354882366507468,42.916950416008874],[-81.354784779054057,42.916742599060896],[-81.35457179967176,42.916289045060978],[-81.354119694625282,42.915326227544917],[-81.354088547986436,42.915259894229727],[-81.353674581215699,42.915236492400382],[-81.352790924744184,42.915303076730552],[-81.351986242285662,42.915363703944983],[-81.350606820669555,42.915467619189819],[-81.348162008673441,42.915651753862072],[-81.347539041563394,42.915698663827698],[-81.347478191884974,42.915567087863316],[-81.347473501203595,42.915556940618146],[-81.347415794620801,42.915432163018465],[-81.347016411535904,42.91456854959641],[-81.346650085572136,42.913776384596545],[-81.346351757005692,42.913131255116042],[-81.345821003201166,42.911983464221464],[-81.345438465476576,42.911156169552179],[-81.344966216016857,42.910134836371547],[-81.344939483299569,42.910077024150802],[-81.344628646637702,42.9094047496692],[-81.344618518249007,42.909382845236117],[-81.344609523205662,42.909363386811222],[-81.345221577884374,42.90921958444391],[-81.34736295881973,42.908716438338082],[-81.347731737513939,42.908629783567527],[-81.348081896957666,42.908547503127089],[-81.348380788820691,42.908477268137489],[-81.348390654562778,42.908474948986481],[-81.348414447845514,42.908469358174898],[-81.348387926025453,42.908410281768489],[-81.347699735381227,42.906877168512793],[-81.347475996340151,42.906378718692167],[-81.347232107615483,42.905835371803157],[-81.347028228943628,42.905381148491522],[-81.346575318339404,42.90437209404994],[-81.346331924330968,42.903829809766734],[-81.345871420564478,42.902803775146538],[-81.34565466698254,42.902258078645445],[-81.345495007157297,42.901856114850936],[-81.344833217009437,42.900189909911923],[-81.344791452862438,42.900084753665567],[-81.344689926536361,42.899829128722338],[-81.343916304880864,42.897881212168997],[-81.343750615740674,42.897463999850295],[-81.343190351214403,42.896053197530975],[-81.343161441458435,42.895980397543276],[-81.343009821006703,42.895598586482507],[-81.342986320796527,42.895560782629673],[-81.342976019057133,42.895544207820308],[-81.342955380981948,42.89551100066867],[-81.342942199820797,42.895489793178392],[-81.342906729610732,42.895432723321484],[-81.342732336022252,42.89500977746102],[-81.342686868980067,42.894899505647359],[-81.34228830944636,42.893932869850232],[-81.342205408117138,42.893731799959788],[-81.342119793675664,42.893524155273106],[-81.341633652132998,42.892345042219951],[-81.341579633686507,42.892214018517208],[-81.3413735574036,42.891714178971817],[-81.340969654487949,42.890734476530682],[-81.340824648514882,42.890382745274309],[-81.340568773212155,42.889762068564401],[-81.340061286016649,42.888657295884201],[-81.339571015498294,42.887589967562597],[-81.338859568934268,42.886041058311406],[-81.338616988097783,42.885512909685026],[-81.338414072607861,42.885071113580771],[-81.338214352490269,42.884636263306675],[-81.337925410787236,42.884007147933495],[-81.337916601890484,42.883987967507387],[-81.337415396276711,42.882896655086441],[-81.336825496530295,42.881612168084914],[-81.336558561183097,42.88103090660799],[-81.33646191093159,42.880820442186639],[-81.335683771802195,42.87927056359959],[-81.335606031050318,42.87928882006117],[-81.332481959385859,42.880022434312977],[-81.332396959768516,42.880042391858197],[-81.331544657379979,42.878194863372876],[-81.331390810589113,42.877861359025054],[-81.330613051754881,42.87617528961912],[-81.330376869363036,42.876232050852146],[-81.32755380176846,42.876910477254548],[-81.325377727785707,42.877433361703709],[-81.325210998586812,42.877473426209704],[-81.324998677927198,42.877035086788297],[-81.324941232778457,42.877049110760211],[-81.324837942490831,42.877074328667511],[-81.324429151015948,42.877174131563706],[-81.323108389264476,42.877496570439746],[-81.322751826412301,42.877583614350279],[-81.319110199278029,42.878472538919141],[-81.31863595308117,42.878588291577877],[-81.314387525372524,42.879625135497434],[-81.313320658281469,42.879885477621144],[-81.313229020886951,42.879676440443454],[-81.31287507552409,42.878869028324914],[-81.312638119270545,42.878926682607499],[-81.309638184055956,42.879656541194898],[-81.307582588776341,42.880156590397668],[-81.304516841706672,42.880902293923178],[-81.303264876106127,42.881206787488132],[-81.300929342636593,42.881774776305782],[-81.300379283839419,42.880513957412504],[-81.300123903840003,42.879928562246128],[-81.299574256920351,42.878668607893822],[-81.299472938567888,42.878436349560538],[-81.299399782035508,42.878268651948616],[-81.299396783151522,42.878261772556392],[-81.299388316492056,42.878242359511816],[-81.300601595591559,42.877949010622821],[-81.301059729778871,42.877838239660605],[-81.304090944737595,42.877105262630181],[-81.304879033846206,42.876914680884752],[-81.305215313423446,42.876833356978842],[-81.305220506135768,42.876832100407491],[-81.305243906370947,42.876826440342384],[-81.305065446090026,42.876411239595804],[-81.304886002269427,42.87599373940985],[-81.304493963217141,42.875081586185971],[-81.304127493940072,42.874228902867841],[-81.304008853858946,42.873952854871504],[-81.303728185172218,42.873299782077908],[-81.303064779970157,42.873460216741819],[-81.300488037466096,42.874083319193183],[-81.299462061601204,42.874331399430638],[-81.298566627833765,42.874547903406281],[-81.298028527070969,42.874678005252981],[-81.297446994043867,42.873378657737881],[-81.297306901757651,42.873065635950994],[-81.296663815254135,42.871628668432919],[-81.296516812996828,42.871300185198422],[-81.296447069643065,42.871144338407355],[-81.296377314158491,42.870970529655708],[-81.295870770808548,42.869807252552448],[-81.295755721782569,42.869543035650373],[-81.295627958621793,42.869249614876331],[-81.295101569534211,42.868040683394611],[-81.29500109826769,42.867809927761357],[-81.294846660915979,42.867455225293327],[-81.29430547960051,42.866212251817323],[-81.294188651785021,42.865943913316102],[-81.294074295448439,42.865681252477138],[-81.293541546411703,42.864457562491637],[-81.293477614580894,42.864310711300782],[-81.293392616042979,42.864115474559028],[-81.293306979388888,42.863918762513109],[-81.292800831658283,42.862756105104978],[-81.29262873485311,42.862360778344289],[-81.292540642818366,42.862158414808192],[-81.292071024218387,42.861066319671949],[-81.291896002617719,42.860659294056788],[-81.29176716745647,42.860359677388132],[-81.291741995832112,42.860304715521011],[-81.291545156185222,42.859874939871773],[-81.291368765694386,42.859489806944545],[-81.29126303307676,42.859265550286395],[-81.291123503217449,42.85896961077443],[-81.290468932949892,42.857581224837155],[-81.290274560084939,42.857168937848655],[-81.290134611921985,42.856872083140161],[-81.28966991631502,42.855886374993908],[-81.289480513969551,42.855484606568062],[-81.289300914940981,42.855103622505531],[-81.289027034499654,42.854481717488213],[-81.289009898426286,42.854442801957433],[-81.288868090095363,42.854120785800696],[-81.288761581406362,42.853878921381984],[-81.288598815188138,42.853509306989963],[-81.288570771430074,42.853445621844592],[-81.288559071502192,42.853419053233395],[-81.288549313731707,42.853396894131791],[-81.288523473215079,42.853342151102133],[-81.28852164369134,42.853338270819407],[-81.288512476383886,42.853318846041205],[-81.28859957139916,42.85329844743508],[-81.288605902151403,42.853296963611434],[-81.288628655218233,42.853291634545727],[-81.288557575577229,42.853109301177007],[-81.287875112813396,42.851358440343581],[-81.287673920643826,42.850842260449802],[-81.287181001315773,42.849577583969321],[-81.287079193102556,42.849316373373625],[-81.286875752598235,42.848794381887494],[-81.286363076918363,42.847478930269013],[-81.28610853811989,42.846825790802178],[-81.285793418874334,42.846017191675124],[-81.28101732732587,42.847193419941831],[-81.280076756103057,42.847420776611166],[-81.276816980202057,42.851432266543299],[-81.271922153654316,42.857510080944877],[-81.269001144972094,42.861135031295845],[-81.266264089153097,42.864520082257521],[-81.261510435611953,42.870398121949357],[-81.25822378316326,42.874461379170285],[-81.258576504063015,42.875335829955155],[-81.258618040308576,42.875455430745774],[-81.258981311751029,42.876298136094448],[-81.259015278389981,42.876376929304271],[-81.259085773342775,42.876536255116719],[-81.259654307384068,42.877821138945777],[-81.259975426652716,42.878566990962604],[-81.260083157306852,42.878817211850297],[-81.260276096306285,42.879265329806735],[-81.260908816945559,42.880709423563466],[-81.260931629948587,42.880762439649864],[-81.261079403498172,42.881105862861347],[-81.261530228163068,42.882153528476088],[-81.261928205336815,42.8830619096587],[-81.262069205129691,42.883383734300921],[-81.262162899979998,42.883597585845081],[-81.262784203052959,42.885041651028622],[-81.263009750272332,42.885561189035592],[-81.263062720649344,42.88568320035219],[-81.263411119405035,42.886485688743726],[-81.263994775244001,42.887830080128715],[-81.264038035746665,42.887929719047975],[-81.264093963687159,42.888057387324103],[-81.264670634518808,42.88937373240708],[-81.264951410949593,42.89002625782858],[-81.265067327318008,42.890295644770845],[-81.265292005660299,42.890817778718535],[-81.265351862306275,42.890955622155793],[-81.265919093548646,42.892261811605685],[-81.265945860603281,42.89232266277655],[-81.266037671859195,42.892531365975934],[-81.266551859532328,42.893700175765588],[-81.266945860247873,42.894608514454383],[-81.267036666944207,42.894817856680675],[-81.267156182289639,42.895093381665767],[-81.267763520755523,42.896454835273452],[-81.267800338111456,42.896537366907538],[-81.267806460616825,42.896551723160961],[-81.268019653626069,42.897051586443538],[-81.268416245244183,42.897981410780581],[-81.268902389025101,42.899131745421464],[-81.269009282663376,42.899384678531966],[-81.269026522441919,42.899425467796355],[-81.269636828261284,42.90086951751374],[-81.269814616977897,42.901294111795814],[-81.269971627706013,42.901669076462099],[-81.270168042954097,42.902138135504089],[-81.270241508508704,42.902313576881276],[-81.270448117543864,42.902797914827062],[-81.270857520939927,42.903757609471128],[-81.271294465617999,42.904754371210572],[-81.271490520791829,42.905201594484922],[-81.27150739664458,42.905241892510205],[-81.271509060453127,42.905245863474747],[-81.272095282209932,42.906645642741395],[-81.272728335911566,42.908089620030907],[-81.272868183012733,42.908411479494156],[-81.273065331302874,42.908865207951365],[-81.273355764467027,42.909533610477453],[-81.273613697469798,42.91011669150344],[-81.273994527575255,42.910977569982194],[-81.274407135914629,42.911918596630343],[-81.274627665527575,42.912421539040814],[-81.274673383442476,42.912527705396052],[-81.275249522666186,42.913865531345031],[-81.275595703066784,42.914668371136777],[-81.275626509858967,42.914752728103387],[-81.275769913059307,42.915145411923213],[-81.275880149354009,42.915486923170711],[-81.275928616336287,42.915637071028655],[-81.276013673071091,42.915959683220237],[-81.27615151951801,42.916482512456163],[-81.276538031401998,42.918038278564076],[-81.276615112166382,42.918354582374441],[-81.276759774900981,42.918948196767126],[-81.277090391688844,42.920422964804793],[-81.277154695972541,42.92068621693317],[-81.277173683538322,42.920763945355667],[-81.27717635094308,42.920774865818601],[-81.277177677785645,42.920780299051039],[-81.277178331837789,42.920782975616731],[-81.277187392797842,42.92078213510424],[-81.277198178250984,42.920781133724731],[-81.277606493088925,42.920743241857252],[-81.278066195585765,42.920700579738913],[-81.278521693994747,42.920658306022766],[-81.280373573119618,42.920486418281023],[-81.281184033792144,42.920411182111486],[-81.282086879577747,42.920358362499428],[-81.282947430891937,42.9203058618386],[-81.283046411244769,42.920298768692504],[-81.283046488412111,42.920298763098586],[-81.283220302936286,42.920286305855598],[-81.283247712933317,42.920285586963416],[-81.283468020784085,42.920279810531333],[-81.28349649664473,42.920279063725715],[-81.283720724483985,42.920295261518781],[-81.283834828559108,42.920322901124287],[-81.283935538232441,42.920357548373048],[-81.283971816223612,42.920370028761319],[-81.284127916203119,42.920442239638838],[-81.284270174394763,42.920531761169244],[-81.284441748400923,42.920639729798424],[-81.284558189326276,42.920713004877022],[-81.284675876580991,42.92078706289162],[-81.285171584245234,42.921098998778675],[-81.287741338480657,42.922710947463834],[-81.288544787882486,42.923209059871901],[-81.288612712796677,42.923251169883763],[-81.288688827235688,42.923308861621017],[-81.288819300219345,42.923399262661682],[-81.288855571822538,42.923427879737993],[-81.288996314720237,42.92354130168075],[-81.289009255364022,42.923551730357779],[-81.289055775354015,42.923611929763808],[-81.289110779635379,42.923683106680215],[-81.289162157112855,42.92374959201377],[-81.289202552653308,42.923821750429802],[-81.289204302372184,42.923824875317926],[-81.289247501711728,42.923940269622832],[-81.289277405313356,42.924020146764107],[-81.289384549154974,42.924477189011391],[-81.289395013193143,42.924521826564764],[-81.289472535535268,42.924852511427517],[-81.289553819665784,42.925199210559633],[-81.289565035492387,42.925247069151922],[-81.289568293952883,42.925260971244903],[-81.289569214213358,42.925264895185087],[-81.289569940682583,42.925267995639466],[-81.289571627451153,42.925275196434697],[-81.289573029082959,42.925281169641622],[-81.289575182135053,42.925290337794365],[-81.289578623203155,42.925305029181239],[-81.289582993690601,42.92532376785605],[-81.289586127895078,42.925337039898523],[-81.289609183457728,42.925435387714906],[-81.289747381472424,42.925996260150427],[-81.289766524283806,42.926070697312952],[-81.290115666354993,42.927428325695651],[-81.290317148872887,42.928211759687514],[-81.290408964549286,42.928568757554928],[-81.29088403519151,42.93041589107618],[-81.29132146818543,42.932139010068227],[-81.291842277240093,42.934190515435048],[-81.292146720443768,42.935414666683286],[-81.29214675666212,42.935414809773299],[-81.29214680038713,42.935414985262831],[-81.292434327951426,42.93657107424449],[-81.292808214032263,42.938065408361894],[-81.295037396102217,42.937929061864416],[-81.295037544363439,42.937929053377651],[-81.296938518743403,42.937799961198316],[-81.296970342900622,42.937797797546523],[-81.300852407950501,42.937533657048029],[-81.300878004026416,42.937531914811615],[-81.302632116967899,42.937419114399489],[-81.305048032194819,42.937282465471142],[-81.305062870321109,42.937281625369202],[-81.305302521317941,42.937265823545225],[-81.305324518947728,42.937264372674264],[-81.306964404249712,42.937156229330775],[-81.30699014118845,42.937154536679486],[-81.309404101226249,42.936996121987406],[-81.30943579503257,42.936994041672207],[-81.312421141843927,42.936814875998373],[-81.312448835945773,42.936813213699608],[-81.315172610274061,42.936697186780371],[-81.315172870049125,42.936697176159441],[-81.315172990129625,42.936697170425724],[-81.317323462855612,42.936598557165169],[-81.317431051330061,42.937461319074217],[-81.317511334042507,42.937849554697927],[-81.317517464999824,42.937879200756036],[-81.317623728576251,42.93839307651043],[-81.317628550232229,42.938416201940193],[-81.317628678398123,42.938416814837275],[-81.317813727308291,42.939304298292669],[-81.317817835385597,42.939325441851153],[-81.3178178416713,42.939325472451266],[-81.31790107654561,42.939753875174269],[-81.31790610448526,42.939777984279729],[-81.317906112015223,42.939778018478499],[-81.317966482948734,42.940067527534715],[-81.31797166550524,42.940092376431984],[-81.318362478269393,42.941966418012655],[-81.318368218865743,42.941992221681055],[-81.318368243982889,42.94199233867846],[-81.318972704279744,42.94470977829657],[-81.319158898628629,42.945557133767302],[-81.319164085515027,42.94558073806008],[-81.319185290037424,42.945677235948409],[-81.319189982428981,42.945694570419498],[-81.319189988688095,42.945694595616516],[-81.319234334636704,42.945858398423731],[-81.319242558528387,42.9458887733322],[-81.319329944185966,42.946211570155285],[-81.319335359365397,42.946231887815273],[-81.319335383097425,42.946231973298161],[-81.31980767779946,42.948003762860225],[-81.320267607577392,42.949296994388007],[-81.32029584799848,42.949458053739498],[-81.320284949847846,42.949622089837966],[-81.320254115637638,42.949758993324735],[-81.320253332012797,42.949765793513301],[-81.32022810629725,42.949984803864211],[-81.320244568452168,42.950140136456909],[-81.320331940650817,42.950378716049478],[-81.320432327162649,42.950537822818269],[-81.320549037042412,42.950659872578754],[-81.320652679133303,42.950749752770498],[-81.320749190761688,42.950812057435897],[-81.320879049798492,42.950884375936724],[-81.321016284507408,42.950946156479766],[-81.321169887804018,42.951018817793368],[-81.321338103689541,42.951129804360818],[-81.32145369038453,42.951235225610617],[-81.321570546749712,42.95138947995121],[-81.321648686100289,42.951537402476063],[-81.321772724992897,42.951833341585825],[-81.321851431037402,42.95209075787939],[-81.32187157634057,42.952245287369166],[-81.321865866508304,42.952387004974845],[-81.321821611123099,42.95255459650518],[-81.321732351722645,42.952748080065938],[-81.321604471997645,42.952948066623129],[-81.3216044452479,42.952948109022522],[-81.321476629312812,42.953101625945123],[-81.321366914789749,42.953234143210175],[-81.321277696232684,42.953341902602595],[-81.321277674301939,42.953341928779103],[-81.321201730122525,42.953478248524867],[-81.321189485074427,42.953535234187548],[-81.321179149171272,42.953583332707119],[-81.321170005463912,42.953625887008464],[-81.321161681520849,42.953729194988561],[-81.321177792265516,42.953813467753086],[-81.321231017381336,42.953996247313022],[-81.317710963682842,42.954336078772783],[-81.317689887744777,42.954338132809539],[-81.31768980686968,42.954338140238114],[-81.317462176836585,42.954360322894615],[-81.316775900431196,42.954402642848272],[-81.316410280734218,42.954465067409878],[-81.316026608313393,42.954565171382207],[-81.315851108128115,42.954646966004567],[-81.31569786676242,42.954718569073428],[-81.31541333428892,42.954851517577495],[-81.315154714703013,42.9549723568432],[-81.315071508924362,42.955011234210978],[-81.31506021398657,42.955016511701601],[-81.314907214224405,42.955107245391638],[-81.314641070863232,42.95526507574629],[-81.314313141717975,42.955459545116526],[-81.314170251817643,42.955544281439899],[-81.313920127156479,42.955667388200844],[-81.31391744405434,42.955668708510174],[-81.31359890856595,42.955816025199532],[-81.313499136237908,42.955861647537709],[-81.313147660984683,42.956008914496216],[-81.312989298626476,42.95607526712427],[-81.312872366031101,42.956124203803583],[-81.31261985498125,42.956222009759635],[-81.312383146968685,42.956309776314136],[-81.312349187958503,42.956322367232261],[-81.312194461252915,42.956366604792628],[-81.312178886579545,42.956371055290468],[-81.311935463246442,42.956440511046857],[-81.311750227014031,42.956481617204169],[-81.311673220021504,42.95649340752756],[-81.311593900091864,42.956505551694036],[-81.310627384682519,42.956653523492555],[-81.310614218940131,42.956655539451653],[-81.31149648677949,42.958577883725738],[-81.315380120325287,42.958562312888212],[-81.31670370061461,42.958635504865455],[-81.317327277463448,42.95866998218645],[-81.319208619529988,42.958958101161649],[-81.320183857225544,42.959168501338681],[-81.321043314219011,42.959384185218411],[-81.323026673312,42.959914642083682],[-81.323091365470319,42.959931942093604],[-81.32344233675137,42.960025805714544],[-81.32472879834215,42.960382556522553],[-81.326105791934623,42.960764393447469],[-81.327286827286486,42.961091873474196],[-81.3284429116691,42.961412419492113],[-81.328769281024947,42.961502908177927],[-81.329676278241138,42.961794230971734],[-81.330308935915696,42.962152412851637],[-81.330470952732611,42.962244138050323],[-81.331460755673135,42.962878791482915],[-81.331826549212039,42.96311332954091],[-81.332216446274245,42.963363319524824],[-81.33305619887058,42.96376785747259],[-81.333827198422028,42.964014319056041],[-81.335027690051177,42.964146465075771],[-81.33620506955539,42.964188222387136],[-81.337841356988463,42.964093808960136],[-81.339079043959288,42.963998828208176],[-81.339848840308619,42.964019144580725],[-81.340665143686081,42.964265425565713],[-81.341935937199452,42.964826892510878],[-81.342890198011716,42.965457127793435],[-81.343617850713201,42.966042815344821],[-81.344352533473696,42.966860623979144],[-81.344998012413342,42.967535225109572],[-81.345166516058242,42.96771132755719],[-81.345667078282517,42.9681620222945],[-81.345908985587499,42.968507488349836],[-81.346088337529409,42.968763307854012],[-81.34621672468775,42.96894376601373],[-81.346601930547436,42.969481538307321],[-81.347165978987988,42.970270305392624],[-81.347671136729858,42.9715349469286],[-81.347811031537162,42.97225804767033],[-81.347588942620661,42.973027471670271],[-81.347045178541038,42.973757344233896],[-81.346134282028913,42.974730096186256],[-81.344888765176108,42.976020188477307],[-81.343656105442491,42.976903910279944],[-81.34313253987925,42.977789064815106],[-81.34291009724825,42.978513249201285],[-81.343185772758048,42.979235940672474],[-81.34359606661674,42.979732130604127],[-81.34433237845947,42.980096880779747],[-81.345150724454825,42.980530225630673],[-81.34627565586392,42.981125899255694],[-81.347034979180705,42.981442110331685],[-81.347138104315235,42.981485054566107],[-81.347331513602867,42.981784695476115],[-81.347891842944236,42.982653867919346],[-81.347947966286441,42.982740893782157]]]},"properties":{"OBJECTID":12,"Ward":"9","Shape.STArea()":69723323.928399473,"Shape.STLength()":48639.661806183678}},{"type":"Feature","id":13,"geometry":{"type":"Polygon","coordinates":[[[-81.130548793570412,42.984503306212005],[-81.130547954253103,42.98452516798649],[-81.133549846209732,42.984585585321703],[-81.133934981277292,42.984593331765801],[-81.138573228905912,42.98469583937905],[-81.143293881862334,42.984793737049834],[-81.148085169336539,42.984887026209734],[-81.152917700734847,42.984993023473933],[-81.153940732865053,42.985012488186307],[-81.157797305354791,42.985085788058399],[-81.162241380857282,42.985183285233425],[-81.166098032644882,42.985262961888658],[-81.166544189776687,42.98527217058426],[-81.171035353132865,42.985360616486794],[-81.171142503810643,42.985363046195587],[-81.175326440370995,42.985457830509716],[-81.179358506388439,42.985538007221237],[-81.183484771762409,42.985622213381866],[-81.188164370444412,42.98572264870581],[-81.192237645143095,42.985793659061521],[-81.19298288495871,42.985806501605381],[-81.193293340713439,42.985811850885739],[-81.197034936852489,42.985876247777341],[-81.198713558020884,42.985903714703383],[-81.198765182465678,42.986010261785445],[-81.198853645300602,42.986193672803587],[-81.198859735267149,42.986204306263495],[-81.198884320902977,42.986247237733231],[-81.198948634603269,42.986382546609939],[-81.19902861185939,42.986550807624887],[-81.199089218763305,42.986678317231885],[-81.199129759758705,42.986763607941256],[-81.199239644750861,42.986994788588447],[-81.199265729215156,42.987049664438963],[-81.199277984156808,42.98707544814328],[-81.199299618014422,42.987121048367271],[-81.199313182452556,42.987149697914433],[-81.199327416306332,42.987179764598707],[-81.199343611422123,42.987213973817312],[-81.199348055100174,42.987223357505826],[-81.199351541632126,42.987230723015351],[-81.199352365415564,42.987232465870122],[-81.199353308980193,42.987234456156735],[-81.199354079650078,42.987236084739123],[-81.199355864284442,42.987239852970269],[-81.199356891846421,42.987242025013757],[-81.199357393271157,42.987243083141166],[-81.199359317472883,42.987247148297762],[-81.199359426159305,42.987247378639246],[-81.199622659692167,42.98780298887764],[-81.199669142102024,42.987900972521686],[-81.199723195635656,42.988033122719486],[-81.199765168384573,42.988135753620497],[-81.199798427099111,42.988207277165529],[-81.200150850283109,42.988965786504771],[-81.20039509779734,42.989493583309191],[-81.200533743356161,42.989793178953327],[-81.200683960818836,42.990118218757729],[-81.200849526824115,42.990477537255735],[-81.201413846722033,42.991702216588891],[-81.20219418010474,42.993393503311729],[-81.202571950632432,42.994194516901665],[-81.202698682837251,42.994461059536398],[-81.203614453603379,42.996526627571754],[-81.203616841562038,42.996532013772757],[-81.203631138418203,42.996564259892352],[-81.203761091312543,42.996857363233907],[-81.20400183362824,42.99732321990966],[-81.204213979400507,42.997733732243589],[-81.204307354022617,42.997914414862358],[-81.204510746743352,42.998324560410609],[-81.204559985458374,42.998424700881955],[-81.204695522447025,42.998700351125535],[-81.204851630022659,42.999016639470163],[-81.205180820783696,42.998983940376306],[-81.20594432157273,42.998967165945622],[-81.206948282134505,42.998945101763489],[-81.207697941686249,42.999019690090641],[-81.208179108796429,42.999067561390468],[-81.209418047169933,42.999272687570539],[-81.210851343490916,42.999509974236226],[-81.211197799746344,42.999567328247707],[-81.212059845449744,42.999640958355052],[-81.212984367479521,42.999719916508269],[-81.213281942742029,42.999712776066886],[-81.214566158833748,42.99968195217243],[-81.215447225247246,42.99959825624547],[-81.216704035247446,42.999478556312788],[-81.217875717865013,42.999366950744587],[-81.217877821213804,42.999366750429822],[-81.218288492804106,42.999340824843607],[-81.221468026684633,42.999140052910661],[-81.223392362040968,42.998794101878993],[-81.223810920660597,42.998732928483157],[-81.224213800384419,42.998674045449086],[-81.225035236732367,42.998553983126193],[-81.226209822144213,42.998210180336187],[-81.226614481909863,42.998091731967428],[-81.227525968233678,42.997842265696328],[-81.228968191896882,42.997447521442894],[-81.230445412374934,42.997043174659936],[-81.231485490944635,42.996758468183494],[-81.231892694317494,42.996646998345192],[-81.231893733576939,42.996646714380248],[-81.231949151229742,42.996631543774768],[-81.231949550814861,42.996631450212568],[-81.231961255171754,42.996628695248596],[-81.232078743652181,42.996601050087605],[-81.233856185726069,42.996182798211606],[-81.235034041831881,42.995905617706704],[-81.235056279466349,42.995900384206543],[-81.235056183544401,42.995900323168904],[-81.235056087622453,42.995900262131272],[-81.234820027297161,42.995427999964086],[-81.234612970931053,42.995013989412911],[-81.234526974444051,42.994842035966435],[-81.234408521711259,42.9946048052511],[-81.234366761481681,42.994521171295631],[-81.234209196797153,42.99420560676559],[-81.234131786571211,42.994050572212437],[-81.234068048501967,42.993920019715503],[-81.233795032369173,42.993360805574106],[-81.233498642561869,42.99275370427204],[-81.233493352759567,42.992742965677344],[-81.233359823790849,42.992471870249851],[-81.233255517728068,42.992269922893065],[-81.233121989299448,42.991989008003351],[-81.233117370882326,42.991979632294949],[-81.232882745657136,42.991510439918592],[-81.232480398058257,42.990705499415327],[-81.232400863601029,42.99054628233695],[-81.232340745818036,42.990425933230711],[-81.232240035873446,42.990224324270727],[-81.232240021045001,42.990224295484488],[-81.232170180411103,42.990084481668568],[-81.231719003427528,42.989179228606581],[-81.231634196487704,42.989009067816532],[-81.231631538005445,42.989002445439716],[-81.231615473174315,42.988962418742041],[-81.231574922875268,42.988861513946645],[-81.231572720814086,42.988855897415554],[-81.231486169275229,42.98864489287994],[-81.231477959087897,42.988624879429182],[-81.231467116978422,42.988598446157795],[-81.231358140808936,42.988332825872085],[-81.231347608501125,42.98830753020713],[-81.231325396743884,42.988252942925513],[-81.231301456244196,42.988195943963163],[-81.231301238403489,42.988195423007738],[-81.231254778745608,42.988088828894078],[-81.231212030139034,42.987907379523563],[-81.231156927728691,42.987685143038178],[-81.231154612548195,42.987666993419168],[-81.23115400218704,42.987662215641812],[-81.23115335517447,42.987657149775039],[-81.231152857238186,42.987653240763386],[-81.231151990330204,42.987646449962298],[-81.231151318043388,42.987641186034203],[-81.231151181537101,42.987640110199656],[-81.231150914893746,42.987638021553423],[-81.231150880762939,42.987637751469165],[-81.231150189533906,42.987632342597088],[-81.231129338124475,42.987468955526325],[-81.231109539488301,42.987313814098911],[-81.231078758091684,42.987072608712424],[-81.231065122766424,42.986965761822738],[-81.231004375814322,42.986745525849784],[-81.230937325463117,42.98654027174539],[-81.2309138327998,42.986491879764046],[-81.230912775905452,42.98648970175951],[-81.230908479127422,42.986480853003158],[-81.23089819576758,42.986459669419276],[-81.230850504774608,42.986361431631565],[-81.230773939414661,42.986203712964411],[-81.230773242245149,42.986202277154696],[-81.230731061010104,42.986115387248311],[-81.230684047929856,42.986018542009518],[-81.230542907907079,42.98572738591804],[-81.230508057988928,42.985655432338937],[-81.230499486742261,42.985637733847618],[-81.230488474062327,42.985614965892573],[-81.230349418990599,42.985327851338923],[-81.230202379523874,42.985017860768053],[-81.230164968945502,42.984942186810898],[-81.230085733905923,42.984782025422213],[-81.230081750113101,42.984775142719251],[-81.230013943042138,42.98465798922809],[-81.229930408994207,42.984513772708397],[-81.229876902063012,42.984438852292918],[-81.229822868782364,42.984363196290069],[-81.229799139959937,42.984329974546448],[-81.229730208814928,42.984234466921052],[-81.229629840717195,42.9841045156357],[-81.229550295538488,42.984002088050588],[-81.229480916839066,42.983913669090924],[-81.229445495521205,42.983868525430879],[-81.229445440065817,42.983868455302172],[-81.229444656267276,42.983867456405314],[-81.229409631313828,42.983806845658371],[-81.229379355506737,42.98375445515542],[-81.229326534543304,42.983661115840825],[-81.229307636498262,42.983628255323033],[-81.229307421689271,42.983627881140663],[-81.229274288423824,42.983570265262578],[-81.229002175600456,42.982928890387718],[-81.228734923320189,42.982307780996194],[-81.228603176353175,42.981982156278931],[-81.228392254426737,42.981460846132904],[-81.227848972759801,42.980263712471078],[-81.227471500151978,42.979375628283456],[-81.227331458134472,42.979044659468578],[-81.226845821799714,42.977899361976533],[-81.226845307150455,42.977898150006546],[-81.226842820462167,42.97789228269459],[-81.226840144513574,42.977885975407176],[-81.226814429074338,42.97782532734081],[-81.226613286502882,42.977360092463393],[-81.226407146175944,42.976883290992831],[-81.226285025664538,42.976599071422449],[-81.226238975746824,42.976491756532596],[-81.226203213648176,42.976403350963899],[-81.226132056719592,42.976227616976658],[-81.226098420692651,42.976122255023249],[-81.226088771725387,42.976082832535681],[-81.226079881931014,42.976012282332931],[-81.226044100747984,42.975868637505414],[-81.22602072548996,42.975790864973483],[-81.226011338988087,42.97576046149247],[-81.22597176827891,42.975654914899344],[-81.225958731749174,42.975621399243501],[-81.225955145571902,42.975612961315896],[-81.225921448679145,42.975533679164016],[-81.225827002594514,42.975311465939903],[-81.225898667548137,42.975274384600858],[-81.226350675535897,42.975089837506104],[-81.227015135198286,42.974975500077569],[-81.228019206819354,42.974888730048882],[-81.22900912833282,42.97480198312519],[-81.229786905259729,42.974687489281898],[-81.229032795444269,42.973188462656097],[-81.228845902626304,42.97281817631599],[-81.228591692586662,42.972313280331427],[-81.228304700765776,42.971743561749079],[-81.228021957026272,42.971180755271234],[-81.227785736910164,42.970712487710792],[-81.227449961521899,42.970044882625317],[-81.227266930016299,42.969681347780508],[-81.227105643794943,42.969363236406792],[-81.227016507306459,42.969186581176061],[-81.226828360436983,42.968827807729234],[-81.226600793178179,42.968422554536218],[-81.226512054206879,42.968278610157299],[-81.22643647268093,42.968161952260402],[-81.22633859272679,42.968016954211208],[-81.226277097374037,42.96792935314356],[-81.226193014068272,42.96781303246749],[-81.226127512516214,42.967723612990646],[-81.226056874215928,42.967630097276462],[-81.225991205498175,42.967546155874508],[-81.225854080547364,42.967378191620298],[-81.225576127810641,42.967065900286542],[-81.225440524212601,42.966925436921414],[-81.225335987900365,42.966821111998463],[-81.225077959515957,42.966576975223532],[-81.224896660003651,42.966416628544685],[-81.224423873031768,42.966034177921046],[-81.224156580777006,42.96583608787568],[-81.224130668748714,42.96581711525473],[-81.223944639124397,42.965680628225122],[-81.223780131305205,42.965559094178836],[-81.223658858359343,42.96546641885022],[-81.223595495692948,42.965416718089109],[-81.223550437585871,42.965380916102262],[-81.223546745489159,42.965377848957324],[-81.223479815257747,42.965323864148353],[-81.223200882411774,42.96508832777544],[-81.222893318354693,42.964805625299583],[-81.222668854922588,42.964580933585232],[-81.222364524543593,42.9642465473542],[-81.222196566410318,42.964044064158635],[-81.221904015494118,42.963655994848438],[-81.221612276731335,42.963207242018505],[-81.221413975972382,42.962873139531311],[-81.22124156841582,42.962587350577401],[-81.221115516960097,42.962393968178461],[-81.221015944784057,42.962250737304466],[-81.220905936191556,42.962098542045993],[-81.220830275778169,42.961997589947416],[-81.22070232154816,42.96183613669362],[-81.220544481247202,42.961650539542241],[-81.220414421523273,42.961506801338416],[-81.22026738250409,42.961349070138468],[-81.220162692224264,42.961242188620766],[-81.220123312443022,42.961202983897074],[-81.219980870526584,42.961065967929557],[-81.219665747855274,42.960782836148745],[-81.219449891924199,42.960602913052149],[-81.219317728449795,42.960497934872045],[-81.2191786088665,42.960391982892304],[-81.218987337128098,42.960252449462104],[-81.218863006449865,42.96016485551656],[-81.21877298834201,42.960103019931061],[-81.21868332892673,42.960042709961797],[-81.218562638056341,42.959963768085785],[-81.218440063423884,42.959886325431675],[-81.218332547054871,42.959820496684209],[-81.218229737638865,42.959759135321988],[-81.218150542983821,42.959712842209846],[-81.218061930053082,42.959662104932306],[-81.217977607227596,42.959614829101056],[-81.217850042859624,42.959545072203198],[-81.217761418759736,42.959497635100661],[-81.217633725659283,42.959431220016782],[-81.217516189421758,42.959372087767228],[-81.217427551974424,42.959328725261123],[-81.2172973355637,42.95926696305213],[-81.217091397424554,42.959173610171383],[-81.216907464336643,42.959096784702929],[-81.216591859230519,42.958965638735187],[-81.216434547495894,42.958901435079909],[-81.216290812651295,42.958843679358743],[-81.216109175428784,42.958909426845118],[-81.216073089410983,42.958922489402561],[-81.215824748125414,42.959012382672761],[-81.215494504233703,42.959153164646686],[-81.215254282435737,42.959243718577817],[-81.215023974643387,42.959304219398462],[-81.214593281356343,42.959385115845969],[-81.213030614087302,42.959648337618766],[-81.211538000562442,42.95991143382652],[-81.208686890315022,42.960358420269479],[-81.207464685428505,42.960530832086896],[-81.206471330773383,42.960675561503649],[-81.205158992036786,42.960888162544222],[-81.203275439758599,42.961171864022866],[-81.200647992057455,42.961560533363482],[-81.200637851781664,42.961552864342565],[-81.1899709162454,42.963036760153237],[-81.1901694659323,42.963706980688777],[-81.190235907876342,42.963931267712958],[-81.190486390239741,42.964776769254932],[-81.1905075164414,42.96484808005291],[-81.190768888142173,42.96573030910087],[-81.190816019076067,42.96588939463782],[-81.190887211561304,42.966129688022448],[-81.191036862265179,42.966703800705659],[-81.191087222182858,42.966897006596447],[-81.19112651306925,42.967047730279525],[-81.191162181487329,42.967383643500135],[-81.19119975238911,42.967737441321205],[-81.191221237214094,42.967939765322186],[-81.19123521325163,42.968136718584844],[-81.191292767060531,42.968947697211568],[-81.191323256297807,42.969377286758331],[-81.19132898028468,42.969457934400992],[-81.19145539541509,42.970334834094778],[-81.191458841808057,42.970358733362779],[-81.191463245667322,42.970389269614863],[-81.191472102366859,42.970431339399596],[-81.191472612653058,42.970433760927392],[-81.191524610493033,42.97068073702129],[-81.191524966439289,42.970682422186961],[-81.191576947248663,42.970929306422327],[-81.191576969612427,42.970929400038308],[-81.191628109479907,42.97117229457168],[-81.191632181969723,42.971191637985953],[-81.191673940027343,42.971389963776645],[-81.191684220881143,42.971438788605056],[-81.191718488912585,42.971601549432357],[-81.191727002374762,42.971641968221775],[-81.191766523159984,42.971829677056299],[-81.191770020686121,42.971846285667255],[-81.191783117167986,42.971908487393208],[-81.191803609571011,42.972005816553512],[-81.191807124543018,42.972022507980789],[-81.191820771226759,42.97208731486392],[-81.191833320142365,42.972146913214736],[-81.191837024311383,42.972164499433767],[-81.191855659833976,42.972253017468773],[-81.191858823797318,42.972268030925392],[-81.191862050057466,42.972283359457087],[-81.191865945922075,42.97230185487183],[-81.191876772291351,42.972353279442878],[-81.191878557165055,42.972361750280328],[-81.191879480733007,42.972366137833561],[-81.191889602622936,42.972414215475595],[-81.191890215006055,42.972417121305668],[-81.191898051618892,42.972454337185198],[-81.191899463111213,42.972461041841214],[-81.191900416561651,42.972465573426256],[-81.191910687848619,42.972514360419503],[-81.191911153389427,42.972516578503509],[-81.191920413911006,42.972560538638376],[-81.191922266037082,42.972569337148855],[-81.191927458952136,42.9725940025032],[-81.191930093247663,42.972605883059138],[-81.191929958296825,42.972605865275177],[-81.191101800263596,42.972428455806885],[-81.190900850843988,42.972407119369429],[-81.190360983721732,42.972408016669057],[-81.189690754464451,42.972437018228],[-81.189684626129377,42.972437282328421],[-81.189374843680767,42.972522234586478],[-81.189313374399447,42.972555448137612],[-81.189290406645725,42.97256785557105],[-81.189009043642727,42.972719875084231],[-81.188642978258002,42.972833068322444],[-81.188212251785231,42.972855285225187],[-81.188079358314951,42.972862138643443],[-81.187528998288215,42.972877132858713],[-81.187108242912643,42.97293148119256],[-81.18710674951528,42.972931570983491],[-81.186694476477726,42.972914341050767],[-81.186433967763492,42.972834097680881],[-81.186357954507528,42.972778676008389],[-81.186299049482813,42.972735725564327],[-81.186195907924827,42.972618583533823],[-81.186172968215075,42.972592529377138],[-81.185877245366171,42.972225233167485],[-81.185848663418625,42.972189730915716],[-81.185787385055264,42.97212881701612],[-81.185614625479928,42.971957079439946],[-81.185281791460042,42.971697698108606],[-81.185215398285322,42.971661397803466],[-81.185180005488618,42.971642045401978],[-81.185061418784287,42.971577205715242],[-81.184922228594075,42.971501099550409],[-81.184423437627842,42.971237511740213],[-81.184267469134056,42.971155086788144],[-81.184244511490576,42.971143932162285],[-81.184244472200973,42.971143916016281],[-81.184018062129908,42.971033888081564],[-81.184007178965274,42.971028599751854],[-81.183863040435725,42.970958553497212],[-81.183512617719273,42.970815707263696],[-81.183417233644121,42.970793096965096],[-81.183358531624307,42.970779179023104],[-81.18310785434123,42.970719751984703],[-81.183099509728805,42.970717773397226],[-81.182767356388041,42.970682449384178],[-81.182713392476103,42.970684930901925],[-81.182393238214829,42.970699649797886],[-81.182363566137724,42.970701013625444],[-81.18196896338722,42.970791264325008],[-81.181740593958182,42.970852764806082],[-81.181734216757619,42.970854260778516],[-81.181718849481811,42.970858620247796],[-81.181615697339922,42.970886399107037],[-81.181466799024847,42.9709264973893],[-81.181090194018751,42.971034640342708],[-81.180962537450355,42.971049846586752],[-81.180632662055444,42.971089134729517],[-81.180578970284671,42.971089219445673],[-81.180237792557222,42.971089749971455],[-81.180074913942704,42.971088100839154],[-81.180002386374127,42.971087366631842],[-81.179906445723603,42.971086393622514],[-81.179309446603412,42.971080344194],[-81.178917124329928,42.971076365475184],[-81.178805849528771,42.971069252396475],[-81.178369591316738,42.971041361551883],[-81.178217750721217,42.971031213340986],[-81.177714335770375,42.970997560395588],[-81.177540933880337,42.970976454893297],[-81.177441800172659,42.97096438864336],[-81.177155209124663,42.970929505408151],[-81.176987161008213,42.970909049956468],[-81.176837372754235,42.970891269391302],[-81.176159031969405,42.970810739632029],[-81.175966135403939,42.970787837302879],[-81.175872147939501,42.970776678504365],[-81.175740716677112,42.970761074555313],[-81.17539051753316,42.970689905595023],[-81.175366460748847,42.970681441605848],[-81.174993295415049,42.970550145101747],[-81.174959322940026,42.970538191386524],[-81.174874107543616,42.97050319437237],[-81.174471547424602,42.970337862029972],[-81.174076218140598,42.970175497970388],[-81.174072972104668,42.970174162942534],[-81.17387218745165,42.970091698298525],[-81.173184347540541,42.969865768387415],[-81.172958957895801,42.969791733949528],[-81.171942668810047,42.969457904748069],[-81.171863973906554,42.969432055716659],[-81.171843670543055,42.969425386376919],[-81.171759999911302,42.969397900405561],[-81.171749864196556,42.969394571105994],[-81.171748028031288,42.969393966914808],[-81.171704554198982,42.969379686951889],[-81.171700280459703,42.969378283158065],[-81.171658554437514,42.969364576884686],[-81.171538533921463,42.969325150414001],[-81.171451332038401,42.969307413067447],[-81.171312203224446,42.969279112910527],[-81.170656966788428,42.969145826872975],[-81.170651624670825,42.969144739812641],[-81.170647313190486,42.969143863736811],[-81.170628486950022,42.969140032199562],[-81.170543037125029,42.969115353990233],[-81.170532512370954,42.969112313326761],[-81.170494198159986,42.969101247254763],[-81.170479716811911,42.969097063423987],[-81.170441056544306,42.969085898793047],[-81.170406254702215,42.969075846843168],[-81.170350916387093,42.969059864045967],[-81.170332260023969,42.969054476119247],[-81.17025422780948,42.969031938883795],[-81.1702260874263,42.969023809473391],[-81.170134526314683,42.968997362432397],[-81.170108751007845,42.968985975020701],[-81.170090619653564,42.968977963978006],[-81.169833348392103,42.968864281495108],[-81.169730205904074,42.968818706387907],[-81.169716682871467,42.968815149598065],[-81.169668657691417,42.968802510941551],[-81.169405201868287,42.968733188769157],[-81.169377944807678,42.968726017790225],[-81.169193931565843,42.968677597344865],[-81.169129917100179,42.968660751480641],[-81.16878417382496,42.968563491219655],[-81.168591068770539,42.968509168633979],[-81.168344078303491,42.968463004394472],[-81.168115206535404,42.968420224158947],[-81.167712208107034,42.968378883799815],[-81.167684342635781,42.968376024969253],[-81.167618500583714,42.968381311966596],[-81.167604779928865,42.96838166704886],[-81.167594290087195,42.968383256506335],[-81.167343404597588,42.968403398849574],[-81.167090339860195,42.968481056046599],[-81.167020607455044,42.968502454970839],[-81.167002108125246,42.968508709916563],[-81.166620935279653,42.968637568822551],[-81.166609272069749,42.968641510238967],[-81.166141956065303,42.968799487645491],[-81.165983166238178,42.96885400639119],[-81.165337115189828,42.969075815822642],[-81.16511228946699,42.969153002803445],[-81.164663972396511,42.969297053629838],[-81.164269400263919,42.969405174325608],[-81.164188720351987,42.969422927543881],[-81.164045883259561,42.969454356754412],[-81.163982397611207,42.969468326439397],[-81.163759427404244,42.96946216915245],[-81.163570905102233,42.969435552966019],[-81.16340920680166,42.969373043321333],[-81.163296788774588,42.969287013775215],[-81.163284029130438,42.969272477873226],[-81.16328401190097,42.969272454484447],[-81.163145202624179,42.969086152394617],[-81.163128479748394,42.969063705706183],[-81.163112194985189,42.969041847326977],[-81.162990732475876,42.968876610356865],[-81.162941077466428,42.968809059662817],[-81.162770126671887,42.96863901210174],[-81.162741856898492,42.96861578121721],[-81.162736267830439,42.968611187537213],[-81.162647612154942,42.96853832328928],[-81.162563282422596,42.968469015261263],[-81.162535321850527,42.968455111409313],[-81.162502123284156,42.968438599894249],[-81.162365599015999,42.96837070396947],[-81.162105098799032,42.968272484914124],[-81.161891611421211,42.968231539910967],[-81.161826769771068,42.968219103649069],[-81.161576574398651,42.968181990305851],[-81.161495866597306,42.968170019304331],[-81.16146767676878,42.96816583566229],[-81.161162566060895,42.968166265650474],[-81.160434925593336,42.968211607517929],[-81.160426826389823,42.968212112351111],[-81.160379647839406,42.96822708377087],[-81.160078528418936,42.968322639176165],[-81.159764812014004,42.968466478918749],[-81.15942421712802,42.968628282668121],[-81.159100301822292,42.968769906915298],[-81.159074626156425,42.968781132385786],[-81.158887366289008,42.968845116435872],[-81.158653216164694,42.968925118683984],[-81.158330333320365,42.968997264669866],[-81.158001316398142,42.969039861545482],[-81.157885218612421,42.969044225339573],[-81.157815435690665,42.969045443611876],[-81.157424097062673,42.969052286084306],[-81.156821446364447,42.969055591535067],[-81.156652303282542,42.96903098876988],[-81.156618787243559,42.969026112424643],[-81.156516217557666,42.9690111925267],[-81.156331516869017,42.968923001860361],[-81.156291600765542,42.968903942061004],[-81.156057958442801,42.968778783230924],[-81.155847358367197,42.96863425851663],[-81.155797267809945,42.968599882046789],[-81.155693225885315,42.968556107344995],[-81.155563700296426,42.968501607843685],[-81.155339149769006,42.968421244755874],[-81.155145712340214,42.968373237752225],[-81.155116109627926,42.968365890054905],[-81.155087726564744,42.968358845071151],[-81.15477354887453,42.968323415449035],[-81.154531209936565,42.968305815435663],[-81.154091514654141,42.968315366502075],[-81.153935164348894,42.968325187156168],[-81.153508303866388,42.968351994181617],[-81.153158521859979,42.968433123572915],[-81.152863170743885,42.968496981201952],[-81.152813064096961,42.968499971174175],[-81.152695765331814,42.968503380365718],[-81.152552952743818,42.968507531247113],[-81.15253193646295,42.968508140986415],[-81.152244731843254,42.968490595910062],[-81.151822849827823,42.968446339475676],[-81.151704062314309,42.968448694223191],[-81.151406132154946,42.968454596232569],[-81.151338282632381,42.968455939473827],[-81.150914075270805,42.968509471377949],[-81.150620593481406,42.968546505250877],[-81.150160319545805,42.968646807681957],[-81.14974021434459,42.968738356755807],[-81.14966517277027,42.96875345205725],[-81.149662346425018,42.968754021275437],[-81.149381432275689,42.96881052445984],[-81.14891123875482,42.968943300136949],[-81.148807487641605,42.968972597304784],[-81.148571499764429,42.969065021018992],[-81.147866099709901,42.969341280949308],[-81.147764418167824,42.969370916691659],[-81.147350613044537,42.969491515637856],[-81.147310098562713,42.969503323092212],[-81.146703524746073,42.969655642374597],[-81.146688312606642,42.969659118042053],[-81.146685597642872,42.969660144504957],[-81.146664351785716,42.969665477556532],[-81.146555742355915,42.969706127179855],[-81.14638100985556,42.969771522749262],[-81.146120171119932,42.969869142124359],[-81.146063616623962,42.969890307939281],[-81.146035314638382,42.969899770628686],[-81.145750941567968,42.969994849116944],[-81.145706338029441,42.97000976077765],[-81.145666486498925,42.970028405306806],[-81.145653904122625,42.97003429266784],[-81.145437408942939,42.970135580374318],[-81.145276165165129,42.970261262716008],[-81.145182790920828,42.970417411393655],[-81.145173661608808,42.970432677674353],[-81.145142076655148,42.97048549863635],[-81.145111011655402,42.97059676947088],[-81.145105018985433,42.970618232706208],[-81.145087940850999,42.970679410037604],[-81.145061978212553,42.970772406568067],[-81.145067882916862,42.970811596642072],[-81.145088862093019,42.970950826377887],[-81.145098437921504,42.971014353578752],[-81.145127315369081,42.971057431759043],[-81.145132513452495,42.97106518219244],[-81.145206505158825,42.97117554534821],[-81.145230691488777,42.971209471229173],[-81.145288626563016,42.971290728490004],[-81.145323649996996,42.971339852069477],[-81.145422231670182,42.971478117787953],[-81.145454602641067,42.971523520171623],[-81.145482682133078,42.971562905365928],[-81.14555051991718,42.971658050228712],[-81.145557651162946,42.971668051268551],[-81.145608605674965,42.97172588947862],[-81.14571297418918,42.971844356090777],[-81.145757023520545,42.971894352346723],[-81.145822223139305,42.971991602200532],[-81.145867776837818,42.972059543728612],[-81.145901117646602,42.97210927261284],[-81.146000339499722,42.972324253534971],[-81.14600107659767,42.972340359177146],[-81.146003204872557,42.972386758115839],[-81.146007709512929,42.97248489391864],[-81.146009341188474,42.97252042789534],[-81.146009798856994,42.972530383387173],[-81.145938466587594,42.97272765075563],[-81.145761662687846,42.972980190859886],[-81.145643293968732,42.973149268816002],[-81.145472081538486,42.973402561373263],[-81.14537580356334,42.973544993594558],[-81.145285547606733,42.973678519216847],[-81.145198825423677,42.973774440256122],[-81.145148954541298,42.973829600503606],[-81.145025952690261,42.973965647447407],[-81.144749689130904,42.974201510134016],[-81.144480944745297,42.974416949823826],[-81.144345710959001,42.974527822311359],[-81.144201698025768,42.974645893592353],[-81.14419526030099,42.974651436255435],[-81.144181645257959,42.974663006988138],[-81.143961483033209,42.974883652237082],[-81.143919353295658,42.974944005366204],[-81.143836247425128,42.975063062187722],[-81.143781219856081,42.975198770184711],[-81.143773650017678,42.975217441923213],[-81.143738078519149,42.975305171342363],[-81.143648598798904,42.975421799236159],[-81.143487275065524,42.97552058612844],[-81.143432271492259,42.975543645159483],[-81.142985875294869,42.975730779119509],[-81.142938920882884,42.975750461740525],[-81.142923799507372,42.975756800421834],[-81.142744379274916,42.97579287552972],[-81.142692033328856,42.975790188829585],[-81.142573837333288,42.975784122574652],[-81.14253984871506,42.975779640728632],[-81.142507717415199,42.975775403300666],[-81.142439173435278,42.975766362820416],[-81.142404815388673,42.975750587161791],[-81.142322376278472,42.975712733078048],[-81.142151566251243,42.97558746786973],[-81.142097642249851,42.975561920636366],[-81.141962890135048,42.975498075782788],[-81.141941149909243,42.975493202152713],[-81.141684525212469,42.97543568014958],[-81.141397291362523,42.975418107919346],[-81.141011309063231,42.975391694757398],[-81.140841833406199,42.975396029564088],[-81.140643358004951,42.975401105758074],[-81.140490245793401,42.975421029427856],[-81.14036521907866,42.975437298393523],[-81.139997491282841,42.975545295196561],[-81.139375847471499,42.97584041707325],[-81.139172783743632,42.975936819112235],[-81.139106666129649,42.975962715385329],[-81.138535564970155,42.976153619734809],[-81.138349215003217,42.976206402651755],[-81.138191490199929,42.976253237942508],[-81.13772110853165,42.9763840496312],[-81.137430043736202,42.976509084463075],[-81.137407813176779,42.976518633173711],[-81.137156209441841,42.976626713702714],[-81.136662935736481,42.976788625157027],[-81.136608095272592,42.976800602602417],[-81.136250277191522,42.976878743332421],[-81.135738812814608,42.976933122419609],[-81.134869654260569,42.976945593545011],[-81.134487740257029,42.976933115148569],[-81.134449628381333,42.976929748779376],[-81.134367960589373,42.976929201711854],[-81.133810515570431,42.976910981791313],[-81.133183742983377,42.976950045812323],[-81.132777380529291,42.977004125433922],[-81.132762917925945,42.977006049495472],[-81.132708198866524,42.977013331459204],[-81.132420324453705,42.977064118781605],[-81.132196807019938,42.977103549447413],[-81.132065873417702,42.977132524200741],[-81.131849506381528,42.977180401751589],[-81.131667521274721,42.977220671440321],[-81.131527407472632,42.977281303753202],[-81.13127296897278,42.977391411555196],[-81.131057523511686,42.977533233428744],[-81.131000988446374,42.977570447892852],[-81.130959272331822,42.977597909032994],[-81.130609668807409,42.97780444662169],[-81.13024921665162,42.977950677350279],[-81.130158411005581,42.977987516151764],[-81.130008708555621,42.978153106831783],[-81.130032081699326,42.978193740222459],[-81.130511747449859,42.979027555099137],[-81.130651259774126,42.979245860236901],[-81.130888491672081,42.979681185016439],[-81.130914870794882,42.979801585755624],[-81.131234995374868,42.981262721539409],[-81.131494935312929,42.982124353625153],[-81.130705590387407,42.982679882949505],[-81.130601021774865,42.983124847913821],[-81.130659895394004,42.983310214094395],[-81.13071067501032,42.983748384712342],[-81.130598026281703,42.984245368762828],[-81.130540238011733,42.984471279372372],[-81.130548793570412,42.984503306212005]]]},"properties":{"OBJECTID":13,"Ward":"1","Shape.STArea()":19160997.336991794,"Shape.STLength()":24563.457428466481}},{"type":"Feature","id":14,"geometry":{"type":"Polygon","coordinates":[[[-81.293746464370059,42.966792410954874],[-81.293750330727562,42.966809703501269],[-81.293746939069848,42.966893206024963],[-81.293742025970005,42.967014137795843],[-81.293726852041118,42.96738766472626],[-81.29353120638612,42.968127291834598],[-81.293428633274885,42.968346334549118],[-81.293300603405143,42.968619734343982],[-81.292896871473275,42.969221149340783],[-81.292525146700498,42.969774869130234],[-81.292311975153112,42.970171095569413],[-81.292293040343353,42.97022731072385],[-81.292218534235843,42.970448510272867],[-81.292155716624549,42.970635010181553],[-81.292051410632993,42.970943269812416],[-81.291994627688752,42.97111107397933],[-81.291990022370399,42.971124688875619],[-81.292013716804277,42.971118985816659],[-81.292022991736687,42.971116754097103],[-81.292464880432405,42.97101041536812],[-81.292894023733936,42.970805812952541],[-81.29337428173109,42.97040175477094],[-81.293701723988917,42.970126262185765],[-81.294738052032841,42.969106076185597],[-81.295264556849062,42.968405335626429],[-81.295347761976515,42.96829459376027],[-81.295367852229376,42.968267854306987],[-81.295466203162036,42.968016659817501],[-81.295620808730433,42.967621779919007],[-81.296199009162052,42.966144944978389],[-81.296505125407933,42.965363041411869],[-81.296670687920127,42.96472285496268],[-81.29667969306891,42.964682067158989],[-81.296686151923851,42.964663063982869],[-81.29672746370062,42.964503320992542],[-81.296755697404123,42.964458445429706],[-81.296926571127031,42.964186844944855],[-81.297031341916934,42.964020313020669],[-81.297283451469639,42.963619583559513],[-81.297380585082038,42.96350165747247],[-81.297949210876197,42.962898487657093],[-81.298144943254442,42.962690861545582],[-81.2985244700197,42.962470575557994],[-81.298731874505449,42.962350190429191],[-81.298778573675136,42.962333717007844],[-81.299635825534608,42.962031304194497],[-81.300675365495508,42.961689404994146],[-81.301315255906204,42.961454852966341],[-81.301669506608178,42.961324998671067],[-81.302384906346518,42.960990659137266],[-81.303258754323068,42.960582258575805],[-81.30373135789668,42.960361377240666],[-81.30506245962043,42.95973924162702],[-81.305331863517409,42.959613322981738],[-81.306021567444986,42.959266178828734],[-81.306313542509457,42.959119217327377],[-81.306551173593846,42.958999608779763],[-81.306774202139565,42.958948737343178],[-81.307062556190758,42.958882965036125],[-81.307788449892911,42.958717386574584],[-81.307947515234034,42.958681102062137],[-81.308156269381684,42.958633482970455],[-81.30840922772876,42.958615960281854],[-81.308418862548109,42.95861459975962],[-81.308418866002185,42.95861529134568],[-81.308508385316983,42.958609090506187],[-81.30917457314743,42.958562939138822],[-81.310442143358259,42.958582086165876],[-81.31149648677949,42.958577883725738],[-81.310614218940131,42.956655539451653],[-81.311593900091864,42.956505551694036],[-81.311750227014031,42.956481617204169],[-81.311937689620919,42.956440016900594],[-81.311958182062355,42.956434158135572],[-81.312178887814639,42.956371057088113],[-81.312349187958503,42.956322367232261],[-81.312383146968685,42.956309776314136],[-81.312619847639027,42.95622201248122],[-81.312874143914598,42.956123515453157],[-81.313511085066722,42.955856641266998],[-81.31391744405434,42.955668708510174],[-81.314170251817643,42.955544281439899],[-81.31506021398657,42.955016511701601],[-81.315154714703013,42.9549723568432],[-81.315851108128115,42.954646966004567],[-81.316026608313393,42.954565171382207],[-81.316410280734218,42.954465067409878],[-81.316775900431196,42.954402642848272],[-81.317462176836585,42.954360322894615],[-81.317710963682842,42.954336078772783],[-81.321231017381336,42.953996247313022],[-81.321177792270191,42.953813468653578],[-81.321161681520849,42.953729194988561],[-81.321170005463912,42.953625887008464],[-81.321179149171272,42.953583332707119],[-81.321189485074427,42.953535234187548],[-81.321201730122525,42.953478248524867],[-81.321277674301939,42.953341928779103],[-81.321476629312812,42.953101625945123],[-81.3216044452479,42.952948109022522],[-81.321732351722645,42.952748080065938],[-81.321821611123099,42.95255459650518],[-81.321865866508304,42.952387004974845],[-81.32187157634057,42.952245287369166],[-81.321851431037402,42.95209075787939],[-81.321772724992897,42.951833341585825],[-81.321648686100289,42.951537402476063],[-81.321570546749712,42.95138947995121],[-81.32145369038453,42.951235225610617],[-81.321338103689541,42.951129804360818],[-81.321169887804018,42.951018817793368],[-81.321021227839083,42.950948382199869],[-81.320879049798492,42.950884375936724],[-81.320749190761688,42.950812057435897],[-81.320652679133303,42.950749752770498],[-81.320549037042412,42.950659872578754],[-81.320432327162649,42.950537822818269],[-81.320331940650817,42.950378716049478],[-81.320244568452168,42.950140136456909],[-81.32022810629725,42.949984803864211],[-81.320254115637638,42.949758993324735],[-81.320284949847846,42.949622089837966],[-81.32029584799848,42.949458053739498],[-81.320267607577392,42.949296994388007],[-81.31980767779946,42.948003762860225],[-81.319329944185966,42.946211570155285],[-81.319234335862475,42.94585839842032],[-81.319185290037424,42.945677235948409],[-81.319158898628629,42.945557133767302],[-81.318967438450329,42.944685812203652],[-81.318362478269393,42.941966418012655],[-81.317966484174391,42.940067527531312],[-81.31790107654561,42.939753875174269],[-81.317813727308291,42.939304298292669],[-81.317623728576251,42.93839307651043],[-81.317511334042507,42.937849554697927],[-81.317431051330061,42.937461319074217],[-81.317323462855612,42.936598557165169],[-81.315192110387144,42.936696355943369],[-81.312448835945773,42.936813213699608],[-81.30943579503257,42.936994041672207],[-81.306990141166068,42.937154532176955],[-81.305324518947728,42.937264372674264],[-81.305062870321109,42.937281625369202],[-81.302632116967899,42.937419114399489],[-81.300878004026416,42.937531914811615],[-81.296970342900622,42.937797797546523],[-81.295060247504466,42.937927663896019],[-81.292808214032263,42.938065408361894],[-81.292434327951426,42.93657107424449],[-81.291842277240093,42.934190515435048],[-81.29088403519151,42.93041589107618],[-81.290317150098332,42.928211759684409],[-81.289747381472424,42.925996260150427],[-81.289609183457728,42.925435387714906],[-81.289277405313356,42.924020146764107],[-81.289204302372184,42.923824875317926],[-81.289162157112855,42.92374959201377],[-81.289009255364022,42.923551730357779],[-81.288612712796677,42.923251169883763],[-81.287741338480657,42.922710947463834],[-81.285171584245234,42.921098998778675],[-81.284127916203119,42.920442239638838],[-81.283971816223612,42.920370028761319],[-81.283935538228306,42.920357547472541],[-81.283834828559108,42.920322901124287],[-81.283720724483985,42.920295261518781],[-81.28349649664473,42.920279063725715],[-81.283220302936286,42.920286305855598],[-81.282947430891937,42.9203058618386],[-81.281440294365623,42.920397804619846],[-81.281184033792144,42.920411182111486],[-81.280190051704764,42.921241902163715],[-81.278920957772485,42.922302501745691],[-81.277788695195767,42.923222107327518],[-81.274580352609391,42.925914842759575],[-81.271370949874026,42.928590974093346],[-81.26790200266754,42.931483163097795],[-81.267739248004816,42.931620089611087],[-81.261595979473199,42.936787764493239],[-81.261277086601226,42.937055982794334],[-81.261072507228903,42.937233685986548],[-81.259394106513014,42.938691536025622],[-81.258475529121299,42.939861371509359],[-81.258022001843386,42.940718738625009],[-81.257994583811666,42.940777606042275],[-81.257952559563961,42.940781079490037],[-81.257938490067318,42.940806087957718],[-81.257839648018987,42.940981781945638],[-81.25745865079854,42.942290886474886],[-81.257404677022961,42.942912782851643],[-81.25741822125454,42.943444086554003],[-81.257477642408901,42.944122247861863],[-81.257593174606129,42.944687231867213],[-81.25769532664485,42.945181281463086],[-81.258267587820185,42.947431846282306],[-81.258429994153673,42.948070526096572],[-81.25851518364496,42.948427615552895],[-81.258578096945982,42.948691328443736],[-81.259119334392992,42.950959917571794],[-81.259224479927425,42.95140817983394],[-81.259267114759737,42.951589940724325],[-81.259797137903803,42.953849430453445],[-81.260511279841893,42.956855014421834],[-81.262167551995162,42.956779089165138],[-81.263510818063168,42.95671782341158],[-81.264217787103505,42.956685572640637],[-81.265431591429049,42.956634843570619],[-81.265752539960175,42.956621427750683],[-81.267630773496805,42.956551732928929],[-81.268228333145785,42.956522761382459],[-81.268474126765611,42.95651081795944],[-81.268562697629832,42.956508729015539],[-81.268871043542646,42.956501693458669],[-81.26923864600235,42.956493303816458],[-81.270272308840688,42.956427265405523],[-81.27091332877923,42.956394612080203],[-81.271659145531203,42.956366191975278],[-81.272413033650352,42.956343069849041],[-81.272823983670705,42.956336368358301],[-81.273999643425526,42.956277446453676],[-81.275164379687894,42.956219061932764],[-81.275594194053255,42.956190618937335],[-81.276101627396045,42.956157040604793],[-81.276601003651351,42.956115134416038],[-81.277571389204041,42.956028246896359],[-81.278501848341449,42.955937445506585],[-81.279507256672161,42.955834414578355],[-81.280152326218115,42.955763968931514],[-81.281002031150535,42.955671170983095],[-81.281069481978491,42.955663521199284],[-81.281081469700297,42.955661911359243],[-81.281867794940425,42.955556300576902],[-81.283084251988242,42.955392909714845],[-81.283153221018779,42.955385478276305],[-81.2837823047862,42.955317710034372],[-81.284294855667198,42.955262491934612],[-81.284804709813329,42.955207562812191],[-81.285399075303175,42.955143526351449],[-81.285425543403065,42.955140718287467],[-81.285844053938135,42.955094453693498],[-81.28593708506493,42.95508555388372],[-81.286343573102968,42.955023193763999],[-81.286753516235535,42.954960284136462],[-81.286866823401439,42.954937136149262],[-81.286886866183011,42.954933041703924],[-81.286944395465639,42.954921288962133],[-81.28702622737076,42.954904571048829],[-81.28719298001495,42.954870505040809],[-81.287215164939866,42.954865972916096],[-81.287587212508896,42.954793025480178],[-81.287930614431673,42.954719806695941],[-81.288232224769061,42.954655509967424],[-81.288476822442163,42.954603336595753],[-81.289346364158575,42.954417857307035],[-81.289475157493072,42.95439038473868],[-81.289610162565154,42.954361586059512],[-81.289734943529268,42.954336818593148],[-81.290661166162906,42.954155558735238],[-81.290897109835754,42.95510349131294],[-81.290919075712793,42.955191739134968],[-81.29093516365424,42.95524835687786],[-81.290987720965489,42.955432244514213],[-81.291053443300072,42.955662194228552],[-81.291091538619781,42.955773574858519],[-81.291125114052903,42.955854569173027],[-81.291214494903585,42.956032940124118],[-81.291296473858466,42.956161438587181],[-81.2913154454329,42.956191176651828],[-81.291371150013887,42.956274633309988],[-81.291542960275677,42.95649254468799],[-81.291573359584007,42.956531098462634],[-81.291579456230821,42.956538831866801],[-81.291604117861652,42.956563100066191],[-81.291764213264727,42.956720646990433],[-81.291926756946609,42.956880600823048],[-81.292226727721825,42.957175790628334],[-81.292473691233738,42.957418814964655],[-81.292533091668105,42.957479060724701],[-81.292664351959957,42.957623915248604],[-81.292690958549613,42.957653276952406],[-81.292749967538555,42.9577265477472],[-81.292830693489549,42.957831399850761],[-81.292867593766616,42.957879327211856],[-81.292888368076476,42.957909668241669],[-81.292915985796213,42.957953900210249],[-81.292945523400647,42.958001207920326],[-81.293057642926769,42.958180779888146],[-81.293088790513352,42.958230666114318],[-81.293163964498561,42.958355820790054],[-81.293211962679123,42.958443605219479],[-81.293252647886405,42.958518014103667],[-81.293365969568313,42.958795917096289],[-81.293394392044021,42.958887830942622],[-81.293495739275372,42.959215590864254],[-81.2935011769531,42.959273139628863],[-81.293516917374291,42.959439831381268],[-81.293524074041841,42.959614226528522],[-81.293533761526504,42.959850301338115],[-81.293537403053989,42.959939047628879],[-81.293535596856302,42.96002927932912],[-81.293529163651087,42.960318415059916],[-81.293513115302773,42.960551549015314],[-81.293456949332992,42.960757354339748],[-81.293316149356642,42.961224317718383],[-81.293057284365233,42.961879616025008],[-81.292950004166599,42.962213911218882],[-81.292926348406638,42.962374085004662],[-81.292909269135066,42.962489737636204],[-81.292888534375209,42.962630130439706],[-81.292892435728731,42.96268618287322],[-81.292908463272795,42.962913033628958],[-81.292998090595347,42.963440317350653],[-81.293036448178853,42.963616040041892],[-81.293560466551398,42.965750748837237],[-81.29372179713296,42.966360796830593],[-81.293746295483061,42.966756401650024],[-81.293746464370059,42.966792410954874]]]},"properties":{"OBJECTID":14,"Ward":"10","Shape.STArea()":14103746.663289459,"Shape.STLength()":19138.494496698378}},{"type":"Feature","id":18,"geometry":{"type":"Polygon","coordinates":[[[-81.308418866002185,42.95861529134568],[-81.308418862548109,42.95861459975962],[-81.30840922772876,42.958615960281854],[-81.308156269381684,42.958633482970455],[-81.307975826758195,42.958674644845814],[-81.307947515234034,42.958681102062137],[-81.307788449892911,42.958717386574584],[-81.307062556190758,42.958882965036125],[-81.306774202139565,42.958948737343178],[-81.306551173593846,42.958999608779763],[-81.306313542509457,42.959119217327377],[-81.306021567444986,42.959266178828734],[-81.305331863517409,42.959613322981738],[-81.30506245962043,42.95973924162702],[-81.303258754323068,42.960582258575805],[-81.303187735786011,42.960615450560233],[-81.302384906346518,42.960990659137266],[-81.301669506608178,42.961324998671067],[-81.301315255906204,42.961454852966341],[-81.300675365495508,42.961689404994146],[-81.299635825534608,42.962031304194497],[-81.298778573675136,42.962333717007844],[-81.298731874505449,42.962350190429191],[-81.2985244700197,42.962470575557994],[-81.298144943254442,42.962690861545582],[-81.297949210876197,42.962898487657093],[-81.297380585082038,42.96350165747247],[-81.297283451469639,42.963619583559513],[-81.297031341916934,42.964020313020669],[-81.296755697404123,42.964458445429706],[-81.29672746370062,42.964503320992542],[-81.296686151923851,42.964663063982869],[-81.29667969306891,42.964682067158989],[-81.296670687920127,42.96472285496268],[-81.296505125407933,42.965363041411869],[-81.296199009162052,42.966144944978389],[-81.295620808730433,42.967621779919007],[-81.295466203162036,42.968016659817501],[-81.295367852229376,42.968267854306987],[-81.295347761976515,42.96829459376027],[-81.295264556849062,42.968405335626429],[-81.294738052032841,42.969106076185597],[-81.293701723988917,42.970126262185765],[-81.29337428173109,42.97040175477094],[-81.292894023733936,42.970805812952541],[-81.292464880432405,42.97101041536812],[-81.292022991736687,42.971116754097103],[-81.292013716804277,42.971118985816659],[-81.291990022370399,42.971124688875619],[-81.291349878449054,42.971223564627515],[-81.290989427420399,42.97132059506837],[-81.290725322316334,42.971441408993861],[-81.290682891055084,42.971476546707152],[-81.290521584385175,42.97161012407549],[-81.290378218556697,42.971826740618866],[-81.290271216797308,42.972103339774584],[-81.290236399245813,42.972379763013819],[-81.290250529689047,42.972836297934982],[-81.290254181886809,42.972977157671153],[-81.29026516901223,42.973400990294238],[-81.290280039700392,42.974013769376207],[-81.290268562672196,42.974163786038702],[-81.290248381507496,42.974427626126065],[-81.290237837526931,42.974476185078601],[-81.290079295516364,42.974819415641527],[-81.289803970291985,42.97510857236918],[-81.289420205332135,42.975361989373717],[-81.289060155981275,42.975543250183236],[-81.288745298039771,42.975651908231711],[-81.288648315211219,42.975685374536354],[-81.288603732071635,42.975700759642521],[-81.288248899277093,42.975792524441438],[-81.288087013090859,42.975834389779536],[-81.287353485037443,42.975920435097905],[-81.286270853509393,42.975971127144255],[-81.285162330349578,42.976037052491094],[-81.284777467872587,42.976073951891991],[-81.284443294685261,42.976129054872736],[-81.284260475381913,42.976159200722662],[-81.283803637971687,42.976244316093627],[-81.283790644509381,42.976246758079768],[-81.282962109038294,42.976402386224507],[-81.280894736645635,42.97674160607427],[-81.280882131257485,42.976743673965757],[-81.280297188133673,42.976824246669871],[-81.277838232423264,42.977162917912004],[-81.276987223141546,42.977301469225104],[-81.276864416162496,42.977321465938665],[-81.276733291392617,42.977354556264132],[-81.276239507430901,42.977479160572763],[-81.275954100385221,42.97760541099538],[-81.275743312935646,42.97767680908472],[-81.275385432918341,42.977882965782079],[-81.275131532040945,42.978083289196142],[-81.275266257139947,42.978107567268125],[-81.277553097607623,42.978518449722245],[-81.279872095500863,42.978937483526188],[-81.280372434182141,42.979027739347579],[-81.280907653523741,42.97912583638908],[-81.281306092807796,42.979198861924104],[-81.281425008580982,42.979220656463461],[-81.281521731581108,42.979238382921913],[-81.281542029206577,42.979242103440569],[-81.281726198023776,42.979272618893475],[-81.281894779361778,42.979300578965415],[-81.285671905860767,42.97998301722378],[-81.287575713190378,42.980326115737107],[-81.291189926614351,42.980978119409357],[-81.291574313353124,42.981745397720239],[-81.29225640998294,42.983097769383114],[-81.29263430247623,42.983843212224869],[-81.292638494770685,42.98385147900315],[-81.293797393595483,42.986087549152451],[-81.294031507679307,42.986534768275952],[-81.294145040762501,42.986789767689004],[-81.294520868796866,42.987509957897636],[-81.294533344713003,42.987533846051001],[-81.295068574339126,42.988558698919022],[-81.295672055409455,42.989714194396804],[-81.296094791581055,42.990527351681273],[-81.29634463810217,42.991007936628002],[-81.29714747473551,42.992551740314866],[-81.297154968125739,42.992566121809404],[-81.297159212860791,42.992573565207167],[-81.297171293467713,42.992573284401665],[-81.297265495661819,42.992571238765798],[-81.297327560809038,42.992569816844217],[-81.29738753751721,42.992567769958526],[-81.297627517336323,42.992561242451252],[-81.298725559879117,42.992531366663719],[-81.299727608599866,42.992504094693274],[-81.299729866687755,42.992504032948531],[-81.299975327459023,42.992497351089447],[-81.300804470510599,42.992473103573687],[-81.301037795645144,42.992466276629763],[-81.301040150604408,42.992466207400298],[-81.301835869536674,42.992442931821849],[-81.302280149326194,42.99243036792069],[-81.303254983568976,42.992402800147794],[-81.303689609775049,42.992390490484631],[-81.304825438646816,42.992358321709069],[-81.305142389645269,42.992349336566235],[-81.305934242822815,42.992326357980431],[-81.306516234884725,42.992309465235529],[-81.306569343737749,42.992307882184967],[-81.306682554059776,42.992304787325011],[-81.306902056676208,42.992298732885118],[-81.307253878942532,42.992289027037351],[-81.307796993082576,42.992274060171752],[-81.30797628608849,42.992268951969479],[-81.308035498472236,42.992267264466243],[-81.308333787746164,42.992258765559264],[-81.308443329876766,42.992255642818805],[-81.308449511616544,42.99225546406845],[-81.308576482793356,42.992251834970851],[-81.309466188344743,42.992226424890688],[-81.309686464100693,42.992220543122649],[-81.310157495191405,42.992207966313615],[-81.310162609877096,42.992207826382568],[-81.310165762121869,42.992207745799789],[-81.31016891432138,42.992207656211939],[-81.310172091100057,42.992207575562468],[-81.310175341435169,42.992207485708512],[-81.310178689905911,42.99220739558853],[-81.310182075177465,42.992207305368701],[-81.310185546317712,42.992207214916071],[-81.310200939487373,42.992206803990463],[-81.31040817478133,42.992200848113171],[-81.310500434734323,42.992198202515759],[-81.310507180650845,42.992198004113597],[-81.310741571370514,42.992191271564252],[-81.310769876107685,42.992190459901323],[-81.310797084324008,42.992189680025177],[-81.311073581867163,42.992181733831636],[-81.311181332869097,42.992178640353998],[-81.31134355418385,42.992173975816634],[-81.311345541156285,42.992173916381219],[-81.31134941696557,42.992173797777248],[-81.31135325601943,42.992173688278235],[-81.31135710729481,42.992173569740743],[-81.311360946303211,42.992173451236489],[-81.311364822112424,42.992173332631985],[-81.311368661166242,42.992173223132454],[-81.311372524708474,42.99217310456109],[-81.311376363716818,42.992172986056318],[-81.311717374210446,42.992162683554426],[-81.313432427047346,42.992114451301319],[-81.313444336681584,42.992114112514386],[-81.313689152563285,42.992107138262206],[-81.313855261958281,42.992102432493986],[-81.314005843413895,42.992098165309059],[-81.314265684402031,42.992090806409465],[-81.314653329947063,42.992079817796373],[-81.31529518157663,42.992063103060389],[-81.31548026726982,42.992058270618458],[-81.316897464813266,42.992018677480694],[-81.316989675487093,42.9920160988299],[-81.317186386675758,42.992010601075592],[-81.31723328925716,42.992009291423287],[-81.317444068731817,42.992003403035099],[-81.317722678755842,42.991996281399715],[-81.317760296938744,42.991995321486677],[-81.317852533231388,42.991992967197021],[-81.318025292250553,42.991988552089211],[-81.318091574779615,42.991986855047799],[-81.318112045821081,42.991986329890302],[-81.318116043855227,42.991986129671659],[-81.318125290822096,42.991985662721575],[-81.318166497386756,42.991983567064651],[-81.318180110393541,42.991982898866596],[-81.318191578411444,42.991982569818447],[-81.318263710427544,42.99198050521715],[-81.318435252398885,42.991975597594489],[-81.318458899815894,42.99197491945646],[-81.318479480926484,42.991974330891331],[-81.318558579682474,42.991972084627527],[-81.318655585728237,42.991969329196543],[-81.31868075404914,42.991968610758072],[-81.318744619306557,42.991966793997335],[-81.318781844400974,42.991965735787204],[-81.319836042950129,42.991935599482716],[-81.320662846145424,42.991912574422066],[-81.321049577523397,42.991901264136565],[-81.321150224455906,42.991898320779541],[-81.32143592117464,42.991889964439352],[-81.322393225186985,42.991863228434148],[-81.324213873073504,42.991811259304775],[-81.325681645734036,42.991768820669186],[-81.326401724156241,42.991746327931097],[-81.3264664835514,42.991744342220315],[-81.326496042350399,42.991743447448826],[-81.326536763020798,42.991742340725004],[-81.327495166858967,42.991715666972567],[-81.327609135222389,42.991712504220182],[-81.328357655971104,42.991691655748319],[-81.32836999467537,42.991691296167311],[-81.328408642083659,42.991690176715281],[-81.328452649327289,42.991688897788215],[-81.328453973952946,42.991688857966672],[-81.328454918354893,42.991688828241301],[-81.328455666535518,42.99168880808412],[-81.328457064762162,42.99168876805134],[-81.328460621614923,42.991688658788334],[-81.328490327748924,42.991687799099395],[-81.328529490263449,42.991686660118063],[-81.328577569512902,42.991685261393968],[-81.3285782808546,42.99168523413767],[-81.328580145067008,42.991685163949384],[-81.328580513071827,42.991685162892942],[-81.328659991078069,42.991682863534294],[-81.328687636667183,42.991682063741372],[-81.328699349807209,42.99168171492633],[-81.328712694291056,42.991681334409783],[-81.328715490695615,42.99168124533297],[-81.328716913455537,42.991681205226563],[-81.328718225814043,42.9916811654372],[-81.328720924179962,42.991681094651987],[-81.328723745118126,42.991681005504525],[-81.328764551186268,42.991679825702136],[-81.32881650616541,42.991678307684111],[-81.329951138712886,42.9916452896734],[-81.331047149717534,42.991613848961286],[-81.331213096449005,42.991609046432409],[-81.331337096474371,42.99160544570956],[-81.332082325894234,42.99158437529055],[-81.332085392158689,42.991584285348473],[-81.332088483005251,42.991584204340057],[-81.332091671937704,42.991584114041885],[-81.332092996558515,42.991584074178249],[-81.332094934470987,42.991584023530088],[-81.332098233804658,42.991583932911425],[-81.332101582205553,42.991583842150277],[-81.332104881539195,42.991583751531408],[-81.332108217624764,42.991583651800717],[-81.332120237540124,42.991583328760761],[-81.33216241745005,42.991582161770772],[-81.332176178911283,42.991581770635293],[-81.332251584978124,42.991579651696775],[-81.332319533357818,42.991577653417473],[-81.332336900819897,42.991577170747121],[-81.332410503897819,42.991575101964436],[-81.332446600190877,42.991574087613927],[-81.332455455656103,42.991573845770631],[-81.332459098361994,42.991573736134001],[-81.332462790183584,42.991573635359707],[-81.332463023204269,42.991573625677773],[-81.332466199868776,42.991573535404797],[-81.332469082130075,42.991573445986894],[-81.332471988973481,42.991573365502596],[-81.332474944835553,42.99157327587077],[-81.332477986565209,42.991573185989424],[-81.332479715941375,42.991573135940484],[-81.332733049247523,42.991565456852577],[-81.332883847228047,42.991560885044862],[-81.332894762733815,42.991560493094767],[-81.333622443170412,42.991538293024441],[-81.334346205004294,42.991517450538765],[-81.335041756634837,42.991497406463729],[-81.336515156711954,42.991454902484101],[-81.337993086432292,42.991411105449039],[-81.33817702512934,42.991405834463578],[-81.339379770116309,42.99137134205786],[-81.340635699375355,42.991333932193541],[-81.341675887599095,42.991303006078688],[-81.341936897096716,42.991295211664614],[-81.342235167258423,42.991286296680769],[-81.342395728712091,42.991282016336569],[-81.34243732953766,42.991280906726075],[-81.343087347482623,42.991263574062202],[-81.343311794473152,42.991256777606182],[-81.344008439385746,42.991235865304844],[-81.344932849979372,42.991209489898303],[-81.345991793169162,42.991176937174281],[-81.347041111423266,42.991134498232796],[-81.347464924605674,42.991111240013574],[-81.347883073452792,42.991084215301569],[-81.348287224690978,42.991054890331505],[-81.34848708910863,42.991039693738003],[-81.348513917499503,42.991037648941493],[-81.348537484276477,42.991035848203076],[-81.348561431217107,42.991034028291907],[-81.348691858057634,42.991024121650511],[-81.349102844193965,42.990988829615965],[-81.349493617893017,42.990952048948493],[-81.349593257554091,42.990942667526888],[-81.349760839481746,42.990925682538872],[-81.34986752438185,42.990914869151865],[-81.350155737709201,42.990885656879719],[-81.350716957375383,42.990822884069978],[-81.350943730138781,42.990794093091218],[-81.351159725495819,42.990768396460744],[-81.351376945279497,42.990742335460006],[-81.351594630903492,42.990711950170549],[-81.351811097868179,42.990683009027975],[-81.351830587459673,42.990680226881452],[-81.351830237458259,42.99067951205226],[-81.35178711482358,42.990591346940185],[-81.351672690988522,42.990357400395105],[-81.34902686330517,42.984947285429719],[-81.348532214533435,42.983935727415201],[-81.347947967512937,42.982740893778434],[-81.347891842944236,42.982653867919346],[-81.347331513602867,42.981784695476115],[-81.347148602667971,42.981501320173635],[-81.347138104315235,42.981485054566107],[-81.347034979180705,42.981442110331685],[-81.34627565586392,42.981125899255694],[-81.345150724454825,42.980530225630673],[-81.34433237845947,42.980096880779747],[-81.343599540961193,42.979733851857823],[-81.34359606661674,42.979732130604127],[-81.343583423716552,42.979716840052632],[-81.343185772758048,42.979235940672474],[-81.34291009724825,42.978513249201285],[-81.34313253987925,42.977789064815106],[-81.343656105442491,42.976903910279944],[-81.344888765176108,42.976020188477307],[-81.344936180089107,42.97597107846989],[-81.346134282028913,42.974730096186256],[-81.347045178546082,42.973757345134395],[-81.347588942620661,42.973027471670271],[-81.347811031537162,42.97225804767033],[-81.347671136729858,42.9715349469286],[-81.347165978987988,42.970270305392624],[-81.346601930547436,42.969481538307321],[-81.34621672468775,42.96894376601373],[-81.346088335066867,42.968763306060431],[-81.34607785431885,42.968748646780227],[-81.345908985587499,42.968507488349836],[-81.345897634184382,42.968491277398066],[-81.345667078282517,42.9681620222945],[-81.345166516058242,42.96771132755719],[-81.344998012413342,42.967535225109572],[-81.344988122813874,42.96752489000977],[-81.344352533473696,42.966860623979144],[-81.344346768570418,42.966854598877731],[-81.343617850713201,42.966042815344821],[-81.342890198011716,42.965457127793435],[-81.341935937199452,42.964826892510878],[-81.340665143686081,42.964265425565713],[-81.339848840308619,42.964019144580725],[-81.339079043959288,42.963998828208176],[-81.337857110532497,42.964092899771181],[-81.337841359440716,42.964093808952875],[-81.33620506955539,42.964188222387136],[-81.335027690051177,42.964146465075771],[-81.333827198422028,42.964014319056041],[-81.33305619887058,42.96376785747259],[-81.332216446274245,42.963363319524824],[-81.331826549212039,42.96311332954091],[-81.331460755673135,42.962878791482915],[-81.330470952732611,42.962244138050323],[-81.330308935915696,42.962152412851637],[-81.329676278241138,42.961794230971734],[-81.328769281024947,42.961502908177927],[-81.328442911664311,42.961412418591628],[-81.327286827281711,42.961091872573704],[-81.326105791929862,42.960764392546963],[-81.32472879834215,42.960382556522553],[-81.32344233675137,42.960025805714544],[-81.323091365470319,42.959931942093604],[-81.323026673307282,42.959914641183175],[-81.321043314219011,42.959384185218411],[-81.320183855999502,42.959168501342127],[-81.319207493341494,42.958958682432588],[-81.317327277463448,42.95866998218645],[-81.31670370061461,42.958635504865455],[-81.315380120325287,42.958562312888212],[-81.311620092798435,42.958577390606699],[-81.310442143358259,42.958582086165876],[-81.30917457314743,42.958562939138822],[-81.308418866002185,42.95861529134568]]]},"properties":{"OBJECTID":18,"Ward":"8","Shape.STArea()":15191109.345173011,"Shape.STLength()":17322.410583353419}}]}