{"type":"FeatureCollection","features":[{"type":"Feature","id":59,"geometry":{"type":"MultiPolygon","coordinates":[[[[-60.381676472881516,53.271008824887545],[-60.381136044356332,53.271267067924455],[-60.3811404754276,53.2716715161691],[-60.381566729316255,53.271824695621177],[-60.382743298737338,53.27194985799202],[-60.385055315571201,53.271937351460416],[-60.38582790777965,53.271801682545032],[-60.385968318048199,53.271705935392056],[-60.385968631745286,53.271463294984535],[-60.385739354824125,53.271286809851894],[-60.38503038441381,53.271109432353711],[-60.383135348427778,53.270942516469212],[-60.382401214791649,53.270925752692399],[-60.381676472881516,53.271008824887545]]],[[[-60.371083121544764,53.273761414575105],[-60.370745209864602,53.273897509469911],[-60.37069758555073,53.273941093992043],[-60.370692456941434,53.274021927238181],[-60.371386898083642,53.274181277911012],[-60.37219113277407,53.274270668459117],[-60.373468773016675,53.274487644164324],[-60.374594615190539,53.274719351286464],[-60.376562243043807,53.274924830573042],[-60.37722201221181,53.27492116018594],[-60.377499511242846,53.2748015514372],[-60.377576633110976,53.274776215547512],[-60.377615233954906,53.274390146128269],[-60.377226712348978,53.274112392075239],[-60.37678813754696,53.273914146654725],[-60.375591564100539,53.27363596037268],[-60.374495581041757,53.2736382018049],[-60.374118074505773,53.273684065114722],[-60.371780896020418,53.273623331227206],[-60.371083121544764,53.273761414575105]]],[[[-60.235687514384338,53.302115199597651],[-60.235260055754061,53.302213117552846],[-60.234546149789232,53.302358322222886],[-60.23334722905259,53.302771575703822],[-60.23274584003105,53.303017719302247],[-60.231787739368976,53.303454184164636],[-60.230576366488009,53.304082962561672],[-60.22970128377515,53.304602077134639],[-60.228318356265504,53.305801470976711],[-60.228071573795241,53.306128658747696],[-60.227956097316856,53.306278407038739],[-60.228092535056476,53.307190236162192],[-60.228264501819254,53.307310696090745],[-60.229104150446581,53.307330429586749],[-60.230709577582161,53.307583880184417],[-60.231854698218818,53.307978901855073],[-60.232746107833272,53.308125875683238],[-60.233453154384918,53.308114512253724],[-60.234471614956419,53.307923116934127],[-60.235905062948362,53.307803514170345],[-60.237494096396318,53.307597470316509],[-60.239015555499691,53.307290933273357],[-60.241798921022585,53.306267062226162],[-60.243186157706312,53.305930302420883],[-60.243774845401326,53.305656111336766],[-60.243963473979441,53.305517004490476],[-60.244456401334901,53.304619910851066],[-60.244600322339309,53.303805415093272],[-60.244144486531233,53.303183219038715],[-60.243726612472564,53.302903818955613],[-60.243169939292038,53.302702038826695],[-60.240572296188624,53.302012304345254],[-60.239468248607423,53.301906280133778],[-60.237983252251745,53.301898664366526],[-60.235687514384338,53.302115199597651]]],[[[-60.214364214544034,53.314665750268531],[-60.215036180560453,53.314726911361447],[-60.21668189145322,53.3145945454363],[-60.217144478093559,53.314631874672948],[-60.217965109213516,53.314489717233656],[-60.2184240786844,53.314347265643633],[-60.219057482119425,53.314092549856788],[-60.220864740271317,53.313073056965926],[-60.221138481349996,53.312800992901614],[-60.221227407800086,53.312587158912329],[-60.221348359259608,53.312104961612995],[-60.221215679984134,53.311372903602845],[-60.221003103837305,53.310954530210843],[-60.220705257415965,53.310678134861512],[-60.219965583253291,53.310273877694584],[-60.219641399294353,53.310176035460252],[-60.218696725136226,53.310154208353559],[-60.217732859855673,53.310222036970778],[-60.216954713077953,53.310401495308852],[-60.216485736124767,53.310678639155711],[-60.215983884265114,53.311251097484643],[-60.215498825282701,53.312013355277244],[-60.214733740986325,53.31360478429913],[-60.214382785204798,53.314397241001259],[-60.214364214544034,53.314665750268531]]],[[[-60.200417456882334,53.316920416937506],[-60.201856618176926,53.316972035253642],[-60.203298495073852,53.316736084474584],[-60.204846838135872,53.316700779762151],[-60.206509180886691,53.316766448060079],[-60.208417987636061,53.316522916249141],[-60.209422592938338,53.316303724361106],[-60.210865718153855,53.315825048350682],[-60.21167067500194,53.315457193215181],[-60.213108585577054,53.315050329789585],[-60.213457911565648,53.314762023317854],[-60.213608961702292,53.314280156682322],[-60.213373728753176,53.313968469976295],[-60.213016688257539,53.313465845676134],[-60.212930676646231,53.312932893034919],[-60.213117881777315,53.312596106764786],[-60.213077051656427,53.31230718506302],[-60.21267614909447,53.31131789534912],[-60.212052067525022,53.311213201039735],[-60.211403614022707,53.311270004457633],[-60.210825516869065,53.311382384634314],[-60.208703028552407,53.312151172619004],[-60.208295039248348,53.312195286664981],[-60.208788166019048,53.311766557604777],[-60.208844319539899,53.311596413105455],[-60.208799858939798,53.311577957963792],[-60.208379458499685,53.311585989538507],[-60.207508583450199,53.312051065123249],[-60.205765799939812,53.312765498428739],[-60.204657266028555,53.313396031515701],[-60.203518288977882,53.313593952369928],[-60.201099888767907,53.314067316035768],[-60.200887083355958,53.314107235847807],[-60.199623028890308,53.314617399729705],[-60.198522259693924,53.315382764190353],[-60.198358778066179,53.315576895247574],[-60.198224206622946,53.315807288854401],[-60.198171417759241,53.315914555512549],[-60.198202089709717,53.316139562988361],[-60.198385842472902,53.316315015619047],[-60.199504025442614,53.316656133223567],[-60.200417456882334,53.316920416937506]]],[[[-60.199681756488218,53.317622366976437],[-60.197712079610206,53.317890258617446],[-60.196624603425143,53.318215390408575],[-60.196328451338196,53.318379310123944],[-60.195846298072645,53.318638256216779],[-60.193966304671925,53.319358209674512],[-60.193096577042425,53.320020906906791],[-60.192696400574278,53.32064111092761],[-60.192692388626114,53.320919663338358],[-60.193076865955561,53.322385147424889],[-60.193134370185483,53.323106528185988],[-60.192889405270371,53.324098695120981],[-60.192986071371323,53.324226471042898],[-60.193349814447238,53.324406598422705],[-60.193841949240557,53.32446231362276],[-60.194400067502691,53.324421691174877],[-60.195875091136344,53.324142155650406],[-60.196243141398199,53.324033842315764],[-60.198027033541777,53.323616558924044],[-60.198766220883748,53.323346928242103],[-60.199628448895979,53.322782068281931],[-60.202362172501985,53.319798526256342],[-60.203569334947645,53.318792536093198],[-60.204212020612331,53.318385223053788],[-60.204268202302003,53.318215080799945],[-60.203634489519096,53.31802935733225],[-60.202410430850527,53.317910901451761],[-60.200887525821301,53.317551925979451],[-60.199681756488218,53.317622366976437]]],[[[-60.388962127869632,53.374087297744119],[-60.390646626251375,53.374321338783709],[-60.391564688386886,53.374557231190458],[-60.393110611826742,53.375094597622116],[-60.394928618359224,53.37586272661941],[-60.396497101745602,53.376751637809036],[-60.397785705367056,53.377831155294537],[-60.398352819944506,53.378392663452281],[-60.398812414196797,53.378986428927178],[-60.399382526668781,53.380248916116997],[-60.399926515148238,53.382176170684431],[-60.399946504253116,53.384316070177846],[-60.400554491183428,53.385687639161468],[-60.40062115752086,53.386075575776267],[-60.400662156277512,53.38664300858531],[-60.400772643925436,53.386788711804499],[-60.402557418512821,53.388113585128437],[-60.402918802237956,53.389083865272184],[-60.403711196121577,53.390656613182429],[-60.40376796084486,53.391197230625728],[-60.403403331562686,53.391755545620057],[-60.403289028220691,53.392400632960531],[-60.403144902295857,53.393270111132956],[-60.403120295380596,53.394168547128189],[-60.403166645173236,53.39441250829519],[-60.403190254098305,53.39524848001809],[-60.403247470777231,53.39553747667405],[-60.403419347552955,53.395928175281952],[-60.403800689414837,53.396593090807563],[-60.404142734115503,53.396915256117381],[-60.404608365680737,53.397167558309782],[-60.405084145962682,53.397259093375183],[-60.409836080317298,53.426097994938068],[-60.602435225685944,53.423904850050405],[-60.600732243310489,53.265485753200579],[-60.597962166689271,53.265916941228589],[-60.597353260234001,53.266075888887222],[-60.595990130834871,53.266318085856689],[-60.594321576300359,53.266400683585864],[-60.592207381839529,53.266646117627928],[-60.591308029676547,53.26664555675417],[-60.587310101148176,53.266798349518922],[-60.586126624390261,53.266765920128876],[-60.583181414199878,53.266615700726256],[-60.581767672088681,53.266417000079372],[-60.580803859894679,53.266486858227196],[-60.580091896382811,53.266625155666432],[-60.579710315254744,53.266734544294657],[-60.576737434880414,53.267591356304585],[-60.575928906374017,53.267826832407806],[-60.573202286928385,53.268310722438741],[-60.570588974442536,53.269165681799961],[-60.569570027325085,53.269423741317382],[-60.566866756882334,53.269997532841344],[-60.565999891420283,53.270222603500827],[-60.565618634436689,53.270313974761635],[-60.562966467276198,53.270808099096371],[-60.561173613610528,53.270942276598163],[-60.560646477650963,53.270985753633028],[-60.560121649752439,53.270992403598271],[-60.558695860592017,53.270999130774278],[-60.558211576302625,53.271070793021643],[-60.557274717004894,53.271203583133456],[-60.556568151067786,53.271225854084719],[-60.555671390967703,53.271171124605111],[-60.555341944417798,53.271155036443517],[-60.555042454256949,53.271140080615872],[-60.552823558447074,53.270878938382253],[-60.552222289445496,53.270884944545159],[-60.551934900091773,53.27093298400775],[-60.551390294165799,53.271020317663016],[-60.548494861349596,53.27078066938445],[-60.54818268732798,53.270729649277548],[-60.547478236779561,53.270724024051695],[-60.545627718055137,53.270551062666939],[-60.541861553024241,53.270572082560399],[-60.540567522324828,53.270653343227494],[-60.538782130177566,53.270652444437665],[-60.536699365626248,53.270609573511521],[-60.535405526696408,53.270681793301002],[-60.534061516864796,53.270851545137425],[-60.532920631209187,53.270854879815651],[-60.532438008865398,53.270917464888264],[-60.531498744133508,53.271086878905678],[-60.529545898696178,53.271396318324037],[-60.528190170082318,53.271485928449572],[-60.526614338020174,53.271497338206196],[-60.525355456207777,53.271480766086256],[-60.525113406147078,53.271511139131796],[-60.519015737451639,53.271151089372388],[-60.51672591606377,53.270788935788602],[-60.515531447055778,53.270449269999325],[-60.513625588558931,53.270211546180114],[-60.51155744630033,53.270186333863592],[-60.511080518955225,53.270131153541783],[-60.507109884779993,53.27004872962344],[-60.505501013967681,53.269870866512356],[-60.501672161392776,53.269430873755802],[-60.50022367398347,53.269319883440176],[-60.499998711223682,53.269324287805127],[-60.497444263297588,53.269647927549144],[-60.496530082602995,53.269637542092951],[-60.494966425243526,53.269451825538688],[-60.494017800078268,53.269504038081884],[-60.491514775190979,53.269487386288134],[-60.490895363747782,53.269563925729102],[-60.488700199600594,53.269904797775823],[-60.487636181751199,53.26989127541534],[-60.486894740879031,53.269992817880272],[-60.485937325993476,53.269972098921066],[-60.484808639864937,53.269777368421558],[-60.483622184100263,53.269806801691864],[-60.482536552704495,53.269630390063824],[-60.480683358876682,53.269519303914514],[-60.479581462974096,53.269649171864422],[-60.478684821086887,53.269846392577271],[-60.477890922828585,53.270072346841125],[-60.476204013627438,53.270467669629127],[-60.47520737996183,53.270832956159701],[-60.474543360847903,53.271142682891707],[-60.473808702436436,53.271396976456025],[-60.472542301075798,53.271757223175889],[-60.471569783201943,53.272239514445218],[-60.470326443933295,53.272698790244078],[-60.468542059652528,53.273461619618793],[-60.465618853408152,53.274694441724769],[-60.465303851148626,53.275011635819354],[-60.465261447143234,53.275029242040738],[-60.465241766292813,53.275037158114614],[-60.465222063644276,53.275045973840029],[-60.465147897870942,53.27507498740129],[-60.465129716425913,53.275082919232233],[-60.46506168044484,53.275106591600526],[-60.46504349590586,53.275114520742086],[-60.465023815016288,53.275122438580659],[-60.464984408060957,53.275140070869121],[-60.464963246552372,53.275147075990411],[-60.464901225288479,53.275169903658544],[-60.464854411546092,53.275183874571816],[-60.464813614192181,53.275197000853275],[-60.464706276819435,53.275233812391505],[-60.464685076099585,53.275242615836532],[-60.464644233509233,53.275257540481775],[-60.464624530635746,53.275266356109157],[-60.464603373510883,53.275273361130537],[-60.46453983211272,53.275297072472164],[-60.464517152277146,53.275304964962949],[-60.464497471161643,53.275312880914782],[-60.464479286470628,53.275320811771323],[-60.464461079925456,53.275329640479399],[-60.464421719206292,53.275345475049953],[-60.464397518017591,53.275354249587807],[-60.464305408092343,53.275381309859384],[-60.464257139730321,53.275393471733608],[-60.464124211465602,53.275434554886246],[-60.464103094820544,53.275439761434626],[-60.464081936103213,53.27544676997703],[-60.464056300935034,53.275452836895028],[-60.464036640020353,53.275459854929245],[-60.46401248394352,53.275466835469302],[-60.463988351157205,53.275472915437526],[-60.463965692943361,53.275479908169451],[-60.463875145889936,53.275504284949058],[-60.463852487640828,53.275511277659596],[-60.46382987308538,53.275516473757257],[-60.463808737546699,53.275522579884111],[-60.463784601716235,53.275528660735802],[-60.463733418639883,53.275537203022459],[-60.46368080619667,53.275543036794701],[-60.463653670008568,53.275549090545468],[-60.46360691951444,53.275560366521304],[-60.463510293107021,53.275588286517682],[-60.463487676926384,53.275593480762474],[-60.463465040434471,53.275599575545634],[-60.463442425744155,53.27560476976975],[-60.463421288644632,53.275610877640823],[-60.463397152728838,53.275616959314704],[-60.463350425424217,53.275627335523765],[-60.463305238262535,53.27563593002882],[-60.463259919907316,53.275649914342061],[-60.463237241148796,53.275657806578728],[-60.463193444029081,53.275670906111529],[-60.46317526490995,53.275678834921564],[-60.463152561221555,53.275687624120359],[-60.463089126258382,53.275706844535179],[-60.463066511465151,53.27571203868834],[-60.463018281623668,53.275722404391928],[-60.462994192306731,53.275726688451833],[-60.462902166581252,53.275750150839912],[-60.462820616308484,53.275774605428339],[-60.462796478691857,53.275780686093164],[-60.462754202564241,53.275792898915334],[-60.462731590708216,53.275798093881306],[-60.462582081705342,53.275842626159864],[-60.462560966231479,53.275847835125042],[-60.462559423043636,53.275849617725811],[-60.462544214702696,53.275858472357726],[-60.462477803732874,53.275876766567613],[-60.462429556176488,53.27588802985192],[-60.462403964267736,53.27589229980827],[-60.462384324789483,53.275898420617885],[-60.46236168945903,53.275904514280377],[-60.462317869923872,53.275918511347399],[-60.462298166284825,53.275927327493157],[-60.462276985054203,53.27593522997028],[-60.462255780480781,53.275944033010383],[-60.462233124715318,53.275951024490489],[-60.462186350046437,53.275963199578797],[-60.462160759610256,53.275967471271514],[-60.462138144565074,53.275972665249533],[-60.46211257451327,53.275976039090118],[-60.462086962144376,53.275981207720832],[-60.462038777016822,53.275989775509736],[-60.461995004029397,53.276001974026009],[-60.461844061289291,53.276043796895635],[-60.461821447686866,53.276048991702012],[-60.461798854480428,53.276053288662297],[-60.461776215980059,53.276059382238458],[-60.461753599377516,53.276064577956454],[-60.461706783619292,53.276078547640957],[-60.461663052796474,53.276088952140739],[-60.461641957452201,53.276093261301824],[-60.461596727176456,53.276103652658648],[-60.461569616747632,53.276108808047283],[-60.461547001554997,53.276114001913747],[-60.461522930772972,53.27611738784811],[-60.46150031559025,53.276122582605971],[-60.461471748033553,53.276125929156258],[-60.461423539204326,53.276135394563639],[-60.461397947065365,53.276139665205243],[-60.461370878871811,53.276143023052803],[-60.461342355076532,53.276144572064034],[-60.461313810887589,53.276147019810416],[-60.461288218730466,53.27615129042853],[-60.461196192687417,53.276174753295045],[-60.461173578956149,53.276179948879282],[-60.461108663296123,53.276198254579199],[-60.461084550116375,53.276203437021216],[-60.461007776421532,53.276216246887579],[-60.460938431123729,53.276231819529379],[-60.460911383275061,53.276234280331522],[-60.460854334023111,53.27623737814006],[-60.460827265743923,53.27624073676489],[-60.460803172907852,53.276245020408268],[-60.460779059643954,53.276250201888523],[-60.460754968319641,53.276254486410352],[-60.460730853522421,53.276259666992786],[-60.460706781090288,53.276263052775093],[-60.460641869607727,53.276281358185805],[-60.460620708319972,53.276288362528767],[-60.460598071047485,53.276294456770444],[-60.460578431123892,53.276300577284211],[-60.460534699735327,53.276310978671418],[-60.460457924217849,53.276323789997676],[-60.460433810867109,53.276328971408432],[-60.460411214346983,53.276333267230868],[-60.46038710254755,53.276338451320775],[-60.460362943851237,53.276345430237299],[-60.460337329524229,53.276350597605685],[-60.46031617267775,53.2763576027588],[-60.460245283592215,53.276374957571392],[-60.46016998536544,53.276388679703039],[-60.460121777448983,53.276398144574252],[-60.460099140026365,53.276404237821474],[-60.460047912813494,53.276414576028763],[-60.460001161933143,53.276425851485911],[-60.459980020907864,53.276431957874159],[-60.459940699849057,53.276445993478937],[-60.459807850310256,53.276483475942186],[-60.459761099290596,53.276494751305734],[-60.45973552869382,53.276498122838092],[-60.459711413674299,53.27650330501578],[-60.45965432011387,53.276508199759832],[-60.459622844018625,53.276507925441869],[-60.459594319871812,53.276509472235823],[-60.459544635706202,53.276518025864497],[-60.459457106216867,53.276541526830385],[-60.459434490555516,53.276546721198223],[-60.459413349408955,53.27655282838672],[-60.459387737844942,53.276557995527867],[-60.459362145245663,53.27656226573432],[-60.459341028999425,53.276567473231843],[-60.459294298217394,53.276577850571627],[-60.459249021435191,53.276590036761284],[-60.459223450739948,53.276593408184254],[-60.459212916821848,53.276595114499649],[-60.459190301081961,53.276600307921164],[-60.45916911747846,53.276608211661916],[-60.4591479996839,53.276613419137512],[-60.45912531812828,53.276621309708432],[-60.45908154369527,53.27663350896097],[-60.459057450459824,53.276637792253155],[-60.459001854539906,53.276642698048676],[-60.458973333323229,53.276644246470802],[-60.458922149433718,53.276652786688956],[-60.458858709578791,53.276672003076762],[-60.458811956577556,53.276683277181732],[-60.458760816542913,53.276690021623807],[-60.458684039762574,53.276702830012162],[-60.458659924498335,53.276708011978087],[-60.458634334738896,53.276712282004794],[-60.458610217961294,53.276717463972794],[-60.458586126112188,53.276721746257827],[-60.458537918945716,53.276731209579161],[-60.45851527963692,53.276737303439461],[-60.458492663756097,53.276742497629485],[-60.458467052025895,53.276747667274385],[-60.458391772974657,53.276760487745712],[-60.458313563962015,53.276770590064508],[-60.458286539074329,53.276772151507501],[-60.458259470229109,53.276775508651326],[-60.458235376809611,53.276779790877825],[-60.458209760519765,53.276784960503875],[-60.458161510820119,53.276796222969402],[-60.458135897454746,53.276801389854874],[-60.458111804048301,53.276805673856956],[-60.458087666674295,53.276811753561105],[-60.458036461903141,53.276821190341728],[-60.457991228447526,53.276831579448938],[-60.457968632934275,53.276835875698595],[-60.457867741727952,53.27685386627337],[-60.457845125725861,53.276859061241304],[-60.457823987159159,53.276865166324868],[-60.457796853817577,53.276871219612957],[-60.457774278729445,53.27687461708436],[-60.457723051904104,53.276884955185231],[-60.457673365398627,53.276893507149197],[-60.457595135458348,53.276904505939569],[-60.457566565502049,53.276907848868994],[-60.457537975130712,53.276912093233769],[-60.457482359722334,53.276917897952728],[-60.457455289238119,53.276921255826892],[-60.457426741294839,53.276923702669919],[-60.457399672304298,53.276927060519462],[-60.457250946691332,53.276939240007813],[-60.457222420703175,53.276940788048421],[-60.457190875333573,53.276943208474584],[-60.457157877454804,53.276943817285904],[-60.457127852009293,53.276945352128905],[-60.457042212588007,53.27695269326685],[-60.456952208175395,53.276954601377021],[-60.456899610493764,53.276959532550229],[-60.45684547239771,53.276966248904607],[-60.456819882278538,53.276970517643015],[-60.456764284176344,53.276975423310411],[-60.456734217717823,53.276978755537428],[-60.456705691703284,53.276980304354829],[-60.456645602708036,53.276985169464332],[-60.456614077761557,53.276986690996694],[-60.456463850772003,53.276998857235618],[-60.456433828224512,53.277000390079571],[-60.456349686498932,53.277007743017052],[-60.456321161951948,53.277009291730586],[-60.456291115910822,53.277011724204449],[-60.45626408928981,53.277013285202067],[-60.45620708412082,53.277014582373759],[-60.456177057086798,53.277016116989763],[-60.456147058100299,53.277016754596964],[-60.456089944368223,53.277022543667684],[-60.45598916045931,53.277036039802816],[-60.455962111825343,53.277038500385785],[-60.455939540985,53.277041896574453],[-60.455915447198379,53.277046179233935],[-60.455891375434334,53.277049564035366],[-60.455865782164111,53.277053832593708],[-60.455841710371644,53.27705721648492],[-60.455814597150237,53.277062371482401],[-60.455760458748202,53.277069087345367],[-60.455683722910543,53.277080097213577],[-60.455658107588619,53.277085264480924],[-60.455611419359776,53.277093842876219],[-60.455561735203986,53.27710239483914],[-60.45553609930063,53.277108459021349],[-60.455484870122355,53.277118795275811],[-60.455435118338919,53.277130042558234],[-60.455391384874197,53.27714044386758],[-60.455362791122127,53.27714468773641],[-60.455304198189353,53.277149565393159],[-60.455277174446522,53.277151126143544],[-60.455220082454353,53.277156016945668],[-60.455193057222317,53.277157578589261],[-60.455138917077235,53.277164293282723],[-60.455114821617933,53.277168574892862],[-60.455089251783626,53.277171947220388],[-60.455065157836891,53.277176229708701],[-60.455038088475249,53.277179586123339],[-60.45501397245306,53.277184765554253],[-60.454989899055938,53.277188151086534],[-60.4549642865477,53.277193316380938],[-60.454938693137059,53.277197586541433],[-60.454916076612037,53.277202781856197],[-60.454890462624185,53.27720794894725],[-60.454818204159409,53.277219896612038],[-60.454789589747236,53.277225038184959],[-60.454735450953429,53.277231752683825],[-60.454708361019719,53.277236008665348],[-60.45465426328186,53.277240926545083],[-60.454603120363984,53.277247667420966],[-60.454576072974817,53.277250125877941],[-60.454550503028038,53.27725349719006],[-60.454523476186303,53.277255057794108],[-60.454346198692967,53.27726967892233],[-60.454317631274257,53.277273022851723],[-60.454293534187904,53.277277305208706],[-60.454245325448142,53.27728676770105],[-60.454224189174127,53.277292873025459],[-60.454200090565173,53.277297155375649],[-60.454130723420306,53.277313620991357],[-60.454109581128911,53.277319727243828],[-60.454056854886993,53.277330049649798],[-60.454035736085011,53.277335255323557],[-60.453984548859182,53.277343793441467],[-60.453957414661993,53.27734984585922],[-60.453930324574266,53.277354101664599],[-60.453904705868958,53.277359268580796],[-60.453880635267289,53.277362652965621],[-60.453701485628699,53.277392534201816],[-60.453674417541848,53.277395891196079],[-60.453648820854603,53.277400160204508],[-60.45359465959897,53.277407772940222],[-60.45357206783703,53.277412068323684],[-60.453544974666848,53.27741632406584],[-60.45349674054043,53.277426685034001],[-60.453474145754669,53.277430980422992],[-60.453430411478564,53.277441380115903],[-60.453406296652979,53.277446561011423],[-60.453379204925966,53.277450815803853],[-60.453358086020877,53.277456023158557],[-60.453334013778424,53.27745940564499],[-60.45328128565194,53.277469726821202],[-60.45323314117536,53.277476493558751],[-60.453204572046857,53.277479838134632],[-60.453176024978262,53.27748228395054],[-60.453151951204347,53.277485666412346],[-60.452955119001821,53.2775028115596],[-60.452928093422223,53.277504370890711],[-60.452901044288446,53.277506829881034],[-60.452874020206096,53.277508389187901],[-60.452785382937584,53.277515699894437],[-60.452761306089236,53.277519081401365],[-60.45271162235958,53.277527632168898],[-60.45260920573778,53.277546504732058],[-60.45256392598229,53.277558687494277],[-60.452541266279923,53.277565678054152],[-60.452494510593176,53.277576948792095],[-60.452443278604115,53.277587283756858],[-60.452420664529278,53.277592476775808],[-60.452395069098436,53.277596745504091],[-60.452348314860643,53.277608017073177],[-60.452327175170353,53.277614122987139],[-60.452303079190536,53.277618404931388],[-60.452280443018722,53.277624497577143],[-60.45225482693256,53.277629663216047],[-60.452208093244238,53.277640037789794],[-60.452181001292757,53.277644293211168],[-60.45215536309663,53.277650357581813],[-60.452126795266935,53.277653701888276],[-60.452050058923142,53.277664709413962],[-60.451998828221733,53.277675044176576],[-60.451971737728719,53.277679299538562],[-60.451944620634137,53.277684453683371],[-60.451887480324885,53.277691139524116],[-60.451836317311603,53.277698777046005],[-60.451779222715238,53.277703668017701],[-60.451750654799561,53.277707011334073],[-60.451722107512424,53.277709457703111],[-60.451669465604276,53.277716184969769],[-60.451643915718066,53.277718656019459],[-60.451618323136394,53.277722924557608],[-60.451592749623437,53.2777262934611],[-60.451488878226918,53.277743353402713],[-60.451460308799341,53.277746698462174],[-60.451409145621433,53.277754334901111],[-60.451355004109018,53.27776104788196],[-60.451330910951008,53.277765329606495],[-60.451306836907996,53.277768713497466],[-60.451282720134586,53.277773893977191],[-60.451257128944967,53.27777816062568],[-60.451207484333374,53.27778491419916],[-60.451181890165621,53.27778918265598],[-60.451156319621518,53.277792553242627],[-60.451102135265735,53.277801061802435],[-60.451025420536631,53.277811171718355],[-60.450995350024286,53.277814502526482],[-60.450909687112009,53.277822736212066],[-60.45088561594639,53.277826117293614],[-60.450804469039852,53.277833491948009],[-60.450777441665537,53.277835050804853],[-60.450718848801493,53.277839928903219],[-60.450685847134217,53.277840536851173],[-60.450654367044415,53.277840258393589],[-60.45059436167017,53.277841529074948],[-60.450538767677806,53.277846430899089],[-60.45048171550922,53.277849525557698],[-60.45044723795278,53.277849220515776],[-60.450357229820042,53.27785112456985],[-60.450322774407148,53.277849921639337],[-60.450288296870937,53.2778496174517],[-60.450258292689242,53.277850253616272],[-60.450228270865964,53.277851787590016],[-60.450195291307992,53.277851496649468],[-60.450165266417656,53.277853027930647],[-60.450135266737135,53.277853664028399],[-60.450037827582122,53.277852806167061],[-60.449976431843204,53.277849569521166],[-60.449947907928923,53.277851114000853],[-60.449923835227025,53.277854497601254],[-60.449898220215189,53.277859662723621],[-60.449874169638257,53.277862147561301],[-60.449845644249599,53.277863693828955],[-60.44978268412153,53.277863140062856],[-60.449749683941761,53.277863748640122],[-60.449629585924967,53.277869880460919],[-60.449602537844079,53.277872337792573],[-60.449548419552109,53.277878152090459],[-60.449524324621407,53.27788243256277],[-60.449498750863128,53.277885801918458],[-60.449476133283412,53.277890995305199],[-60.449453537820887,53.277895289034674],[-60.449429420747663,53.277900469140839],[-60.449408304116744,53.277905674874624],[-60.4493119258074,53.277922799310574],[-60.449286374153942,53.277925269868135],[-60.449236687740829,53.277933819204428],[-60.449182569319582,53.277939633336821],[-60.449154020201505,53.277942078204021],[-60.449125494731533,53.277943624299773],[-60.44906539897277,53.277948485634482],[-60.449036832156253,53.277951827390076],[-60.448952665057007,53.2779600729734],[-60.448897026404985,53.277966771538935],[-60.448872932879752,53.277971052768308],[-60.448764737155813,53.277980884097985],[-60.448750051749812,53.277981633001353],[-60.448758432052877,53.277932300391399],[-60.448795972083666,53.277929935347075],[-60.44879065969932,53.277902029908113],[-60.448727567996556,53.277906864488386],[-60.448732946853667,53.277932075472791],[-60.448747960846575,53.277931309551164],[-60.448734387089715,53.277983339591643],[-60.448655062512685,53.277989801506806],[-60.44862803499548,53.277991361677664],[-60.448600986777727,53.27799381878269],[-60.448573872093363,53.277998973039736],[-60.448548280512533,53.278003240008772],[-60.448497048524032,53.278013572371691],[-60.448470000264479,53.278016028546872],[-60.448444405678934,53.278020296417779],[-60.448364690954904,53.278030378957503],[-60.448339075665984,53.27803554464635],[-60.448315005733392,53.278038927899019],[-60.448289409596505,53.278043194848507],[-60.448265358799432,53.278045678462256],[-60.448215669014154,53.278054226498149],[-60.448147774160567,53.278071602499345],[-60.448123675934141,53.278075880913015],[-60.448099560117264,53.278081061639483],[-60.448003158704864,53.278099083773832],[-60.447977567025951,53.278103351521025],[-60.447950495002338,53.278106706343245],[-60.447804758443745,53.278118900682998],[-60.447728040820259,53.278129007594814],[-60.447676852879376,53.278137543902027],[-60.447627119987288,53.278147888286455],[-60.447553334684294,53.278160717032968],[-60.447526264131852,53.278164073547636],[-60.447435991884426,53.278176756805742],[-60.447410441488401,53.278179227850721],[-60.447335203970319,53.278190246536624],[-60.447309631312763,53.278193613611883],[-60.447181595105484,53.278217646091925],[-60.447155957388041,53.278223711180296],[-60.447107809565694,53.27823047546395],[-60.447023668251028,53.278237821801405],[-60.44699957137793,53.278242102677453],[-60.446979884165529,53.278250016666533],[-60.446958722649768,53.278257018573022],[-60.446931650466482,53.278260374064857],[-60.446876099924495,53.278263478480895],[-60.446846117529525,53.278263212335304],[-60.446770832312723,53.278276028195023],[-60.446718191889062,53.278282752357782],[-60.446694096461371,53.278287033160389],[-60.446667025759496,53.278290389480595],[-60.446642906578838,53.278295567236796],[-60.446623263719466,53.278301685462935],[-60.446596148557404,53.278306837471526],[-60.446517933849805,53.278316932076208],[-60.446487908490631,53.278318462433376],[-60.44637371781252,53.278328237427317],[-60.446345191996947,53.278329783759688],[-60.446292526205355,53.278337405611083],[-60.446265388790273,53.278343457197288],[-60.446215699752948,53.278352004390761],[-60.446190128469645,53.278355373915375],[-60.446116277232349,53.278370898020974],[-60.44608918265574,53.278375150273995],[-60.446035042520393,53.278381861722316],[-60.44600499341967,53.278384292522858],[-60.44597796552997,53.278385851194308],[-60.445862275050317,53.278395612384323],[-60.44583969970801,53.278399008491505],[-60.445811130828432,53.278402349488459],[-60.44575994212979,53.278410883175141],[-60.445734391473316,53.278413352961728],[-60.445678751731656,53.278420050930237],[-60.445650202083471,53.278422494960708],[-60.445623174135918,53.278424052651673],[-60.445505983987033,53.278433801077171],[-60.445478957548517,53.27843535962382],[-60.445417453156324,53.278436614370847],[-60.445388927151853,53.27843815687401],[-60.445303281092961,53.278445487813109],[-60.445279207659425,53.278448869578469],[-60.44520537815626,53.278463494369582],[-60.44513600110119,53.278479954809086],[-60.445093720271736,53.278492164075338],[-60.445052869112807,53.278507078433094],[-60.445033181455386,53.278514993903016],[-60.445010496224995,53.278522880002122],[-60.444965195533342,53.27853595950787],[-60.444941052285266,53.278542036585506],[-60.44491543777125,53.278547201529769],[-60.444862747729459,53.278555722416066],[-60.44480569567547,53.278558814352785],[-60.444775738325141,53.278557648911509],[-60.444748713281882,53.278559207281198],[-60.444724614493452,53.278563487711018],[-60.444680875419152,53.278573885119648],[-60.444656781121374,53.278578165500114],[-60.4446297337768,53.278580620794656],[-60.444602704227357,53.278582180067239],[-60.44457565689688,53.27858463624974],[-60.444550061593915,53.278588904187842],[-60.444507780408365,53.278601109646459],[-60.444488114833291,53.278608125374497],[-60.444444329657252,53.278620320213001],[-60.44439609639884,53.278630675677526],[-60.444370523279723,53.278634043924853],[-60.444344975430305,53.278636514291016],[-60.444319378551043,53.278640781291472],[-60.444293826168803,53.278643250782146],[-60.444269709521031,53.278648428936634],[-60.444216979223462,53.278658747007185],[-60.444192881806806,53.278663026417838],[-60.444125027319103,53.27867860174576],[-60.444103885912469,53.278684706208345],[-60.444058624775508,53.278695987902708],[-60.44403450806908,53.278701166009867],[-60.444010346842667,53.278708141616349],[-60.443966607444523,53.278718538764174],[-60.443856910645181,53.278728352300462],[-60.443712227837445,53.278758522810378],[-60.443689609063497,53.278763714203741],[-60.443666966517767,53.27876980435677],[-60.443645869529497,53.278774111234412],[-60.443576513648495,53.278789672918784],[-60.443552419116557,53.278793953077006],[-60.443505635935338,53.278806119968664],[-60.443482974096263,53.27881310971545],[-60.443439212171981,53.27882440452251],[-60.443390976934467,53.278834759594112],[-60.443366882358212,53.278839039714988],[-60.443342743215048,53.278845116434852],[-60.443293051536713,53.278853664227242],[-60.44323441027543,53.278860333472458],[-60.443178812576228,53.278865231885952],[-60.443150287780597,53.278866777444129],[-60.443094690062964,53.278871675818458],[-60.443047948255263,53.278882046851564],[-60.443023853597516,53.278886326003153],[-60.442974163288376,53.27889487275101],[-60.442948548301757,53.278900036374225],[-60.442924452161435,53.278904317318094],[-60.442898878759614,53.278907685250935],[-60.442873281570819,53.278911951942142],[-60.44284773344576,53.278914421088288],[-60.442763652345953,53.278919067307683],[-60.442735106696588,53.278921510606608],[-60.442708076818363,53.278923067650467],[-60.442650957230562,53.278928853914621],[-60.442521728734008,53.278940288225762],[-60.442514210376004,53.278941121071988],[-60.442460022805811,53.278949625717303],[-60.442434447857124,53.278952994462863],[-60.442408856601666,53.278957261007179],[-60.442381739005093,53.278962412072822],[-60.442359119979244,53.278967604115053],[-60.442335045993289,53.278970984387861],[-60.442309427918225,53.278976149698465],[-60.442286808876247,53.278981341727032],[-60.442259715065056,53.278985594901499],[-60.442234074637973,53.278991657147408],[-60.442187381564146,53.279000229404865],[-60.442163262993716,53.279005408947334],[-60.442142122585146,53.279011510351211],[-60.442006320240495,53.279046253663743],[-60.441980679780265,53.279052317655903],[-60.44195958095824,53.279056623347984],[-60.441867560228161,53.279079172608526],[-60.441841989640231,53.279082540291689],[-60.441819370484481,53.279087732232],[-60.44179375225643,53.279092896532084],[-60.441715467990193,53.279105682451949],[-60.441644592011762,53.279122127476349],[-60.441618994547071,53.279126392999046],[-60.441590359439417,53.279132430131838],[-60.441455717979196,53.279180661190331],[-60.44143457593951,53.279186765181912],[-60.441411958160764,53.279191956133239],[-60.441351527959782,53.279210291243459],[-60.441333362612745,53.279217319815601],[-60.441316650638548,53.279226158374087],[-60.441298483757251,53.279233186052608],[-60.441280273743018,53.279242011220049],[-60.441260564192312,53.279250823010187],[-60.441242349676564,53.279259649107672],[-60.441222640109913,53.279268460891593],[-60.441181789893569,53.279283375707237],[-60.441160649226155,53.279289477838262],[-60.441075988268189,53.279317484103849],[-60.441039609723354,53.27933333778897],[-60.440998802500005,53.279346454150485],[-60.440959472522316,53.279360485328866],[-60.440901950103559,53.279382439287374],[-60.440839933607961,53.2794043566442],[-60.440758272744254,53.279432387632973],[-60.440721893983614,53.279448241221814],[-60.440682541474189,53.279463170160888],[-60.440637233904702,53.27947624626573],[-60.440617546461468,53.279484160098853],[-60.440597905170684,53.279490276413547],[-60.440576716674236,53.27949817686892],[-60.440555483470874,53.279507873023434],[-60.440535819830103,53.279514888079625],[-60.44051460895956,53.279523686375484],[-60.440493421893564,53.279531585003866],[-60.440472214029718,53.279540384168776],[-60.440451023963412,53.279548283713574],[-60.440429793710599,53.279557979822194],[-60.440407107091843,53.279565865950566],[-60.440367731990662,53.279581691737611],[-60.44033283018409,53.279598458246184],[-60.440313142588629,53.279606370228912],[-60.4402949560886,53.279614298283938],[-60.440255621087204,53.279628327466725],[-60.440240409773736,53.279637179250763],[-60.44022069680247,53.279645989993654],[-60.440205485495291,53.27965484267348],[-60.440191725947344,53.279665501765159],[-60.440176468449728,53.279676151956387],[-60.440161233243096,53.279685901593631],[-60.440127811440817,53.279703578358429],[-60.44011257471135,53.279713328001321],[-60.440095863792905,53.279722166378107],[-60.440021517811807,53.279757452947386],[-60.439997464051814,53.27975993491107],[-60.439977797179573,53.279766948999338],[-60.439959612011549,53.279774875191272],[-60.439923186474807,53.279792526053122],[-60.439903497251585,53.279800439780985],[-60.439885288209638,53.279809264725067],[-60.439830720544123,53.279833042445091],[-60.439812553160152,53.279840069898725],[-60.439752055835392,53.279861101346476],[-60.439711268596731,53.279873320330935],[-60.43966750608341,53.279884613749132],[-60.439623722659917,53.279896804090633],[-60.439560224575246,53.279917809563521],[-60.439519438709532,53.279930027570664],[-60.439498316871237,53.279935232481385],[-60.439431889605515,53.279953513914613],[-60.439307984493986,53.279991953691507],[-60.439285345154367,53.279998042081218],[-60.439243035738073,53.280011146258559],[-60.439215939464184,53.280015398756753],[-60.439188911782296,53.280016955882815],[-60.439163337413881,53.280020323018135],[-60.439140739753597,53.280024613901261],[-60.439119596963963,53.280030717484827],[-60.439034979440251,53.280056925695767],[-60.439010838987677,53.280063001543198],[-60.438971506154331,53.280077030281355],[-60.438951816603542,53.280084942952847],[-60.438933626623189,53.280092869925028],[-60.438912464370169,53.280099870399461],[-60.438891318506492,53.280105973966442],[-60.438870153236024,53.280112974457026],[-60.438849008802578,53.280119075304079],[-60.43882784507985,53.280126078476059],[-60.438806703657605,53.280132180192219],[-60.438788534475457,53.280139207502607],[-60.438768889616618,53.280145323541483],[-60.438750701078597,53.28015325047415],[-60.438711368076504,53.280167279127042],[-60.438691679937868,53.280175191744014],[-60.438672012639621,53.280182204718002],[-60.438650892094344,53.280187410367795],[-60.438608562908378,53.28020141214882],[-60.438526987100083,53.280225849325937],[-60.438477225658168,53.280237088674291],[-60.43845462935495,53.280241381216655],[-60.438430509587533,53.280246558207729],[-60.438359716981509,53.280259408109089],[-60.43833564044337,53.280262787590154],[-60.438284537547752,53.280267724876644],[-60.438257442516068,53.280271977146178],[-60.438194082001573,53.280287590252449],[-60.43814584382703,53.280297943212723],[-60.438102075955491,53.280309236094837],[-60.438056884693637,53.280317821021896],[-60.438034262937641,53.280323013160093],[-60.438010166957966,53.280327291303344],[-60.437961903344458,53.280338544764916],[-60.43793630930378,53.280342810365809],[-60.437865425300004,53.280359253191449],[-60.437838330167764,53.28036350536614],[-60.437814210255773,53.280368682233089],[-60.437744827251372,53.280385139293472],[-60.437608948201465,53.280422571190009],[-60.437549950014429,53.280443614035178],[-60.437524376760592,53.280446980808648],[-60.437468774816914,53.280451876582362],[-60.437424990239172,53.280464068821352],[-60.437385678929658,53.280477199188425],[-60.437363036033013,53.280483286338416],[-60.437314797492824,53.280493641664691],[-60.437290698359405,53.280497920587038],[-60.437266579786744,53.280503096431666],[-60.437222795118025,53.28051528949706],[-60.437151979276678,53.280529036535413],[-60.43706145387327,53.280551594620654],[-60.436979922817258,53.280574233230674],[-60.436934678724192,53.280584615295631],[-60.436912037266914,53.280590705049264],[-60.436887918595446,53.280595880817678],[-60.436866773677274,53.280601983115496],[-60.436845651160922,53.280607186658429],[-60.436801843816276,53.28062027652075],[-60.436777725134313,53.280625453167197],[-60.43672794189262,53.280637592328695],[-60.436705276425307,53.280644579005767],[-60.436641866878361,53.280661985216206],[-60.436549795032526,53.280686327896788],[-60.436524175221415,53.2806914919706],[-60.436500034030352,53.280697566412066],[-60.436475915307113,53.280702744798191],[-60.436454792673239,53.280707947372001],[-60.436429174319883,53.28071311051351],[-60.43640357689516,53.280717375810433],[-60.43637796005158,53.280722539829405],[-60.436352361113968,53.280726805127181],[-60.436328287154346,53.28073018418096],[-60.436277072823259,53.280739612553475],[-60.436249930945898,53.280745661882676],[-60.436224357445795,53.280749030178846],[-60.436197237937101,53.280754178944591],[-60.436171661364583,53.280757544552436],[-60.43614604597051,53.280762708509961],[-60.436120469388719,53.280766074106857],[-60.436096349078156,53.28077125242833],[-60.436072276594487,53.280774632319037],[-60.436048178658503,53.280778910079327],[-60.43602405682978,53.280784088398029],[-60.435995440716113,53.280789224554482],[-60.435971297911465,53.280795299801383],[-60.435947201455605,53.280799577529542],[-60.435822124687299,53.280824523521389],[-60.43579655254846,53.280827889013686],[-60.435770932560132,53.280833052926326],[-60.435743836934726,53.280837305527236],[-60.435719717980739,53.280842481060382],[-60.435692643234951,53.280845833110021],[-60.435667023242765,53.28085099790065],[-60.435641451095243,53.280854364260016],[-60.43550270269774,53.280886377084656],[-60.43547562942836,53.280889729973659],[-60.435451534370799,53.280894007590256],[-60.435428913491606,53.280899199224656],[-60.435270745012026,53.280928341547821],[-60.435246625948594,53.280933516985662],[-60.435218075503549,53.28093595851567],[-60.435142783513676,53.280948766152292],[-60.43511870636636,53.280952146786753],[-60.435094654644345,53.280954627741615],[-60.435069055437182,53.280958892764929],[-60.435016411324362,53.280965611769773],[-60.434869160085483,53.280977776912309],[-60.434779143044054,53.280979669250648],[-60.434747596347712,53.280982082832821],[-60.434714617456571,53.280981788497812],[-60.434600503679434,53.280987957276288],[-60.43457195315942,53.28099039865193],[-60.434541925503559,53.280991927811051],[-60.434516375637592,53.280994395178965],[-60.434484867880592,53.280995013937748],[-60.434424814016211,53.28099807039245],[-60.434394763870209,53.281000497365234],[-60.434364760201802,53.281001129517634],[-60.434303205247957,53.281004173362142],[-60.434270226341397,53.281003878904293],[-60.434237199485956,53.281005381062343],[-60.434175687981423,53.281006629151577],[-60.434111141356176,53.281009646811583],[-60.433932341397821,53.281024223316379],[-60.43386928684631,53.281027256171363],[-60.433839281588874,53.281027885502773],[-60.433747700382234,53.281032459824445],[-60.433719193226715,53.281033103506395],[-60.433690668082541,53.281034644996815],[-60.433602150448976,53.281036549916948],[-60.433569126566404,53.281038052766867],[-60.433539121296079,53.281038682022789],[-60.433506094405324,53.28104018487879],[-60.433476113132812,53.281039916256574],[-60.433443108698491,53.281040519444161],[-60.433414582056209,53.281042061780596],[-60.433381577619187,53.281042664951137],[-60.433353050953457,53.281044206372655],[-60.43332304573385,53.281044838274916],[-60.433294496581873,53.281047278433206],[-60.433232984944603,53.28104852423612],[-60.433175930128854,53.281051608813513],[-60.433111420880245,53.281052831190955],[-60.433084390783911,53.281054386048538],[-60.433049888242898,53.28105497563849],[-60.43298833615335,53.281058020581938],[-60.432959830449633,53.281058663170541],[-60.432868247533868,53.281063235028782],[-60.432838200253343,53.281065661586375],[-60.432808195009528,53.281066293359189],[-60.432775168049837,53.281067795112733],[-60.432745164266244,53.281068425057505],[-60.432656559513092,53.281073923355265],[-60.432596547386822,53.281075181412447],[-60.432566519634229,53.281076711875166],[-60.432502013271744,53.281077931199043],[-60.432471985474351,53.281079459837535],[-60.43244050462534,53.281079179270648],[-60.432341492656825,53.28108098703477],[-60.432307012624008,53.281080679459713],[-60.432277007301458,53.281081308398306],[-60.432242530233516,53.281080998980663],[-60.432154013968002,53.281082904615253],[-60.432122530093828,53.281082623087691],[-60.432059523278916,53.28108385476127],[-60.432029540478439,53.281083585787215],[-60.431999536690142,53.281084216444704],[-60.431968052815527,53.281083934876378],[-60.4319035464016,53.281085152976416],[-60.431870607999024,53.281083062189602],[-60.431837630542326,53.281082767047515],[-60.431804669572024,53.281081572292408],[-60.431771692097122,53.281081276231845],[-60.431743226938956,53.281080123764468],[-60.431681853341331,53.281075978041102],[-60.431651939639828,53.28107301450904],[-60.431620478311878,53.281071834998535],[-60.431592040148892,53.281069781908805],[-60.431560581828862,53.281068602359007],[-60.431472334299819,53.281059722492415],[-60.431446938912515,53.281055900673792],[-60.431421567553535,53.281051180087438],[-60.43139767024433,53.281047370867796],[-60.431376814180524,53.281041792063135],[-60.431326069978354,53.281032349966523],[-60.431276867452922,53.281021124770646],[-60.431251494630857,53.281016404159644],[-60.431227598877399,53.28101259579423],[-60.431169310262028,53.281004884540991],[-60.431142437853076,53.281000149505232],[-60.431112501692375,53.280998083687734],[-60.431057212293211,53.280990399383334],[-60.431028798280956,53.28098744919707],[-60.431001903347905,53.280983611979835],[-60.43097198524984,53.280980648311825],[-60.430943595264011,53.280976798442701],[-60.430916677851762,53.280973861757168],[-60.430891279579072,53.280970040743391],[-60.430862865532596,53.280967087816791],[-60.430832927944728,53.280965023741096],[-60.430803011353333,53.280962059118657],[-60.43071778444164,53.280952308765158],[-60.430690891059761,53.280948471465805],[-60.430660953453575,53.280946405546409],[-60.430634058617414,53.280942570046392],[-60.430575683007554,53.280938451680129],[-60.430545766471297,53.280935487893224],[-60.430518871671559,53.280931653267345],[-60.430465038406815,53.280925776985455],[-60.430415749038353,53.280918145510867],[-60.430390331283228,53.280915222216841],[-60.430363457512591,53.280910487016577],[-60.430338060788372,53.280906664072404],[-60.430311190032825,53.280901928836869],[-60.430285772294184,53.280899005520482],[-60.430176761306527,53.28088095427924],[-60.43014836841288,53.280877102443135],[-60.430123019887951,53.280871484629273],[-60.430099145341046,53.2808667763979],[-60.430016987095861,53.28085435630814],[-60.429988591307882,53.280850508058144],[-60.429960175898373,53.280847554927519],[-60.429936280390052,53.280843748102811],[-60.429877993731665,53.280836036204441],[-60.429738935700094,53.280820406764718],[-60.429713561719282,53.280815688537494],[-60.429686668510548,53.280811851010832],[-60.429605939365089,53.280802139531119],[-60.429577567690501,53.280797391520586],[-60.429547652801418,53.28079442657053],[-60.429519261561097,53.28079057637283],[-60.429492344359794,53.280787639364775],[-60.429463950163772,53.280783790977715],[-60.429434012708704,53.280781723849266],[-60.429405618482619,53.280777873647835],[-60.429304060912244,53.280761685823052],[-60.429274121997373,53.28075961956629],[-60.429244207174293,53.280756655440108],[-60.429214271250196,53.280754588244633],[-60.429185810837737,53.280753433329956],[-60.429157373035025,53.280751381458515],[-60.429128909641506,53.280750227453851],[-60.429070534410279,53.280746107448728],[-60.429042141741505,53.280742257148781],[-60.429013728046542,53.280739307381175],[-60.428934542448651,53.280727813285381],[-60.428874732428099,53.280720984327303],[-60.428817927590693,53.280714182354025],[-60.428764115957712,53.28070740926389],[-60.428737176260846,53.280705369935013],[-60.428711779779924,53.280701545742964],[-60.428683364631794,53.280698595908106],[-60.428653428773629,53.280696528571532],[-60.428624968432793,53.280695374422983],[-60.428224261235066,53.280649537064505],[-60.428197366758155,53.280645699212528],[-60.428167450583935,53.280642734827218],[-60.428140510954584,53.280640695363189],[-60.428029846706934,53.280628916240417],[-60.428001386426033,53.280627761942732],[-60.427971450648272,53.280625694434598],[-60.427883067686423,53.280622205317783],[-60.427823196210696,53.280618072935162],[-60.427791801562918,53.280614194373001],[-60.427761867345183,53.280612128600929],[-60.427618286495679,53.280597356622913],[-60.427591392143206,53.280593520434309],[-60.427504648978491,53.28058465204623],[-60.42747620835955,53.280582599796375],[-60.427395507222684,53.280571987130365],[-60.427368567711483,53.280569949292058],[-60.427311736171632,53.280564044484315],[-60.427281797485072,53.280561977726293],[-60.427221947236262,53.280556945402367],[-60.427195033356789,53.280554008751174],[-60.427168137566298,53.280550172478492],[-60.427139719597015,53.28054722139796],[-60.427112781575929,53.280545181689625],[-60.427085864648518,53.280542242336423],[-60.427055925987418,53.280540175521544],[-60.427026014488114,53.280537211714361],[-60.426997552751345,53.280536055387962],[-60.426937678472143,53.28053192258313],[-60.426910761603551,53.28052898499076],[-60.426879326392431,53.280526904553284],[-60.426849411871082,53.280523938924603],[-60.426819474735503,53.280521872038605],[-60.426761121161164,53.28051685306221],[-60.426704310929701,53.280510051026198],[-60.426674397953214,53.280507086242054],[-60.426646004169058,53.28050323628176],[-60.426619066197837,53.280501196461643],[-60.426559237210107,53.280495264165644],[-60.426532344515849,53.280491427725764],[-60.426503971877302,53.280486678993036],[-60.426477056587281,53.280483742191038],[-60.426426288452582,53.280475195874338],[-60.426342608333961,53.280463660245786],[-60.426314262830324,53.280458010882128],[-60.426290366333454,53.280454202435692],[-60.426238122873215,53.280444745514501],[-60.426132026235862,53.280430309065146],[-60.426100609259805,53.280427329706725],[-60.426076714261654,53.280423519405204],[-60.426051300089455,53.280420595160237],[-60.426025902547451,53.280416772206372],[-60.426000485339642,53.28041384617341],[-60.425945200568947,53.280406158567388],[-60.425916829552428,53.28040140968271],[-60.425889914335237,53.280398471847519],[-60.425864516820376,53.280394648859151],[-60.425836103507621,53.280391695631636],[-60.42580766311152,53.280389643883098],[-60.425755332237095,53.280383779926176],[-60.425537138425149,53.280354853605949],[-60.425508768988792,53.280350104612168],[-60.42548037240622,53.280346254396626],[-60.425450438460906,53.280344187142731],[-60.425398106187096,53.280338323040226],[-60.425342842804838,53.28032973821599],[-60.425317424172185,53.280326811148385],[-60.425265134254161,53.280319150410726],[-60.425238262932403,53.280314414939504],[-60.425212871551487,53.280310592665451],[-60.42516064964996,53.280300236531779],[-60.425117444779971,53.2802890622131],[-60.425093552967667,53.280285252590723],[-60.425068199396947,53.280279631943607],[-60.425041306987232,53.280275796066427],[-60.425015889908451,53.280272868922658],[-60.42499051670255,53.280268146985712],[-60.424909881783677,53.28025483910568],[-60.424882989364406,53.280251001392202],[-60.424854618565575,53.280246252253754],[-60.424800832289051,53.280238578607758],[-60.424773962550589,53.280233842119557],[-60.424747045992639,53.280230903136982],[-60.424718673719809,53.280226153977686],[-60.424609512548081,53.280214387042648],[-60.424584115234097,53.280210562880249],[-60.424558746598279,53.28020583991588],[-60.42447956314814,53.280194342851431],[-60.424422735492954,53.280188436639364],[-60.424345072837134,53.280176054333111],[-60.424318201723977,53.280171319553865],[-60.424291309428064,53.280167482606679],[-60.424265893984419,53.280164556191082],[-60.424241997809311,53.280160746432315],[-60.424188187551927,53.280153970370357],[-60.424158273450082,53.280151003164278],[-60.424131335812284,53.280148962780615],[-60.424098354615808,53.280148666430087],[-60.424066850262484,53.280149280610651],[-60.424005387986298,53.2801487259269],[-60.423947057912407,53.280142806819619],[-60.423915624640905,53.280140726487517],[-60.423855702789901,53.280138387854123],[-60.423797328888774,53.280134266161689],[-60.423764373391109,53.280133070945553],[-60.423386097160616,53.280090114779902],[-60.423326222291067,53.280085978368533],[-60.423261759517665,53.280085397012918],[-60.423231827357192,53.280083329189146],[-60.4231988673872,53.280082132951136],[-60.423098428836646,53.280081225859163],[-60.423083459006158,53.280080191956756],[-60.423066969947982,53.280080044076087],[-60.423035467129054,53.280080657972412],[-60.422972547777633,53.280078290775464],[-60.422908180364033,53.280074115994722],[-60.422846852929936,53.280068169125968],[-60.422790066615619,53.280060467369864],[-60.422707822663,53.280051637214861],[-60.422683926647032,53.280047825342479],[-60.422520930850553,53.28003017579632],[-60.422441752781829,53.280018678240026],[-60.422416380023364,53.280013956653548],[-60.422389463720378,53.280011015336989],[-60.422365569314842,53.280007206089621],[-60.422338653058205,53.280004266561981],[-60.422313257548602,53.280000441002613],[-60.422286388266912,53.279995705752349],[-60.422260995809708,53.279991881959006],[-60.422231080485638,53.279988916080399],[-60.422204186944967,53.2799850768723],[-60.422153355108456,53.279979225856025],[-60.422101066164714,53.279971563726235],[-60.42207419390067,53.279966827550986],[-60.422048802961655,53.279963002800436],[-60.422023430239818,53.279958279329513],[-60.421915857892486,53.27994292856247],[-60.421863525111533,53.2799370647163],[-60.421830704647924,53.279930476477759],[-60.421781414918343,53.279922841444879],[-60.421751501176345,53.279919875433947],[-60.421724630484476,53.279915139167954],[-60.421696216281148,53.279912185863083],[-60.421670845148832,53.279907463205419],[-60.421645452778037,53.279903638380233],[-60.421561862934709,53.279888504409691],[-60.421537970093787,53.279884691383295],[-60.421511120713298,53.279879058131257],[-60.421485749601217,53.279874334533801],[-60.4214380292578,53.279864017620866],[-60.421412633948343,53.279860193669343],[-60.421387264360064,53.279855470039195],[-60.421358847233989,53.279852517577062],[-60.421331999360078,53.279846882472413],[-60.421305106025585,53.279843044861195],[-60.421279760714761,53.279837423346962],[-60.421140889477989,53.279814600166382],[-60.421087192319597,53.279803328963737],[-60.421009578283417,53.279789146966245],[-60.420981164211,53.279786193490331],[-60.420951296099872,53.279781429778559],[-60.420867551962949,53.279772582931287],[-60.420812176435504,53.279768487947727],[-60.420785283176109,53.279764649318558],[-60.420758345952379,53.279762609071327],[-60.420734474553207,53.279757899845833],[-60.420709079329065,53.279754073943415],[-60.420683709937641,53.279749352863597],[-60.420662854359456,53.279743771286654],[-60.42063898448307,53.27973906203033],[-60.4206151358581,53.279733454031124],[-60.420564394044057,53.279724008248166],[-60.420540543915735,53.279718399345306],[-60.420512173939414,53.279713649169722],[-60.420488323862287,53.279708042056846],[-60.420462952961891,53.279703318240713],[-60.420434563275307,53.279699467673289],[-60.420407691342717,53.279694730220506],[-60.420379303149296,53.279690878728104],[-60.420353930788188,53.279686155800498],[-60.420307730174464,53.279674951543342],[-60.420285402459847,53.279668460178158],[-60.42023768108902,53.27965814099344],[-60.420207788927733,53.27965427765632],[-60.420183917628911,53.279649567419781],[-60.420083842889944,53.279634283202427],[-60.420055427498909,53.279631330416954],[-60.419995646177568,53.279623600019399],[-60.419970251097311,53.279619773958927],[-60.419853619263016,53.279607033883735],[-60.419826726207809,53.279603195937717],[-60.419799855903335,53.279598458335769],[-60.419774507965982,53.279592838323545],[-60.419753655584792,53.279587256563424],[-60.419729808641044,53.279581647474352],[-60.419710455846527,53.279576081152371],[-60.419683632609093,53.279569546013299],[-60.419661257965736,53.27956485024086],[-60.41963588731673,53.279560129848811],[-60.419586598336451,53.279552491204065],[-60.419456770138126,53.279527949547756],[-60.419431375219396,53.279524126072708],[-60.419404460981418,53.279521186769053],[-60.419379091830038,53.279516463609845],[-60.419268454057729,53.27950377669336],[-60.419241517046991,53.279501735202189],[-60.419214599831648,53.279498795878709],[-60.419187661324479,53.279496754386905],[-60.41915924606468,53.279493800486961],[-60.419129290202982,53.279492629491578],[-60.418976610859247,53.279482258861378],[-60.418868951092506,53.279470498521057],[-60.4188435805655,53.279465777059528],[-60.418818187180925,53.279461950741215],[-60.418734441107276,53.279453103314282],[-60.418705983333972,53.279451946782011],[-60.41855030666958,53.279441548276885],[-60.418523392522346,53.279438607873622],[-60.418491909884324,53.279438321841582],[-60.41846497146701,53.279436281086447],[-60.418435015662453,53.279435109916385],[-60.418402079104133,53.279433013600219],[-60.418342232964918,53.279427978596445],[-60.418312341091166,53.279424112982163],[-60.418222533159792,53.279417905855759],[-60.41819257438928,53.279416735548075],[-60.418159639358173,53.279414639153259],[-60.418093681085786,53.27941404041087],[-60.418063675215762,53.279414667581285],[-60.418030697591369,53.279414368626675],[-60.417996174811002,53.279415852594518],[-60.417928714041686,53.27941524191732],[-60.417897278535257,53.279413158217736],[-60.417868820770138,53.279411999684996],[-60.417835885796023,53.279409905001124],[-60.417774468736738,53.279407549613666],[-60.417742989166697,53.279407265161133],[-60.417711533869515,53.279406080138834],[-60.417678531921979,53.279406678947545],[-60.417648573211146,53.279405510303533],[-60.417582611914042,53.279404909501054],[-60.417516700808449,53.279402513829233],[-60.417485221243055,53.279402229308623],[-60.41744921721061,53.279402799829633],[-60.417416239578316,53.279402499804796],[-60.417381739638657,53.279403086645864],[-60.417350281349385,53.279401901551317],[-60.417317279437398,53.279402502060528],[-60.417282800792819,53.279402189234915],[-60.417252840496339,53.279401016001842],[-60.417221360913693,53.279400730511341],[-60.417189902687902,53.279399548075162],[-60.417161467788844,53.279397491524321],[-60.417101550310299,53.279395149467675],[-60.417070114894827,53.279393067350227],[-60.417037134267439,53.279392767243614],[-60.417007177064626,53.279391597526583],[-60.416974194936628,53.279391297414101],[-60.416939672134589,53.27939278107619],[-60.416906671685958,53.279393379659751],[-60.41687364540568,53.279394877006631],[-60.416842097308397,53.279397285863602],[-60.416813525478382,53.279400622626127],[-60.416786472960055,53.279403072537427],[-60.416709750012572,53.279413160398157],[-60.416679698418811,53.279415582918659],[-60.416649671135609,53.279417105770492],[-60.416615192501091,53.279416793652075],[-60.416583734239836,53.27941560925553],[-60.416553732809547,53.279416234211027],[-60.416523774100078,53.279415064384118],[-60.41645781736036,53.279414465625514],[-60.416399306574405,53.279415731911229],[-60.416366325932088,53.279415431619121],[-60.416331825925475,53.279416016356116],[-60.416300346315772,53.279415729722281],[-60.416267341370961,53.279416329964114],[-60.41620288412328,53.279415742952899],[-60.416171448733515,53.279413660598458],[-60.416138490916445,53.279412460593832],[-60.416110054631304,53.279410407404569],[-60.41608163963231,53.279407452770108],[-60.41605324898304,53.279403599368017],[-60.41602633502437,53.279400658400355],[-60.415964963796633,53.279396506382348],[-60.415931983151474,53.279396205069837],[-60.415865979247599,53.279397403493817],[-60.415832954445634,53.27939890144134],[-60.415768450044901,53.279400112605465],[-60.41573839840423,53.279402534888931],[-60.415708374155628,53.27940406018147],[-60.41567836971403,53.279404684939841],[-60.415648388143076,53.279404411841654],[-60.415618429463883,53.279403241787151],[-60.415589993131348,53.27940118487281],[-60.415558512071669,53.279400899855084],[-60.415498640358173,53.27939675859399],[-60.415465662757001,53.279396458929916],[-60.415435658374193,53.279397086327883],[-60.415305236948939,53.279395899528339],[-60.415275232525211,53.279396525085481],[-60.415212274882741,53.279395953040435],[-60.41518081667116,53.279394768273534],[-60.415150880853645,53.279392698452078],[-60.415122423168619,53.279391539263571],[-60.415089441066883,53.279391239529993],[-60.415058005745756,53.279389156881706],[-60.415029549586535,53.279387998559713],[-60.414998137117273,53.279385016246231],[-60.414914324869258,53.279378863268676],[-60.414879869083002,53.279377649198508],[-60.414849864703029,53.279378276449094],[-60.414818385145551,53.279377990324114],[-60.414786881158285,53.279378600250823],[-60.414755424510332,53.279377417160539],[-60.414692462374418,53.279376843975243],[-60.414661027043472,53.279374759421735],[-60.414599611691678,53.279372402386656],[-60.414566634131837,53.279372103374058],[-60.414508214841881,53.279369773735397],[-60.414475235763199,53.279369473808806],[-60.414440734278486,53.279370058910359],[-60.414410705496572,53.279371583910866],[-60.414383654335438,53.279374032365851],[-60.414356626108265,53.279375584766285],[-60.41432957796458,53.279378034086214],[-60.414296551578332,53.279379529819522],[-60.414265003377764,53.279381939795748],[-60.414200588996287,53.279379556027209],[-60.414139080602887,53.279380792862518],[-60.414110554277208,53.27938232877942],[-60.41396630431629,53.279394496425709],[-60.41384619644743,53.279400591346295],[-60.413814713873094,53.279400304979447],[-60.413781757684198,53.27939910701236],[-60.413747279036819,53.279398792264146],[-60.413600599346566,53.279388468725699],[-60.413569188493163,53.279385486924113],[-60.413512267279579,53.279383171431917],[-60.413479265296409,53.279383769978921],[-60.41344921653485,53.279386191663022],[-60.413422188225255,53.279387742051398],[-60.41339511411433,53.27939108993165],[-60.413366561887194,53.27939352624319],[-60.413308008202314,53.279396587587179],[-60.41327645991128,53.27939899640198],[-60.413246431044946,53.2794005202093],[-60.413213454951261,53.279400219910819],[-60.413183450487708,53.279400844941819],[-60.413120535622156,53.279398472516931],[-60.41308753213761,53.279399071867338],[-60.413054553041611,53.279398771547903],[-60.413021551019334,53.279399369068088],[-60.41299156946112,53.279399095301855],[-60.412892564908347,53.279400888671496],[-60.412862604777501,53.279399717035595],[-60.412834101320428,53.279400354798653],[-60.412801120741605,53.279400055320863],[-60.412769618262622,53.27940066740404],[-60.412712698550344,53.279398350618358],[-60.412682761340243,53.27939628018833],[-60.412649782247918,53.279395979756956],[-60.412619825130427,53.279394808037026],[-60.412591321691487,53.279395446642297],[-60.412561361571775,53.279394274930659],[-60.412531357100953,53.279394899797623],[-60.412499877520297,53.279394612160367],[-60.41243836906493,53.279395849019018],[-60.412408343172459,53.279397372592449],[-60.412318331263634,53.279399247943928],[-60.412223958360684,53.279395692215857],[-60.412159589890955,53.279391508946446],[-60.412099672664489,53.279389164375416],[-60.412005232477135,53.279388302908757],[-60.411946678713363,53.279391364484944],[-60.411916674195417,53.279391987396821],[-60.411885216105937,53.279390803560602],[-60.411853738051754,53.279390516641513],[-60.411823755001727,53.279390242593088],[-60.411798382219629,53.279385516951415],[-60.411740011918575,53.279381388435418],[-60.411623178138264,53.279376728124817],[-60.411593262447283,53.279373759583848],[-60.411566325863646,53.279371716357012],[-60.411505000980235,53.279365765444304],[-60.411416693586503,53.279359565135969],[-60.411383738990153,53.279358366494243],[-60.411325367261654,53.279354237786414],[-60.411299951709815,53.279351311313448],[-60.411274557584321,53.279347485197519],[-60.411250708860614,53.279341874430294],[-60.411228336724982,53.279337176159324],[-60.411204489553278,53.279331567171788],[-60.411179099934628,53.279327740100761],[-60.411156726331249,53.279323042727988],[-60.411104441582687,53.279315374852182],[-60.41107902606845,53.279312448331929],[-60.411050588499393,53.279310390345408],[-60.411019110507304,53.279310103205738],[-60.410990605632612,53.279310743240188],[-60.410957646520941,53.279309541814236],[-60.410926212968931,53.279307458964418],[-60.410867795426896,53.279305126629417],[-60.410840858919116,53.279303083238361],[-60.410812355509641,53.279303721418273],[-60.410783801703602,53.279306158023516],[-60.410753774269942,53.279307679391373],[-60.410722271823218,53.279308290933535],[-60.410692357760951,53.279305323054835],[-60.410663923218117,53.279303264953064],[-60.410632466669085,53.279302078073798],[-60.410603961773717,53.279302717115598],[-60.410572503724573,53.279301530231976],[-60.410514130702481,53.279297403838527],[-60.410434889640285,53.279288590022986],[-60.410406450652481,53.279286533694567],[-60.410351124106398,53.279280635436955],[-60.410322689652759,53.279278579954358],[-60.410264359553786,53.279272653263227],[-60.410235971041153,53.2792688002625],[-60.410209054528018,53.27926585710248],[-60.410182118093743,53.279263814462617],[-60.410152205581291,53.279260845536399],[-60.41006389710509,53.279254645136142],[-60.410032417655501,53.279254357747249],[-60.409999463174337,53.279253158722462],[-60.409966482681121,53.279252856659689],[-60.409933459247803,53.279254352062182],[-60.409871952386901,53.279255586684911],[-60.409790796892409,53.279262933457865],[-60.409765197613225,53.279267193045392],[-60.409711048928898,53.279273886240937],[-60.409682498061819,53.279276321659523],[-60.409649517551976,53.279276019509162],[-60.409616586042482,53.279273921629965],[-60.409588125604792,53.279272762943123],[-60.40955669060186,53.279270677942918],[-60.409525234142244,53.279269492571792],[-60.409492302605223,53.279267392857754],[-60.40942634462418,53.279266789319934],[-60.409331832776815,53.279268622003471],[-60.40930030883144,53.279270131006868],[-60.409270325874402,53.279269856316034],[-60.409238823410568,53.279270466566054],[-60.409205865913528,53.279269266444587],[-60.409139907950873,53.279268663648558],[-60.409079902087065,53.279269912530225],[-60.409049874613189,53.279271433469184],[-60.409022821749794,53.279273883421325],[-60.408964266371676,53.279276941744406],[-60.408932811423973,53.279275756205493],[-60.408905873500736,53.279273711488095],[-60.408874417054818,53.279272525945252],[-60.408844481589746,53.279270453638759],[-60.408783065189375,53.279268094517725],[-60.408669320063723,53.27925986480524],[-60.40864090565703,53.279256908395141],[-60.408610924213512,53.279256633526998],[-60.408582374794271,53.279259068670967],[-60.408555344911839,53.279260619768621],[-60.408526795448438,53.279263053098873],[-60.408499790046541,53.27926370452375],[-60.408439735156101,53.279266750603242],[-60.408381225771386,53.279268012043396],[-60.408354290900945,53.279265968078612],[-60.408321330387089,53.279264765934983],[-60.408294278986276,53.279267215710568],[-60.408271683125363,53.279271503422294],[-60.408252011220775,53.279278512299726],[-60.408230885800961,53.27928370988699],[-60.408202357866656,53.279285247103346],[-60.408173897417534,53.279284086278402],[-60.408145461557964,53.279282030287682],[-60.408118546657462,53.279279085743582],[-60.408093154391182,53.279275260737762],[-60.408067740543657,53.279272330862639],[-60.407997698358237,53.279255513987472],[-60.407975372644003,53.279249017607533],[-60.407950001881687,53.279244292033574],[-60.407926155164247,53.279238681488103],[-60.407894675753155,53.279238394435048],[-60.407866098724497,53.279241725489733],[-60.407723462009443,53.279249406542718],[-60.407690460029521,53.279250003487654],[-60.407657528629592,53.279247905066924],[-60.407627568695325,53.27924673031427],[-60.407597631860135,53.279244660406547],[-60.407566175429551,53.279243472717901],[-60.407479365380837,53.279237285111925],[-60.407453954638427,53.2792343568833],[-60.4074285593952,53.279230529057742],[-60.407400125068726,53.279228471077069],[-60.407370166675378,53.279227297148452],[-60.407343136784917,53.279228848871675],[-60.407316085291022,53.279231295724834],[-60.407289055357786,53.279232845635349],[-60.407262005398252,53.279235294265284],[-60.407233478941592,53.279236830338213],[-60.40720202252573,53.279235642553424],[-60.40717199355884,53.279237165731828],[-60.40714341651087,53.279240498414069],[-60.4071148685168,53.279242933195604],[-60.407084841005286,53.279244454540219],[-60.407056428196647,53.27924149684042],[-60.406996557554059,53.279237354907131],[-60.406969642814765,53.279234412803937],[-60.406942749573957,53.279230570157267],[-60.40689955498604,53.279219390077664],[-60.406877252510213,53.279211995643159],[-60.406829536356199,53.279201672865341],[-60.406802623152373,53.279198730712857],[-60.406774182867366,53.279196672628402],[-60.406714269180398,53.279194325326166],[-60.406684264785071,53.279194950522182],[-60.406658689753534,53.279198309784043],[-60.406636087715448,53.279202595431684],[-60.406614939129803,53.279208693282214],[-60.40659377048074,53.279215688954274],[-60.406549978223786,53.279227868990894],[-60.406524424741605,53.279230331287636],[-60.406494418758584,53.279230953746726],[-60.406412110470555,53.279224807675774],[-60.406382196733517,53.279221837814063],[-60.406307521354385,53.279210367369309],[-60.406279107155981,53.279207411295836],[-60.406226824917717,53.279199742165837],[-60.406198410712655,53.279196785172807],[-60.406168455393889,53.279195611819461],[-60.406111350295831,53.279200479177206],[-60.406085776735651,53.279203839205223],[-60.406060178615917,53.279208097987436],[-60.406009026987185,53.279214818950564],[-60.405980497491718,53.27921635474673],[-60.405950562216397,53.279214282613218],[-60.40592058231401,53.279214007057078],[-60.405860573409825,53.279215254341715],[-60.405829115541628,53.279214066205931],[-60.405800704357375,53.2792111090953],[-60.405773766635008,53.279209064569784],[-60.405746851975223,53.279206121289931],[-60.405689980543571,53.279202006342288],[-60.405660066870396,53.279199036299154],[-60.405630086979677,53.279198760669914],[-60.405600130152408,53.279197586284916],[-60.405507188476733,53.27919673350425],[-60.405477230170938,53.279195559999984],[-60.405445727695884,53.279196169248024],[-60.405387307587546,53.27919383514935],[-60.405322850792864,53.279193244055719],[-60.40525979667629,53.279196259080827],[-60.405229818309934,53.27919598423977],[-60.405198314347309,53.27919659433406],[-60.405165335417927,53.279196290931736],[-60.405106781369113,53.279199348250287],[-60.405051178683749,53.279204229807547],[-60.405022579913492,53.279208460718934],[-60.404994007217375,53.279211792852557],[-60.404936903497706,53.279216661437601],[-60.404906877422789,53.279218182222657],[-60.404873876901497,53.27921877747653],[-60.404842397496978,53.279218488717369],[-60.404810936666514,53.27921730123591],[-60.404752382542668,53.279220357480462],[-60.404699778850606,53.279225267441753],[-60.40468928522003,53.279225171478153],[-60.404632182910177,53.279230038105645],[-60.404606607729654,53.279233398728636],[-60.404585481901137,53.279238596572149],[-60.404565834007194,53.279244706984734],[-60.404543210147324,53.279249890973354],[-60.404516135424849,53.279253237740676],[-60.404484632890757,53.279253846735003],[-60.404456083189167,53.279256279091669],[-60.404426055604027,53.279257801567709],[-60.404396003388243,53.279260220995205],[-60.404364500865938,53.279260830858071],[-60.404334473236077,53.27926235151061],[-60.404304519437993,53.279261178577862],[-60.404276009913708,53.279261814341098],[-60.404243032458581,53.279261511572741],[-60.404210030409537,53.279262107554729],[-60.404147116227271,53.279259732193054],[-60.404114135751264,53.279259428511601],[-60.4040841342307,53.279260051230516],[-60.404054108111602,53.27926157270133],[-60.404024055890048,53.279263992935434],[-60.403995529289098,53.279265528234376],[-60.403965478544286,53.279267947542117],[-60.403936950436453,53.279269482838423],[-60.403878348473349,53.279274336161819],[-60.403851319881454,53.279275885282367],[-60.403821270622828,53.279278304542444],[-60.40379269631935,53.279281638200594],[-60.403764166655712,53.27928317166657],[-60.403735572208113,53.27928740223588],[-60.403708451191022,53.279292546316178],[-60.403682897480842,53.279295007104615],[-60.403657319142738,53.279298365746712],[-60.403603215699334,53.27930326137772],[-60.403522037384711,53.279311502626008],[-60.403360972060945,53.27933608123849],[-60.403308320316725,53.279342787194246],[-60.403281270030725,53.279345234022216],[-60.403257192696145,53.279348608220005],[-60.403228642877323,53.279351041183546],[-60.403200065416655,53.279354372022134],[-60.403171517111581,53.279356805860878],[-60.403144442191824,53.279360151417201],[-60.403117342669503,53.279364396626924],[-60.403093288407682,53.279366871143516],[-60.403066191841944,53.279371114518462],[-60.403010540934126,53.279377791733062],[-60.40298194484491,53.279382022133554],[-60.402954869912932,53.279385368547167],[-60.402899266729335,53.279390249102953],[-60.402870692257977,53.279393581640527],[-60.402843661992854,53.279395127843799],[-60.402789510602652,53.279401821513872],[-60.402763961278268,53.27940428207171],[-60.40273688477469,53.279407626646872],[-60.402708287135788,53.279411856993285],[-60.402643623351032,53.279419350471706],[-60.402627083789767,53.279420995492806],[-60.402597035877662,53.279423415333937],[-60.402567008046958,53.279424934641909],[-60.402455802992549,53.279434696255571],[-60.402428772742304,53.279436245065668],[-60.402344617994814,53.279443558140365],[-60.402314591699181,53.27944508007419],[-60.402258986821813,53.279449958542955],[-60.402230460047832,53.279451494320632],[-60.402203406624814,53.279453940927333],[-60.402173380316476,53.279455462825645],[-60.402081869700687,53.279457315675252],[-60.402024813085227,53.279460385361403],[-60.40196920817236,53.27946526459548],[-60.401667274048727,53.279486750177298],[-60.401550071940754,53.279496452745725],[-60.401523041635372,53.279498002251046],[-60.401493038438346,53.279498626130788],[-60.40143148459336,53.279501652097579],[-60.401369978602112,53.279502883226542],[-60.401342951270749,53.279504431768132],[-60.401309969134076,53.279504128223451],[-60.401158334592488,53.279511718158723],[-60.401104229041131,53.279516610868995],[-60.401075703661242,53.279518145459207],[-60.40093144627744,53.279530293777071],[-60.400902871573109,53.27953362674431],[-60.400874341687029,53.279535162220704],[-60.400815738977336,53.279540013141585],[-60.400785669211878,53.279543331263362],[-60.400725566966834,53.279548169156719],[-60.400697040068252,53.279549704568076],[-60.40055877913337,53.279561909786253],[-60.40053175019343,53.279563456355142],[-60.400306339256012,53.279582947010248],[-60.400279262441224,53.279586291028572],[-60.400250709301588,53.279588724203371],[-60.40019356116499,53.27959538799368],[-60.400169481880766,53.279598758880148],[-60.40011385793251,53.279604537764705],[-60.400086781088596,53.279607881739445],[-60.400002624102015,53.279615194075895],[-60.39999810680402,53.279616050209007],[-60.399972577399815,53.279617613245513],[-60.399823822305947,53.279629721234031],[-60.399732241598322,53.279634266724756],[-60.399705237345316,53.279634917948663],[-60.39961515316336,53.279639478169564],[-60.399583579152164,53.27964278032411],[-60.399469399982216,53.279651614390708],[-60.399442369441495,53.279653160724415],[-60.39877521102499,53.279708112001288],[-60.398656602499116,53.279714206421971],[-60.398597997778801,53.279719056266281],[-60.398570967199568,53.279720604203192],[-60.39845074448592,53.279731177333545],[-60.39821633590315,53.279750578755902],[-60.398189306791267,53.279752126595127],[-60.398160756420658,53.279754559247792],[-60.398132179803845,53.279757889763381],[-60.398043481597561,53.279766955529531],[-60.397953327275268,53.279774210738928],[-60.397921754571399,53.279777514243513],[-60.397863154220964,53.279782365493908],[-60.397622771647967,53.279800811311809],[-60.397591242375526,53.279802318157337],[-60.397562738418664,53.279802954072721],[-60.397504134948989,53.279807803369152],[-60.397477105792227,53.279809351947435],[-60.39709396440611,53.279839956389736],[-60.397062438088703,53.279841463073033],[-60.396946732012488,53.279851177767426],[-60.396919702787919,53.27985272531933],[-60.396479431718191,53.279889091263392],[-60.396452402451587,53.279890638709546],[-60.396225488266317,53.279910105926461],[-60.396195413385165,53.279913423827239],[-60.396168384111057,53.279914972109374],[-60.395822766980636,53.279944124481261],[-60.395795736114223,53.279945669989623],[-60.395711579217846,53.27995298019222],[-60.395621450365724,53.27995933487216],[-60.3955643910435,53.279962399682589],[-60.395532841321725,53.27996480560936],[-60.39550281284054,53.279966323141061],[-60.395474262167269,53.279968755151657],[-60.395445733246284,53.279970287519482],[-60.395417181102594,53.279972721328228],[-60.395385654566937,53.279974224868155],[-60.395295499335319,53.27998147807169],[-60.395179885588703,53.279987596066697],[-60.39512128160208,53.279992445094379],[-60.39503110748722,53.280000595911318],[-60.394855438192444,53.280009753785791],[-60.394826884410051,53.280012183863754],[-60.39479985351857,53.280013731847397],[-60.394769849786435,53.280014351336746],[-60.394739800972872,53.280016768301195],[-60.394676743370667,53.280019779549995],[-60.394649692160677,53.280022225323812],[-60.394616690825842,53.280022816842092],[-60.394413988885788,53.280033520213877],[-60.394197613417603,53.280051283852067],[-60.394140463670645,53.280057943847389],[-60.394051785749426,53.28006610701437],[-60.394021685757011,53.280070322225932],[-60.393964559263907,53.280076083390242],[-60.393934463761731,53.280080298546061],[-60.393794609270039,53.280096075130771],[-60.393739002588511,53.280100952334585],[-60.393710475014664,53.280102484276618],[-60.393680399758907,53.280105799743914],[-60.393590292098523,53.280111255055843],[-60.393530188183966,53.280116088428791],[-60.393497166500836,53.280117581062605],[-60.393467113033303,53.28011999774067],[-60.393437085903741,53.280121516542138],[-60.393408533483317,53.280123947170082],[-60.39334398053871,53.28012694190469],[-60.393316926214993,53.280129389199715],[-60.393256871891445,53.280132424919039],[-60.393196767907625,53.280137258124213],[-60.393165241222505,53.280138763778645],[-60.39313518922247,53.280141180361952],[-60.393108159648548,53.28014272615097],[-60.393021004282296,53.280150006486828],[-60.392993976200422,53.28015155223877],[-60.392965420767084,53.280153984583769],[-60.392936916457252,53.280154617594242],[-60.392875362591759,53.280157642740484],[-60.392750845515202,53.280160079487722],[-60.392716366358549,53.280159759561116],[-60.392683361937117,53.280160353268101],[-60.392617404231402,53.280159741327083],[-60.392581405153059,53.280160304299045],[-60.3925514201296,53.280160025418063],[-60.392521391434833,53.280161544000414],[-60.392491412437614,53.280161265959599],[-60.392459910530278,53.280161871769529],[-60.392432880935921,53.280163418305911],[-60.392303863670747,53.280165813532498],[-60.392269385994609,53.280165492565231],[-60.392237879611756,53.28016610015073],[-60.392206401040966,53.280165807147092],[-60.392176372347635,53.28016732654288],[-60.392141916514582,53.280166106803328],[-60.392111911183797,53.280166728336475],[-60.392078933060354,53.280166421306653],[-60.392047476335684,53.280165229525636],[-60.391916961025515,53.280167612129631],[-60.391801346256344,53.280173726853114],[-60.391766843738949,53.280174305398631],[-60.391706790773064,53.28017734212731],[-60.391643780917384,53.280178554269696],[-60.39161373180324,53.280180970447596],[-60.391586724000753,53.280181617156742],[-60.391502635947575,53.280186227253694],[-60.391472583853073,53.280188645218985],[-60.391445552682818,53.280190190642777],[-60.391412482601524,53.28019347840376],[-60.391380952784054,53.280194982709141],[-60.391205144586323,53.280209524068731],[-60.391176615340527,53.280211055416494],[-60.390969228885616,53.280228897276054],[-60.390937678676856,53.280231301088669],[-60.390909150927051,53.280232833261557],[-60.390880643524596,53.280233465803306],[-60.390825084585074,53.280236545046357],[-60.390796578662012,53.280237176656605],[-60.390704997214137,53.280241719713615],[-60.390673492175416,53.280242323274003],[-60.390551880313033,53.280248381634053],[-60.390523375916757,53.28024901496827],[-60.390494843614356,53.280250546175559],[-60.390431838134127,53.280251758544793],[-60.390401807791747,53.28025327660518],[-60.390368829627171,53.280252970002913],[-60.390335800189391,53.280254460918023],[-60.390305822637004,53.280254182316774],[-60.390271321475488,53.280254757718048],[-60.390238292032649,53.280256248606165],[-60.390176783067922,53.280257473978963],[-60.390145302935743,53.280257180442689],[-60.390116798526456,53.280257813679789],[-60.390083840763161,53.280256609174934],[-60.390053858685377,53.280256329643748],[-60.390017904780713,53.280255095260948],[-60.389953443482675,53.280254494987993],[-60.389920417032009,53.280255985765713],[-60.389888938403914,53.280255692150561],[-60.389773321601609,53.280261805821397],[-60.38974327081614,53.280264221539838],[-60.389626132515922,53.280271219781071],[-60.389475945734496,53.280280604596541],[-60.389448914447676,53.280282150468501],[-60.389421861257958,53.280284595069467],[-60.389391832355862,53.280286112864573],[-60.38915442032129,53.280305468426299],[-60.389124344575997,53.280308783646753],[-60.388922976913157,53.280325780238286],[-60.388894449022821,53.280327311929732],[-60.388865894693005,53.280329741482788],[-60.388835821911584,53.280333056608249],[-60.388781645086418,53.280340639064505],[-60.38875159268482,53.280343054544659],[-60.388722993021567,53.280347282445106],[-60.388665841980135,53.280353938921394],[-60.388351764947089,53.280380667373421],[-60.388320234875103,53.280382170870503],[-60.388291683497343,53.280384601164208],[-60.388198601812185,53.280389124657233],[-60.388134091983289,53.280390321805385],[-60.388042511329608,53.280394859208023],[-60.387985404014707,53.280399719689356],[-60.387959825231974,53.280403074060295],[-60.387931273856175,53.280405506068291],[-60.387731381327534,53.280423411642055],[-60.387702806448246,53.280426740541131],[-60.387674254985406,53.280429169787013],[-60.387645653634749,53.280433396540701],[-60.387618578265901,53.280436737667806],[-60.387591523367369,53.280439181865489],[-60.387564446525779,53.280442524792001],[-60.387538845780369,53.280446779608269],[-60.387513291897193,53.280449236026605],[-60.387459136626411,53.280455919148523],[-60.387432037820901,53.280460160779967],[-60.387374884919282,53.280466816650083],[-60.387347784596294,53.280471058273605],[-60.387290634670698,53.280477714081066],[-60.387265032374366,53.280481968849912],[-60.387213877669005,53.280488680856628],[-60.387188275358334,53.28049293560904],[-60.387087438987948,53.280507272359017],[-60.387060385496625,53.280509715525099],[-60.387003232469183,53.280516371217566],[-60.386973135934326,53.280520583720133],[-60.386946083929828,53.28052302684916],[-60.38689195196779,53.280528812768615],[-60.386810719551811,53.280538839265162],[-60.386681329816753,53.280555603816389],[-60.386654229348551,53.280559844382516],[-60.386625679236801,53.280562273366762],[-60.386598600737564,53.280565616085696],[-60.386571569159663,53.28056716130655],[-60.386514393996428,53.280574714599858],[-60.386485796937215,53.280578941042634],[-60.386460239926841,53.280581398158397],[-60.386436160534728,53.280584768967614],[-60.386379008790264,53.280591423450225],[-60.386294759537535,53.280602320168342],[-60.386266156429478,53.280606546603224],[-60.386237581328913,53.280609876052324],[-60.386210457292314,53.280615014363605],[-60.386183380191106,53.280618355176877],[-60.386156256161136,53.280623494376101],[-60.38613217668351,53.280626863323612],[-60.386108050275539,53.280632030658381],[-60.386083972309919,53.280635400485281],[-60.386061320465188,53.280641479735714],[-60.386037197025786,53.28064664613364],[-60.386014593619485,53.280650927872259],[-60.385990467202177,53.280656096083554],[-60.385966318749645,53.280662160324027],[-60.385887947062194,53.280677603185353],[-60.385862344503849,53.280681857653967],[-60.385836721503416,53.280687012641138],[-60.385812640443618,53.280690380635285],[-60.385790037009969,53.280694663231728],[-60.38565764879089,53.28071140032079],[-60.385632049193042,53.28071565471781],[-60.385606470031838,53.280719008585329],[-60.385546320353626,53.280725635410526],[-60.385492118984992,53.280734116922638],[-60.385437964530709,53.280740799118036],[-60.385412407417,53.280743258710537],[-60.385359754030844,53.280749955836264],[-60.385334198353235,53.280752412700174],[-60.385283042994708,53.280759122980712],[-60.385233338726977,53.280767645721326],[-60.385206261450648,53.280770986313364],[-60.38515505908272,53.280779494930997],[-60.385127934843467,53.280784634797378],[-60.385103856694208,53.28078800352673],[-60.385079752061394,53.280792271919552],[-60.385055672420499,53.280795641550597],[-60.385005968008322,53.280804161496029],[-60.384981891377478,53.280807531990149],[-60.38485542874551,53.280827018967351],[-60.384826804846263,53.280832143781545],[-60.384774149754428,53.280838840660593],[-60.384747048894987,53.280843079894417],[-60.384718470491862,53.280846408102562],[-60.384694392293376,53.280849777649728],[-60.38466878949221,53.280854030962644],[-60.384644712806093,53.2808574013889],[-60.384616135868669,53.280860728661217],[-60.384589034979342,53.280864967859237],[-60.384561956124777,53.280868310116993],[-60.384510754993038,53.280876817547501],[-60.384382862923687,53.280893595500352],[-60.384357260083277,53.280897849646848],[-60.384304603332936,53.280904546330277],[-60.384254901701524,53.280913068642079],[-60.384208196164138,53.280921617338734],[-60.384159940998821,53.280931949438326],[-60.384108716213326,53.280941356342673],[-60.38408313534817,53.280944712596195],[-60.384056012319434,53.280949849507756],[-60.384004807983331,53.280958356744001],[-60.383955056188732,53.28096867644485],[-60.383906781895597,53.280979907154638],[-60.383885632158069,53.280986000967033],[-60.383819246744245,53.281001555306638],[-60.383799595024804,53.281007661411195],[-60.383773995061112,53.28101191541063],[-60.383748346527277,53.281017966006708],[-60.383722723010933,53.281023117840554],[-60.383701592242538,53.281028312908262],[-60.383651840236674,53.281038629782429],[-60.383629215915498,53.281043812494502],[-60.383602113271095,53.281048049679626],[-60.383579485897549,53.281053230604122],[-60.383525286701015,53.281061710302644],[-60.383499635078998,53.281067759967449],[-60.383474035048927,53.281072013902737],[-60.383397181841872,53.281086572311096],[-60.383324778732003,53.281102968680614],[-60.383255351221059,53.281120292859704],[-60.383232700233734,53.2811263724642],[-60.383208596722177,53.281130640468994],[-60.383160370619052,53.28114007337571],[-60.383133267903368,53.281144312255144],[-60.38311064040284,53.281149492190771],[-60.383035288018867,53.281164064461258],[-60.382987032329858,53.281174397888599],[-60.382704873702586,53.281241851023466],[-60.382679270483649,53.281246104811004],[-60.382655121185884,53.281252166583201],[-60.3826309955383,53.281257335006501],[-60.3826038942154,53.281261574655197],[-60.382558638936374,53.28127193342192],[-60.382536034864117,53.281276215403793],[-60.38248927999993,53.281286561831955],[-60.382370122759973,53.28131330312285],[-60.38236258372897,53.281315030894881],[-60.382336980431546,53.281319284609189],[-60.382312854632936,53.281324449367446],[-60.38226164951363,53.281332956758199],[-60.382237520693913,53.28133812152349],[-60.382210395744025,53.28134326072869],[-60.382162144119945,53.281353591989799],[-60.382139539945662,53.281357872996566],[-60.38209428298584,53.281368233399377],[-60.382068660578042,53.281373385768312],[-60.382046031342234,53.281378566414126],[-60.382020427937597,53.281382818260262],[-60.381993304434921,53.281387957405165],[-60.381916476712959,53.281401616095337],[-60.381890920422514,53.281404071323287],[-60.381863818931784,53.281408310804373],[-60.381835241422216,53.281411638312633],[-60.381751080600282,53.281418935971281],[-60.381696924715442,53.281425618273524],[-60.381594516949775,53.28144263158346],[-60.381571889102652,53.28144781122829],[-60.381544786031277,53.281452049747941],[-60.38145427310031,53.281472770075631],[-60.381356269587251,53.281493418741412],[-60.381333616627458,53.281499497997835],[-60.38130801610091,53.281503750569549],[-60.381283891592801,53.28150891600955],[-60.381187477365543,53.281525986418593],[-60.381103314701456,53.28153328363247],[-60.381077734724066,53.281536638332092],[-60.381052134167824,53.281540891749266],[-60.381028055264203,53.281544259658311],[-60.381005425828754,53.28154944100767],[-60.380931615751138,53.281562227717274],[-60.380908989280009,53.281567408125966],[-60.380863804028664,53.281575070916588],[-60.380836749492516,53.281577512674581],[-60.380814099417698,53.281583591810538],[-60.380791472883821,53.281588770396553],[-60.380714734285192,53.28159883516809],[-60.380690608148669,53.281604000499598],[-60.380636496048915,53.281608885753741],[-60.380553785546276,53.281617994207728],[-60.380528162781843,53.281623145346622],[-60.380451425560011,53.281633209938093],[-60.380373165069152,53.281644157285022],[-60.380347561372922,53.281648410573624],[-60.380322007845805,53.28165086544405],[-60.380212193889115,53.281664213698662],[-60.380133887602888,53.281676959268424],[-60.380112760576608,53.281682153669507],[-60.380085657190548,53.281686390958356],[-60.380061505844154,53.281692455819453],[-60.380035905073072,53.281696708118943],[-60.379942371075934,53.281718297737946],[-60.379915247051102,53.281723433711079],[-60.379865539089423,53.281731955133367],[-60.379836962687108,53.281735281252779],[-60.379812880571833,53.28173864893941],[-60.379788777869912,53.281742916244305],[-60.379737620452865,53.281749625053614],[-60.379710494899541,53.281754761891676],[-60.379660835578342,53.281761485727706],[-60.379562899872077,53.281779437601152],[-60.379537270881329,53.281784588572215],[-60.379490563469993,53.281793137228199],[-60.379463461471268,53.281797375265263],[-60.379437836963866,53.281802526181799],[-60.379407735756828,53.28180673680307],[-60.379383631473267,53.281811004037436],[-60.379358051209856,53.28181435926949],[-60.379303918018792,53.281820139942681],[-60.379221257090848,53.281827451763299],[-60.37919125033514,53.28182806825037],[-60.37915976758876,53.281827771829747],[-60.379128264264438,53.281828375924135],[-60.37901854245343,53.281838128113733],[-60.37898996591229,53.281841454030712],[-60.37887874744834,53.281851192812731],[-60.378824568412639,53.281858771647791],[-60.378800440377205,53.281863935709062],[-60.378654320418256,53.281889523201897],[-60.378625718681548,53.281893747787798],[-60.378544554041866,53.281901070623618],[-60.378516024722117,53.281902600738],[-60.378456011098606,53.281903834250414],[-60.37842598214413,53.281905349279022],[-60.378394499362372,53.281905053556848],[-60.378329989902305,53.281906244489313],[-60.378297007509254,53.281905934575768],[-60.378267002184714,53.281906550819514],[-60.378235520867889,53.281906253243818],[-60.378203992329134,53.281907755850227],[-60.378172511011648,53.281907458257898],[-60.378143956512723,53.281909886139005],[-60.378116879446274,53.281913225114913],[-60.378091322679197,53.281915682231237],[-60.378064291386202,53.28191722371659],[-60.378031307502127,53.281916914640902],[-60.378001350953539,53.281915733317064],[-60.377968346394404,53.281916321146213],[-60.37794281474455,53.28191787857466],[-60.377915759818045,53.281920319671407],[-60.377888679777769,53.281923661318395],[-60.377861649992482,53.281925203647042],[-60.377836069501114,53.281928556752881],[-60.377806015337903,53.281930969481145],[-60.377702196837447,53.281944373930102],[-60.377503817432533,53.281961377820359],[-60.377475242171172,53.281964702463817],[-60.377446686072169,53.281967129289093],[-60.377353738699718,53.281966254589065],[-60.3773207844281,53.281965045627807],[-60.377260770694249,53.281966279439473],[-60.377084947199648,53.281980800049581],[-60.377056441396753,53.281981429269997],[-60.377000877640988,53.281984502996202],[-60.376970870700099,53.281985117124677],[-60.376939390851142,53.28198482009622],[-60.376876473999751,53.28198242945836],[-60.376848061432895,53.281979467262161],[-60.376819625146737,53.281977401103156],[-60.376794068263827,53.281979857941913],[-60.376772916971106,53.281985948697553],[-60.376750310429934,53.281990229597227],[-60.376723233218918,53.281993569157521],[-60.376696176669903,53.281996009989093],[-60.376666149104082,53.281997525464249],[-60.376636094823269,53.281999937898114],[-60.376606064229762,53.282001452480017],[-60.376574582886541,53.282001156266588],[-60.376546051867088,53.282002683220547],[-60.376511572797178,53.282002358603371],[-60.376483064002599,53.282002989509358],[-60.376451581156644,53.282002693274507],[-60.376393022549401,53.282005735605516],[-60.376363039297502,53.282005452636973],[-60.376330036198937,53.282006042702733],[-60.376304431857051,53.282010294225294],[-60.376260675355191,53.282020664790217],[-60.376236546950608,53.282025830134714],[-60.376155380168655,53.282033153158523],[-60.376125374754906,53.282033770664349],[-60.376090894141264,53.282033445036447],[-60.37605943642356,53.282032248142031],[-60.375944191775616,53.282023973018738],[-60.375821355827277,53.2820192208655],[-60.375789850766154,53.282019822289307],[-60.375759914886906,53.282017741679994],[-60.375698497678641,53.28201536551871],[-60.37564298414518,53.282016640201377],[-60.37558587315916,53.282021492957675],[-60.375530217425698,53.282028159154969],[-60.375363389232675,53.28204276154537],[-60.375310729644177,53.282049455167979],[-60.375285128176941,53.282053706450149],[-60.375233966676127,53.282060414253849],[-60.375181355914968,53.282065308518987],[-60.375152823352401,53.282066837851723],[-60.375122843066585,53.282066554549459],[-60.375091382362896,53.282065358321972],[-60.374998436306583,53.28206448177589],[-60.374996938192751,53.282064467557404],[-60.374966932700261,53.282065082971421],[-60.374933951719122,53.282064773017396],[-60.374906898004419,53.282067212521319],[-60.374879793901897,53.282071451330573],[-60.374855666764418,53.282076614584938],[-60.374811883160696,53.282087885186826],[-60.374765172934772,53.282096431107647],[-60.374656952038791,53.282106194379331],[-60.374626924299427,53.282107708441366],[-60.374517203705949,53.282117456474111],[-60.374485697085028,53.282118059365196],[-60.374457167391306,53.282119584908749],[-60.374425685969683,53.282119288128357],[-60.374301160478097,53.282121708349933],[-60.374238105730747,53.282124708753713],[-60.374209598280451,53.282125337305196],[-60.374176568288767,53.282126823741415],[-60.3741195533823,53.282128080808164],[-60.374088000798388,53.282130481071981],[-60.373958982368435,53.282132856435126],[-60.373929021299865,53.282131675922081],[-60.373897539853054,53.282131378102036],[-60.373864535058587,53.282131964796307],[-60.373801570681636,53.282131370025091],[-60.373770065503621,53.282131970915735],[-60.373737108190134,53.282130760986334],[-60.373708648230249,53.28212959372992],[-60.373611206219365,53.282128674310222],[-60.373581173917941,53.282130188142162],[-60.373551214307611,53.282129004822444],[-60.373518234766792,53.282128693565809],[-60.373485228502609,53.282129281966583],[-60.373423812712616,53.282126902822519],[-60.373390807931962,53.282127490285937],[-60.373356328756799,53.282127163856615],[-60.373326367707115,53.282125983192053],[-60.373260405628159,53.282125360567278],[-60.373227446775388,53.282124147807245],[-60.373200510230618,53.282122097715416],[-60.373172099280694,53.282119132831383],[-60.373143661603713,53.282117067607025],[-60.373115249177168,53.282114103620636],[-60.37308529107338,53.282112919272514],[-60.373056854924926,53.282110854916667],[-60.373025397244419,53.282109658122032],[-60.372998482945569,53.28210670835103],[-60.372973091997615,53.282102873162408],[-60.372949222936292,53.28209815436859],[-60.372926877246336,53.282092551059257],[-60.372903009697865,53.282087832245161],[-60.372875979635083,53.282089374345119],[-60.372830770131515,53.282097933732963],[-60.372802237401878,53.28209945980305],[-60.372746959744703,53.282091748407836],[-60.372633308713922,53.282079891153472],[-60.372604918563553,53.28207602651154],[-60.372579573734789,53.282070396462196],[-60.372534933004744,53.282057392189834],[-60.372509540661007,53.28205355871367],[-60.372479628685461,53.282050579436429],[-60.372448194823257,53.282048483745143],[-60.372415215367333,53.282048173083417],[-60.372383754763,53.28204697704146],[-60.372352274905005,53.282046679702461],[-60.372320768244151,53.2820472793208],[-60.372289335912122,53.282045184476814],[-60.372257878317299,53.282043988379684],[-60.372229442197295,53.282041921125476],[-60.372205571766486,53.282037203093502],[-60.372151816171971,53.282028606931014],[-60.37212492574848,53.282024758218206],[-60.372069600752759,53.282018843096132],[-60.372014250482891,53.282013825803197],[-60.371985861932671,53.282009961002466],[-60.371812244881085,53.281997535702935],[-60.371780765080011,53.281997239113146],[-60.371690888223696,53.281993690462294],[-60.371657905790556,53.281993378712677],[-60.371626448249579,53.281992182448725],[-60.371598036006851,53.281989218100044],[-60.371571147140223,53.281985368350838],[-60.371548801704947,53.281979765682443],[-60.371527978146112,53.281973277627621],[-60.371510202896289,53.281965021472942],[-60.37149240237153,53.281957664070667],[-60.371467036925573,53.281952929805293],[-60.371407118114263,53.281950564795196],[-60.371378683615497,53.28194849822691],[-60.371345723499076,53.281947287657694],[-60.371317241438632,53.28194701856291],[-60.371257322661322,53.281944654377703],[-60.371197264106172,53.281947679003828],[-60.37116732854232,53.281945599941253],[-60.371116547179597,53.281937929676758],[-60.371091178800086,53.281933196253384],[-60.371067287731812,53.281929374914398],[-60.371011966004133,53.281923459278509],[-60.370982028926989,53.281921378379813],[-60.370925204606827,53.281915448467537],[-60.370895267539254,53.281913367547013],[-60.370865357289816,53.281910388753218],[-60.370724675694568,53.281900070424228],[-60.370658760040655,53.281897647081294],[-60.370603387825795,53.28189352966568],[-60.370576475270738,53.281890576635028],[-60.370546539793494,53.28188849831654],[-60.370438981972036,53.281873098353941],[-60.370412117100237,53.28186835049884],[-60.370385203108206,53.281865399236338],[-60.370329924673925,53.281857686728451],[-60.370300012980721,53.281854706903275],[-60.370274620915417,53.281850871149324],[-60.370217796801299,53.281844941799335],[-60.370190859029954,53.281842889236827],[-60.370099627473572,53.281833938043469],[-60.370069693486705,53.281831855993119],[-60.370041281453972,53.281828891272582],[-60.370011344487381,53.281826810129722],[-60.369957565756437,53.281819110818674],[-60.369905356605614,53.281808730434257],[-60.369886032963429,53.281802255462516],[-60.369863713156654,53.281795753722037],[-60.369839868416648,53.281790135559611],[-60.369812979847012,53.281786286312958],[-60.369783045943116,53.28178420599091],[-60.369751563284353,53.281783907986409],[-60.369724531753043,53.281785447582322],[-60.369695976852014,53.281787874342541],[-60.369667542520979,53.281785806465201],[-60.369588371941632,53.281774271098065],[-60.369559961481258,53.281771306251571],[-60.369534569529954,53.281767470339531],[-60.369510704067707,53.281762752633497],[-60.369483814005392,53.281758901522885],[-60.369458445926902,53.28175416865114],[-60.369403169300483,53.281746455701295],[-60.369346296216555,53.281742319832688],[-60.369316384687927,53.281739340660387],[-60.369259516200735,53.281735208318402],[-60.36923260235065,53.281732255894816],[-60.369177321249225,53.281724541072379],[-60.36915040896821,53.281721591319943],[-60.369072741267978,53.281710070768725],[-60.368959093712476,53.281698209092653],[-60.368932203738929,53.281694357857241],[-60.36890683572183,53.281689623067223],[-60.368884514654951,53.281683122953929],[-60.368860647771314,53.281678403327732],[-60.368793639778382,53.281660691412512],[-60.368768249498153,53.281656857126208],[-60.368742880018942,53.281652122312067],[-60.368657646002532,53.281643224467309],[-60.368602368157411,53.281635511155926],[-60.368520227321262,53.281623049524953],[-60.368497858589244,53.281618343225482],[-60.368467969563042,53.281614466007085],[-60.368315747368875,53.281586958869475],[-60.368268061549628,53.281575722796227],[-60.368244242487883,53.28156920555849],[-60.368139898705344,53.281545747917818],[-60.368117577791935,53.281539245859584],[-60.368093734903994,53.281533626435113],[-60.368040004598832,53.281524129668767],[-60.368014589074278,53.281521192175518],[-60.367984630101049,53.281520011055832],[-60.367953219204992,53.281517016344452],[-60.367924786635463,53.281514948039501],[-60.36789637195168,53.281511982828192],[-60.367869506080098,53.28150723440892],[-60.367839620154349,53.281503355210063],[-60.367814183821089,53.281501317296126],[-60.367732016603298,53.281489753885594],[-60.367706674216691,53.281484120984686],[-60.367676761439377,53.281481139610214],[-60.367652897803055,53.281476419719311],[-60.367623032829087,53.281471644444821],[-60.367599166181435,53.281466923664723],[-60.367494703623962,53.281447956474615],[-60.367467861718296,53.281442310120973],[-60.367439499348507,53.281437547280269],[-60.367415629772019,53.281432828285581],[-60.367390217328925,53.281429889736764],[-60.367364849671993,53.28142515641769],[-60.367340959211617,53.281421334329337],[-60.367318590730456,53.281416628707817],[-60.367139529601673,53.281383471857055],[-60.367118686144053,53.281377882649856],[-60.367094818101137,53.281373161779207],[-60.366994899576184,53.281352443205428],[-60.366969557347971,53.28134680924677],[-60.366904048768291,53.281329112383474],[-60.36687720701363,53.281323465896165],[-60.366853318154533,53.281319643698772],[-60.366827974498385,53.281314011521246],[-60.366775698076466,53.281306325969361],[-60.366727915856615,53.281298679761171],[-60.36667259251692,53.281292762127777],[-60.366644204985803,53.281288899652097],[-60.366564964432982,53.281280056700247],[-60.366541099526856,53.281275336596657],[-60.366419954384739,53.281263401833662],[-60.366297220104663,53.281255043960094],[-60.366268759444004,53.281253876736237],[-60.366116090358929,53.281243437472831],[-60.3660846305213,53.281242240666131],[-60.366051699463355,53.281240128954231],[-60.366023241804591,53.28123896074964],[-60.365958874799688,53.281234752537053],[-60.365930460432821,53.281231786855891],[-60.365902028145008,53.281229718067415],[-60.365816816468076,53.281219921264558],[-60.365792950174182,53.281215201021638],[-60.36576903757036,53.28121227734988],[-60.365716804752537,53.281202793878059],[-60.365688418848627,53.281198930263031],[-60.365661553412927,53.281194181344318],[-60.365577863808262,53.281183498162015],[-60.365550998430614,53.281178751018764],[-60.365524110601726,53.281174899901337],[-60.365501740925041,53.281170193048176],[-60.365476376612335,53.28116545840367],[-60.365452462573337,53.28116253557932],[-60.365427122195392,53.281156903081019],[-60.365400210447447,53.281153948878568],[-60.365376365138957,53.281148329830195],[-60.365325585750426,53.281140657990974],[-60.36525246218261,53.281127381375747],[-60.365227077015568,53.281123545399659],[-60.365176342484027,53.281114075131207],[-60.365151002170471,53.281108442573931],[-60.365127113563453,53.281104619129231],[-60.365101744823967,53.281099884437374],[-60.365074857120277,53.281096035018706],[-60.365019558159368,53.281089216972539],[-60.364935750850549,53.281083027944739],[-60.364907339656689,53.281080061997265],[-60.364884971598194,53.281075355016974],[-60.364859605906403,53.28107062025159],[-60.364837285714231,53.28106411667563],[-60.364816489045197,53.281056729587888],[-60.364797215845286,53.281048456288474],[-60.364777894866776,53.281041983173523],[-60.364755573199751,53.281035479593015],[-60.364730231485026,53.281029846956699],[-60.364703342319395,53.281025995664351],[-60.364676429236148,53.281023043109322],[-60.364619562068924,53.281018905847873],[-60.364594171031321,53.281015070680319],[-60.364510437205439,53.281006185111494],[-60.364485071577029,53.281001449365817],[-60.364432770516437,53.28099466153764],[-60.364408879067668,53.280990839770709],[-60.364385014537582,53.280986118333601],[-60.364358101500549,53.280983165706523],[-60.364332735920449,53.280978430828569],[-60.364305846821843,53.280974579446244],[-60.364280484292962,53.280969846335836],[-60.364255141121951,53.280964210908273],[-60.364183682334499,53.280944659496051],[-60.36416131742903,53.280939952357542],[-60.364135999763228,53.280933419950692],[-60.364112132308691,53.280928699380674],[-60.364039130670022,53.280910929190341],[-60.363958894593239,53.280883203746377],[-60.363891981147283,53.280861896821207],[-60.363872684309435,53.280854523914904],[-60.363851841529801,53.280848934133481],[-60.363771701472785,53.280817614488996],[-60.363752379213516,53.280811139417033],[-60.363696009349795,53.280788135348025],[-60.363657414293996,53.280773388578723],[-60.36363509597556,53.280766886565658],[-60.363591979795146,53.280752994555428],[-60.363568161911402,53.280746477278377],[-60.363541344881938,53.280739930392826],[-60.36351897865076,53.280735223143857],[-60.363447450199082,53.280718365705582],[-60.363404286229802,53.280706271113644],[-60.363380421985227,53.28070155037441],[-60.363355080646116,53.280695917444042],[-60.363331262811563,53.280689399219099],[-60.363305919983937,53.280683766289101],[-60.36326278005911,53.280670773802477],[-60.363221210081107,53.280655099436778],[-60.36318266323277,53.280638555925925],[-60.36316336661676,53.280631182903669],[-60.363142547955469,53.280624692453458],[-60.363121750305631,53.280617305978687],[-60.363035568073443,53.280587726771287],[-60.363003064494983,53.28056944226887],[-60.36297365444981,53.28054759421358],[-60.362961994936867,53.280534899625081],[-60.362950861213861,53.280502442595782],[-60.362948267996885,53.280487140653122],[-60.362941153615346,53.280472692564445],[-60.36292792573888,53.280462681621671],[-60.362911676278884,53.280453539790265],[-60.362890853253852,53.280447050228268],[-60.3628667495352,53.280451313217533],[-60.362855947085663,53.280462892713899],[-60.362849521981289,53.280479008118029],[-60.362834244823624,53.280489646687826],[-60.362811637647951,53.280493924948679],[-60.362781631543982,53.280494537304094],[-60.362754744423476,53.280490687359581],[-60.36273242783561,53.280484182464534],[-60.362693783971508,53.280471233777895],[-60.362656714567784,53.280455602289663],[-60.362624209748702,53.280437317693391],[-60.362609482400678,53.280427292351604],[-60.362593231519597,53.280418150487279],[-60.362578526667697,53.280407227309375],[-60.362565346774488,53.280395416138568],[-60.362553663493557,53.280383622052945],[-60.36254350527863,53.280370945376767],[-60.36253636556583,53.28035739511693],[-60.362547217511533,53.280344018151617],[-60.362572796807456,53.280340669234512],[-60.362592476754592,53.280333667862173],[-60.362589907642374,53.28031746716745],[-60.362546766763643,53.28030447262902],[-60.36252897146079,53.280297113856086],[-60.362509675110573,53.280289740726559],[-60.362488828257518,53.280284149836902],[-60.362461941258616,53.280280298025119],[-60.362438074349477,53.280275577117301],[-60.362411163408851,53.280272624937567],[-60.36235279642888,53.280268474035083],[-60.362325883960089,53.280265520046427],[-60.362267516997576,53.280261369102121],[-60.362240604557044,53.280258415994403],[-60.362215215644092,53.28025457850584],[-60.362189802779433,53.280251640655358],[-60.362162914306928,53.280247787886566],[-60.362137552422794,53.280243053416861],[-60.362112136529817,53.280240113771015],[-60.362106166831687,53.280239158416101],[-60.362085249627739,53.280236263674482],[-60.362026930682582,53.280230315125614],[-60.361965468744962,53.280229728463944],[-60.36193701033811,53.280228558391528],[-60.361847211445969,53.280222309663102],[-60.361768045808873,53.28021076908113],[-60.361744180515544,53.280206048023082],[-60.361718791713209,53.28020221222895],[-60.361693452350572,53.28019657713164],[-60.361668086005231,53.280191840793826],[-60.361615901828849,53.280180559840439],[-60.361592039572905,53.280175838730088],[-60.361531078589898,53.280156384559959],[-60.361490986781085,53.280141621794449],[-60.361468619600082,53.280136915069384],[-60.361443230862804,53.280133079216284],[-60.361416366538698,53.280128328435545],[-60.361370206142823,53.280116204333495],[-60.361346340945246,53.280111483195327],[-60.361298634576805,53.280101143061742],[-60.361252474243159,53.280089018913806],[-60.361177878160433,53.280074826661689],[-60.36115098990561,53.28007097456404],[-60.361121083096421,53.280067993306659],[-60.361092696791594,53.280064125902449],[-60.361008962557641,53.280055239685446],[-60.360985095912973,53.280050517585266],[-60.360935818136021,53.280042858251051],[-60.36091195451025,53.280038136114491],[-60.360885066283686,53.28003428305643],[-60.36086120272244,53.280029563610384],[-60.360764337368082,53.280007070171422],[-60.360741970317761,53.280002362409114],[-60.360695808725843,53.279990237155033],[-60.360646628651473,53.279978985418076],[-60.360619788499605,53.279973334813633],[-60.360595946004636,53.279967716592751],[-60.360572082475592,53.279962995288045],[-60.360525945018885,53.279949973025133],[-60.360457443611196,53.279932242906561],[-60.360409734631276,53.279921901536795],[-60.360366548299965,53.27991070458021],[-60.360341209302966,53.279905070094117],[-60.360320365938556,53.279899479701726],[-60.360296524971183,53.279893858709016],[-60.360275680115997,53.279888268319603],[-60.360198159177507,53.279871350425388],[-60.36011907121722,53.279857114282358],[-60.360096704333017,53.279852407298549],[-60.360071312862054,53.279848570273423],[-60.36001749178164,53.279842662135074],[-60.359986012091163,53.279842361535586],[-60.359960458443069,53.279844812944319],[-60.359936353280389,53.279849076252589],[-60.359918150149994,53.279856991217919],[-60.359856115050661,53.279877965176645],[-60.359836484463159,53.279883171302686],[-60.359810879693399,53.279887418386757],[-60.359758269814691,53.279892308546636],[-60.359705993342288,53.279884619003255],[-60.359680652925974,53.279878983486959],[-60.359655291511025,53.279874247586839],[-60.359598420356306,53.279870109765966],[-60.359568510769058,53.279867127239548],[-60.359540078194087,53.279865057839977],[-60.359513166202028,53.279862105015056],[-60.359484733632932,53.279860035602276],[-60.359399547129222,53.279849335473592],[-60.359371114573776,53.279847266033684],[-60.359342657987078,53.279846095329972],[-60.359312724417229,53.279844012382497],[-60.359122489466984,53.279836799789926],[-60.359089508711435,53.279836482756615],[-60.359029596552332,53.279834115091433],[-60.35899808977279,53.279834710294992],[-60.358968111111103,53.279834422924715],[-60.358905100660898,53.279835618670859],[-60.358876620049749,53.279835346598809],[-60.358846614321642,53.279835957062325],[-60.358818084118603,53.279837482472985],[-60.358788079890012,53.279838092910957],[-60.358729521405479,53.279841127473837],[-60.358699515670793,53.279841737900369],[-60.358670988462357,53.279843263254243],[-60.358613974609327,53.279844515609575],[-60.358552418516361,53.279847520346777],[-60.358495308410689,53.279852365816573],[-60.358343665975134,53.279859902234669],[-60.358130634221659,53.279864150890397],[-60.358102105474472,53.279865676119144],[-60.358072147869137,53.2798644907027],[-60.358039119010307,53.279865972665149],[-60.358007639292744,53.279865670643211],[-60.357977607945941,53.279867178741618],[-60.357884596152523,53.279868984153893],[-60.357827538594741,53.279872032686441],[-60.357769028160462,53.279873271092953],[-60.357620381563095,53.279880834562363],[-60.357591828660532,53.279883255711212],[-60.357563320929181,53.279883881189768],[-60.35742205153106,53.279896008460739],[-60.357392021696832,53.279897519101738],[-60.357361969232876,53.279899925766436],[-60.35733044135884,53.279901421951578],[-60.357295962562539,53.279901091782136],[-60.357265956761431,53.279901701848203],[-60.357167021952321,53.279900752728061],[-60.357137014719235,53.279901366373451],[-60.357104038446693,53.279901049659053],[-60.357074031158298,53.279901660587882],[-60.357042577020714,53.279900460458002],[-60.357012595334574,53.279900173518094],[-60.356982565445804,53.279901682255577],[-60.356951085706349,53.279901379954808],[-60.356922580973951,53.279902006158927],[-60.356886601122227,53.27990166054655],[-60.356856599855867,53.279902272277731],[-60.356760730416326,53.279898657307868],[-60.356658793543588,53.279897678913301],[-60.356628838973833,53.279896494012867],[-60.356594360166653,53.279896162740279],[-60.356564330264803,53.279897671372495],[-60.35653132693654,53.279898255064424],[-60.356502796567433,53.279899778121205],[-60.356441288442518,53.27990098518449],[-60.356414257622795,53.279902523561475],[-60.356379778811728,53.279902192226857],[-60.356349773012226,53.27990280296271],[-60.356318294794562,53.279902501384328],[-60.35628826341172,53.279904011758369],[-60.356228254828174,53.27990523405515],[-60.356169649321565,53.279910063036041],[-60.356040633419909,53.279912421714336],[-60.356010675779196,53.279911233079204],[-60.355980695591576,53.279910945869091],[-60.355950689797112,53.279911557404809],[-60.3558892766141,53.279909171924622],[-60.355793337874942,53.27990825058253],[-60.355763310974204,53.279909760792101],[-60.355701801307823,53.279910967484916],[-60.355670249215834,53.279913360173474],[-60.355608692800615,53.279916363392388],[-60.355488481074268,53.279925994522429],[-60.355459973278201,53.279926619498404],[-60.355402912454139,53.279929666893416],[-60.35537440613821,53.279930290937905],[-60.355251291739172,53.279936298850167],[-60.355219789380961,53.279936895724425],[-60.355189759434239,53.279938405811279],[-60.355120801783791,53.279937743324439],[-60.355024793620707,53.279939517570178],[-60.354996260180449,53.279941041188586],[-60.354964756276445,53.279941636205791],[-60.354931731747214,53.279943117275955],[-60.354900224836548,53.279943712297637],[-60.354873171287011,53.27994614815708],[-60.354841641782684,53.279947643695486],[-60.354758980102474,53.279954938564572],[-60.354731947646115,53.279956474770877],[-60.354670342869724,53.279961276791276],[-60.354577256782179,53.279965774963152],[-60.354551699716119,53.279968224335676],[-60.354523170744763,53.27996974780875],[-60.354496115672326,53.279972184493793],[-60.354466087157462,53.279973693487612],[-60.354402982732196,53.279978478203411],[-60.354371454688334,53.279979973606878],[-60.354308347256584,53.279984759194406],[-60.354245292634225,53.279987749032074],[-60.354126576885513,53.279997391480961],[-60.354096503036949,53.280000696944803],[-60.354067972542516,53.280002221220144],[-60.353794423496772,53.280026551502651],[-60.353767345678342,53.28002988585397],[-60.353738789480317,53.280032307903461],[-60.353710187960822,53.280036526509029],[-60.353683132797947,53.28003896300995],[-60.353654532752493,53.280043180691209],[-60.353574865253272,53.280050503725526],[-60.353549332250495,53.280052055041537],[-60.353490699065745,53.280057781471591],[-60.353403539809499,53.280065031957221],[-60.353230692062318,53.280080445093475],[-60.353199115555341,53.280083736771687],[-60.35316756170495,53.280086129710092],[-60.353075974700097,53.280090640293785],[-60.353017367065505,53.280095467738576],[-60.352867198102132,53.280103910426149],[-60.352838691626602,53.280104533865128],[-60.352808662973906,53.280106043342414],[-60.352538374600648,53.280120516280284],[-60.352506823688422,53.28012290902263],[-60.352388082975033,53.280133448485842],[-60.352358007407915,53.280136754423083],[-60.352297898597122,53.280141567933327],[-60.352072440485713,53.280161865332452],[-60.352045359457328,53.280165200215308],[-60.352016807537588,53.280167620020478],[-60.351903893905394,53.280184507294528],[-60.351876814315389,53.280187840327969],[-60.351681384538502,53.280206628646589],[-60.351606142416564,53.280216689196735],[-60.351553434331592,53.280225168909688],[-60.351470697359893,53.280235154139334],[-60.351416562314,53.280240924862767],[-60.351387957398586,53.280245142033877],[-60.351327852845465,53.280249955924212],[-60.351297772587813,53.280253260726575],[-60.351269222085172,53.280255681242636],[-60.351094727958177,53.280276468334193],[-60.351066169917814,53.280278888855364],[-60.351036092623069,53.280282193570429],[-60.350975986474438,53.280287007294447],[-60.3509444111018,53.280290296565632],[-60.350884301909005,53.280295109364751],[-60.350855724155672,53.280298429445601],[-60.350797019121245,53.280306850768881],[-60.35077291575292,53.280311111307554],[-60.350718733532041,53.280318676487276],[-60.350690151225685,53.280321995660486],[-60.350658600056555,53.28032438791476],[-60.350627024666842,53.280327678902594],[-60.350566913864284,53.280332490652484],[-60.350536839549768,53.280335797921225],[-60.350419573052307,53.280347247785279],[-60.350365390721578,53.280354812804859],[-60.350335339078462,53.28035722039148],[-60.350306735478256,53.280361437293195],[-60.350222543874224,53.280369611478811],[-60.350195515524241,53.280371148426703],[-60.350136857209414,53.28037777195285],[-60.350106757063067,53.280381976065399],[-60.350079701432527,53.280384409949868],[-60.350020994621623,53.280392830902777],[-60.349992390983772,53.280397048629531],[-60.349962289289401,53.280401251816166],[-60.349878102062817,53.28040942662723],[-60.349849522668464,53.280412747378485],[-60.34982246702112,53.280415182104981],[-60.349796886671747,53.280418529191522],[-60.349771354823908,53.280420080589515],[-60.349741275842462,53.280423385889669],[-60.349715745455931,53.28042493546458],[-60.34968868982866,53.280427371961252],[-60.34963302896162,53.280434024302764],[-60.349548843107371,53.280442198871164],[-60.349377341909019,53.280463009842329],[-60.349354739401448,53.280467286414847],[-60.349327660948099,53.280470619760329],[-60.349272046973674,53.280475475361271],[-60.34924354022484,53.280476099742465],[-60.349212014570348,53.280477591061825],[-60.349184957342167,53.28048002565464],[-60.349156377845212,53.280483346240146],[-60.349105216971736,53.280490041022901],[-60.34908103757602,53.280496997467012],[-60.349056932442203,53.280501258570752],[-60.349007125563858,53.28051335939535],[-60.348909131060729,53.280533082720822],[-60.348832315320699,53.28054582051363],[-60.348802213404873,53.280550023408232],[-60.348752501955957,53.280558530971476],[-60.348729894792505,53.280562805657532],[-60.348701292412855,53.280567023064741],[-60.348677162943147,53.280572182833616],[-60.348650058590742,53.280576413877711],[-60.348627451407467,53.280580688544397],[-60.348601846621506,53.280584935017139],[-60.348573268509938,53.280588255452635],[-60.348519156821311,53.280593123421411],[-60.348415333564908,53.280606499689057],[-60.348388277710193,53.280608934090878],[-60.348361246152585,53.280610471545486],[-60.348307134464228,53.280615342119006],[-60.348277106729981,53.280616847745719],[-60.348247126078931,53.280616558593181],[-60.348161822412131,53.280610342319306],[-60.348101906674152,53.280607967387162],[-60.348068928377032,53.280607647286736],[-60.348040420035318,53.280608272291659],[-60.347977363968241,53.280611256119528],[-60.347894698320985,53.280618548050604],[-60.347867666667099,53.280620081792463],[-60.347783499903095,53.280627358208179],[-60.34772044382418,53.280630343700828],[-60.347688960601367,53.280630039878595],[-60.34762895067243,53.280631256052537],[-60.347594471332606,53.280630923080246],[-60.347501603068373,53.280627328853612],[-60.347467172299027,53.280625198361513],[-60.347401261374259,53.280622766640668],[-60.347369829697648,53.280620663429382],[-60.34733837227153,53.280619460762424],[-60.347312984480098,53.280615621897503],[-60.347280006198375,53.280615302479148],[-60.347215594786832,53.280612881610828],[-60.347182589214178,53.280613460928308],[-60.347151083235921,53.280614056595041],[-60.34701730613191,53.280626243448985],[-60.346938988586494,53.280638965476058],[-60.346914860362212,53.280644124878613],[-60.346892252984283,53.2806484001174],[-60.346845491509441,53.280658730791799],[-60.346818362655483,53.280663861962367],[-60.3467927104899,53.280669902818886],[-60.346770104605824,53.280674178924173],[-60.346745973319109,53.28067933741378],[-60.346718844404364,53.280684466761265],[-60.346691739800498,53.280688698261478],[-60.346667609998072,53.280693856724625],[-60.346642003425814,53.280698101887964],[-60.346590720364695,53.280709288400871],[-60.34651385653428,53.280723823976452],[-60.346486753386863,53.280728055419573],[-60.346462623537192,53.280733213841401],[-60.34643851798662,53.280737473517021],[-60.34641293420411,53.280740821701109],[-60.346387304774005,53.280745965540582],[-60.34635875064874,53.280748384904591],[-60.346330149407756,53.28075260173371],[-60.346301567980497,53.28075592074692],[-60.346277486691378,53.280759280748519],[-60.346247407210555,53.2807625860695],[-60.346218802944698,53.280766802893311],[-60.346194698852557,53.28077106250916],[-60.346166093073641,53.28077527933101],[-60.346143438394478,53.280781350099751],[-60.346119357149469,53.280784713670485],[-60.346096723748872,53.280789884810197],[-60.346048488191677,53.280799302750395],[-60.346024359803621,53.280804463773912],[-60.345940070701836,53.280816228996443],[-60.34591149368935,53.280819546984183],[-60.345881436916059,53.280821951682022],[-60.34585135730628,53.280825254202632],[-60.345791251322616,53.280830067108155],[-60.345761171699948,53.280833369606057],[-60.345672508427349,53.280840599887057],[-60.34564093222447,53.280843887756937],[-60.345609380410146,53.280846280478251],[-60.345435026999567,53.280861666859366],[-60.345302596147391,53.280879256162763],[-60.345251384037077,53.280887747689235],[-60.345225807561981,53.280891094665833],[-60.345201674461869,53.280896252854625],[-60.345170096678423,53.280899540610768],[-60.34511291509537,53.28090707587392],[-60.345085883206274,53.280908611686968],[-60.345024227203155,53.280915203514787],[-60.344994171830372,53.280917608879008],[-60.344964092118161,53.280920912976796],[-60.344854368999663,53.28093063282369],[-60.344827338605619,53.280932169467853],[-60.344776225179764,53.280937064915491],[-60.344750641144373,53.280940412743838],[-60.344660479367263,53.280947625874688],[-60.344600321326979,53.280954232983817],[-60.344431988248196,53.280968778430655],[-60.344404909100689,53.280972111561056],[-60.3442876421622,53.280983555386236],[-60.344201852698816,53.280995307489981],[-60.344174746123883,53.28099953753005],[-60.344150615838089,53.281004695485528],[-60.344125036218237,53.281008043148105],[-60.34409940633072,53.281013185597132],[-60.344072324142047,53.281016519573704],[-60.343992508401293,53.281029224153102],[-60.343944247763503,53.281039540885956],[-60.343918642246223,53.281043787255989],[-60.34389451186869,53.281048943359345],[-60.343870405897462,53.281053203417571],[-60.343846275579644,53.281058363112187],[-60.343790516980611,53.281068605885643],[-60.343766386608884,53.281073763763636],[-60.343740781017672,53.281078008295147],[-60.343716649150188,53.281083167074001],[-60.343689544008171,53.281087398793986],[-60.343663917041866,53.28109254202873],[-60.343638308424886,53.28109678655953],[-60.343612681464442,53.281101930683548],[-60.343564466360696,53.281110448902389],[-60.343489077440189,53.281125894067024],[-60.343461972212666,53.281130123934979],[-60.343409211114732,53.281140397550239],[-60.343385103540719,53.281144657521338],[-60.343335343010828,53.281154957602979],[-60.34328562975049,53.281163462893517],[-60.343261500801049,53.281168622459603],[-60.343237393196162,53.281172882400952],[-60.343213262680287,53.281178039267189],[-60.343187655468647,53.281182283690931],[-60.34316202838427,53.281187426818185],[-60.343055033658111,53.281207059489347],[-60.343008317920585,53.281215592993625],[-60.342984188854686,53.281220749803083],[-60.342958606007933,53.281224097237434],[-60.342935972023042,53.281229269579782],[-60.342911865835376,53.281233528544675],[-60.342889233359557,53.281238701767791],[-60.342862103637579,53.28124383114092],[-60.342782143819129,53.281261927336573],[-60.342760986511813,53.281268013888969],[-60.342714221846073,53.281278342959617],[-60.342693091908842,53.281283530738001],[-60.342670482244245,53.281287804289356],[-60.342573958195644,53.281308435779835],[-60.342500016349554,53.281325691539358],[-60.342382237114435,53.281356001640226],[-60.342358107945998,53.281361161024215],[-60.342270501853612,53.281384573541999],[-60.342205578659907,53.281401018114842],[-60.342182949013257,53.281406191183223],[-60.342157269877944,53.281413131598043],[-60.34213761197541,53.281419231760687],[-60.342042538144945,53.281441674024748],[-60.341997199488851,53.281454712759178],[-60.3419760160726,53.28146169792425],[-60.341957834795458,53.281468710510062],[-60.34189726364631,53.281490587628021],[-60.341809513624355,53.281519392231537],[-60.341791329308776,53.281526405713542],[-60.341683924112857,53.281561310306529],[-60.341661265388197,53.281567381148591],[-60.341597768035015,53.281586535340431],[-60.341576634769226,53.281591721142597],[-60.341553956129275,53.2815986915734],[-60.341508643085263,53.281610832272023],[-60.341464802213139,53.281623887244784],[-60.341377126361387,53.281649995299333],[-60.341353019778971,53.281654253950357],[-60.34132888579267,53.281659412258534],[-60.341306281817253,53.281663686410148],[-60.341277601690713,53.281670597384476],[-60.341259466033513,53.281675812404444],[-60.341250424154858,53.28167752296271],[-60.341209608209212,53.281689706554282],[-60.341186975301554,53.281694880355957],[-60.341167291176838,53.281701877310077],[-60.341144635290256,53.281707947132979],[-60.341118931386973,53.28171578606576],[-60.341096228153368,53.281723653349999],[-60.341073544858332,53.281730623721664],[-60.341050840088691,53.281738490107642],[-60.341031206296556,53.281743691348247],[-60.341008524446991,53.281750659896531],[-60.340982869332514,53.281756701319075],[-60.340957189808101,53.281763642376916],[-60.340914849693426,53.281776710873231],[-60.340895166988432,53.281783707772043],[-60.340874010654545,53.281789793980657],[-60.340854324950264,53.281796791794193],[-60.340831672008193,53.281802863337219],[-60.340697445060684,53.281831215980468],[-60.340584161915444,53.28186156642947],[-60.340560006276164,53.281867622401727],[-60.340511644597747,53.28188153092286],[-60.340401236784466,53.281916406894787],[-60.340380031378437,53.281924286896],[-60.340336189838041,53.281937341455809],[-60.340315008878797,53.281944324505623],[-60.340274094671209,53.28196010274015],[-60.340234728910559,53.281974098124628],[-60.340216545644395,53.281981111357148],[-60.340175655819664,53.281995991717963],[-60.340133289277148,53.282009957788858],[-60.340090973139176,53.282022129054155],[-60.340069792115379,53.282029112960892],[-60.340050158051881,53.282034313140464],[-60.3399866607988,53.282053467368193],[-60.339963954172347,53.282061334459108],[-60.339918615723192,53.282074372396409],[-60.339898931250609,53.28208137094272],[-60.339877774609036,53.282087456075146],[-60.339858091608178,53.282094453703934],[-60.33983541089998,53.282101422919837],[-60.339788572793381,53.282114447958747],[-60.339768889765438,53.282121445572898],[-60.339744684935816,53.282129297060905],[-60.339725001911482,53.282136295568058],[-60.339703843715697,53.282142380680369],[-60.339684159158857,53.282149378291145],[-60.339663026935789,53.282154566445911],[-60.339566205979175,53.282185975894691],[-60.339522342438855,53.282199927075389],[-60.339480025902567,53.282212096324493],[-60.339436134903465,53.282226948935779],[-60.339396719715204,53.282242741525543],[-60.339375564388696,53.282248824758284],[-60.339354354174652,53.282256707310538],[-60.339334623602859,53.282265502323277],[-60.339311944202628,53.282272470529279],[-60.339251320158233,53.282296144701455],[-60.339211976724762,53.28230924192065],[-60.33916956364375,53.282325005110174],[-60.339148380816567,53.28233198886462],[-60.339057676888814,53.28235896465624],[-60.33903647256983,53.282366847109984],[-60.338991083068791,53.282381681287085],[-60.338969926166229,53.282387767159491],[-60.338945722575858,53.282395620276105],[-60.338906354493183,53.282409616135162],[-60.338883622996285,53.282418380861344],[-60.338844256374408,53.282432376689414],[-60.338826071164796,53.282439388821409],[-60.338767021156116,53.282460382080238],[-60.338723157107545,53.282474334768956],[-60.338623118227524,53.282513800968324],[-60.338600409602577,53.282521667811508],[-60.338535191051513,53.282548892565359],[-60.338516984238737,53.282556801568965],[-60.338497227381595,53.282566495194594],[-60.338460807782191,53.282582316830684],[-60.338441099847373,53.282590212966916],[-60.338422893017203,53.282598122856477],[-60.338336541615917,53.282630535434599],[-60.338268493308895,53.282651439536586],[-60.338248785324232,53.282659336541435],[-60.338204897872608,53.282674185069297],[-60.338168432119069,53.282691804075597],[-60.338113585013012,53.282723623214451],[-60.338096848710308,53.282732446497434],[-60.338080139886024,53.282740371016942],[-60.338063405089628,53.282749195184948],[-60.338025464045231,53.282765899835638],[-60.33798452373879,53.282782576929137],[-60.337942134200865,53.282797440044256],[-60.337919449819275,53.282804409818993],[-60.337898217544605,53.282813189032026],[-60.337837594970892,53.282836863368587],[-60.33780265154833,53.282853598208945],[-60.337784441501093,53.28286150892292],[-60.337767708098411,53.282870333039128],[-60.337753900464058,53.28288188092391],[-60.337738616170775,53.282892515401763],[-60.337724828503589,53.282903164574869],[-60.337706549478099,53.282913772365497],[-60.337688290373613,53.28292347874428],[-60.337670080257887,53.282931388540653],[-60.337651920653002,53.282937502644316],[-60.337633710577379,53.282945415135934],[-60.337611029035962,53.282952383030732],[-60.337591345282405,53.282959381187609],[-60.337570187876238,53.282965465912774],[-60.337550504092341,53.282972463162707],[-60.33753084177274,53.282978560790362],[-60.337512633141756,53.282986472352768],[-60.337497397755527,53.282995310220336],[-60.337466876474011,53.283014783440017],[-60.337454566852116,53.283026345980218],[-60.337423998058973,53.283047617558459],[-60.337407215483445,53.283058237303692],[-60.33735846392247,53.283086520758204],[-60.337338729552584,53.28309531546369],[-60.337279455834185,53.28312439215825],[-60.337262722224594,53.283133216204007],[-60.337203475993896,53.28316139860128],[-60.337165434708851,53.283181696149384],[-60.337147251909144,53.283188708005689],[-60.33712904158039,53.283196617719959],[-60.33711230640936,53.283205441755292],[-60.337092599475426,53.28321333945987],[-60.336998505414641,53.283254658729788],[-60.336942546053372,53.283276768350881],[-60.33432824106621,53.284174900479513],[-60.332869343046085,53.284717813301555],[-60.331416349169373,53.285152926226857],[-60.329966430119732,53.285803736143045],[-60.327594758712863,53.286542527499805],[-60.32688473325242,53.286841096478163],[-60.325789181458511,53.287580715532258],[-60.324482242757746,53.289026404003238],[-60.3225636447103,53.289477487584186],[-60.320718390979188,53.289714481117095],[-60.317166772923578,53.290587876766715],[-60.315901467433449,53.290676872717334],[-60.314866999527744,53.29066210297205],[-60.313097848212927,53.290855701713923],[-60.311779330620425,53.291078027670892],[-60.310391604391313,53.291415577980963],[-60.309706035599731,53.29154721818707],[-60.309691822939158,53.291554182663404],[-60.309653839407595,53.291571777959234],[-60.309614355874452,53.2915893564141],[-60.309594563197457,53.291599944012198],[-60.309561123518385,53.291615785134809],[-60.309541406099484,53.29162367831939],[-60.309486753494632,53.291647396642105],[-60.309470009286215,53.291656215919517],[-60.309450316899898,53.291663209453787],[-60.309413878775743,53.29167902226461],[-60.309392662795219,53.291686896782537],[-60.309353204169462,53.291703578216868],[-60.309332010316297,53.291710557610422],[-60.309312266169769,53.291719346801798],[-60.309271335635188,53.291735114421513],[-60.309253113490726,53.291743019921249],[-60.309233422514268,53.291750012509439],[-60.309215228485463,53.291757021048518],[-60.309198510770976,53.291764941542809],[-60.309140806223105,53.291790427120723],[-60.30912109013137,53.291798319325743],[-60.309101396102825,53.291805311912647],[-60.309083205033744,53.291812320411282],[-60.309001361186141,53.291842957696588],[-60.308981667117415,53.291849950263817],[-60.308940705212791,53.291866615646143],[-60.308921014128146,53.291873608183039],[-60.308901296454906,53.291881500362074],[-60.308883077167465,53.291889404884948],[-60.30884516833256,53.291904305520283],[-60.308823898950642,53.291913978328104],[-60.308782966546666,53.291929745791272],[-60.308717838588166,53.291952459756104],[-60.308636094652861,53.291979503652833],[-60.308593684281682,53.291994358196369],[-60.308573914731475,53.292004045100818],[-60.308497994624545,53.292037437512676],[-60.308481276650411,53.292045357006742],[-60.308463082372285,53.292052365431672],[-60.30842659482277,53.292069974501779],[-60.308408402010677,53.292076982007949],[-60.308367392436637,53.292095443743534],[-60.308309762291117,53.292118233617202],[-60.30828999417276,53.292127923165395],[-60.308271774684115,53.292135828495624],[-60.308255056680558,53.292143750658902],[-60.308216993660913,53.292164039923989],[-60.30819869879177,53.292174640547337],[-60.308140845388586,53.292205516232123],[-60.30812262735877,53.292213422429761],[-60.308105885652246,53.292222241496354],[-60.308089163076723,53.292230163667057],[-60.308070946512352,53.292238068946411],[-60.30805115315286,53.292248656289793],[-60.308010217137912,53.292264423509529],[-60.307991973942912,53.292273228422133],[-60.307969232345485,53.292281987274414],[-60.307947962577316,53.29229165992686],[-60.307929695726123,53.292301362654321],[-60.307909952520689,53.292310151604617],[-60.30789320624195,53.292318971572307],[-60.307873464557339,53.292327762306925],[-60.307853746429984,53.292335651612966],[-60.307831083167876,53.292341716014946],[-60.307808390272044,53.292348679177913],[-60.307787169223232,53.292356557043284],[-60.307764476278358,53.292363518397444],[-60.307722069696105,53.29237837080165],[-60.307631373306634,53.292403528041305],[-60.30760875568334,53.292407793161829],[-60.307586116003925,53.292412960593431],[-60.307562022045765,53.292416312826965],[-60.307531858891345,53.292422302801562],[-60.307506268014414,53.292425642649754],[-60.307406651476335,53.292448012254837],[-60.307365818553428,53.292460184295457],[-60.307341700940853,53.292464436109356],[-60.307248033830732,53.292488663279379],[-60.307226864375288,53.29249474356606],[-60.307205674254838,53.292501720752625],[-60.307163338249971,53.292513877685892],[-60.307119451983773,53.29252781701377],[-60.307093760454336,53.292534750811988],[-60.307071042182827,53.292542611669667],[-60.307049900782189,53.292547791369621],[-60.306978852550479,53.292567750603276],[-60.306953184609384,53.29257378564693],[-60.306910823322134,53.29258684122555],[-60.306867037507701,53.292597188223354],[-60.306842847352037,53.292604136120225],[-60.306817180821341,53.292610168423771],[-60.306794462492569,53.292618031029519],[-60.306770295935451,53.292624079287066],[-60.306726410963634,53.2926380202613],[-60.306703744341121,53.29264408266981],[-60.306594829724894,53.292677142392918],[-60.306573639410338,53.292684119467687],[-60.306552493422252,53.292689301811073],[-60.306532825193798,53.292695394330984],[-60.30649189119395,53.292711161011802],[-60.306472196313216,53.292718153166703],[-60.306452429002796,53.292727842401817],[-60.306432631976229,53.292738427697927],[-60.306417364558925,53.292748161231877],[-60.306400642932729,53.292756081356416],[-60.306344235633162,53.292788769622668],[-60.306327441512479,53.292799385019904],[-60.306309145902681,53.292809985355056],[-60.306274032538603,53.292832102502274],[-60.306258787165412,53.292840935501381],[-60.306185711226917,53.292879745406019],[-60.30616894071705,53.29288946385725],[-60.306152145010891,53.292900079240063],[-60.306121504763439,53.29292313940234],[-60.306106232685067,53.292932872026896],[-60.30609243689522,53.292943516645877],[-60.306077167824981,53.292953250146674],[-60.30606187205467,53.292963880589596],[-60.306045077812293,53.292974496847521],[-60.306029833877609,53.292983331607871],[-60.305996240828847,53.293004563242619],[-60.305979421395804,53.293016078225762],[-60.305918341794168,53.293055008579032],[-60.305901568149942,53.293064727013167],[-60.305871029778501,53.293084191263453],[-60.305854259100201,53.293093908770416],[-60.30583898691718,53.293103642261201],[-60.305822167402958,53.293115157222289],[-60.305790102321922,53.293135506020775],[-60.305771807921062,53.293146105363569],[-60.305718349230986,53.293180618256493],[-60.305703103652988,53.293189452985466],[-60.305686285571078,53.293200967917343],[-60.305670912617906,53.293214294523551],[-60.305655591488325,53.293225823648982],[-60.30563877185994,53.293237337684076],[-60.305623526245327,53.293246172402924],[-60.305606730298031,53.29325678950984],[-60.305591486155464,53.293265623314227],[-60.30555647119747,53.293284144423936],[-60.305522929533879,53.293303579347551],[-60.305506185378597,53.293312398961632],[-60.305460371291922,53.293341596574074],[-60.305445075263826,53.293352228738812],[-60.305426808877122,53.29336193017464],[-60.305394743423491,53.293382278867405],[-60.305377969515305,53.293391996328054],[-60.30536267343183,53.293402627582047],[-60.305347432192036,53.293411461335111],[-60.30533063307255,53.293422076623152],[-60.305315388814158,53.293430910392445],[-60.305298668270524,53.293438833053955],[-60.305281898809021,53.293448549570485],[-60.305245435416886,53.293465258028014],[-60.305230162980003,53.293474992341501],[-60.305210421699101,53.293483781727275],[-60.305192174368045,53.293492584433722],[-60.305176903394887,53.293502317830033],[-60.305143413225977,53.293519954268653],[-60.305126642245668,53.293529673474353],[-60.305108374225405,53.293539375772085],[-60.305090128386041,53.293548180253367],[-60.305071858830132,53.293557881655417],[-60.305055064143204,53.293568499575194],[-60.305038294558663,53.293578215157424],[-60.305020048705224,53.293587020528278],[-60.305004801318887,53.293595854278344],[-60.304985006554837,53.293606440215456],[-60.304968238475915,53.293616157578228],[-60.304951519247304,53.293624077480466],[-60.304930197749989,53.293635546165746],[-60.304876838531747,53.293666465547318],[-60.304822029627196,53.293695574148927],[-60.30479148580757,53.293715038154708],[-60.304777713171433,53.293724786599157],[-60.304762442004332,53.293734519042417],[-60.304693460145472,53.293787747649965],[-60.304673589657277,53.29380102973802],[-60.304644525063047,53.293821409300861],[-60.304612506229581,53.293839958536026],[-60.304597236503362,53.293849691848379],[-60.304581988936263,53.293858525544685],[-60.304565242867412,53.293867345037555],[-60.304545422680228,53.293878829636185],[-60.304531652906761,53.293888576231552],[-60.304516383144829,53.293898309533617],[-60.304470492185118,53.293930202970095],[-60.304438425834661,53.293950550506885],[-60.304403359399736,53.293970866947539],[-60.304369870098718,53.293988505860767],[-60.304353070527426,53.293999121912123],[-60.304319532265005,53.29401855646875],[-60.304302787565085,53.294027375014565],[-60.304270766977687,53.294045926869373],[-60.304256948200582,53.29405747089114],[-60.304240153081899,53.294068086896246],[-60.304224905397191,53.294076922347678],[-60.304098875166439,53.294239218294081],[-60.304077682167524,53.29424619493814],[-60.304041293275027,53.294260209528474],[-60.304024546920864,53.294269028045598],[-60.303986634247018,53.294283925344502],[-60.303966963450137,53.294290019254426],[-60.303947268914811,53.294297010084442],[-60.303924623281986,53.294302176855183],[-60.303794684160827,53.294335921322379],[-60.303770568153475,53.294340173298139],[-60.30374789721975,53.29434623606862],[-60.303669495569942,53.294360727229353],[-60.303643855798391,53.29436586280049],[-60.303622710107518,53.294371043717064],[-60.303597094013561,53.294375279654169],[-60.303568425910598,53.294381281955211],[-60.303542835032033,53.294384620047076],[-60.303517215933645,53.294388856887544],[-60.303491573087761,53.294393990645837],[-60.303467505954707,53.294396446003127],[-60.303438864567745,53.294401551329678],[-60.303413270627757,53.294404887613531],[-60.303389153040406,53.294409139522521],[-60.303360562097069,53.294412449163104],[-60.303337920788408,53.294417613091746],[-60.303309274846953,53.294422717517342],[-60.303262489211761,53.294433032963966],[-60.303238370073814,53.294437283952455],[-60.303214203519047,53.294443333283766],[-60.303187060568597,53.294448451868178],[-60.30316291920137,53.294453601555041],[-60.303138752609712,53.294459649970847],[-60.303088963815902,53.294469935150829],[-60.303063270445733,53.294476867185175],[-60.303036152710192,53.294481088802065],[-60.303013533541652,53.294485353955778],[-60.302959299546941,53.294493797150771],[-60.302933708535498,53.294497134212051],[-60.302908090793935,53.294501370011744],[-60.302853956170402,53.294506219134199],[-60.302801272605734,53.294512879903039],[-60.302775703825056,53.294515320017467],[-60.302750084570981,53.294519556693665],[-60.302727468391979,53.294523823573577],[-60.302704823941802,53.29452898740265],[-60.30268220623379,53.294533253383861],[-60.302658063254505,53.294538402978979],[-60.302633970761576,53.294541756902277],[-60.3026083499579,53.29454599265798],[-60.302579760312938,53.294549299401019],[-60.302557142598374,53.29455356625882],[-60.302531548530723,53.294556904154497],[-60.302505932232236,53.294561140758198],[-60.30245919217365,53.294569656653167],[-60.302435050682917,53.294574807993691],[-60.302409432861403,53.294579044586825],[-60.302385288303533,53.294584193236787],[-60.30236117049423,53.294588444038332],[-60.302335528907271,53.294593578438963],[-60.30228284213019,53.294600238099399],[-60.302225708746874,53.294605057586942],[-60.30220011912963,53.294608395381374],[-60.302177473084477,53.294613560021034],[-60.302130735940992,53.294622077567951],[-60.302105141781368,53.294625414472129],[-60.30208100018217,53.294630563940714],[-60.302011493712378,53.294648739706226],[-60.301991822430196,53.294654831491201],[-60.301898248482829,53.294675461346188],[-60.301877080151229,53.294681538867252],[-60.30185290873915,53.294687587053772],[-60.301833237450047,53.294693680613229],[-60.301813518633736,53.294701569815921],[-60.301793774580062,53.294710358649247],[-60.301774054263056,53.294718248755828],[-60.301734662617797,53.294732232402424],[-60.301716469058924,53.294739237982718],[-60.301672627738377,53.29475137875955],[-60.301588279492449,53.294764012347876],[-60.301570082890791,53.294771017926131],[-60.301545964910638,53.294775269463635],[-60.301518898824355,53.294777692359162],[-60.301491981316985,53.294774726468482],[-60.301461938920674,53.294776222167705],[-60.301442269070947,53.29478231745334],[-60.301419622807387,53.294787480149139],[-60.301392558242249,53.29478990480645],[-60.30136843871405,53.294794155418018],[-60.301351718373425,53.294802075718522],[-60.301327824692926,53.294798240430978],[-60.301302258643062,53.294800679309915],[-60.301279613922645,53.294805845570124],[-60.301262893527202,53.294813764057764],[-60.301238797762167,53.294817117720235],[-60.301210256859882,53.294818627579232],[-60.30118911513788,53.294823807135359],[-60.301137975475335,53.294828684878937],[-60.301115335194062,53.294833849277275],[-60.301088292838301,53.294835375152402],[-60.301059723650603,53.294837783729122],[-60.301037104110044,53.294842049409439],[-60.301011512770287,53.294845387859958],[-60.300987369410919,53.29485053711803],[-60.30094063176761,53.294859054200145],[-60.300889495038774,53.29486393181724],[-60.30086387835707,53.294868166268841],[-60.300839810835228,53.294870622897811],[-60.30076303211321,53.294880633635202],[-60.30071039528783,53.294885496036315],[-60.300684803895926,53.294888834416881],[-60.300642514255038,53.294899194280312],[-60.300618396091934,53.294903444730537],[-60.300344419917323,53.294938433093392],[-60.300321776475656,53.294943597361758],[-60.300297683567145,53.294946950814435],[-60.300246548143051,53.294951827246138],[-60.3001742157563,53.294963682330213],[-60.300098938262849,53.294973707777814],[-60.300003960772493,53.294990726090695],[-60.299996436723895,53.294991549069309],[-60.299979866309329,53.294994079489399],[-60.299955749545092,53.29499833069616],[-60.299928681738443,53.295000754141952],[-60.299900139144917,53.295002262797851],[-60.299871648677168,53.29500197667101],[-60.299813117078074,53.295003184911735],[-60.299784574512231,53.295004695340523],[-60.299761929464395,53.295009859513002],[-60.299742259229099,53.295015952718849],[-60.29967432403572,53.295031445199449],[-60.299647283003075,53.295032970738355],[-60.299617292461249,53.295032669397493],[-60.29958727809538,53.295033264971742],[-60.299563155258959,53.295037516139622],[-60.299539063722413,53.295040868529092],[-60.299510521104288,53.295042377992175],[-60.299483453260372,53.295044802237328],[-60.299459361679723,53.295048152810239],[-60.299432319142589,53.29504967921082],[-60.299373787480455,53.295050888136494],[-60.299346718103713,53.295053311460492],[-60.299322621999508,53.295056662036046],[-60.299296981297772,53.295061797575919],[-60.299275809362896,53.295067872856649],[-60.299257640606463,53.295073982031063],[-60.299236468710347,53.295080060005645],[-60.299212375604249,53.295083411439094],[-60.299185309236222,53.295085836506907],[-60.299131224024329,53.295088885576916],[-60.299080036182168,53.295095558985956],[-60.29905299508647,53.295097084390385],[-60.299024555169581,53.295095000595076],[-60.298994563084477,53.295094699107814],[-60.298941927323412,53.295099562520477],[-60.298896639903923,53.295109889621756],[-60.298839605160133,53.295111111668049],[-60.29878696784121,53.295115974122275],[-60.298761377643274,53.295119311180777],[-60.298738884310403,53.2951190845613],[-60.298711789574945,53.295122408275098],[-60.298684723102376,53.295124830528749],[-60.298657678934418,53.295126354063292],[-60.298633561978548,53.29513060590363],[-60.298607967251783,53.295133942959467],[-60.298582347189672,53.295138177842709],[-60.298482975837231,53.295151555374815],[-60.298458855827469,53.295155806299832],[-60.2983820760725,53.295165818208794],[-60.298355033352998,53.295167340764507],[-60.298327965378775,53.295169765648204],[-60.298302346786336,53.295174001361616],[-60.298222645796429,53.295181285708097],[-60.298195603094683,53.29518281002823],[-60.298141467037652,53.295187656116219],[-60.298112922783176,53.295189166155637],[-60.298006153719953,53.295198875186486],[-60.297977610921926,53.29520038338304],[-60.297947620270222,53.295200081622738],[-60.297889186680962,53.295197695809023],[-60.297800640269983,53.29519950000374],[-60.297772146641044,53.295199211595445],[-60.297742130642142,53.295199807616186],[-60.29767914922185,53.295199173613447],[-60.297620615794372,53.295200381689739],[-60.297534991905529,53.295204908652877],[-60.297504972927051,53.29520550643457],[-60.297475007578107,53.295204304021972],[-60.297448064701008,53.295202234151255],[-60.297421148701474,53.295199267331967],[-60.297392684971896,53.295198082770668],[-60.297308859307357,53.295191845399565],[-60.297280394049423,53.295190659021003],[-60.297251979511437,53.295187676970301],[-60.297196593758592,53.295183522837931],[-60.297108196443567,53.295179935941661],[-60.297045216527486,53.295179299793489],[-60.296988283088211,53.295176929624397],[-60.296976287139692,53.295176808999713],[-60.296944823267829,53.295175591256786],[-60.296917878947355,53.295173522176405],[-60.296890963001395,53.295170555237249],[-60.296832532511182,53.295168168885411],[-60.296804088141833,53.295166084590562],[-60.296715693881119,53.295162496482774],[-60.296685676371148,53.295163091347405],[-60.296655711123037,53.295161891429537],[-60.296624220445665,53.295161574145347],[-60.29660020316895,53.295162229753764],[-60.296594204437426,53.295162168976923],[-60.296564161602284,53.295163664344322],[-60.296532672393127,53.295163345225447],[-60.296502729501704,53.29516124655634],[-60.296409756013411,53.295160308861497],[-60.296379719166268,53.295161803242081],[-60.296351225568472,53.295161514494211],[-60.296322684252281,53.295163023185061],[-60.296288220323959,53.295161776678974],[-60.296262828363247,53.295157926970937],[-60.296232837748917,53.295157624779293],[-60.296202870963334,53.295156422056856],[-60.296174429636096,53.295154337591647],[-60.296144464407085,53.295153137545235],[-60.296085932477318,53.295154343958032],[-60.296033294779996,53.295159205198324],[-60.296003302629714,53.295158901158494],[-60.295973337385142,53.295157700168829],[-60.295919250352867,53.295160748693789],[-60.295860719924526,53.295161955886364],[-60.295830730795018,53.29516165268334],[-60.295770697282208,53.295162843750191],[-60.295745153088326,53.295164384527617],[-60.29569691544944,53.295172882546701],[-60.295671345854416,53.295175321140832],[-60.295615761723269,53.295178354304923],[-60.295563125410077,53.29518321352748],[-60.295479001448797,53.295187757821068],[-60.29545193175602,53.295190180262203],[-60.295363383719852,53.295191981757647],[-60.295331893009667,53.295191663232025],[-60.295271859455028,53.295192854948283],[-60.295243392761961,53.295191668993624],[-60.295217975439819,53.295188715094781],[-60.295188008708493,53.295187514818096],[-60.295159570395953,53.295185429190504],[-60.295102635507583,53.295183056330508],[-60.295075719677193,53.295180088981262],[-60.295044230479704,53.295179770369657],[-60.29501568911877,53.295181279648233],[-60.294985722381071,53.295180078420437],[-60.294957282613666,53.295177994555075],[-60.294898852177838,53.295175605455071],[-60.294867358476715,53.295175286826833],[-60.294837394768876,53.295174086441946],[-60.294782009273042,53.295169932087681],[-60.294725077429533,53.29516755902727],[-60.294698164605947,53.295164589772163],[-60.294581094638332,53.295167002990503],[-60.294552529355208,53.295169409980581],[-60.294529934361634,53.29517277479686],[-60.294501392985964,53.29517428395242],[-60.294472874037226,53.295174896189131],[-60.294442910306309,53.295173693904601],[-60.294414467546325,53.295171609029445],[-60.294384475394665,53.295171304582546],[-60.294356011760243,53.295170119296166],[-60.294299129277654,53.295165950377822],[-60.294270613302864,53.295166560745628],[-60.294246494343547,53.295170809910097],[-60.294218026155036,53.295169621920074],[-60.294192637376476,53.295165771750625],[-60.294138753494707,53.295161631409044],[-60.29411333629762,53.295158679074966],[-60.294089344404377,53.295158436345666],[-60.29400379497924,53.295160267288175],[-60.293948411080777,53.295156112536439],[-60.293902177059685,53.295146659438799],[-60.293836654662748,53.295129819361641],[-60.293790420694322,53.295120366220424],[-60.293768027553952,53.295116544643797],[-60.293741135768336,53.295112678270392],[-60.293714197628539,53.295110607525316],[-60.293687283422649,53.295107638951961],[-60.293660340797423,53.295105569124956],[-60.293571791327821,53.295107368399698],[-60.293541824695332,53.295106167709044],[-60.293494041387476,53.29509849487679],[-60.293468624254274,53.295095541504722],[-60.293392450681615,53.295083986949166],[-60.29332543002657,53.295067131347871],[-60.293306114875037,53.295060645743177],[-60.293286819127907,53.295053260542687],[-60.293202053781947,53.295027239237143],[-60.293179714636061,53.295021621865352],[-60.293161947447565,53.295013354927256],[-60.293108571054283,53.294991245782825],[-60.293090829288445,53.294982078301082],[-60.293073039708531,53.294974710061979],[-60.293056795002819,53.294965557831155],[-60.293040527895108,53.294957305210723],[-60.293003471122226,53.294941652964788],[-60.292982654540047,53.294935152980507],[-60.292958764522794,53.294931315994027],[-60.292933170962776,53.294934651823439],[-60.292925292121396,53.29494805119824],[-60.292920338579151,53.294964177235613],[-60.292918359719224,53.294981233381421],[-60.292914877767281,53.294998272508579],[-60.292908473527532,53.295012585852604],[-60.292897623047473,53.295025058697618],[-60.292889718744632,53.295039356802342],[-60.292884787641029,53.295054585926209],[-60.2928837745512,53.295090522586705],[-60.292879764368969,53.295126429650352],[-60.292866957360211,53.295155058124351],[-60.292866322849989,53.295177518320429],[-60.292858409065083,53.295190981848201],[-60.292854021591289,53.29518817666753],[-60.292864798843127,53.295178400903879],[-60.292833508697925,53.295170895480879],[-60.292807130817366,53.295202082953331],[-60.292833893848375,53.295210440508221],[-60.292844720494422,53.295198868191974],[-60.292849076130757,53.29520165827843],[-60.292821592622204,53.295221101552741],[-60.292801871888159,53.295228989271941],[-60.292762478333145,53.29524297085694],[-60.292741333845498,53.295248148029557],[-60.292717214685347,53.295252396885466],[-60.292616338135531,53.295265755217066],[-60.292511064624144,53.295275473695611],[-60.292481024528222,53.295276966214871],[-60.292452505460574,53.295277577068568],[-60.292340242103101,53.295269250823672],[-60.292314827967303,53.295266298086183],[-60.292286359764098,53.29526510963516],[-60.292257920048286,53.295263024225633],[-60.292232502899829,53.295260070590267],[-60.29220406318985,53.2952579851679],[-60.292184745114689,53.295251499401481],[-60.292168476562033,53.295243246672285],[-60.292161362591472,53.295229693922977],[-60.292113422502197,53.295174389626084],[-60.292101730500676,53.295163485534744],[-60.292075346485241,53.295141651352665],[-60.292047436939058,53.295120697947141],[-60.292034246449326,53.295109780390568],[-60.291985521942344,53.295082326806721],[-60.291967727951366,53.295074955731501],[-60.291948436950847,53.295067571183992],[-60.291927597983225,53.295061967927118],[-60.291902203425863,53.295058115508461],[-60.291872212884321,53.295057811319758],[-60.291843671485012,53.295059319839403],[-60.291816603178425,53.295061742346284],[-60.291718626532123,53.295078723540477],[-60.291694483407134,53.295083870911938],[-60.291623621451741,53.295096633915136],[-60.291394775951915,53.295126667976952],[-60.291345040455987,53.295135150762498],[-60.291316521463763,53.295135761344319],[-60.291259591326735,53.29513338571865],[-60.291204209218861,53.295129229681571],[-60.291172742558622,53.295128012235693],[-60.291144202605416,53.295129521478522],[-60.291118632733642,53.295131957297009],[-60.291014757343774,53.295145283743913],[-60.290987688900792,53.295147704262511],[-60.29091090736393,53.295157711368518],[-60.290882365861826,53.295159219658494],[-60.290822435618118,53.295156814197242],[-60.290793918088703,53.295157423743994],[-60.290715636397231,53.29516741365925],[-60.29069006649415,53.2951698502863],[-60.290662972569002,53.295173171263869],[-60.290608838641724,53.295178013916093],[-60.290580297131328,53.295179523034129],[-60.290550328972039,53.295178318900966],[-60.290491798324645,53.295179522559266],[-60.290463231290623,53.29518192858081],[-60.290413543525517,53.295188614434927],[-60.290387972089334,53.295191051007272],[-60.290357958996125,53.295191646050448],[-60.290327966882032,53.295191342383944],[-60.290275632873708,53.295185419012689],[-60.290215704143485,53.29518301413691],[-60.290185686512039,53.29518360736607],[-60.29015714496537,53.29518511548266],[-60.290127154342734,53.295184810855439],[-60.290098686298975,53.295183624582592],[-60.290068748166767,53.295181522466812],[-60.28997727478162,53.295180595031326],[-60.289947257164556,53.295181189100759],[-60.289921666219307,53.295184524265338],[-60.289899045381233,53.295188788738152],[-60.289877897563613,53.295193965424261],[-60.289853778143815,53.295198213702115],[-60.289826708129674,53.295200635768047],[-60.289796717497687,53.295200331057764],[-60.289769801995277,53.295197361609617],[-60.289742860996441,53.295195290887271],[-60.289715943998218,53.295192321436886],[-60.289687453430545,53.295192031977372],[-60.289657512339616,53.295189931578712],[-60.289627523235076,53.295189627716169],[-60.289510455834218,53.295192034138438],[-60.289481915759083,53.295193542083638],[-60.28942338053109,53.295194744347405],[-60.289393338873566,53.295196236099152],[-60.28924625683625,53.295199237965399],[-60.289217766266027,53.295198948393683],[-60.289189323730938,53.295196862271631],[-60.289132393620264,53.295194485630539],[-60.289103952627876,53.295192401278669],[-60.289045519481057,53.295190010230257],[-60.288956969624429,53.295191806980512],[-60.288895488323242,53.295191181826425],[-60.28886552175117,53.295189979960597],[-60.288832532518121,53.295189644419956],[-60.288774001781732,53.295190846335267],[-60.288744008172749,53.295190542280409],[-60.288656956888417,53.295192355908881],[-60.288628491832206,53.295191166564372],[-60.288598499726263,53.295190862462967],[-60.288505183778739,53.295192618360353],[-60.288502960195572,53.295174614081162],[-60.288468397343692,53.295176959321587],[-60.288472660269022,53.295193172802129],[-60.288391386829062,53.295195049782642],[-60.288359896149665,53.295194729416131],[-60.28824432872532,53.295197150791552],[-60.288214285502811,53.295198641356151],[-60.288155754766791,53.295199844768682],[-60.288106472239761,53.295192154477185],[-60.288051141434693,53.295186200412104],[-60.288021174837951,53.295184995633292],[-60.287995758052041,53.295182042894311],[-60.287967293052581,53.295180855192392],[-60.287937302442892,53.295180550014486],[-60.287848751048287,53.295182345952057],[-60.287793169305253,53.295185374552617],[-60.287766099194435,53.295187797051504],[-60.287707566922684,53.295188998453504],[-60.287679071874656,53.295188709444218],[-60.287649135387198,53.295186608511266],[-60.287619143272302,53.295186303263293],[-60.28753717191718,53.295188147355347],[-60.287536772440191,53.295181870856872],[-60.287497754439038,53.295182372475672],[-60.287498799038403,53.295198558619049],[-60.287475034137188,53.295190229595704],[-60.287391212883598,53.295183986129516],[-60.287359722217133,53.295183665498875],[-60.287335403945747,53.295182506995339],[-60.287335805483629,53.295180725226196],[-60.2872894195105,53.29517665924876],[-60.287289055552236,53.295178441670046],[-60.287217466439785,53.295175029116763],[-60.287189025548905,53.295172944307893],[-60.287157536394119,53.295172623613894],[-60.287129020262562,53.295173230474177],[-60.287097531124409,53.295172910664625],[-60.287036099495474,53.295170487998909],[-60.286984861523585,53.295178954567831],[-60.286986740508262,53.295165492538203],[-60.286946279618334,53.295164182961742],[-60.286946051042072,53.295172268834826],[-60.286919033494414,53.295172892768413],[-60.286736086834829,53.295171032095205],[-60.286706120298859,53.295169827886085],[-60.286680628369659,53.295169568350289],[-60.286614649990419,53.295168897851553],[-60.28652625199318,53.295165302218976],[-60.286494762863732,53.29516498225022],[-60.286437729134867,53.295166198357762],[-60.286379297678501,53.295163806892795],[-60.286350858336426,53.295161721873967],[-60.28629242234976,53.295159328595602],[-60.286262434767963,53.295159022976634],[-60.286233890101222,53.295160531074941],[-60.28618415048328,53.295169009931627],[-60.286158583349696,53.295171447368844],[-60.286102995482814,53.295174475221771],[-60.286075928267991,53.295176896417352],[-60.286047413651247,53.295177504809729],[-60.286017421566598,53.295177200059172],[-60.285987456530727,53.295175994759269],[-60.285954464334225,53.295175659342554],[-60.285924448173603,53.295176253290101],[-60.285849165392811,53.295186270667507],[-60.28582504556929,53.295190518132117],[-60.285802401734465,53.295195680541049],[-60.285781200758102,53.295202654875524],[-60.285758556878442,53.295207815475663],[-60.285737384478253,53.295213891051233],[-60.285700936000943,53.295229695740744],[-60.285684214073029,53.295237613845607],[-60.285664490534906,53.295245502199933],[-60.285598049845682,53.295261001111243],[-60.285585924421426,53.295265371206938],[-60.285577183010652,53.295256295493473],[-60.285543757140573,53.295271232084239],[-60.285552189011661,53.295277770813676],[-60.285522229375083,53.295289886239388],[-60.285460213480349,53.295308127251189],[-60.285440489818676,53.295316012867879],[-60.285385819092149,53.295339721998396],[-60.285366119524632,53.295346710681962],[-60.285346395860792,53.295354598083676],[-60.285328172252648,53.295362500815571],[-60.285293197983499,53.295379220346064],[-60.285274999915977,53.295386222538099],[-60.285228235911184,53.295395632187478],[-60.285208712503923,53.295396332446906],[-60.285205713878234,53.295396301767163],[-60.285188379231371,53.295393516712984],[-60.285182205333541,53.295378988574456],[-60.285140013790027,53.295385748030874],[-60.285145052190835,53.295397605965164],[-60.28513210983111,53.295400045610556],[-60.285110908643475,53.295407019826392],[-60.285088264557373,53.295412179399563],[-60.28506414304367,53.295416427621021],[-60.284988861169928,53.29542644624793],[-60.284960292146032,53.295428850962992],[-60.28490031060695,53.295428239088601],[-60.284846172673795,53.295433079148495],[-60.284835981072931,53.295422193289276],[-60.284857180810725,53.295415219132003],[-60.284838271995511,53.295394356983969],[-60.284786777170659,53.2954118045214],[-60.28480421154017,53.295431754406913],[-60.284823908234145,53.295424765835556],[-60.284833996482647,53.295435670383142],[-60.284773814003238,53.295445822711955],[-60.28468612167844,53.295470092722049],[-60.284664977590346,53.295475268456819],[-60.284599960939772,53.295493479239788],[-60.284577313773255,53.295498640536543],[-60.284534966821425,53.295510790375872],[-60.284436478376769,53.295545734792974],[-60.284394131338011,53.295557884582543],[-60.284371485631425,53.295563046730727],[-60.284351838540154,53.295568238675642],[-60.284332114553145,53.295576124109871],[-60.284295665262157,53.295591929272319],[-60.284277466972874,53.295598933113332],[-60.284233621283605,53.295611068389903],[-60.284195748721018,53.295624162881779],[-60.284177500669969,53.295632964159928],[-60.284159275207202,53.2956408658237],[-60.284118378317274,53.295654827415866],[-60.284095734028341,53.295659989502056],[-60.284076062725717,53.295666079222663],[-60.284056362776063,53.295673066790599],[-60.284038162943226,53.295680072405695],[-60.283997264456971,53.295694033066141],[-60.283911050139444,53.295719216560364],[-60.283891351657338,53.295726204991546],[-60.283870180235823,53.29573228022717],[-60.283848956041076,53.295740152030689],[-60.283829281660985,53.295746241730541],[-60.283806610144367,53.295752301602711],[-60.283762714397675,53.295766233258796],[-60.28372331733496,53.295780210069175],[-60.283702147365297,53.295786285265201],[-60.283677972726395,53.295792329778941],[-60.283610084678315,53.295806016551872],[-60.283588914679655,53.295812091727903],[-60.283523946798077,53.295828503574562],[-60.283504272347187,53.29583459412126],[-60.283484575247726,53.295841582475717],[-60.283464900752229,53.295847671215469],[-60.283445176521575,53.29585555920449],[-60.283342260043867,53.295887760477967],[-60.283302862747526,53.295901738050318],[-60.283280191056789,53.295907796922577],[-60.283177275863942,53.295939999844961],[-60.283139351357462,53.295954888763951],[-60.283098480991441,53.29596795216748],[-60.283078756637444,53.295975840096233],[-60.283060582106252,53.295981944131199],[-60.283022657587637,53.295996836614307],[-60.282962062701372,53.296017785186812],[-60.282942338299144,53.296025673093105],[-60.282924113942698,53.296033574559196],[-60.282905915239901,53.29604057819197],[-60.282887689400624,53.29604848146289],[-60.282870966597223,53.296056397374826],[-60.282852739242124,53.296064300650293],[-60.282813291816787,53.296080074613272],[-60.282792089911595,53.296087048418791],[-60.282773894153166,53.296094051111503],[-60.28275422099177,53.296100142425459],[-60.282734522127782,53.296107129766227],[-60.282619223481703,53.296152684822033],[-60.282600974863513,53.296161484959939],[-60.282581247306503,53.29616937192629],[-60.282563025843658,53.296177274218024],[-60.282481205829711,53.296206095919956],[-60.282461531022882,53.296212184494962],[-60.282441806438392,53.296220072318874],[-60.282422107484379,53.296227060508542],[-60.282403908616764,53.296234064065089],[-60.2823645091743,53.296248040438584],[-60.282344784538893,53.296255927346294],[-60.282323585491483,53.29626290194944],[-60.282232459590873,53.296302410602145],[-60.282212760564583,53.296309398757423],[-60.282194561660425,53.296316404082667],[-60.282141338079001,53.296341921856786],[-60.282107833190672,53.296359554581734],[-60.282092554388257,53.296369283249781],[-60.282075805666942,53.296378098681707],[-60.282057555354385,53.296386899647032],[-60.282025524799543,53.296405444653551],[-60.282011723403613,53.29641608739707],[-60.28199497314467,53.296424902827567],[-60.281976772620091,53.296431906329097],[-60.281945938563972,53.296433436510505],[-60.281863825072563,53.296394806304669],[-60.281814766237289,53.296432049071228],[-60.28182068811617,53.296434805882434],[-60.281807116210992,53.296437362737379],[-60.281790390099111,53.296445281219043],[-60.281778061578173,53.296456838954192],[-60.281771627727927,53.296472050441665],[-60.281766668306716,53.296488176037457],[-60.281760234464272,53.296503388424519],[-60.28172126234729,53.296555114007454],[-60.281696606668405,53.296578227651793],[-60.281681353397239,53.296587059337384],[-60.281667548819051,53.296597700260456],[-60.281652269897336,53.296607432473422],[-60.281638495500552,53.296617175533285],[-60.281589688507957,53.296645435432552],[-60.281574414043035,53.296655166705783],[-60.281557634889722,53.296664879024945],[-60.281539385850841,53.296673679901502],[-60.281522606715171,53.29668339401627],[-60.281504356142086,53.296692193997103],[-60.281489104293286,53.296701025648389],[-60.281472353815111,53.296709841005885],[-60.281455574650067,53.296719555111238],[-60.281440272917685,53.296730183307261],[-60.281424993847729,53.296739912790478],[-60.281394493049554,53.296757574250663],[-60.281344238480543,53.296784021196409],[-60.281325986341606,53.296792822060191],[-60.281310760097902,53.296800754958241],[-60.281295482475983,53.296810484415118],[-60.281263454279234,53.296829029198342],[-60.281245179414228,53.296838727860397],[-60.28122992744332,53.296847558578442],[-60.2812146497699,53.29685728712473],[-60.281196397573048,53.296866087968809],[-60.281179646986367,53.296874904185657],[-60.281164367789103,53.29688463273542],[-60.281147618691236,53.296893448937951],[-60.281112641516003,53.296910166348589],[-60.281092916360478,53.296918053950577],[-60.281074662593532,53.296926853885715],[-60.281039635481726,53.296945367825856],[-60.281024357779408,53.296955099048681],[-60.280990856409254,53.296972728731212],[-60.280972631321049,53.296980631701189],[-60.280957377740656,53.296989462394386],[-60.280940575635952,53.297000073337927],[-60.280914466073526,53.297021376702396],[-60.280889783988314,53.297045388010886],[-60.280877479236409,53.297056046932738],[-60.280848399543629,53.297076419844231],[-60.280833121701868,53.297086148341918],[-60.280819342489629,53.297095893137652],[-60.280804067672499,53.297105623412477],[-60.280776460826729,53.297126909536566],[-60.280762680069394,53.297136653435395],[-60.280735073166696,53.297157938649661],[-60.280721295444593,53.297167685224792],[-60.280693688517744,53.297188971329788],[-60.280656672660754,53.297224540241899],[-60.280645819515811,53.29723701017241],[-60.280633513162051,53.297247669979257],[-60.280605906123796,53.297268955163737],[-60.280579775029793,53.297291156255774],[-60.280550691997874,53.297311527314136],[-60.280524559330289,53.297333727503656],[-60.280510779984738,53.297343473164169],[-60.280469369265973,53.297375402696574],[-60.280417103725313,53.297419802134186],[-60.280403297111562,53.29743044562219],[-60.280390967900857,53.297442001413948],[-60.280351082831764,53.297473047570378],[-60.28033730487185,53.297482791400576],[-60.280324974158482,53.297494348995897],[-60.280309724753302,53.297503178676919],[-60.280294445183685,53.297512909816518],[-60.280280667198085,53.2975226536402],[-60.280256007181116,53.297545767007534],[-60.28023279589182,53.297570694127771],[-60.280173581142634,53.297648274066042],[-60.280149885780475,53.297690269812776],[-60.280143475386247,53.297704583391926],[-60.280124735622614,53.297730452734982],[-60.280103052995663,53.297754495578246],[-60.280095143932918,53.297768793746116],[-60.280085763443964,53.297782178664789],[-60.280079354501069,53.297796491330345],[-60.280069974001194,53.297809876247754],[-60.280034431519795,53.297846358196061],[-60.280023575048261,53.297858828989796],[-60.279998889010855,53.297882841934324],[-60.279986586753786,53.29789349804404],[-60.279975752973655,53.297905071023145],[-60.279949619663832,53.297927271987199],[-60.279937288669387,53.297938826841651],[-60.279926460875352,53.29795039977698],[-60.279907722426053,53.297976271776683],[-60.279899813224915,53.297990568130928],[-60.279886998187607,53.29801919522221],[-60.279879064798962,53.298034392095857],[-60.279861287897866,53.298079143809922],[-60.279856329095331,53.298095270215676],[-60.279864279500437,53.29823734229376],[-60.279828763753287,53.298272928140975],[-60.279814932479759,53.298284468480617],[-60.279791744744095,53.298308496794078],[-60.279777890760471,53.298320936740133],[-60.27976411089579,53.298330680514049],[-60.27975180701533,53.298341340210285],[-60.279738002945919,53.298351983601677],[-60.279713345167103,53.298375096836793],[-60.279684259503291,53.29839546859445],[-60.279671955551613,53.298406126481957],[-60.279659625864412,53.298417682198],[-60.279650295022556,53.298429269631733],[-60.279624108295693,53.298453267994191],[-60.279613277266151,53.298464840020273],[-60.279585668939454,53.298486124968974],[-60.279570393314685,53.298495853285857],[-60.279556611893099,53.298505599746498],[-60.279529003512003,53.29852688468214],[-60.279516673768015,53.298538441283689],[-60.279457943638242,53.298598951305443],[-60.279439206095084,53.298624821420482],[-60.279428349254474,53.298637292159746],[-60.279405186797653,53.298660419867659],[-60.279346970869582,53.29870296243746],[-60.279333140846958,53.298714503611862],[-60.27930848265823,53.298737617663676],[-60.279285294361685,53.298761644078283],[-60.279257685713979,53.298782930751841],[-60.279222167444416,53.298818512827452],[-60.279208335864652,53.298830054897458],[-60.279171294629279,53.298866521158544],[-60.27916048912995,53.298877196214157],[-60.279106694497123,53.29892247839738],[-60.279085006174945,53.298946520184266],[-60.279061841879994,53.298969648735643],[-60.279034183004768,53.298992731007026],[-60.279021851507423,53.299004288467565],[-60.279011024684827,53.29901586040954],[-60.279000140374841,53.299029228949237],[-60.278978480688608,53.299052372867536],[-60.278966171897913,53.299063032512358],[-60.278952370406792,53.29907367579348],[-60.278938537153103,53.299085216941833],[-60.278924761360372,53.29909496058967],[-60.278910953854144,53.299105604805511],[-60.278898623761172,53.299117160443004],[-60.278886319391113,53.299127817349401],[-60.27887398931788,53.299139374784893],[-60.278825179132951,53.299167633548294],[-60.278808374177309,53.299178246002953],[-60.278794569571687,53.299188887485009],[-60.278782239456184,53.299200444911023],[-60.27877135653091,53.29921381342006],[-60.27876052359337,53.299225386278849],[-60.278748220693451,53.299236044961738],[-60.278716136596785,53.299256385633207],[-60.278702360714846,53.299266130155708],[-60.278688554584647,53.299276773435842],[-60.278676248630241,53.299287431230717],[-60.278663918454534,53.29929898864453],[-60.278653061218385,53.299311459313266],[-60.278643704143441,53.299323943597486],[-60.278619017995325,53.299347956246613],[-60.278606713489594,53.299358613124255],[-60.278594380252883,53.299370169650274],[-60.278582074264676,53.299380828335686],[-60.278557413769562,53.299403941342078],[-60.278546580710014,53.299415513281197],[-60.278532753264265,53.299427055243655],[-60.278518947040212,53.299437698504214],[-60.278481954684821,53.299472368002171],[-60.278468127186997,53.299483909056917],[-60.278454319442226,53.299494553220079],[-60.278440490427073,53.299506094281426],[-60.278426684121932,53.299516735730833],[-60.278382296582379,53.299547734961415],[-60.278368490298497,53.299558379104887],[-60.278354711218647,53.299568122706731],[-60.27834090640772,53.299578765936964],[-60.278328576058023,53.299590323316195],[-60.278300966385714,53.299611608868751],[-60.278285687046427,53.299621336141151],[-60.278256601378047,53.299641708442444],[-60.278230490329832,53.299663008510116],[-60.278215188266977,53.299673637184341],[-60.278187578484705,53.299694922710771],[-60.278172297636296,53.299704652679281],[-60.278140265909066,53.299723195727417],[-60.27812198761638,53.299732894823379],[-60.278092903280843,53.299753266174854],[-60.27807764963962,53.299762097391898],[-60.278047090794381,53.299781554578587],[-60.278031787140911,53.299792183239191],[-60.278016533456864,53.299801013548191],[-60.277998279348573,53.299809813905455],[-60.277981526920279,53.299818627874927],[-60.27796627173003,53.299827459087574],[-60.277957146168767,53.29983185925294],[-60.277940393739705,53.299840674116894],[-60.277926611482549,53.299850418589394],[-60.277914308163318,53.299861075386048],[-60.277900504651427,53.299871718555721],[-60.277855626986998,53.299919788051611],[-60.277841796170748,53.299931329053607],[-60.277827989612717,53.299941972234507],[-60.277811185592796,53.299952583639261],[-60.277797407811299,53.299962329867988],[-60.27778062502059,53.299972042568314],[-60.277751490355776,53.299994211286204],[-60.277737712498237,53.300003954807302],[-60.277725507645876,53.300011019396585],[-60.277720932699587,53.300013668379925],[-60.277705677386137,53.300022499559432],[-60.277675069681038,53.300043754090694],[-60.27766126302901,53.300054396352131],[-60.277645957679624,53.300065024973271],[-60.277629153566316,53.300075636352489],[-60.277615372681964,53.300085381679608],[-60.27758328891418,53.300105722037962],[-60.277568035025979,53.300114552289855],[-60.277552759898207,53.30012428214021],[-60.277523670518015,53.300144653382894],[-60.277496060072473,53.300165937849648],[-60.277479307450477,53.300174754449699],[-60.277459581574952,53.300182638743884],[-60.277420229937583,53.300194817825769],[-60.277400502539088,53.300202702120011],[-60.277363992216117,53.300220302654012],[-60.277347241048346,53.300229119225811],[-60.277333463023268,53.300238862700446],[-60.277319654737063,53.300249505832568],[-60.277305826675608,53.300261046753114],[-60.277292018359034,53.30027168898178],[-60.277270357157001,53.300294834391231],[-60.277251616037233,53.300320703272313],[-60.277239283661487,53.300332259648869],[-60.277228451514773,53.300343831458832],[-60.277216120628935,53.300355387823188],[-60.277202316784461,53.3003660309124],[-60.277171705578652,53.300387285334686],[-60.277154952770559,53.300396100088889],[-60.277125864535776,53.300416472125448],[-60.277113560855106,53.300427128839843],[-60.277102701380265,53.300439599377583],[-60.277096294071434,53.300453912762201],[-60.27707806379339,53.300461816060313],[-60.277058361993546,53.300468802469169],[-60.27704455805705,53.300479444639954],[-60.277038173469855,53.300492858411417],[-60.277017906145538,53.300519612348573],[-60.276965633203829,53.300564010277363],[-60.276951876263112,53.300572855908356],[-60.276921267791039,53.300594110247062],[-60.276887760416535,53.300611740593148],[-60.276854304576382,53.300627574371497],[-60.276839050351981,53.300636404530657],[-60.276820794126174,53.300645203818206],[-60.276802568175093,53.300653104344313],[-60.276785840993888,53.300661022118128],[-60.276769060705469,53.300670734657253],[-60.276752307736196,53.300679551155689],[-60.27671732573652,53.300696266384008],[-60.276700543948593,53.300705980723812],[-60.276667037865614,53.300723609197938],[-60.276650310631723,53.300731526952823],[-60.276616801551413,53.30074915813325],[-60.276600074265566,53.300757074080629],[-60.276581793646933,53.300766771151046],[-60.276565066364036,53.300774687993787],[-60.276530031167525,53.300793201536031],[-60.276514778319935,53.30080203164411],[-60.276498025214138,53.300810846306518],[-60.276449210037008,53.300839103211885],[-60.276418651235225,53.300858562674343],[-60.276404869774602,53.300868305161501],[-60.276325548639818,53.30091422309917],[-60.276294936623451,53.300935478197765],[-60.276281130844133,53.300946120290348],[-60.27626882381211,53.300956777837776],[-60.27623973928354,53.300977149629915],[-60.276206179722436,53.300996575443378],[-60.2761923982344,53.301006321507117],[-60.276177117934928,53.301016049410954],[-60.276163313619534,53.301026692380432],[-60.276150982266486,53.301038249535416],[-60.276140123843582,53.301050719075782],[-60.276127816762795,53.301061377508972],[-60.276112512126986,53.301072003223673],[-60.276097257607461,53.301080834188681],[-60.276081977292449,53.301090563880898],[-60.276069668650329,53.301101220517388],[-60.276057314466541,53.301113676372267],[-60.276046454478212,53.301126145013633],[-60.276034148871659,53.301136804327676],[-60.276018892810093,53.301145635292492],[-60.275997717552066,53.301151707338455],[-60.275986886349941,53.301163278126005],[-60.275973078950614,53.301173921993367],[-60.275953378161127,53.301180909111224],[-60.275935174624536,53.301187911696182],[-60.275915473822394,53.301194898807786],[-60.27591198464998,53.301211939247551],[-60.275895231259625,53.301220753825724],[-60.275877027696559,53.301227756401858],[-60.275857351157711,53.301233844784598],[-60.275840597731175,53.301242658454868],[-60.275826790253568,53.301253301405126],[-60.275787384054979,53.301267276519084],[-60.275775052515066,53.301278832735072],[-60.275767194475421,53.30129133404742],[-60.275754862923179,53.301302890261347],[-60.275739608231312,53.301311720280587],[-60.275724327752648,53.301321449927215],[-60.275707574280759,53.301330264479155],[-60.275674118944615,53.301346097918419],[-60.275646505287014,53.301367381068445],[-60.275629774590605,53.30137529780027],[-60.27560410138662,53.301381325193759],[-60.275584424754413,53.301387414431964],[-60.275563272125588,53.301392588592002],[-60.275542096729239,53.301398663258276],[-60.275523893032464,53.301405665780806],[-60.275507139486251,53.301414480304743],[-60.27549036013135,53.301424193555356],[-60.275476576823678,53.301433938646284],[-60.275459823240318,53.30144275226337],[-60.275434250226681,53.30144518742474],[-60.275408652844213,53.301448517698852],[-60.275390423316772,53.301456419830359],[-60.275375142690656,53.301466148532235],[-60.275361362332546,53.301475892690149],[-60.275341661287392,53.301482878807199],[-60.275300856195365,53.301493245197335],[-60.275282628082785,53.301501144601922],[-60.275270294820217,53.301512699875524],[-60.27525152921055,53.30153946985358],[-60.275237695667393,53.301551010564715],[-60.275222440780254,53.301559840518138],[-60.275205814696449,53.301564164065738],[-60.275034728968805,53.30167114757635],[-60.2750071178057,53.301692431459841],[-60.274997964243603,53.301697731038885],[-60.274996438116155,53.30169861250473],[-60.274991864323439,53.30170126137417],[-60.274976582016542,53.301710990034984],[-60.274958300655008,53.301720688658314],[-60.274921792507733,53.301738286618871],[-60.274902039657647,53.30174707102173],[-60.274882336909577,53.301754057073083],[-60.274862582557525,53.301762842379468],[-60.274844326947097,53.301771641356311],[-60.27482604701617,53.301781339049491],[-60.274809240043766,53.301791950943404],[-60.274790934295929,53.301802548260305],[-60.274771126700678,53.3018131274181],[-60.274751349470428,53.301822810515205],[-60.274734594131353,53.301831626741475],[-60.274717814421209,53.301841338983685],[-60.274687252565201,53.301860795313743],[-60.274658116517877,53.301882963269733],[-60.274645731354056,53.301896316836938],[-60.274630424581687,53.3019069441727],[-60.274615066128547,53.301919367163606],[-60.274598284870365,53.301929080299097],[-60.274583005414684,53.301938809790471],[-60.27456469951543,53.301949405272346],[-60.274550915779159,53.301959147556076],[-60.274497524185094,53.301990054319624],[-60.274480720071331,53.302000667048198],[-60.274463887087443,53.302012176722194],[-60.274445581111053,53.302022771285614],[-60.274410442163344,53.302044878213493],[-60.274392162001099,53.302054574940229],[-60.274372381600365,53.302064259794896],[-60.274352575283359,53.302074838873757],[-60.274332796334569,53.302084521911588],[-60.274315964780769,53.302096031555052],[-60.274299181866326,53.302105743758197],[-60.274271516915803,53.302128825839695],[-60.274239325195836,53.302152759327328],[-60.274223969579431,53.302165184049073],[-60.274208638247686,53.302176708249419],[-60.274193332785821,53.302187336419834],[-60.274178050107679,53.302197064078577],[-60.274145911480247,53.302219201874429],[-60.27412912999808,53.302228914944259],[-60.27411532324755,53.302239555887041],[-60.273986895914277,53.302323611517302],[-60.273927683097625,53.3023481659258],[-60.273910928853482,53.302356980226705],[-60.273891149641749,53.302366661391154],[-60.27387439391255,53.302375477497186],[-60.27383930603775,53.30239578590011],[-60.273822497093001,53.30240639856563],[-60.273802719341255,53.302416079705779],[-60.27378444040184,53.302425777230376],[-60.273764607950028,53.302437255840957],[-60.27374487889162,53.302445142234582],[-60.273725095109207,53.302454824301179],[-60.27370689215158,53.302461825637863],[-60.273690165192768,53.30246974297004],[-60.273670458923974,53.302476729742054],[-60.273650652307552,53.302487312305985],[-60.273633873580962,53.30249702348646],[-60.273614118612969,53.302505807686913],[-60.273598835705748,53.302515536172088],[-60.273580558164177,53.302525232755585],[-60.273565275258676,53.302534962136704],[-60.273548493520842,53.302544675125247],[-60.273517933637073,53.302564131137657],[-60.273502626346108,53.302574758329349],[-60.273487344891805,53.302584486790593],[-60.273470563133159,53.302594200668459],[-60.27345528164836,53.302603928225331],[-60.273403414603521,53.302633950354547],[-60.27338363366222,53.302643632345287],[-60.273365350038198,53.302653330735474],[-60.273345572068763,53.302663011800206],[-60.273306034469307,53.302681477040601],[-60.2732862808516,53.302690261177304],[-60.273245321967231,53.302706016518925],[-60.273204416272279,53.302719975280098],[-60.273186210110616,53.302726976557196],[-60.27312407472796,53.302748805203684],[-60.273018134738159,53.30278096663789],[-60.272971332554356,53.302791269346827],[-60.272945705325803,53.302795498743421],[-60.272915660759146,53.302796988145381],[-60.272884187412906,53.302795765004177],[-60.272861513608035,53.302801822788311],[-60.272844730086369,53.302811534787843],[-60.272829421036647,53.302822161903379],[-60.272811169080413,53.302830961441693],[-60.272792938466971,53.302838862278001],[-60.272768762784814,53.30284490366396],[-60.272746134662036,53.302849164908636],[-60.272721983324928,53.302854307566477],[-60.272664835481784,53.302859113839126],[-60.272634786286382,53.302860599598702],[-60.272573294139931,53.302859966971027],[-60.272541773568896,53.302860542967714],[-60.272514700667962,53.302862959302459],[-60.27249504877738,53.302868149305205],[-60.272478294033739,53.302876963405893],[-60.272464512561804,53.302886707230861],[-60.272447703066433,53.302897318803467],[-60.272414141796041,53.302916744445945],[-60.27239585932147,53.302926441778318],[-60.272376105386648,53.302935224864754],[-60.272342592801387,53.302952853950224],[-60.27232283734056,53.302961637037605],[-60.272306082524807,53.30297045111422],[-60.272284852623571,53.30297832177127],[-60.272245394922848,53.302994092257883],[-60.272227139766933,53.30300289172672],[-60.272208857196858,53.303012588130315],[-60.272195075603662,53.303022331024039],[-60.272181268148607,53.303032973544759],[-60.272167486558857,53.303042717335565],[-60.272141344553049,53.303064915705079],[-60.272115153746917,53.303088909705494],[-60.272085983629886,53.303111974903445],[-60.272072205015071,53.303121719564096],[-60.272056921536908,53.303131447852742],[-60.272041666932417,53.303140277391726],[-60.271994294719434,53.303170344538891],[-60.271979040120627,53.303179175870405],[-60.271962231844256,53.303189784664454],[-60.271948448700066,53.30319953114055],[-60.271930117217984,53.303211024038418],[-60.271887114946693,53.303245630396589],[-60.271859423550929,53.303269608839578],[-60.271834705433953,53.30329451791863],[-60.271808561599464,53.303316716225197],[-60.271751807727121,53.303360167525284],[-60.271739498874567,53.303370824607633],[-60.271736009340152,53.303387863115425],[-60.271729543514475,53.303403972798051],[-60.271720210965377,53.303415560503936],[-60.27170637434557,53.303427099916973],[-60.27167586480769,53.303444760704274],[-60.27165616226813,53.303451747116],[-60.271619674161762,53.303468445362235],[-60.271601421680685,53.303477244716369],[-60.271564957929485,53.303493045127794],[-60.271546678022133,53.30350274231121],[-60.271531395807791,53.303512471423375],[-60.271502279883052,53.303533739903614],[-60.271485497268593,53.303543451703149],[-60.271470215042037,53.303553181707763],[-60.271453432412677,53.303562893502779],[-60.271436678701676,53.303571708348436],[-60.271418447502072,53.303579608075474],[-60.271400190407221,53.303588406527872],[-60.271380461867416,53.303596291622412],[-60.271339580583479,53.30360935011889],[-60.271319850536138,53.303617236113418],[-60.271301567498085,53.303626932378648],[-60.271254118071489,53.303659696308038],[-60.271237310962242,53.303670306791169],[-60.271219003509614,53.303680902662414],[-60.271182440363404,53.303700296940391],[-60.271165659130126,53.303710009585686],[-60.271147376033717,53.303719706727641],[-60.271129118823261,53.303728505138771],[-60.271092685103064,53.303743407549575],[-60.271027650064838,53.303761610074737],[-60.271004996871525,53.303766768808899],[-60.270956720149655,53.30377615558082],[-60.270931116573109,53.303779488529202],[-60.270815322042324,53.303789078394537],[-60.270788222584201,53.303792394868047],[-60.270721683962869,53.303810580830913],[-60.270677879303065,53.303820913686032],[-60.270629628400542,53.30382940429871],[-60.270603974393509,53.303834531022275],[-60.270581322612728,53.303839689666525],[-60.270555671615668,53.303844817260583],[-60.27053149354348,53.303850858204953],[-60.270510313189341,53.303856931101578],[-60.270492135047014,53.303863035022651],[-60.270451174006546,53.303878789409509],[-60.270428444424276,53.303886642408131],[-60.270369279231886,53.303909398503322],[-60.270348075904479,53.303916369179497],[-60.270328347034749,53.303924255001121],[-60.270307140671221,53.30393122478921],[-60.270247975336154,53.303953979924238],[-60.270231245649377,53.303961896783491],[-60.270213012557036,53.303969796336894],[-60.27017507796505,53.303984683846579],[-60.27015532311701,53.303993468367565],[-60.270083718531119,53.304031371278718],[-60.270065460968077,53.304040169527845],[-60.270047233871935,53.304048071717993],[-60.270027503334312,53.304055954799026],[-60.27000924576538,53.304064753939841],[-60.269971259132085,53.304081436139917],[-60.269951475288657,53.304091120274833],[-60.269917963771114,53.304108746862653],[-60.269904181319532,53.304118490393314],[-60.269887373710901,53.304129101587534],[-60.269872039004866,53.304140625243143],[-60.269858204690422,53.304152166224121],[-60.269845872239301,53.304163722720858],[-60.26983206079381,53.304174363189915],[-60.269824148631486,53.30418866066821],[-60.269819185342335,53.304204785755999],[-60.269817219783384,53.304220941917777],[-60.269813703495203,53.304238879097682],[-60.269813162008091,53.304257745159859],[-60.269817172041854,53.304274863959307],[-60.269821281209246,53.304288385175752],[-60.269823766425112,53.304306385365116],[-60.2698247482314,53.304324368246007],[-60.269819707145167,53.304343188616606],[-60.269811819367277,53.304356587375722],[-60.269803881258994,53.304371784480395],[-60.269792971289796,53.304386049981566],[-60.26978063424545,53.304397606500494],[-60.269754491678903,53.304419804339645],[-60.269739156865938,53.304431329778566],[-60.269722350548435,53.304441938239137],[-60.269685783099284,53.30446133388056],[-60.26963256638124,53.304485949183707],[-60.269611333683194,53.304493816676342],[-60.269594603667763,53.30450173344677],[-60.269573349552623,53.304510500531563],[-60.269556590541605,53.304519313343043],[-60.26953685974501,53.304527199044166],[-60.269517077035736,53.304536879496673],[-60.269500321041029,53.304545694081391],[-60.269485063901776,53.304554523304752],[-60.26946977932387,53.304564251263528],[-60.269440663162293,53.30458551923337],[-60.269423882705354,53.304595232525429],[-60.269410045085586,53.304606771673413],[-60.269367094261803,53.304639580552887],[-60.269354758516393,53.304651136118025],[-60.269340951333319,53.304661778301771],[-60.269328643026029,53.304672436027104],[-60.269281264189289,53.304702501221186],[-60.26926595957412,53.304713126942595],[-60.269249148568456,53.304723738066649],[-60.269230841691709,53.304734334524824],[-60.269215531024713,53.304744959378318],[-60.269198774886462,53.304753773920879],[-60.269183493178303,53.3047635018238],[-60.269166656196546,53.304775011663885],[-60.269148323308848,53.304786505036581],[-60.269134538961531,53.304796248488316],[-60.269119257207429,53.304805975482751],[-60.269087217770704,53.304824517912195],[-60.269071933022246,53.304834246720489],[-60.269053650457323,53.304843942633205],[-60.269036868292162,53.304853654980498],[-60.269021584992451,53.304863381972169],[-60.269006277265632,53.304874008580065],[-60.268990993967869,53.304883736468078],[-60.268974208783156,53.304893449726237],[-60.268957400624082,53.304904059889722],[-60.268940568018948,53.30491556876872],[-60.268925281701705,53.304925297568026],[-60.268911503270758,53.30493504095535],[-60.268877934271849,53.304954464736575],[-60.268861177949631,53.304963277431447],[-60.268844392720439,53.304972991571681],[-60.268830611249847,53.30498273496908],[-60.268815327873341,53.304992462834726],[-60.268762006150958,53.30502066906061],[-60.268704311452467,53.305044338612205],[-60.268687527610282,53.305054050019997],[-60.268651040015115,53.305070749143887],[-60.268634283616763,53.305079562707313],[-60.268614552375269,53.305087447356435],[-60.268597821910774,53.305095362187231],[-60.268581060999097,53.305104176672536],[-60.268564356486657,53.305111193671472],[-60.268547600054575,53.305120007222776],[-60.268511109342491,53.305136706323459],[-60.268494352905613,53.305145520767582],[-60.268474597111727,53.30515430141066],[-60.268439504426333,53.305174610033582],[-60.268419721201575,53.30518429210553],[-60.268399963919975,53.30519307544678],[-60.268366452387589,53.305210700690907],[-60.268288975434253,53.305244052092824],[-60.268253934481358,53.305262562306311],[-60.268238649338478,53.305272288307613],[-60.268185246043032,53.305303192279112],[-60.268168490992849,53.305312007568261],[-60.26815170842692,53.305321718891385],[-60.268136397314308,53.305332345407535],[-60.268105831475737,53.305351800049934],[-60.268055480724364,53.305380937606301],[-60.268038672145991,53.305391547640966],[-60.268021889535561,53.305401259846164],[-60.268005082476151,53.305411871666955],[-60.267988321285955,53.305420684268867],[-60.267953226632102,53.30544099185888],[-60.267937921407125,53.305451616510453],[-60.267904302673742,53.305472839254904],[-60.267887545947815,53.3054816518137],[-60.2678844412522,53.305485214719759],[-60.267867684565786,53.305494029976565],[-60.26785094926273,53.305501942931677],[-60.267834142137538,53.305512555628759],[-60.267801947296441,53.305536488268423],[-60.267789635300559,53.305547143154257],[-60.267775825936688,53.305557785167359],[-60.267761966121455,53.305570223723542],[-60.267714409419341,53.305606578450444],[-60.26767000632325,53.305637574623297],[-60.267654722449116,53.305647302340965],[-60.267637936629242,53.305657013611501],[-60.267622605296388,53.305668537850323],[-60.267607319913608,53.305678266471865],[-60.267590483635161,53.305689775180596],[-60.267573673317344,53.30570038515971],[-60.267541528643541,53.305722521184791],[-60.267512334310695,53.305746483957897],[-60.267497050345739,53.305756210755192],[-60.267484739746223,53.3057668674005],[-60.267470928749013,53.305777510288365],[-60.267454119870131,53.305788120241047],[-60.26743878394813,53.305799645385605],[-60.267405111196219,53.305822662753343],[-60.267322330194382,53.305883816569605],[-60.267307024654713,53.305894441140609],[-60.267293187580464,53.305905981834904],[-60.267277903541093,53.305915710404747],[-60.267264093899108,53.30592635055833],[-60.267245783010452,53.305936946732672],[-60.267216666298076,53.305958213252168],[-60.267201354725955,53.305968839648827],[-60.267187545080112,53.305979481594079],[-60.267173709449217,53.305991022264926],[-60.267161374226426,53.306002577594455],[-60.267146090090385,53.306012304346972],[-60.267115469838593,53.306033555300431],[-60.267100185745598,53.306043285648116],[-60.267086376018376,53.3060539257812],[-60.267071091830843,53.306063651623901],[-60.267054232314365,53.306076060765598],[-60.267037472187418,53.306084874125112],[-60.26699009471961,53.306114940184941],[-60.266961000752211,53.306135308834754],[-60.266945716523267,53.306145035561727],[-60.266913675126212,53.306163576509896],[-60.266866297516628,53.306193644321297],[-60.266847987869781,53.306204237724444],[-60.266829731720108,53.306213035461475],[-60.266814473451682,53.306221865245121],[-60.266796214297742,53.306230663896656],[-60.266777929117403,53.30624035947195],[-60.266758144991535,53.306250039469191],[-60.26674288669512,53.306258869243749],[-60.266724656504351,53.306266769137963],[-60.266709398195069,53.306275598908258],[-60.266689614037354,53.306285278894208],[-60.266671380819488,53.306293178799677],[-60.266653095616377,53.30630287615643],[-60.266636312334285,53.306312588167614],[-60.266628735126545,53.30631520469305],[-60.266598299420878,53.306330168907124],[-60.266580066150837,53.30633806789843],[-60.266561806882883,53.30634686561401],[-60.266545049570475,53.306355679785661],[-60.266507006063712,53.306374158351943],[-60.266491747671168,53.306382988094533],[-60.266474990314023,53.306391801356128],[-60.266465732171376,53.306400692481198],[-60.266451920652123,53.306411331650565],[-60.26642135182319,53.306430788573742],[-60.26640459444895,53.30643960272576],[-60.266387759067037,53.306451112156111],[-60.266355665191682,53.306471449508841],[-60.266338883262833,53.306481160568467],[-60.266292924285921,53.306513936323228],[-60.266276114842043,53.306524547010966],[-60.266248496212242,53.306545829776688],[-60.26623465562033,53.306557369467797],[-60.266222321484335,53.306568924690978],[-60.266191649896996,53.306591973752845],[-60.266140389175156,53.306652554224456],[-60.266125080093744,53.306663180464277],[-60.266095933324124,53.306685345457602],[-60.266082097139069,53.306696884201813],[-60.266023829514261,53.306740317234045],[-60.266008518869569,53.306750943468629],[-60.265976476629092,53.306769485066518],[-60.265959718998445,53.306778297355834],[-60.265945881292048,53.306789838794721],[-60.265620380168279,53.306994965085998],[-60.265606598800368,53.307004707202672],[-60.265589813534852,53.307014420877472],[-60.265573078750933,53.307022335305497],[-60.265556294925609,53.307032046265185],[-60.265539485095843,53.307042656849539],[-60.265522701271017,53.307052368704795],[-60.265502890504081,53.307062949022182],[-60.265481579226304,53.307073511954258],[-60.265443430545965,53.307095584189803],[-60.265425095664817,53.307107076992949],[-60.265392950327616,53.30712921243191],[-60.265379112306874,53.307140751104562],[-60.265362300903575,53.307151362573997],[-60.265346965417642,53.307162886540837],[-60.265328653493164,53.307173480621785],[-60.265247938437376,53.307214883811952],[-60.265209841566467,53.307235159420038],[-60.265190059647821,53.307244840039509],[-60.265173275632186,53.307254550045293],[-60.265153490738506,53.307264233378767],[-60.265136702213965,53.307273944308648],[-60.265118448261831,53.307282741765796],[-60.265084875699884,53.307302164484696],[-60.265054253551071,53.307323417612196],[-60.265020633373183,53.307344636837229],[-60.265006821255085,53.307355279441005],[-60.264990011113866,53.307365887247535],[-60.26497170205235,53.30737648305518],[-60.264954888952389,53.307387094477107],[-60.264939577778947,53.307397718774581],[-60.264921270178291,53.307408313664638],[-60.264902984069828,53.30741800895391],[-60.264886147899681,53.307429518173286],[-60.264852576652387,53.307448942617974],[-60.264818956275946,53.307470161786419],[-60.264802195158524,53.307478975733716],[-60.264751842645765,53.307508110982681],[-60.264732058994149,53.307517791536199],[-60.264712249303095,53.307528370813053],[-60.264678625804684,53.307549590861683],[-60.264660312062254,53.307560185750404],[-60.264645002256835,53.307570810000598],[-60.264626717567573,53.307580507938894],[-60.264609908762829,53.307591116582728],[-60.264591596504751,53.307601712351591],[-60.264571811254442,53.30761139198804],[-60.264553526482985,53.307621087214393],[-60.26453376729765,53.307629870818786],[-60.264515454988022,53.307640465675775],[-60.264478991079557,53.30765626389352],[-60.264459178271721,53.30766684404805],[-60.264437893990667,53.307676508958693],[-60.264422634690852,53.307685337537613],[-60.264402876919767,53.307694119310277],[-60.26435099584922,53.30772413753197],[-60.264331184433104,53.307734714954954],[-60.264311345481218,53.307746192011059],[-60.264294611709474,53.307754108051498],[-60.264276303812657,53.307764703743302],[-60.264238258072567,53.307783181589663],[-60.264216998221599,53.307791947744228],[-60.264159222113982,53.307818309468459],[-60.264140961732203,53.307827107715561],[-60.26412120233465,53.307835889451439],[-60.264104417860594,53.307845600207855],[-60.264086132931261,53.307855298063672],[-60.264018993488293,53.307894144666193],[-60.264003706459683,53.307903871027591],[-60.263985419915223,53.307913565276678],[-60.263968687536732,53.307921482162257],[-60.263950400992897,53.307931177306223],[-60.263854553925519,53.307976916243589],[-60.263834742301619,53.307987495385049],[-60.263816431184836,53.307998091025858],[-60.263796645575546,53.308007770534388],[-60.263778335895537,53.308018363458999],[-60.263760075349907,53.30802716164807],[-60.263741790264824,53.308036859451406],[-60.263725005641845,53.308046571054916],[-60.263708247046999,53.308055383029505],[-60.263690011004215,53.308063281590933],[-60.263674752915101,53.308072110065041],[-60.263656519913283,53.308080011302899],[-60.263639758269022,53.308088822386885],[-60.263621552810321,53.308095824883452],[-60.263580531537237,53.308113372585069],[-60.263521177432516,53.308142414565829],[-60.263499917239592,53.308151179692985],[-60.26345734776762,53.308170510070106],[-60.263440587565931,53.308179322016898],[-60.263411671490708,53.308193403231805],[-60.263397887731159,53.308203145104144],[-60.263382628044802,53.308211974450941],[-60.26336881368843,53.308222614174802],[-60.263353555476129,53.308231442608033],[-60.263339744160547,53.308242085010072],[-60.263306119404405,53.308263303773465],[-60.263272551294428,53.308282727746821],[-60.263254289012657,53.308291524968233],[-60.263237531759984,53.308300338667912],[-60.263217771974041,53.308309121155148],[-60.263157042630752,53.308333652843096],[-60.263137284315931,53.308342435307466],[-60.263116025463859,53.308351201257167],[-60.263099242094555,53.308360913663741],[-60.263080955197715,53.30837061047562],[-60.263064118130671,53.308382117638537],[-60.262996970936264,53.308420964607386],[-60.262980161381094,53.308431572122437],[-60.262963374959334,53.308441285429481],[-60.262943616538934,53.308450066961662],[-60.262908570663136,53.30846857651283],[-60.262888784630547,53.308478255871528],[-60.262868972551495,53.308488835753636],[-60.262806642443259,53.308516945625435],[-60.26278683032595,53.308527525493972],[-60.262748783263092,53.308546002867615],[-60.262731999717914,53.308555714322502],[-60.262713740230481,53.308564512342627],[-60.262699954673437,53.308574253244025],[-60.262680142503164,53.308584833094926],[-60.262663302253962,53.308596341121032],[-60.262644965999023,53.308607834399176],[-60.262606894231332,53.308627210444293],[-60.262567347981815,53.308645672133238],[-60.262550590464784,53.308654486637131],[-60.26253232787564,53.308663283748579],[-60.26251409434623,53.308671181211665],[-60.262495834764614,53.308679979198587],[-60.26247460020393,53.30868784721833],[-60.262416847905769,53.308713310276993],[-60.262398586799087,53.308722109158964],[-60.262383326657137,53.308730934777522],[-60.262363514319887,53.308741513675848],[-60.262329890222155,53.308762733956328],[-60.262311632050583,53.30877153100532],[-60.262294846830585,53.308781243308879],[-60.262276559555538,53.308790939097776],[-60.262258299873892,53.308799737048503],[-60.262240015572814,53.308809431912401],[-60.26222025534647,53.30881821423521],[-60.262201940451895,53.30882880874838],[-60.262183680706634,53.308837604887252],[-60.262163920455713,53.308846387200788],[-60.262125872839796,53.308864864376751],[-60.262089407003124,53.308880661867661],[-60.262069594523751,53.308891240717408],[-60.26202702218071,53.308910571496476],[-60.262008685604059,53.308922063777054],[-60.261975164023525,53.308939688163434],[-60.261956928802142,53.308947587351923],[-60.261938644385502,53.308957283070065],[-60.261918910150676,53.308965168417771],[-60.261900648801856,53.30897396542337],[-60.26188236284203,53.308983660242276],[-60.261862602445618,53.308992441605916],[-60.261842815949699,53.309002121692217],[-60.261787956514922,53.3090312088245],[-60.261772645486104,53.309041833608134],[-60.261739073062387,53.309061257171301],[-60.261709976096931,53.309081624536738],[-60.261693189083445,53.309091334965139],[-60.261677902617421,53.309101061920565],[-60.261664116699862,53.309110805403641],[-60.261647331167637,53.309120515816005],[-60.261629043600678,53.309130211506137],[-60.261612258100961,53.309139924614378],[-60.261572686337431,53.309159283791232],[-60.261555925375802,53.309168096374769],[-60.261519402363952,53.309185691172871],[-60.261502642900112,53.309194504639621],[-60.261484382838731,53.309203299771717],[-60.261464622275021,53.309212081969989],[-60.261444837122518,53.309221763781522],[-60.261428077629162,53.309230577237841],[-60.261408290908641,53.309240256352176],[-60.261390055422197,53.309248153653897],[-60.261355060439172,53.309264866199477],[-60.261338299423322,53.309273680553098],[-60.261320039294297,53.30928247566014],[-60.261256208030666,53.309310572683643],[-60.26123494530475,53.309319338318971],[-60.261195371701092,53.309338697380873],[-60.261175560291406,53.309349276073256],[-60.261137565532401,53.309365956374613],[-60.261120778309383,53.309375668523366],[-60.261102545750191,53.309383567562691],[-60.261084284054625,53.309392364443923],[-60.261065996227664,53.309402059147928],[-60.2610492104453,53.30941176947654],[-60.261032476920462,53.309419685052049],[-60.261000430507899,53.309438224419516],[-60.260980669736092,53.309447006538051],[-60.2609608582231,53.309457585194941],[-60.260942621074065,53.309465483338435],[-60.260904573882293,53.30948396011717],[-60.260884814556697,53.309492741310052],[-60.260866525154483,53.309502436893453],[-60.260845265275321,53.309511203340747],[-60.260830032211238,53.309519133627283],[-60.260811773423882,53.3095279313481],[-60.260795010673746,53.309536744735091],[-60.260776750320517,53.309545539759405],[-60.260759987540276,53.309554352241243],[-60.260740252812063,53.309562237394914],[-60.260721969343777,53.309571932017676],[-60.260703732133777,53.309579831925333],[-60.260685471743344,53.309588626935728],[-60.260667239012825,53.309596525908844],[-60.260650477709113,53.309605339266056],[-60.260632269578913,53.309612339517734],[-60.260615506758661,53.309621152879636],[-60.260536464406819,53.309656277469692],[-60.260518205500397,53.309665075145787],[-60.260499995819906,53.309672075386977],[-60.260405664848271,53.309716929404431],[-60.260384403232649,53.309725693979054],[-60.260367643323065,53.309734507287132],[-60.260326596023134,53.309752952581761],[-60.26031136128956,53.309760883712208],[-60.260290099632698,53.309769648270105],[-60.260182531981329,53.309805376689411],[-60.260158270683618,53.309814111719099],[-60.26011587796507,53.309827151650204],[-60.260096169088214,53.309834136171773],[-60.26005216971356,53.30985075354274],[-60.260032410059061,53.309859535495342],[-60.260014150929962,53.309868331294155],[-60.259995914965572,53.30987623108458],[-60.259977626700682,53.309885926522789],[-60.259957893145888,53.309893809737545],[-60.259921371861886,53.309911404029634],[-60.259901610617348,53.309920184169748],[-60.259834827079899,53.309946450791806],[-60.259813619052593,53.309953420505344],[-60.259795382966821,53.309961317564486],[-60.259774147287352,53.309969186006121],[-60.259712048292137,53.309989210240587],[-60.259692310099176,53.309997091639843],[-60.259668100882969,53.31000403001957],[-60.259628658193648,53.310018898528313],[-60.259605921867774,53.31002675038507],[-60.259583137764466,53.31003639965973],[-60.259542192892702,53.310051249793418],[-60.259495273411197,53.310065142153391],[-60.259430171512072,53.310085135838605],[-60.259408964820821,53.310092103670435],[-60.259346731715638,53.310116619561349],[-60.25926768741882,53.310151744214998],[-60.259226714708582,53.310167494776394],[-60.259176743019232,53.31018315133263],[-60.259155483957251,53.310191917470632],[-60.259132747436091,53.310199768337363],[-60.259109984773268,53.310208518825391],[-60.259087251273101,53.310216371464875],[-60.259067489715811,53.310225151467471],[-60.259047777493144,53.310232136735983],[-60.259028043590526,53.310240018897389],[-60.259006836772542,53.310246987558322],[-60.258947655171596,53.310269737126035],[-60.258820372821418,53.310312448671077],[-60.258799138290478,53.310320316930394],[-60.258693091719401,53.310355160071396],[-60.25867190645446,53.310361230876673],[-60.258650671855875,53.310369098209399],[-60.258626463745983,53.310376035468863],[-60.258602224942855,53.310383870577098],[-60.258579466582447,53.310392620935694],[-60.258475100432975,53.310421192094921],[-60.25845391660728,53.31042726285208],[-60.258431261344484,53.310432418291107],[-60.258254187302363,53.310484496192551],[-60.258234477800954,53.310491479507597],[-60.25818905799597,53.310505387028286],[-60.258167823236484,53.310513254275442],[-60.258078485550882,53.310541082212943],[-60.257931776879872,53.310580892843106],[-60.257883463422658,53.310591174876272],[-60.257859279750065,53.310597214165327],[-60.257804963861155,53.310607431658191],[-60.257777832859773,53.310611643015875],[-60.257672331637785,53.310627620147002],[-60.25764969936327,53.31063187763236],[-60.257540834734321,53.310660400909775],[-60.257519621451252,53.310667369345595],[-60.257480149696484,53.31068313498146],[-60.257458942404817,53.310690103368373],[-60.257437705883461,53.310697968695138],[-60.25741499648008,53.31070492140153],[-60.257390888274472,53.310708267140669],[-60.257366732122733,53.310713405795099],[-60.257345549512664,53.310719477246963],[-60.257319917469914,53.310723703293526],[-60.257294260721672,53.310728827149845],[-60.257271602183238,53.310733984189028],[-60.257248969796009,53.310738240698342],[-60.257159839137806,53.310758882661233],[-60.257132706456524,53.310763092981922],[-60.2571070249735,53.310769115513551],[-60.257057235195411,53.310778482811344],[-60.257033074469817,53.310783622327314],[-60.256984811449747,53.310792106557329],[-60.256957706427677,53.310795418103808],[-60.256929074624566,53.310799613580706],[-60.256871863378372,53.310806206163782],[-60.25684773183378,53.310810447798559],[-60.256823547905221,53.310816487778638],[-60.256779626340006,53.310830407763511],[-60.256724841258723,53.310856799095319],[-60.256706554821235,53.310866493115242],[-60.256662631679127,53.310880413967013],[-60.256639975973705,53.31088556996729],[-60.256594607616279,53.310897678533209],[-60.256544765151844,53.310908842167365],[-60.256473712084087,53.310926974012311],[-60.256449555728963,53.31093211428221],[-60.256401184559763,53.310944191394945],[-60.256377028217926,53.310949333450701],[-60.256349895321364,53.310953542693646],[-60.256327264227998,53.310957799019185],[-60.256300157577392,53.310961112226778],[-60.256273024697478,53.310965323252809],[-60.256190182321276,53.310976141317255],[-60.256137469558553,53.310982782462489],[-60.25611183723646,53.310987008250265],[-60.256057653047925,53.310992734017205],[-60.25603201922457,53.310996960697679],[-60.255976306689483,53.311003569462173],[-60.255926517874201,53.311012935379694],[-60.255900883993739,53.311017160231543],[-60.255769543373354,53.311044548490926],[-60.255721276797622,53.311053032230326],[-60.255697120295508,53.311058173248554],[-60.255615775206394,53.311069007538535],[-60.255502824422116,53.311083104961575],[-60.255474218538467,53.311086403166094],[-60.255421402057088,53.311096635283945],[-60.255394270490207,53.311100845200855],[-60.255368584062964,53.311106868288299],[-60.255342926847646,53.31111199172625],[-60.255320267883853,53.311117149296265],[-60.25527350473444,53.311125647644523],[-60.255247870768379,53.311129875057226],[-60.255225237967053,53.311134131183785],[-60.255170976260004,53.311142551813219],[-60.255121264316678,53.311149222131412],[-60.255095630289375,53.311153447710943],[-60.25503836580922,53.311161836866304],[-60.254982652885843,53.311168444267594],[-60.254960020069028,53.311172702144496],[-60.254929939693838,53.311175084880517],[-60.254905833983173,53.311178427398985],[-60.254786492601063,53.311205940319752],[-60.254719832115669,53.311227711387026],[-60.254700096967326,53.311235593735866],[-60.254681860905123,53.3112434909076],[-60.254662125758387,53.311251374150451],[-60.25464388666019,53.311259270435166],[-60.254607467008327,53.31127326911011],[-60.254587704054451,53.311282049274254],[-60.254566517758192,53.311288120253437],[-60.254548310916583,53.311295119561549],[-60.25452860043228,53.311302102266843],[-60.254489151742021,53.311316969102535],[-60.254469360993241,53.311326647981204],[-60.254451126368508,53.311334546008553],[-60.254393208144997,53.311365393946971],[-60.254374865470709,53.311376885979548],[-60.254356578276202,53.311386579641045],[-60.254322946632811,53.311407798586274],[-60.25430463316264,53.311418390964334],[-60.254286342943978,53.311428085534388],[-60.254268027937023,53.31143867701612],[-60.254248212349019,53.311449255473519],[-60.254207109750645,53.311469496111705],[-60.254188819488007,53.311479190666894],[-60.254158188915468,53.311500440111637],[-60.254142848851011,53.311511962645802],[-60.254127479501591,53.311524383021194],[-60.254112167194116,53.311535007717701],[-60.254098350976562,53.311545647264722],[-60.254083061919133,53.311555374152327],[-60.254069248694123,53.311566013676959],[-60.254035616735564,53.311587230741019],[-60.254023276353394,53.311598784719223],[-60.254010962205662,53.311609439071489],[-60.254000094707393,53.311621909307036],[-60.253989176127781,53.311636173379874],[-60.253979755161133,53.311650453196357],[-60.253977760069716,53.311667508704744],[-60.253977210051126,53.311686375606065],[-60.25398927122707,53.31173592897369],[-60.254000956604472,53.311746835897637],[-60.253983550622237,53.311829331474172],[-60.253957838818032,53.311836253874517],[-60.253936707633642,53.311840524574016],[-60.253886810849785,53.311853484550966],[-60.253861150048294,53.311858610391525],[-60.253836938793022,53.311865545792237],[-60.253787069682652,53.311877605193246],[-60.253713092864288,53.311893008662302],[-60.253690459536266,53.311897266299638],[-60.253643616395692,53.311908459284801],[-60.253616456351558,53.311913566632754],[-60.253543955297133,53.311929885342543],[-60.253498690050655,53.311938399639175],[-60.253477507751818,53.311944468596977],[-60.25345184683011,53.31194959344954],[-60.253424711534493,53.311953803839749],[-60.253278363043869,53.311981031121562],[-60.25325125700617,53.311984343629398],[-60.253224121652508,53.311988553073817],[-60.253145775447372,53.311999418056736],[-60.253115669565709,53.312002696351307],[-60.25308850944522,53.312007806280221],[-60.253059902688925,53.312011100307068],[-60.253004138812258,53.312019505118123],[-60.252978556608454,53.312021932796249],[-60.252870050288465,53.31203787330886],[-60.252844471103892,53.312040302739852],[-60.252817312398101,53.312045410797197],[-60.252788677825038,53.312049604393088],[-60.252766044320637,53.312053861855532],[-60.252737412743201,53.312058055420152],[-60.252714752913128,53.312063209796541],[-60.252663459995645,53.312072558625324],[-60.252636274977242,53.312078566265974],[-60.252536506283384,53.312103584590261],[-60.252459530338491,53.312118955777805],[-60.252430895680391,53.312123149288077],[-60.252402236260529,53.312128243306596],[-60.252373629369366,53.312131537169307],[-60.25234499621326,53.312135731549759],[-60.252316389360047,53.31213902809953],[-60.252287753186771,53.312143222485247],[-60.252260646935916,53.312146532968029],[-60.252235015030003,53.312150757916292],[-60.252185302950458,53.312157427006142],[-60.252158221491122,53.312159839651365],[-60.252131087435416,53.312164049738577],[-60.252045265188144,53.312173935622219],[-60.252018134118579,53.312178145664866],[-60.251962417905879,53.312184752570509],[-60.251884018378199,53.312197412374395],[-60.251859913367419,53.312200755170444],[-60.251835751221705,53.31220589453784],[-60.251811646186489,53.312209236423911],[-60.251760377710198,53.312217687051216],[-60.251731719601494,53.31222277819883],[-60.251642818446918,53.312235329348617],[-60.251618685569035,53.312239569929254],[-60.251588551618177,53.312243748373298],[-60.251561392630769,53.312248856145516],[-60.251508627903171,53.312257289980188],[-60.251482968057488,53.312262414400983],[-60.251457333013263,53.312266640101811],[-60.251321533333105,53.31229217788043],[-60.251292901467281,53.312296371999523],[-60.251265742410574,53.312301479704615],[-60.251238606672167,53.312305689598844],[-60.251211447602969,53.312310797291637],[-60.25106364999759,53.312336211347152],[-60.251037990018858,53.312341333871998],[-60.251012384193373,53.312344659834395],[-60.250935430589699,53.312359132236651],[-60.250908297787973,53.312363342036996],[-60.250881135635659,53.312368449673691],[-60.250774104970937,53.312385302754329],[-60.250751469566097,53.312389558944801],[-60.250725835875251,53.312393784479411],[-60.250703177124933,53.312398938465435],[-60.250632250736579,53.312412574125048],[-60.25056440611651,53.312423545999117],[-60.250541770686027,53.312427803050205],[-60.250516163281809,53.312431129816069],[-60.250493502982913,53.312436283771845],[-60.250464870937684,53.312440477692725],[-60.250437683869244,53.312446484843349],[-60.250410526100893,53.312451591444606],[-60.250384836649431,53.312457613472326],[-60.250362418364539,53.312461310000543],[-60.245163414692726,53.312998629939706],[-60.242703838793481,53.313409492501393],[-60.239665363456339,53.313501447831882],[-60.238033087872964,53.313436559925556],[-60.237064347268095,53.313566502266987],[-60.235726586968582,53.313590076813512],[-60.233185491672359,53.313404948476652],[-60.231534291558603,53.313169019137383],[-60.229766785358343,53.312858136767666],[-60.228171438928072,53.312460992016732],[-60.22714308533957,53.312122902083438],[-60.224609985437532,53.31111986586361],[-60.22419757522205,53.311011207529965],[-60.223849852118597,53.311047929474327],[-60.223437009420543,53.311154949980072],[-60.222402995312322,53.312516178183238],[-60.221262680064164,53.313415231866458],[-60.220594125828988,53.313993109999785],[-60.219719952080048,53.314521146799976],[-60.217885243833422,53.315251847329137],[-60.217444107696487,53.31534955617623],[-60.21649701543646,53.315354646566803],[-60.215874162561335,53.315456685699075],[-60.21279382187597,53.316184675307198],[-60.210936941687628,53.316798201403955],[-60.209056190708608,53.317554330566878],[-60.20791811156235,53.317967987713381],[-60.207458010791122,53.318344049372094],[-60.207055396136575,53.319449568698538],[-60.206868087933685,53.319787243131358],[-60.206405641049592,53.320190234161842],[-60.205354059334375,53.320668612875892],[-60.204248704540184,53.321038555676246],[-60.203057430777186,53.321568418519398],[-60.201546126918117,53.322404835172527],[-60.201211660869483,53.322693270787937],[-60.200022201385003,53.323654494379191],[-60.197571497328369,53.32437996747479],[-60.196350065528414,53.32490853705788],[-60.194793494184616,53.325744376748432],[-60.193371615880309,53.326591554462183],[-60.191605468655581,53.32740438623604],[-60.190968281719243,53.327721822228867],[-60.188499438215771,53.329417498536266],[-60.187544053393054,53.330464751612965],[-60.187116835895921,53.331030718908465],[-60.186060968279456,53.332902752184012],[-60.185805106983324,53.333607202629494],[-60.185751437438263,53.334180875043494],[-60.185503325147586,53.335218825361437],[-60.18565254937986,53.335932231451885],[-60.187291519476823,53.339324855643817],[-60.187494984972666,53.339886975754091],[-60.188271556662286,53.341541913876711],[-60.188586714648096,53.341792519055616],[-60.189926261876245,53.342426431572214],[-60.191967712403383,53.344758455465367],[-60.192896723905363,53.345464220590081],[-60.193821691327699,53.346941905827663],[-60.194162575499718,53.347237710831266],[-60.194297733220687,53.347483632320163],[-60.194298623750491,53.347700227140443],[-60.193885500324996,53.348490144689464],[-60.193329501000619,53.349187730665051],[-60.192344579120423,53.350207735124876],[-60.190526733012639,53.351351602937136],[-60.189654835277132,53.352257793523044],[-60.189266458615776,53.35292215229174],[-60.189093575579662,53.353710198135438],[-60.189056989910902,53.354266084170334],[-60.189215838338654,53.355061369970173],[-60.189685818233208,53.355899614317607],[-60.19022544490619,53.356622690128987],[-60.190745162744633,53.357848808979938],[-60.191370151568691,53.360003522999293],[-60.191700513793535,53.360694640387031],[-60.192474572137378,53.361271093719381],[-60.193200144081295,53.361665475204077],[-60.195156261580969,53.362547818594344],[-60.196068315343609,53.362839075306404],[-60.196456694173158,53.363109328992842],[-60.197360920808315,53.364002608720682],[-60.197361853908809,53.364218302368172],[-60.197126912871752,53.364581503031751],[-60.19710300176839,53.364725031205154],[-60.198215031319506,53.365407585901927],[-60.198499472103698,53.365441242386616],[-60.198656452027265,53.365318936042378],[-60.198839399472625,53.364837438458224],[-60.199061343462247,53.364653829139513],[-60.199399694875879,53.364545182822759],[-60.200496792154922,53.364534664515013],[-60.200982410148107,53.36447434888165],[-60.202514207538734,53.364051553032979],[-60.202806159071784,53.364184137545557],[-60.202843820912186,53.364526945818255],[-60.203064659895119,53.364576975907156],[-60.203677218785792,53.364195400001051],[-60.204472514544008,53.363980262275199],[-60.20535432630674,53.363587220410139],[-60.206335361782926,53.36353854624253],[-60.207040005502535,53.363339483955258],[-60.207609793839978,53.363128173673481],[-60.207743950967632,53.362914841920635],[-60.209020877696986,53.362917876010428],[-60.209415836037891,53.362873618895804],[-60.211158723530254,53.362869087924381],[-60.21169453562996,53.362737374877874],[-60.212268161487863,53.36269683271582],[-60.21259299548592,53.362785712984611],[-60.213297776978152,53.363278602264657],[-60.21296764601108,53.363963434499439],[-60.213290448831266,53.364070263567022],[-60.214047120923652,53.363988550673319],[-60.214156075833685,53.364162269433713],[-60.214407924857888,53.364230588897783],[-60.215485032361741,53.364084916330974],[-60.215498004521507,53.363653689269974],[-60.216055591485237,53.363397271808566],[-60.216441581546988,53.363001511053994],[-60.216731458186224,53.362954301321793],[-60.217076534970964,53.362719859340501],[-60.218008930805098,53.361788059191568],[-60.21892651372255,53.361548977092106],[-60.219958508981108,53.36140188163882],[-60.220525362865992,53.361235413132604],[-60.221171114107875,53.360792093827705],[-60.222118695433288,53.360553309079833],[-60.222756953985382,53.360208756097038],[-60.225043625615818,53.359497185253453],[-60.226424203986163,53.359295345961726],[-60.227045634520749,53.359211205900316],[-60.228930101339941,53.358886198126491],[-60.229746429088067,53.358814907997591],[-60.230855561508129,53.359101705190675],[-60.231633345621475,53.35916479133936],[-60.231831330464431,53.359124658089215],[-60.232020263782744,53.358984675295765],[-60.231985751090306,53.35883153200357],[-60.231721570312487,53.358267947624284],[-60.232512058815011,53.358358125422974],[-60.232758190240816,53.358264578912248],[-60.232919117443174,53.358106322903225],[-60.232855127627651,53.357933995190166],[-60.232703363367129,53.357732875576467],[-60.232787195649117,53.357590876137358],[-60.233469814217045,53.357265611628392],[-60.234277285848343,53.357086351278816],[-60.235098754344278,53.356484856899982],[-60.235310348418309,53.356238164509584],[-60.235719028449459,53.356184080154179],[-60.238169166232588,53.356178558361428],[-60.239599220626516,53.355923166336972],[-60.241223753689596,53.355898075851087],[-60.242425786175438,53.356141708273071],[-60.244330158035275,53.356204000811353],[-60.245165038654626,53.356060904981526],[-60.245566332917221,53.355899765809887],[-60.24566407323362,53.355793849120957],[-60.246134126681604,53.355490541377122],[-60.246963669730128,53.355221561001713],[-60.248592550823695,53.354431639385908],[-60.248844495733948,53.354240164600498],[-60.249200401725147,53.353627401878654],[-60.249464278525622,53.353489971935367],[-60.249936676850155,53.353618040028387],[-60.250431486344638,53.353647487466411],[-60.251001221912993,53.353426085909234],[-60.251352344623577,53.353335398268335],[-60.252173085843296,53.353210976739348],[-60.252745619378118,53.352944662967374],[-60.253276579585567,53.352867532591816],[-60.25359823539619,53.352550961848756],[-60.253994762542142,53.351984440165708],[-60.254278204077771,53.351793285939692],[-60.255217499086086,53.351670979633049],[-60.256099034917987,53.351520206143618],[-60.257042439397381,53.351101365806684],[-60.257459891781728,53.351156039846472],[-60.258799260199488,53.351582471686768],[-60.259195831503007,53.351735778306924],[-60.259577163278479,53.35210370783264],[-60.26047744257172,53.352601045323397],[-60.261852376314884,53.354134986884098],[-60.261866626750646,53.354368791495226],[-60.261729729944875,53.354635176772554],[-60.26192944584195,53.354792721553615],[-60.26218461841394,53.354798962239492],[-60.262417410124705,53.354696231543329],[-60.262599614152883,53.354421326749438],[-60.262931118717667,53.354177627074975],[-60.263843233169922,53.354009140481523],[-60.265846478702464,53.353246225257251],[-60.266176696940846,53.353254133943672],[-60.266240810796972,53.353426444384326],[-60.266029409677948,53.353673192830954],[-60.266655269970947,53.354002288770651],[-60.266690161407574,53.354146438135636],[-60.266362975233704,53.35481347130748],[-60.26606175520407,53.355049404273196],[-60.265913440934249,53.355243784479811],[-60.265898443708004,53.355710940822952],[-60.265169515683922,53.356296530496479],[-60.265104864492756,53.356610397512185],[-60.265580665346029,53.356935251447247],[-60.266046011578688,53.356946353412035],[-60.266279847984322,53.356807678125854],[-60.266375214664357,53.355794055843198],[-60.266975138202355,53.355097489983862],[-60.267193912055937,53.354491344323996],[-60.267665840974971,53.354169099279652],[-60.268383558227725,53.354230427969874],[-60.268794431279275,53.354150192217872],[-60.268944538855351,53.35415353698474],[-60.269340968491164,53.354522490644158],[-60.270049787889263,53.354736493753357],[-60.270206075582998,53.355099374020263],[-60.270012735410894,53.355553909990661],[-60.269627362016244,53.356156546132311],[-60.269671634209324,53.356183962713168],[-60.270603643752459,53.356420932525069],[-60.270906449514179,53.356599294440635],[-60.271378197227143,53.356753332905086],[-60.271798517310984,53.356763052189073],[-60.272870884522909,53.35645505256997],[-60.273663421546551,53.356266388788747],[-60.274693783369244,53.355903121053458],[-60.275498960527663,53.355534839598931],[-60.276174578575834,53.355074457146863],[-60.278645657520435,53.353808371439762],[-60.280068042756248,53.353652171334403],[-60.282131729495042,53.353339839115897],[-60.283044403849011,53.35293755704523],[-60.283005250840858,53.352361105154884],[-60.283552579763288,53.35202338856989],[-60.284507452118199,53.351667356497593],[-60.285985904285781,53.35133192263261],[-60.287821767110707,53.351050426063615],[-60.289891711529691,53.350404615054892],[-60.290893175852965,53.350256599660305],[-60.291707042896086,53.349997036521771],[-60.292660954864175,53.349883572119474],[-60.293678422598525,53.349699748575787],[-60.294269333426946,53.349623042426394],[-60.294748199173114,53.349418488003678],[-60.294889145082713,53.349107171360124],[-60.294732793043167,53.348473821740747],[-60.294986025648477,53.348281366734838],[-60.295459336105111,53.348166621787897],[-60.295765813964643,53.348056481800597],[-60.296101182853896,53.347507178651355],[-60.296276590342302,53.347357969995272],[-60.297304545131169,53.347012459172788],[-60.297688876903713,53.346643380868848],[-60.298079897710885,53.346410068155457],[-60.300419303145794,53.345995054238664],[-60.301123221447952,53.345795433281438],[-60.302065305978992,53.345403185208944],[-60.302345044322578,53.345013271538875],[-60.302791563066073,53.344834420716175],[-60.304931457521704,53.344514374417578],[-60.307622072285113,53.344476585799789],[-60.309384209073059,53.344669424588965],[-60.311220916646469,53.345313214876661],[-60.312009604606288,53.345681439076273],[-60.312266495829661,53.345894284770928],[-60.312807302312301,53.34588798431443],[-60.313404863383937,53.345946949564819],[-60.313740560314109,53.345864015031687],[-60.314385911690756,53.345878515750506],[-60.314751352866558,53.3458057583059],[-60.315166582576417,53.345887169162943],[-60.315722666786058,53.346142521175764],[-60.316062856417147,53.346222284574914],[-60.316751484087476,53.346247087292937],[-60.317318308430771,53.346331790989659],[-60.317841364328395,53.346370224547208],[-60.318166051522368,53.346467801847062],[-60.318192631298466,53.346755641415932],[-60.319141493861011,53.347199993597087],[-60.319541262373143,53.347298310488647],[-60.319852250444917,53.347620414910644],[-60.320418096237937,53.3476871206095],[-60.320864196358457,53.348011457335957],[-60.32132223037236,53.348121126171122],[-60.321996474917619,53.348396488082386],[-60.32350585053095,53.348286462076459],[-60.324228289833449,53.34828459803667],[-60.324722999176593,53.34804413218643],[-60.325105922460722,53.347936466618719],[-60.325407511297151,53.347673428448644],[-60.325407776222278,53.34695359376618],[-60.32565361789684,53.346860752562925],[-60.325751804875893,53.346512135102344],[-60.325892347861718,53.34642544751425],[-60.326549148843441,53.346242288002941],[-60.327000555081774,53.345991500807173],[-60.327841691343558,53.345767009498857],[-60.328369699294917,53.345734452114733],[-60.328528475195469,53.345585031978231],[-60.328778802307589,53.345437412215077],[-60.329003907140063,53.345443215407236],[-60.329205135762422,53.34511447658317],[-60.329494002420908,53.345040026167609],[-60.330399448751905,53.344988692186121],[-60.331649710169955,53.344683708112875],[-60.332127227832558,53.344739606750807],[-60.332585417955535,53.344623668831446],[-60.333158197746556,53.344600513406064],[-60.334099599591511,53.344441662074956],[-60.33470038797514,53.344437645884007],[-60.334934337043471,53.344559453939468],[-60.334999454566258,53.344704776399944],[-60.334358462056997,53.344861176476755],[-60.334355489564381,53.34491506755311],[-60.334573817844159,53.345279365825078],[-60.335303122818175,53.345133711734505],[-60.335443153548738,53.345064982158412],[-60.335489753077667,53.344787746811626],[-60.335935398800054,53.344635724495724],[-60.337610614782491,53.344771579277612],[-60.339115091450942,53.344725113479569],[-60.34031575403921,53.344751167562144],[-60.343419621581077,53.345090435799243],[-60.345275695968596,53.345203669727326],[-60.346791294234116,53.345246185644342],[-60.347658097394742,53.345067635322067],[-60.348820172181114,53.344742747399032],[-60.349380164788442,53.344692431264619],[-60.352505257654514,53.345418098128569],[-60.353183065205165,53.345622320496801],[-60.353677601758953,53.345884990677561],[-60.353669242375901,53.346028699369548],[-60.35330362049023,53.346110559484387],[-60.352395978169646,53.345964337727246],[-60.351546421130315,53.345612871665438],[-60.350981275516922,53.345519361611473],[-60.350750486736594,53.345613295859657],[-60.350890705058802,53.345760232541593],[-60.351292218111311,53.346075038587493],[-60.351745910702945,53.346516160551424],[-60.351980617167037,53.346611878907076],[-60.352716059306623,53.346627939450329],[-60.35381609747278,53.347048304370837],[-60.355165434772182,53.347581588796452],[-60.356069204810112,53.348042287984697],[-60.356838877357092,53.348239283245782],[-60.357391780362867,53.348286816408127],[-60.358357226171371,53.347733487178338],[-60.358861137479458,53.347590927049886],[-60.360356902350006,53.347704972555618],[-60.360764364249938,53.347687296309068],[-60.361390771081332,53.347512641672616],[-60.362086579411212,53.347212830155208],[-60.362262454703377,53.347037470262443],[-60.362321221567186,53.346804375297516],[-60.362206768890601,53.346703531724195],[-60.361886415935231,53.34655219745936],[-60.360788059565209,53.346573167676333],[-60.360503133108736,53.346557868081021],[-60.360366059363649,53.346348065745502],[-60.360413321872329,53.346321556909238],[-60.360779171985946,53.346230689528944],[-60.3631335702161,53.346300773158838],[-60.364520193264148,53.345999440375138],[-60.365945408735492,53.345544785970304],[-60.366492429007181,53.344964049264249],[-60.367224059607857,53.343819798948523],[-60.36727960595077,53.343650476626081],[-60.367713702140207,53.34319267971852],[-60.368340929937105,53.342756483813069],[-60.369448143378946,53.34234010860829],[-60.370723725262714,53.341631453455889],[-60.372020992445101,53.341066775790658],[-60.372877049394816,53.340833122327886],[-60.373240140191619,53.340787125076396],[-60.374866962274808,53.340706318739606],[-60.375096727982374,53.340648273986851],[-60.375598881684724,53.340281855899029],[-60.376552262684363,53.339943049375115],[-60.37687614018806,53.339788829933966],[-60.377826285991141,53.339000648629352],[-60.378294771112458,53.33871388406309],[-60.379201113721706,53.338391689886983],[-60.379427036543255,53.338135893936865],[-60.379680626873721,53.33768354593974],[-60.379856411498068,53.337507259782122],[-60.380211785301967,53.337353329193725],[-60.380646622155915,53.336859546028052],[-60.381050164766535,53.33664315571118],[-60.381835338328564,53.336588507333474],[-60.382533142930768,53.33648720389769],[-60.38324656122235,53.336592737512369],[-60.383844776763922,53.33616517478309],[-60.384540371239922,53.336090799515759],[-60.385200525965843,53.336338711774573],[-60.385903305092931,53.336564551151938],[-60.386541365363122,53.3370784354031],[-60.387108380858137,53.337393587611359],[-60.387132279374747,53.337398303415917],[-60.387196335380871,53.337417772930245],[-60.387215663353459,53.337425142759592],[-60.387251269228599,53.337441649993337],[-60.387269045702823,53.337450802366185],[-60.387285300203786,53.337460841207353],[-60.387301581129357,53.33746997858551],[-60.387319381109307,53.337478233113316],[-60.387338685647521,53.337486500759894],[-60.3873564666712,53.337495653085952],[-60.387371241587779,53.337504778244572],[-60.387384494455262,53.337514786272685],[-60.387400773955868,53.337523925448686],[-60.387436378480544,53.337540432637461],[-60.387454159566232,53.337549585848919],[-60.387512068903035,53.337574390546827],[-60.387532942477989,53.337579976913005],[-60.387558367711364,53.337583809724656],[-60.387591366622893,53.337585015655911],[-60.387621438814584,53.337583498139431],[-60.387680025687693,53.337582246586493],[-60.387734228204231,53.33757646187734],[-60.387764320850216,53.337574046509815],[-60.387795891565844,53.337572542110294],[-60.387827388909479,53.337573733937951],[-60.387855936103179,53.337573102862656],[-60.387887434952745,53.337574294663263],[-60.387915930692216,53.337575459282164],[-60.387945977909283,53.337574840432879],[-60.387976092506946,53.337571527185659],[-60.388000203829307,53.337568156865373],[-60.388033274592466,53.337566666450059],[-60.388060387570455,53.337563325999916],[-60.388090453693991,53.337561807509921],[-60.388121954045097,53.337562999237427],[-60.388147379319705,53.33756683192339],[-60.388165205956938,53.337574187563909],[-60.388175407502686,53.337585964922447],[-60.388184066630153,53.337599526577584],[-60.388185122565872,53.337616609426412],[-60.388180198762647,53.337632740982109],[-60.388181254735208,53.337649825631338],[-60.38818381376251,53.337666923402523],[-60.388187896340732,53.33768313828088],[-60.388188930375584,53.337701121656394],[-60.388192989475506,53.337718233471783],[-60.388198597079288,53.337733563645187],[-60.388203690248062,53.337768659735467],[-60.388210844804078,53.337782205576829],[-60.388219477492029,53.337796664188403],[-60.388226632095275,53.337810211829144],[-60.388236836723038,53.337821989159281],[-60.388250064942156,53.337832895838382],[-60.388267844800282,53.337842048037892],[-60.388287195088495,53.33784851896511],[-60.3883126220517,53.337852351603729],[-60.388341096010514,53.337854413046287],[-60.38839673000907,53.337851337379803],[-60.388420888337798,53.337846169498647],[-60.388447979505948,53.337843726786318],[-60.388476591173735,53.337840399393421],[-60.388500702606876,53.337837028971691],[-60.388532223602098,53.337837321874602],[-60.388545501824233,53.337846432823142],[-60.388555661175104,53.33786000758986],[-60.388564314444473,53.337873568360621],[-60.388577520847413,53.337885374629678],[-60.388590752180924,53.337896281248035],[-60.388608507215025,53.337906333045467],[-60.388627835631596,53.337913701743339],[-60.388654762680503,53.337917545647066],[-60.388681735158329,53.337919594781049],[-60.388710302976541,53.337918063884892],[-60.388732936292115,53.337913780651618],[-60.38875559305626,53.337908599576544],[-60.388775295089353,53.337901595659204],[-60.388793490971047,53.337894575045866],[-60.388817649312706,53.337889408884969],[-60.388840260654817,53.337886023457791],[-60.388858064092801,53.337894276830887],[-60.388868222050078,53.337907851581612],[-60.3888753768775,53.337921399182271],[-60.388884033268788,53.33793495990686],[-60.388904860315499,53.337942342606546],[-60.388928740414997,53.337947956752927],[-60.388954187915573,53.337950890538927],[-60.388976844653321,53.337945708521644],[-60.388992088753774,53.337936863222325],[-60.389005853251419,53.337927107872069],[-60.389029967679832,53.337923736420748],[-60.389048852467731,53.337948177455949],[-60.389066677895528,53.337955532070978],[-60.389096652050931,53.3379576082665],[-60.389120785441214,53.337953339893083],[-60.389144943775683,53.337948173666035],[-60.389161665975557,53.337940240204034],[-60.389206977897693,53.337929876998082],[-60.389228111113653,53.337925580539554],[-60.38925374606881,53.337921327059838],[-60.389279360565993,53.337917970489585],[-60.3893049266905,53.337916410500462],[-60.389333400774603,53.337918473506321],[-60.38935577633017,53.337924073570534],[-60.38937355345314,53.337933225626443],[-60.389407590242747,53.337952414393968],[-60.389425417256227,53.337959769844154],[-60.389446267846168,53.337966254611302],[-60.389467144888783,53.337971841514722],[-60.389492548553179,53.33797656993827],[-60.389543398315986,53.337984233828081],[-60.389574897510528,53.337985425181728],[-60.389603487269582,53.337982996245294],[-60.389630600328232,53.33797965273736],[-60.389654758595981,53.337974485507068],[-60.389678893442778,53.337970217009776],[-60.389724205287678,53.3379598545081],[-60.389742453898975,53.337951037130289],[-60.389757744724783,53.337940396958707],[-60.389789757618111,53.337921823235675],[-60.389805024934368,53.337912078195039],[-60.389817314061936,53.337901409078427],[-60.389828173365231,53.337888030623176],[-60.389843907519143,53.337860317132666],[-60.38985624194077,53.33784785054749],[-60.389871510757075,53.337838107287652],[-60.389918767387172,53.337810688117322],[-60.389949300445615,53.337791201613477],[-60.38996307065576,53.337781444308369],[-60.389976856785559,53.337770790120274],[-60.389992125509373,53.337761045044672],[-60.390008870904666,53.337752213626949],[-60.39002413816673,53.337742471259162],[-60.390037930266253,53.337731816118982],[-60.390047284841586,53.337718421855755],[-60.390053664227523,53.33770410260091],[-60.390055652946245,53.3376852485491],[-60.390054597727769,53.337668163908454],[-60.390049524975076,53.337632170076319],[-60.390053485055162,53.337595362465869],[-60.390058384758213,53.337580130473881],[-60.390082494393589,53.337576758844456],[-60.390098797934115,53.337585000712302],[-60.390115075010819,53.337594138637606],[-60.390131378489258,53.337602376900001],[-60.390143082167292,53.33761416899717],[-60.390151763824157,53.337626831780092],[-60.390164992449684,53.33763773734524],[-60.390179722706414,53.337648659617926],[-60.390197527842872,53.337656914580045],[-60.390218354959018,53.337664296150244],[-60.390243806869229,53.337667228727788],[-60.390267729280396,53.337671045164122],[-60.390307883585891,53.337685798759331],[-60.390324140333533,53.337695834470885],[-60.390337392444259,53.337705842178813],[-60.390349052413875,53.337719431708692],[-60.390360757669455,53.337731222872421],[-60.390370939463558,53.337743898755811],[-60.390394325121505,53.337768380727006],[-60.390406053840302,53.337779274948588],[-60.390416260562944,53.337791052078742],[-60.390427964352774,53.337802843246813],[-60.390438147688101,53.337815519112951],[-60.390451351542445,53.337827323394642],[-60.390464584893827,53.337838232492885],[-60.390477835577727,53.337848240195875],[-60.390491044002864,53.337860046239811],[-60.390505777409068,53.337870967548461],[-60.390520484398607,53.337882786715454],[-60.390566225517375,53.337913766308027],[-60.390579477771382,53.337923774888395],[-60.39060589020108,53.337947386085006],[-60.390626232172387,53.33797363743404],[-60.390637937574525,53.337985428569496],[-60.390655273394863,53.338011651030456],[-60.390681196019763,53.338054129393775],[-60.390704588061517,53.338078612156799],[-60.390717816968504,53.338089517658673],[-60.390732547503951,53.338100438960836],[-60.390745776462396,53.338111346259929],[-60.39076050697502,53.338122265758095],[-60.390772237388909,53.338133159931019],[-60.390788472565994,53.3381440961046],[-60.390804749965795,53.338153232133024],[-60.390822555414402,53.338161486099608],[-60.390841857944309,53.338169754097123],[-60.390856660251849,53.338177980958925],[-60.390874437781029,53.338187131888823],[-60.390889218177705,53.338196255672777],[-60.390903947270964,53.338207176064223],[-60.39091717782911,53.338218084232849],[-60.39092733651642,53.338231658804517],[-60.390932921761276,53.338247886681486],[-60.390927976985239,53.338264914370932],[-60.39087378132632,53.338328216632803],[-60.390864448746889,53.338340711332009],[-60.390845245455367,53.338386365398883],[-60.390841822643942,53.338402510169402],[-60.390835401113961,53.338418625105767],[-60.39083045178662,53.338435653724837],[-60.390824030284996,53.338451770460992],[-60.390819130758828,53.338467002481494],[-60.390805348801059,53.338535172887383],[-60.390804860473985,53.338554040959373],[-60.390805917522314,53.338571125578277],[-60.390809976251376,53.338588237308663],[-60.39081558791819,53.338603567330033],[-60.390822741976336,53.338617114820579],[-60.390831399127237,53.338630675399145],[-60.390853240124663,53.338656938926569],[-60.390866491173817,53.338666947483823],[-60.390872405514877,53.338670597521855],[-60.390899052524404,53.338685223969939],[-60.390912256795623,53.338697029097524],[-60.390920917018235,53.338710590547024],[-60.39092195067208,53.338728571201464],[-60.390915551085051,53.338743791015581],[-60.390904716840041,53.338756272618717],[-60.390890948038724,53.338766030020103],[-60.390874202394855,53.338774859760541],[-60.39084218936032,53.338793434672837],[-60.39082839712286,53.338804089904642],[-60.390817589255569,53.338815673639829],[-60.390809709839935,53.338829978020847],[-60.390806287000238,53.338846123689549],[-60.390811873786319,53.338862351559172],[-60.390819004439891,53.33887679508635],[-60.390827663165993,53.338890356553378],[-60.390839345467704,53.338903045503613],[-60.390854124602171,53.338912169301068],[-60.390873407077983,53.338921335106164],[-60.390891231757756,53.338928691256136],[-60.390909034539455,53.338936945229811],[-60.390928365320455,53.338944313538967],[-60.390949218102662,53.338950797128021],[-60.390968522537904,53.338959065991368],[-60.39104733690678,53.338988555046299],[-60.391063594363381,53.338998592452626],[-60.391091579485142,53.339019520416841],[-60.391104808840637,53.339030428573174],[-60.391119564671882,53.339040450174764],[-60.391144641748738,53.339057759672038],[-60.391151377945675,53.339087478098392],[-60.391131708291567,53.339151099749699],[-60.391128332300426,53.33916544705049],[-60.391130939392141,53.339180748173447],[-60.391138071749296,53.339195193469315],[-60.391140655461726,53.339211393329762],[-60.391151896573092,53.339241154643361],[-60.391159028910124,53.339255598137328],[-60.391164611391673,53.339271826922449],[-60.391171721895795,53.339287170942598],[-60.391177354143764,53.339301601328671],[-60.391185988164203,53.33931606061676],[-60.391193122048399,53.339330504997378],[-60.391201779482337,53.339344066446614],[-60.3912089088643,53.339358510859903],[-60.391217592700372,53.339371173547583],[-60.391229275250467,53.339383862457602],[-60.391258740515575,53.339405705801987],[-60.39127196999663,53.339416612137981],[-60.391286726038743,53.33942663551796],[-60.39132491591937,53.339459340495665],[-60.391351376515836,53.339481155840417],[-60.391417414887556,53.339540182885479],[-60.391432169464863,53.339550204457751],[-60.391480938222394,53.339580314739315],[-60.391508880223171,53.339603041854794],[-60.391533817454956,53.339625740092622],[-60.391561781366754,53.339647567568512],[-60.391576536015073,53.339657589122453],[-60.39158978754557,53.339667597595728],[-60.391604543749054,53.339677620935348],[-60.391637056393186,53.33969769291015],[-60.391671094082717,53.339716880127362],[-60.391706658378034,53.339735185275075],[-60.39172293812414,53.339744322961728],[-60.391740741368992,53.339752575007644],[-60.391757022651909,53.339761713578532],[-60.391788057215742,53.339780875486028],[-60.391805838621579,53.339790026248686],[-60.391820594918023,53.339800049560978],[-60.391839878002017,53.339809215206017],[-60.391856156263088,53.339818351084936],[-60.391873937736648,53.3398275036377],[-60.391891762947772,53.339834858734591],[-60.391927325912683,53.33985316292641],[-60.391943583868169,53.339863198408736],[-60.391956837090127,53.33987320862947],[-60.391973118446373,53.339882346270088],[-60.391992424967114,53.339890613152249],[-60.392011753376558,53.339897982204874],[-60.392032605283703,53.339904465612214],[-60.392048908548475,53.339912705415948],[-60.392075369777132,53.339934519695582],[-60.392091651182028,53.339943657319715],[-60.392107907725176,53.339953693690674],[-60.39212721278119,53.339961959661693],[-60.392149592796571,53.339967560071912],[-60.392176590090628,53.339968709671318],[-60.392202015629323,53.339972540595376],[-60.392224394136981,53.339978140102502],[-60.392243722606935,53.339985508216905],[-60.392258499426646,53.339994632758682],[-60.392281913776927,53.340018215580834],[-60.392296693624374,53.340027340095261],[-60.392314498620443,53.340035592943224],[-60.392333873889179,53.340041165367552],[-60.392354702573989,53.340048548356023],[-60.392394911026642,53.340061501920928],[-60.392418788269957,53.34006711629403],[-60.392442713701215,53.340070931374925],[-60.392469665857824,53.340073878372145],[-60.392496756690235,53.340071434747856],[-60.392522372211189,53.340068077478357],[-60.392546528291724,53.340062909683468],[-60.392563274051355,53.340054077909087],[-60.392571153080908,53.340039772516491],[-60.39257607552927,53.340023642592257],[-60.39259720789066,53.340019343746434],[-60.392635868047662,53.340034081628446],[-60.392653694998053,53.340041437499337],[-60.392676048743262,53.340047935670441],[-60.392698450703776,53.340052636350286],[-60.392723854471626,53.340057364989114],[-60.392752352004393,53.340058529345363],[-60.39278237602781,53.34005880802065],[-60.39281096842884,53.340056375599644],[-60.392836582448808,53.340053020074549],[-60.392862216767526,53.340048764028104],[-60.392913446252493,53.340042051138767],[-60.392940537000598,53.340039605613434],[-60.392969034489205,53.340040768117532],[-60.392991413131497,53.340046367480163],[-60.393007693288318,53.340055505889637],[-60.393017876445207,53.340068182436916],[-60.393024986207379,53.340083524552078],[-60.39302604569189,53.340100609131866],[-60.393025580176513,53.340118578477373],[-60.393026616298165,53.340136560894734],[-60.39303224780128,53.34015099209963],[-60.393039357620296,53.340166336014093],[-60.393041942115815,53.340182535827509],[-60.393050600310481,53.340196097137536],[-60.393060758646435,53.340209671529585],[-60.393072490185403,53.340220563667337],[-60.393100428919325,53.340243289536019],[-60.393116712164257,53.340252427007165],[-60.393134537783929,53.340259782816482],[-60.393184926919766,53.340285412671051],[-60.393202732175084,53.34029366448474],[-60.39321751231369,53.340302788883484],[-60.393236817778295,53.340311056473411],[-60.393253096565722,53.340320193959407],[-60.39334357816724,53.34036327069478],[-60.393407641422669,53.340382736834897],[-60.393452394710415,53.340393937223084],[-60.393504751176444,53.340401611561838],[-60.393530204917298,53.340404542529122],[-60.393555629310704,53.34040837227397],[-60.393579531717208,53.340413086763618],[-60.393606484202863,53.340416035303122],[-60.393632076469792,53.340413574732572],[-60.393654709114479,53.340409291475609],[-60.393671478128823,53.340399561708914],[-60.393683765509351,53.340388893111054],[-60.393682729066299,53.340370908900859],[-60.393684695970755,53.340352953518519],[-60.393705853272536,53.340347758427868],[-60.39372996569314,53.340344386946725],[-60.393756916565962,53.340347331862787],[-60.393776292180625,53.340352904951459],[-60.393794094587889,53.340361157599006],[-60.393810354677463,53.340371192812256],[-60.393826636636767,53.340380331096995],[-60.393847510913304,53.340385917258288],[-60.393875965008306,53.340388876998013],[-60.393904509425433,53.340388242701863],[-60.3939330832034,53.340386710516078],[-60.39405317572556,53.340387824013355],[-60.394083245127192,53.340386304895645],[-60.394108835881198,53.340383846034747],[-60.394138884945342,53.340383224718259],[-60.394191562107068,53.340378321869906],[-60.394242793256318,53.34037160749795],[-60.394268449437362,53.340366452422721],[-60.394277804791997,53.34035305962604],[-60.394282706281864,53.340337826549771],[-60.394307327275428,53.34031468905139],[-60.394315182467516,53.340301283184722],[-60.394303475375935,53.340289490620968],[-60.394297841940215,53.340275060389729],[-60.394310175746121,53.340262593351682],[-60.394335814608844,53.340258339655776],[-60.394440524507822,53.340273686657724],[-60.394464428457354,53.340278401859088],[-60.394489877694561,53.340281333555815],[-60.394519950012807,53.340279814305859],[-60.394596787439589,53.340269742146667],[-60.394626834929703,53.340269121619137],[-60.394656835777859,53.340270297659949],[-60.394682283556513,53.340273231127362],[-60.394727041532434,53.340284429202519],[-60.394777896424543,53.340292089031692],[-60.394806398657728,53.3402932519624],[-60.394831844936931,53.340296184508837],[-60.394854177320596,53.340303580096275],[-60.394870457952486,53.340312717348908],[-60.394883714967335,53.340322725417401],[-60.394893875418354,53.340336299639297],[-60.394904080983558,53.340348076395394],[-60.394929020468176,53.340370774811745],[-60.39494380099967,53.340379898994904],[-60.394967702054778,53.340384614117461],[-60.395020106903694,53.340390491203067],[-60.395045508115579,53.340395219367991],[-60.395067888715609,53.340400818327723],[-60.395090244496458,53.340407315132353],[-60.395108070498409,53.340414669744781],[-60.395124377536348,53.340422908201575],[-60.395142180268557,53.340431162447125],[-60.395158462514615,53.340440299648549],[-60.395174766563727,53.340448538120896],[-60.395191045815075,53.340457675340346],[-60.395226612225692,53.340475979427865],[-60.39524289300271,53.340485116628855],[-60.395259195580998,53.340493355100755],[-60.395291760177443,53.340511629468793],[-60.39530956295998,53.34051988278874],[-60.39532889222086,53.340527251299712],[-60.395352822694413,53.34053106666105],[-60.395379770803224,53.340534012132345],[-60.395406860248755,53.340531567858335],[-60.395432475809187,53.340528209964184],[-60.395456609981373,53.340523939407568],[-60.395480723863152,53.340520567561633],[-60.39550488288014,53.340515400946551],[-60.395524608227248,53.340507494478707],[-60.395541352054472,53.340498663200428],[-60.395558072563716,53.340490729757704],[-60.395573387592641,53.34047918829782],[-60.395585697791581,53.340467619867773],[-60.395593552571583,53.340454212118388],[-60.395602932342939,53.340439921370475],[-60.395626608597105,53.340395205360657],[-60.395637443409989,53.34038272512543],[-60.395658623756276,53.340376630051111],[-60.395688646528292,53.340376908905633],[-60.395714072616272,53.34038073907881],[-60.395744075073694,53.340381914834502],[-60.395751605183875,53.340381085796835],[-60.395774236090169,53.340376802150075],[-60.395793936531923,53.340369794387449],[-60.395807751312454,53.340358239849337],[-60.395817104658576,53.340344846045014],[-60.395830897623682,53.34033418933091],[-60.395849094887858,53.34032716853396],[-60.395898867605787,53.340318642061931],[-60.395917066375091,53.340311622143595],[-60.395929354652679,53.340300952405286],[-60.395947624746547,53.340291235356233],[-60.395971736972079,53.340287864323145],[-60.396001761168158,53.340288142187639],[-60.396025687034786,53.340291956548171],[-60.396048042958626,53.340298455873757],[-60.396065822496269,53.340307606918913],[-60.396076008084414,53.340320281388912],[-60.39608724990017,53.34035004133888],[-60.396094360847741,53.340365385066086],[-60.396096971298213,53.340380686058424],[-60.396101055623227,53.340396899756172],[-60.396100569622341,53.340415767834301],[-60.396097102063514,53.340433709318631],[-60.396090680736606,53.340449825436863],[-60.396074949689904,53.340477538825915],[-60.396068548659166,53.340492758027771],[-60.396066817126659,53.340501728752471],[-60.396049609123544,53.340528527654371],[-60.396041707909482,53.340543732909396],[-60.396035330120547,53.340558052470982],[-60.396039439245065,53.340573368321152],[-60.396051168632248,53.340584260184393],[-60.396070477775687,53.340592527290092],[-60.396092855603051,53.340598126078987],[-60.396122880017515,53.340598403912068],[-60.396172606436096,53.340591674801495],[-60.396193459324415,53.340598158377176],[-60.396212765474225,53.340606424582056],[-60.396230548184043,53.340615575578937],[-60.396249902446144,53.340622046090516],[-60.396278468768912,53.340620513399358],[-60.396305584481375,53.340617169260348],[-60.396329721641592,53.340612899404995],[-60.396350923791665,53.340605906381306],[-60.396364715202296,53.340595249617451],[-60.396371088373641,53.340580930072662],[-60.396380489644642,53.340565738737553],[-60.396395779698175,53.340555095922532],[-60.396445551102865,53.340546571033919],[-60.396471166569221,53.340543212016897],[-60.396531258859156,53.340541970031623],[-60.396558419577381,53.340536830170699],[-60.396579599866534,53.34053073493331],[-60.396594820065431,53.340522789207917],[-60.396613065326889,53.340513970807116],[-60.396638493062369,53.340517799870995],[-60.396639530715284,53.340535782249397],[-60.396616384771903,53.340559833822645],[-60.396607056386131,53.340572328038505],[-60.396597676941781,53.340586619764011],[-60.396583887096455,53.340597276543249],[-60.396553307008361,53.34061856041864],[-60.396539495393149,53.340630116819924],[-60.396527159127061,53.340642584107961],[-60.396517779659625,53.340656876727408],[-60.396509904850959,53.340671182351478],[-60.396503041375631,53.340704370015359],[-60.396501053835181,53.340723222364687],[-60.396505141374767,53.340739436924515],[-60.396516360311487,53.340770094668208],[-60.396517397958156,53.340788078847552],[-60.396513443201847,53.340824887531149],[-60.396516050823898,53.340840188535012],[-60.396528821068159,53.340869064506478],[-60.396537478965875,53.340882623767605],[-60.396544591669738,53.340897967454268],[-60.396545651061643,53.340915051105611],[-60.396549740122609,53.340931264751696],[-60.396556851334964,53.340946608448789],[-60.396565485986415,53.340961066445736],[-60.396578718823754,53.340971973071809],[-60.396596523549526,53.340980226185977],[-60.396614356045873,53.340987579625178],[-60.396632134506888,53.340996731494734],[-60.396646892348038,53.341006754201736],[-60.396670309670519,53.341030336146396],[-60.396688162460691,53.341036790858816],[-60.396712275046006,53.341033419674993],[-60.396726064979703,53.34102276198103],[-60.396739875222352,53.341011208270558],[-60.396753665142029,53.341000550573412],[-60.396768933512519,53.340990807338187],[-60.396782721914214,53.340980149648999],[-60.396798012051789,53.340969508583456],[-60.396810300257847,53.340958836955252],[-60.396830488019035,53.3409329627329],[-60.39683834098723,53.340919554915203],[-60.396847695653321,53.340906161921126],[-60.396860033404863,53.340893694589262],[-60.396879733922667,53.340886687547965],[-60.396895991943715,53.34089672325883],[-60.396889566338508,53.340912839451768],[-60.396878737795511,53.34092532065366],[-60.396870881811758,53.340938727596338],[-60.396862982320513,53.340953932892489],[-60.396856581463723,53.340969150334082],[-60.396853162214683,53.34098529434992],[-60.396854223274403,53.341002379786893],[-60.396868981150398,53.341012401565955],[-60.396897524445784,53.34101176746389],[-60.396923164940553,53.341007510499836],[-60.396953186637234,53.34100778814539],[-60.396972539643713,53.341014256748998],[-60.396988847287048,53.341022495847938],[-60.39700970052737,53.341028980179324],[-60.397033603673535,53.341033694873815],[-60.397076839608815,53.34104577686562],[-60.397105316076107,53.341047835304863],[-60.397129425644302,53.341044464959715],[-60.397153559952727,53.34104019495998],[-60.39717178655274,53.341032274278135],[-60.397187030076267,53.341023429739352],[-60.397200816898298,53.341012772913835],[-60.397210149698203,53.341000277718635],[-60.397215048727851,53.340985045439147],[-60.39722294811807,53.340969841020495],[-60.397233782606875,53.340957360642832],[-60.397247569377171,53.340946702911715],[-60.397262814339875,53.340937857451777],[-60.397281014611593,53.34093083551425],[-60.397305148840481,53.340926565484082],[-60.397315358237705,53.340938342907045],[-60.397313391330897,53.340956298352538],[-60.397305491975359,53.34097150277708],[-60.397302071410607,53.340987647716595],[-60.397300130741336,53.341004703500673],[-60.397296685393172,53.341021746289286],[-60.397303821667315,53.341036192091117],[-60.397320126336268,53.341044429366612],[-60.397337955993343,53.341051783619804],[-60.39735883558199,53.341057370029255],[-60.397378165417528,53.341064737304919],[-60.397385300203446,53.341079182212688],[-60.397381370910203,53.341115091270517],[-60.397382407407747,53.341133074550818],[-60.397380420275383,53.34115192871235],[-60.397373512361646,53.341186912085817],[-60.397368613385133,53.341202145271353],[-60.397365123025743,53.34122098462624],[-60.397363183933031,53.341238043099963],[-60.39735629623835,53.341272127756454],[-60.3973543308392,53.341290083190316],[-60.397356431570962,53.341325150078013],[-60.397367676072385,53.341354910786443],[-60.397379359486109,53.341367599091562],[-60.397397190811802,53.341374954223831],[-60.397414995844038,53.341383206313743],[-60.397417582075818,53.341399406021878],[-60.397415664727113,53.341415564868839],[-60.397409240746647,53.341431681076543],[-60.397392518732666,53.34143961568904],[-60.397366905775193,53.341442973082195],[-60.397341269577559,53.341447230108251],[-60.397317107253144,53.341452397118218],[-60.397304797263303,53.341463966624424],[-60.397295442620809,53.341477359653013],[-60.397276175071063,53.341525710922568],[-60.397269293298891,53.341559796427894],[-60.397267326366084,53.341577752771173],[-60.397268341038952,53.341596632977641],[-60.397270880734915,53.341614631065056],[-60.397271917181648,53.341632613444766],[-60.397266070350355,53.341684682240448],[-60.397261172746909,53.341699913608963],[-60.397247381226677,53.341710571375245],[-60.397230637263988,53.341719401991419],[-60.397212388610988,53.341728220509097],[-60.397195644671932,53.341737052920827],[-60.397151762595314,53.341750127496361],[-60.39713799427205,53.341759885611758],[-60.397125705882445,53.341770555472458],[-60.397113394264629,53.341782125870438],[-60.397099580887286,53.341793680546097],[-60.397080848065023,53.341821365308093],[-60.397075930147004,53.341837496284697],[-60.397076964995136,53.341855477776839],[-60.397082599638786,53.341869910568931],[-60.397094261335752,53.341883496727185],[-60.396829862664696,53.342062584794512],[-60.396813092222217,53.342072315013347],[-60.39679932520356,53.342082072178371],[-60.396785511644886,53.342093626817856],[-60.396760889481058,53.342116764830699],[-60.396750056105688,53.342129246953967],[-60.396726912324034,53.342153295822335],[-60.396714598946758,53.342164864390206],[-60.396677107741482,53.342221135240329],[-60.396672211410618,53.342236368373598],[-60.39666881374233,53.342251612754538],[-60.396663892593686,53.342267742836242],[-60.39665749303542,53.342282962954314],[-60.396649641250143,53.342296369846821],[-60.396627924713592,53.342323127969728],[-60.396606282550323,53.342347193441753],[-60.396592467350139,53.342358748070282],[-60.39656188603513,53.342380032847089],[-60.396502223565612,53.342422617216904],[-60.396488411340314,53.342434172711059],[-60.396473143916758,53.342443916799354],[-60.396457853212389,53.342454559623668],[-60.396446994847636,53.342467938668229],[-60.396439093405895,53.342483143045357],[-60.396440132555369,53.342501126308676],[-60.396448768972931,53.34251558339767],[-60.396462027044585,53.34252559128273],[-60.396479852663688,53.342532945694273],[-60.396503758099911,53.342537660479145],[-60.396533783878489,53.342537938203073],[-60.39656385623843,53.342536420244024],[-60.396589493186397,53.342532164282915],[-60.396615106820818,53.342528805253792],[-60.39663480963403,53.342521798240213],[-60.39668657073355,53.342494417297679],[-60.396706296787769,53.342486511534418],[-60.396757527062967,53.342479796999115],[-60.396789051513608,53.342480087706157],[-60.396846009459409,53.342484210085097],[-60.396874578488323,53.342482676335102],[-60.396925805685441,53.342475959949809],[-60.396946965138689,53.342470764272299],[-60.396996737134039,53.342462238258726],[-60.397020851963589,53.34245886519836],[-60.397049304623877,53.342461823296105],[-60.397100162534862,53.342469483020466],[-60.397121019489944,53.342475966404997],[-60.397158198962146,53.34248979198744],[-60.397186749236816,53.342489156866783],[-60.397215805300604,53.34246875584995],[-60.397239940402805,53.342464485830412],[-60.397263822587988,53.342470097400458],[-60.397283154553321,53.342477464675881],[-60.397320292060968,53.342493086749478],[-60.397370615047613,53.342521410130594],[-60.397385395341672,53.342530534014088],[-60.397401681896078,53.342539671778489],[-60.397419461098174,53.342548819924097],[-60.397438748161306,53.34255798643909],[-60.397455028701778,53.342567123341119],[-60.397472812496076,53.342576274145337],[-60.397486070825195,53.342586281915473],[-60.397497779389958,53.342598072355734],[-60.397504914497112,53.342612518151661],[-60.397516159413108,53.342642277037449],[-60.397512552749859,53.342665610082371],[-60.397509319672949,53.342674566008327],[-60.397498487881684,53.342687048186754],[-60.397486149786658,53.342699514682074],[-60.397473352536274,53.342729950489527],[-60.397473928505029,53.342765904888935],[-60.397485126955246,53.342797462152966],[-60.397492331829966,53.342809210834865],[-60.397504040477152,53.342821002174048],[-60.397517297348081,53.34283100815081],[-60.397532054529698,53.342841030753043],[-60.397545289685461,53.342851936353519],[-60.397556996873682,53.342863728598822],[-60.397588037736355,53.34288288625573],[-60.397605868209702,53.342890240463255],[-60.397663861940387,53.342912345732593],[-60.397684716150444,53.34291882723906],[-60.397705596679749,53.342924412681853],[-60.397730977948292,53.342930038992307],[-60.397751835242254,53.342936523164973],[-60.397792020277834,53.342950373658816],[-60.397811352589237,53.342957742647215],[-60.397829158344763,53.342965993769845],[-60.397843918635601,53.342976015409974],[-60.397857126155436,53.342987819747044],[-60.397868813231142,53.343000510676355],[-60.397877475019882,53.343014070709444],[-60.397887657285096,53.3430267450481],[-60.397899414092869,53.34303673886005],[-60.397930711002878,53.343046014809261],[-60.397839909778611,53.343131448368283],[-60.399996129615928,53.343953855995281],[-60.400918120920643,53.34430564256099],[-60.401022706821387,53.344209549418693],[-60.40104049057561,53.344218700594254],[-60.401056753871266,53.344228736600762],[-60.401074560780089,53.344236987232563],[-60.401103133824897,53.344235452443641],[-60.401128746665151,53.344232095155881],[-60.401152882341883,53.344227823443475],[-60.401202610674837,53.344221093138074],[-60.401226747842088,53.344216821399399],[-60.401277980940577,53.344210104008027],[-60.401309529837825,53.344209493876917],[-60.401331913304908,53.344215094347057],[-60.401349718775386,53.344223345849208],[-60.401361428855381,53.344235135900789],[-60.401374688590195,53.34424514232991],[-60.401401642489461,53.344248088205624],[-60.401425778147285,53.344243816438052],[-60.401449870450975,53.344241341219117],[-60.401493175883267,53.344250726305205],[-60.401509460960646,53.344259863522616],[-60.401524222559587,53.344269884699855],[-60.401540479970578,53.34427992068526],[-60.401591849240056,53.344326226361602],[-60.401606631000888,53.344335347012461],[-60.401627466416542,53.34434273013926],[-60.401654421860485,53.344345674145686],[-60.401681536470505,53.344342327901494],[-60.401701237771526,53.344335320064857],[-60.401712071789518,53.344322839289497],[-60.401727292311755,53.344314890212161],[-60.401752929778283,53.344310632240486],[-60.401784433977944,53.344311822149258],[-60.401837122543334,53.344306914055132],[-60.401861258208754,53.344302643099802],[-60.401877955854005,53.344295607513516],[-60.401902116173076,53.344290437800346],[-60.40192775511138,53.344286179779864],[-60.401954826371522,53.344284631827755],[-60.402034189380181,53.344293450660572],[-60.402094194066891,53.344295798105534],[-60.402181410561283,53.344291210477152],[-60.402211436087811,53.344291486778452],[-60.402242943236246,53.344292673842808],[-60.402269897223086,53.344295619522001],[-60.402293804272681,53.344300333138747],[-60.402317732936368,53.34430414622333],[-60.402340090385806,53.344310643464098],[-60.402383352751123,53.344321823879291],[-60.402408737017176,53.344327451876701],[-60.402461052052658,53.344336918841471],[-60.40248802919146,53.344338963932437],[-60.402540439909835,53.344344838587034],[-60.402592799800679,53.3443525089288],[-60.402643639272291,53.344361064101264],[-60.402856182889366,53.344388182334662],[-60.402881635112713,53.344391111326743],[-60.402908613809068,53.344393156311021],[-60.402938617794916,53.34439433205619],[-60.402965571873061,53.344397276677498],[-60.402997076109557,53.344398463565042],[-60.403024031679415,53.344401407261515],[-60.403054012500164,53.344403479915542],[-60.403084016458799,53.344404653823652],[-60.403114042087253,53.344404930797701],[-60.403144115506926,53.344403411176302],[-60.403196802498613,53.344398501593247],[-60.403222413762364,53.344395143867885],[-60.403248055637071,53.344390885541316],[-60.403273669862649,53.344387525981766],[-60.403299305729441,53.344383268589986],[-60.40335055730759,53.344375651605333],[-60.403371716904203,53.344370454789555],[-60.403391442551609,53.344362547025057],[-60.403423454254636,53.344343969669026],[-60.403438720756768,53.344334224698386],[-60.403456967716011,53.34432540524449],[-60.403475166909743,53.344318383276004],[-60.403502329149916,53.344313240931001],[-60.40352794483173,53.344309882205955],[-60.4035535821113,53.344305623848157],[-60.40357919776536,53.344302264211919],[-60.40360333323089,53.344297992004797],[-60.403625993038666,53.344292808093726],[-60.403672763683161,53.344284251607291],[-60.403696923793483,53.344279082431918],[-60.403742288098528,53.344266917104612],[-60.403764946387476,53.344261734078877],[-60.403814674297607,53.344255000886164],[-60.40384031151504,53.34425074246699],[-60.403865927132017,53.344247383669618],[-60.403891562873461,53.344243127051328],[-60.403942795533055,53.344236406717101],[-60.403966930924248,53.344232134436702],[-60.403994046817459,53.344228789457134],[-60.404018182218152,53.344224518066611],[-60.404043797785974,53.344221158330932],[-60.40406943497878,53.34421690076293],[-60.404096550834971,53.344213554859898],[-60.404126625567457,53.344212034079966],[-60.404158175978004,53.344211425885135],[-60.40421973021968,53.344211990404837],[-60.404245299523382,53.344210427202768],[-60.404270935184904,53.344206169602984],[-60.404350783878968,53.344196117886582],[-60.40437785352168,53.344194571197214],[-60.404406447994113,53.344192135990639],[-60.404435017909449,53.344190602227805],[-60.404465112691113,53.344188181746716],[-60.404490729724252,53.344184822804166],[-60.404514866534598,53.344180550401852],[-60.404540482035792,53.344177190559812],[-60.404567437606232,53.344180135708349],[-60.404583741861451,53.344188371998911],[-60.404593930962605,53.34420104841977],[-60.404601070203498,53.344215491964448],[-60.40460668149754,53.344230818643773],[-60.404615342701852,53.344244379998194],[-60.404625528798285,53.344257055538712],[-60.404650454110524,53.34428064970399],[-60.404665214925302,53.344290669600696],[-60.404681499186829,53.34429980639365],[-60.404702332044245,53.344307186303645],[-60.404720165830668,53.34431453942733],[-60.4047394984009,53.344321905494994],[-60.404761879303202,53.344327502641711],[-60.404787286941037,53.344332229592844],[-60.404814241121464,53.344335174696475],[-60.404844246579565,53.344336348150613],[-60.404874296748837,53.344335725031755],[-60.404904300704494,53.344336898482204],[-60.404997521152112,53.344332363207052],[-60.405092035453862,53.344335925824836],[-60.405150678655232,53.344332868170156],[-60.405174818509103,53.344328596511779],[-60.405201934365643,53.344325251257921],[-60.405254618024465,53.34432034169069],[-60.40528462199773,53.344321515945751],[-60.405311576166199,53.34432445913648],[-60.405360937454539,53.344332102394127],[-60.405389438090424,53.344333261017461],[-60.405419466666295,53.34433353648857],[-60.405448036636898,53.344332002482972],[-60.405476586491034,53.344331365385905],[-60.405506612038259,53.344331639957666],[-60.405538162513125,53.344331031397729],[-60.405568234264102,53.344329510277184],[-60.405593828190995,53.344327048936321],[-60.405619440664694,53.34432368798538],[-60.405645079300335,53.344319431868364],[-60.405667738829074,53.344314245770171],[-60.405685939174255,53.344307224354864],[-60.40571157474654,53.344302966446008],[-60.405732432364921,53.344309447425324],[-60.40574869526629,53.344319481898651],[-60.40576345636957,53.344329502558523],[-60.405779716315436,53.344339538850789],[-60.405792950986836,53.344350441745313],[-60.405800206123722,53.344360395123786],[-60.405811942046363,53.344371285982987],[-60.405826723251216,53.344380407919019],[-60.405839984109356,53.344390415647553],[-60.405853218850119,53.344401320335599],[-60.405879620665523,53.344425827712108],[-60.405892881531095,53.344435834534359],[-60.405906116299526,53.344446739216373],[-60.40593563717065,53.344466780505591],[-60.405951898675418,53.344476814961929],[-60.405966659899896,53.344486836496188],[-60.405982947483217,53.344495971286491],[-60.405999207524999,53.344506006647876],[-60.406015492133115,53.344515142356705],[-60.406024176877054,53.344527803067038],[-60.406032816984251,53.344542261242523],[-60.406038453450741,53.344556690901733],[-60.40604102160561,53.344573790027198],[-60.406042083415691,53.344590874478968],[-60.406053291666709,53.34462242997752],[-60.406060408399306,53.344637772170131],[-60.406070593513746,53.34465044759569],[-60.406104687767368,53.344667834058811],[-60.406122520439538,53.344675186982251],[-60.406146426613468,53.344679899835612],[-60.406219716192972,53.344691355956307],[-60.406243599279591,53.344696965728275],[-60.406261433491927,53.344704318619343],[-60.40627922007014,53.344713468996403],[-60.406292478091125,53.344723474895645],[-60.406307239499938,53.344733497286867],[-60.40632049602943,53.344743503194337],[-60.406336783824464,53.344752639735653],[-60.406351520644797,53.344763559070927],[-60.406366279034565,53.344773579677081],[-60.406379517018223,53.34478448338195],[-60.406374623867436,53.344799716893405],[-60.406333257623416,53.34483169057971],[-60.406322450908426,53.344843273006923],[-60.406319033460321,53.344859418181393],[-60.406327719907587,53.34487208065724],[-60.406339430030734,53.344883870223939],[-60.406355694798123,53.344893904600632],[-60.406370451710828,53.344903924317066],[-60.406386739578011,53.34491306085102],[-60.406404547793151,53.344921310680995],[-60.406470170260761,53.344938987877157],[-60.406489480349407,53.344947252396707],[-60.4065012181523,53.344958144974669],[-60.406500735172706,53.344977011272569],[-60.406489880873643,53.344990393003748],[-60.406480528359182,53.345003786735582],[-60.406472630017554,53.345018990857248],[-60.406469166484825,53.345036933512603],[-60.40647478012071,53.345052262787938],[-60.406481941720152,53.345065808387815],[-60.406493630361012,53.345078495765577],[-60.406506845447268,53.345090299994247],[-60.406520103639217,53.345100305866843],[-60.406536390090082,53.345109441490862],[-60.406552698163253,53.345117681086059],[-60.406573556287441,53.345124161015065],[-60.406595960927824,53.345128859975858],[-60.40661684368655,53.345134443847854],[-60.406634650553258,53.345142694554234],[-60.406641790662569,53.345157138871222],[-60.406643896269919,53.345192207363063],[-60.406642955017482,53.345229042108208],[-60.406647022306238,53.345246155940572],[-60.406652614459119,53.345262383033585],[-60.406661301050057,53.345275043683067],[-60.406674491679709,53.345287746642391],[-60.406687726893814,53.34529865033398],[-60.406712609339998,53.345324041522836],[-60.406741574653154,53.345365646053004],[-60.406751741580585,53.345379219221371],[-60.4067893520102,53.345435280923553],[-60.406801065444064,53.345447071320024],[-60.4068142792066,53.345458874624306],[-60.406858490752988,53.345491630638641],[-60.406904321052124,53.345519909429093],[-60.40692056315946,53.345530843364948],[-60.406936825282671,53.345540876782351],[-60.4069678247063,53.345561831253853],[-60.406984086852404,53.345571864664706],[-60.406997346810485,53.345581870470937],[-60.407010582255857,53.345592776826102],[-60.407025321043939,53.345603696063243],[-60.407037056118213,53.345614586808381],[-60.407051793435407,53.345625506953809],[-60.407068058615032,53.345635539429821],[-60.407085868824865,53.345643791844523],[-60.407126037858276,53.345658537892454],[-60.407143846584518,53.345666790309828],[-60.407158630008311,53.345675911164143],[-60.407170319056505,53.345688600273213],[-60.407184575274592,53.345718387587695],[-60.407193242038346,53.345731945111723],[-60.407206453027257,53.345743750194494],[-60.407216641718335,53.345756423694063],[-60.407210222349441,53.345772542193842],[-60.407197912295807,53.345784111817395],[-60.407187081024738,53.345796593071128],[-60.407191196190446,53.345811909393632],[-60.40720138186574,53.345824582016945],[-60.407214618943165,53.345835488337059],[-60.407229359371868,53.345846407536548],[-60.407244119847448,53.345856428018465],[-60.407252782183768,53.345869987372417],[-60.407256897342151,53.345885301891883],[-60.407257959696068,53.345902387227135],[-60.407265075555408,53.345917728453124],[-60.40727069262357,53.345933058564448],[-60.407280904445841,53.345944834219502],[-60.407291068675292,53.345958407362183],[-60.407304284255773,53.345970211498759],[-60.407319044772827,53.345980231070719],[-60.407336853651664,53.345988482557885],[-60.407354685583115,53.345995835303803],[-60.407374020908982,53.346003202726457],[-60.407411120486053,53.346020615486701],[-60.407425905632365,53.346029738095645],[-60.407443689985065,53.346038887416391],[-60.40746455025549,53.346045369875419],[-60.40749302908106,53.346047428529964],[-60.407547265524755,53.346040733333055],[-60.407572903449086,53.34603647501055],[-60.407598516842427,53.346033116332762],[-60.407625473730263,53.346036058083129],[-60.407649380829476,53.346040770630431],[-60.407665829193405,53.346043616726661],[-60.407688211395985,53.346049214217729],[-60.407709047165405,53.346056595383843],[-60.407731432350829,53.346062191043387],[-60.40775228964791,53.346068672574518],[-60.407764023512222,53.346079562357232],[-60.407787451279368,53.346103142951343],[-60.407804800982191,53.346129364627103],[-60.407816511878849,53.346141154943439],[-60.407829727641754,53.346152958120399],[-60.407853153943137,53.346176536911997],[-60.407861839573371,53.346189197481351],[-60.407868980313886,53.34620364352034],[-60.407879098665184,53.346219011387802],[-60.407893378611206,53.346247900773754],[-60.407910639234352,53.346277713763499],[-60.407917778483025,53.346292158910444],[-60.407930508993999,53.346322830195774],[-60.407936126298097,53.346338157572838],[-60.407943242513099,53.346353500556368],[-60.407948856874569,53.346368830656282],[-60.40795751950143,53.346382388156094],[-60.407969232014587,53.34639417844506],[-60.40800589599025,53.346428663437088],[-60.408017583993249,53.346441352471089],[-60.408026251169865,53.346454909931253],[-60.408037504500655,53.346484670471824],[-60.408044666820615,53.346498215071364],[-60.408053352573944,53.346510875625576],[-60.408061993793929,53.346525334544992],[-60.408073683325519,53.346538022661456],[-60.408086922332778,53.346548927969977],[-60.408098634908526,53.346560717345319],[-60.408138278351295,53.346596127707365],[-60.408149990973364,53.346607917977678],[-60.408192659820799,53.346642458055712],[-60.408254294452533,53.34669873892193],[-60.408282296097475,53.346719665448276],[-60.408298582039137,53.346728800836566],[-60.408334177761375,53.346746201347884],[-60.408350463705084,53.346755335828746],[-60.408383081719428,53.346771810007226],[-60.408402417554171,53.34677917635986],[-60.408433946742996,53.346779464865421],[-60.40845806008501,53.346776090412867],[-60.408509341155252,53.346767574234939],[-60.408524582804368,53.34675872646865],[-60.408532457669139,53.346744419155392],[-60.40852834347217,53.346729104672931],[-60.408518131117454,53.34671732912841],[-60.4085018451336,53.346708193770247],[-60.40848251081853,53.346700827422112],[-60.408469228607949,53.3466917187124],[-60.40845753893592,53.346679031535899],[-60.408454972667869,53.346661931549939],[-60.408465805287982,53.346649450172116],[-60.408481068403063,53.34663970278401],[-60.408506731154944,53.346634547310551],[-60.40853678289475,53.346633924163264],[-60.408559168489994,53.346639519665295],[-60.408580026212888,53.346646001949622],[-60.408599335957298,53.346654265231663],[-60.408629389232843,53.346653642949775],[-60.408646108161918,53.346645706792678],[-60.40865989996378,53.346635050412281],[-60.408672208338736,53.346623479751408],[-60.408699785795172,53.346602162527816],[-60.408712072675193,53.346591492390445],[-60.408727361777217,53.346580848009957],[-60.408744129739993,53.346571116139522],[-60.408762399579828,53.346561398039867],[-60.408783579574099,53.346555300648689],[-60.408807738772914,53.346550127748536],[-60.408858968940315,53.346543408032844],[-60.408884608497686,53.346539147616284],[-60.408910225113274,53.346535789533711],[-60.408935863194785,53.346531530918064],[-60.408961479725058,53.346528169223646],[-60.408987117777613,53.346523909696778],[-60.409012709802958,53.346521447641742],[-60.409029043368378,53.346528786341736],[-60.409042281130077,53.346539692454961],[-60.409055494345786,53.346551495516366],[-60.409070280006588,53.34656061701827],[-60.409086587559507,53.34656885357159],[-60.409099849881073,53.346578861828348],[-60.40911156276254,53.346590652003243],[-60.40911870241235,53.346605094374972],[-60.409124343227262,53.346619524755226],[-60.409133006335246,53.34663308486801],[-60.409144717717375,53.34664487415067],[-60.409157954021254,53.346655779361797],[-60.409171217852716,53.346665785798415],[-60.409189028858385,53.346674036093845],[-60.409212934979728,53.346678748336601],[-60.409242965198018,53.346679021938158],[-60.409270036222303,53.346677474133784],[-60.409297039637892,53.346678618026722],[-60.409322470667064,53.346682445275171],[-60.40934788022026,53.346687172145629],[-60.409355042970148,53.34670071576393],[-60.409348647275522,53.346715935634748],[-60.409333402785535,53.34672478262825],[-60.409310742396833,53.34672996762351],[-60.409285107243548,53.346734226297009],[-60.409262469868864,53.346738513444684],[-60.409241289853412,53.34674461092078],[-60.40922306756319,53.346752531604594],[-60.409207800046239,53.346762278221028],[-60.409196990660952,53.34677386272697],[-60.409186139710606,53.346787241974177],[-60.409178265076626,53.346801550229785],[-60.409173326629485,53.346818578624216],[-60.409171364465614,53.346836534227549],[-60.409170927203057,53.346853604860115],[-60.40916598874724,53.346870633254184],[-60.409159591436904,53.346885852226038],[-60.409150239392162,53.346899247961524],[-60.409137883528174,53.34691261525942],[-60.409125598167996,53.346923285428552],[-60.409111806448152,53.346933944562778],[-60.40907979679438,53.346952522522777],[-60.409061528384626,53.346962241559545],[-60.409031042112815,53.346979935448907],[-60.409012793663507,53.34698875486238],[-60.408994568275645,53.346996678235172],[-60.408977847732622,53.347004612651986],[-60.40895962682545,53.347012535084851],[-60.408918673212405,53.347028335974386],[-60.408879221508954,53.347044152421965],[-60.408859475573607,53.347052956205772],[-60.408842731987775,53.34706179024252],[-60.408827462769473,53.347071536822106],[-60.408816656212188,53.347083121270856],[-60.408810237216109,53.347099238050994],[-60.408808274868981,53.347117192748001],[-60.408813914163609,53.347131624053532],[-60.408821079829572,53.347145167680381],[-60.40883126488125,53.347157843770688],[-60.408847554116242,53.347166979059274],[-60.408865385275575,53.347174330686066],[-60.408896913272464,53.347174619979732],[-60.408923894018614,53.347176664494704],[-60.408949329806227,53.347180490886664],[-60.409001743326229,53.347186360893211],[-60.409019574577414,53.347193715197427],[-60.409020642149436,53.347210798675341],[-60.40900493859688,53.347237615885739],[-60.408995584865984,53.347251008919649],[-60.408987733077048,53.347264417523419],[-60.408979838268124,53.347279623580867],[-60.408973442297963,53.347294840730356],[-60.408974483872029,53.347312824770363],[-60.40899694926226,53.347374140408881],[-60.409001017668807,53.34739125234961],[-60.409008157437469,53.347405695625874],[-60.409009200514639,53.347423678753451],[-60.408999366415436,53.347455940772328],[-60.408982113258396,53.347484538996916],[-60.408971306640083,53.347496123459116],[-60.408958721872175,53.347518475411057],[-60.408935557607904,53.347543426259008],[-60.408935075725729,53.347562294354631],[-60.408939466382947,53.34756682755895],[-60.408946788815548,53.347574083642606],[-60.408960048353087,53.347584089234289],[-60.408976313300762,53.34759412505425],[-60.408994147669937,53.347601476637493],[-60.40901348097718,53.347608842911001],[-60.409031292347926,53.347617093227136],[-60.409046053879109,53.347627114379051],[-60.409075625952781,53.347645357376955],[-60.40909038900854,53.347655378511803],[-60.409106698509156,53.347663615947873],[-60.409126033329912,53.347670980390966],[-60.409169253390878,53.347683958506963],[-60.409187043338768,53.347693108426732],[-60.409197210041107,53.347706678686684],[-60.40920284653825,53.347721109994445],[-60.409200887339473,53.347739064672552],[-60.409190033178319,53.34775244574233],[-60.40917180898483,53.347760368230738],[-60.409147693622828,53.347763741940319],[-60.409120598916154,53.347766189358282],[-60.409093617845997,53.347764147590247],[-60.409066661254712,53.347761205265712],[-60.40903817820584,53.347759147015367],[-60.409009558537967,53.347762478476916],[-60.408985443180732,53.347765853053978],[-60.408964218078175,53.347773747047448],[-60.408948950120518,53.347783492730692],[-60.408935138077084,53.347795050559917],[-60.408924331330141,53.347806633217211],[-60.408913477084333,53.347820015162362],[-60.408907079507479,53.347835232318836],[-60.408905120218009,53.347853188792733],[-60.408910738078795,53.347868516117693],[-60.408919424409582,53.347881178404151],[-60.408932636506286,53.34789298148636],[-60.408962162673134,53.347913021087635],[-60.408978449235981,53.347922157279015],[-60.408991642882235,53.347934859958748],[-60.409000352243197,53.347946622600361],[-60.409012017930266,53.347960209368999],[-60.409020662743195,53.34797466638954],[-60.409042562773777,53.347999130825436],[-60.409069083708502,53.348019143772262],[-60.409098610026788,53.348039183338742],[-60.40911637709921,53.348049232006396],[-60.409128134906695,53.348059224709615],[-60.409175446878201,53.348088414215709],[-60.409204973313457,53.348108454655424],[-60.409222807956439,53.348115807103028],[-60.409249902859273,53.348113358760884],[-60.409272289361986,53.348118955924491],[-60.409288551540435,53.348128989922309],[-60.40930181135041,53.34813899637426],[-60.40931504964675,53.348149900651485],[-60.409364953083909,53.34819529129237],[-60.409381215294061,53.348205324376998],[-60.409394478158376,53.348215330795398],[-60.409406168571472,53.348228019674359],[-60.409416335549082,53.348241593514459],[-60.40943819443293,53.348267854417394],[-60.409495169206863,53.3483303835634],[-60.409503809726793,53.348344839681218],[-60.409510905349642,53.348361081289347],[-60.409522114171267,53.348392636450185],[-60.409524728465044,53.348407938017488],[-60.409535912804586,53.348440391926573],[-60.409550148570446,53.348471075871906],[-60.409558767699771,53.348486433412837],[-60.409565907863055,53.348500877551736],[-60.409577576872394,53.348514463339249],[-60.409593380675631,53.348542466649491],[-60.409612188410726,53.34857049748166],[-60.409664660982862,53.348632985231504],[-60.409674805104189,53.348647455985905],[-60.409683448778146,53.348661912966698],[-60.409690542999613,53.34867815367403],[-60.409696159806714,53.348693483670374],[-60.409703277016327,53.348708824738175],[-60.40970843377692,53.348742124100553],[-60.409697099456444,53.348774372396541],[-60.40968137425412,53.348802087516312],[-60.409674976808304,53.348817304710963],[-60.409665601492918,53.34883159832178],[-60.409651813773188,53.34884225568225],[-60.409633589203743,53.348850178241328],[-60.409612382190986,53.348857174546666],[-60.409591202645728,53.348863270275025],[-60.409570046171019,53.348868470862165],[-60.40945344459594,53.348906046634816],[-60.409414037373622,53.348920065784036],[-60.409394358232099,53.348926175253673],[-60.409374628601739,53.34893408403159],[-60.409354949486378,53.348940195295171],[-60.409335247341318,53.348947204393653],[-60.409314067730627,53.348953300973314],[-60.409271773053995,53.348962800641509],[-60.409207230141924,53.348977748631746],[-60.40922104182048,53.348949753736349],[-60.409138770906118,53.34887800837479],[-60.409105348423815,53.348892979432293],[-60.409184755002592,53.348959308441543],[-60.409170977455808,53.348985089978463],[-60.409140246354191,53.34899664616993],[-60.409122046099021,53.349003668101155],[-60.409109760197261,53.349014340968154],[-60.409100403108077,53.349027734030734],[-60.409108589366163,53.34906016039438],[-60.409121573235659,53.349080948122342],[-60.407741461973828,53.349547315066822],[-60.407921327396011,53.349737681932638],[-60.408589328982863,53.349515530244112],[-60.408572806954275,53.349339240581557],[-60.409174611199596,53.349131895414565],[-60.409192133984114,53.349140906912055],[-60.409205394069282,53.3491509124716],[-60.409221656608601,53.349160945574972],[-60.409248615656253,53.349163890549214],[-60.409276687022782,53.349159498081562],[-60.409285787806184,53.349178608288241],[-60.409334135142501,53.349167368012061],[-60.409320887567141,53.349146639039319],[-60.40933625537842,53.349143122167895],[-60.409354457142435,53.349136099292359],[-60.409413566798612,53.349115071054122],[-60.409433290506236,53.34910716321577],[-60.409493900552405,53.349086148713745],[-60.40951210378968,53.349079126703039],[-60.409533283414682,53.349073029187991],[-60.409558902979668,53.34906967004973],[-60.409582833445725,53.349073481671894],[-60.4095976201165,53.349082604000706],[-60.409615432235853,53.349090855124764],[-60.409625643981578,53.349102631478729],[-60.409625183869977,53.34912059994398],[-60.409617336436639,53.349134007651017],[-60.409605000110133,53.34914647807944],[-60.409594125713859,53.349160756999019],[-60.409583292796562,53.349173238475323],[-60.40957689530007,53.349188457464585],[-60.409577961649653,53.349205540942137],[-60.409589699914349,53.349216433211758],[-60.409613653502923,53.349219347889424],[-60.4096375410885,53.349224957854091],[-60.409666046655246,53.349226118129984],[-60.409691663234703,53.349222756285236],[-60.409718758810605,53.349220307834223],[-60.409744240412756,53.349222338385246],[-60.409766624552937,53.349227935475312],[-60.409790558173114,53.349231748832793],[-60.409816153274534,53.349229286588411],[-60.4098432733267,53.349225938459128],[-60.40986593047549,53.349220754294208],[-60.409885654127898,53.349212845481162],[-60.409903881851292,53.349204924661088],[-60.409919127120247,53.349196078495325],[-60.409937351763851,53.349188154992454],[-60.409954097511537,53.349179323491875],[-60.409984632405532,53.349159830079522],[-60.410021126184027,53.349142189186765],[-60.410042304281191,53.349136092493318],[-60.410084623486398,53.349125695602915],[-60.410108761042984,53.349121423875118],[-60.410158493549467,53.349114687124391],[-60.410188433535062,53.349118555434167],[-60.410204742302923,53.349126792726359],[-60.410219530647787,53.349135915866128],[-60.410245937836642,53.349160418633424],[-60.410272414145979,53.349182231480981],[-60.410287177958395,53.349192249761131],[-60.410301964800745,53.349201371101437],[-60.410316728665059,53.349211391178287],[-60.410334539433173,53.349219640405082],[-60.410353875266338,53.349227009144535],[-60.410370164075601,53.349236142428474],[-60.410380374559303,53.349247918728018],[-60.410387515149225,53.349262363714423],[-60.410398775340227,53.349292121273244],[-60.410427725489676,53.349334623581498],[-60.410452588022373,53.349360911803736],[-60.410505406101741,53.349409922603321],[-60.410517097136101,53.349422609567725],[-60.41054507419075,53.349444434314172],[-60.410561340163909,53.349454467209753],[-60.410587865707072,53.349474478884225],[-60.410609744432115,53.349499841757734],[-60.410618433106734,53.349512503902076],[-60.410625598285478,53.34952604922298],[-60.410637244955808,53.349540534540573],[-60.410656076759764,53.349567664659993],[-60.410676476577997,53.349592115933532],[-60.410688167732651,53.349604803780565],[-60.410698359929917,53.34961747875537],[-60.410710074074281,53.349629267861779],[-60.41072474475547,53.349642881951119],[-60.410762869769499,53.349679175480489],[-60.410786250699857,53.349704552067323],[-60.410836045592063,53.349754432134958],[-60.410847782823957,53.349765324289322],[-60.410906331106432,53.349825171171823],[-60.41092671421903,53.349850520192618],[-60.410933876544284,53.34986406551657],[-60.410944064344314,53.349876739603516],[-60.41095271022391,53.3498911973753],[-60.41096139749957,53.349903855903705],[-60.41096856138779,53.349917403014331],[-60.410978752239124,53.34993007797533],[-60.410991967065904,53.349941881709157],[-60.411006754319004,53.34995100295928],[-60.411019969160002,53.349962806689888],[-60.411047972766845,53.349983730752164],[-60.411061187629407,53.349995534478062],[-60.411069833553853,53.350009991340585],[-60.411076905543368,53.350027129796793],[-60.411085066037586,53.350060455685288],[-60.4110876120562,53.350078451625926],[-60.41109322803009,53.350093780661311],[-60.411100324554262,53.350110022166383],[-60.411108969011046,53.350124479037127],[-60.411116108473074,53.350138923087421],[-60.411126299421646,53.350151598034998],[-60.411133463366127,53.350165143334316],[-60.411143654287763,53.350177816479849],[-60.411155367224652,53.350189606451977],[-60.411168606652289,53.350200511415359],[-60.411184896065549,53.350209647284942],[-60.411202730422566,53.350216999440427],[-60.411220543286127,53.3502252485196],[-60.411235284775003,53.350236168117213],[-60.411246976254219,53.350248855006491],[-60.411255642287962,53.350262414939536],[-60.411259713391352,53.35027952677855],[-60.411256251431716,53.350297467749968],[-60.411254312985236,53.350314525535978],[-60.411256880551917,53.350331622745024],[-60.411257926184959,53.350349606728614],[-60.411263519272673,53.350365833592996],[-60.411270615888654,53.35038207418652],[-60.411274729930106,53.350397388570968],[-60.411284898004595,53.350410961342071],[-60.411295112033031,53.350422737535823],[-60.411323022719294,53.350447256494824],[-60.411344928336959,53.350471719563984],[-60.411355120938232,53.350484394479182],[-60.411369421614509,53.350512383820096],[-60.411378090731233,53.350525942820063],[-60.411394963606902,53.350571030228764],[-60.411396032228716,53.350588113671392],[-60.411394023416257,53.35060786678487],[-60.411396594066822,53.350624963966787],[-60.411402211730064,53.350640292973992],[-60.411412424341798,53.350652069168369],[-60.411425686940852,53.350662075363211],[-60.411441950577306,53.350672108156878],[-60.411455191733182,53.350683013075148],[-60.411451731367933,53.350700955839756],[-60.411439398083466,53.350713423730582],[-60.411428542376676,53.350726805009067],[-60.411423625868494,53.350742935657053],[-60.41142469153629,53.350760020922323],[-60.41144200241876,53.350788036784358],[-60.41145371714979,53.350799828513914],[-60.411465454771175,53.35081071790308],[-60.411477169457314,53.350822506929575],[-60.41149041068843,53.350833412743654],[-60.411491888239965,53.350834324331345],[-60.411508738401359,53.350880310458862],[-60.411512831122991,53.350896523560039],[-60.411515377394863,53.350914520388272],[-60.411523562872375,53.350946947489952],[-60.411530658162448,53.350963187176895],[-60.411537823916852,53.350976734237946],[-60.411543443125296,53.350992060525037],[-60.411551602690935,53.351025387285695],[-60.411554689498999,53.351081132230377],[-60.411557257254721,53.351098230330301],[-60.411574086120666,53.35114511427237],[-60.41157820187118,53.351160429532356],[-60.411585298742125,53.35117667010396],[-60.411590913519589,53.351191998223044],[-60.411595029280853,53.35120731348227],[-60.411611882713999,53.351253299568313],[-60.411630692964678,53.351281329158844],[-60.411640907279768,53.35129310441981],[-60.41165107269692,53.351306678079489],[-60.411656690524609,53.351322006171991],[-60.411662308356405,53.35133733426413],[-60.411664899166823,53.35135353542298],[-60.411662917897942,53.351372388865165],[-60.411659480485916,53.35138943109493],[-60.411660524795778,53.35140741418229],[-60.411663091091242,53.351424511389993],[-60.411667205397215,53.35143982665744],[-60.411672801816017,53.351456054375667],[-60.411681466710206,53.351469613384729],[-60.411691635191907,53.351483187017344],[-60.411703350126793,53.351494976019239],[-60.411713566018136,53.351506751261766],[-60.411722229450362,53.351520311179364],[-60.411733488174079,53.351550068617591],[-60.411737581048044,53.3515662817086],[-60.411739645285259,53.351603146630168],[-60.411733723011807,53.351658809131145],[-60.411728759100626,53.351676737277025],[-60.411725298755577,53.35169467914622],[-60.411723340493268,53.35171263565055],[-60.411719923064481,53.35172878096639],[-60.411713504488155,53.35174489788853],[-60.411710068591859,53.351761941007474],[-60.411708085821573,53.351780794460637],[-60.411683569126545,53.351858755151468],[-60.411675697367698,53.351873060836567],[-60.411664819992602,53.351887340861538],[-60.411651005831061,53.351898897210745],[-60.411637219171467,53.3519095565862],[-60.4116037233307,53.351927224579583],[-60.411587001357837,53.351935159361545],[-60.411565819111743,53.351941257254431],[-60.411543182208256,53.351945543918561],[-60.411517538141865,53.351949803126189],[-60.411496380343344,53.351955002257192],[-60.411478153293807,53.351962925109547],[-60.41146290889327,53.351971772361956],[-60.411450573745086,53.351984240264315],[-60.411447159201728,53.352000385549154],[-60.411445202314482,53.352018342037056],[-60.411446220562993,53.352037222985579],[-60.411445762704666,53.352055191434467],[-60.411446806924992,53.352073173621797],[-60.411446327629029,53.352092041697396],[-60.411447345899354,53.352110923545851],[-60.411465311170637,53.352172196529274],[-60.41142026664302,53.352289510356506],[-60.411412059451152,53.352340652451687],[-60.411094679365569,53.352335068895876],[-60.411098550060274,53.352183229072565],[-60.411048976472237,53.352183676848838],[-60.411041461062723,53.352360643923113],[-60.411407166546681,53.35237115991675],[-60.411402412756452,53.352400782162192],[-60.411500654887071,53.352636119752503],[-60.411312977877863,53.352668667766139],[-60.411325761751733,53.352697542939794],[-60.411464435035846,53.352678138126414],[-60.41148856822894,53.352733175797702],[-60.411538329230368,53.352725542410298],[-60.411585057985725,53.352838297239302],[-60.411359043449636,53.352864998571313],[-60.411371847330535,53.352892973223291],[-60.411597778551595,53.352868073230717],[-60.411657231341508,53.353010606694149],[-60.411593934061251,53.353019014296223],[-60.411610994932033,53.353056915324721],[-60.411672808072147,53.353048487538501],[-60.411747845199223,53.353227112715942],[-60.411455288727687,53.353272971783994],[-60.411469458636709,53.353306351676743],[-60.41176056059571,53.353258680451354],[-60.411893392271736,53.353232932597692],[-60.411921016795972,53.353209819878089],[-60.411934803800129,53.353199160470702],[-60.412008212805695,53.353147706477408],[-60.412025004039442,53.353137076322582],[-60.412038771054164,53.353127315618245],[-60.412072356472045,53.3531060543745],[-60.412087576694589,53.353098105794238],[-60.412105827078889,53.353089285010952],[-60.412149648782872,53.353078901133657],[-60.412178225783819,53.353077362783104],[-60.412205185939577,53.353080304387014],[-60.412229100473844,53.353085015069226],[-60.412243863188607,53.353095037617216],[-60.412255578722466,53.353106826559241],[-60.412270365861524,53.353115948553885],[-60.412289726644048,53.353122413726922],[-60.412309041602946,53.353130679073494],[-60.412322283748416,53.353141583886931],[-60.412333999316751,53.353153372821012],[-60.412372151840366,53.353188768858374],[-60.412386914566959,53.353198788687564],[-60.412403203865708,53.353207923491624],[-60.412417992556712,53.353217044555834],[-60.412434304810034,53.353225280617565],[-60.412450574197557,53.353235314130046],[-60.412481511591999,53.353258962432534],[-60.412493251680985,53.35326985260091],[-60.412504967351097,53.353281642417834],[-60.412526829256606,53.353307903625705],[-60.412535494784422,53.353321461665622],[-60.412542613840621,53.353336804345112],[-60.412546753097054,53.353351220825736],[-60.412569203945473,53.353413434432873],[-60.412567265839122,53.353430489529124],[-60.412559391122784,53.353444797092159],[-60.412553020033656,53.353459118367553],[-60.412549581314352,53.35347616062775],[-60.412550647474973,53.353493244072567],[-60.412567479966214,53.353540130536366],[-60.412571548893929,53.353557241440541],[-60.412567585469141,53.353594948350093],[-60.412562623216786,53.35361287741307],[-60.412562188757406,53.353629947121604],[-60.412558245266879,53.353666756215731],[-60.412553330384419,53.35368288779069],[-60.412546387121658,53.353719669400952],[-60.412544403154605,53.353738523772407],[-60.412543421049335,53.353777157767148],[-60.412544490283345,53.353794243888778],[-60.412544009918854,53.353813110172446],[-60.412545053148449,53.353831092354262],[-60.41254307220467,53.353849947602576],[-60.412539633451757,53.353866989861544],[-60.41253321338813,53.3538831077338],[-60.412528298472289,53.353899239307303],[-60.412520423639094,53.353913545966904],[-60.412511071100496,53.35392694015168],[-60.412498760184604,53.353938511210451],[-60.412479054761505,53.353945520841208],[-60.412454891787029,53.353950691793443],[-60.412406653169704,53.353957443267234],[-60.412381058384774,53.353959905153403],[-60.412280079089115,53.353973363203593],[-60.412255936048517,53.353977637201233],[-60.412233250743817,53.353983721486365],[-60.412213545255852,53.353990731073523],[-60.412195344898173,53.353997753462998],[-60.412172703982044,53.354002041172627],[-60.412095844632496,53.354012122924289],[-60.412070202413034,53.354016383131473],[-60.412051997526007,53.35402340643391],[-60.412038230227985,53.354033167139526],[-60.41202737538282,53.354046548456374],[-60.412031493053668,53.354061861879515],[-60.412038612055767,53.354077204587426],[-60.412051851419577,53.35408810945119],[-60.41207116673327,53.354096373032831],[-60.41209662840398,53.354099301804972],[-60.412128163008909,53.354099589311176],[-60.412155240066603,53.354098038122558],[-60.412185341398327,53.354095617471209],[-60.412262205332269,53.354085532926369],[-60.412287798694891,53.354083071076886],[-60.412316377924071,53.354081535379819],[-60.412344931121865,53.354080894835946],[-60.412374943669583,53.354082069065385],[-60.412401904473235,53.354085010621652],[-60.41242581656396,53.354089720383939],[-60.412449682797366,53.354096228517449],[-60.412469044110374,53.354102696358986],[-60.412485335297355,53.354111832037631],[-60.412500098352602,53.354121850949596],[-60.412514843008381,53.354132769463277],[-60.412528084053591,53.354143676062463],[-60.412536749735217,53.354157233199473],[-60.412540866133433,53.35417254841586],[-60.412546507627034,53.354186978618529],[-60.412549098900428,53.35420317704768],[-60.412548620078603,53.354222045119045],[-60.412542222905572,53.354237264253186],[-60.412535300983315,53.354273147133455],[-60.41253332001704,53.354292002380305],[-60.41253288556149,53.354309072987107],[-60.412530904534989,53.354327925533177],[-60.4125303783212,53.354348591091359],[-60.412532945155185,53.354365688269773],[-60.412544183820096,53.354396346138628],[-60.41255589981683,53.354408135946962],[-60.412570664496414,53.354418154837695],[-60.412586977259522,53.354426391775014],[-60.412603265586512,53.354435527459465],[-60.412625655843676,53.354441123972236],[-60.412649771618632,53.354437746871142],[-60.412672412754681,53.354433460870965],[-60.412696531588466,53.354430086438093],[-60.412722129625813,53.354427623560099],[-60.412749251252087,53.354424275672017],[-60.412776213801365,53.354427217130997],[-60.412800126162921,53.354431928617473],[-60.412840303958959,53.354446673588669],[-60.412859596654236,53.354455835778765],[-60.412874362925805,53.354465854619946],[-60.412890632930377,53.35447588986834],[-60.412903895566757,53.354485895897568],[-60.412914111008128,53.354497671038523],[-60.412913653791627,53.354515641283598],[-60.412898384330461,53.354525386567367],[-60.412897928592571,53.354543355900596],[-60.412915765059296,53.35455070778584],[-60.412941201059269,53.354554532436431],[-60.412959039061924,53.354561885203843],[-60.412973736622831,53.354574601146162],[-60.413016050420175,53.35462351470823],[-60.413052725591896,53.354657998055174],[-60.413064441801012,53.354669787812178],[-60.413073109265738,53.354683344896351],[-60.413078726575847,53.354698673820963],[-60.413082820275619,53.354714886853905],[-60.413083863796942,53.354732870827668],[-60.413087934555179,53.354749981697992],[-60.41311398152228,53.354788861779802],[-60.413128292345931,53.354816850821329],[-60.413138414679558,53.35483221910436],[-60.413145581586889,53.354845765155034],[-60.413154246142859,53.354859324056108],[-60.41316848669581,53.354890007516907],[-60.413172603413202,53.354905323608598],[-60.413183839654486,53.354935980534719],[-60.41318958574378,53.354948741532993],[-60.412619976712868,53.355077325280917],[-60.412600500282267,53.355075352956163],[-60.412597679475063,53.355068138307601],[-60.412538835484455,53.355078384200503],[-60.412566225257471,53.35512356837782],[-60.412623588511792,53.355112408221359],[-60.412620836510932,53.355102497360129],[-60.412631532338679,53.355095405343754],[-60.413198103199505,53.354965766153782],[-60.413215004250887,53.355009955407077],[-60.413241593589248,53.355086583536753],[-60.413248736105338,53.35510102652924],[-60.413269146100568,53.355125477273468],[-60.413277833657936,53.355138136526485],[-60.413299742885592,53.355162601903423],[-60.413309914219646,53.355176172671726],[-60.413317055307957,53.355190617471671],[-60.41332269569719,53.35520504764505],[-60.413320737943906,53.355223003262722],[-60.413312864642606,53.355237309959826],[-60.41330055357146,53.355248881099428],[-60.413285285443706,53.355258626420763],[-60.413272972854308,53.355270197569048],[-60.413265099509232,53.355284503362782],[-60.413258726885417,53.355298824683139],[-60.413255286842322,53.355315868769836],[-60.413254806801866,53.355334735950528],[-60.413257271152411,53.355357511585723],[-60.413081423764439,53.355360116668194],[-60.413083559652335,53.355394284412512],[-60.413250197216485,53.355392458387534],[-60.413244061463921,53.355402936945254],[-60.413227268146947,53.355413567281602],[-60.413129291575444,53.355427052579884],[-60.413103691517456,53.355429518259392],[-60.413078045504136,53.35543377690788],[-60.413031218730211,53.355444133683726],[-60.413005577253188,53.355448394082615],[-60.412982935614643,53.355452680147415],[-60.412958748959952,53.355458751741899],[-60.412937563666681,53.355464849892776],[-60.412919338368091,53.355472771142331],[-60.412901088645498,53.355481592038636],[-60.412890278068247,53.355493175967183],[-60.412882403069055,53.355507482647575],[-60.412881945814178,53.355525451989372],[-60.412887566179478,53.355540780897663],[-60.412897780386636,53.355552556948609],[-60.412921259066245,53.355574338110948],[-60.412936024237275,53.355584356952441],[-60.412952293142169,53.355594390399773],[-60.413008763983783,53.355618271814258],[-60.413029603804731,53.355625650226997],[-60.413047443757307,53.35563300206622],[-60.413066782911329,53.355640367643304],[-60.413086100610244,53.355648630143023],[-60.413103913178979,53.355656882546349],[-60.413144096711278,53.355671625571965],[-60.413182822431338,53.355684558304048],[-60.41320063802376,53.355692809769543],[-60.413194263795084,53.355707130197111],[-60.413177539182847,53.355715067013925],[-60.413150393846365,53.355719313739662],[-60.413123269888452,53.355722659932638],[-60.413094692641216,53.355724197604466],[-60.413066181186906,53.355723039979509],[-60.413040585404289,53.35572550291095],[-60.412989338922621,53.35573222540166],[-60.412968156488745,53.35573832263502],[-60.412960305887573,53.355751729670601],[-60.412961349387821,53.355769713642466],[-60.412969515471431,53.355803037535921],[-60.412986344847809,53.355849923951347],[-60.412993190746604,53.355876046934689],[-60.412805267955505,53.355882421960011],[-60.412800517811782,53.355832952731532],[-60.412771964879092,53.355833589776786],[-60.412784078095108,53.355947831528873],[-60.412812655542375,53.355946295731229],[-60.412807882409759,53.355897723440883],[-60.412994316459852,53.355890342390168],[-60.41299921397713,53.355934514548714],[-60.413003306266056,53.355950727592202],[-60.413004377195598,53.355967810990343],[-60.413008446579383,53.355984923671421],[-60.413009512997974,53.356002007103946],[-60.413012106108233,53.356018207305837],[-60.413016198410439,53.3560344203486],[-60.413023318102617,53.356049762989826],[-60.413030485182375,53.356063309043932],[-60.413042201756149,53.356075097898547],[-60.413053939741218,53.356085987125596],[-60.413065659356363,53.356097776854973],[-60.413077423368314,53.356107770919778],[-60.413110002994394,53.356126040329144],[-60.413141059022927,53.356145195639286],[-60.41315582594877,53.356155214440072],[-60.41318378887734,53.356177937233667],[-60.41320007945027,53.356187070118466],[-60.413219417416059,53.356194437480909],[-60.41324183156356,53.35619913333408],[-60.413268795305612,53.356202076476457],[-60.413325768485826,53.356206188229443],[-60.413369047323989,53.356217367265529],[-60.413389910460126,53.356223848675882],[-60.413409249941232,53.356231214195383],[-60.413425562017991,53.356239449223061],[-60.413440329062219,53.356249468888294],[-60.413453548026844,53.356261271414212],[-60.413463765611986,53.356273049191316],[-60.413473932752481,53.356286619976338],[-60.413478071134996,53.356301037326759],[-60.413482122297438,53.35631904689248],[-60.413483166014778,53.356337029956876],[-60.413479728953511,53.35635407222361],[-60.413474834052153,53.356369306014749],[-60.413471395499649,53.356386349192888],[-60.413463474674721,53.356402452484488],[-60.413436346964616,53.35646511378657],[-60.413428471973411,53.356479420500669],[-60.413422076252118,53.35649463786438],[-60.413401889883346,53.356520517527002],[-60.413401434307445,53.356538485054955],[-60.413407053491731,53.35655381394632],[-60.413420315394575,53.356563819922947],[-60.413442683955068,53.356570315012881],[-60.413460499910904,53.356578563735923],[-60.413482773796282,53.356588653791846],[-60.413376056309176,53.356591274876706],[-60.413377031223533,53.356611954154232],[-60.413482242671002,53.356610898622165],[-60.413480449219435,53.356620983808753],[-60.413475578694388,53.356635317950023],[-60.413469183005702,53.356650537116352],[-60.413464288029353,53.356665769106002],[-60.41345739095734,53.356700754174746],[-60.413444578127468,53.356732091230988],[-60.413436727554952,53.356745500996475],[-60.413415058726514,53.356770467333178],[-60.413405707320599,53.356783859771262],[-60.413399357448014,53.356797282358677],[-60.413383584393692,53.356826794518057],[-60.413364423044712,53.356871552339662],[-60.413356546509085,53.356885861760645],[-60.41333929555207,53.356914460550989],[-60.41332993963492,53.356927855718219],[-60.413322087467151,53.356941264587348],[-60.413315696174109,53.356956482810325],[-60.413312256028085,53.356973526894429],[-60.413311776002843,53.356992394070147],[-60.413305380184511,53.357007612327045],[-60.413307949044061,53.35702471126816],[-60.413308994232814,53.357042695220905],[-60.413308538614885,53.357060662747102],[-60.413313676307055,53.357094858828283],[-60.413324890320617,53.357126414464624],[-60.413327482138271,53.357142615567575],[-60.413326980661637,53.357162379668402],[-60.41332504428734,53.357179438355082],[-60.413320103334968,53.357196466912804],[-60.413313686090248,53.357212584795995],[-60.413305789523243,53.357227791127187],[-60.413296367707872,53.357243879780313],[-60.413285486520536,53.357258159966797],[-60.413277635784013,53.357271568821048],[-60.413257404563218,53.357299243220659],[-60.413241608284949,53.357329653197311],[-60.413235213897238,53.357344871438414],[-60.413225857873925,53.357358267497268],[-60.413219486421312,53.357372587900208],[-60.413211589753317,53.357387792424632],[-60.413203737484693,53.357401202185663],[-60.413168144015835,53.357442216840269],[-60.413036717547755,53.357412261562864],[-60.413027338479331,53.357426554543395],[-60.413158764985056,53.357456509830897],[-60.413149047982778,53.357484280235887],[-60.413150116006847,53.357501363650968],[-60.413152683350823,53.357518463505876],[-60.413158304026084,53.357533789694138],[-60.413168472937159,53.357547363190598],[-60.413180237337784,53.357557355440626],[-60.413197981888658,53.357568301335597],[-60.413212749323684,53.357578320124823],[-60.413224487827407,53.357589212031051],[-60.413237731620214,53.357600117628195],[-60.413262689435761,53.357622810274265],[-60.413274388115127,53.357635498704049],[-60.413286126611865,53.357646388803573],[-60.413308034119005,53.357670853286095],[-60.41331975422473,53.357682642085059],[-60.413329944603099,53.357695315040701],[-60.413376770300594,53.357744270465027],[-60.41338696074925,53.357756945215947],[-60.413397108330933,53.3577714156174],[-60.41340732472348,53.357783191605989],[-60.413435333160315,53.357804115065598],[-60.413467917288727,53.357822386143376],[-60.413484230007214,53.357830622058472],[-60.413524415742259,53.357845365841655],[-60.41357378957774,53.357853004746666],[-60.4136052811048,53.357855088425261],[-60.41363680160935,53.357856275112411],[-60.41369102463613,53.357850477649301],[-60.413767888949302,53.357840393060158],[-60.413790553179112,53.357835208117152],[-60.41381324178289,53.35782912262043],[-60.413835906001118,53.357823937668833],[-60.413876771857865,53.35781172736791],[-60.413900942854283,53.35780655607649],[-60.413926561236821,53.357803194230321],[-60.414004930697665,53.357793123172392],[-60.414030529183769,53.357790660918653],[-60.414081774952429,53.357783937996395],[-60.414140391599155,53.357782673318638],[-60.414165991575608,53.357780211024362],[-60.414191612930331,53.357776849098393],[-60.41421575642989,53.357772575615328],[-60.414493921218096,53.358175909445322],[-60.414494921122618,53.358195689956766],[-60.414503133199865,53.358227217161513],[-60.414514392709826,53.358256976111882],[-60.414518508724029,53.35827229125649],[-60.414525653740455,53.358286735049468],[-60.414531297948777,53.358301164231513],[-60.414539942244687,53.35831562084509],[-60.414551682775617,53.358326511705428],[-60.414558849244045,53.358340058570683],[-60.414562942365599,53.358356271550697],[-60.414556549843432,53.358371491647539],[-60.414548699248613,53.358384897881443],[-60.414548241173577,53.358402867229735],[-60.414559525203728,53.358431729226076],[-60.414569720644337,53.358444402037371],[-60.414581436797256,53.358456190743134],[-60.41458858186644,53.358470634531699],[-60.414592697947967,53.358485950573197],[-60.414586799957718,53.35854071531449],[-60.414586366280524,53.358557785013168],[-60.414584381510146,53.358576639412007],[-60.414584176900966,53.358584726237133],[-60.414583902037251,53.358595506585495],[-60.414595141777468,53.358626162439741],[-60.414596211976296,53.358643248525169],[-60.414585849838083,53.358696175619841],[-60.414580890818378,53.35871410202671],[-60.414574015782129,53.358748190220084],[-60.414572056905591,53.358766145857672],[-60.414574580552383,53.358785040438313],[-60.414578652331883,53.35880215214226],[-60.414584226431451,53.358819277543994],[-60.414589319558736,53.358855270129631],[-60.414588840124914,53.358874139102696],[-60.414591952957416,53.358928984250646],[-60.414591039866067,53.358964923821262],[-60.414593586411968,53.358982918763189],[-60.414595656537969,53.359019782654549],[-60.414595221414778,53.359036855064097],[-60.414596265680622,53.359054838108349],[-60.41459881373931,53.359072833038304],[-60.414610027751962,53.359104389449008],[-60.414624339509068,53.359132377392051],[-60.414633009952482,53.359145937036018],[-60.414654874681744,53.359172196921449],[-60.414682408240921,53.359211988125921],[-60.414721197269678,53.359281538282218],[-60.414726817299382,53.359296867100888],[-60.41473398545596,53.359310412140566],[-60.414739602465275,53.359325740081395],[-60.414746747736771,53.359340183857555],[-60.414780463526256,53.3594321549905],[-60.414784536938434,53.359449265773208],[-60.414787127917357,53.359465465046362],[-60.414788152373688,53.359484345901308],[-60.414786214984147,53.359501404614619],[-60.414779820831797,53.359516622931999],[-60.414740903385223,53.35957019026192],[-60.414737443648434,53.359588129491556],[-60.414736962751583,53.359606997573977],[-60.414739556751648,53.359623197724929],[-60.414747747926199,53.35965562452941],[-60.414753365006597,53.359670953368713],[-60.41475745984026,53.359687166326076],[-60.414768698496594,53.359717822168179],[-60.414777346193937,53.359732279636752],[-60.414794224918161,53.359777367376765],[-60.414796818931762,53.35979356662564],[-60.41479634105027,53.359812433784271],[-60.414791424829701,53.359828565445881],[-60.414783526793265,53.35984377097936],[-60.414767820793251,53.359870588007347],[-60.414744152542404,53.359915306741279],[-60.414731406900792,53.359943947718683],[-60.414727944179788,53.359961889670792],[-60.414721551444465,53.359977107972753],[-60.414718113135777,53.35999415207592],[-60.41471613285956,53.360013005537681],[-60.414706159852251,53.360050657699091],[-60.414699719858717,53.360067676186404],[-60.414684923637942,53.360117865942691],[-60.414681488313619,53.360134910021451],[-60.414676523135618,53.360152835574468],[-60.414669583745948,53.360189618142478],[-60.414665687402895,53.360224633387311],[-60.414665230813547,53.360242600018218],[-60.414669321053928,53.360318126190933],[-60.414674916785884,53.360334352857429],[-60.414677487894785,53.360351450844668],[-60.414675553416231,53.360368508630771],[-60.414675096868777,53.360386477061731],[-60.414671658510493,53.360403521162603],[-60.414666719242781,53.360420549754728],[-60.414662822820723,53.360455562297567],[-60.414659384452328,53.360472606397963],[-60.414657405635346,53.360491459845875],[-60.414659995148433,53.360507660030677],[-60.414668665887511,53.360521219667731],[-60.41468038565381,53.36053300833408],[-60.414693604813642,53.360544811618894],[-60.414703822215486,53.36055658658654],[-60.414713969432817,53.360571057776312],[-60.414725666311256,53.360583744274969],[-60.414755201050511,53.360603784175254],[-60.414772996074561,53.360612932326006],[-60.414792337787809,53.360620297606538],[-60.41483247931518,53.360636838415239],[-60.414908186624821,53.360672574222228],[-60.41494682586336,53.360689101298341],[-60.41501390980816,53.360709482636175],[-60.415034753989943,53.360716861569202],[-60.415055621047593,53.360723340861156],[-60.415094304716128,53.360738073126747],[-60.415112076962444,53.360748119063153],[-60.415122271622657,53.360760791830835],[-60.4151233161611,53.360778774864194],[-60.415112483464036,53.360791256812362],[-60.415098670456501,53.360802816229381],[-60.415083422153998,53.360811663052765],[-60.415066605804398,53.360823192371093],[-60.415048352751306,53.360832013607222],[-60.415024186246782,53.360837186889384],[-60.414972936973669,53.360843910227764],[-60.414948837580418,53.360846385494348],[-60.414938006339398,53.360858868315546],[-60.414933064175635,53.360875899640874],[-60.414931083977379,53.360894754003382],[-60.414936681391637,53.360910980643808],[-60.414946828753962,53.360925450912013],[-60.414960074009585,53.360936355405478],[-60.414976365320115,53.360945489843218],[-60.414994162077818,53.360954639748542],[-60.415015006376393,53.360962018684241],[-60.415125394708596,53.360992675133488],[-60.415146239106072,53.361000056746676],[-60.415208842327289,53.361019497239205],[-60.415226678895579,53.361026848781037],[-60.415242953432774,53.361036881872863],[-60.415257719543675,53.361046900419218],[-60.415266390564192,53.361060459110128],[-60.415242245317657,53.361064732810831],[-60.415218304619565,53.361060922384937],[-60.415178118219842,53.361046176471604],[-60.415152719390576,53.361040553979294],[-60.415121158248617,53.361041165119872],[-60.415098468114053,53.361047249968252],[-60.415090594359128,53.361061556770771],[-60.415099218069926,53.361076913860039],[-60.415112439000644,53.36108871618444],[-60.415130209912498,53.361098763028643],[-60.415186669359478,53.361123540268245],[-60.415206011356219,53.361130904579611],[-60.415229860593477,53.361138311756818],[-60.415253776985821,53.361143022729273],[-60.415283747220869,53.361145990089369],[-60.415312236496895,53.361148047728527],[-60.415339180545025,53.361151885523107],[-60.415363074094458,53.361157496110955],[-60.415386947720876,53.361164002707433],[-60.415404785904315,53.361171355110748],[-60.415419555128821,53.361181374513642],[-60.415417597994029,53.361199329245046],[-60.415402326755981,53.361209075746267],[-60.415385577495705,53.361217909809376],[-60.415368826762226,53.361226745682124],[-60.415353555503231,53.36123649217717],[-60.415341267645232,53.361247163871838],[-60.4153186002967,53.361252349124825],[-60.41529149743252,53.361254798873446],[-60.415259911784595,53.36125631060046],[-60.415237271820089,53.361260597066305],[-60.415223478513191,53.361271255082663],[-60.415211118948307,53.361284622998475],[-60.415213714723151,53.361300822221651],[-60.415226955668771,53.361311727618869],[-60.415244775478826,53.361319976947868],[-60.415267168190972,53.361325572953369],[-60.41531800600989,53.361335022254075],[-60.415341943860831,53.361338832682229],[-60.415391235048602,53.361350065726242],[-60.415412125370032,53.36135564711671],[-60.415459959948159,53.361365068970713],[-60.41547932650478,53.361371535388372],[-60.415497163266878,53.361378886888524],[-60.415505858815429,53.36139154681203],[-60.415512978830428,53.361406890195191],[-60.415506560257441,53.361423006395263],[-60.415481121402877,53.361419180502203],[-60.415434834966383,53.361407976670101],[-60.415407867809456,53.361405034934471],[-60.415382241370722,53.361408397151457],[-60.415384789970432,53.361426394756236],[-60.415396531541738,53.361437283722829],[-60.415412824661416,53.36144641898769],[-60.415446934687395,53.361463803571546],[-60.415504917081137,53.361487695628924],[-60.415528765045316,53.361495101856228],[-60.415546607867917,53.361502452402185],[-60.415561377240898,53.361512471786341],[-60.415568520154579,53.361526915528394],[-60.415574116410781,53.361543143047548],[-60.415578214714756,53.36155935414611],[-60.415567380489563,53.361571837946222],[-60.415537341282985,53.361571565970017],[-60.415513446031774,53.36156595813069],[-60.415453916801255,53.361543847153676],[-60.415431501069982,53.361539149921114],[-60.415407378489682,53.361542526719298],[-60.415413021933816,53.361556955860273],[-60.4154231726422,53.361571426962229],[-60.415434844137273,53.36158501304763],[-60.415446561399783,53.361596801657647],[-60.415477511069781,53.361620449083134],[-60.415493779873813,53.361630482184715],[-60.415511554111383,53.361640528946829],[-60.415579777553887,53.361675296221925],[-60.41559306448287,53.361684405002968],[-60.415609334881871,53.361694439877382],[-60.415622579003099,53.361705342505324],[-60.415632775589636,53.361718017014645],[-60.415639897152928,53.361733357676812],[-60.4156439925491,53.361749571496127],[-60.415651112655524,53.361764913969473],[-60.415655230954073,53.361780229951414],[-60.415642941473486,53.361790899887644],[-60.415619001818385,53.361787088632667],[-60.415598111239333,53.361781506379607],[-60.415568094762655,53.361780335674702],[-60.415563200008272,53.361795569537215],[-60.415568822128236,53.361810895594957],[-60.415580541033776,53.361822685979803],[-60.415658932579952,53.36187102740297],[-60.415673679213022,53.361881944608839],[-60.415706177410598,53.361903809082349],[-60.415734140916229,53.361926528568887],[-60.415748889131251,53.361937447554048],[-60.415775331895794,53.361961052050219],[-60.41578552712317,53.361973728357484],[-60.415792693006402,53.36198727064663],[-60.415798312282746,53.362002599416343],[-60.415802389388809,53.362019711031365],[-60.415801908947842,53.362038579108557],[-60.415796989870827,53.362054711728398],[-60.41579357765896,53.36207085439473],[-60.415785679574952,53.362086059989089],[-60.415780760467229,53.362102191707947],[-60.415777325411099,53.362119234911233],[-60.415765989258908,53.362151484630679],[-60.415756635967917,53.362164879054788],[-60.415744325072886,53.362176449527084],[-60.415722680784128,53.362200518406247],[-60.415710368345486,53.362212087986357],[-60.415682785887299,53.362233404990612],[-60.415669016780583,53.362243165209257],[-60.415655224791784,53.36225382416329],[-60.415618197431108,53.362292131416488],[-60.415608865435217,53.362304627103555],[-60.415565535234059,53.362354558647517],[-60.415549807467876,53.362382275394687],[-60.415537015875046,53.362412713021001],[-60.415532119515547,53.362427945992309],[-60.415528661476252,53.362445888825235],[-60.415527678915495,53.362484521000553],[-60.415530226121845,53.362502517709835],[-60.415533002172651,53.362511529749888],[-60.415534345956253,53.362517833682375],[-60.415551226556254,53.362562918585716],[-60.415559899507443,53.36257647813887],[-60.415574208580722,53.362604466879063],[-60.41558285712685,53.36261892337847],[-60.415590001742203,53.362633367104202],[-60.415598625936916,53.362648723251063],[-60.415607294386803,53.36266228193486],[-60.415617514077368,53.362674057705561],[-60.415630689916753,53.362687658340803],[-60.415639335469997,53.36270211395864],[-60.415649532283688,53.362714787563192],[-60.415656676937942,53.362729231284547],[-60.415712854978985,53.362883414088778],[-60.415716971868726,53.362898728276306],[-60.415756266255819,53.36300782350191],[-60.415774654328125,53.363052924716705],[-60.415775679325797,53.363071805549694],[-60.415770735688071,53.363088834214018],[-60.415757899823852,53.363121070223123],[-60.415750022887103,53.363135376187778],[-60.415724920090319,53.36317738700231],[-60.41571556660417,53.36319078322235],[-60.415709192092535,53.363205101967125],[-60.415701318153474,53.363219408805627],[-60.415682632474308,53.363245300715491],[-60.415637797439068,53.363295218609608],[-60.415617609194086,53.363321095924995],[-60.415608255623923,53.363334491236387],[-60.415597398086078,53.363347873774259],[-60.415569311414629,53.363388957561142],[-60.41556146025421,53.36340236475327],[-60.415559525985849,53.363419421643925],[-60.415565120990223,53.363435649168906],[-60.415575316454735,53.363448322789168],[-60.415600260598545,53.363471913606702],[-60.415615006308002,53.363482832626566],[-60.41562824954363,53.363493737960468],[-60.415642995209922,53.363504654276106],[-60.415651665355767,53.363518212942431],[-60.415673032606598,53.363564239395878],[-60.415691898288401,53.36359047076926],[-60.415705120187823,53.363602273919263],[-60.415740276965785,53.363637642323731],[-60.41575047403601,53.363650315916594],[-60.415757618884591,53.363664759628861],[-60.415763236890619,53.36368008930684],[-60.415762757888729,53.363698955566846],[-60.415760777921534,53.363717809033055],[-60.415757385511924,53.363733056581673],[-60.415750991090619,53.363748274941578],[-60.415743139961229,53.363761683945306],[-60.415732282339484,53.363775065594574],[-60.415722905813574,53.363789358750807],[-60.415715030268728,53.36380366560082],[-60.415710112449112,53.363819797301538],[-60.415709677726078,53.363836868799602],[-60.415710748468129,53.36385395215715],[-60.415710246566931,53.36387371715329],[-60.415715864565037,53.363889045932716],[-60.415719963197091,53.363905258819308],[-60.415721029469019,53.363922344011577],[-60.415726629079117,53.363938569692039],[-60.415735297855498,53.363952129262543],[-60.415748564142973,53.363962135844709],[-60.415767907546275,53.363969500955868],[-60.41576444943108,53.363987441090494],[-60.415749200196203,53.363996290699134],[-60.415736913175941,53.364006963321295],[-60.41572755648572,53.364020358664057],[-60.415727075961065,53.364039224934487],[-60.415723639231906,53.36405626814301],[-60.41518416436908,53.364297601664639],[-60.415158719292982,53.36429377484621],[-60.415130136393252,53.364295313027291],[-60.415078885984606,53.364302035501588],[-60.415054735899304,53.364306310093227],[-60.415039463456012,53.364316055647848],[-60.41502417266959,53.364326701703007],[-60.415010378308708,53.36433735879352],[-60.414995084497477,53.364348004868042],[-60.414963107289879,53.364364789647254],[-60.414908418185917,53.36438855524738],[-60.414884226744739,53.364394626343184],[-60.414858598453009,53.364397987553623],[-60.414830038365693,53.364398626926508],[-60.414806165999401,53.364392119306181],[-60.414785297141272,53.364385638181609],[-60.414756735575182,53.364386278448656],[-60.41473549879403,53.364394172611696],[-60.414723186985618,53.364405742978256],[-60.414713832900539,53.364419138219333],[-60.414692188354266,53.364443204197748],[-60.41465572628843,53.364459048170978],[-60.414628140396538,53.364480366743926],[-60.414612869317743,53.364490113133044],[-60.41459315939781,53.364497123119776],[-60.414571974407394,53.36450322243526],[-60.41453102757459,53.364518125641972],[-60.414497527609356,53.364535793512587],[-60.41446693805679,53.364557084640602],[-60.414453123629144,53.364568642181119],[-60.414440810169886,53.364580211630056],[-60.414431431551229,53.364594505597232],[-60.414425036531185,53.364609723886488],[-60.414415153909673,53.364643783754907],[-60.414413173308411,53.364662637198506],[-60.414409734540769,53.36467968218183],[-60.414412305806579,53.364696779261543],[-60.414417946353836,53.36471120936492],[-60.414426619371284,53.364724768095044],[-60.414439838248306,53.364736570505805],[-60.414451533249071,53.364749259741764],[-60.414455632993068,53.364765472659613],[-60.41445515342626,53.364784339813696],[-60.41446687281276,53.364796128499471],[-60.414480160484743,53.364805237396581],[-60.414494884939394,53.364817053476223],[-60.414511154702275,53.364827084901819],[-60.414527451965157,53.36483622115486],[-60.414542217728524,53.364846239790054],[-60.414555419834223,53.364858942678325],[-60.414562564486545,53.364873386460069],[-60.414568159271141,53.364889612228254],[-60.414570228236322,53.364926476994427],[-60.414575848940281,53.364941804002484],[-60.414578443208086,53.364958003241199],[-60.41457948766049,53.364975987167504],[-60.414572608625811,53.365010073552178],[-60.414564733998731,53.365024381214653],[-60.414558338983014,53.365039600410256],[-60.414548002735529,53.365091627780778],[-60.414552096530471,53.365107840740208],[-60.414557694391455,53.365124068285482],[-60.414552777492972,53.365140199925946],[-60.414529628469275,53.365164253088302],[-60.414514309838133,53.36517579784951],[-60.414489661203866,53.365199835482734],[-60.414474365450673,53.365210481502409],[-60.41445269899549,53.365235447061664],[-60.414443321725251,53.365249740117065],[-60.414433987243449,53.365262235721858],[-60.41442759369,53.365277456699083],[-60.414419715917404,53.365291762574429],[-60.414413342208768,53.365306083037041],[-60.414406878369945,53.365323997533352],[-60.414407968566749,53.365340183987414],[-60.414412063819277,53.36535639603936],[-60.414420735501864,53.365369956579862],[-60.414430928067233,53.365382629416089],[-60.414436548802527,53.365397957329698],[-60.414436069242775,53.365416825381985],[-60.414432651805257,53.365432970738958],[-60.414428757773408,53.365467982324425],[-60.414434380063113,53.365483312026761],[-60.414454791194196,53.365507759835992],[-60.414460411993595,53.365523089548489],[-60.414461454888681,53.365541072585572],[-60.414458038956404,53.365557217931411],[-60.414454146440278,53.365592229505403],[-60.41446115522001,53.365612062997336],[-60.414466797413318,53.3656264930841],[-60.41447091262782,53.365641807319925],[-60.414479607270309,53.365654468218551],[-60.414492850878268,53.365665372772632],[-60.414507621437643,53.36567539137495],[-60.414519364044544,53.365686284016995],[-60.414532610663358,53.365697187643242],[-60.4145473782716,53.365707208064002],[-60.414551475138168,53.365723420998464],[-60.414563194811961,53.365735209671762],[-60.414579510780541,53.365743445412583],[-60.41459428144519,53.36575346670449],[-60.414609074977008,53.365762587457681],[-60.414623845635937,53.365772607845663],[-60.414638637675694,53.365781728606642],[-60.414648830405213,53.365794401422711],[-60.414649899314895,53.365811486597742],[-60.414628732046936,53.365816686322695],[-60.414604562619033,53.365821856827161],[-60.414587811413824,53.365830691680102],[-60.414572494028036,53.365842234636546],[-60.414566141724052,53.365855658181687],[-60.41456270587932,53.365872700442516],[-60.414563750332782,53.365890683465928],[-60.414558833351762,53.365906815104992],[-60.414559853380396,53.365925695976003],[-60.414574123168926,53.365955482245134],[-60.414584273132768,53.365969952515918],[-60.414595992903301,53.365981742085388],[-60.414620954902723,53.366004435303658],[-60.414632677722302,53.366016225746499],[-60.414645919977417,53.366027130293844],[-60.4146622146813,53.366036264747223],[-60.414675484382073,53.366046271420437],[-60.414681102285101,53.366061599343155],[-60.414676185271745,53.366077728285838],[-60.414663393542334,53.366108168496218],[-60.414662914059271,53.366127035646592],[-60.414669990252946,53.366144174726621],[-60.414678682048269,53.366156835632076],[-60.414690378980175,53.366169523027729],[-60.414699098179639,53.366181284260414],[-60.414710793638626,53.366193972565704],[-60.414716411574375,53.366209300486254],[-60.414720508574774,53.366225514313328],[-60.414718526518996,53.366244366868088],[-60.414718047078772,53.36626323491835],[-60.414739436144409,53.366308363691779],[-60.414749610669766,53.366321936099403],[-60.41476082822733,53.366353490637344],[-60.414767971699987,53.366367934413375],[-60.414776665056351,53.366380594399153],[-60.414785311122316,53.36639505186843],[-60.414796988266964,53.366408637965961],[-60.414805657259706,53.366422197597558],[-60.414815831833558,53.366435769999065],[-60.41481994723523,53.366451083319724],[-60.414825545380005,53.366467310847625],[-60.414829639418308,53.366483523792802],[-60.414851030219801,53.366528652532089],[-60.414855147148494,53.366543965839647],[-60.414860769737288,53.366559295517902],[-60.414867916269742,53.366573738363904],[-60.414878110783285,53.366586412046303],[-60.414886781324249,53.36659997075958],[-60.414893903512933,53.366615314152114],[-60.414905144149458,53.366645969937835],[-60.414912310632893,53.366659515868051],[-60.414922485278709,53.366673087359345],[-60.414935682028748,53.366685789344757],[-60.414991622141443,53.366731230355555],[-60.415004843345216,53.366743034485388],[-60.415016566436947,53.366754823087369],[-60.415029787654994,53.366766627214346],[-60.415057757008583,53.366789345905673],[-60.415069480127734,53.366801134502232],[-60.415082722758875,53.366812039898399],[-60.415094442900326,53.366823829415694],[-60.415109191134611,53.366834747575865],[-60.415154981247888,53.366865718285126],[-60.415172778982253,53.366874866355289],[-60.415192032026738,53.366885824695757],[-60.415248451924015,53.3669123993337],[-60.415267796584494,53.366919764516958],[-60.415301956719475,53.366935351635519],[-60.415318254921679,53.366944485972823],[-60.415347840158496,53.366962729112984],[-60.415364156768291,53.36697096564243],[-60.415380451967913,53.366980099093908],[-60.415393743509547,53.366989206958991],[-60.415424808494016,53.367008360702059],[-60.415439581301925,53.367018381873024],[-60.415454349543644,53.367028400376086],[-60.415470646328174,53.367037535603906],[-60.415485417593956,53.367047554079946],[-60.415503235383603,53.367055805187128],[-60.415521079031627,53.367063155731813],[-60.415564343563283,53.367075231761547],[-60.41558218726847,53.367082584097417],[-60.415592383602316,53.367095256804568],[-60.415593428506028,53.367113238913156],[-60.415597547322484,53.367128554881319],[-60.415607720813142,53.367142127223509],[-60.415620965154311,53.367153030746323],[-60.415638807377427,53.367160382184764],[-60.415653601641097,53.367169503703586],[-60.415669895492684,53.367178638026452],[-60.415687650744111,53.367189584368035],[-60.415702374875337,53.367201401200909],[-60.415734828349073,53.367225060425],[-60.415751122258527,53.367234195636733],[-60.415768920274076,53.367243343616252],[-60.415809092791839,53.367258984402149],[-60.415826910732143,53.367267235460098],[-60.415841659287814,53.367278152627257],[-60.415848781915656,53.367293495058938],[-60.415852900822422,53.367308810117187],[-60.415861548948598,53.367323267492381],[-60.41587329228021,53.367334156393987],[-60.415891066044189,53.367344205803285],[-60.415922087252873,53.367365155974603],[-60.415935333248811,53.367376059449938],[-60.415950104779647,53.367386079667384],[-60.415963347759785,53.367396982262392],[-60.415976549578907,53.367409684994485],[-60.415996871062745,53.367437728369865],[-60.416017242828005,53.367463974234298],[-60.416062462403829,53.367517405791894],[-60.4160756856147,53.367529207987282],[-60.416087404742569,53.367540998315476],[-60.416113896954748,53.367562806126692],[-60.416127120193984,53.367574608316204],[-60.416155090720622,53.367597329443242],[-60.416169860836128,53.367607347843716],[-60.416183108514609,53.367618253079371],[-60.416196307399886,53.367630953108595],[-60.416212580202753,53.367640986980362],[-60.416225805018001,53.367652790047238],[-60.416249221994455,53.367677265795649],[-60.416259420232741,53.367689941132205],[-60.416285863887289,53.367713546399628],[-60.416294512223963,53.367728002841268],[-60.416301659440663,53.367742445595717],[-60.416305754186155,53.367758659384137],[-60.416311375935607,53.367773988099422],[-60.416315470668636,53.367790200987187],[-60.416318042918405,53.367807298913149],[-60.416317542798069,53.367827064786518],[-60.41632006631405,53.367845960207973],[-60.416325688061193,53.36786128802207],[-60.416332855164178,53.367874832060998],[-60.416341572196814,53.367886594990523],[-60.416366495054966,53.367911086165925],[-60.416382743579931,53.367922016060589],[-60.416397492524375,53.36793293405654],[-60.416410740362707,53.367943839265713],[-60.416422461164331,53.367955627747307],[-60.416432609245255,53.367970098774741],[-60.416438185308408,53.367987223155268],[-60.416439232118925,53.368005206140815],[-60.416435795354559,53.368022248458551],[-60.416435293820918,53.368042016143455],[-60.416436293385416,53.368061795712684],[-60.416441889351745,53.36807802318004],[-60.416448968076644,53.368095161232851],[-60.416463236913046,53.368124947279803],[-60.416468814514531,53.368142071646787],[-60.416472910868677,53.368158285416406],[-60.416475504541118,53.368174483712693],[-60.416476549887079,53.368192467609013],[-60.416474615770881,53.368209523600044],[-60.416471131779439,53.368228363402238],[-60.416464711107444,53.368244481450354],[-60.416461300244521,53.36826062680926],[-60.416454855217651,53.368277644504779],[-60.416451395539475,53.368295583758048],[-60.416450913881185,53.368314453629232],[-60.416452350941064,53.368317162587552],[-60.416456561629104,53.368328883576396],[-60.416465252861244,53.368341542554127],[-60.416478433750036,53.368355143051261],[-60.41649167871163,53.368366047372923],[-60.416529869741481,53.368400542294104],[-60.416540086581648,53.368412318902536],[-60.416550239308741,53.368426788983356],[-60.41655738374061,53.368441232643249],[-60.416574200765538,53.368489013539929],[-60.416575226314393,53.368507896147321],[-60.416574747681175,53.368526764194556],[-60.416572810561078,53.36854381930906],[-60.416566370052692,53.368560836975099],[-60.416558471032872,53.368576040807703],[-60.41654759110758,53.368590321249151],[-60.416504548455514,53.368628573169445],[-60.416490757662544,53.36863923309371],[-60.416472503070167,53.368648053637386],[-60.416452767162752,53.368655961780703],[-60.416390653120025,53.368676067442301],[-60.416373924056437,53.368684004708989],[-60.416355646538491,53.368693723070841],[-60.416338871696354,53.368703456004518],[-60.416320548434875,53.368714971833292],[-60.416291483843708,53.368735377449639],[-60.416277686942529,53.368746037395681],[-60.416265398644413,53.368756707368405],[-60.416251606225927,53.368767366376574],[-60.416236241031768,53.368780707927442],[-60.416219467614098,53.368790439932695],[-60.416201211415107,53.368799261346908],[-60.416180021501035,53.36880536007444],[-60.41615439217658,53.368808721559937],[-60.416133225118628,53.368813921543087],[-60.416101196272308,53.368832503222144],[-60.41608292163891,53.368842221519422],[-60.416067626515854,53.368852868629347],[-60.416050851506874,53.368862599722391],[-60.416037057514835,53.368873259617736],[-60.416004599931419,53.368908910908978],[-60.415987254488712,53.368941104082026],[-60.415982359093576,53.368956337946429],[-60.415975939635715,53.368972455955976],[-60.415961596505845,53.369004677406252],[-60.415953723110313,53.369018984240242],[-60.415944342517761,53.369033277429054],[-60.415934920671432,53.369049367154375],[-60.415928501182059,53.369065485161265],[-60.415920601901313,53.369080691652385],[-60.415914159491045,53.369097706594076],[-60.415904347204574,53.369129071240273],[-60.415900911646538,53.369146113529162],[-60.415896969799711,53.369182924432792],[-60.415896492367857,53.369201792464949],[-60.415892574851938,53.369237702820122],[-60.415886179677855,53.369252921176638],[-60.415878257455716,53.369269025500486],[-60.415870403866755,53.369282434515988],[-60.415862504526054,53.369297641002973],[-60.415857610494214,53.369312872149493],[-60.41584970963828,53.36932807864715],[-60.415846251188881,53.369346020570283],[-60.415851869959766,53.369361348425848],[-60.415858970054828,53.369377588685865],[-60.415869168589786,53.369390264050942],[-60.415883892012637,53.369402079964964],[-60.415900234040556,53.369409417665842],[-60.415924132257345,53.369415026313291],[-60.415951240257513,53.369412576402453],[-60.415976869941076,53.369409214059104],[-60.415999541526517,53.369404028670097],[-60.41602073023838,53.369397929085153],[-60.416043400326608,53.369392744599629],[-60.416070555529458,53.369388496277999],[-60.416121813397027,53.369381774246953],[-60.416150335516292,53.36938292928815],[-60.416175756334525,53.369387654649294],[-60.416201204540158,53.369391481234324],[-60.416220596203914,53.369397047882423],[-60.416242971929861,53.369403542403241],[-60.416223258536434,53.369410553573708],[-60.416174913096604,53.369420899757124],[-60.416155225503573,53.369427009456629],[-60.416118761257188,53.369442853867895],[-60.416100483415867,53.36945257489171],[-60.416082229882285,53.369461394464544],[-60.41606247366871,53.369470201257066],[-60.416045718334921,53.369479036337189],[-60.416030467172426,53.369487884181353],[-60.416015173292685,53.369498530372681],[-60.416001357684095,53.369510087187699],[-60.415994980883717,53.369524407748258],[-60.416000602781104,53.369539737373358],[-60.416009274249795,53.369553294193949],[-60.41601189074651,53.369568595561354],[-60.415996572438267,53.369580139597616],[-60.41597679175662,53.369589844223448],[-60.415960040873806,53.369598679256967],[-60.415944765274013,53.369608425837768],[-60.415933930647199,53.369620909651111],[-60.415925986970834,53.369637910901339],[-60.415922528529947,53.369655852825737],[-60.415922070987854,53.369673823043833],[-60.415929195501626,53.369689162750568],[-60.415943963341483,53.369699183896387],[-60.415961763956261,53.369708332727498],[-60.415976489039821,53.369720149517548],[-60.415985159033035,53.369733706350907],[-60.415987708406007,53.369751703014472],[-60.415982815912571,53.369766935953912],[-60.415970522772724,53.369777607731095],[-60.415964490615558,53.369778452640119],[-60.415949216458138,53.369788199209928],[-60.415928027523606,53.369794297882414],[-60.415887076136833,53.369809202460956],[-60.41586734259603,53.36981711048562],[-60.415847631941084,53.369824120671339],[-60.415830833686314,53.369834753170288],[-60.415816995045311,53.369847208699909],[-60.415809095583441,53.369862415182475],[-60.41581011929042,53.369881296004529],[-60.415817242332992,53.369896637529436],[-60.415825910845719,53.369910196185977],[-60.415833082677025,53.369923741115095],[-60.415838703046177,53.369939069858162],[-60.415838201166167,53.369958834834904],[-60.415833217060879,53.369977660911204],[-60.415831279662747,53.369994719611917],[-60.415827822660091,53.370012661521216],[-60.415825860820867,53.370030616268565],[-60.415826907433882,53.370048599254261],[-60.415832550672754,53.370063028361152],[-60.415842746355679,53.370075703749478],[-60.415843792938524,53.37009368493441],[-60.415843336846663,53.370111654239295],[-60.415848958769509,53.370126983869952],[-60.41586632178052,53.370153201517056],[-60.415881024100095,53.370165916153155],[-60.41589124570573,53.370177692777972],[-60.415889288401971,53.370195647491137],[-60.415875469525432,53.370207204314468],[-60.415861676564134,53.370217864177633],[-60.415846425101115,53.370226711998455],[-60.415828169718964,53.370235533344939],[-60.415809891435138,53.370245252524271],[-60.415790179068651,53.370252262712405],[-60.415723532826625,53.370273223913337],[-60.415652427181342,53.370292349234852],[-60.415629709325309,53.370299332031045],[-60.415532947440433,53.37032271831135],[-60.415460454800787,53.370337335243917],[-60.415413656614597,53.370345897336215],[-60.415357842053602,53.370354376391454],[-60.415332236143293,53.370356839856633],[-60.415305060317266,53.370361984024598],[-60.415253755407512,53.370370504981359],[-60.415231060350266,53.370376589866467],[-60.415208389659924,53.370381775099737],[-60.415187195808834,53.370387873676435],[-60.415161499819405,53.370393932036677],[-60.415119115038038,53.370406126446035],[-60.41508709575529,53.370413991672521],[-60.414940814324503,53.370267909386968],[-60.414966604928004,53.37025825970899],[-60.414931440261384,53.370222891159116],[-60.414861696640408,53.370247420340071],[-60.414898341038203,53.370283698637934],[-60.414922581610305,53.370275830959741],[-60.41506405325169,53.370417424024673],[-60.414974216306796,53.370431770259536],[-60.414862270669815,53.370461306599317],[-60.41484256105695,53.370468316608729],[-60.414822825550807,53.370476226273901],[-60.414803114419314,53.370483236288379],[-60.414784902979093,53.370490259116146],[-60.414725766497213,53.37051128825405],[-60.414706032473951,53.37051919878872],[-60.414622746777852,53.370544502368105],[-60.414563587258492,53.370566431062016],[-60.414524160304353,53.370580451037227],[-60.41450297077143,53.370586549458444],[-60.414456103367407,53.370597805583579],[-60.41443195418038,53.370602080025478],[-60.414326429567652,53.3706154988283],[-60.414297839376637,53.37061703594938],[-60.414270776327889,53.370617688016566],[-60.414240687916958,53.37061921138924],[-60.414162291978904,53.370629281802991],[-60.41401725284517,53.370660313284084],[-60.413991576445305,53.370665473581255],[-60.413965880058754,53.370671528984602],[-60.413925041772174,53.370681941916907],[-60.413903829167879,53.370688938067651],[-60.413879634022393,53.370695008969228],[-60.413858439823763,53.370701107311142],[-60.413834292003116,53.370705380720835],[-60.413758902764357,53.370715477370055],[-60.413668833079718,53.370711962140632],[-60.413638791944898,53.370711688779465],[-60.413584549588712,53.370717486298794],[-60.413557394754761,53.370721732246608],[-60.413536315110242,53.370723336853736],[-60.41353178701074,53.370724195338305],[-60.413521709590476,53.370725817481258],[-60.413452652337149,53.370645290076538],[-60.413431439691863,53.370652287043868],[-60.413498026135684,53.37072914008931],[-60.413472970616063,53.370732646061903],[-60.413453280561775,53.37073875713056],[-60.413435070332319,53.370745781542439],[-60.413377317901656,53.370771316526877],[-60.413345290885303,53.370789896536934],[-60.41332999436419,53.370800542398229],[-60.413314722248913,53.370810288610329],[-60.413287133065403,53.370831604158873],[-60.413271857918829,53.370841350388559],[-60.413258084019212,53.37085111124091],[-60.413239830823329,53.370859931270736],[-60.413215678353239,53.370864205490591],[-60.413162894089595,53.37087181219168],[-60.41313874309089,53.370876085484269],[-60.413113135229167,53.37087854848658],[-60.413087504432156,53.370881910218898],[-60.413064834714284,53.370887095035357],[-60.413023928683764,53.370900202955532],[-60.4130012559379,53.370905387782997],[-60.41294999728057,53.370912110271043],[-60.41292300136125,53.370910067639031],[-60.412900603890428,53.370904470322436],[-60.412878252356606,53.37089707823133],[-60.412839560256458,53.370882348008791],[-60.412814161883674,53.370876725005481],[-60.412788736063312,53.370872000766724],[-60.412760240408133,53.370869942555544],[-60.412728623089613,53.370872351487549],[-60.412677361378648,53.370879072081159],[-60.412651709109632,53.370883332443995],[-60.412631974507605,53.370891241737439],[-60.412612216898239,53.370900047062406],[-60.412595460267887,53.370908880761299],[-60.41257715951803,53.370919498172768],[-60.412534317521974,53.370949662753326],[-60.412519042141248,53.370959407987186],[-60.412502290003204,53.370968242538751],[-60.412481072505436,53.370975238472447],[-60.412456945867774,53.370978614681071],[-60.412423920521348,53.370977415745386],[-60.41239849464462,53.37097268962323],[-60.412355205589854,53.370961511190636],[-60.412332829627374,53.370955015943657],[-60.412265638971803,53.370938227237765],[-60.412240239153853,53.370932605023945],[-60.41221629460145,53.370928790412052],[-60.412189298743165,53.370926749414444],[-60.412157704242809,53.370928256759491],[-60.412132073338327,53.370931618287081],[-60.412109401970753,53.370936802934125],[-60.412094128059863,53.370946550803161],[-60.412074437688027,53.370952660745218],[-60.41204901489354,53.370947935425576],[-60.41202816472002,53.370940556914348],[-60.412004267654751,53.37093494747829],[-60.411977296205364,53.370932004985185],[-60.411947202968761,53.370933527815438],[-60.411868810449775,53.370943598493049],[-60.411840198451934,53.370946031950119],[-60.411811609448414,53.370947568465418],[-60.411780083874568,53.370946383105448],[-60.411749969164958,53.370948804609903],[-60.411697209014136,53.370955512817638],[-60.411642920110552,53.370963105127096],[-60.411620271648253,53.370967391846428],[-60.41159757727317,53.370973476932349],[-60.411579365110953,53.370980500173808],[-60.411561110005017,53.370989319959932],[-60.411544357655501,53.370998154377915],[-60.411524572289586,53.37100785829368],[-60.411509324175839,53.37101670642992],[-60.411491089033866,53.371024629293537],[-60.411413670516964,53.371055374418006],[-60.411390974560128,53.371061459476365],[-60.411262823763224,53.371078264403913],[-60.411231275096519,53.371077975834218],[-60.411205830851692,53.371074149058785],[-60.411184957749434,53.371067667334948],[-60.411165633403655,53.37105940457667],[-60.411146264547291,53.371052935673404],[-60.41112384578102,53.371048237646903],[-60.411092274201053,53.371048849576042],[-60.411069601137569,53.371054034037776],[-60.411049867646867,53.37106194215928],[-60.410997105756771,53.37106865097023],[-60.410964054370211,53.371068349488787],[-60.410932438283936,53.371070757034296],[-60.410881177567703,53.371077477747249],[-60.410851131669567,53.371077203719985],[-60.410831808850254,53.37106893909553],[-60.410817083208279,53.371057121680913],[-60.41078749558865,53.371038880146124],[-60.410744318798592,53.371023208374993],[-60.410723448800901,53.371016726546983],[-60.410699548869971,53.371011117772419],[-60.410671097677891,53.371007261603552],[-60.410640981392355,53.371009684640548],[-60.410616854546952,53.371013058677498],[-60.410600077462902,53.371022789910072],[-60.410584804660644,53.371032536675713],[-60.410569550282716,53.371041382938223],[-60.410548359948663,53.371047480660366],[-60.410522728822713,53.371050840942935],[-60.410495734430476,53.371048797750412],[-60.410471834491723,53.371043188030015],[-60.410446410292131,53.37103846147987],[-60.410417913165226,53.371036404521476],[-60.410313887437553,53.371049834446168],[-60.410288233280696,53.371054092513461],[-60.410264060397928,53.371059263949654],[-60.410244371233254,53.371065374479755],[-60.410239843049069,53.371066233740045],[-60.410221629116464,53.371073256786815],[-60.41020198594461,53.371077570739878],[-60.410185208740138,53.371087301914542],[-60.410171438529254,53.371097060578755],[-60.41015468131301,53.371105893937155],[-60.410137904125023,53.371115626905635],[-60.41011967018926,53.371123549549402],[-60.410097022971719,53.371127835068904],[-60.410071391760965,53.371131195254861],[-60.41002817064863,53.371117320683013],[-60.409994098055897,53.371098138054627],[-60.409959982469431,53.371080751063239],[-60.409942138081803,53.371073399695199],[-60.409921268179573,53.371066917726587],[-60.409894318317441,53.371063077839409],[-60.409867322421434,53.371061033615966],[-60.409807276658441,53.371058687573097],[-60.409775706495452,53.37105929644202],[-60.409744182413675,53.371058111433186],[-60.409712610763961,53.371058721197123],[-60.409681065127778,53.371058432194644],[-60.409653954240341,53.371060882498668],[-60.409548425438679,53.371074297099071],[-60.409521246939384,53.37107943996596],[-60.40947738315478,53.371090721662831],[-60.409437957038989,53.37110473994295],[-60.40939843883789,53.371122352250197],[-60.40938018173113,53.371131172616415],[-60.409363425860988,53.371140006753201],[-60.409342213759011,53.371147001185186],[-60.409304264293347,53.371161932841716],[-60.409286030124228,53.371169852658163],[-60.409252476796944,53.3711893183388],[-60.409235650293446,53.371200846873933],[-60.409223358060778,53.371211517939585],[-60.409212522565433,53.371224001138032],[-60.409209081164875,53.37124104326324],[-60.409214697833278,53.371256372335587],[-60.409215743184575,53.371274354475496],[-60.409203426444904,53.371285926086003],[-60.409179230244177,53.371291994238028],[-60.409124940471372,53.371299586305746],[-60.409097853861695,53.371301135037008],[-60.409069240030163,53.371303571443754],[-60.409017978732145,53.371310291358718],[-60.408989392404948,53.371311828076742],[-60.408957863582799,53.371310640194764],[-60.408902417918476,53.371304742759385],[-60.408881546553268,53.37129826062052],[-60.408863725260218,53.37129000945594],[-60.408847429769196,53.371280874222172],[-60.408835736120672,53.371268184439991],[-60.408823991995753,53.371257295761822],[-60.408806216737723,53.371247245318074],[-60.408785366952031,53.371239865338808],[-60.408759944361073,53.371235140218303],[-60.408734495741193,53.371231313850252],[-60.408702993058334,53.371229228943186],[-60.408675883451536,53.371231676313563],[-60.408648727789867,53.371235921147758],[-60.40863044743319,53.371245639234765],[-60.408613669840648,53.371255371990451],[-60.408598371928875,53.371266015449862],[-60.408581594321014,53.3712757482011],[-60.408561880260727,53.371282756301113],[-60.408537707035599,53.371287927388934],[-60.408507545814942,53.371292144646702],[-60.408483441685014,53.371294620418951],[-60.408454781703675,53.371298851447769],[-60.408426170807353,53.371301285877173],[-60.408393076198379,53.371302781131519],[-60.408362959511081,53.371305200894426],[-60.408301320095852,53.371306435249096],[-60.408241272559131,53.371304088431124],[-60.408214279576626,53.371302042911083],[-60.408184304180146,53.371299073797374],[-60.408154302721861,53.371297002533716],[-60.408124256659498,53.371296726920455],[-60.408092641778794,53.371299135504096],[-60.40806700877819,53.371302494371903],[-60.408044358263986,53.37130678042621],[-60.408020115844032,53.371314647614248],[-60.407983694530621,53.371328692073597],[-60.407960951794266,53.371336571251305],[-60.40794121612479,53.371344480673379],[-60.407921526472975,53.371350589921803],[-60.407898852895855,53.371355775583758],[-60.40787019732965,53.371360006438238],[-60.407844587336434,53.371362467423843],[-60.407818935769193,53.371366725839337],[-60.407788819002576,53.371369145457678],[-60.407761824532436,53.371367101647316],[-60.407731778422111,53.371366825935468],[-60.407700277171102,53.371364739852361],[-60.407634175489306,53.371364135945129],[-60.407576995107995,53.371367207869255],[-60.407551368083908,53.371370568381266],[-60.407525711985251,53.371374827668461],[-60.407418678941013,53.371388225706248],[-60.407387156141326,53.37138703826389],[-60.407366311045131,53.371379658001892],[-60.40732001436713,53.371368451089374],[-60.407294404335765,53.371370911957044],[-60.407267273004848,53.371374257731567],[-60.407249062962826,53.371381280292724],[-60.407233763177956,53.371391924490261],[-60.407216962132466,53.371402554885591],[-60.407204621717455,53.371415023226412],[-60.407190849211219,53.371424781561004],[-60.407175595510132,53.371433628281551],[-60.407154330802406,53.371442421642307],[-60.407125673597058,53.371446652330008],[-60.407097062503105,53.371449085541286],[-60.407069929639619,53.371452433083043],[-60.407039814273169,53.37145485250138],[-60.40701272603598,53.371456403472273],[-60.406932828519459,53.371466453524036],[-60.406878538132823,53.371474045472681],[-60.406846966125777,53.371474654480082],[-60.406818539569407,53.371469900447323],[-60.40679159122854,53.371466059848359],[-60.406759997703695,53.37146756935649],[-60.406734365999121,53.371470927927462],[-60.406711622953956,53.371478806868247],[-60.406693389708046,53.371486728079802],[-60.406650981372337,53.371499820007081],[-60.406578432980041,53.371516229067495],[-60.406557217238444,53.371523223929913],[-60.406538983963848,53.371531146018249],[-60.406522205722318,53.371540875781378],[-60.406508382399402,53.371552433341982],[-60.406496066291204,53.371564001963968],[-60.406480767776877,53.371574646954507],[-60.406459507351308,53.371583439257655],[-60.406430870042819,53.371586771067321],[-60.406397819758631,53.371586467411468],[-60.406369254732759,53.371587105680035],[-60.406339160837199,53.371588627999301],[-60.406313550614875,53.371591088657269],[-60.406230650176063,53.371601111517535],[-60.406205041502297,53.371603574841487],[-60.406174975144317,53.371604196550038],[-60.406117795795531,53.371607265964961],[-60.40608922774031,53.371607904189489],[-60.406063759060622,53.371604975964004],[-60.406045936654145,53.371596723488601],[-60.406043322107557,53.371581422805122],[-60.406046743204087,53.371565278589728],[-60.406038052822069,53.371552616160784],[-60.406020253561984,53.371543466747141],[-60.405997902849407,53.371536072464636],[-60.40597701177218,53.371530490329036],[-60.405954591787633,53.371525790441922],[-60.405930692186246,53.371520180711556],[-60.405876772459138,53.371513395140283],[-60.405845246613723,53.371512208214043],[-60.405813745322611,53.371510120732985],[-60.405782171765161,53.37151072947033],[-60.405750578168437,53.371512238711581],[-60.405693308043361,53.371518901949756],[-60.40566915593314,53.37152317463547],[-60.405626770294354,53.371535365665196],[-60.405607055662138,53.371542375079876],[-60.405585885965472,53.371547574101577],[-60.405564693153622,53.371553670953929],[-60.405499631942192,53.371571046265672],[-60.405437485356515,53.371592044991729],[-60.405416292462995,53.371598140017419],[-60.405390639000863,53.371602397923958],[-60.405363505901718,53.371605745078703],[-60.405300363163605,53.371606963173505],[-60.405274775983919,53.371608525774541],[-60.40524912246287,53.371612781850288],[-60.405235303267197,53.37162433833042],[-60.405222985324905,53.371635908634282],[-60.405215083244308,53.371651113516734],[-60.405222179710861,53.371667355318792],[-60.405233896946086,53.371679144011559],[-60.405253197396803,53.371688309168107],[-60.405318836039932,53.37170688459338],[-60.405339685462536,53.371714265179108],[-60.405418522667759,53.371745541765385],[-60.405457168359398,53.371762072756638],[-60.405473440222465,53.371772107189329],[-60.405483633235264,53.371784782569819],[-60.405468379050134,53.371793629073665],[-60.405415615332103,53.371800334523975],[-60.405384115372243,53.371798247819214],[-60.4053240672866,53.371795899536174],[-60.405291018388212,53.371795597363537],[-60.405262450135048,53.371796232690116],[-60.40523231284493,53.371799551277071],[-60.405173582705103,53.371804404807939],[-60.405080302357653,53.371808941352157],[-60.405050255964831,53.371808665866808],[-60.404988615668898,53.371809896713749],[-60.404958572286233,53.371809621182507],[-60.40489542772734,53.371810839075785],[-60.404863878580713,53.371810550625746],[-60.404803744077363,53.371811796073054],[-60.404773651468297,53.371813317987048],[-60.404742079173857,53.371813926438868],[-60.404710531511697,53.371813637036666],[-60.404679005454206,53.371812448903064],[-60.404650529696035,53.371809492746195],[-60.404628109726779,53.371804793510371],[-60.404608741528129,53.371798324444597],[-60.404584797172319,53.37179450920182],[-60.404553227937157,53.371795119381247],[-60.404529075535137,53.371799390937014],[-60.40451231837352,53.371808223496942],[-60.404471387175931,53.371822226321733],[-60.404418621774681,53.37182893224373],[-60.40439151153052,53.371831378643463],[-60.404359963837685,53.371831088248435],[-60.404331466438428,53.371829028938045],[-60.404302990673216,53.371826071797997],[-60.404275999062989,53.371824026276968],[-60.404247520313348,53.371821070046707],[-60.404223579024816,53.371817256509004],[-60.404202703574136,53.37181077268469],[-60.404189462142391,53.371799866085411],[-60.404179268041759,53.371787192404682],[-60.404167549561286,53.371775403618905],[-60.404154308149572,53.371764497015597],[-60.4041395378622,53.371754476240682],[-60.404121740407184,53.371745325631295],[-60.404099365286129,53.371738829738455],[-60.404072417012642,53.371734988525461],[-60.404043919690679,53.37173292914607],[-60.404015377629541,53.371732667217266],[-60.403986786309886,53.37173420277329],[-60.403958174835722,53.371736635233667],[-60.403931039991932,53.371739980274526],[-60.403905361680813,53.371745137508746],[-60.40388710615602,53.371753956116748],[-60.403873285039289,53.37176551245205],[-60.403862421659909,53.37177889212758],[-60.403848602033733,53.371790448448643],[-60.403833302717672,53.371801090401959],[-60.403816548420828,53.371809922842004],[-60.403796808747273,53.371817831605156],[-60.403777116752572,53.37182393928407],[-60.403751462987422,53.371828196839417],[-60.403721347177367,53.371830616322484],[-60.403694351112939,53.371828572504448],[-60.403662826555752,53.371827383190777],[-60.403598226942002,53.371826789984652],[-60.403571275646172,53.371822948681412],[-60.403545854776581,53.37181822243852],[-60.403521910483022,53.371814406081988],[-60.403494939058611,53.371811462572794],[-60.403443721031351,53.371816383542509],[-60.403336688625579,53.371829780606966],[-60.403309692560057,53.371827735801638],[-60.403282721122238,53.371824791344238],[-60.403255772846677,53.371820949046644],[-60.403230347458582,53.371816220970146],[-60.403123986245255,53.371803560850033],[-60.403093984662824,53.371801488315171],[-60.403064007712999,53.37179851612683],[-60.403008608485941,53.371790818484897],[-60.402905410472634,53.371771895647086],[-60.402848507013424,53.37176418319865],[-60.40279301527157,53.371760080393472],[-60.402739071048437,53.37175419124975],[-60.402712075076806,53.371752147209143],[-60.402656632601627,53.371746243248232],[-60.402628178707623,53.371742389685664],[-60.402596675888653,53.371740301367126],[-60.402566652744987,53.371739128322503],[-60.402539658219823,53.371737080630567],[-60.402509682895513,53.371734110091708],[-60.40248268843321,53.3717320650875],[-60.40239726468451,53.371723190498116],[-60.402310362866949,53.37171340325127],[-60.402283413260541,53.371709561645034],[-60.40217859868487,53.371695117985382],[-60.402150102980862,53.371693058141972],[-60.402124677826848,53.371688331629471],[-60.402100735292272,53.371684517676201],[-60.402078314139587,53.371679817071069],[-60.402057443631527,53.371673334636071],[-60.402038097575335,53.371665968228783],[-60.402020303595641,53.371656816380927],[-60.401990765641798,53.371636776085325],[-60.401972990316175,53.371626724629941],[-60.401958222109954,53.371616704471407],[-60.401940403552501,53.37160845405765],[-60.401924112400948,53.371599316950622],[-60.401903286767158,53.371591036131036],[-60.401885466725759,53.371582785720321],[-60.401822855430943,53.371563337401639],[-60.401805035378537,53.371555085178308],[-60.401735420256621,53.371515801677113],[-60.401716123662304,53.371506636825508],[-60.401699829625066,53.371497501510525],[-60.401664191153777,53.371480997912691],[-60.401641819531712,53.37147450063383],[-60.401619398577161,53.37146980174208],[-60.401593950401335,53.371465972049336],[-60.401565478071007,53.37146301423153],[-60.401535455128695,53.371461840026349],[-60.401502406484475,53.37146153590335],[-60.401473790547648,53.371463968702479],[-60.401442290997672,53.371461880055371],[-60.401418416697872,53.371455370673317],[-60.401378293254226,53.371437925769456],[-60.401355969599827,53.371429632757383],[-60.401336600575412,53.371423164069078],[-60.401290262016389,53.371413750456831],[-60.401260260772702,53.371411676559205],[-60.401231739126246,53.371410516152594],[-60.401150337607724,53.371420552075982],[-60.401124685283165,53.371424807255359],[-60.401102010826165,53.371429991629803],[-60.401079291479284,53.371436972556687],[-60.401056618439441,53.371442153310312],[-60.401029485109731,53.371445500381228],[-60.40100089537178,53.371447035210409],[-60.40098307548763,53.371438781062928],[-60.400968353953019,53.371426963312075],[-60.400962738712508,53.371411633851267],[-60.400963224282094,53.371392766747135],[-60.400975520165098,53.371382097412443],[-60.400990821497089,53.371371453110321],[-60.401001660985145,53.371358972437427],[-60.401006583717546,53.371342842247827],[-60.401000990156383,53.371326614065794],[-60.400992346203857,53.371312154705812],[-60.400977624710777,53.371300336955684],[-60.400958326870395,53.371291171991551],[-60.40093743353254,53.371285588092952],[-60.400912010239175,53.371280860408689],[-60.400882033838819,53.371277889470406],[-60.400852032709302,53.371275815469659],[-60.400828113688725,53.371271101625048],[-60.400799661720072,53.371267244912289],[-60.400775721023599,53.371263429779923],[-60.400750319466852,53.371257804238489],[-60.400726398962142,53.371253090384755],[-60.400683182228654,53.371239212406024],[-60.400663882992497,53.371230048305371],[-60.400629817476926,53.371210862064309],[-60.400612064394601,53.37119991438135],[-60.400594244745619,53.37119166287539],[-60.400576403393991,53.371184309189296],[-60.400555533335002,53.37117782558898],[-60.400531659308704,53.371171315127832],[-60.400507738876186,53.371166601229902],[-60.400486889061348,53.371159220706524],[-60.400464752852685,53.371143739442083],[-60.40045303103765,53.371131949419208],[-60.400448941986319,53.371115735972651],[-60.400452386839049,53.37109869228469],[-60.400449822230257,53.371081593989302],[-60.400439630896216,53.37106891907078],[-60.400423312556036,53.371060680524074],[-60.40039474773792,53.371061315561462],[-60.400369114292971,53.371064674578733],[-60.400349377270629,53.371072580050658],[-60.400340017227023,53.371085974175202],[-60.400338054867554,53.371103929546841],[-60.400331649371118,53.371119148023716],[-60.400316349449753,53.371129791330524],[-60.40028135736852,53.37114654353951],[-60.400264602605276,53.371155376384188],[-60.400241926641442,53.371160558806217],[-60.400214816589845,53.371163005157101],[-60.400190687323246,53.371166378001952],[-60.40018130699687,53.371180669925316],[-60.400172938980838,53.371213842862552],[-60.400159113978511,53.371225396994589],[-60.400133670648607,53.371221569655816],[-60.400120402695535,53.371211560466918],[-60.400110209941225,53.37119888643182],[-60.400096969760249,53.371187980272524],[-60.400085252530751,53.371176189278998],[-60.400096113917272,53.371162809064074],[-60.40011584952331,53.371154903645134],[-60.400134088356971,53.371146982499084],[-60.400149341939617,53.371138137583849],[-60.400160159897865,53.371126554808633],[-60.400169541724885,53.371112262875457],[-60.400177425296086,53.37109795612978],[-60.400179364537742,53.371080900394823],[-60.400179850451494,53.371062033291395],[-60.400177265741497,53.371045832800782],[-60.400166011244615,53.371016073445354],[-60.400158847157634,53.371002525734376],[-60.400142575363368,53.370992492381291],[-60.400127806243042,53.370982469303229],[-60.400108485560338,53.370974204734402],[-60.400087618684964,53.37096772102862],[-60.400063720135051,53.37096210921834],[-60.400006773344167,53.370956192864448],[-60.398956817577712,53.370708366532014],[-60.397903126757001,53.369732575855785],[-60.397346524973699,53.369001314207189],[-60.397386227924414,53.368336669795049],[-60.397699204663624,53.36791179541359],[-60.401153730627719,53.364749791727235],[-60.402029598603292,53.363699223413633],[-60.402325749984513,53.363516823569974],[-60.402809116326978,53.363473638057641],[-60.403084699023317,53.363389898602769],[-60.404107564586823,53.362638126115755],[-60.404153266871681,53.362145178687229],[-60.404017526370183,53.361638880202797],[-60.403973158401627,53.361143310612782],[-60.404099508784704,53.360785902224784],[-60.403576505645283,53.359506789747932],[-60.403243996333899,53.3590588943025],[-60.40285477946361,53.358772238740663],[-60.401841840351679,53.358380988984742],[-60.401337623379099,53.358010590404078],[-60.400967374677599,53.357688154541883],[-60.399930456821437,53.357179842534066],[-60.399775963370594,53.356995989294433],[-60.399718331298878,53.356725856010826],[-60.399536002089313,53.356514785467965],[-60.399581981288677,53.356479265372201],[-60.400256849419861,53.356521431298034],[-60.40042488568853,53.356470857144799],[-60.400581261594567,53.356114628492961],[-60.400538170242456,53.356096257626305],[-60.40017786691994,53.356088444203202],[-60.398728452753282,53.356433646702037],[-60.39778241475576,53.356422217620299],[-60.397117247278373,53.356237238542363],[-60.396674617072172,53.356101940673213],[-60.396738562421525,53.355545357131518],[-60.39712093389609,53.355454533452544],[-60.397780234078425,53.35522606988873],[-60.398401295700147,53.354907386104237],[-60.398602247805577,53.354570444219895],[-60.398487957398373,53.354226098632736],[-60.398048003991455,53.354045899058441],[-60.397534959609942,53.354078903214678],[-60.396210286867507,53.354365016155604],[-60.394373275713022,53.354423499712503],[-60.394046127751267,53.354353967857605],[-60.393508418296236,53.354063207255422],[-60.392605284455151,53.35407909501216],[-60.392233167701725,53.353774586759513],[-60.392223018930977,53.353702600370724],[-60.3923915196184,53.353634066406968],[-60.392439211111778,53.35359047531243],[-60.393171936472406,53.353426526590454],[-60.39310557122684,53.353263251005657],[-60.392552631749936,53.35298133179402],[-60.391359779812952,53.352586525534292],[-60.390792720725763,53.352502173743034],[-60.390352349067953,53.352339914857154],[-60.389999790801419,53.352439981726526],[-60.389761804155881,53.352408111538004],[-60.389059577816909,53.351861476183551],[-60.38841510668022,53.351577787848655],[-60.387747153859742,53.351446648868269],[-60.38745393481333,53.35157512161377],[-60.387623083439649,53.352000869269091],[-60.387607990206895,53.352234383205165],[-60.387277497194361,53.352236693100714],[-60.386337712742474,53.351873850998288],[-60.385609954251606,53.351732257944271],[-60.385377642857108,53.351367926081601],[-60.385017383174592,53.351360066697332],[-60.384687062485654,53.35158614044731],[-60.384207305289209,53.35207053130997],[-60.384035792157746,53.352426597465012],[-60.384012211907212,53.352811906239552],[-60.383882341201932,53.352953580230846],[-60.383706864808715,53.352886335191961],[-60.383808677230384,53.352438853438478],[-60.383697988888322,53.351788978244471],[-60.383495605272365,53.351659474055197],[-60.383103491048139,53.352180627898385],[-60.382755222544873,53.353207242135397],[-60.38265386583253,53.353636755514295],[-60.382657369257636,53.354077136763728],[-60.381721993858271,53.354119598982429],[-60.380758668470882,53.353910166255503],[-60.380073026913692,53.353822853504191],[-60.379081123688188,53.353558317838086],[-60.378053876678976,53.352924090985354],[-60.377738629288949,53.352917531476024],[-60.377655292167788,53.353059636984796],[-60.377592437781281,53.353336734184197],[-60.377247548335475,53.353086355719888],[-60.376647717724843,53.352820995352033],[-60.376404844085414,53.35286094723498],[-60.376367707750212,53.352959451110202],[-60.37678134056889,53.353337190035909],[-60.376796458079681,53.353561999908869],[-60.376363333070707,53.353525570691765],[-60.376042738697265,53.353607925063706],[-60.375969963592006,53.353804948560168],[-60.37636140273267,53.354055766787113],[-60.377579902659235,53.354271231619727],[-60.377904549438291,53.354377631870939],[-60.377878808548196,53.354557124456072],[-60.377648970592617,53.354615174731947],[-60.377066209734949,53.354556670343676],[-60.375585790626374,53.354191351027417],[-60.374093533748507,53.354276136320017],[-60.373275092222023,53.354383440834589],[-60.371828112838649,53.354459638056973],[-60.368672718166344,53.35444414528628],[-60.368345397720788,53.35438262870165],[-60.367197999237646,53.35397992287114],[-60.364848322416449,53.353829085620703],[-60.363380591344672,53.353499683579578],[-60.362524708257766,53.353489730556092],[-60.361728169432787,53.353732867121188],[-60.36113662151827,53.354061527464175],[-60.36075252486323,53.354439795941467],[-60.360305216451572,53.355104137141801],[-60.360213714082946,53.355380953130634],[-60.360135020678804,53.355909517129369],[-60.360425258058434,53.356572812184616],[-60.360833638493652,53.35725610584231],[-60.361632114481864,53.357957497835521],[-60.362455733417399,53.358505450887399],[-60.362917740760899,53.358812705636197],[-60.3635906557883,53.359097702875893],[-60.36527350532301,53.359592705783996],[-60.365772922286965,53.359793363911528],[-60.367313489425534,53.360897180095151],[-60.369076229111329,53.361556445311621],[-60.369716525578269,53.36188513300187],[-60.371202828156775,53.362888632629691],[-60.371628814649057,53.363312340448097],[-60.372469159504753,53.36454426635666],[-60.372797115718491,53.365324712683439],[-60.373051266593912,53.365600306751475],[-60.373573746009853,53.36589910447934],[-60.374771696880288,53.366222241948776],[-60.375166852704922,53.366393118144998],[-60.375513811028981,53.366625548462103],[-60.375558329789413,53.367103159342257],[-60.375240557386412,53.367644757875979],[-60.374457986893482,53.368148721351119],[-60.374197642003537,53.368449117876267],[-60.373651273280274,53.369282420138646],[-60.372779490922071,53.370260926004505],[-60.372513531700029,53.37065922053025],[-60.37236514595196,53.370872600460956],[-60.371638981312273,53.371683524693502],[-60.371608296991269,53.371934862123027],[-60.371146374697624,53.3723555633727],[-60.370492049915306,53.372494059682175],[-60.37015206152838,53.372622045669338],[-60.369770566285986,53.372955435447835],[-60.369631351866865,53.373275839813779],[-60.369615433867885,53.37353630401293],[-60.369637229730664,53.373904963098404],[-60.369819008354163,53.374134046410177],[-60.369930838652884,53.374280690202902],[-60.369951068685367,53.374424667459586],[-60.370120064621126,53.374625771224132],[-60.370487103478176,53.37523674271884],[-60.370415620909242,53.375666528121101],[-60.370797431257571,53.376798865950875],[-60.371501401206594,53.377570288328393],[-60.372210963335455,53.378017339142232],[-60.373784754896825,53.378348529308404],[-60.375567640083716,53.37821705743643],[-60.375986364624403,53.378010712849274],[-60.37606509931021,53.377931473565916],[-60.37659716649565,53.377358639189076],[-60.377161579803854,53.376983813454608],[-60.377482347047042,53.37690145749194],[-60.378213017871708,53.376261286418234],[-60.379108183812505,53.375651412865032],[-60.381649484041532,53.374673238562828],[-60.382384260532334,53.374446467219727],[-60.38397998233377,53.374166633506832],[-60.385249581531092,53.374059872863818],[-60.388962127869632,53.374087297744119]]]]},"properties":{"OBJECTID":59,"MUNICIPALI":"Happy Valley-Goose Bay","MPAB_LINK":"http://www.assembly.nl.ca/Legislation/sr/Regulations/rc960858.htm","OLR_LINK":"https://www.gov.nl.ca/mpa/registry/community/Happy-Valley-Goose-Bay","GOV_LEG":"http://www.assembly.nl.ca/Legislation/sr/statutes/u08.htm"}}]}