{"type": "FeatureCollection", "features": [{"type": "Feature", "properties": {"district_id": "Laval-les-Îles"}, "geometry": {"type": "Polygon", "coordinates": [[[-73.85625128050718, 45.539816772557046], [-73.85616166643976, 45.53972830282197], [-73.85588056597157, 45.539475378829934], [-73.85579041135146, 45.53941613900648], [-73.85568499682707, 45.539354566556476], [-73.85559324739339, 45.53931080694876], [-73.85545391181658, 45.53925385255726], [-73.85538692509608, 45.539214444727804], [-73.85525618358541, 45.539111999961506], [-73.85509167774806, 45.538973947248934], [-73.85492704838956, 45.5388161333451], [-73.85468157495802, 45.538570480630504], [-73.84842374202147, 45.541792139153735], [-73.84852733980927, 45.541896174539225], [-73.84878907796447, 45.542159014456814], [-73.84891922856876, 45.54229089304815], [-73.84904930182773, 45.542410174005354], [-73.84914219022468, 45.54252146993637], [-73.84921449581337, 45.54261753148404], [-73.84926627971878, 45.54270825670879], [-73.84929619999971, 45.54278375153479], [-73.84930841359616, 45.54282112131298], [-73.84932700226207, 45.54287799715807], [-73.84933829682149, 45.54292679767285], [-73.84896551123587, 45.542959645543434], [-73.84882294265954, 45.54290976299543], [-73.84835056959328, 45.54294810407655], [-73.84742900060351, 45.5430319985685], [-73.84543700295465, 45.543176002673825], [-73.84484299393964, 45.54319999906923], [-73.84476417318437, 45.54320178560278], [-73.84445146614298, 45.54290794055473], [-73.84373967577095, 45.54223906983753], [-73.8434701818474, 45.541987222388805], [-73.84327225270889, 45.541802251122355], [-73.84318244398857, 45.54171832139933], [-73.8416758597366, 45.54031031890003], [-73.84152383261299, 45.54016866849471], [-73.84132165673405, 45.53998571132511], [-73.84125103407922, 45.53994450190188], [-73.8411892538012, 45.539908452687904], [-73.84118215932287, 45.53990560879488], [-73.84106430271515, 45.53985835483791], [-73.84080871701084, 45.53961507452535], [-73.84024414163066, 45.539042618862105], [-73.83969815565055, 45.538495635268674], [-73.83935400811016, 45.53815085232037], [-73.83737451853858, 45.53616760422524], [-73.83674286667487, 45.535534715904895], [-73.83662830625356, 45.53541992916268], [-73.83480084999792, 45.53358878652049], [-73.83354485771387, 45.53233017445188], [-73.83293712744704, 45.531721152125954], [-73.83215151285488, 45.53093384049424], [-73.83030312461663, 45.5290813528608], [-73.8303008671007, 45.529079089994056], [-73.82925079947691, 45.52802917274375], [-73.82867749446568, 45.5274559289693], [-73.82854474882852, 45.527323195793635], [-73.8283534763745, 45.527144406854866], [-73.8281056093833, 45.52689898597385], [-73.8280260867999, 45.52682024804158], [-73.8280050393727, 45.52681985136059], [-73.82778104038172, 45.526825893368276], [-73.82738176193227, 45.52685043420203], [-73.82724231686176, 45.52686703086942], [-73.82690978420007, 45.52692197336849], [-73.82654538182405, 45.52700040183331], [-73.8262168546624, 45.527084125726525], [-73.82599961915199, 45.527153133687804], [-73.8257849902231, 45.52723023235623], [-73.82557685506849, 45.52732350922203], [-73.82515814673806, 45.52753166489643], [-73.8244840844753, 45.52786022329865], [-73.82424151903707, 45.52797789117893], [-73.82400914254676, 45.528086531248924], [-73.8238099214181, 45.528172580882114], [-73.82357100811714, 45.5282578427653], [-73.82353368804525, 45.52827009630146], [-73.82328349771402, 45.52835224008317], [-73.82261900827336, 45.52856738059691], [-73.82192356549575, 45.52880029081142], [-73.82154742422549, 45.528926261392044], [-73.82122192155896, 45.5285129128011], [-73.82092754961815, 45.5282123273424], [-73.82071643914303, 45.52801478463419], [-73.82048278989123, 45.52777855948232], [-73.81931097199552, 45.52662551138742], [-73.81894330740487, 45.52627591334169], [-73.81876565398163, 45.526100940502936], [-73.81876553553113, 45.52610082115481], [-73.81876534376603, 45.52610064082217], [-73.81822681334648, 45.52557338485143], [-73.81703451065493, 45.52440667176863], [-73.81698151991277, 45.52435481707828], [-73.81685924181932, 45.52423637745648], [-73.81667480042745, 45.524050762428914], [-73.81655735238377, 45.52393256824161], [-73.81652730072081, 45.52390232421056], [-73.81631022381093, 45.52368387656401], [-73.8162563635767, 45.52362967355638], [-73.81625287863613, 45.523626166629874], [-73.8160209731345, 45.5233939001394], [-73.81598368804332, 45.52335655553931], [-73.81597238239058, 45.523345181339565], [-73.8158557940485, 45.52322842378267], [-73.81574716324472, 45.523119655385536], [-73.81562757890875, 45.52299988690884], [-73.81549035373301, 45.52286244467613], [-73.8154523006589, 45.52282430116251], [-73.81529876339245, 45.52267047715854], [-73.81518330579195, 45.52255489817066], [-73.81518311403026, 45.522554714232534], [-73.81512389887638, 45.52249548815008], [-73.81512296572174, 45.522494577386524], [-73.81512216256823, 45.52249379404166], [-73.8151208304046, 45.522492492948345], [-73.8150595472496, 45.522432668743924], [-73.81487795814405, 45.52224795712825], [-73.81465772421024, 45.522023942270756], [-73.81445961946612, 45.52182243855778], [-73.81438749709513, 45.52175164507602], [-73.814210886012, 45.52157829625864], [-73.81415097247383, 45.52151948820896], [-73.81405467397478, 45.52142496652013], [-73.8139565829039, 45.52132869048745], [-73.81385337973849, 45.52122737851048], [-73.8137293906063, 45.521105684553135], [-73.81372619988478, 45.52110254657436], [-73.81351617647009, 45.52089639655561], [-73.81345183923389, 45.52083021438312], [-73.81332400588326, 45.520698713266555], [-73.81327801708518, 45.52065138811255], [-73.81326782682562, 45.520639440082], [-73.81326779590503, 45.52063940417318], [-73.81317750996998, 45.52053468174687], [-73.81315545874254, 45.52050057345768], [-73.81314267635668, 45.52048076611618], [-73.81311412343902, 45.52041428498309], [-73.81255589084103, 45.52039061822943], [-73.81211419606588, 45.520376528636596], [-73.8113716549775, 45.5203560590541], [-73.81091458553249, 45.520339307208324], [-73.81055093365781, 45.52031780040306], [-73.81028456910198, 45.52029692806231], [-73.81003223561959, 45.5202670186147], [-73.80975288853489, 45.52021288616939], [-73.80917105204819, 45.52008578521432], [-73.80873784814811, 45.51998527489118], [-73.80835969641134, 45.519886414008454], [-73.8078277035934, 45.51974387435362], [-73.80761233738042, 45.51968506503411], [-73.80725331632426, 45.519572651356135], [-73.80710973473526, 45.51953254463568], [-73.80698662372006, 45.51949058304218], [-73.8067788856038, 45.51942185340163], [-73.80663913986716, 45.51938083594639], [-73.80656501008592, 45.519361574960065], [-73.80630241285682, 45.51930142047243], [-73.80594236729914, 45.51923238853298], [-73.80555793083884, 45.519161992656706], [-73.80522232515395, 45.51910289299889], [-73.80484401667499, 45.519038192333056], [-73.80466506193714, 45.519012956813164], [-73.80448817723713, 45.5189948575308], [-73.80342499870827, 45.51890530438091], [-73.80274505007031, 45.518856717378426], [-73.8023416296651, 45.518816393169544], [-73.80203940158336, 45.518789297628665], [-73.80167007131826, 45.51875925156933], [-73.80149931802188, 45.51874732236998], [-73.80121068272203, 45.51873094185592], [-73.80099385509949, 45.51871627548844], [-73.80077163982605, 45.518707337783816], [-73.80025001419945, 45.51869347303218], [-73.80012129081496, 45.51868809731238], [-73.79997900105108, 45.51867894714875], [-73.79984617328235, 45.51866596294551], [-73.79924164195205, 45.518600885278914], [-73.79820188783967, 45.518465515632556], [-73.79762839241138, 45.51837653951488], [-73.79742364853422, 45.51834088479153], [-73.7971849739211, 45.518292937070726], [-73.79690830358923, 45.51823270670522], [-73.79657811367129, 45.51815842144474], [-73.79615517242476, 45.518055137204314], [-73.79569887321402, 45.517936640456696], [-73.79547973359685, 45.517886816422084], [-73.79531731594628, 45.51785780263396], [-73.79517359884416, 45.517834365199434], [-73.79499060318507, 45.517811981955106], [-73.79484693238079, 45.517797115874174], [-73.79469786710031, 45.517787024587626], [-73.79448375940599, 45.517773291775356], [-73.79416943305657, 45.517764578647665], [-73.79381182241715, 45.51776835600481], [-73.79363982848068, 45.51777736924165], [-73.79222845722398, 45.517868184935544], [-73.79155980307343, 45.51791888087759], [-73.79122805309437, 45.517946392126476], [-73.79102092542567, 45.51797263295461], [-73.79083143202911, 45.51800359046954], [-73.79052689573797, 45.51805483928156], [-73.79002649764347, 45.51814621372048], [-73.79001966885797, 45.51814746024072], [-73.78972297838953, 45.518201635766545], [-73.78886210909103, 45.518374359158074], [-73.78834047201572, 45.51849265635571], [-73.78858987921407, 45.51811994056504], [-73.78846081338419, 45.51798594731729], [-73.78845839966758, 45.51798351124441], [-73.78832923807019, 45.51785320023551], [-73.78819746168223, 45.517720559687646], [-73.78812680474822, 45.517649775575265], [-73.78808572535057, 45.51762303332933], [-73.78805565324437, 45.51759290780532], [-73.78804653940897, 45.51758380999973], [-73.7880187219083, 45.517556042662626], [-73.78792314012354, 45.517460628729225], [-73.78779063145974, 45.51732834858532], [-73.78765822812682, 45.51719601942802], [-73.78755650045754, 45.51709494536125], [-73.78752530193445, 45.517063946985125], [-73.78739143668675, 45.5169323419649], [-73.78724390437337, 45.51678736442101], [-73.7870927226459, 45.51664420453545], [-73.78691781079002, 45.516468974326635], [-73.78674121466743, 45.516292048272646], [-73.7867054113321, 45.51625617688955], [-73.78256460032945, 45.512145202048025], [-73.78260600351815, 45.512148713388996], [-73.78234835520446, 45.51189289650936], [-73.78449575188715, 45.51199302189111], [-73.78661717590995, 45.51213240517511], [-73.7884823895427, 45.512248314822656], [-73.79133430143555, 45.51221692425606], [-73.79356478466883, 45.51225946157112], [-73.79495480361726, 45.51237639577381], [-73.79585261230193, 45.512735677211786], [-73.79604840559512, 45.51284440622908], [-73.79706282594725, 45.51340772627648], [-73.79768797486331, 45.5141052640067], [-73.79845936486454, 45.514754300813024], [-73.79963243754918, 45.515329886284306], [-73.80080444195073, 45.515688454959665], [-73.8018294426306, 45.51590271284332], [-73.80296302845223, 45.515923823222714], [-73.80387714511495, 45.515921414946376], [-73.80508520506294, 45.51615934691761], [-73.80665991992437, 45.51661325207366], [-73.80790523615315, 45.51699562263359], [-73.8094436125148, 45.51744957019833], [-73.81065189349475, 45.517735600326375], [-73.81156619375858, 45.5177572592567], [-73.81288176562946, 45.51760903111826], [-73.8146509226333, 45.517201432529376], [-73.8149999779184, 45.5171210091584], [-73.81730074114944, 45.516608289211206], [-73.81887019451605, 45.51612166707621], [-73.82014876400622, 45.51590108695108], [-73.82146571167381, 45.516017950048756], [-73.82300457944551, 45.51654406181006], [-73.82446036531921, 45.51711460519816], [-73.82502017858063, 45.51733399669744], [-73.82677945311676, 45.518028159325034], [-73.82850082893229, 45.518505438654834], [-73.83025738884331, 45.518717410814645], [-73.83164609907975, 45.51856871372115], [-73.83310730200192, 45.51832335962315], [-73.83541098423619, 45.51831664295933], [-73.83822729440247, 45.51842880684251], [-73.84064098946764, 45.51846989038295], [-73.84243399005943, 45.518657442795714], [-73.84349445228904, 45.518654257091605], [-73.8443714224238, 45.51855516902206], [-73.84557559238456, 45.5181416405559], [-73.84637647743418, 45.51756051006747], [-73.84732187978751, 45.51668965906306], [-73.84855591760598, 45.51519098679023], [-73.84982624576806, 45.5136681665823], [-73.85005779182046, 45.51324082252355], [-73.8502057501601, 45.51296774306935], [-73.8504959179698, 45.512581085547765], [-73.8508623602705, 45.51239811786479], [-73.85093329694656, 45.512362698146376], [-73.85144319260911, 45.51204774620852], [-73.85187981670995, 45.51170885515338], [-73.85253636943075, 45.51144154928846], [-73.85317858102053, 45.51148638967343], [-73.85391645064661, 45.511658632083396], [-73.85400032428167, 45.51167821100463], [-73.85413268740844, 45.51180793947302], [-73.8545153185922, 45.51218295041152], [-73.85488324351758, 45.512543421097575], [-73.85536084681058, 45.51290361241802], [-73.85569170752, 45.513191981657194], [-73.85609532934205, 45.51340764717864], [-73.85635388548432, 45.513816734041356], [-73.8565028116203, 45.51425025574475], [-73.8564319919457, 45.51461220763172], [-73.85658119105182, 45.51506987286577], [-73.85702178118423, 45.51535776238529], [-73.85823139614446, 45.51583620665898], [-73.85936828768062, 45.516363083987095], [-73.8606517544211, 45.516937646773926], [-73.8617526844707, 45.517536970923445], [-73.86226746266752, 45.51799343868461], [-73.86274669837918, 45.51859473207187], [-73.8628871436268, 45.519112686990454], [-73.86294351280834, 45.51934159206469], [-73.86309148609325, 45.519618387938785], [-73.86329417711762, 45.519846817733075], [-73.86356917959095, 45.51997849382625], [-73.86402669321495, 45.52003733687712], [-73.86479469937612, 45.52003487874492], [-73.8659090523313, 45.519886649958714], [-73.86680463187673, 45.51983562181842], [-73.86779193061986, 45.5198444988222], [-73.86850597321722, 45.51998681996214], [-73.86923814829142, 45.520105012687836], [-73.86980512539898, 45.520127315018435], [-73.87040806046804, 45.520053024227764], [-73.87165142750963, 45.52006101475636], [-73.87340718669564, 45.520127645067376], [-73.87596872713662, 45.5203844368042], [-73.87704805234891, 45.52047730713409], [-73.87832878946753, 45.52060565326731], [-73.87942776496376, 45.52089139423291], [-73.88039952461591, 45.52128599889761], [-73.88129837926914, 45.5217169546413], [-73.88215956433797, 45.52199134640979], [-73.88314830156752, 45.52218095918178], [-73.88431891117887, 45.522237305282175], [-73.8856353340574, 45.522232865121026], [-73.88717045250743, 45.52210711084929], [-73.88908944220218, 45.5219800191608], [-73.89007713415774, 45.52201281073291], [-73.89101119191372, 45.52225076279823], [-73.89238644344522, 45.52278858325783], [-73.89346074259541, 45.52346003626237], [-73.89357631893007, 45.52354129770229], [-73.89489402175836, 45.524467746160916], [-73.89613893614123, 45.5255463759731], [-73.89413611631086, 45.526445160308846], [-73.89257872340104, 45.52722474612527], [-73.8902951652396, 45.52845641764705], [-73.88855954390611, 45.52949888821813], [-73.88747587753382, 45.530314198870734], [-73.88623269680205, 45.531354958708256], [-73.88479959236649, 45.532333964332864], [-73.88380074558592, 45.533099117288444], [-73.88371506224354, 45.533174336498995], [-73.88335818502466, 45.533487628436305], [-73.88288713736955, 45.53387639890041], [-73.88260699031888, 45.53446432377661], [-73.88230796074637, 45.53507718263214], [-73.88195126367368, 45.53555296675234], [-73.88151771395, 45.53589156603962], [-73.88104605211545, 45.53618039387468], [-73.88089571367351, 45.53636823705681], [-73.88093476528158, 45.53654293997637], [-73.88114494439908, 45.536792009636486], [-73.88150691914451, 45.537078068289944], [-73.88198256038635, 45.53737622380111], [-73.88238260183437, 45.53769951902154], [-73.8825933887432, 45.53804852172294], [-73.88278678992997, 45.53862231765455], [-73.88282779328026, 45.539096735755784], [-73.88286928111651, 45.53962111296173], [-73.88296826930065, 45.5402701785941], [-73.88312455341686, 45.540956504948184], [-73.88349040068933, 45.54180449070916], [-73.88381500787447, 45.542442355103226], [-73.88420099144874, 45.543200806215985], [-73.88426751216333, 45.54338563664676], [-73.88437852385373, 45.54369404221708], [-73.88483837008451, 45.54497194408562], [-73.8852818837097, 45.546094451241764], [-73.88563112981473, 45.54684938740387], [-73.88630700119474, 45.54913809502755], [-73.88638978567016, 45.55016181402574], [-73.88643301451258, 45.550935992760806], [-73.88632322013324, 45.5515108102773], [-73.88607149945055, 45.55212366022213], [-73.88558200846924, 45.552587381761676], [-73.8851235883127, 45.5529152220417], [-73.88482755626397, 45.553126926965824], [-73.88447008112264, 45.553502833830805], [-73.88418921093768, 45.554003275603826], [-73.88423016638556, 45.5544526937651], [-73.88434728846299, 45.554951899067675], [-73.88467287937483, 45.55546278232724], [-73.88488721940062, 45.555802130521855], [-73.88499699434139, 45.55597592727415], [-73.88511367804799, 45.55616065881504], [-73.88527573490268, 45.55662564467187], [-73.88528755602485, 45.55665956277205], [-73.8852646400563, 45.556756297625746], [-73.88518360382812, 45.557098379470574], [-73.885121746953, 45.55735949963172], [-73.88478603700406, 45.55817237363997], [-73.88450261508468, 45.55864176117751], [-73.88419885317872, 45.55847372678429], [-73.88244179091372, 45.55750171837451], [-73.88219370221725, 45.557364470828766], [-73.88217279656925, 45.55735290500735], [-73.88207160463934, 45.55729613188791], [-73.88184995541525, 45.557171777074295], [-73.88170452990221, 45.55709567275436], [-73.88156678500177, 45.55702695813256], [-73.88145039184617, 45.556975156430916], [-73.8813482827692, 45.55693293965862], [-73.88111326031269, 45.556850637741945], [-73.88076406922437, 45.55673953429846], [-73.88052159469623, 45.55668185298766], [-73.88040769064988, 45.556695729876594], [-73.88026163190874, 45.55668991732523], [-73.87984522406794, 45.556610659498844], [-73.87835197264654, 45.556326426075145], [-73.87754990479131, 45.55615629706126], [-73.87739124086428, 45.55612264201273], [-73.87724754686782, 45.55608712324047], [-73.87720257931898, 45.5560665755283], [-73.8771742385148, 45.556042373561986], [-73.87715094280125, 45.556006457077046], [-73.87682250324227, 45.55592565598435], [-73.87673546710664, 45.555934941406406], [-73.87662396898389, 45.55592541087965], [-73.87642324910392, 45.55587080190124], [-73.87637888041957, 45.55585873103608], [-73.8759040748971, 45.55572531918773], [-73.87545172089516, 45.55560707927895], [-73.87537031195473, 45.55558580026553], [-73.87464782910416, 45.555380310141786], [-73.87432572911817, 45.55528868304929], [-73.87361222394568, 45.55508112062015], [-73.87347232525559, 45.5550404223259], [-73.87326824790165, 45.55497630121635], [-73.87303592781414, 45.55490237378618], [-73.87262511879929, 45.554759740935026], [-73.87236317564962, 45.554660713373615], [-73.8719932487007, 45.554501747941735], [-73.87154478637237, 45.55428094813808], [-73.87118330251334, 45.55404186727146], [-73.87087181357091, 45.553808921795934], [-73.8705149383527, 45.55349063832001], [-73.87044589518676, 45.553425863530116], [-73.87040455234988, 45.55338707521242], [-73.87027626364295, 45.553266716110144], [-73.87017084528918, 45.55316781311529], [-73.87016091847315, 45.55315795609101], [-73.87015968857732, 45.55315673450049], [-73.87014745152976, 45.5531445840818], [-73.87002903396167, 45.5530269983983], [-73.87001881074343, 45.55301724670247], [-73.86983441711378, 45.55284136269938], [-73.86970216775848, 45.55272250949066], [-73.86955867923736, 45.552593555839806], [-73.8694453287629, 45.552491685871885], [-73.86930752984446, 45.55237180453809], [-73.86924438266661, 45.55231686764682], [-73.86904949511805, 45.552142718764216], [-73.8690208703031, 45.55211714072777], [-73.86881795418856, 45.551935815095106], [-73.8687402972642, 45.55186604508477], [-73.86849973943355, 45.55164991865618], [-73.86829600473062, 45.551466872437], [-73.8682955074431, 45.5514664259221], [-73.86822017207325, 45.55139874198542], [-73.8680914488184, 45.551282015325924], [-73.867918967889, 45.551125608129375], [-73.86770027826755, 45.550927297390984], [-73.86756954603928, 45.55080874543469], [-73.86740485908044, 45.55065868230806], [-73.86725866123038, 45.55052546561533], [-73.86701363444662, 45.55030219398049], [-73.86675790205635, 45.550069164169095], [-73.86653461496758, 45.54986569816601], [-73.86637394155423, 45.54971928568272], [-73.86617578785332, 45.54951806892982], [-73.86605779566509, 45.54939825239861], [-73.86599233505648, 45.54933177979815], [-73.86583760865534, 45.549171204770175], [-73.86575067826507, 45.54906908989056], [-73.86562464524414, 45.54892104109481], [-73.86557609574447, 45.548864011892135], [-73.86547857889143, 45.548749458950404], [-73.86539954465111, 45.548666620017926], [-73.86521579508813, 45.548474021809945], [-73.86520834073438, 45.548465400916044], [-73.86510325745968, 45.54834387740932], [-73.86510095419135, 45.548341213157194], [-73.86488697368809, 45.54812683600823], [-73.864820751289, 45.54805322225531], [-73.86450483862437, 45.54770204472048], [-73.86447290109908, 45.5476665419028], [-73.86441417542416, 45.547601831264956], [-73.86437557022985, 45.54755929227358], [-73.86427832751002, 45.547455322181754], [-73.86426600027343, 45.54743536262917], [-73.86426082992025, 45.54742163231674], [-73.86425462353094, 45.54738748172255], [-73.86388757658744, 45.54706191825226], [-73.8637402158116, 45.546920583254774], [-73.86300795116374, 45.54621825334741], [-73.86257191611303, 45.54580003176073], [-73.86248970642231, 45.545722334419565], [-73.86197547996332, 45.54523632106482], [-73.86109304981885, 45.54440228189126], [-73.86058560108779, 45.543922645784086], [-73.85992554905788, 45.54329875583278], [-73.85968865120529, 45.5430701830495], [-73.85946169204453, 45.54285119774982], [-73.85919961671681, 45.54260345204477], [-73.85865907952457, 45.542092458364145], [-73.85837586777018, 45.54183353723113], [-73.85787339200235, 45.541374152895536], [-73.85779444976684, 45.541296563357996], [-73.85746363280903, 45.540971408925365], [-73.85718031874852, 45.540697401124866], [-73.85711043295704, 45.54062224924207], [-73.85704876894039, 45.54057047908772], [-73.85692781582657, 45.54046358116257], [-73.85684788675687, 45.540392938987395], [-73.85662715626444, 45.54018209182318], [-73.85648778296729, 45.540048958579106], [-73.85631936381435, 45.539888078393936], [-73.85625128050718, 45.539816772557046]]]}}, {"type": "Feature", "properties": {"district_id": "Marigot"}, "geometry": {"type": "Polygon", "coordinates": [[[-73.71021014535333, 45.56093802883758], [-73.70918505160044, 45.56146389555628], [-73.70918501688396, 45.56146386052633], [-73.70916672362279, 45.561473297287094], [-73.70867534244078, 45.561726777521656], [-73.70771384047197, 45.5622153399499], [-73.70659886557499, 45.56277615860069], [-73.70460539186259, 45.563774062591335], [-73.7015211113416, 45.565332657579404], [-73.70004926738203, 45.56608390577356], [-73.69910315138723, 45.566618259885196], [-73.69833600446614, 45.56704791489853], [-73.69819408081304, 45.567127346520245], [-73.69688353200908, 45.56786837556947], [-73.69542713638027, 45.56867802637051], [-73.69468548792089, 45.56908781676754], [-73.69388497597615, 45.569521097886856], [-73.693020498173, 45.56998507576712], [-73.69281321216545, 45.57010126486065], [-73.69214709617601, 45.5704661588943], [-73.69203142215576, 45.57035837350554], [-73.69018852759962, 45.56867607008506], [-73.68948528919029, 45.5680435719759], [-73.6894362465694, 45.56799946252248], [-73.68828628108577, 45.566965132311], [-73.68716955631741, 45.5659567887491], [-73.68702825475795, 45.565829197974935], [-73.68640813031926, 45.565269234836904], [-73.68450533859205, 45.563579737303854], [-73.68406216469144, 45.56316138083781], [-73.68380116695619, 45.562914995606555], [-73.68337180470753, 45.562541024583126], [-73.68334919109657, 45.562521327527364], [-73.68281327644173, 45.56205454012482], [-73.68256401872117, 45.56182458129358], [-73.68249605089622, 45.56180129421593], [-73.68248995378194, 45.56179824992019], [-73.68236128868523, 45.56172142421445], [-73.68182805451256, 45.562012020686474], [-73.6816809933339, 45.56209054020574], [-73.68139068955855, 45.56224037393972], [-73.68130244002128, 45.562283706053044], [-73.6811361133191, 45.5623469582682], [-73.68101968440517, 45.56239123467464], [-73.68074076204711, 45.56249605702836], [-73.68058740434792, 45.562554534100876], [-73.68047828223501, 45.56259705902429], [-73.68019956725126, 45.562705673423814], [-73.68004220509289, 45.562768909900086], [-73.67993347771214, 45.56281857205967], [-73.67964567879835, 45.562953100222394], [-73.67938091380874, 45.56308039282086], [-73.67903685906789, 45.563250101275905], [-73.67875291598405, 45.56339002013722], [-73.67856619230479, 45.56348659435379], [-73.67836156498618, 45.5635930943874], [-73.67819660885918, 45.56368693450714], [-73.67812756714775, 45.563729334359145], [-73.67804701598446, 45.56377805094266], [-73.67786806969215, 45.56390430639413], [-73.67768016103949, 45.56403237516955], [-73.67743349383252, 45.5642145249187], [-73.67729674834446, 45.56431821807536], [-73.67711780713965, 45.56444717183167], [-73.67690051000208, 45.56460048020817], [-73.67654260625741, 45.56485298721621], [-73.67613866559267, 45.565132559082784], [-73.67590097287666, 45.56532009064856], [-73.67565825527237, 45.56554002343607], [-73.67548964466144, 45.56569775339045], [-73.67533004821796, 45.565870766420694], [-73.67521008592038, 45.56601852311274], [-73.67498563583358, 45.566347306229005], [-73.67477014241547, 45.566673375683564], [-73.6745928760388, 45.56693369848685], [-73.67436330821141, 45.56726698731338], [-73.67427528191293, 45.56738679941715], [-73.67420382625875, 45.56747959119534], [-73.67400203569606, 45.567682361136306], [-73.6736316485902, 45.56805185616662], [-73.67328682119131, 45.56840241471486], [-73.67294199226721, 45.568753872035415], [-73.66748367833995, 45.56673347663859], [-73.66764030169085, 45.56641383766677], [-73.66836865547738, 45.56523139533096], [-73.66995570719365, 45.56367382538129], [-73.67141591025397, 45.56249027278192], [-73.67243767563285, 45.56157252066937], [-73.67353161989574, 45.56036528282586], [-73.67444283913103, 45.55918250366663], [-73.67509795358346, 45.55804834005471], [-73.67547108082437, 45.55730553907126], [-73.67547788118094, 45.55729200051325], [-73.67560705045216, 45.557034851570435], [-73.67629854903497, 45.555876438947784], [-73.67715323606056, 45.55493477313644], [-73.67835753109111, 45.553896129134365], [-73.68018333787622, 45.55273597958919], [-73.68208540926352, 45.551712718619505], [-73.68252091343633, 45.55147842003978], [-73.68522618504771, 45.55075079132845], [-73.6876398925702, 45.55040933008755], [-73.68798138511293, 45.55033709854013], [-73.68827967763686, 45.55027400302462], [-73.6892486076346, 45.55006904808228], [-73.69049135216778, 45.54970532864483], [-73.69250241561667, 45.549364461406604], [-73.69469760486976, 45.54933660389773], [-73.69613183553673, 45.54933416753717], [-73.69616107002746, 45.54933411734011], [-73.69714837948743, 45.54916361928862], [-73.6980072499497, 45.54892103358801], [-73.69861364118847, 45.54867471892957], [-73.69913982656794, 45.54846097997416], [-73.6996321281271, 45.54825898127613], [-73.70020918384205, 45.54888306759311], [-73.70038290151889, 45.54907094117395], [-73.70040457870381, 45.54909438436338], [-73.70095646142657, 45.54969122615443], [-73.70448551042386, 45.553507398778564], [-73.70810881418792, 45.55742484080757], [-73.70827199016495, 45.55760365278464], [-73.70842804791417, 45.55778557294146], [-73.70857687031211, 45.55797046114656], [-73.7087183402266, 45.55815817636791], [-73.70885235075747, 45.55834857485454], [-73.70897879754469, 45.55854150835061], [-73.70909758519649, 45.55873683038264], [-73.70920862086162, 45.558934389972144], [-73.70931181808908, 45.55913403612772], [-73.70940710065781, 45.559335614238634], [-73.71016448368286, 45.56084691467853], [-73.7102096304114, 45.560937000375084], [-73.71021014535333, 45.56093802883758]]]}}, {"type": "Feature", "properties": {"district_id": "Fabreville-Sud"}, "geometry": {"type": "Polygon", "coordinates": [[[-73.78844514064933, 45.5795300644582], [-73.78836303678364, 45.57926122222269], [-73.78811949971714, 45.57849518049743], [-73.7876443036408, 45.57702695331344], [-73.78747103893862, 45.57647173536178], [-73.78735642333955, 45.57610445059995], [-73.78721260446832, 45.57554061779035], [-73.78719321451571, 45.57546897514201], [-73.78717447104252, 45.575399723517044], [-73.78715724501657, 45.57533607042653], [-73.78714299909909, 45.5752834354811], [-73.78712393579366, 45.5752129986712], [-73.78710966512241, 45.575160271100025], [-73.78708354103144, 45.5750637461062], [-73.78694490005188, 45.57455147551106], [-73.78686744443411, 45.574271936586506], [-73.78685744746505, 45.57423585413285], [-73.78678755408268, 45.57402339482226], [-73.78535300032287, 45.574880000003986], [-73.78140399904704, 45.57722799962472], [-73.77757799959024, 45.579510000331304], [-73.77594899562959, 45.58048197618214], [-73.77558285605167, 45.58070043106104], [-73.77517098987641, 45.58094616620557], [-73.77497658831005, 45.580874915086824], [-73.77463833998306, 45.58076002131571], [-73.77455411670302, 45.58073359237053], [-73.77432662209206, 45.580662204613674], [-73.7739944016086, 45.58056707454053], [-73.77398031717797, 45.5805630419847], [-73.77364628690846, 45.58047813371857], [-73.77331434101309, 45.580403218409465], [-73.77291929444652, 45.5803198820135], [-73.77259760381631, 45.580262082799244], [-73.77224339536261, 45.58021007320493], [-73.77190344706783, 45.580162314466335], [-73.77154320418622, 45.580124601880385], [-73.77115449792657, 45.580089813586106], [-73.77082282543627, 45.580070601622154], [-73.77044642807935, 45.58005720851326], [-73.77008635932829, 45.58005520341426], [-73.76973243489431, 45.58006175356329], [-73.76930067881386, 45.58007975560517], [-73.76895181409469, 45.580100734595504], [-73.7686061133211, 45.58012583170603], [-73.76826250150985, 45.58016235161842], [-73.76819985135607, 45.58017050271918], [-73.76794527936815, 45.58020362269839], [-73.76792706006167, 45.58020599329347], [-73.76753676960463, 45.580265476198214], [-73.7671709147224, 45.58033061364986], [-73.76686608682975, 45.58039560828167], [-73.76655924364502, 45.58046489179677], [-73.76623823376325, 45.58054992125199], [-73.76590503905312, 45.58063926316148], [-73.76547842222786, 45.580761676767814], [-73.76512477426239, 45.58084735482496], [-73.76479063721142, 45.58093815879107], [-73.76451713889418, 45.58101098763695], [-73.76445787144503, 45.58102676931533], [-73.7641230630582, 45.5811079455896], [-73.76378620959896, 45.581181684902475], [-73.76345005603389, 45.581243606828146], [-73.76311642913512, 45.5812979372704], [-73.7627745170061, 45.58134290236043], [-73.76242569353177, 45.58137630957964], [-73.762091728748, 45.58140384444207], [-73.76174940249072, 45.58142094685187], [-73.76140800483022, 45.581429438329465], [-73.76137788938681, 45.58142962061708], [-73.76106616085313, 45.581431511313646], [-73.76072502332592, 45.58142176688416], [-73.76038785908881, 45.5814033083161], [-73.76005017612503, 45.58137736244159], [-73.75971631592235, 45.58134056301678], [-73.75938346067697, 45.5812962233513], [-73.75904819190363, 45.58123910159267], [-73.75872663037981, 45.5811815086885], [-73.75841513776669, 45.581114992775206], [-73.75819273708909, 45.58106134202949], [-73.7580999296899, 45.58103895429779], [-73.75778710110752, 45.58095318510795], [-73.75747832115002, 45.58085977176995], [-73.75717199632453, 45.58075769839511], [-73.75707958376036, 45.580723915285596], [-73.75691052104716, 45.58066211010509], [-73.75687436323447, 45.58064889191454], [-73.75658223092901, 45.58053132054596], [-73.75628318786603, 45.580402192105964], [-73.75602144605526, 45.58028250669943], [-73.75573369997811, 45.580140125780936], [-73.75546153533907, 45.57999196297057], [-73.75544651482289, 45.57998378650084], [-73.75520112159556, 45.579835666679756], [-73.7550668575391, 45.57975068595355], [-73.75494562584457, 45.579673953530424], [-73.75470369098902, 45.57950963245429], [-73.75447059888057, 45.579340719121774], [-73.75442578803907, 45.579303960949495], [-73.75437023019516, 45.57925838854874], [-73.75424560672027, 45.579156518946924], [-73.75402938204999, 45.57896665778548], [-73.75387033254789, 45.57881860489525], [-73.75381720943277, 45.57876915483728], [-73.75359995029241, 45.57856431925746], [-73.75342383383538, 45.5784022779518], [-73.75339773587811, 45.57837826625806], [-73.75318868957962, 45.57818172610567], [-73.7529779708887, 45.57798309895943], [-73.7527642836509, 45.57778564506729], [-73.75256018029081, 45.57759429563278], [-73.75234300552923, 45.57739052823377], [-73.75232241688765, 45.577371356011334], [-73.75212757627277, 45.5771899167704], [-73.75191708952005, 45.57699449502062], [-73.7517146631164, 45.576805230659865], [-73.75119996255853, 45.576324037705334], [-73.75118572799046, 45.57631072900205], [-73.75100146799163, 45.57613846262074], [-73.75102910681474, 45.57612111432416], [-73.75126748425356, 45.575970376859956], [-73.75139917738252, 45.575887100146446], [-73.75150585912709, 45.57581963710023], [-73.75171232486522, 45.57568907479193], [-73.75172726750985, 45.57567962692692], [-73.75174423401401, 45.575668898638625], [-73.75196203611836, 45.57553300818457], [-73.7519842048257, 45.57551917566456], [-73.75222554835625, 45.575367261660546], [-73.7524653673634, 45.57521540000246], [-73.7527081575239, 45.57506236238271], [-73.75295239431647, 45.57490820434818], [-73.75319960219207, 45.574752870320424], [-73.75344818263254, 45.57459534521689], [-73.75369683569224, 45.57443889020664], [-73.75394533934629, 45.57428029428275], [-73.75419688671228, 45.57412159475896], [-73.75444126338095, 45.573969571204614], [-73.75471186400249, 45.57379949651439], [-73.7549692751351, 45.573637378137], [-73.75522523692467, 45.573476380904175], [-73.75548112192371, 45.573314311564914], [-73.7557370807781, 45.57315331228259], [-73.75599441324091, 45.57299012185208], [-73.75623840733661, 45.572832747577074], [-73.75648429733766, 45.57268066763147], [-73.75655282752612, 45.57263720662352], [-73.75674162290993, 45.57251747461949], [-73.75700039863196, 45.57235315926918], [-73.75725924435604, 45.57218991397055], [-73.75751808985692, 45.57202666718127], [-73.7577752625689, 45.571861332365074], [-73.75803562690825, 45.57169803237521], [-73.7583194641851, 45.57152106244759], [-73.75857830226285, 45.57135781415293], [-73.75873048212118, 45.57126171212279], [-73.75883858784812, 45.571193442595685], [-73.75909742291186, 45.57103019222213], [-73.75935770546441, 45.57086581857943], [-73.759420989045, 45.570826074158184], [-73.75961951088391, 45.57070139408657], [-73.75987225034162, 45.57053835105964], [-73.76014441272083, 45.57036927935316], [-73.76040613684698, 45.570203783326996], [-73.76066641176652, 45.570039407595175], [-73.76092516209845, 45.56987508423858], [-73.76118550812183, 45.56971177615309], [-73.76144889876699, 45.56954836421927], [-73.76171562931516, 45.56938912464437], [-73.76198570236352, 45.56923405829923], [-73.76225744401056, 45.56908107779205], [-73.7625326023734, 45.56893333930636], [-73.76281529905248, 45.56878427085505], [-73.76309699170149, 45.56864274011239], [-73.76336861898687, 45.56851013032436], [-73.76341298667698, 45.56848940295841], [-73.7636509778159, 45.568378223084686], [-73.76382690091161, 45.56829606891101], [-73.76395413449892, 45.568238097507454], [-73.76424195484424, 45.56811033520868], [-73.76424729884793, 45.568107961685655], [-73.76453284148374, 45.56798651624763], [-73.7645571382744, 45.567976182089986], [-73.7646891925616, 45.567920666941816], [-73.76484038468291, 45.56785710595904], [-73.76495212288862, 45.567812337517644], [-73.76514182796313, 45.56773633299669], [-73.76544653989353, 45.567618662363614], [-73.7657515474477, 45.56750526983325], [-73.76606134545678, 45.56739492746081], [-73.76637296346902, 45.56728881011724], [-73.76669226823377, 45.56718350002325], [-73.76695349263028, 45.56710250868888], [-73.76697614268778, 45.56709548654945], [-73.76731241701229, 45.56699280936206], [-73.7676249983505, 45.56690059146194], [-73.76794641566057, 45.56680378172762], [-73.76825609749262, 45.56671380678332], [-73.76856418235941, 45.566622813441754], [-73.76887219066886, 45.56653075044618], [-73.76918034653687, 45.56644082427447], [-73.7694854567696, 45.566351003436424], [-73.7697726657725, 45.56626715755802], [-73.77007777538748, 45.566177333336825], [-73.77039049498958, 45.56608724733203], [-73.7707029163311, 45.565992883369155], [-73.77100802168809, 45.56590305666887], [-73.77131015450011, 45.56581440509546], [-73.77161518358773, 45.56572350794973], [-73.77190817807225, 45.56563516806527], [-73.7722133539084, 45.56554640877362], [-73.77251853006125, 45.565457648664484], [-73.77282210539234, 45.565367870250896], [-73.77312720268982, 45.56527803879919], [-73.77343222592981, 45.56518713770635], [-73.7737357983347, 45.5650973559673], [-73.77403944542885, 45.565008643142775], [-73.77434301718864, 45.5649188615883], [-73.77464666235475, 45.56483014625158], [-73.77495023089858, 45.56474036308823], [-73.77525380102982, 45.564650578212984], [-73.77555736890972, 45.56456079253499], [-73.77586108335846, 45.56447314459905], [-73.77616320081304, 45.56438447840389], [-73.77646524289489, 45.56429474258842], [-73.77671371924176, 45.56422212639501], [-73.77688364404051, 45.56417246676866], [-73.77722208816704, 45.56407355599193], [-73.7785934334064, 45.563669304376965], [-73.77889554223003, 45.56358063186314], [-73.77919917169685, 45.56349190534148], [-73.77949975572176, 45.56340328174485], [-73.77980330879922, 45.5633134856988], [-73.78010389220196, 45.56322486141091], [-73.78041201066988, 45.563134904077444], [-73.78071700919648, 45.56304398175782], [-73.78102512569951, 45.56295402457209], [-73.78133765948323, 45.562861767397806], [-73.78164866939356, 45.56276956441452], [-73.78195830574832, 45.56267955056928], [-73.78226482215523, 45.56258857177186], [-73.78257582902245, 45.56249636446749], [-73.78289582031694, 45.56240170271484], [-73.78320849833878, 45.56231158076013], [-73.78352848751015, 45.56221691633742], [-73.78383050617326, 45.56212716106966], [-73.78397557354876, 45.56208463162611], [-73.78414158120137, 45.56203601922768], [-73.78444511945781, 45.56194620816147], [-73.78475307481071, 45.56185410059853], [-73.78506414939656, 45.56176295714055], [-73.78537674322904, 45.56167175864794], [-73.78568918814726, 45.561578421665295], [-73.78600178250471, 45.56148722235768], [-73.78631277713674, 45.561395003991166], [-73.78662529229182, 45.56130273416994], [-73.78693788231456, 45.56121153230694], [-73.78725039541314, 45.561119258977925], [-73.78755841625399, 45.561028211776396], [-73.78787252475806, 45.56093695493771], [-73.78818648295952, 45.56084355780749], [-73.78849899324581, 45.56075128196324], [-73.7888115025009, 45.56065900436524], [-73.78894613056201, 45.56062004573571], [-73.7891255322465, 45.5605666743712], [-73.78943803945013, 45.56047439596103], [-73.78974163418583, 45.56038563965485], [-73.79005413808945, 45.560293359564476], [-73.79036671692886, 45.56020214833], [-73.79068515796203, 45.560107516349085], [-73.79099606385601, 45.5600142155318], [-73.79130704085911, 45.55992198448811], [-73.79149284524365, 45.559867348600584], [-73.79162106237867, 45.55982964674229], [-73.7919365296473, 45.55973618684274], [-73.79225055036989, 45.5596438464655], [-73.79256304602593, 45.55955155951995], [-73.7928755406506, 45.55945927082077], [-73.79318955700558, 45.5593669287685], [-73.7935035710473, 45.55927458585739], [-73.79381758661853, 45.559182242077554], [-73.79412398613346, 45.55909015999776], [-73.7944484294793, 45.558994237784816], [-73.79476396339234, 45.55890183889396], [-73.79500168011148, 45.55883142960292], [-73.79750144524718, 45.558095154072596], [-73.79881008274884, 45.557709681337236], [-73.80061022640507, 45.55717939650167], [-73.80165688400562, 45.55687105624584], [-73.80170604386565, 45.55685594057233], [-73.802533125324, 45.55659461335539], [-73.80283957135352, 45.55650357763431], [-73.8031324660682, 45.55641515507684], [-73.80343449455847, 45.55632641415963], [-73.80378890071096, 45.55622299093351], [-73.80404760585894, 45.556147545276175], [-73.80435564458814, 45.55605752165399], [-73.80466817405876, 45.55596626864599], [-73.80497179531787, 45.55587854162121], [-73.80528584415431, 45.55578723337311], [-73.80559989197957, 45.55569592606243], [-73.80622889066068, 45.55552614167126], [-73.80653829516069, 45.55543392009304], [-73.80684609846139, 45.5553406806635], [-73.80714050343384, 45.55525219426248], [-73.80744099671507, 45.5551634963515], [-73.80773547354983, 45.55507607902447], [-73.8080255328904, 45.55499095752958], [-73.80830813211591, 45.55490823819445], [-73.80835530244164, 45.55489462414865], [-73.80859529580441, 45.554825360055204], [-73.80869975546028, 45.55479452571793], [-73.80871495100114, 45.554790040368076], [-73.80887933966854, 45.5547415169068], [-73.80900142359576, 45.55470607967226], [-73.80919443470523, 45.554883697767636], [-73.80920497663053, 45.55489339735046], [-73.81066097242787, 45.55623322546688], [-73.81144661229521, 45.55695614789546], [-73.81551001040584, 45.56069668962002], [-73.81892083646778, 45.5638360114942], [-73.81900421419428, 45.56390531963498], [-73.81901533122354, 45.56391553859499], [-73.81834025989654, 45.56423250485792], [-73.8183160751429, 45.56424386066365], [-73.81762650075751, 45.564567628049865], [-73.81610876299118, 45.565307901762], [-73.81623733288264, 45.56543951188369], [-73.81675867299639, 45.56597317497419], [-73.81681098600384, 45.5660267229595], [-73.81690376912094, 45.56612364760155], [-73.81698498750644, 45.56621430542452], [-73.81703657447538, 45.5662753509301], [-73.81705356248672, 45.56633469277777], [-73.8170616994502, 45.56641475535359], [-73.81706228666249, 45.56651913437977], [-73.81705502505199, 45.56682239832569], [-73.81705523829655, 45.56690015501833], [-73.81705745928082, 45.567710526854185], [-73.81707195642154, 45.567782473260024], [-73.81710049007859, 45.56784448253752], [-73.81714315142992, 45.56791275141758], [-73.8172101792881, 45.56798545178744], [-73.81729648478141, 45.56806889656974], [-73.81650693093714, 45.56845801504745], [-73.81575190120692, 45.568837134458], [-73.81401437385372, 45.5697048634866], [-73.81245052797965, 45.57048120794739], [-73.81186516463217, 45.57077412649254], [-73.81162412179538, 45.57089474276373], [-73.81157796758744, 45.57091783868352], [-73.81131605794758, 45.5710488961807], [-73.81110994559616, 45.57115203229901], [-73.81188399980572, 45.57191399993268], [-73.81432000045208, 45.57437800058254], [-73.8143981385502, 45.57475655722511], [-73.81442876143568, 45.574904911914125], [-73.81370197357319, 45.57526488566032], [-73.81352177939883, 45.57534906470698], [-73.8133749029528, 45.57543405190705], [-73.81316934720655, 45.57556599105024], [-73.8129830097783, 45.575697877167954], [-73.81270742078443, 45.575909192522296], [-73.81221720044692, 45.57623447280446], [-73.8117755594733, 45.576540721926214], [-73.81145512096882, 45.57675305645397], [-73.81106039858692, 45.576971891191306], [-73.81054805957005, 45.577239635256326], [-73.81033335281936, 45.57734099985818], [-73.80946656317013, 45.57769788488386], [-73.80783182882504, 45.57834574681985], [-73.80725588659892, 45.578573989159786], [-73.80641710148494, 45.578903780702355], [-73.80610762863849, 45.57901798912013], [-73.80580189605153, 45.579113290229046], [-73.80536690540556, 45.57923863054161], [-73.80494457551639, 45.57933604063191], [-73.80444791975576, 45.57943274743504], [-73.80396267811638, 45.5795078257589], [-73.80367583000118, 45.579541882400896], [-73.80336846984781, 45.579574193133915], [-73.80318915002788, 45.579588166664166], [-73.80298416389248, 45.57959500934], [-73.80277146527168, 45.57959737293357], [-73.80251900050374, 45.57959174296541], [-73.80223572967597, 45.579576295804266], [-73.80194345079386, 45.57955367310132], [-73.80164983776741, 45.57952115503064], [-73.80138051339549, 45.57947777415522], [-73.80098671848407, 45.5794014269092], [-73.80008356908905, 45.57920404039862], [-73.79983340564775, 45.579148907733135], [-73.79958972129462, 45.57910725499621], [-73.79940378474467, 45.5790816473643], [-73.79917047136571, 45.579062462331486], [-73.79901703387463, 45.57905188611931], [-73.79874361504072, 45.57903298515066], [-73.7984846891333, 45.57901656518793], [-73.79811557574133, 45.57900223190237], [-73.79787852370636, 45.579002850274314], [-73.79709930348567, 45.578976084876004], [-73.79672769905943, 45.57897525105296], [-73.79618693594122, 45.57897125540692], [-73.79518460443522, 45.57891536077008], [-73.79502694523157, 45.57890586990456], [-73.79494999764482, 45.57889347096541], [-73.79488837459895, 45.57887113427324], [-73.7939823827836, 45.57885997191989], [-73.79297266201198, 45.57886076625869], [-73.79272378687318, 45.57887216173756], [-73.79255631355439, 45.578879829895854], [-73.79242950093295, 45.57888825306925], [-73.79231293448863, 45.5788957500528], [-73.79195178199186, 45.57893356669185], [-73.79154076763334, 45.578993105400315], [-73.79037193143797, 45.57919944422994], [-73.79024903140456, 45.5792213525048], [-73.78865130377292, 45.57950254878146], [-73.78844514064933, 45.5795300644582]]]}}, {"type": "Feature", "properties": {"district_id": "Laval-des-Rapides"}, "geometry": {"type": "Polygon", "coordinates": [[[-73.71133758790535, 45.56318758743138], [-73.71120616418678, 45.56292536971436], [-73.7102096304114, 45.560937000375084], [-73.71016448368286, 45.56084691467853], [-73.70940710065781, 45.559335614238634], [-73.70931181808908, 45.55913403612772], [-73.70920862086162, 45.558934389972144], [-73.70909758519649, 45.55873683038264], [-73.70897879754469, 45.55854150835061], [-73.70885235075747, 45.55834857485454], [-73.7087183402266, 45.55815817636791], [-73.70857687031211, 45.55797046114656], [-73.70842804791417, 45.55778557294146], [-73.70827199016495, 45.55760365278464], [-73.70810881418792, 45.55742484080757], [-73.70448551042386, 45.553507398778564], [-73.70095646142657, 45.54969122615443], [-73.70040457870381, 45.54909438436338], [-73.70038290151889, 45.54907094117395], [-73.70020918384205, 45.54888306759311], [-73.6996321281271, 45.54825898127613], [-73.70067425536337, 45.54783137093878], [-73.70191619508239, 45.5472746935961], [-73.7031174193824, 45.5468002481401], [-73.70363326638646, 45.54659649857794], [-73.7045092845529, 45.54604038343351], [-73.70571469613667, 45.545507746636815], [-73.70670051793356, 45.544975634090626], [-73.70779560413077, 45.544298467586906], [-73.7086716321743, 45.543766432299535], [-73.7092748250742, 45.543176350617415], [-73.70943707623839, 45.54301760999826], [-73.71016544012032, 45.54212419110822], [-73.71107667779829, 45.541230408975686], [-73.711988612609, 45.54052946495172], [-73.71221803374569, 45.540416966049605], [-73.71223051994347, 45.54041084285614], [-73.71267491746516, 45.54068534224973], [-73.7129574713884, 45.54086290082832], [-73.71316126243754, 45.54099775185874], [-73.71333380864613, 45.54111266199733], [-73.71339096744306, 45.54115673993933], [-73.71353307307186, 45.54126632380789], [-73.71374085963079, 45.54142651923545], [-73.71389106854596, 45.541547928446995], [-73.71408770961735, 45.541723509720946], [-73.7142890021782, 45.541914089406795], [-73.71430634155473, 45.54193050589895], [-73.71449792465734, 45.542121267194965], [-73.71463647326128, 45.542259682627744], [-73.71504376882223, 45.542681982141424], [-73.71508300004606, 45.54272265829454], [-73.71514959876154, 45.54279170963879], [-73.71572439264528, 45.54338649664824], [-73.7162336884187, 45.543915964082856], [-73.71661015585703, 45.54431057067881], [-73.71688591934816, 45.54459388289877], [-73.71714347465684, 45.54485637354081], [-73.71754344843657, 45.54525982809515], [-73.71827355189438, 45.54600478128621], [-73.71847053853149, 45.546207145046274], [-73.71867854742675, 45.54641767856984], [-73.71883947835057, 45.546580560192325], [-73.71943058156475, 45.547167274878056], [-73.71997395109125, 45.5477030765645], [-73.72035381777897, 45.54807932985925], [-73.7203775470821, 45.548102833692205], [-73.7205830004364, 45.54830633009178], [-73.72089572881745, 45.54861625378492], [-73.72131751067731, 45.54902538914324], [-73.72158046093983, 45.54927696661491], [-73.72187577229565, 45.54955531822288], [-73.72213806717694, 45.54979726831823], [-73.72252029421792, 45.550141276668036], [-73.72327204653209, 45.55079970610562], [-73.72391821976463, 45.551342721258294], [-73.72441082725842, 45.55175590028373], [-73.72443680969874, 45.55177769364411], [-73.7247424604927, 45.552034056923716], [-73.72514969055071, 45.552376302861376], [-73.72534571059255, 45.55254103973216], [-73.72544907476376, 45.552627907447594], [-73.72545683547418, 45.55263442943459], [-73.72566076072485, 45.55280580983609], [-73.72590680988826, 45.55301078290753], [-73.72672304656007, 45.55369594614254], [-73.72743074990461, 45.554289381649895], [-73.72816930898611, 45.55490963815423], [-73.72826175942964, 45.55498904116016], [-73.72878153315952, 45.55543089381611], [-73.72905600660415, 45.55566421716642], [-73.72937582295084, 45.55594279058666], [-73.72961201569119, 45.55615203247523], [-73.72962227268832, 45.556161119985596], [-73.72997715847085, 45.556475508408106], [-73.73039852623603, 45.556854611827355], [-73.73092682490532, 45.55734585719998], [-73.73133647113534, 45.55773178894486], [-73.73171518520277, 45.55808560206263], [-73.73175535364545, 45.5581231291584], [-73.73179214037117, 45.55815749748406], [-73.73194651805534, 45.55830172273966], [-73.73214546521865, 45.55848684647506], [-73.73241140900012, 45.558736157332035], [-73.73283399258301, 45.55913236489402], [-73.7334622205808, 45.55972204255209], [-73.73391596237839, 45.56014934631729], [-73.73434451130005, 45.56054320270979], [-73.73487607579679, 45.561036464528854], [-73.73513825744273, 45.561279700984045], [-73.73516164894536, 45.56130140181991], [-73.73599628734685, 45.56207571174956], [-73.73669136778027, 45.562726346328276], [-73.73681644552555, 45.562843415521925], [-73.73688625219089, 45.56290875258575], [-73.7369487258171, 45.56296722648803], [-73.73703727996046, 45.56305011001988], [-73.73704541199918, 45.563057758828755], [-73.73678282770442, 45.56319618671522], [-73.73672429552435, 45.563227043641035], [-73.73628646081421, 45.56345785759348], [-73.7355130034746, 45.563854776887126], [-73.7354307603318, 45.563898168117625], [-73.73476141410502, 45.5642393677497], [-73.73430241903885, 45.56450112591828], [-73.73287312877935, 45.565274520040305], [-73.73272850166144, 45.56535277633308], [-73.73254837869105, 45.5654429456118], [-73.73203647943463, 45.565717468355835], [-73.7290645150209, 45.567326968968295], [-73.72891522578385, 45.56740463316336], [-73.72764298405491, 45.56808657004527], [-73.72754596359152, 45.56814073801504], [-73.72452901939378, 45.56981141342736], [-73.72361449710553, 45.57031166678019], [-73.72354410539526, 45.57035017160663], [-73.72299365658226, 45.570651265074545], [-73.72156704926348, 45.571439546040914], [-73.72153754436097, 45.57145584883606], [-73.72144287781607, 45.571504266094465], [-73.72131044985137, 45.57138986518914], [-73.72127024886439, 45.57135513664879], [-73.72121799961398, 45.57131000056952], [-73.72046869484137, 45.57066888871743], [-73.720228408676, 45.57046329326615], [-73.72013301120914, 45.57038776343135], [-73.72013172882932, 45.57038056994203], [-73.71971500055112, 45.57002400012551], [-73.71829700079451, 45.56880799968011], [-73.71677799959444, 45.56750400025584], [-73.71571700038604, 45.5675040002855], [-73.71444999963306, 45.56620299922174], [-73.71317399900224, 45.56490400003676], [-73.71184800008892, 45.56357099964192], [-73.71133758790535, 45.56318758743138]]]}}, {"type": "Feature", "properties": {"district_id": "Saint-Bruno"}, "geometry": {"type": "Polygon", "coordinates": [[[-73.71304292159343, 45.62045139730192], [-73.71173133301907, 45.61928904685407], [-73.71165591326667, 45.61927707586859], [-73.7115891158351, 45.61924570573876], [-73.71106166303132, 45.61878957043265], [-73.70965672506074, 45.61753330235048], [-73.70978341935728, 45.61746648271627], [-73.71005085125587, 45.617316620352696], [-73.71011216033962, 45.6172526200293], [-73.71015423903745, 45.61718955487463], [-73.71046771808113, 45.617009912582766], [-73.71064962292797, 45.6168918729871], [-73.71075053968823, 45.61679169379247], [-73.71117258318127, 45.616582423140265], [-73.71188657327025, 45.61617225202436], [-73.71251598978974, 45.61579135662095], [-73.7128616251251, 45.6155746650702], [-73.7130121886855, 45.615447599037616], [-73.7132640932258, 45.6152653643345], [-73.713507017374, 45.615082246028535], [-73.71370899878718, 45.61492259926026], [-73.71380382261304, 45.61490712480225], [-73.71389983621063, 45.6148673527505], [-73.71400599764124, 45.61479876719346], [-73.71525939461775, 45.61363923666834], [-73.716760572463, 45.61224526755646], [-73.71686278891781, 45.612153291324496], [-73.71706980589494, 45.611974732627175], [-73.71748132037256, 45.61163021645005], [-73.71785463489687, 45.611355058226266], [-73.71820123798814, 45.611135739007004], [-73.71857352575142, 45.6109280673276], [-73.7189305516862, 45.61075281741621], [-73.71923261383407, 45.61062086352953], [-73.71950142804793, 45.61051146838235], [-73.71987529132424, 45.61038117446152], [-73.72023001320231, 45.6102743116971], [-73.72034990178255, 45.61024226985982], [-73.72047079433356, 45.6102099596104], [-73.7206372919391, 45.610165546683376], [-73.72088452844294, 45.61011287899646], [-73.72130091373806, 45.61003828740241], [-73.72170325891116, 45.60997991841016], [-73.72354409928238, 45.609776149455], [-73.72488951797706, 45.60962719977476], [-73.72554268229791, 45.60955488341979], [-73.7259194180181, 45.60950644821989], [-73.72618589928435, 45.60945912995127], [-73.72623572026214, 45.60944850962978], [-73.72657787724982, 45.609375569172435], [-73.72697871232171, 45.609263195006456], [-73.72741786928387, 45.609116549748265], [-73.72773343698529, 45.608992389344905], [-73.72774427623024, 45.60898812415543], [-73.72807316190674, 45.60883899667057], [-73.72844674574492, 45.60864748701692], [-73.72905217613028, 45.60832601748442], [-73.72910807179957, 45.6082963380001], [-73.73016481415092, 45.60773521366419], [-73.7302097183063, 45.60771099163482], [-73.73098862010588, 45.60729083622435], [-73.73162436966608, 45.60694671502036], [-73.73203621450077, 45.60671282412333], [-73.73229207967412, 45.60658272908461], [-73.73250445300627, 45.60678655773063], [-73.7330296432079, 45.60728436507007], [-73.73327398897955, 45.60751596587484], [-73.73347276072674, 45.60770436953831], [-73.73358068635434, 45.6078066643646], [-73.73363836775425, 45.607861336853], [-73.73371230654782, 45.607932312405055], [-73.73393747329881, 45.60814845598658], [-73.73410879740075, 45.60831291185372], [-73.73416052692453, 45.608362568040015], [-73.73449055513306, 45.60867936247794], [-73.73514439121547, 45.609306967501844], [-73.73534249788776, 45.609497337142955], [-73.73541735012309, 45.60956926620502], [-73.73543123312044, 45.609582606314774], [-73.73569662173489, 45.60983762684714], [-73.73582926329021, 45.60997772600608], [-73.73593619982842, 45.61010258105217], [-73.73607161060853, 45.61029126481952], [-73.73605001527952, 45.61033900023199], [-73.73605530969101, 45.61037858164491], [-73.7360696164464, 45.610427142696125], [-73.73615105235287, 45.61058534379192], [-73.73621184683323, 45.61071299341826], [-73.73627272470975, 45.61086043901156], [-73.73631292685947, 45.61096923481728], [-73.7364216706683, 45.610913220603706], [-73.73671974399332, 45.610756933428775], [-73.73677086107006, 45.610717235146375], [-73.73680275808722, 45.61068027616118], [-73.73682055208315, 45.61064334640335], [-73.73709429736718, 45.61049520710871], [-73.73742175958311, 45.610316361437626], [-73.73764556904439, 45.61018452145452], [-73.73779133815412, 45.61009243585259], [-73.73852386255464, 45.609594204643535], [-73.73925127637312, 45.60910317800709], [-73.73938170519284, 45.60902282022723], [-73.73954028128853, 45.6089289058847], [-73.74058952838085, 45.608381145196006], [-73.74105104524192, 45.60813537449939], [-73.74107017819932, 45.60812394232226], [-73.74116093250082, 45.60806076291626], [-73.74124778265366, 45.6079840942835], [-73.74132057272409, 45.607917353377566], [-73.74140225188192, 45.60783079745589], [-73.74146349178191, 45.6077613813835], [-73.74151622466258, 45.60768764789787], [-73.74151956482936, 45.60768297793476], [-73.74155770103646, 45.60760731186577], [-73.74159581010159, 45.607525347053894], [-73.74171625297514, 45.607211052766125], [-73.74177589668962, 45.60706875393174], [-73.74180757185206, 45.60698140369746], [-73.74182306539232, 45.6069471774856], [-73.7420564918384, 45.606433781862364], [-73.74233407976008, 45.60591140445501], [-73.74260222721205, 45.60544911342383], [-73.74296107424396, 45.60483016963354], [-73.74304638638961, 45.60467930131818], [-73.743049187878, 45.604674346308876], [-73.74309005375144, 45.6046086142707], [-73.7431603462953, 45.60449554986717], [-73.74317073835572, 45.604482311086116], [-73.74324987392477, 45.60438150144367], [-73.74554173611138, 45.60670032416609], [-73.74650711537788, 45.60767698755877], [-73.74816294339269, 45.60935207214324], [-73.74914125282224, 45.61033889326867], [-73.75055498919102, 45.6117648538978], [-73.7534733785323, 45.61470819235736], [-73.75522226600313, 45.61647184631469], [-73.75555997595747, 45.61681239055698], [-73.75635456050824, 45.61761362683766], [-73.75810065552552, 45.61937423669776], [-73.7598302391061, 45.62111806256524], [-73.75746499990271, 45.622070999320684], [-73.75689818400846, 45.62229935322081], [-73.7568535085327, 45.622144526417564], [-73.75668000656853, 45.621543227189456], [-73.75656540446117, 45.62115835974171], [-73.7565481815371, 45.621103572111835], [-73.75652930398958, 45.62105599848832], [-73.75651387107168, 45.62101972612172], [-73.75649331335345, 45.62097572766781], [-73.75646766884891, 45.620932336313494], [-73.75643950739095, 45.62089490204264], [-73.75641477840348, 45.620866388119794], [-73.75639261240158, 45.62084143894324], [-73.75635257006458, 45.620802841746055], [-73.75631169914944, 45.620768411681574], [-73.75626318922723, 45.62073280827024], [-73.75619768992955, 45.62069188718387], [-73.75614411773948, 45.6206622474138], [-73.7560757802207, 45.62062823697485], [-73.7560205485416, 45.62060360659059], [-73.75594693536388, 45.6205746001241], [-73.75589289223467, 45.62055639266263], [-73.75583056699216, 45.6205385537545], [-73.75575330497249, 45.62052206109663], [-73.75568919093939, 45.620511550688256], [-73.75560986986791, 45.62050273984544], [-73.75554284914034, 45.62049991406201], [-73.75545464174834, 45.620501301804765], [-73.75537747716555, 45.620506236198466], [-73.75523528101844, 45.620518864479614], [-73.75515281344272, 45.62052961803735], [-73.75507380350776, 45.620539921101766], [-73.75494950072681, 45.620558195065705], [-73.75474316646263, 45.6205847502651], [-73.75454451367393, 45.62060858850277], [-73.75440609289483, 45.62062419385731], [-73.75429458438603, 45.62063613984357], [-73.75398182137924, 45.62066383034719], [-73.75382927046616, 45.620674067468464], [-73.7536639044494, 45.62068613249087], [-73.75349984095234, 45.62070269350656], [-73.75339474772991, 45.62071552420324], [-73.75330505442238, 45.620731020132006], [-73.75323203929689, 45.620748278671044], [-73.75315648378731, 45.620770941740304], [-73.75306944402143, 45.620806227744254], [-73.75293508778165, 45.6208704128383], [-73.7527372695563, 45.620960237417094], [-73.75044982072795, 45.62199886923562], [-73.75007510758479, 45.62217334630481], [-73.74993845746073, 45.62224255659916], [-73.74987244913684, 45.622277222754576], [-73.74957207125614, 45.62243810477451], [-73.74852985566055, 45.622999496152104], [-73.74824029098625, 45.62315546687909], [-73.74670407753503, 45.62171277700222], [-73.74647030440094, 45.621492048061285], [-73.74465415370895, 45.61977716365501], [-73.74359863595429, 45.620328312286645], [-73.74215284539842, 45.62107914024513], [-73.7415103841353, 45.62140956065534], [-73.74125334581795, 45.62154175347087], [-73.74118426937729, 45.62158149159995], [-73.74111778451613, 45.62162752298819], [-73.74077776080433, 45.62188019096984], [-73.74060513307178, 45.62199483236948], [-73.74007592336274, 45.622390068777534], [-73.73993880333802, 45.62248560505153], [-73.73987902374671, 45.6225272556808], [-73.73966296824183, 45.6226833787388], [-73.73951726162227, 45.62279706217374], [-73.73942400512267, 45.62288094130971], [-73.73900547287374, 45.62325254525953], [-73.73854616246605, 45.62365707548688], [-73.73837224491012, 45.623811356119226], [-73.73755434204143, 45.62454141784982], [-73.73690006694501, 45.6251360330826], [-73.73626067317392, 45.625717107375465], [-73.73610743890202, 45.625856363260475], [-73.73606782691088, 45.62589063842352], [-73.73580718318773, 45.62612333123872], [-73.73552193397346, 45.62636137953951], [-73.73542185929418, 45.6264482469277], [-73.73535154925739, 45.62651219649171], [-73.73528666768159, 45.62657613483167], [-73.73523129434743, 45.62664195938278], [-73.73502326624964, 45.62688115393082], [-73.73488736689008, 45.62704332698596], [-73.73484516076138, 45.62709340975269], [-73.73479532998543, 45.627145890007114], [-73.73473870236197, 45.62719600237244], [-73.73468206102083, 45.62724254423767], [-73.73461269364947, 45.62728911220994], [-73.73452976867948, 45.62733927937273], [-73.73444088338735, 45.62738410115732], [-73.73424786428804, 45.62747913333444], [-73.73345879070382, 45.62785334206896], [-73.73332248445193, 45.62791909258821], [-73.73293114354856, 45.628102544528055], [-73.73257275411335, 45.62827424113786], [-73.73217341179607, 45.628467615613665], [-73.73138124990928, 45.62888314149095], [-73.73080413256099, 45.629199247037526], [-73.73061870330194, 45.62933009587581], [-73.73035662799873, 45.62953578430694], [-73.73015473001955, 45.62971705568601], [-73.72968690643019, 45.63010492114934], [-73.72902108125172, 45.630689343187285], [-73.72863886565973, 45.631001447515814], [-73.72844071682941, 45.631161112565195], [-73.72807259937392, 45.63147228695824], [-73.72778379317292, 45.63173291196221], [-73.72749124941963, 45.632021438172366], [-73.72726504789063, 45.63222344868003], [-73.72709870473697, 45.63232096032348], [-73.72690149178925, 45.63239693729407], [-73.72670935423864, 45.632459406510954], [-73.72638589739209, 45.63256457044314], [-73.72527039422827, 45.63155090081174], [-73.72339500008384, 45.629846603370495], [-73.71577165801365, 45.62292830751311], [-73.71541576324348, 45.622605272787496], [-73.71304292159343, 45.62045139730192]]]}}, {"type": "Feature", "properties": {"district_id": "Saint-Martin"}, "geometry": {"type": "Polygon", "coordinates": [[[-73.76079807166572, 45.5469163634064], [-73.76083854362466, 45.54684731924862], [-73.76083862368046, 45.54684718409039], [-73.76087305361219, 45.546788419947546], [-73.76111940942941, 45.54633703909813], [-73.7611969418552, 45.546211789092624], [-73.76125927350866, 45.54611985874526], [-73.76129744834638, 45.54606578034848], [-73.76131990655361, 45.546034499254056], [-73.76133525184606, 45.546013109232206], [-73.76133554068228, 45.54601270634455], [-73.76137378694618, 45.54595942591272], [-73.76141326014516, 45.54591253599751], [-73.76146552464867, 45.54586381351932], [-73.7615961224321, 45.54575077131968], [-73.7617614652846, 45.54560760201828], [-73.76177893582285, 45.54559221707298], [-73.76202645826889, 45.54537423019247], [-73.76233411838076, 45.54510327977539], [-73.76265894265063, 45.54482256271858], [-73.76290935596722, 45.54460614736109], [-73.76291196317631, 45.54460393046199], [-73.7631753196544, 45.54438001517923], [-73.76319182246029, 45.54436597659991], [-73.763398137863, 45.54419055572318], [-73.76372185675854, 45.543915328050744], [-73.76380844600044, 45.54384169604044], [-73.76393869825542, 45.543730976198056], [-73.76396644525349, 45.54370157470709], [-73.76399735707024, 45.5436687321182], [-73.76409619552646, 45.543552427412806], [-73.76420428959854, 45.54342519789058], [-73.76429820479201, 45.54331465254958], [-73.76446471158317, 45.54311872634452], [-73.76450957035354, 45.54306970015213], [-73.76455134588618, 45.54302404287268], [-73.76475141474681, 45.542792184507675], [-73.76486476612439, 45.54266080380863], [-73.76497812209271, 45.54252942208356], [-73.7650770831834, 45.54241472423009], [-73.76514798258934, 45.54233257194163], [-73.765204707785, 45.542266834947874], [-73.76526953174016, 45.54219172351356], [-73.76531337796176, 45.54214090057455], [-73.76531785472879, 45.54213572601237], [-73.7653269849459, 45.54212509842743], [-73.76533809834619, 45.542113302746024], [-73.76539579442783, 45.54205206438447], [-73.76539583012168, 45.54205203010774], [-73.76548889116802, 45.54197265789984], [-73.76548893582121, 45.54197262270242], [-73.76552650108746, 45.54194229726749], [-73.76572200418614, 45.54178426680441], [-73.76575841073374, 45.54175484472443], [-73.76589256838605, 45.54164645130391], [-73.7659580940702, 45.541593411740955], [-73.7661310985297, 45.541453579062214], [-73.7661420360307, 45.541444733377055], [-73.76614658465691, 45.541441246708764], [-73.76631789935709, 45.54130986085205], [-73.76638841606811, 45.54125580878423], [-73.76639007970604, 45.54125450374018], [-73.76653480235008, 45.54114351498291], [-73.76669792785033, 45.541018406923854], [-73.7668093307867, 45.54093296909123], [-73.76712221745824, 45.54066267003362], [-73.767160606466, 45.54062954813332], [-73.76723487034735, 45.54056538969889], [-73.7672840990816, 45.54052288858945], [-73.76751318517982, 45.54032492354419], [-73.76751329102923, 45.540324832412736], [-73.7675944824589, 45.540434422397865], [-73.76965473087449, 45.54252543955881], [-73.76993765976482, 45.54281257788216], [-73.77014795167564, 45.543004825824404], [-73.77030715398959, 45.54314437385301], [-73.77042557242369, 45.54324415543956], [-73.77060106679022, 45.54338942343905], [-73.77083376644329, 45.543580267261994], [-73.77107866071418, 45.54377684062249], [-73.7713072246432, 45.543959144833416], [-73.77146222512327, 45.54407593533996], [-73.77159673946014, 45.54416667907848], [-73.77177609835651, 45.544315445424566], [-73.77215086914309, 45.54448912149593], [-73.77228648452537, 45.544537197838366], [-73.77240016138126, 45.544572638639295], [-73.77249345863696, 45.54459741448736], [-73.77274329813835, 45.54465327849554], [-73.7728253556609, 45.544673778788656], [-73.77337715654292, 45.54481553000695], [-73.77412345738406, 45.544997064375565], [-73.7742829080435, 45.54503834586787], [-73.77488946857035, 45.545207922497866], [-73.77525844456679, 45.54532646031086], [-73.77535859552377, 45.545366692689214], [-73.77552161686981, 45.54544486703757], [-73.77569651323313, 45.54552658304439], [-73.77574916012684, 45.545552644813164], [-73.77580012319068, 45.545581091590236], [-73.77589019233595, 45.54563801371259], [-73.7760482489923, 45.54574000716897], [-73.77615196459762, 45.54581594294362], [-73.77623868678917, 45.545881206265065], [-73.77645302469716, 45.54605924949398], [-73.77656979596104, 45.54615263171088], [-73.7766145817152, 45.54618385107581], [-73.77667405796419, 45.54622061022984], [-73.77671824049432, 45.546247882532754], [-73.77676414069649, 45.54627991259099], [-73.77711712105594, 45.546588734628266], [-73.7772335732997, 45.54669857493804], [-73.7772734704747, 45.54674076051275], [-73.77734483033129, 45.546816212224115], [-73.77749506313945, 45.546772992676836], [-73.77757490992, 45.5467489908179], [-73.77781851499614, 45.54667602119369], [-73.77789292182852, 45.54664822333482], [-73.77796188421252, 45.546615675841664], [-73.7780173077203, 45.546586019137955], [-73.77807406259474, 45.54655159723247], [-73.77841560446755, 45.546458653576714], [-73.77852089855375, 45.546429316889935], [-73.77863186559678, 45.546394762515355], [-73.77876583110319, 45.54635158097044], [-73.77895968305218, 45.54627866912048], [-73.77938012917981, 45.5461003738473], [-73.77962295115354, 45.5459998978817], [-73.77979164853136, 45.54593019741326], [-73.78019418772155, 45.5457573420091], [-73.78068618765505, 45.545548271940774], [-73.78150982560251, 45.545165919390655], [-73.78161376750398, 45.54511766681414], [-73.78165720884707, 45.54509776330819], [-73.78248375194254, 45.54469619492775], [-73.78312506055326, 45.5443868631279], [-73.78343676628751, 45.544235817421665], [-73.78431819865048, 45.54380440488709], [-73.78454173901308, 45.543693168370915], [-73.78475545680905, 45.543586054657275], [-73.78480326263583, 45.54356209520312], [-73.7853158065661, 45.54330520764706], [-73.7855891750864, 45.54317224852193], [-73.78636084138091, 45.54279337503619], [-73.78702170463548, 45.542464403477126], [-73.78749934406112, 45.54222663431937], [-73.7877708674704, 45.54209146819044], [-73.78884246767464, 45.541549761229724], [-73.79121371068607, 45.54347659070012], [-73.79128821527168, 45.54352139258385], [-73.79139290097, 45.543571231207714], [-73.79224300555688, 45.54317431642556], [-73.79338744732947, 45.54260808495792], [-73.79451283678287, 45.542076084896195], [-73.7947752538096, 45.54195667813832], [-73.79499967956114, 45.54185455667945], [-73.79616935513074, 45.54292560973351], [-73.7976623726924, 45.544292666465644], [-73.80235761419348, 45.54859122115296], [-73.80313409448995, 45.549305970848906], [-73.80854210087531, 45.554283382787155], [-73.80854609664529, 45.554287057719456], [-73.80878218472567, 45.55450432297959], [-73.80900142359576, 45.55470607967226], [-73.80887933966854, 45.5547415169068], [-73.80871495100114, 45.554790040368076], [-73.80869975546028, 45.55479452571793], [-73.80859529580441, 45.554825360055204], [-73.80835530244164, 45.55489462414865], [-73.80830813211591, 45.55490823819445], [-73.8080255328904, 45.55499095752958], [-73.80773547354983, 45.55507607902447], [-73.80744099671507, 45.5551634963515], [-73.80714050343384, 45.55525219426248], [-73.80684609846139, 45.5553406806635], [-73.80653829516069, 45.55543392009304], [-73.80622889066068, 45.55552614167126], [-73.80559989197957, 45.55569592606243], [-73.80528584415431, 45.55578723337311], [-73.80497179531787, 45.55587854162121], [-73.80466817405876, 45.55596626864599], [-73.80435564458814, 45.55605752165399], [-73.80404760585894, 45.556147545276175], [-73.80378890071096, 45.55622299093351], [-73.80343449455847, 45.55632641415963], [-73.8031324660682, 45.55641515507684], [-73.80283957135352, 45.55650357763431], [-73.802533125324, 45.55659461335539], [-73.80170604386565, 45.55685594057233], [-73.80165688400562, 45.55687105624584], [-73.80061022640507, 45.55717939650167], [-73.79881008274884, 45.557709681337236], [-73.79750144524718, 45.558095154072596], [-73.79500168011148, 45.55883142960292], [-73.79476396339234, 45.55890183889396], [-73.7944484294793, 45.558994237784816], [-73.79412398613346, 45.55909015999776], [-73.79381758661853, 45.559182242077554], [-73.7935035710473, 45.55927458585739], [-73.79318955700558, 45.5593669287685], [-73.7928755406506, 45.55945927082077], [-73.79256304602593, 45.55955155951995], [-73.79225055036989, 45.5596438464655], [-73.7919365296473, 45.55973618684274], [-73.79162106237867, 45.55982964674229], [-73.79149284524365, 45.559867348600584], [-73.79130704085911, 45.55992198448811], [-73.79099606385601, 45.5600142155318], [-73.79068515796203, 45.560107516349085], [-73.79036671692886, 45.56020214833], [-73.79005413808945, 45.560293359564476], [-73.78974163418583, 45.56038563965485], [-73.78943803945013, 45.56047439596103], [-73.7891255322465, 45.5605666743712], [-73.78894613056201, 45.56062004573571], [-73.7888115025009, 45.56065900436524], [-73.78849899324581, 45.56075128196324], [-73.78818648295952, 45.56084355780749], [-73.78787252475806, 45.56093695493771], [-73.78755841625399, 45.561028211776396], [-73.78725039541314, 45.561119258977925], [-73.78693788231456, 45.56121153230694], [-73.78662529229182, 45.56130273416994], [-73.78631277713674, 45.561395003991166], [-73.78600178250471, 45.56148722235768], [-73.78568918814726, 45.561578421665295], [-73.78537674322904, 45.56167175864794], [-73.78506414939656, 45.56176295714055], [-73.78475307481071, 45.56185410059853], [-73.78444511945781, 45.56194620816147], [-73.78414158120137, 45.56203601922768], [-73.78397557354876, 45.56208463162611], [-73.78383050617326, 45.56212716106966], [-73.78352848751015, 45.56221691633742], [-73.78320849833878, 45.56231158076013], [-73.78289582031694, 45.56240170271484], [-73.78257582902245, 45.56249636446749], [-73.78226482215523, 45.56258857177186], [-73.78195830574832, 45.56267955056928], [-73.78164866939356, 45.56276956441452], [-73.78133765948323, 45.562861767397806], [-73.78102512569951, 45.56295402457209], [-73.78071700919648, 45.56304398175782], [-73.78041201066988, 45.563134904077444], [-73.78010389220196, 45.56322486141091], [-73.77980330879922, 45.5633134856988], [-73.77949975572176, 45.56340328174485], [-73.77919917169685, 45.56349190534148], [-73.77889554223003, 45.56358063186314], [-73.7785934334064, 45.563669304376965], [-73.77722208816704, 45.56407355599193], [-73.77688364404051, 45.56417246676866], [-73.77671371924176, 45.56422212639501], [-73.77646888880943, 45.56399232490464], [-73.7762828214308, 45.563817676449666], [-73.77608380723106, 45.56363087522962], [-73.77547123819065, 45.563058260158265], [-73.77493206228621, 45.562560151338346], [-73.77456284432088, 45.5622379990026], [-73.77424537309719, 45.562019202135865], [-73.77394087587854, 45.56183366712193], [-73.77363659906962, 45.56169312245922], [-73.77332985782978, 45.56157237922628], [-73.77274473027907, 45.56136591611157], [-73.77230844173654, 45.56120948599899], [-73.77202431679903, 45.56110288831695], [-73.77150642836668, 45.56091804909074], [-73.7713203305363, 45.560843805016894], [-73.77094032955017, 45.56067013911525], [-73.77069249289207, 45.56054295021732], [-73.77045223076362, 45.56039234715908], [-73.77015653593146, 45.56016808829751], [-73.7683091566667, 45.55850144996738], [-73.76782480600399, 45.558057658008615], [-73.76661356459113, 45.556947806296634], [-73.76536718884431, 45.555842112001244], [-73.76474069049434, 45.555262272299146], [-73.76449900443822, 45.55507296698001], [-73.7642342273317, 45.554875616042246], [-73.76397471435637, 45.55470794687554], [-73.76364724004557, 45.55452333711967], [-73.76323388669105, 45.55432452698344], [-73.76255229998846, 45.5540084537554], [-73.76227758133794, 45.55387410955615], [-73.76197842024334, 45.553716425036], [-73.7616701574992, 45.55352906601545], [-73.76143109663755, 45.553349646323475], [-73.76120742332196, 45.55317379028279], [-73.76007814264932, 45.55214515560102], [-73.759687133608, 45.551785212928266], [-73.75922402243138, 45.55134264406472], [-73.75906958561143, 45.5511801241765], [-73.75892670518014, 45.55102387673067], [-73.75872841160151, 45.550793068263054], [-73.75847969310887, 45.55045799261174], [-73.7584757835181, 45.550450553518], [-73.7584357651822, 45.5503744072803], [-73.7584174640386, 45.55029346346865], [-73.75812475311675, 45.5499687563509], [-73.75800284758573, 45.54983350927848], [-73.75783948575753, 45.54965228675791], [-73.75783945749163, 45.54965226702532], [-73.75726441417133, 45.54908728151325], [-73.75721814515711, 45.54904181981479], [-73.75721811688761, 45.549041799182234], [-73.75774989513108, 45.548824639932256], [-73.75778172742547, 45.54881133241684], [-73.75808854391089, 45.54868303480388], [-73.75816532549231, 45.54865093332622], [-73.75833018244411, 45.54857407457839], [-73.75861389810743, 45.548443856246216], [-73.7587658110974, 45.54837003342178], [-73.7590547107673, 45.54822962150198], [-73.75905475420664, 45.54822959890757], [-73.7591109591427, 45.548198874310046], [-73.75916332533781, 45.54816637221916], [-73.75949142602833, 45.54794335707898], [-73.75956851123495, 45.54789052354031], [-73.75966068229856, 45.547827330939704], [-73.75977104143034, 45.547751670168644], [-73.75994973981476, 45.547629172099704], [-73.75997504276319, 45.54761101251431], [-73.76020758071273, 45.547444118658795], [-73.76026980182267, 45.54739974276552], [-73.76050754819798, 45.54723017381081], [-73.76057392967186, 45.54718413076424], [-73.76063387072689, 45.54713450842737], [-73.76068105965835, 45.547086708533136], [-73.76071761627682, 45.54704190234528], [-73.76072307856676, 45.54703531927438], [-73.76072417068693, 45.547033597194726], [-73.76075738827863, 45.546981248088706], [-73.76079807166572, 45.5469163634064]]]}}, {"type": "Feature", "properties": {"district_id": "Saint-François"}, "geometry": {"type": "Polygon", "coordinates": [[[-73.54343606595681, 45.698654919186104], [-73.54176399736018, 45.698605535588115], [-73.54013012360747, 45.69885588920152], [-73.53977287857695, 45.698900440544904], [-73.53731815889032, 45.699206529042556], [-73.53549431343947, 45.69960670861263], [-73.5331384045384, 45.69995707774413], [-73.53108616337512, 45.69995766986415], [-73.52933808197058, 45.69993321543316], [-73.52762775380963, 45.699758775079516], [-73.52606955529737, 45.69935953387318], [-73.5248532864947, 45.69883530540609], [-73.52309840688802, 45.69788322883741], [-73.52313943641626, 45.69784949827292], [-73.523189674832, 45.69780819570457], [-73.5246162932815, 45.6966353122234], [-73.52515204986608, 45.69619482642766], [-73.526655001512, 45.69426564823031], [-73.52764436042716, 45.692553627939276], [-73.52834043681014, 45.69076930510572], [-73.52877435695363, 45.68950885586982], [-73.5289629924116, 45.68896088742663], [-73.52954893822773, 45.687465876827964], [-73.53017179158942, 45.68635661777331], [-73.53101479734822, 45.685295483304024], [-73.53251752762799, 45.68401725899245], [-73.5334117370588, 45.68330094303655], [-73.53356076653712, 45.68318155875575], [-73.53420359261013, 45.68266659679699], [-73.53603606640796, 45.681002438902226], [-73.53733707537017, 45.679832628797605], [-73.53773761682868, 45.67951776887326], [-73.53860309748376, 45.678837411111815], [-73.5386563827468, 45.67879552289301], [-73.5387517216002, 45.67873669666773], [-73.53957898752248, 45.67822624930526], [-73.54041577667442, 45.67770990954499], [-73.54243162649406, 45.67679297393367], [-73.54437444840505, 45.67606889568415], [-73.54629896740161, 45.67545335089458], [-73.54868173171597, 45.67482547495295], [-73.55036798915769, 45.67443897221468], [-73.55209067537061, 45.67373898155161], [-73.55417950436899, 45.67270131662324], [-73.55571818837507, 45.67154322926564], [-73.55575879247887, 45.67151570386878], [-73.55696400451397, 45.67069868424548], [-73.55875916749362, 45.66946819816588], [-73.56150686103621, 45.66763432530733], [-73.56344825648384, 45.666283126751466], [-73.56590306445675, 45.665052010740766], [-73.56894434435627, 45.66394119803124], [-73.57202205241688, 45.662661481666916], [-73.57220975890468, 45.662543785788465], [-73.57429297267142, 45.66123751076107], [-73.57637307603605, 45.660240419348], [-73.57791962104963, 45.65949904056981], [-73.58016660298202, 45.658466774599354], [-73.58094162622973, 45.65811070805128], [-73.58159149508845, 45.65787807010239], [-73.58475633179685, 45.6567450530114], [-73.5889602963392, 45.66052623670854], [-73.5893190497121, 45.660852150755325], [-73.58965662658746, 45.66114554555701], [-73.58975180558389, 45.661230791569366], [-73.59025588873897, 45.661687066473874], [-73.59065574902873, 45.66204100909494], [-73.59116713264191, 45.66248818776068], [-73.591348606284, 45.66264962848584], [-73.59152756335183, 45.66280882768863], [-73.59171370545575, 45.66297282946501], [-73.59195735917444, 45.6631875010825], [-73.59322842317508, 45.664310195569826], [-73.5938507049315, 45.664854882794586], [-73.59395947657347, 45.66492383548221], [-73.5941701094729, 45.66499032413228], [-73.59434552232915, 45.66501219434278], [-73.60175229355787, 45.671597282687955], [-73.60190163617034, 45.67155524783069], [-73.60203740016047, 45.67151512981748], [-73.60216771927979, 45.67146930267778], [-73.6023234203111, 45.6714135510791], [-73.60257766489096, 45.671316565825805], [-73.60370730487786, 45.67087331318267], [-73.60389584046138, 45.67080025674702], [-73.60724060049715, 45.66947173618073], [-73.60814809869349, 45.66910207463476], [-73.60835709744737, 45.66900855030275], [-73.61028620657164, 45.66816320252245], [-73.6109779286, 45.667857891553886], [-73.61421505576259, 45.666428994070905], [-73.61588448698703, 45.66569216218688], [-73.61693913321363, 45.66523275657465], [-73.6170807808785, 45.66517534712041], [-73.61731368068915, 45.6650800029021], [-73.61797326458992, 45.66483069874423], [-73.61927426494442, 45.6643466776831], [-73.61941154176571, 45.664296948036245], [-73.61941153777802, 45.664296883253556], [-73.61941616438963, 45.664295179562124], [-73.6197530689353, 45.66417112179543], [-73.61982224208346, 45.66414565011625], [-73.61982231645831, 45.664145623043716], [-73.62115386936932, 45.663655292938245], [-73.62157144904225, 45.66351049339761], [-73.6220023594601, 45.66338136011484], [-73.62242151586935, 45.6632700910829], [-73.62292221534311, 45.663137173171215], [-73.62313757943345, 45.6630843891929], [-73.62339337683376, 45.663015087281], [-73.6234022622137, 45.66301268056933], [-73.6234642514827, 45.66299328191028], [-73.62346432971007, 45.662993257530665], [-73.62349681705658, 45.66298309136912], [-73.62391457308068, 45.66284121106299], [-73.624762554443, 45.66250987236875], [-73.62520315820059, 45.66233770780924], [-73.62545595160626, 45.66223838933677], [-73.62620451553046, 45.66194428541899], [-73.6265949430935, 45.66178836581534], [-73.62752951262667, 45.6614151355891], [-73.62813874669713, 45.66117637283848], [-73.62903358750505, 45.660825671172994], [-73.62932782133507, 45.66071581621262], [-73.62994021265064, 45.660487170404146], [-73.63165871043688, 45.65988024611852], [-73.63187813732023, 45.65979641971508], [-73.63215116549912, 45.659692114922144], [-73.63240472966919, 45.659595242037966], [-73.63296747982807, 45.65938024722935], [-73.63329590250162, 45.659254773566786], [-73.6344866385481, 45.65877993502003], [-73.63529194201996, 45.658458787399354], [-73.63530261698841, 45.65845456810588], [-73.63572977890009, 45.65830076653316], [-73.6363564601518, 45.658065317015385], [-73.63641632243254, 45.658042825672574], [-73.6368571304761, 45.65788504797558], [-73.6372194198259, 45.657760336761356], [-73.63754312018688, 45.6576461771425], [-73.63848100932887, 45.657291886018335], [-73.63904271446907, 45.65707879617204], [-73.63919178796455, 45.65702229948993], [-73.63926163529948, 45.65699586227835], [-73.64105928247913, 45.656311564527016], [-73.64131023087624, 45.65620054879173], [-73.64147976486576, 45.65611463122251], [-73.64157782055318, 45.65606305000818], [-73.64164081213825, 45.65602991348305], [-73.64180353547698, 45.65593686201181], [-73.64193401890336, 45.65584861130731], [-73.64221249468947, 45.655649031592574], [-73.64239361561529, 45.65550267449182], [-73.6424545981377, 45.655453396366575], [-73.64267586034998, 45.65524344173577], [-73.64287809620558, 45.65502339829872], [-73.64288014294569, 45.65502094463193], [-73.64295905620831, 45.65507109180715], [-73.6431427232276, 45.65520036198441], [-73.64346806471713, 45.65542934384303], [-73.644084998082, 45.65590045138595], [-73.6444218052434, 45.65616961274808], [-73.6447614746462, 45.65647220314588], [-73.6449877732808, 45.65668024042427], [-73.64512645443634, 45.65680772972821], [-73.64554859609065, 45.6572345373084], [-73.6457953754073, 45.65750999907129], [-73.64592204500566, 45.65765139051984], [-73.64595259672446, 45.657735118307855], [-73.64601057027825, 45.657893993586534], [-73.64603425969246, 45.65795891581264], [-73.64604767079695, 45.65799567065502], [-73.64607364653631, 45.658066858085114], [-73.64615303777482, 45.6582466914636], [-73.64626553738415, 45.65849267124745], [-73.64637502971486, 45.65873207529046], [-73.64642927936278, 45.65885068912493], [-73.6464885582424, 45.65895705085379], [-73.64654640757605, 45.659060845402124], [-73.64660077616364, 45.6591583933475], [-73.64663704649212, 45.65922347025513], [-73.64664437844036, 45.65923662608684], [-73.64665929890535, 45.65926339722659], [-73.64679495161813, 45.659506784938166], [-73.64687188712172, 45.65963845815215], [-73.64699585459283, 45.65984232531523], [-73.64706331530861, 45.65995326527303], [-73.64707415260906, 45.65997108751976], [-73.64713033810764, 45.6600634849984], [-73.64735809035894, 45.66045968106233], [-73.6475248411623, 45.6607701955657], [-73.6475861383971, 45.66089103845535], [-73.6476543009196, 45.6610254137994], [-73.6477006196658, 45.66112638280181], [-73.64785753392317, 45.6614684346246], [-73.647926780779, 45.66164127020984], [-73.64795247638926, 45.66170540655634], [-73.64798773108389, 45.66179339998588], [-73.64813056533582, 45.66216525450429], [-73.64813886550759, 45.66218761681463], [-73.64821011255256, 45.662379558145346], [-73.64825093910531, 45.662489544801666], [-73.64826749699317, 45.66253415338022], [-73.64827187977644, 45.66254596050102], [-73.64837784779932, 45.66283143680108], [-73.64844089042347, 45.66300127290008], [-73.6484779528253, 45.663101116209255], [-73.64848385310376, 45.66311701461956], [-73.6486690508937, 45.6636159251586], [-73.64882696753608, 45.664039364500525], [-73.64907172880882, 45.664692262555654], [-73.64923460762249, 45.66512722504027], [-73.64927919299585, 45.66524628552408], [-73.64931058884841, 45.66535010412276], [-73.64935398962777, 45.665493626756884], [-73.64937973550579, 45.665578760811776], [-73.64939707488229, 45.66563472117645], [-73.64953075507705, 45.66608186887925], [-73.6496014079086, 45.66633760343388], [-73.64964501058499, 45.66650768377387], [-73.64969703750569, 45.66668927521346], [-73.6497335983033, 45.66682257571062], [-73.64975181849411, 45.666889002428], [-73.64979796062183, 45.667074007330896], [-73.64983887746766, 45.66724953588991], [-73.64987651466737, 45.66744447148716], [-73.64991335966324, 45.66762764029747], [-73.64991461166049, 45.667634626633834], [-73.6499452653227, 45.667805613730636], [-73.64997637080589, 45.66799433471416], [-73.6500066722654, 45.66819380055323], [-73.65002876612685, 45.66838496554681], [-73.65004933684875, 45.66857617932065], [-73.65006642044783, 45.66876107645132], [-73.65007943428886, 45.66895361476549], [-73.65008692334018, 45.66915491194809], [-73.65009383384799, 45.66934765262556], [-73.65009631237726, 45.66954268375361], [-73.65009719416054, 45.66973669658059], [-73.65009495072154, 45.669929740805], [-73.6500880587018, 45.67012186791795], [-73.65008203390855, 45.67032683066876], [-73.65007543046198, 45.670523236016365], [-73.65006375103768, 45.67084794746789], [-73.65006405608302, 45.67084058566805], [-73.65033179730767, 45.67076420997315], [-73.65042990281394, 45.67073622341781], [-73.65159526887159, 45.67040377997233], [-73.65159799926234, 45.670403000707374], [-73.65513579060686, 45.669432156115285], [-73.65596756090066, 45.66920387927189], [-73.65640799992754, 45.66908299952814], [-73.65706663728281, 45.668564835301055], [-73.65706672692066, 45.668564763192464], [-73.65713518154361, 45.66851090859866], [-73.65885516467048, 45.6671576886609], [-73.65986899975286, 45.666359999228426], [-73.66362000043168, 45.66341899995071], [-73.66475751578518, 45.66251761844958], [-73.66491617628635, 45.66239189012995], [-73.66647700036773, 45.66115499961283], [-73.67076400028483, 45.65839499963115], [-73.67282524138633, 45.65677449222253], [-73.67375817156388, 45.65604099799721], [-73.67414100011852, 45.655739999754154], [-73.67488740530123, 45.655151410952556], [-73.67696500032132, 45.65351299995345], [-73.67998400044246, 45.65114400069987], [-73.68133381166771, 45.65007751347668], [-73.68181737806185, 45.65052044966977], [-73.68186107672821, 45.65056108436385], [-73.68240708568295, 45.65106880370634], [-73.68326278389762, 45.65186447020479], [-73.68334787672013, 45.651933375929445], [-73.68343125372371, 45.65197379965691], [-73.68347536087111, 45.65198911934368], [-73.6835195427349, 45.65200452347639], [-73.6835840889484, 45.65201870440828], [-73.68367746346976, 45.65202450662936], [-73.68379730921392, 45.65202033038267], [-73.68390119988383, 45.65200936536097], [-73.68404868723302, 45.651990231642586], [-73.68470020649438, 45.651909096242576], [-73.68488107883717, 45.651898005846725], [-73.68510045102042, 45.65188955225182], [-73.68515094891285, 45.65202894245594], [-73.68555722460673, 45.65286421380649], [-73.68562535092396, 45.65300427250363], [-73.68641151785218, 45.6546204832619], [-73.6867477014973, 45.65531158376586], [-73.68807723813056, 45.65806194850913], [-73.68892890254102, 45.65986018019983], [-73.68960608200854, 45.66127357255927], [-73.68969910922603, 45.66141878554156], [-73.68986545779845, 45.66171560483253], [-73.69011620704731, 45.66222001722102], [-73.69024116486405, 45.66275123626734], [-73.69026110291918, 45.66295456189875], [-73.69028528423034, 45.66327395694714], [-73.69031496489008, 45.66370132093845], [-73.69036739316013, 45.6647819145626], [-73.69042776770502, 45.66593448010245], [-73.69053724363637, 45.66794088993754], [-73.69063098415401, 45.66984654574394], [-73.69069930906561, 45.671069282541126], [-73.69084479167978, 45.67384497299424], [-73.69087745026717, 45.674390206972866], [-73.69094521891832, 45.67582350047855], [-73.69104801555144, 45.67774173558747], [-73.69108651739033, 45.67848785304701], [-73.69113047374697, 45.67933966976715], [-73.69126128467236, 45.68194081613046], [-73.69126114626052, 45.68194088384828], [-73.69126125929479, 45.68194316378983], [-73.69126447537393, 45.682011831373636], [-73.6912769618679, 45.682278448090095], [-73.6912821565063, 45.682389389253764], [-73.69128468074705, 45.68244450857938], [-73.69128523838484, 45.68245670823397], [-73.6912852466637, 45.682456877385285], [-73.69128534354707, 45.682458937798856], [-73.69131182660536, 45.683024516980105], [-73.69131288299988, 45.68304707626412], [-73.691310388413, 45.683048131424904], [-73.69117841997112, 45.68310393748292], [-73.69102253209662, 45.68316985860826], [-73.69040666584777, 45.68360359402266], [-73.6895878765027, 45.68418022781062], [-73.68824598019383, 45.68501405160654], [-73.68815277164772, 45.68507197322832], [-73.68810427280388, 45.68509702833634], [-73.6880456340385, 45.68512732173637], [-73.68709181832875, 45.685620072002536], [-73.68692917731401, 45.68570409203592], [-73.68688604708242, 45.685726300725605], [-73.68492491592086, 45.686275011439605], [-73.68499601204996, 45.686801699703], [-73.68529607964112, 45.68710804731242], [-73.68600024827383, 45.68726291462266], [-73.68693772006505, 45.68756272773799], [-73.68726904247306, 45.68781479349613], [-73.68785083803773, 45.687813838371106], [-73.68790471861665, 45.687819811812524], [-73.68873063977084, 45.68791137781249], [-73.69028288497681, 45.68831825706128], [-73.6907728289315, 45.688471922735225], [-73.69113881928854, 45.68858670943554], [-73.6911388437618, 45.68858673278975], [-73.69140336676048, 45.68885177638546], [-73.691587139122, 45.68903590857793], [-73.69187132463652, 45.68955607825223], [-73.69138653436055, 45.69002348972874], [-73.69085673202989, 45.69061134685967], [-73.6902704295599, 45.69130875967674], [-73.69019444536123, 45.69139914197343], [-73.68903883169052, 45.69237522115347], [-73.68811011528645, 45.693051073111654], [-73.68708566916948, 45.693489866439066], [-73.68665390301067, 45.693567983563135], [-73.68604130348464, 45.69367881482477], [-73.68492075120031, 45.693793017057914], [-73.68417962362685, 45.69376927320921], [-73.68341959342014, 45.693758022709666], [-73.68288807590095, 45.69389624833307], [-73.68254651114347, 45.6939716563298], [-73.68226156413527, 45.69403456457605], [-73.6816555554895, 45.69419289801182], [-73.68154015781124, 45.694223047903705], [-73.68097031755694, 45.694248988343496], [-73.680152998423, 45.69415029014379], [-73.67948766174831, 45.69405148240118], [-73.6792779968666, 45.69400293555878], [-73.67889825750049, 45.693915008113535], [-73.67827102038764, 45.69384112502159], [-73.67716891650235, 45.69378035908535], [-73.67623797983818, 45.69380676422882], [-73.67500299147069, 45.69383367741695], [-73.67392000157258, 45.69382279677716], [-73.67268497966221, 45.69379965266061], [-73.67144982823835, 45.693726646650504], [-73.67059453752101, 45.69362795773544], [-73.66983417727455, 45.69351673901247], [-73.6694387542449, 45.693517303639005], [-73.66941622541131, 45.69351733614866], [-73.66884618619397, 45.693493278594225], [-73.66827593153836, 45.693394226298416], [-73.66781969240225, 45.69329493264979], [-73.66730615624508, 45.69314584986009], [-73.6669943895244, 45.69302030516441], [-73.66681164127432, 45.69294671368003], [-73.66641212167602, 45.69275998041915], [-73.66599351369636, 45.69257335537349], [-73.6657737603703, 45.69250150133238], [-73.66546107173258, 45.692399258037334], [-73.66502585284807, 45.692303098211454], [-73.66484323799432, 45.69226274967408], [-73.66457689761202, 45.692241272689515], [-73.66377906176434, 45.6921769316911], [-73.6624740667544, 45.691970513422554], [-73.66244856339345, 45.69196647983298], [-73.66243169391643, 45.691965298968235], [-73.6615743604177, 45.69190527606332], [-73.66045308559372, 45.6917570023049], [-73.6591987005276, 45.69159643438411], [-73.6583241788205, 45.69141031929912], [-73.65775382624672, 45.691273712166144], [-73.6572210970131, 45.690987219793115], [-73.65695461049185, 45.69077533192212], [-73.65659287760168, 45.690526026593865], [-73.65626890957827, 45.69015189492399], [-73.65597834401153, 45.68984284251874], [-73.65596396796107, 45.689827551817245], [-73.65588757942609, 45.689690334624395], [-73.65565968205108, 45.68967815324153], [-73.65540598970075, 45.6896992968971], [-73.65535570560665, 45.68970348823035], [-73.65514671490008, 45.689703781223315], [-73.65489959897329, 45.68961675543236], [-73.6545761548889, 45.68946737543971], [-73.65437956812589, 45.689338609775525], [-73.65417650748876, 45.6892056017871], [-73.65377931683823, 45.68905328305249], [-73.65362498398959, 45.68899409937925], [-73.65265528636787, 45.688720569973384], [-73.65218089290892, 45.68858181631129], [-73.6519328538246, 45.688509266919], [-73.65145728855516, 45.68828512397676], [-73.650982100078, 45.688173374292084], [-73.65071619646686, 45.68821114863628], [-73.65024174435167, 45.6883866136632], [-73.64978644313484, 45.68862448788364], [-73.64904688280585, 45.68908749683102], [-73.64790830460431, 45.68955104791826], [-73.64701608850557, 45.689839422700146], [-73.64576286637576, 45.69009080141655], [-73.64456642904933, 45.69025468125613], [-73.64346478498634, 45.69033091910916], [-73.64241965045039, 45.69026984265939], [-73.64131748136793, 45.69015876068823], [-73.64019617559347, 45.68998530299745], [-73.63890319965034, 45.6899365764336], [-73.63859081055415, 45.68992480112666], [-73.6369379653189, 45.689951811687685], [-73.63517128434535, 45.69000387680597], [-73.63435423650907, 45.68997990942556], [-73.63334698156872, 45.689793744721584], [-73.63252933859143, 45.68949495022563], [-73.63133198881923, 45.68929648968365], [-73.62970230261334, 45.68965200785894], [-73.62970217428776, 45.68965203589883], [-73.6296459073729, 45.6896860119357], [-73.62964233426811, 45.689688235830324], [-73.62872764371771, 45.69025764359908], [-73.6275363435124, 45.69099921655216], [-73.62653113151248, 45.69173706627097], [-73.62575338383947, 45.69228746878304], [-73.62492288833958, 45.69261426339982], [-73.62467131372462, 45.69271325489348], [-73.62337985020385, 45.692926927265525], [-73.62261988339546, 45.69295266666175], [-73.62145928392577, 45.692826850099266], [-73.62125161881988, 45.69280433330511], [-73.61992132754075, 45.69263089470975], [-73.61870538293277, 45.69263215375389], [-73.61749004428673, 45.692908115757625], [-73.61646472566115, 45.693183912663756], [-73.61524885878221, 45.693235136547926], [-73.61426064160229, 45.69313615811505], [-73.61342407035951, 45.69283729368528], [-73.61228327247677, 45.69238885324111], [-73.60992575154515, 45.69151697107276], [-73.6096010370843, 45.691415478166675], [-73.60657993160773, 45.690471139815486], [-73.60384266858341, 45.689649544783435], [-73.60224609999503, 45.68922634835451], [-73.60049807816435, 45.689078012907316], [-73.59878844220162, 45.68922940033316], [-73.59616782181433, 45.689781037230226], [-73.59324358639618, 45.69068268980903], [-73.58963686066583, 45.691913229515016], [-73.58891433798775, 45.692159719334796], [-73.58795310383431, 45.69242979363049], [-73.5858228181205, 45.69302829302026], [-73.58454636341165, 45.69338688530784], [-73.58327474021819, 45.693645618351475], [-73.58299582096974, 45.69370236735271], [-73.58264199494249, 45.693805956550584], [-73.58259926107903, 45.69382178546848], [-73.58059630552208, 45.694563659353314], [-73.57891408881814, 45.694958059027975], [-73.57888679558394, 45.694964457548515], [-73.57698717388055, 45.69521543162028], [-73.57542956781117, 45.695466291873025], [-73.57223890138881, 45.69646737160252], [-73.56938982372131, 45.69729337285306], [-73.56715890085022, 45.697766114975366], [-73.56619852510103, 45.69796960742122], [-73.56274145453094, 45.69884572659239], [-73.55993022274845, 45.699771316634916], [-73.55973017080244, 45.69981924730036], [-73.55755055464968, 45.70034143896827], [-73.55742268866487, 45.700372071713005], [-73.55518074135286, 45.70059796391354], [-73.55366044366261, 45.7005736706071], [-73.55118987783318, 45.70017520143001], [-73.54883327200237, 45.69970177209672], [-73.5460062813638, 45.69905895091846], [-73.5459825271518, 45.699053549011865], [-73.54343606595681, 45.698654919186104]]]}}, {"type": "Feature", "properties": {"district_id": "Chomedey"}, "geometry": {"type": "Polygon", "coordinates": [[[-73.76993765976482, 45.54281257788216], [-73.7675944824589, 45.540434422397865], [-73.76751329102923, 45.540324832412736], [-73.76751318517982, 45.54032492354419], [-73.7672840990816, 45.54052288858945], [-73.76723487034735, 45.54056538969889], [-73.767160606466, 45.54062954813332], [-73.76712221745824, 45.54066267003362], [-73.7668093307867, 45.54093296909123], [-73.76669792785033, 45.541018406923854], [-73.76653480235008, 45.54114351498291], [-73.76639007970604, 45.54125450374018], [-73.76638841606811, 45.54125580878423], [-73.76631789935709, 45.54130986085205], [-73.76614658465691, 45.541441246708764], [-73.7661420360307, 45.541444733377055], [-73.7661310985297, 45.541453579062214], [-73.7659580940702, 45.541593411740955], [-73.76589256838605, 45.54164645130391], [-73.76575841073374, 45.54175484472443], [-73.76572200418614, 45.54178426680441], [-73.76552650108746, 45.54194229726749], [-73.76548893582121, 45.54197262270242], [-73.76548889116802, 45.54197265789984], [-73.76539583012168, 45.54205203010774], [-73.76539579442783, 45.54205206438447], [-73.76533809834619, 45.542113302746024], [-73.7653269849459, 45.54212509842743], [-73.76531785472879, 45.54213572601237], [-73.76531337796176, 45.54214090057455], [-73.76526953174016, 45.54219172351356], [-73.765204707785, 45.542266834947874], [-73.76514798258934, 45.54233257194163], [-73.7650770831834, 45.54241472423009], [-73.76497812209271, 45.54252942208356], [-73.76486476612439, 45.54266080380863], [-73.76475141474681, 45.542792184507675], [-73.76455134588618, 45.54302404287268], [-73.76450957035354, 45.54306970015213], [-73.76446471158317, 45.54311872634452], [-73.76429820479201, 45.54331465254958], [-73.76420428959854, 45.54342519789058], [-73.76409619552646, 45.543552427412806], [-73.76399735707024, 45.5436687321182], [-73.76396644525349, 45.54370157470709], [-73.76393869825542, 45.543730976198056], [-73.76380844600044, 45.54384169604044], [-73.76372185675854, 45.543915328050744], [-73.763398137863, 45.54419055572318], [-73.76319182246029, 45.54436597659991], [-73.7631753196544, 45.54438001517923], [-73.76291196317631, 45.54460393046199], [-73.76290935596722, 45.54460614736109], [-73.76265894265063, 45.54482256271858], [-73.76233411838076, 45.54510327977539], [-73.76233409776567, 45.545103252827644], [-73.76212926575786, 45.544837398408035], [-73.76206359611434, 45.54476016313332], [-73.76201726085172, 45.54470987857232], [-73.76196194903304, 45.54465691506774], [-73.76174066521656, 45.54443696233072], [-73.7613927432798, 45.54409160171695], [-73.76044645496704, 45.543152254011794], [-73.76038681813478, 45.54309408143709], [-73.760220056638, 45.542931410095804], [-73.75988809595707, 45.542589327947645], [-73.75961192555887, 45.542326948874035], [-73.75954983188126, 45.542267955387246], [-73.75942370658271, 45.54213056682692], [-73.7593193922018, 45.54200212698387], [-73.7592317250943, 45.541873649266066], [-73.75916072168347, 45.54174873302279], [-73.7591025237604, 45.541623787688216], [-73.75906495070267, 45.54152849017323], [-73.75903891891741, 45.54143676582203], [-73.75901930629941, 45.54134862625694], [-73.75899572827221, 45.54123350056356], [-73.7589888382306, 45.54112733540103], [-73.75898966015652, 45.54102745161206], [-73.75903540207088, 45.54039206281634], [-73.75907186618728, 45.539967256914984], [-73.75912639189438, 45.539293155033086], [-73.75913714015402, 45.5391643558124], [-73.7592174154788, 45.538202345427166], [-73.75923687292911, 45.53797824170076], [-73.7592275336308, 45.53789637766733], [-73.75920669528945, 45.53781993875111], [-73.75912763839929, 45.53761315544131], [-73.757968633755, 45.537847936782434], [-73.75697339649672, 45.5380562427769], [-73.7569319512497, 45.53795285467282], [-73.75684259352053, 45.537731695552026], [-73.75682064189357, 45.537691252209754], [-73.75679231683247, 45.537657122054334], [-73.75637048019273, 45.537249543217264], [-73.75581099716403, 45.53669919690157], [-73.7554342045899, 45.53633920506953], [-73.75537380188572, 45.53628984903341], [-73.75531344407948, 45.53625039108177], [-73.75499889307221, 45.53606212770954], [-73.75473313700729, 45.535904349157015], [-73.75467278412297, 45.53586579069127], [-73.75461240695644, 45.535821833219536], [-73.75432584654573, 45.535593012877875], [-73.75373601908973, 45.53512010987346], [-73.75315265984524, 45.53465978718534], [-73.75259863730533, 45.53417240146697], [-73.75204329979107, 45.533675117700376], [-73.75129909484254, 45.53302797381827], [-73.75189878582184, 45.53256503586055], [-73.75289638458622, 45.531758375985675], [-73.75300485856387, 45.53167984982555], [-73.75357645612563, 45.53123946113508], [-73.75403062430921, 45.53088031623948], [-73.75437888161336, 45.53060059122808], [-73.75478577558779, 45.5302649443625], [-73.7550665094959, 45.53006005443835], [-73.75524776848066, 45.52994087083056], [-73.75543802917886, 45.529830665193415], [-73.75559257262252, 45.52974933400579], [-73.75567815762994, 45.529706850048484], [-73.75656374061903, 45.52934672856486], [-73.75696116147992, 45.5291847640888], [-73.75754386455516, 45.52894589432463], [-73.75804746446259, 45.52876748951717], [-73.75848209407663, 45.52862523213406], [-73.75886438523189, 45.52851638575938], [-73.75919810104169, 45.52842384543789], [-73.7595267404101, 45.52834121390424], [-73.75996529896558, 45.5282196382419], [-73.76057277273374, 45.52808237844284], [-73.76265464646872, 45.52758179912569], [-73.76283748851068, 45.52753278724776], [-73.76300368349314, 45.5274829135661], [-73.76318903913938, 45.52742399710473], [-73.76338330115753, 45.527353361895656], [-73.76426760192949, 45.527011180276375], [-73.76444398919735, 45.52695138268147], [-73.76461399627358, 45.526896098790225], [-73.7647354532115, 45.52686162347824], [-73.76493492499968, 45.52681077001675], [-73.76511652464023, 45.52677075575973], [-73.76530964985986, 45.52673161428504], [-73.76554758526515, 45.52669326816473], [-73.76573564428894, 45.52666583565903], [-73.76583671470415, 45.526652102904926], [-73.76594675902571, 45.526641048687736], [-73.767108729107, 45.5265474537822], [-73.7695950886682, 45.52632835091934], [-73.77060836702894, 45.526225624718535], [-73.77064316335787, 45.526222096797525], [-73.77142717618447, 45.5261426065379], [-73.77154897575373, 45.526130257415346], [-73.77178694332491, 45.526099996773716], [-73.77202871209383, 45.52606162802821], [-73.77224485559199, 45.52601882064747], [-73.77246223548158, 45.525967011512726], [-73.77281637454074, 45.52586988344975], [-73.77325350905024, 45.52572846364408], [-73.77378891013208, 45.52553254185189], [-73.77405656774314, 45.52543459496246], [-73.77429014362976, 45.52534632247581], [-73.77442370397327, 45.52529784497741], [-73.77496356147559, 45.52510389740368], [-73.7753090678667, 45.52497977008763], [-73.7766079442712, 45.52450200731398], [-73.77690113914139, 45.52439686786873], [-73.7771777523341, 45.52429767355351], [-73.77929411188028, 45.52641365319037], [-73.78173598026343, 45.52885483461059], [-73.78382975200779, 45.53094780687474], [-73.7839286858361, 45.5310466980534], [-73.78457054816548, 45.53168827321162], [-73.78893150633219, 45.53609247566464], [-73.7894656617958, 45.53661378884147], [-73.79096081637778, 45.5380729331377], [-73.79325559209657, 45.54025742439053], [-73.79487701246917, 45.54174222908504], [-73.79499967956114, 45.54185455667945], [-73.7947752538096, 45.54195667813832], [-73.79451283678287, 45.542076084896195], [-73.79338744732947, 45.54260808495792], [-73.79224300555688, 45.54317431642556], [-73.79139290097, 45.543571231207714], [-73.79128821527168, 45.54352139258385], [-73.79121371068607, 45.54347659070012], [-73.78884246767464, 45.541549761229724], [-73.7877708674704, 45.54209146819044], [-73.78749934406112, 45.54222663431937], [-73.78702170463548, 45.542464403477126], [-73.78636084138091, 45.54279337503619], [-73.7855891750864, 45.54317224852193], [-73.7853158065661, 45.54330520764706], [-73.78480326263583, 45.54356209520312], [-73.78475545680905, 45.543586054657275], [-73.78454173901308, 45.543693168370915], [-73.78431819865048, 45.54380440488709], [-73.78343676628751, 45.544235817421665], [-73.78312506055326, 45.5443868631279], [-73.78248375194254, 45.54469619492775], [-73.78165720884707, 45.54509776330819], [-73.78161376750398, 45.54511766681414], [-73.78150982560251, 45.545165919390655], [-73.78068618765505, 45.545548271940774], [-73.78019418772155, 45.5457573420091], [-73.77979164853136, 45.54593019741326], [-73.77962295115354, 45.5459998978817], [-73.77938012917981, 45.5461003738473], [-73.77895968305218, 45.54627866912048], [-73.77876583110319, 45.54635158097044], [-73.77863186559678, 45.546394762515355], [-73.77852089855375, 45.546429316889935], [-73.77841560446755, 45.546458653576714], [-73.77807406259474, 45.54655159723247], [-73.7780173077203, 45.546586019137955], [-73.77796188421252, 45.546615675841664], [-73.77789292182852, 45.54664822333482], [-73.77781851499614, 45.54667602119369], [-73.77757490992, 45.5467489908179], [-73.77749506313945, 45.546772992676836], [-73.77734483033129, 45.546816212224115], [-73.7772734704747, 45.54674076051275], [-73.7772335732997, 45.54669857493804], [-73.77711712105594, 45.546588734628266], [-73.77676414069649, 45.54627991259099], [-73.77671824049432, 45.546247882532754], [-73.77667405796419, 45.54622061022984], [-73.7766145817152, 45.54618385107581], [-73.77656979596104, 45.54615263171088], [-73.77645302469716, 45.54605924949398], [-73.77623868678917, 45.545881206265065], [-73.77615196459762, 45.54581594294362], [-73.7760482489923, 45.54574000716897], [-73.77589019233595, 45.54563801371259], [-73.77580012319068, 45.545581091590236], [-73.77574916012684, 45.545552644813164], [-73.77569651323313, 45.54552658304439], [-73.77552161686981, 45.54544486703757], [-73.77535859552377, 45.545366692689214], [-73.77525844456679, 45.54532646031086], [-73.77488946857035, 45.545207922497866], [-73.7742829080435, 45.54503834586787], [-73.77412345738406, 45.544997064375565], [-73.77337715654292, 45.54481553000695], [-73.7728253556609, 45.544673778788656], [-73.77274329813835, 45.54465327849554], [-73.77249345863696, 45.54459741448736], [-73.77240016138126, 45.544572638639295], [-73.77228648452537, 45.544537197838366], [-73.77215086914309, 45.54448912149593], [-73.77177609835651, 45.544315445424566], [-73.77159673946014, 45.54416667907848], [-73.77146222512327, 45.54407593533996], [-73.7713072246432, 45.543959144833416], [-73.77107866071418, 45.54377684062249], [-73.77083376644329, 45.543580267261994], [-73.77060106679022, 45.54338942343905], [-73.77042557242369, 45.54324415543956], [-73.77030715398959, 45.54314437385301], [-73.77014795167564, 45.543004825824404], [-73.76993765976482, 45.54281257788216]]]}}, {"type": "Feature", "properties": {"district_id": "Renaud-Coursol"}, "geometry": {"type": "Polygon", "coordinates": [[[-73.69352479623623, 45.57170920125894], [-73.69231800882079, 45.57061704313937], [-73.69214709617601, 45.5704661588943], [-73.69281321216545, 45.57010126486065], [-73.693020498173, 45.56998507576712], [-73.69388497597615, 45.569521097886856], [-73.69468548792089, 45.56908781676754], [-73.69542713638027, 45.56867802637051], [-73.69688353200908, 45.56786837556947], [-73.69819408081304, 45.567127346520245], [-73.69833600446614, 45.56704791489853], [-73.69910315138723, 45.566618259885196], [-73.70004926738203, 45.56608390577356], [-73.7015211113416, 45.565332657579404], [-73.70460539186259, 45.563774062591335], [-73.70659886557499, 45.56277615860069], [-73.70771384047197, 45.5622153399499], [-73.70867534244078, 45.561726777521656], [-73.70918501688396, 45.56146386052633], [-73.70918505160044, 45.56146389555628], [-73.71021014535333, 45.56093802883758], [-73.71120616418678, 45.56292536971436], [-73.71133758790535, 45.56318758743138], [-73.71184800008892, 45.56357099964192], [-73.71317399900224, 45.56490400003676], [-73.71407084423727, 45.56581701785323], [-73.71444999963306, 45.56620299922174], [-73.71571700038604, 45.5675040002855], [-73.71677799959444, 45.56750400025584], [-73.71829700079451, 45.56880799968011], [-73.71971500055112, 45.57002400012551], [-73.72013172882932, 45.57038056994203], [-73.72013301120914, 45.57038776343135], [-73.720228408676, 45.57046329326615], [-73.72046869484137, 45.57066888871743], [-73.72121799961398, 45.57131000056952], [-73.72127024886439, 45.57135513664879], [-73.72131044985137, 45.57138986518914], [-73.72144287781607, 45.571504266094465], [-73.72153754436097, 45.57145584883606], [-73.72156704926348, 45.571439546040914], [-73.72221323035161, 45.571082499900676], [-73.72231948307405, 45.57102378876558], [-73.72299365658226, 45.570651265074545], [-73.72354410539526, 45.57035017160663], [-73.72361449710553, 45.57031166678019], [-73.72452901939378, 45.56981141342736], [-73.72754596359152, 45.56814073801504], [-73.72764298405491, 45.56808657004527], [-73.72891522578385, 45.56740463316336], [-73.7290645150209, 45.567326968968295], [-73.73203647943463, 45.565717468355835], [-73.73254837869105, 45.5654429456118], [-73.73272850166144, 45.56535277633308], [-73.73287312877935, 45.565274520040305], [-73.73430241903885, 45.56450112591828], [-73.73476141410502, 45.5642393677497], [-73.7354307603318, 45.563898168117625], [-73.7355130034746, 45.563854776887126], [-73.73628646081421, 45.56345785759348], [-73.73672429552435, 45.563227043641035], [-73.73678282770442, 45.56319618671522], [-73.73704541199918, 45.563057758828755], [-73.73710812507338, 45.56311673875183], [-73.73717705726959, 45.56318141697201], [-73.73809661232018, 45.56404638845953], [-73.7385103655769, 45.564446096115525], [-73.73891818465194, 45.56483648338425], [-73.7393765788286, 45.56527527591792], [-73.73983026663376, 45.56570041789075], [-73.74038372160771, 45.56622185704493], [-73.74047672788244, 45.56630873815192], [-73.74091387216052, 45.566715142750795], [-73.74127747395528, 45.567051157689974], [-73.74176902579404, 45.567515739716704], [-73.74266984146625, 45.568336213068825], [-73.74314303753992, 45.56877783104532], [-73.74354784502607, 45.56915745850238], [-73.74368567603268, 45.56928702212496], [-73.74394292899517, 45.56952884120123], [-73.74420896293634, 45.56977927751032], [-73.7444001034092, 45.56995920958995], [-73.74486846334494, 45.57039669861103], [-73.7449771521491, 45.57049915086894], [-73.74506979916039, 45.57058648155843], [-73.74513626816535, 45.570649135553545], [-73.74598022012215, 45.571440439117836], [-73.74617447271622, 45.5716224868797], [-73.74638187188503, 45.571818022333055], [-73.74658912604113, 45.572011417915164], [-73.7467947094512, 45.57220272641399], [-73.74699884625669, 45.57239515525595], [-73.74721453312688, 45.57260005560151], [-73.74741700059374, 45.57279039608567], [-73.74765337707848, 45.57300745339986], [-73.74782636266747, 45.57316878348046], [-73.7480271632836, 45.57335703707054], [-73.7482066858686, 45.57352457651048], [-73.74840596711795, 45.57371288131526], [-73.74863102375656, 45.57392067402054], [-73.74883190493945, 45.57410999589646], [-73.74903271356064, 45.57429824857083], [-73.74923352479816, 45.57448649908071], [-73.74943593195911, 45.57467576795578], [-73.74963841569155, 45.57486610619874], [-73.74983733681728, 45.57504906064975], [-73.75004134519693, 45.5752393462409], [-73.75024543017454, 45.575430700293786], [-73.75039976515419, 45.57557542397701], [-73.75041477409442, 45.57558949773905], [-73.75057523837239, 45.57573997026736], [-73.75077794524228, 45.57592948711929], [-73.75100146799163, 45.57613846262074], [-73.75089465248269, 45.57620550706413], [-73.75079065415498, 45.57627078335189], [-73.75068099179649, 45.5763394346441], [-73.7506710661574, 45.57634564906546], [-73.75066181261406, 45.57635144178986], [-73.75056241550644, 45.57641366904065], [-73.75040059118976, 45.576516618161186], [-73.75032555628714, 45.5765643531038], [-73.75008862314547, 45.576713967833726], [-73.74984154594571, 45.57687143278827], [-73.74960156367618, 45.57702115124993], [-73.7493632512624, 45.5771729558668], [-73.74912196491113, 45.57732593264936], [-73.74887763194998, 45.57747901273727], [-73.74863184956916, 45.57763321574305], [-73.74838309314576, 45.57778858996378], [-73.74813295985992, 45.5779461559188], [-73.74788290035613, 45.57810479106098], [-73.74763291205414, 45.57826449449646], [-73.7473813264112, 45.57842318043071], [-73.74713118878154, 45.57858074328381], [-73.74688112107562, 45.57873937623274], [-73.74663250397676, 45.57889688700778], [-73.7463720694474, 45.579060160047675], [-73.74607526167284, 45.57924933329931], [-73.7457970659153, 45.57942071566035], [-73.74572766401917, 45.57946523833773], [-73.74564357478965, 45.57951918409263], [-73.74532931370501, 45.57972078809164], [-73.74513641466794, 45.579845300585816], [-73.74488923476044, 45.58000168596161], [-73.74464198091984, 45.58015700105745], [-73.74439472443007, 45.580312314719656], [-73.74414898995595, 45.58046757689843], [-73.7439032528454, 45.58062283854991], [-73.7436574405521, 45.580777029030045], [-73.74341170201733, 45.58093228961851], [-73.74316740914307, 45.581086428107064], [-73.7429230436799, 45.58123949542462], [-73.74267715221247, 45.58139261584749], [-73.74243872882882, 45.58154333533656], [-73.7421767452122, 45.58170665151244], [-73.74193831660055, 45.5818573708595], [-73.74171010662982, 45.58200130675635], [-73.74146435482035, 45.58215656314969], [-73.74120991016574, 45.582318547402124], [-73.74095668854032, 45.58247620121805], [-73.7407109338586, 45.582631455083536], [-73.74046525159154, 45.58278777906194], [-73.74028986988955, 45.58290096525348], [-73.74022246604481, 45.58294185853775], [-73.7399856254617, 45.58309359174401], [-73.73974116504164, 45.5832455825009], [-73.73949388147261, 45.58340088552607], [-73.739252466604, 45.58355277256201], [-73.73901257261971, 45.583704607310715], [-73.73877267861933, 45.583856440651715], [-73.73852096673083, 45.58401403727845], [-73.73828106752354, 45.584165869589505], [-73.73804116958544, 45.58431770138997], [-73.73780127035738, 45.584469533585015], [-73.73757745843902, 45.58461116733416], [-73.73733907892336, 45.58476294589939], [-73.73709910091854, 45.58491370687324], [-73.73685759811775, 45.58506451819136], [-73.73682973780016, 45.58508155664838], [-73.7366144231269, 45.58521324305273], [-73.73656333245529, 45.585244911305566], [-73.7364073720461, 45.585341582575886], [-73.73637284405493, 45.58536298449768], [-73.73612502225117, 45.585510794698315], [-73.73610072106938, 45.58552496056045], [-73.73587697937144, 45.58565539332026], [-73.73562878530896, 45.58579785461526], [-73.73537739557452, 45.58593827843779], [-73.73512433500024, 45.58607661573714], [-73.73487104962528, 45.58621174324098], [-73.7348492916947, 45.58622314382757], [-73.73461319625052, 45.58634702623375], [-73.7343536682112, 45.586480219972046], [-73.7340909458284, 45.586611378848936], [-73.73382350426758, 45.58674055365459], [-73.73355301436038, 45.586869831244954], [-73.73327940244891, 45.58699814185104], [-73.73300107261424, 45.587124468298505], [-73.7327196220491, 45.58724982860614], [-73.73250030185584, 45.58734627262948], [-73.7324364968563, 45.58737310132014], [-73.73213676342559, 45.58749908137376], [-73.73186058855907, 45.5876124664987], [-73.73156940140072, 45.587729578786224], [-73.73127799223741, 45.58784348198558], [-73.73098193752348, 45.58795646880735], [-73.73068863317965, 45.588065073433675], [-73.73039365694427, 45.58817159037226], [-73.73010005604154, 45.588275916290954], [-73.72981072672553, 45.588375806597966], [-73.72951537808419, 45.58847697252458], [-73.72922140359006, 45.58857594744264], [-73.72893054884025, 45.58867588806636], [-73.72867490113732, 45.58876317965968], [-73.72864114312159, 45.58877470655937], [-73.7283547087921, 45.58887235039904], [-73.72830058262674, 45.588890013356256], [-73.72806500561114, 45.58896688843412], [-73.7280316759431, 45.588978231632716], [-73.72778154301884, 45.589063358721305], [-73.72765755362043, 45.58910548484573], [-73.72750105061162, 45.5891586544097], [-73.72722055853468, 45.58925394940706], [-73.72694311148994, 45.58934914048332], [-73.72666704011434, 45.58944213976922], [-73.72638349793156, 45.589537535939805], [-73.72610742470778, 45.58963053477358], [-73.72592098339813, 45.58969475733549], [-73.725831422779, 45.5897246008952], [-73.72555534771885, 45.58981759749542], [-73.72527934523235, 45.58991166318091], [-73.72500029451375, 45.590005830483435], [-73.72471971920841, 45.59010004959236], [-73.72443921771924, 45.59019533866246], [-73.72415871399353, 45.59029062614672], [-73.72387668693452, 45.590385964516656], [-73.72360205431833, 45.59047783507044], [-73.72331705148792, 45.59057434495862], [-73.72303052400639, 45.59067090570148], [-73.72274406898059, 45.59076853547969], [-73.72245449345354, 45.59086519879881], [-73.72215904505545, 45.59096527595751], [-73.7218666404095, 45.59106524925735], [-73.72157126204618, 45.59116639375327], [-73.72139254654822, 45.591226371922964], [-73.72127276182992, 45.59126657171495], [-73.72097426055284, 45.59136674979668], [-73.72066104019157, 45.59147493071454], [-73.72036703441456, 45.59157388195325], [-73.72005968251847, 45.59167864494429], [-73.71975370769675, 45.59178121697284], [-73.7194447577205, 45.591884960973395], [-73.7191359533471, 45.591990842750874], [-73.71882555200905, 45.59209570544455], [-73.71851674531081, 45.59220158554856], [-73.71701231317611, 45.59270946706842], [-73.71688661320898, 45.592751900563705], [-73.7168123817737, 45.592776959534405], [-73.71664233352188, 45.59283436279021], [-73.71639023349843, 45.59292116298463], [-73.71633039785245, 45.59293927108828], [-73.71602020470898, 45.593047336336475], [-73.71572502661319, 45.593151674090514], [-73.71541831844692, 45.59326604971757], [-73.71511502560116, 45.5933856712885], [-73.71481194877168, 45.593508498635394], [-73.71451359103881, 45.593633310334845], [-73.71421552382998, 45.593762400293215], [-73.71391775091764, 45.593895766705735], [-73.71362331465707, 45.59403330760366], [-73.71333200033861, 45.594171814624175], [-73.71304250012135, 45.594314546710194], [-73.71275786281177, 45.594461402815284], [-73.71247496755366, 45.59461141516545], [-73.71219396336468, 45.59476672238925], [-73.71191767165394, 45.59492401419594], [-73.71163862757393, 45.595085685395574], [-73.71137039116029, 45.59524913646946], [-73.71112122662747, 45.59540121832382], [-73.71086402129984, 45.59556965445854], [-73.71060855661939, 45.59574124699765], [-73.71034736369718, 45.59591839245096], [-73.71009980912083, 45.59609400410721], [-73.70985696707027, 45.59627160058437], [-73.70962014692951, 45.59644791943157], [-73.70938688407664, 45.59663162245215], [-73.70914949113512, 45.596821897699165], [-73.70891993286509, 45.59701512305282], [-73.70882473149187, 45.59709660110014], [-73.70870074476281, 45.59720370837593], [-73.70848779702571, 45.597394228211975], [-73.70826499077378, 45.59759687190608], [-73.70780353069145, 45.598047071122934], [-73.70771687287697, 45.59813161370216], [-73.70764233946389, 45.598204327533296], [-73.70745781984884, 45.59838637854865], [-73.70726176880703, 45.59857846706745], [-73.70706020987846, 45.598779319653026], [-73.7068586495096, 45.59898017097858], [-73.7066568657009, 45.599177812659285], [-73.70645522932584, 45.599377593500904], [-73.70625213945225, 45.59957849598962], [-73.70604462387186, 45.59978168985553], [-73.70584000841544, 45.59998264203954], [-73.70563851252369, 45.60018456184814], [-73.70543121187221, 45.60039096387648], [-73.70522637265502, 45.60058870655639], [-73.70501840967411, 45.60078548175438], [-73.70481725699517, 45.60097023525734], [-73.70460130704527, 45.60116191927999], [-73.70436925365311, 45.60136379524987], [-73.70414524213696, 45.60154931730195], [-73.70392514067879, 45.601725059802085], [-73.70369321392229, 45.60190656115811], [-73.70345649440527, 45.60208500756055], [-73.7032151282844, 45.60226253670988], [-73.70297332344448, 45.602433648554005], [-73.70271845997071, 45.602614849423325], [-73.70246583783214, 45.602784181522246], [-73.7022098738626, 45.602949338374884], [-73.70195521194742, 45.60311123317284], [-73.7016927822895, 45.60327124607656], [-73.70144318699981, 45.60341795969093], [-73.70117001695876, 45.6035772614633], [-73.70088443386888, 45.6037337643478], [-73.70061190446886, 45.60388017812484], [-73.70032297804944, 45.604032503971496], [-73.70003796371925, 45.60417504831079], [-73.69975714990291, 45.60431209114599], [-73.6994641473042, 45.60444954329526], [-73.69917996706754, 45.60457867660358], [-73.69916344990943, 45.6045861829634], [-73.69881820839936, 45.604741475397574], [-73.69841408149136, 45.604920018022355], [-73.69840420135094, 45.60492438224625], [-73.6981476743516, 45.60503771527406], [-73.69781340498297, 45.6051853901879], [-73.69770167959476, 45.60503103650892], [-73.69763363396997, 45.60493653113934], [-73.69758185657368, 45.604864617444036], [-73.69749293924218, 45.604746976638346], [-73.69748642352872, 45.60473835586146], [-73.69736133227585, 45.60457285358939], [-73.69671225445026, 45.603650339231095], [-73.69658887593135, 45.60347653492587], [-73.69646383206852, 45.603300643047405], [-73.69633842037061, 45.603119403985254], [-73.69621178110356, 45.602942493257885], [-73.69608514135517, 45.602765583285326], [-73.6959600264249, 45.60258862196069], [-73.69583534994747, 45.602418077311036], [-73.69571023785643, 45.60224111479745], [-73.69557895630756, 45.60206328807142], [-73.69545725721956, 45.60189157081994], [-73.69533076808446, 45.60171679951093], [-73.69520209935553, 45.60153245131701], [-73.69508069428962, 45.60136501362586], [-73.6949605964261, 45.60119431349458], [-73.69483418332636, 45.60102061047997], [-73.69475117586211, 45.60090262894515], [-73.69471408566902, 45.60084991097879], [-73.69459253897524, 45.60068033320017], [-73.69449426987633, 45.6005432291335], [-73.69447099301196, 45.600510754386136], [-73.6943543100351, 45.600345299173476], [-73.6942328397089, 45.60017678986271], [-73.6942178616688, 45.60015613278675], [-73.69411144045353, 45.600009349292485], [-73.69399476086447, 45.59984389549204], [-73.69387481407722, 45.59967533370817], [-73.69375486929448, 45.599506772689814], [-73.69363006183333, 45.5993340868732], [-73.69351011723124, 45.59916552558755], [-73.69339010173644, 45.59899589439563], [-73.69327008568436, 45.59882626307355], [-73.69323717923105, 45.598780538192166], [-73.69314353864058, 45.598650418552204], [-73.69302671894674, 45.59848282326993], [-73.69290213464863, 45.598313345936866], [-73.69277885508262, 45.598140608883554], [-73.69265260391307, 45.597969041980754], [-73.69253404329808, 45.59779828891427], [-73.69240742800459, 45.59762137556505], [-73.69228074063426, 45.59744339139583], [-73.69216218226117, 45.59727263882385], [-73.69204021380934, 45.59709663955883], [-73.69190873730369, 45.59691559999598], [-73.69178372269087, 45.59673970364464], [-73.69165725913848, 45.59656492806857], [-73.69153572965071, 45.596395345982444], [-73.69141086434962, 45.59622158874868], [-73.69128752238687, 45.59604778023171], [-73.69115938982938, 45.595870914776995], [-73.69103612354048, 45.59569817574739], [-73.69091126004791, 45.59552441704362], [-73.69078487350072, 45.59535071023227], [-73.69065892603534, 45.59518342102004], [-73.69051911090148, 45.59501804173289], [-73.69037173282095, 45.5948306110761], [-73.6903606609675, 45.594816530111764], [-73.69047748319917, 45.59473222840666], [-73.69058614938736, 45.59466193432276], [-73.69085750801233, 45.59448639803167], [-73.69101618557093, 45.59438375211522], [-73.69195911107435, 45.59369664156395], [-73.69222952958378, 45.59349988470002], [-73.69242697204655, 45.59336793073194], [-73.69311355779715, 45.59288504337909], [-73.69358871834214, 45.592549169859936], [-73.6941843881564, 45.5921262713608], [-73.69419219752699, 45.59212072683701], [-73.69484680630998, 45.591655300404234], [-73.69518372300074, 45.591410396455196], [-73.69605504269394, 45.590810993124585], [-73.69649735691624, 45.59048539480757], [-73.69679391285601, 45.5902608268295], [-73.69710954589563, 45.58999483300725], [-73.6975874423618, 45.589586384714714], [-73.69805499046053, 45.5891527571086], [-73.69853004010822, 45.58866782423315], [-73.69868709812039, 45.58850378219431], [-73.69882752321305, 45.58834786735165], [-73.69927936692997, 45.58782787831878], [-73.69973873849452, 45.5872646824585], [-73.70032827136428, 45.586547385603666], [-73.7011602156018, 45.58553181526479], [-73.70200745943623, 45.58450271417716], [-73.7023876706295, 45.584035929129676], [-73.70258933955904, 45.58381151391459], [-73.70295969156538, 45.58345632336166], [-73.70322798922663, 45.58323088877062], [-73.7036229153362, 45.58294044010675], [-73.70396298571673, 45.582719374967546], [-73.70428910105917, 45.582537926308206], [-73.70463954873165, 45.58235283380451], [-73.70485571087673, 45.58224176721488], [-73.70538138088179, 45.581965475180425], [-73.70524125815035, 45.58184335004404], [-73.70464591984597, 45.58131999675223], [-73.70405345103283, 45.58081385614735], [-73.70369508505068, 45.58050770017719], [-73.70345877559367, 45.58030581681247], [-73.70342749084764, 45.58027908905983], [-73.703197276022, 45.58006964381162], [-73.70294281110465, 45.57983813412727], [-73.70282101349821, 45.57973545476232], [-73.70265241755835, 45.579593320618606], [-73.70255187194675, 45.57950855668899], [-73.70211891798286, 45.57914355300196], [-73.70198527451458, 45.579030883070715], [-73.70194155302497, 45.57898776847389], [-73.70191188475052, 45.57893293121753], [-73.70190916720696, 45.578889744126634], [-73.70178778910685, 45.57879218474066], [-73.70167377873578, 45.57870054660386], [-73.701388248764, 45.5784710453725], [-73.70127691389168, 45.578381555413976], [-73.70077901409965, 45.57795312840158], [-73.70039170482094, 45.57761985497376], [-73.69995566036272, 45.57725188794474], [-73.69758961765949, 45.575228684391035], [-73.69616192308126, 45.574028969596206], [-73.69604112781606, 45.573926596119435], [-73.694847202649, 45.57287673517169], [-73.69416222491054, 45.57227411409369], [-73.69408254136533, 45.57220226292607], [-73.69381266546723, 45.571964265580924], [-73.69352479623623, 45.57170920125894]]]}}, {"type": "Feature", "properties": {"district_id": "Duvernay"}, "geometry": {"type": "Polygon", "coordinates": [[[-73.66628068960841, 45.57697636925651], [-73.66678798344438, 45.576224468422154], [-73.66716889566595, 45.57656859030266], [-73.6673170660984, 45.576705142363465], [-73.66746835375821, 45.576842661477045], [-73.66761775949328, 45.57697488314139], [-73.66777224136298, 45.57711443887665], [-73.66787471419244, 45.57720834141042], [-73.66792686876059, 45.577256133984676], [-73.6680831650705, 45.57739991763238], [-73.66824250891464, 45.577543598492845], [-73.66832252459889, 45.577618030745846], [-73.66840381128672, 45.577693646145995], [-73.66853164805075, 45.57780940088311], [-73.6687177881534, 45.577979020563255], [-73.66888533137326, 45.57813100194327], [-73.66904315594756, 45.578274733405465], [-73.66912602783859, 45.578350188466906], [-73.6692123691293, 45.578428802134695], [-73.66937657859367, 45.578576607104885], [-73.66941736198032, 45.578614082185624], [-73.66957357287606, 45.57875762093256], [-73.6697510590225, 45.5789210609088], [-73.66986957554258, 45.579025369524146], [-73.67034118117002, 45.5794512600808], [-73.67049901315882, 45.57959498858783], [-73.67065677480126, 45.57973764797911], [-73.6708113455042, 45.57987826930398], [-73.6709659157006, 45.580018891316854], [-73.67112201138512, 45.58015946134137], [-73.67128158813752, 45.58030634634198], [-73.67143471096948, 45.5804480874701], [-73.67148482098617, 45.58049282923508], [-73.67158747230255, 45.58058448123786], [-73.67162816561067, 45.58062171179741], [-73.67174690656013, 45.58072922689381], [-73.67190474700425, 45.580872954313904], [-73.67206244332492, 45.58101454193183], [-73.6722122332543, 45.581152105506796], [-73.67237188813557, 45.581300058740005], [-73.67253285119128, 45.58144475328328], [-73.67269395874227, 45.581591585375364], [-73.67285499721858, 45.5817373483422], [-73.67302437620671, 45.58189355087868], [-73.67316457236933, 45.582021810868156], [-73.67318715735071, 45.5820424718351], [-73.67335617444846, 45.582193326726845], [-73.67346225779436, 45.582288902269674], [-73.67352367023925, 45.58234423226627], [-73.67369588369627, 45.582497123507785], [-73.67387107131297, 45.58264884377863], [-73.67405706557867, 45.582802346073045], [-73.67408413283144, 45.58282394665207], [-73.67415272471085, 45.58287868587376], [-73.67424915617165, 45.58295564169901], [-73.67444356716248, 45.58309814178819], [-73.67464392560463, 45.58323829649109], [-73.67485647320817, 45.58337804255612], [-73.67507141107384, 45.58350806189205], [-73.67515500151995, 45.58355648140585], [-73.67527960562369, 45.58362865734596], [-73.67528756502043, 45.583632805049], [-73.675341386285, 45.58366085204916], [-73.67534268268595, 45.58366152673175], [-73.67542999490577, 45.583707025779994], [-73.67543484808506, 45.58370955494881], [-73.67549802673088, 45.58374247718235], [-73.67573806448219, 45.58385985996871], [-73.6760138661421, 45.58398676494384], [-73.67625259758785, 45.58408489498831], [-73.67649560899379, 45.58417859255458], [-73.67653133075133, 45.584191271757454], [-73.67659472523258, 45.58421377211394], [-73.67674123167049, 45.58426577079142], [-73.67699113420952, 45.58434851650291], [-73.6772455342708, 45.584430038118064], [-73.67749180932313, 45.58450432815644], [-73.67774425180365, 45.58457948360195], [-73.67799509881894, 45.58465361876747], [-73.67825697302452, 45.58473274462974], [-73.67850477556381, 45.58480698060639], [-73.67876389446532, 45.584890485483946], [-73.67901859122064, 45.58497628227102], [-73.67926886455928, 45.585064370999085], [-73.67952588643358, 45.585161879691825], [-73.67976644427529, 45.58526422960457], [-73.68000903490439, 45.58537401470115], [-73.6802474953585, 45.58549037005761], [-73.68047405999425, 45.58561141202597], [-73.6806995391131, 45.58573892233794], [-73.68092095954128, 45.585874072787725], [-73.68115138046522, 45.58602928913904], [-73.68131124710324, 45.58614184990404], [-73.6813374037238, 45.586160265699135], [-73.6815387385114, 45.58631431355745], [-73.68173565019681, 45.58647065276154], [-73.68192378850839, 45.58663264752728], [-73.68211700479104, 45.586801973795666], [-73.6822943359849, 45.58696218730991], [-73.68248450856746, 45.587131615885404], [-73.68266989598128, 45.58729798967031], [-73.68285687822424, 45.587465380103914], [-73.68304712816683, 45.587635878401585], [-73.68311963747416, 45.58770178810067], [-73.68323593087841, 45.58780749718704], [-73.68342299047453, 45.58797595825232], [-73.68361803157615, 45.58814951001157], [-73.683808360113, 45.588321075892544], [-73.68398639171448, 45.58848521786639], [-73.68399571392882, 45.58849381332153], [-73.68457592081927, 45.589009271533385], [-73.68476640061722, 45.589182975342766], [-73.6848118483483, 45.58922374418803], [-73.68495992765541, 45.58935657671407], [-73.68515193348856, 45.58953022790877], [-73.68534386650222, 45.58970281079616], [-73.6855388493417, 45.5898752894214], [-73.68573245387948, 45.59004995923439], [-73.68591800726583, 45.59021846628852], [-73.68596053166996, 45.59025991879816], [-73.6861116141609, 45.59039313544469], [-73.68630348030914, 45.59056464600613], [-73.6864299100714, 45.59067793251588], [-73.68649375245064, 45.59073513843609], [-73.68668584175686, 45.590909856771844], [-73.68687611622379, 45.591080348550946], [-73.68706493960002, 45.59125195997206], [-73.68725224424905, 45.59142362305598], [-73.6874349762837, 45.59159543910254], [-73.68761451769836, 45.5917652183795], [-73.6877926832943, 45.591937188015244], [-73.68796606040031, 45.592106101329115], [-73.68813661068947, 45.59227832680178], [-73.68830534711185, 45.592446323108916], [-73.68847437571303, 45.59261859916618], [-73.68854678266909, 45.59269643816396], [-73.68863586061411, 45.59279220027531], [-73.68879386219251, 45.59295948650949], [-73.68895222999525, 45.59313211959749], [-73.68911386473722, 45.593307859560596], [-73.6892692597472, 45.593481663297986], [-73.68935306243773, 45.59357600734824], [-73.68941812499976, 45.593649255329844], [-73.68956416328862, 45.59382015962434], [-73.6901145341127, 45.59450351077072], [-73.69024790756734, 45.59467313228984], [-73.6903606609675, 45.594816530111764], [-73.69037173282095, 45.5948306110761], [-73.69051911090148, 45.59501804173289], [-73.69065892603534, 45.59518342102004], [-73.69078487350072, 45.59535071023227], [-73.69091126004791, 45.59552441704362], [-73.69103612354048, 45.59569817574739], [-73.69115938982938, 45.595870914776995], [-73.69128752238687, 45.59604778023171], [-73.69141086434962, 45.59622158874868], [-73.69153572965071, 45.596395345982444], [-73.69165725913848, 45.59656492806857], [-73.69178372269087, 45.59673970364464], [-73.69190873730369, 45.59691559999598], [-73.69204021380934, 45.59709663955883], [-73.69216218226117, 45.59727263882385], [-73.69228074063426, 45.59744339139583], [-73.69240742800459, 45.59762137556505], [-73.69253404329808, 45.59779828891427], [-73.69265260391307, 45.597969041980754], [-73.69277885508262, 45.598140608883554], [-73.69290213464863, 45.598313345936866], [-73.69302671894674, 45.59848282326993], [-73.69314353864058, 45.598650418552204], [-73.69323717923105, 45.598780538192166], [-73.69327008568436, 45.59882626307355], [-73.69339010173644, 45.59899589439563], [-73.69351011723124, 45.59916552558755], [-73.69363006183333, 45.5993340868732], [-73.69375486929448, 45.599506772689814], [-73.69387481407722, 45.59967533370817], [-73.69399476086447, 45.59984389549204], [-73.69411144045353, 45.600009349292485], [-73.6942178616688, 45.60015613278675], [-73.6942328397089, 45.60017678986271], [-73.6943543100351, 45.600345299173476], [-73.69447099301196, 45.600510754386136], [-73.69449426987633, 45.6005432291335], [-73.69459253897524, 45.60068033320017], [-73.69471408566902, 45.60084991097879], [-73.69475117586211, 45.60090262894515], [-73.69483418332636, 45.60102061047997], [-73.6949605964261, 45.60119431349458], [-73.69508069428962, 45.60136501362586], [-73.69520209935553, 45.60153245131701], [-73.69533076808446, 45.60171679951093], [-73.69545725721956, 45.60189157081994], [-73.69557895630756, 45.60206328807142], [-73.69571023785643, 45.60224111479745], [-73.69583534994747, 45.602418077311036], [-73.6959600264249, 45.60258862196069], [-73.69608514135517, 45.602765583285326], [-73.69621178110356, 45.602942493257885], [-73.69633842037061, 45.603119403985254], [-73.69646383206852, 45.603300643047405], [-73.69658887593135, 45.60347653492587], [-73.69671225445026, 45.603650339231095], [-73.69736133227585, 45.60457285358939], [-73.69748642352872, 45.60473835586146], [-73.69749293924218, 45.604746976638346], [-73.69758185657368, 45.604864617444036], [-73.69763363396997, 45.60493653113934], [-73.69770167959476, 45.60503103650892], [-73.69781340498297, 45.6051853901879], [-73.69782818356573, 45.60520580506633], [-73.69795171313076, 45.60538174750754], [-73.69795320612728, 45.605383789327306], [-73.69795677308488, 45.60538866650728], [-73.6980848272893, 45.605563798312886], [-73.69808700832303, 45.605566819749164], [-73.69820799218928, 45.60573439162752], [-73.69833304949314, 45.605910281499064], [-73.69845810758007, 45.606086171226984], [-73.69858316517123, 45.6062620617133], [-73.69870822482429, 45.606437951153936], [-73.69883473638262, 45.60661272034042], [-73.6989597950367, 45.60678860859683], [-73.6990849313362, 45.60696556736941], [-73.69920999284747, 45.607141457135796], [-73.69933657928416, 45.60731729460863], [-73.69946164364517, 45.607493183183976], [-73.6995883046889, 45.60767009103047], [-73.69966655381607, 45.607768457409954], [-73.69971566200483, 45.60783019145334], [-73.6998623806586, 45.60801462786071], [-73.69998882504379, 45.60818832594503], [-73.7001137473167, 45.608362074241235], [-73.70023874340276, 45.608536893059686], [-73.70036054454076, 45.608709674733596], [-73.70048706635193, 45.60888444110341], [-73.70061518618999, 45.609060226724274], [-73.7007418556783, 45.60923713232893], [-73.7009144165189, 45.609459661065266], [-73.70100650764932, 45.60957769754922], [-73.70114195823298, 45.60974894623283], [-73.7012709462167, 45.609915052832065], [-73.70140792135918, 45.61008625081349], [-73.70155099293969, 45.610257241707885], [-73.70166701679331, 45.61039203427112], [-73.70169537041915, 45.61042497274177], [-73.70183466329708, 45.61058537089032], [-73.70197047006623, 45.610739454649384], [-73.70211099644453, 45.6108955221081], [-73.70224309725226, 45.611040082933336], [-73.7024058390123, 45.61120826554047], [-73.7025571093352, 45.61136504226068], [-73.70262115954544, 45.611430421611864], [-73.70271454805037, 45.61152268336162], [-73.70286494042897, 45.611666625206354], [-73.70302034493243, 45.61181683062896], [-73.70318388328002, 45.61197426496852], [-73.70334523908875, 45.61212212520791], [-73.70350296108126, 45.61226153062627], [-73.70366714778878, 45.612406078500825], [-73.7038327839447, 45.61254950416634], [-73.70401279883177, 45.612702093832034], [-73.70416666995735, 45.61282983625639], [-73.70432366348639, 45.61295854469801], [-73.7045237123993, 45.6131136730157], [-73.70470096092991, 45.613248130547674], [-73.70487508856702, 45.613381620686916], [-73.70504609527617, 45.61351414254798], [-73.70521869896224, 45.613647683483194], [-73.70539290220707, 45.613782242580804], [-73.70555519432848, 45.613907875876244], [-73.70555744964176, 45.61390962197898], [-73.70571909419785, 45.614039244230966], [-73.70588538690436, 45.614169781095505], [-73.70608762972799, 45.614334482230916], [-73.70621391502885, 45.61443849553312], [-73.70637396640275, 45.61456709842054], [-73.70653482460227, 45.614707466639956], [-73.70669059840513, 45.61484050215268], [-73.70684187435846, 45.61497476035809], [-73.70699504253854, 45.615114315803005], [-73.70714174690032, 45.615248728559756], [-73.7072899031426, 45.615382020907454], [-73.70743646382287, 45.615514293755545], [-73.70757321906783, 45.61563725034115], [-73.70772152373199, 45.615772680735226], [-73.70786489004286, 45.615902917129375], [-73.70800666201399, 45.61603213494195], [-73.70814835888103, 45.61616028461997], [-73.70829005767291, 45.61628843321607], [-73.70842863385505, 45.616415613719816], [-73.70856219827652, 45.6165365323207], [-73.70869249743768, 45.61665434603224], [-73.70881146493375, 45.61676289231032], [-73.70891416396623, 45.616856980129484], [-73.70899885161413, 45.616933451637266], [-73.70906734241431, 45.616996531831944], [-73.70912595480397, 45.617049226290526], [-73.7091780316752, 45.61709570949505], [-73.70923010606805, 45.61714219268001], [-73.7092773093348, 45.61718455366736], [-73.70955221319697, 45.617440299225024], [-73.70965672506074, 45.61753330235048], [-73.71106166303132, 45.61878957043265], [-73.7115891158351, 45.61924570573876], [-73.71165591326667, 45.61927707586859], [-73.71173133301907, 45.61928904685407], [-73.71304292159343, 45.62045139730192], [-73.71541576324348, 45.622605272787496], [-73.71577165801365, 45.62292830751311], [-73.71373099915763, 45.624548999599384], [-73.71018600013902, 45.6273359996685], [-73.7099800918171, 45.62749890983376], [-73.7074030316273, 45.629537719322464], [-73.70705000058534, 45.629816999817486], [-73.70365800002062, 45.63246200039002], [-73.70040600058576, 45.635035999449045], [-73.6988727172916, 45.63624756563658], [-73.69881866850542, 45.63629027168471], [-73.69762924448274, 45.63723007684318], [-73.6973672984623, 45.63743704240665], [-73.697056000017, 45.637683000795924], [-73.69535554012894, 45.639023804071705], [-73.69507777591589, 45.63924281028406], [-73.69405400005529, 45.64005000029991], [-73.69260637876445, 45.641189868356975], [-73.692316834923, 45.64141784895044], [-73.69060230388158, 45.642767784241485], [-73.69040103184156, 45.642926249908584], [-73.69039499935603, 45.64293099931949], [-73.68851926867774, 45.644406432870355], [-73.6883530696311, 45.64453715851601], [-73.68699541067546, 45.645605005022475], [-73.68606170517334, 45.64634170625685], [-73.68304299968864, 45.648726999653796], [-73.68240113058376, 45.64923418222465], [-73.68167803740482, 45.64980552962227], [-73.68148464878605, 45.64995833217238], [-73.68147935453896, 45.64996251574673], [-73.68135254316807, 45.65006271320069], [-73.68133615486374, 45.650075661527445], [-73.68133381166771, 45.65007751347668], [-73.68111941686999, 45.64988112955271], [-73.68096980243125, 45.649739133916675], [-73.68079271304359, 45.64957105979113], [-73.68073124735577, 45.64951272363732], [-73.68018314714061, 45.64902195835498], [-73.67894723790778, 45.64786327153845], [-73.67824460346378, 45.647210248318125], [-73.67812505003894, 45.647099135108924], [-73.67679563717522, 45.64586319481321], [-73.67617946674748, 45.6452915692709], [-73.67568756049981, 45.64483521700966], [-73.67494544534404, 45.644141167842605], [-73.67422208157927, 45.643468512611996], [-73.67290817229218, 45.64225154917051], [-73.6721814605995, 45.641577694502644], [-73.67172362848297, 45.64114389142744], [-73.6713882091441, 45.64081349843549], [-73.6713881718282, 45.64081346069897], [-73.67094784319274, 45.64040173590867], [-73.67092891071317, 45.640384034156206], [-73.67083068827877, 45.640291135941794], [-73.67064913781232, 45.64011943070688], [-73.67037701680505, 45.63986206231094], [-73.66933243098073, 45.63887291186482], [-73.66836769056704, 45.637977215515896], [-73.66784164327765, 45.63750378348904], [-73.66725770148976, 45.63696924588623], [-73.66637149364087, 45.63614900243401], [-73.66589559450553, 45.63570608220671], [-73.66538880001806, 45.63522271269567], [-73.66487176365213, 45.63474295496615], [-73.66436886349358, 45.634269473275296], [-73.66365766313298, 45.63361632343472], [-73.6630455007062, 45.63305301004401], [-73.66231498576185, 45.63236298654271], [-73.66148671851646, 45.63157051671214], [-73.66106748144372, 45.63118058545919], [-73.66067944063425, 45.63080497534102], [-73.66031871045227, 45.630445983080364], [-73.66018604280666, 45.63033189166375], [-73.65989690656349, 45.63008707605485], [-73.65928445645244, 45.62950940028821], [-73.65875690657889, 45.6290404458409], [-73.65857954186453, 45.62889400840334], [-73.6585242637347, 45.62884836870452], [-73.65864878514718, 45.62867042227735], [-73.65881775523843, 45.628435375029525], [-73.65894489984836, 45.62825961119041], [-73.65906739714762, 45.62808293045647], [-73.65919156298544, 45.627908338450084], [-73.65931137197592, 45.62773710602077], [-73.65942972779806, 45.627566995768696], [-73.65954822876316, 45.627399024066456], [-73.65966687360088, 45.627233190915554], [-73.65978246702392, 45.62706745998517], [-73.65989820563655, 45.62690386761021], [-73.66001401715626, 45.62674134490131], [-73.66012968212979, 45.62657668339515], [-73.66023365687896, 45.62642780127357], [-73.66024389530799, 45.626413141384376], [-73.66037458512899, 45.62624476206943], [-73.66039395129216, 45.62621231423674], [-73.66047220833691, 45.62608119541815], [-73.66058511948826, 45.62592092843926], [-73.66070381287474, 45.625750455508715], [-73.66081965167918, 45.625597322471755], [-73.66093981837788, 45.62543398551393], [-73.66106932214996, 45.62527077833302], [-73.66118665958425, 45.62502865382435], [-73.66137103326857, 45.62476727636393], [-73.66226221119258, 45.62350385531998], [-73.66264052236474, 45.62299916842654], [-73.66298542721826, 45.62258779017841], [-73.66334048747224, 45.622191079671516], [-73.66374388714308, 45.62178632361506], [-73.6647826616751, 45.620815758728114], [-73.66521587018343, 45.620445378061774], [-73.6656618470466, 45.6200831449213], [-73.6661237873298, 45.61973109801443], [-73.66657838894717, 45.619406095151426], [-73.66705744579382, 45.619081344445355], [-73.66755224768374, 45.61876357015687], [-73.66831312960612, 45.61831468984023], [-73.66889735174769, 45.61799341525747], [-73.66890773379605, 45.61798770581581], [-73.66880559400572, 45.617895142424686], [-73.66872332432715, 45.61782175995901], [-73.66871961764375, 45.61781845317773], [-73.66859040476075, 45.61770319819363], [-73.66829984613895, 45.617444025306135], [-73.66800288050696, 45.61718064990911], [-73.6679161765656, 45.61710261497968], [-73.66775192680099, 45.61695587525647], [-73.66761482322732, 45.616826451294195], [-73.6674568887632, 45.61668271628792], [-73.66729402228532, 45.61653378459342], [-73.66711685625592, 45.61637675445929], [-73.6669606672672, 45.616236175488666], [-73.66678815003834, 45.61608006126312], [-73.66661882483835, 45.61592598472065], [-73.66643818065639, 45.61576263731774], [-73.66626914953687, 45.61561283848931], [-73.66609852124313, 45.615462021327176], [-73.66594298708364, 45.615299590431945], [-73.66579496306778, 45.61514695831747], [-73.66533754254387, 45.614703273065196], [-73.66517147038967, 45.614526381756654], [-73.6650054579321, 45.614369489636324], [-73.66490066632899, 45.6142658379763], [-73.664714270222, 45.61409849907782], [-73.66457682616534, 45.61396537271346], [-73.66440127699332, 45.61379420870717], [-73.66427200396198, 45.61367059306429], [-73.66415904828584, 45.61355838251147], [-73.66405020128789, 45.61345854484597], [-73.66393182892764, 45.61335015080456], [-73.66383111332725, 45.6132464931959], [-73.66368960815352, 45.61311527559949], [-73.66356607607521, 45.61301024941459], [-73.66355765716015, 45.61300309165703], [-73.6634842052859, 45.61294224799956], [-73.66342711341639, 45.612890977532906], [-73.66326579974876, 45.61274611038752], [-73.66340064796654, 45.61269298444187], [-73.66349667853316, 45.61265515154675], [-73.66412102654992, 45.61240568842671], [-73.66425317111454, 45.61235193007855], [-73.66440061179865, 45.61230886379179], [-73.66483277513036, 45.6121454256755], [-73.66485896960054, 45.61213551948768], [-73.66530248501911, 45.611967785434615], [-73.66594407856462, 45.61171220454203], [-73.66631415350072, 45.611556896319534], [-73.66691854590172, 45.611297764783544], [-73.66771835191646, 45.61095306590325], [-73.66762822945583, 45.61084053725853], [-73.6673996631965, 45.61055855918092], [-73.66734752703715, 45.61047935548741], [-73.6673085932944, 45.61039084712877], [-73.6672822653348, 45.610300225502286], [-73.66727047245669, 45.61021475928683], [-73.6672752530744, 45.610097774886896], [-73.66729929964139, 45.60999246001235], [-73.66739201620402, 45.60969808102745], [-73.66765060563334, 45.60887975613519], [-73.6682200978118, 45.60707746991866], [-73.66846523419699, 45.60631135616516], [-73.66850333845532, 45.606192522834], [-73.66866584794857, 45.60566318484545], [-73.66870009732203, 45.60554165764578], [-73.66872799331985, 45.60543903618206], [-73.6687468587467, 45.60531753168402], [-73.66874914211262, 45.60522394631067], [-73.66873712958115, 45.60506559451147], [-73.66871621889727, 45.60493245100381], [-73.66867986005589, 45.60477773445198], [-73.66863203389462, 45.604646430314844], [-73.66858044833657, 45.60454392616782], [-73.66851598416541, 45.604421644798386], [-73.6684438608903, 45.60431017260834], [-73.66836663702746, 45.604207706158924], [-73.66830102629312, 45.60413041770637], [-73.66822387286128, 45.604051346558634], [-73.668115041331, 45.60395078371723], [-73.66730218322036, 45.60319966390134], [-73.6671466400947, 45.603055019395946], [-73.66677900533914, 45.60271632180533], [-73.66669418849635, 45.60264535923876], [-73.66661968575269, 45.6025941777673], [-73.66653109810682, 45.60254841574387], [-73.6659727242549, 45.602297276674484], [-73.66567366971985, 45.60217173492659], [-73.66552605786421, 45.6021062615005], [-73.66541950148674, 45.60205242619847], [-73.66531289246002, 45.60198059432388], [-73.6652370914652, 45.601923115031354], [-73.66513811620612, 45.60183147574597], [-73.66499159258325, 45.60169941281855], [-73.66511317162713, 45.60163085027268], [-73.66784043460459, 45.60013676140224], [-73.66831815732078, 45.59987357157783], [-73.66233825563081, 45.594416922063665], [-73.66251932366553, 45.594290548230994], [-73.66281982768739, 45.59408458416441], [-73.66284535353013, 45.59406785775809], [-73.66300148774508, 45.593965547719215], [-73.66314865552476, 45.5938861527114], [-73.66335344768879, 45.59378867855393], [-73.66352370095338, 45.59371464902002], [-73.6636709431935, 45.59366134826329], [-73.66382972837019, 45.59361073024942], [-73.6640141526172, 45.5935618748645], [-73.66418963872201, 45.59352472980225], [-73.66434849395964, 45.59349840634264], [-73.66452274000908, 45.59347565981288], [-73.66465855324023, 45.593459267220524], [-73.66485206146743, 45.59344909002619], [-73.66495393095327, 45.59344753564605], [-73.66511267883128, 45.59344511433055], [-73.66513316345923, 45.59344480127563], [-73.66524296506896, 45.59344312629225], [-73.66546468910197, 45.59343920604493], [-73.66564410632337, 45.59343174740397], [-73.66586578787035, 45.59341342917897], [-73.66606821720542, 45.59338614022413], [-73.66630522037707, 45.59334800263848], [-73.66654858647846, 45.59329455819463], [-73.66673172828519, 45.593246600118086], [-73.66698015895473, 45.593172451298734], [-73.6671402000932, 45.59311462821231], [-73.6673898284088, 45.5930125820533], [-73.6676445423952, 45.59289703045062], [-73.66813153303539, 45.59268112337551], [-73.6682269426275, 45.59263882323165], [-73.66814590630443, 45.59254176101161], [-73.66803143648616, 45.59240785492671], [-73.6673245716514, 45.59175561659058], [-73.66725257661014, 45.59168103620579], [-73.66719724869668, 45.5916082310404], [-73.66715216618857, 45.59153271136955], [-73.66710961507223, 45.59144639002765], [-73.66707988064097, 45.59136004992427], [-73.66705906448422, 45.59125570018757], [-73.66704850427999, 45.59115223527773], [-73.66704823467299, 45.59106135292627], [-73.6670619991095, 45.59094885415036], [-73.66708734367278, 45.590851635530385], [-73.66664363659224, 45.59076500020876], [-73.66640640785961, 45.59072305404246], [-73.66629483600487, 45.590699820949986], [-73.66621018664817, 45.59067924806871], [-73.66609987271254, 45.5906479144923], [-73.66600235671685, 45.59061026340827], [-73.66593049481469, 45.590579773615296], [-73.66584321094456, 45.59053490889843], [-73.66576617500145, 45.59048822958617], [-73.66568269394809, 45.59042896195947], [-73.66558760693253, 45.59034541570385], [-73.66499646882536, 45.58980457376835], [-73.66345194180998, 45.588421956546306], [-73.66334659314087, 45.58833302410054], [-73.66325669686043, 45.58826926470361], [-73.66315270336081, 45.58820552536945], [-73.66303977028005, 45.588152596654304], [-73.66266769803751, 45.58801005415323], [-73.66179648440907, 45.587655858657705], [-73.65781782244275, 45.58611115346526], [-73.65825205997918, 45.58542656137057], [-73.65830738635192, 45.58534917131558], [-73.65886364238985, 45.58457141199954], [-73.65967495186165, 45.58371272104754], [-73.66058838644835, 45.583132777734114], [-73.66146519494033, 45.58250461732059], [-73.6623419133978, 45.58187645023486], [-73.6628356144174, 45.58136841585001], [-73.66332726491613, 45.580862479722924], [-73.66407848129414, 45.57986798815763], [-73.66423892624316, 45.57965557925932], [-73.66518692363917, 45.57840047415938], [-73.66628068960841, 45.57697636925651]]]}}, {"type": "Feature", "properties": {"district_id": "Sainte-Dorothée"}, "geometry": {"type": "Polygon", "coordinates": [[[-73.78382975200779, 45.53094780687474], [-73.78173598026343, 45.52885483461059], [-73.77929411188028, 45.52641365319037], [-73.7771777523341, 45.52429767355351], [-73.77706892881584, 45.52418886436893], [-73.77600806559529, 45.5231281115023], [-73.77590577381082, 45.52302557528728], [-73.77558702338276, 45.52270606015219], [-73.77440445051182, 45.52152060866944], [-73.77349735764724, 45.520603814011885], [-73.77345881083015, 45.52056485502093], [-73.77166521664422, 45.51875196509044], [-73.77115353608508, 45.518234752873106], [-73.77093142180321, 45.518010234208], [-73.77009241850499, 45.51715677021604], [-73.76981213256316, 45.516871645793906], [-73.76928026276522, 45.51632142243901], [-73.76817442697508, 45.51517738418339], [-73.76759873657494, 45.51458178222181], [-73.767425998641, 45.514404444680935], [-73.76671656701095, 45.513676106952474], [-73.76668735901231, 45.51364613843664], [-73.7666671312, 45.51362628386466], [-73.76630814545811, 45.5132739074369], [-73.765461005146, 45.51244234424313], [-73.76514770699413, 45.5121277250545], [-73.76490863135793, 45.511887638652134], [-73.76484222682267, 45.51182095328086], [-73.76466544414603, 45.51164341929386], [-73.76480454623999, 45.511606358177], [-73.76612006039863, 45.51143449611172], [-73.76642979720019, 45.511421214115494], [-73.7684961419205, 45.511332581752924], [-73.77070293943937, 45.51132735273229], [-73.77149425240543, 45.51132546754921], [-73.77502381499114, 45.51155811528742], [-73.78105800155039, 45.511832711772655], [-73.78234835520446, 45.51189289650936], [-73.78260600480252, 45.51214871428566], [-73.78256460032945, 45.512145202048025], [-73.7867054113321, 45.51625617688955], [-73.78674121466743, 45.516292048272646], [-73.78691781079002, 45.516468974326635], [-73.7870927226459, 45.51664420453545], [-73.78724390437337, 45.51678736442101], [-73.78739143668675, 45.5169323419649], [-73.78752530193445, 45.517063946985125], [-73.78755650045754, 45.51709494536125], [-73.78765822812682, 45.51719601942802], [-73.78779063145974, 45.51732834858532], [-73.78792314012354, 45.517460628729225], [-73.7880187219083, 45.517556042662626], [-73.78804653940897, 45.51758380999973], [-73.78805565324437, 45.51759290780532], [-73.78808572535057, 45.51762303332933], [-73.78812680474822, 45.517649775575265], [-73.78819746168223, 45.517720559687646], [-73.78832923807019, 45.51785320023551], [-73.78845839966758, 45.51798351124441], [-73.78846081338419, 45.51798594731729], [-73.78858987921407, 45.51811994056504], [-73.78834047201572, 45.51849265635571], [-73.78886210909103, 45.518374359158074], [-73.78972297838953, 45.518201635766545], [-73.79001966885797, 45.51814746024072], [-73.79002649764347, 45.51814621372048], [-73.79052689573797, 45.51805483928156], [-73.79083143202911, 45.51800359046954], [-73.79102092542567, 45.51797263295461], [-73.79122805309437, 45.517946392126476], [-73.79155980307343, 45.51791888087759], [-73.79222845722398, 45.517868184935544], [-73.79363982848068, 45.51777736924165], [-73.79381182241715, 45.51776835600481], [-73.79416943305657, 45.517764578647665], [-73.79448375940599, 45.517773291775356], [-73.79469786710031, 45.517787024587626], [-73.79484693238079, 45.517797115874174], [-73.79499060318507, 45.517811981955106], [-73.79517359884416, 45.517834365199434], [-73.79531731594628, 45.51785780263396], [-73.79547973359685, 45.517886816422084], [-73.79569887321402, 45.517936640456696], [-73.79615517242476, 45.518055137204314], [-73.79657811367129, 45.51815842144474], [-73.79690830358923, 45.51823270670522], [-73.7971849739211, 45.518292937070726], [-73.79742364853422, 45.51834088479153], [-73.79762839241138, 45.51837653951488], [-73.79820188783967, 45.518465515632556], [-73.79924164195205, 45.518600885278914], [-73.79984617328235, 45.51866596294551], [-73.79997900105108, 45.51867894714875], [-73.80012129081496, 45.51868809731238], [-73.80025001419945, 45.51869347303218], [-73.80077163982605, 45.518707337783816], [-73.80099385509949, 45.51871627548844], [-73.80121068272203, 45.51873094185592], [-73.80149931802188, 45.51874732236998], [-73.80167007131826, 45.51875925156933], [-73.80203940158336, 45.518789297628665], [-73.8023416296651, 45.518816393169544], [-73.80274505007031, 45.518856717378426], [-73.80342499870827, 45.51890530438091], [-73.80448817723713, 45.5189948575308], [-73.80466506193714, 45.519012956813164], [-73.80484401667499, 45.519038192333056], [-73.80522232515395, 45.51910289299889], [-73.80555793083884, 45.519161992656706], [-73.80594236729914, 45.51923238853298], [-73.80630241285682, 45.51930142047243], [-73.80656501008592, 45.519361574960065], [-73.80663913986716, 45.51938083594639], [-73.8067788856038, 45.51942185340163], [-73.80698662372006, 45.51949058304218], [-73.80710973473526, 45.51953254463568], [-73.80725331632426, 45.519572651356135], [-73.80761233738042, 45.51968506503411], [-73.8078277035934, 45.51974387435362], [-73.80835969641134, 45.519886414008454], [-73.80873784814811, 45.51998527489118], [-73.80917105204819, 45.52008578521432], [-73.80975288853489, 45.52021288616939], [-73.81003223561959, 45.5202670186147], [-73.81028456910198, 45.52029692806231], [-73.81055093365781, 45.52031780040306], [-73.81091458553249, 45.520339307208324], [-73.8113716549775, 45.5203560590541], [-73.81211419606588, 45.520376528636596], [-73.81255589084103, 45.52039061822943], [-73.81311412343902, 45.52041428498309], [-73.81314267635668, 45.52048076611618], [-73.81315545874254, 45.52050057345768], [-73.81317750996998, 45.52053468174687], [-73.81326779590503, 45.52063940417318], [-73.81326782682562, 45.520639440082], [-73.81327801708518, 45.52065138811255], [-73.81332400588326, 45.520698713266555], [-73.81345183923389, 45.52083021438312], [-73.81351617647009, 45.52089639655561], [-73.81372619988478, 45.52110254657436], [-73.8137293906063, 45.521105684553135], [-73.81385337973849, 45.52122737851048], [-73.8139565829039, 45.52132869048745], [-73.81405467397478, 45.52142496652013], [-73.81415097247383, 45.52151948820896], [-73.814210886012, 45.52157829625864], [-73.81438749709513, 45.52175164507602], [-73.81445961946612, 45.52182243855778], [-73.81465772421024, 45.522023942270756], [-73.81487795814405, 45.52224795712825], [-73.8150595472496, 45.522432668743924], [-73.8151208304046, 45.522492492948345], [-73.81512216256823, 45.52249379404166], [-73.81512296572174, 45.522494577386524], [-73.81512389887638, 45.52249548815008], [-73.81518311403026, 45.522554714232534], [-73.81518330579195, 45.52255489817066], [-73.81529876339245, 45.52267047715854], [-73.8154523006589, 45.52282430116251], [-73.81549035373301, 45.52286244467613], [-73.81562757890875, 45.52299988690884], [-73.81574716324472, 45.523119655385536], [-73.8158557940485, 45.52322842378267], [-73.81597238239058, 45.523345181339565], [-73.81598368804332, 45.52335655553931], [-73.8160209731345, 45.5233939001394], [-73.81625287863613, 45.523626166629874], [-73.8162563635767, 45.52362967355638], [-73.81631022381093, 45.52368387656401], [-73.81652730072081, 45.52390232421056], [-73.81655735238377, 45.52393256824161], [-73.81667480042745, 45.524050762428914], [-73.81685924181932, 45.52423637745648], [-73.81698151991277, 45.52435481707828], [-73.81703451065493, 45.52440667176863], [-73.81822681334648, 45.52557338485143], [-73.81876534376603, 45.52610064082217], [-73.81876553553113, 45.52610082115481], [-73.81876565398163, 45.526100940502936], [-73.81894330740487, 45.52627591334169], [-73.81931097199552, 45.52662551138742], [-73.82048278989123, 45.52777855948232], [-73.82071643914303, 45.52801478463419], [-73.82092754961815, 45.5282123273424], [-73.82122192155896, 45.5285129128011], [-73.82154742422549, 45.528926261392044], [-73.82192356549575, 45.52880029081142], [-73.82261900827336, 45.52856738059691], [-73.82328349771402, 45.52835224008317], [-73.82353368804525, 45.52827009630146], [-73.82357100811714, 45.5282578427653], [-73.8238099214181, 45.528172580882114], [-73.82400914254676, 45.528086531248924], [-73.82424151903707, 45.52797789117893], [-73.8244840844753, 45.52786022329865], [-73.82515814673806, 45.52753166489643], [-73.82557685506849, 45.52732350922203], [-73.8257849902231, 45.52723023235623], [-73.82599961915199, 45.527153133687804], [-73.8262168546624, 45.527084125726525], [-73.82654538182405, 45.52700040183331], [-73.82690978420007, 45.52692197336849], [-73.82724231686176, 45.52686703086942], [-73.82738176193227, 45.52685043420203], [-73.82778104038172, 45.526825893368276], [-73.8280050393727, 45.52681985136059], [-73.8280260867999, 45.52682024804158], [-73.8281056093833, 45.52689898597385], [-73.8283534763745, 45.527144406854866], [-73.82854474882852, 45.527323195793635], [-73.82867749446568, 45.5274559289693], [-73.82925079947691, 45.52802917274375], [-73.8303008671007, 45.529079089994056], [-73.83030312461663, 45.5290813528608], [-73.83215151285488, 45.53093384049424], [-73.83293712744704, 45.531721152125954], [-73.83354485771387, 45.53233017445188], [-73.83480084999792, 45.53358878652049], [-73.83662830625356, 45.53541992916268], [-73.83674286667487, 45.535534715904895], [-73.83737451853858, 45.53616760422524], [-73.83935400811016, 45.53815085232037], [-73.83969815565055, 45.538495635268674], [-73.84024414163066, 45.539042618862105], [-73.84080871701084, 45.53961507452535], [-73.84106430271515, 45.53985835483791], [-73.84118215932287, 45.53990560879488], [-73.8411892538012, 45.539908452687904], [-73.84125103407922, 45.53994450190188], [-73.84132165673405, 45.53998571132511], [-73.84152383261299, 45.54016866849471], [-73.8416758597366, 45.54031031890003], [-73.84318244398857, 45.54171832139933], [-73.84327225270889, 45.541802251122355], [-73.8434701818474, 45.541987222388805], [-73.84373967577095, 45.54223906983753], [-73.84445146614298, 45.54290794055473], [-73.84476417318437, 45.54320178560278], [-73.84418100057451, 45.54321500089696], [-73.84218300732512, 45.54323499938081], [-73.84130200528922, 45.54329300287309], [-73.83924699993855, 45.543458002169594], [-73.83847099444024, 45.54354500034423], [-73.83771700497007, 45.54364999598458], [-73.83680499968371, 45.54381099867756], [-73.83590399723225, 45.54400599895809], [-73.8351400023728, 45.544195997484174], [-73.83446399569175, 45.54438900331353], [-73.83373699295025, 45.544619999466256], [-73.83312899841363, 45.544828003200045], [-73.83242166213266, 45.545108060190636], [-73.83160200423305, 45.54545900137968], [-73.82345193642615, 45.549056075104524], [-73.8229380224666, 45.54931616984518], [-73.82195271787853, 45.549805590404056], [-73.82065618673552, 45.550390895521524], [-73.81864018420806, 45.55127335728796], [-73.81825393187967, 45.55144242344586], [-73.81776538697127, 45.55165626075709], [-73.81539615034087, 45.552655536917484], [-73.81451439860386, 45.55301985209426], [-73.8143169119662, 45.55309467706016], [-73.81393252764803, 45.55323321989224], [-73.81339132828984, 45.55341393330254], [-73.81283103226617, 45.553583515987384], [-73.8113413152574, 45.5540204210114], [-73.80992594013658, 45.55443549986023], [-73.80968282831401, 45.55450679263864], [-73.8096706007761, 45.55451037833517], [-73.80946990116557, 45.554569234236986], [-73.80937521870305, 45.55459700045867], [-73.80918142255028, 45.55465383052396], [-73.80900142359576, 45.55470607967226], [-73.80878218472567, 45.55450432297959], [-73.80854609664529, 45.554287057719456], [-73.80854210087531, 45.554283382787155], [-73.80313409448995, 45.549305970848906], [-73.80235761419348, 45.54859122115296], [-73.7976623726924, 45.544292666465644], [-73.79616935513074, 45.54292560973351], [-73.79499967956114, 45.54185455667945], [-73.79487701246917, 45.54174222908504], [-73.79325559209657, 45.54025742439053], [-73.79096081637778, 45.5380729331377], [-73.7894656617958, 45.53661378884147], [-73.78893150633219, 45.53609247566464], [-73.78457054816548, 45.53168827321162], [-73.7839286858361, 45.5310466980534], [-73.78382975200779, 45.53094780687474]]]}}, {"type": "Feature", "properties": {"district_id": "L'Abord-à-Plouffe"}, "geometry": {"type": "Polygon", "coordinates": [[[-73.7370531286648, 45.54224756738101], [-73.73599621764133, 45.54118410843845], [-73.73575817428478, 45.54094458370567], [-73.73561504457504, 45.54080322124395], [-73.7352708516461, 45.54046327567621], [-73.73480535047564, 45.53999271872386], [-73.73393480314117, 45.53911176433498], [-73.73385893131749, 45.53903363382652], [-73.73314655116883, 45.53830802127697], [-73.73283529836844, 45.53797301668436], [-73.7326751999323, 45.537801275937916], [-73.73262179971054, 45.53774399304733], [-73.73243289517913, 45.53754177281904], [-73.73232469752793, 45.53742594714995], [-73.7322370161919, 45.53733208429992], [-73.73213552247664, 45.53722343452168], [-73.73197746180165, 45.537054227976235], [-73.7318834551524, 45.53692394236174], [-73.73182277288052, 45.53680168758428], [-73.73165626416781, 45.53662607648319], [-73.7315853189829, 45.53655125304201], [-73.73150977661392, 45.536471581547964], [-73.73143527095407, 45.53639300300519], [-73.73137431321344, 45.53632871159395], [-73.73131609601636, 45.53626731117824], [-73.73065230120751, 45.53551874914398], [-73.7303706419668, 45.535201114078774], [-73.73022460197673, 45.535046902703236], [-73.73004658981526, 45.53485892881366], [-73.73001338144483, 45.534822370473876], [-73.7297855027201, 45.53457150609715], [-73.72976329892519, 45.53454833493441], [-73.72963492924413, 45.53441436959769], [-73.72956691158778, 45.53434338669737], [-73.72935741635244, 45.53414764278415], [-73.72904295008452, 45.5338736997936], [-73.72897322579108, 45.53381374837297], [-73.72839071437971, 45.5333128758019], [-73.7281770929663, 45.53312919037407], [-73.72880276193177, 45.53273322928211], [-73.72978816142863, 45.53220086492365], [-73.73084766222858, 45.53190928037453], [-73.73241885058943, 45.53152031382103], [-73.73338841093184, 45.53132523795516], [-73.73435571949993, 45.53113060479252], [-73.7364741834964, 45.530451153850976], [-73.73734277821596, 45.530003026092224], [-73.73811652701198, 45.52960382021591], [-73.73986733283824, 45.52846699265473], [-73.74125276882438, 45.527451395137064], [-73.74208993459033, 45.52653338237717], [-73.74263574546747, 45.52585715575961], [-73.74314296532134, 45.524771039837475], [-73.74356023473581, 45.52412403356595], [-73.74401493416332, 45.52341896995965], [-73.74474133849768, 45.522284184417394], [-73.7457243674567, 45.5212694910767], [-73.74663484874164, 45.520399442128074], [-73.74761926154677, 45.519746377769096], [-73.74867792589274, 45.51933417543646], [-73.74973758837424, 45.519138939652116], [-73.75036689549725, 45.51910296323193], [-73.751053634443, 45.51906369959692], [-73.7525529094444, 45.519060401912284], [-73.75357622840728, 45.51893766692334], [-73.75383865866841, 45.51886538926339], [-73.75463545045842, 45.518645932741904], [-73.75587625536753, 45.51813670543849], [-73.75698649580018, 45.517447478894084], [-73.7570067595295, 45.517434899421154], [-73.75703647874825, 45.517409448040944], [-73.75813588237813, 45.51646791559441], [-73.75919120556765, 45.515380591977845], [-73.75969910042276, 45.51448733757298], [-73.76031785045718, 45.51385899078788], [-73.76122881506708, 45.51318184917817], [-73.76246879326996, 45.512503885330986], [-73.76354377243146, 45.5119789630863], [-73.76370913306381, 45.51189820489431], [-73.76466544414603, 45.51164341929386], [-73.76484222682267, 45.51182095328086], [-73.76490863135793, 45.511887638652134], [-73.76514770699413, 45.5121277250545], [-73.765461005146, 45.51244234424313], [-73.76630814545811, 45.5132739074369], [-73.7666671312, 45.51362628386466], [-73.76668735901231, 45.51364613843664], [-73.76671656701095, 45.513676106952474], [-73.767425998641, 45.514404444680935], [-73.76759873657494, 45.51458178222181], [-73.76817442697508, 45.51517738418339], [-73.76928026276522, 45.51632142243901], [-73.76981213256316, 45.516871645793906], [-73.77009241850499, 45.51715677021604], [-73.77093142180321, 45.518010234208], [-73.77115353608508, 45.518234752873106], [-73.77166521664422, 45.51875196509044], [-73.77345881083015, 45.52056485502093], [-73.77349735764724, 45.520603814011885], [-73.77440445051182, 45.52152060866944], [-73.77558702338276, 45.52270606015219], [-73.77590577381082, 45.52302557528728], [-73.77600806559529, 45.5231281115023], [-73.77706892881584, 45.52418886436893], [-73.7771777523341, 45.52429767355351], [-73.77690113914139, 45.52439686786873], [-73.7766079442712, 45.52450200731398], [-73.7753090678667, 45.52497977008763], [-73.77496356147559, 45.52510389740368], [-73.77442370397327, 45.52529784497741], [-73.77429014362976, 45.52534632247581], [-73.77405656774314, 45.52543459496246], [-73.77378891013208, 45.52553254185189], [-73.77325350905024, 45.52572846364408], [-73.77281637454074, 45.52586988344975], [-73.77246223548158, 45.525967011512726], [-73.77224485559199, 45.52601882064747], [-73.77202871209383, 45.52606162802821], [-73.77178694332491, 45.526099996773716], [-73.77154897575373, 45.526130257415346], [-73.77142717618447, 45.5261426065379], [-73.77064316335787, 45.526222096797525], [-73.77060836702894, 45.526225624718535], [-73.7695950886682, 45.52632835091934], [-73.767108729107, 45.5265474537822], [-73.76594675902571, 45.526641048687736], [-73.76583671470415, 45.526652102904926], [-73.76573564428894, 45.52666583565903], [-73.76554758526515, 45.52669326816473], [-73.76530964985986, 45.52673161428504], [-73.76511652464023, 45.52677075575973], [-73.76493492499968, 45.52681077001675], [-73.7647354532115, 45.52686162347824], [-73.76461399627358, 45.526896098790225], [-73.76444398919735, 45.52695138268147], [-73.76426760192949, 45.527011180276375], [-73.76338330115753, 45.527353361895656], [-73.76318903913938, 45.52742399710473], [-73.76300368349314, 45.5274829135661], [-73.76283748851068, 45.52753278724776], [-73.76265464646872, 45.52758179912569], [-73.76057277273374, 45.52808237844284], [-73.75996529896558, 45.5282196382419], [-73.7595267404101, 45.52834121390424], [-73.75919810104169, 45.52842384543789], [-73.75886438523189, 45.52851638575938], [-73.75848209407663, 45.52862523213406], [-73.75804746446259, 45.52876748951717], [-73.75754386455516, 45.52894589432463], [-73.75696116147992, 45.5291847640888], [-73.75656374061903, 45.52934672856486], [-73.75567815762994, 45.529706850048484], [-73.75559257262252, 45.52974933400579], [-73.75543802917886, 45.529830665193415], [-73.75524776848066, 45.52994087083056], [-73.7550665094959, 45.53006005443835], [-73.75478577558779, 45.5302649443625], [-73.75437888161336, 45.53060059122808], [-73.75403062430921, 45.53088031623948], [-73.75357645612563, 45.53123946113508], [-73.75300485856387, 45.53167984982555], [-73.75289638458622, 45.531758375985675], [-73.75189878582184, 45.53256503586055], [-73.75129909484254, 45.53302797381827], [-73.75204329979107, 45.533675117700376], [-73.75259863730533, 45.53417240146697], [-73.75315265984524, 45.53465978718534], [-73.75373601908973, 45.53512010987346], [-73.75432584654573, 45.535593012877875], [-73.75461240695644, 45.535821833219536], [-73.75467278412297, 45.53586579069127], [-73.75473313700729, 45.535904349157015], [-73.75499889307221, 45.53606212770954], [-73.75531344407948, 45.53625039108177], [-73.75537380188572, 45.53628984903341], [-73.7554342045899, 45.53633920506953], [-73.75581099716403, 45.53669919690157], [-73.75637048019273, 45.537249543217264], [-73.75679231683247, 45.537657122054334], [-73.75682064189357, 45.537691252209754], [-73.75684259352053, 45.537731695552026], [-73.7569319512497, 45.53795285467282], [-73.75697339649672, 45.5380562427769], [-73.75583740940883, 45.53828825118057], [-73.75324050736485, 45.53882764136587], [-73.75254073123472, 45.53897046502281], [-73.75176035077122, 45.539128759299324], [-73.75167083087956, 45.539154152007136], [-73.75159800909067, 45.539191205755436], [-73.75153291010906, 45.539237240826814], [-73.75109910243067, 45.53958643229463], [-73.75090640354995, 45.53973352920084], [-73.7507991076719, 45.53979315408492], [-73.75070957429399, 45.53981584655391], [-73.75066863101681, 45.5398231351041], [-73.75055378373348, 45.5399124709593], [-73.75029968702644, 45.54007499871806], [-73.7495179299548, 45.540505931351355], [-73.74883323700351, 45.5408817571411], [-73.74858407058282, 45.54100287780618], [-73.7484408958617, 45.54105807934621], [-73.74840377365621, 45.54109326542229], [-73.74837947016594, 45.54111379316275], [-73.74834635048158, 45.541132912023336], [-73.74831381312994, 45.54114731266213], [-73.74776978959117, 45.541323722813985], [-73.74772178451177, 45.54133374493033], [-73.74767643712369, 45.54134245020154], [-73.74761320420495, 45.54134901481942], [-73.74755993055811, 45.541352225722775], [-73.74745819157464, 45.54134725409964], [-73.74679236345612, 45.541527768387624], [-73.74623734998893, 45.541696335794406], [-73.74580644599537, 45.541842137584055], [-73.74544200187287, 45.54195900018406], [-73.7446607399918, 45.54222342852892], [-73.74403544339948, 45.54242902903801], [-73.74269789485783, 45.54287189883082], [-73.74169917554987, 45.54319795757695], [-73.74155356610682, 45.543285549738734], [-73.74147438346692, 45.54333520817084], [-73.74110874397122, 45.54347635503374], [-73.74059346085605, 45.54366100815584], [-73.73918307683252, 45.544154380925896], [-73.73901168394576, 45.544202970904436], [-73.73892039472372, 45.54411623765142], [-73.738328820427, 45.54352358116986], [-73.73821436394111, 45.54340864079984], [-73.73783374365958, 45.543036001608165], [-73.73773475290153, 45.54293465837611], [-73.73764339939136, 45.542841133148535], [-73.73719197871829, 45.542378655354945], [-73.7370531286648, 45.54224756738101]]]}}, {"type": "Feature", "properties": {"district_id": "Sainte-Rose"}, "geometry": {"type": "Polygon", "coordinates": [[[-73.79066489962932, 45.598228292973836], [-73.79928938424501, 45.59611048436187], [-73.79926909218622, 45.59617696826373], [-73.79925553336345, 45.596278684405384], [-73.7992586851713, 45.59638935505463], [-73.79928241690838, 45.59651346921522], [-73.7993085831171, 45.596613281621494], [-73.79949035732577, 45.597291275839076], [-73.79962806527105, 45.59779211910712], [-73.79965499701491, 45.597890072158414], [-73.79994131518714, 45.598931379384325], [-73.79996473787685, 45.59899700533445], [-73.80000491057903, 45.59907878419793], [-73.80005916903941, 45.59915782656517], [-73.80011721075789, 45.599225161202], [-73.80024337164657, 45.59932651026257], [-73.80050329449926, 45.59951209123421], [-73.80059080960345, 45.5995775484372], [-73.80069252599468, 45.5996618645811], [-73.80075440968565, 45.59972828894771], [-73.80081382601935, 45.599812716336245], [-73.80086825945858, 45.5999241516543], [-73.80089053112698, 45.599988074361], [-73.80090991799679, 45.6000437190459], [-73.80106558514017, 45.60062819702309], [-73.80111809229996, 45.600637376350505], [-73.80117916737295, 45.60064197723736], [-73.80123682390449, 45.60064182521714], [-73.80129794538327, 45.60063737095072], [-73.80147920015104, 45.60061856866454], [-73.8017825810666, 45.60058681715335], [-73.80222660293843, 45.60053445571931], [-73.80280255126034, 45.60046801427578], [-73.80296981711034, 45.600446568814455], [-73.80350205720748, 45.600327359567494], [-73.80387398004589, 45.60023923332898], [-73.80428140554639, 45.600136661764594], [-73.80429261299007, 45.6001338406462], [-73.80437380225854, 45.60010966643897], [-73.80439192094627, 45.600178812229395], [-73.80446026041957, 45.60043375021796], [-73.80453172454317, 45.60068965433838], [-73.80458142496678, 45.60087508432938], [-73.80466013072666, 45.60116872761409], [-73.80481335771134, 45.60175239973539], [-73.80499818276199, 45.602456415655475], [-73.80506912423276, 45.602704831480544], [-73.8051356471789, 45.60295554551446], [-73.80520369337172, 45.60320620683846], [-73.80526998988373, 45.603453712592724], [-73.80534230644403, 45.603699937050116], [-73.80538516670742, 45.603828434805195], [-73.8054236159922, 45.603943704275316], [-73.80551856554538, 45.604185927743885], [-73.80562365329442, 45.604420294604324], [-73.80574253010266, 45.60465525433426], [-73.80587132278455, 45.60487915010195], [-73.80601253089618, 45.605105831617635], [-73.80618002056904, 45.605336961445616], [-73.80634958012573, 45.60555408145964], [-73.80653552585348, 45.605765271477836], [-73.80672879021435, 45.605971920804805], [-73.80685244157318, 45.6060931031735], [-73.80693059442572, 45.606169695255694], [-73.80714786666702, 45.60637014973297], [-73.80736728252779, 45.60655766301094], [-73.80759813745479, 45.6067340591944], [-73.80786296905099, 45.60691570831903], [-73.8081054134473, 45.60708312345592], [-73.80835722748479, 45.607253429121805], [-73.80860737138843, 45.60742164934167], [-73.80875805991482, 45.60752570125979], [-73.80884982017838, 45.60758906287244], [-73.8090968438317, 45.60775631593424], [-73.80934074446824, 45.60792260690059], [-73.80959431796651, 45.60809606614199], [-73.80987563771957, 45.60828837111131], [-73.80999636254664, 45.60836859695978], [-73.81008187418414, 45.60842542109239], [-73.81031953536971, 45.60858978146067], [-73.81056968979043, 45.60875799641709], [-73.81071093310129, 45.60885442018768], [-73.8108088027453, 45.608921233327045], [-73.81097353155678, 45.60903294121236], [-73.8110494411758, 45.609084417887644], [-73.81129647536963, 45.60925166702167], [-73.81153704147314, 45.60941378084943], [-73.81172645990269, 45.60954337724364], [-73.81185652809819, 45.609633207355564], [-73.81196681633192, 45.60971069802593], [-73.81220409383336, 45.60987741303054], [-73.8121110871013, 45.60992076435422], [-73.81148733877355, 45.61033459714188], [-73.81093889342915, 45.61064822026622], [-73.81040913851929, 45.61089947519086], [-73.80968883822148, 45.61101382199363], [-73.8091768141378, 45.61104022224426], [-73.80850937171637, 45.61097930786479], [-73.80766671363547, 45.61085333535944], [-73.80678472438778, 45.610709481936446], [-73.80589245422766, 45.61059951239159], [-73.80524666507552, 45.610463928965075], [-73.8046959955518, 45.610365391424104], [-73.80408907818791, 45.610392021031], [-73.80372938390921, 45.61051790259925], [-73.80338908141484, 45.610756089237945], [-73.80307768569807, 45.61104415201773], [-73.80281346396478, 45.61130703864037], [-73.80251123132635, 45.611545131610875], [-73.80201940659781, 45.61180874032383], [-73.80183667325262, 45.61190516002993], [-73.80118700841294, 45.61224797623037], [-73.7998436896249, 45.612950860031056], [-73.79745929890889, 45.614093580580615], [-73.79554861747299, 45.615147544646064], [-73.79475503451036, 45.615773977550816], [-73.79420936758939, 45.61663704430494], [-73.79368193754736, 45.61737520529935], [-73.79340039670214, 45.61793794869589], [-73.79308130191578, 45.6186256051153], [-73.79266727900853, 45.619263561710675], [-73.79223410847841, 45.619901562116205], [-73.79162960866158, 45.62042761469494], [-73.79085429491958, 45.62091657725453], [-73.78981350711493, 45.62148126625147], [-73.78918877795053, 45.62193766118001], [-73.78888729063145, 45.622157909139304], [-73.78828487841739, 45.62308358018999], [-73.7878529866067, 45.62399638011083], [-73.7877125203981, 45.62435877817893], [-73.78769328957891, 45.62446788708425], [-73.78756497047983, 45.62519591221239], [-73.7877398770739, 45.6259947043646], [-73.78806639550899, 45.626755651581064], [-73.78845885640641, 45.62745403931191], [-73.7886907943608, 45.62826515722903], [-73.7887312497261, 45.62875203311991], [-73.78860100210692, 45.62926445168624], [-73.78828072349279, 45.629739776727135], [-73.78796975285707, 45.63016516867716], [-73.78753587622342, 45.63067825727438], [-73.78698820237281, 45.631191631904166], [-73.78632686021434, 45.631767744614], [-73.78566517679738, 45.63226899623039], [-73.7847375980848, 45.6327457677498], [-73.78384752453343, 45.63314769294755], [-73.78278647543124, 45.63348748785934], [-73.78166794326806, 45.63372752893189], [-73.78062570146793, 45.63406727536267], [-73.77966022601066, 45.63454420386142], [-73.7789987057871, 45.63510773430978], [-73.77856102429753, 45.635688657752475], [-73.77852739189778, 45.63573329715291], [-73.7780599547543, 45.63391381347831], [-73.77782217753472, 45.63299659720199], [-73.77747097712061, 45.6316294348523], [-73.77742904069609, 45.631466971093516], [-73.77739415724962, 45.63133204096841], [-73.777348808636, 45.63115663160543], [-73.77731043586888, 45.63100820807449], [-73.77727206586677, 45.63085978362028], [-73.77723369350835, 45.63071136005488], [-73.77719931746749, 45.63057691992452], [-73.77715790062753, 45.63041494607904], [-73.77711139949086, 45.630233086758274], [-73.7770676867661, 45.63006213190563], [-73.7770331964475, 45.62992724207563], [-73.77691423925093, 45.62946200874757], [-73.77684482486595, 45.629188715294454], [-73.77680978457992, 45.62904271029209], [-73.77677862733421, 45.62891273881781], [-73.77675791397098, 45.62882633397338], [-73.77670670112529, 45.628612709489296], [-73.77664233863442, 45.62835883082374], [-73.7766118964434, 45.62823875291519], [-73.7765754823929, 45.62810758473264], [-73.77653844724679, 45.62795309461449], [-73.77651103497135, 45.62794939610515], [-73.77627779333909, 45.62791792309096], [-73.77476566952888, 45.627713869988696], [-73.77405197703256, 45.62761755390698], [-73.77315704278743, 45.627496771448435], [-73.76972298803602, 45.62703336027736], [-73.76969152908845, 45.62702937724253], [-73.76940186138476, 45.62698965411781], [-73.76911377308073, 45.62694462657674], [-73.76882746446363, 45.62689432475379], [-73.76879356673777, 45.62688799777088], [-73.7684999830299, 45.62682986038265], [-73.76820874731355, 45.626766173813294], [-73.76792007405088, 45.62669698256879], [-73.76763417260942, 45.62662233926753], [-73.7673512549221, 45.62654229742352], [-73.76707152653132, 45.62645691596658], [-73.76679519170992, 45.62636625743051], [-73.76652245346091, 45.62627038795304], [-73.76625351095667, 45.626169378181565], [-73.76596463598001, 45.62605339162392], [-73.76568076522787, 45.62593147455482], [-73.76540214676825, 45.625803732614095], [-73.76512902227913, 45.6256702777569], [-73.76486162960454, 45.6255312264479], [-73.76460020275032, 45.62538669876135], [-73.7643465023565, 45.62523774975653], [-73.76409913866186, 45.62508364394193], [-73.76385832390544, 45.62492451404204], [-73.76362426392294, 45.62476049639614], [-73.76339716200656, 45.62459173364861], [-73.76317721118522, 45.62441836936766], [-73.76296460322257, 45.62424055252359], [-73.76275951964439, 45.62405843840901], [-73.76256213683455, 45.623872181428396], [-73.76204681614259, 45.623352695792036], [-73.76187874335422, 45.623183260973136], [-73.7598302391061, 45.62111806256524], [-73.75810065552552, 45.61937423669776], [-73.75635456050824, 45.61761362683766], [-73.75555997595747, 45.61681239055698], [-73.75522226600313, 45.61647184631469], [-73.7534733785323, 45.61470819235736], [-73.75055498919102, 45.6117648538978], [-73.74914125282224, 45.61033889326867], [-73.74816294339269, 45.60935207214324], [-73.74650711537788, 45.60767698755877], [-73.74554173611138, 45.60670032416609], [-73.74573610900585, 45.606666174417555], [-73.74604384854638, 45.60661680351364], [-73.7460746707668, 45.606611858265204], [-73.74742634007899, 45.60639499862057], [-73.7492031280627, 45.606109905554604], [-73.75050493640356, 45.605983037022746], [-73.75169044678792, 45.6057073626028], [-73.75165859619172, 45.60568078619535], [-73.75382991415937, 45.60518182346807], [-73.7564136925785, 45.60487306895677], [-73.75762479391835, 45.60467108557226], [-73.7576359858927, 45.604669218386235], [-73.75836823444318, 45.604547089496904], [-73.75840563906988, 45.60454085007741], [-73.75910176076806, 45.60442474155364], [-73.75914218705266, 45.6044179983349], [-73.76015061598167, 45.60424978901693], [-73.76023638950345, 45.604235479868265], [-73.76056020208263, 45.604181458499426], [-73.76060800124242, 45.604173484978084], [-73.76137427248533, 45.604045517392066], [-73.76139319349159, 45.60404235709861], [-73.76152325289982, 45.60402066064197], [-73.7615327255732, 45.60401908045544], [-73.7635250262714, 45.60368670305739], [-73.76363597874698, 45.60366900120909], [-73.76444493804247, 45.60353402991331], [-73.76483148895156, 45.60346953286406], [-73.76536266852409, 45.60338090271056], [-73.76580783240334, 45.60330662274084], [-73.76597489551975, 45.603278745076494], [-73.76610146342661, 45.603257625623144], [-73.76619095370361, 45.60324269236043], [-73.76630792991955, 45.60322317332474], [-73.76631469317549, 45.60322204447199], [-73.76653012199468, 45.6031860969612], [-73.7666410072086, 45.603167593302786], [-73.7667426044257, 45.603150640030734], [-73.76680577409817, 45.60314009860942], [-73.76685020907433, 45.603132683725455], [-73.7669092029198, 45.6031228385694], [-73.767028449714, 45.603102943661405], [-73.76703193506647, 45.60310235872515], [-73.76703219252634, 45.60310231493165], [-73.76706237599198, 45.603097278227004], [-73.76709931371157, 45.60309111443587], [-73.76710910501889, 45.60308948085168], [-73.76718443682479, 45.60307690956714], [-73.76722125154777, 45.60307076582041], [-73.76731760435459, 45.60305468633859], [-73.76734160736774, 45.60305068082706], [-73.76746497196656, 45.60303009465727], [-73.76748193763031, 45.60302726277039], [-73.76759478584994, 45.60300843055134], [-73.76762675992815, 45.60300309525958], [-73.76771865365562, 45.60298775924476], [-73.76772345578875, 45.602986958842266], [-73.76797447664447, 45.60294506731299], [-73.76798669393713, 45.60294302843943], [-73.76799159853402, 45.60294221068857], [-73.76944675363163, 45.602698496083654], [-73.77040789618552, 45.602537689869166], [-73.77058374894743, 45.602508267545716], [-73.77060083210867, 45.6025054097219], [-73.77060809304191, 45.60253237564924], [-73.77078609590461, 45.60250278055322], [-73.77093824591964, 45.60247738480377], [-73.77109039579648, 45.60245198885189], [-73.77124628699463, 45.602425968331985], [-73.77139843659171, 45.60240057197026], [-73.77155058605061, 45.60237517540607], [-73.77170647682051, 45.60234915425881], [-73.77185862599966, 45.602323757284765], [-73.77199013242719, 45.60230180610668], [-73.7720107750406, 45.602298360108286], [-73.77215169963047, 45.60227483681546], [-73.77230384840523, 45.60224943924905], [-73.772318981941, 45.60224691335252], [-73.7724559970418, 45.60222404148019], [-73.77251401676435, 45.60221435682034], [-73.77258906438631, 45.60220182943862], [-73.77274121276382, 45.602176431290275], [-73.77282628822012, 45.602162229527416], [-73.77289336228505, 45.60215103293641], [-73.7729935339902, 45.60213431056231], [-73.77304569739391, 45.60212560334208], [-73.77324766598838, 45.60209188800248], [-73.7732442802007, 45.60206780051858], [-73.77324382741689, 45.60206457571979], [-73.77342645192022, 45.60203380017582], [-73.77343837284288, 45.602031791122506], [-73.77349743864681, 45.60202192799261], [-73.77381910954816, 45.60196820888063], [-73.7739660462291, 45.6019421071285], [-73.77400075232832, 45.60193549924195], [-73.77400268782942, 45.60194257444306], [-73.77412858411842, 45.60228753624256], [-73.77421007201288, 45.60262108669374], [-73.77436502929837, 45.60314162474171], [-73.77440277440883, 45.60320578175938], [-73.77443902745425, 45.60325311557646], [-73.77448132576008, 45.603304574062804], [-73.7745429964857, 45.603359135374056], [-73.77461074372371, 45.60339793506624], [-73.7747083703563, 45.603438822457264], [-73.77480606293936, 45.60346693205774], [-73.77492909197338, 45.60348562239815], [-73.77505371019797, 45.603488471818665], [-73.77518403021642, 45.603477629993165], [-73.77551106442682, 45.60340152620342], [-73.77570540559465, 45.603349137306694], [-73.7757760024982, 45.60332025611445], [-73.775850392005, 45.603283935846015], [-73.77594083958199, 45.603232851067304], [-73.77603266116438, 45.60316136470951], [-73.77612637239031, 45.60308262559987], [-73.77621118293966, 45.60299892288904], [-73.77634368904926, 45.60286650236972], [-73.77649389994465, 45.60272406875569], [-73.77664597738638, 45.602600323436484], [-73.77685125448895, 45.60246398728747], [-73.77703529424484, 45.602341411142056], [-73.77718221502651, 45.602252572017555], [-73.7773309721663, 45.602176190856184], [-73.77740359602062, 45.60214236637747], [-73.77748332888659, 45.602109770846184], [-73.77758615309143, 45.60207961077495], [-73.77768015543879, 45.60206068930501], [-73.77777420076798, 45.60205049058157], [-73.77790908679233, 45.60204143959598], [-73.77798542097078, 45.602040007611365], [-73.77805284856575, 45.60203236594842], [-73.77821146906489, 45.60200258869511], [-73.77962857149001, 45.60167289267707], [-73.77969676002685, 45.60165702735543], [-73.78001569300133, 45.601604955876574], [-73.78017330586832, 45.60159287167757], [-73.7803706748184, 45.601584289007356], [-73.7805309230556, 45.60158659508934], [-73.78070531235154, 45.60159696464912], [-73.78088356979703, 45.6016118235702], [-73.78102340240602, 45.601633075536554], [-73.78118893564486, 45.6016668616617], [-73.78135320069327, 45.601703350153024], [-73.78357745157612, 45.602244045857105], [-73.78379944135594, 45.60228758614226], [-73.78401498114077, 45.60232304358375], [-73.78418688223276, 45.60234781125416], [-73.78433055904088, 45.60236814977931], [-73.78447419957136, 45.60238128959384], [-73.78461649457387, 45.60238183499469], [-73.78484468571509, 45.60238396573147], [-73.78507926812249, 45.60238248075336], [-73.78529327633167, 45.60236844909069], [-73.78551365283082, 45.602346302663435], [-73.78574552509434, 45.60231602860939], [-73.7868523297008, 45.602165683085495], [-73.78787456059949, 45.6020227386056], [-73.78920621663734, 45.60184087366066], [-73.78933793807778, 45.60182288370262], [-73.78943866693514, 45.601809126624524], [-73.78950595582755, 45.601799796774586], [-73.78950601987539, 45.601799787614006], [-73.78964362458177, 45.6017807124987], [-73.78975588507538, 45.60176418322805], [-73.79142293919398, 45.60151871425036], [-73.79142379356675, 45.60151858879447], [-73.79159705530174, 45.60149307477361], [-73.79157239944232, 45.601405972297734], [-73.79155657987899, 45.60135008568231], [-73.79127931632338, 45.600370562882226], [-73.79109521881836, 45.59972015871765], [-73.79105816950292, 45.59958926336163], [-73.79102436893604, 45.5994698469186], [-73.79095435925326, 45.59922250325713], [-73.79093070553631, 45.599138931680656], [-73.79083609010424, 45.598804647114655], [-73.79078878217221, 45.59863750479552], [-73.79078748172941, 45.598632908184356], [-73.79075124978897, 45.598513315164375], [-73.79068753391823, 45.59830300570474], [-73.79066489962932, 45.598228292973836]]]}}, {"type": "Feature", "properties": {"district_id": "Le Carrefour"}, "geometry": {"type": "Polygon", "coordinates": [[[-73.75698539700754, 45.54912240834914], [-73.75721811688761, 45.549041799182234], [-73.75721814515711, 45.54904181981479], [-73.75726441417133, 45.54908728151325], [-73.75783945749163, 45.54965226702532], [-73.75783948575753, 45.54965228675791], [-73.75800284758573, 45.54983350927848], [-73.75812475311675, 45.5499687563509], [-73.7584174640386, 45.55029346346865], [-73.7584357651822, 45.5503744072803], [-73.7584757835181, 45.550450553518], [-73.75847969310887, 45.55045799261174], [-73.75872841160151, 45.550793068263054], [-73.75892670518014, 45.55102387673067], [-73.75906958561143, 45.5511801241765], [-73.75922402243138, 45.55134264406472], [-73.759687133608, 45.551785212928266], [-73.76007814264932, 45.55214515560102], [-73.76120742332196, 45.55317379028279], [-73.76143109663755, 45.553349646323475], [-73.7616701574992, 45.55352906601545], [-73.76197842024334, 45.553716425036], [-73.76227758133794, 45.55387410955615], [-73.76255229998846, 45.5540084537554], [-73.76323388669105, 45.55432452698344], [-73.76364724004557, 45.55452333711967], [-73.76397471435637, 45.55470794687554], [-73.7642342273317, 45.554875616042246], [-73.76449900443822, 45.55507296698001], [-73.76474069049434, 45.555262272299146], [-73.76536718884431, 45.555842112001244], [-73.76661356459113, 45.556947806296634], [-73.76782480600399, 45.558057658008615], [-73.7683091566667, 45.55850144996738], [-73.77015653593146, 45.56016808829751], [-73.77045223076362, 45.56039234715908], [-73.77069249289207, 45.56054295021732], [-73.77094032955017, 45.56067013911525], [-73.7713203305363, 45.560843805016894], [-73.77150642836668, 45.56091804909074], [-73.77202431679903, 45.56110288831695], [-73.77230844173654, 45.56120948599899], [-73.77274473027907, 45.56136591611157], [-73.77332985782978, 45.56157237922628], [-73.77363659906962, 45.56169312245922], [-73.77394087587854, 45.56183366712193], [-73.77424537309719, 45.562019202135865], [-73.77456284432088, 45.5622379990026], [-73.77493206228621, 45.562560151338346], [-73.77547123819065, 45.563058260158265], [-73.77608380723106, 45.56363087522962], [-73.7762828214308, 45.563817676449666], [-73.77646888880943, 45.56399232490464], [-73.77671371924176, 45.56422212639501], [-73.77646524289489, 45.56429474258842], [-73.77616320081304, 45.56438447840389], [-73.77586108335846, 45.56447314459905], [-73.77555736890972, 45.56456079253499], [-73.77525380102982, 45.564650578212984], [-73.77495023089858, 45.56474036308823], [-73.77464666235475, 45.56483014625158], [-73.77434301718864, 45.5649188615883], [-73.77403944542885, 45.565008643142775], [-73.7737357983347, 45.5650973559673], [-73.77343222592981, 45.56518713770635], [-73.77312720268982, 45.56527803879919], [-73.77282210539234, 45.565367870250896], [-73.77251853006125, 45.565457648664484], [-73.7722133539084, 45.56554640877362], [-73.77190817807225, 45.56563516806527], [-73.77161518358773, 45.56572350794973], [-73.77131015450011, 45.56581440509546], [-73.77100802168809, 45.56590305666887], [-73.7707029163311, 45.565992883369155], [-73.77039049498958, 45.56608724733203], [-73.77007777538748, 45.566177333336825], [-73.7697726657725, 45.56626715755802], [-73.7694854567696, 45.566351003436424], [-73.76918034653687, 45.56644082427447], [-73.76887219066886, 45.56653075044618], [-73.76856418235941, 45.566622813441754], [-73.76825609749262, 45.56671380678332], [-73.76794641566057, 45.56680378172762], [-73.7676249983505, 45.56690059146194], [-73.76731241701229, 45.56699280936206], [-73.76697614268778, 45.56709548654945], [-73.76695349263028, 45.56710250868888], [-73.76669226823377, 45.56718350002325], [-73.76637296346902, 45.56728881011724], [-73.76606134545678, 45.56739492746081], [-73.7657515474477, 45.56750526983325], [-73.76544653989353, 45.567618662363614], [-73.76514182796313, 45.56773633299669], [-73.76495212288862, 45.567812337517644], [-73.76484038468291, 45.56785710595904], [-73.7646891925616, 45.567920666941816], [-73.7645571382744, 45.567976182089986], [-73.76453284148374, 45.56798651624763], [-73.76424729884793, 45.568107961685655], [-73.76424195484424, 45.56811033520868], [-73.76395413449892, 45.568238097507454], [-73.76382690091161, 45.56829606891101], [-73.7636509778159, 45.568378223084686], [-73.76341298667698, 45.56848940295841], [-73.76336861898687, 45.56851013032436], [-73.76309699170149, 45.56864274011239], [-73.76281529905248, 45.56878427085505], [-73.7625326023734, 45.56893333930636], [-73.76225744401056, 45.56908107779205], [-73.76198570236352, 45.56923405829923], [-73.76171562931516, 45.56938912464437], [-73.76144889876699, 45.56954836421927], [-73.76118550812183, 45.56971177615309], [-73.76092516209845, 45.56987508423858], [-73.76066641176652, 45.570039407595175], [-73.76040613684698, 45.570203783326996], [-73.76014441272083, 45.57036927935316], [-73.75987225034162, 45.57053835105964], [-73.75961951088391, 45.57070139408657], [-73.759420989045, 45.570826074158184], [-73.75935770546441, 45.57086581857943], [-73.75909742291186, 45.57103019222213], [-73.75883858784812, 45.571193442595685], [-73.75873048212118, 45.57126171212279], [-73.75857830226285, 45.57135781415293], [-73.7583194641851, 45.57152106244759], [-73.75803562690825, 45.57169803237521], [-73.7577752625689, 45.571861332365074], [-73.75751808985692, 45.57202666718127], [-73.75725924435604, 45.57218991397055], [-73.75700039863196, 45.57235315926918], [-73.75674162290993, 45.57251747461949], [-73.75655282752612, 45.57263720662352], [-73.75648429733766, 45.57268066763147], [-73.75623840733661, 45.572832747577074], [-73.75599441324091, 45.57299012185208], [-73.7557370807781, 45.57315331228259], [-73.75548112192371, 45.573314311564914], [-73.75522523692467, 45.573476380904175], [-73.7549692751351, 45.573637378137], [-73.75471186400249, 45.57379949651439], [-73.75444126338095, 45.573969571204614], [-73.75419688671228, 45.57412159475896], [-73.75394533934629, 45.57428029428275], [-73.75369683569224, 45.57443889020664], [-73.75344818263254, 45.57459534521689], [-73.75319960219207, 45.574752870320424], [-73.75295239431647, 45.57490820434818], [-73.7527081575239, 45.57506236238271], [-73.7524653673634, 45.57521540000246], [-73.75222554835625, 45.575367261660546], [-73.7519842048257, 45.57551917566456], [-73.75196203611836, 45.57553300818457], [-73.75174423401401, 45.575668898638625], [-73.75172726750985, 45.57567962692692], [-73.75171232486522, 45.57568907479193], [-73.75150585912709, 45.57581963710023], [-73.75139917738252, 45.575887100146446], [-73.75126748425356, 45.575970376859956], [-73.75102910681474, 45.57612111432416], [-73.75100146799163, 45.57613846262074], [-73.75077794524228, 45.57592948711929], [-73.75057523837239, 45.57573997026736], [-73.75041477409442, 45.57558949773905], [-73.75039976515419, 45.57557542397701], [-73.75024543017454, 45.575430700293786], [-73.75004134519693, 45.5752393462409], [-73.74983733681728, 45.57504906064975], [-73.74963841569155, 45.57486610619874], [-73.74943593195911, 45.57467576795578], [-73.74923352479816, 45.57448649908071], [-73.74903271356064, 45.57429824857083], [-73.74883190493945, 45.57410999589646], [-73.74863102375656, 45.57392067402054], [-73.74840596711795, 45.57371288131526], [-73.7482066858686, 45.57352457651048], [-73.7480271632836, 45.57335703707054], [-73.74782636266747, 45.57316878348046], [-73.74765337707848, 45.57300745339986], [-73.74741700059374, 45.57279039608567], [-73.74721453312688, 45.57260005560151], [-73.74699884625669, 45.57239515525595], [-73.7467947094512, 45.57220272641399], [-73.74658912604113, 45.572011417915164], [-73.74638187188503, 45.571818022333055], [-73.74617447271622, 45.5716224868797], [-73.74598022012215, 45.571440439117836], [-73.74513626816535, 45.570649135553545], [-73.74506979916039, 45.57058648155843], [-73.7449771521491, 45.57049915086894], [-73.74486846334494, 45.57039669861103], [-73.7444001034092, 45.56995920958995], [-73.74420896293634, 45.56977927751032], [-73.74394292899517, 45.56952884120123], [-73.74368567603268, 45.56928702212496], [-73.74354784502607, 45.56915745850238], [-73.74314303753992, 45.56877783104532], [-73.74266984146625, 45.568336213068825], [-73.74176902579404, 45.567515739716704], [-73.74127747395528, 45.567051157689974], [-73.74091387216052, 45.566715142750795], [-73.74047672788244, 45.56630873815192], [-73.74038372160771, 45.56622185704493], [-73.73983026663376, 45.56570041789075], [-73.7393765788286, 45.56527527591792], [-73.73891818465194, 45.56483648338425], [-73.7385103655769, 45.564446096115525], [-73.73809661232018, 45.56404638845953], [-73.73717705726959, 45.56318141697201], [-73.73710812507338, 45.56311673875183], [-73.73704541199918, 45.563057758828755], [-73.73703727996046, 45.56305011001988], [-73.7369487258171, 45.56296722648803], [-73.73688625219089, 45.56290875258575], [-73.73681644552555, 45.562843415521925], [-73.73669136778027, 45.562726346328276], [-73.73599628734685, 45.56207571174956], [-73.73516164894536, 45.56130140181991], [-73.73513825744273, 45.561279700984045], [-73.73487607579679, 45.561036464528854], [-73.73434451130005, 45.56054320270979], [-73.73391596237839, 45.56014934631729], [-73.7334622205808, 45.55972204255209], [-73.73283399258301, 45.55913236489402], [-73.73241140900012, 45.558736157332035], [-73.73214546521865, 45.55848684647506], [-73.73194651805534, 45.55830172273966], [-73.73179214037117, 45.55815749748406], [-73.7319739928965, 45.558061243787684], [-73.73221758921176, 45.557932296594906], [-73.73236579401161, 45.55785384730268], [-73.73244161415316, 45.557814052643046], [-73.73246408754736, 45.557802256873984], [-73.73264487514518, 45.5577073675198], [-73.73274748695562, 45.55765351036664], [-73.73427913382034, 45.55685900913624], [-73.73556443934106, 45.55619095707204], [-73.73580351586928, 45.55607793138597], [-73.73605286298645, 45.55597753475203], [-73.73618970611679, 45.55592776098679], [-73.73637006371911, 45.555869798514], [-73.73655558584578, 45.555821723244286], [-73.73660619987885, 45.55581161495893], [-73.73683329794771, 45.55576625790218], [-73.73714307968442, 45.555722423167516], [-73.73736455089036, 45.55569487816719], [-73.73781748442083, 45.55564825871982], [-73.73803286421466, 45.55562608991984], [-73.73903528666972, 45.55551241723928], [-73.7394846264442, 45.555456586190466], [-73.73978028462018, 45.55540557523054], [-73.7399417884888, 45.55537541918944], [-73.7401042756274, 45.55533317517072], [-73.74024779258923, 45.555292875768835], [-73.74041566980331, 45.55524300196822], [-73.74048716268977, 45.555219337897874], [-73.7405805468187, 45.555184381544706], [-73.74068983450893, 45.555140910663546], [-73.74075240463651, 45.55511449913385], [-73.74085412669635, 45.55506875485938], [-73.74100022368803, 45.55499797436035], [-73.74122795730977, 45.55488152295683], [-73.74135277862531, 45.55480831688304], [-73.74162397419911, 45.554638630396944], [-73.74183979501022, 45.55448970092178], [-73.74207212996646, 45.55430924181448], [-73.74265286404061, 45.5538355962946], [-73.74329102957245, 45.55331683372172], [-73.74350289365913, 45.55314361394449], [-73.7440558209418, 45.552749249162815], [-73.74463170549917, 45.55239017984943], [-73.74497846057484, 45.55217659149136], [-73.74570349840195, 45.55172076141161], [-73.74581975617114, 45.551653923472166], [-73.74596285827958, 45.55157532975575], [-73.74610724858603, 45.55149853275467], [-73.74630434086436, 45.551391685322066], [-73.74643421564443, 45.551334265665545], [-73.74661285166286, 45.55126912169646], [-73.74673738654938, 45.551230760040866], [-73.7468700622735, 45.55119428470855], [-73.74704204903105, 45.551158676241165], [-73.74717479117932, 45.55113743822624], [-73.74731847008351, 45.55112158529095], [-73.74745546124093, 45.551110490595256], [-73.74798552672405, 45.551073347711664], [-73.74816733535125, 45.55106035519037], [-73.74827099149275, 45.551041233409684], [-73.74833489336527, 45.55101050010117], [-73.74852049234606, 45.55098580091507], [-73.74873678502864, 45.550951136406724], [-73.7489491796403, 45.55090388228525], [-73.74907070978253, 45.55087212312593], [-73.74916152220742, 45.550844930019004], [-73.7492523146576, 45.550813237705235], [-73.74933669939614, 45.55078065946965], [-73.74943002125313, 45.55074176280836], [-73.74955400868592, 45.55068660204188], [-73.74981350134298, 45.550574455245155], [-73.750163756343, 45.550424316032434], [-73.7502340800328, 45.55039806677307], [-73.75031338864532, 45.55037629696108], [-73.75060637287639, 45.55030816691384], [-73.75146871620672, 45.55011370701535], [-73.75248199963471, 45.54987931431661], [-73.75259075076349, 45.54985477833615], [-73.75267518857672, 45.54983479521218], [-73.75277371407209, 45.549814780853865], [-73.75287099914352, 45.549803767514156], [-73.75295806276824, 45.549798175740854], [-73.75304769585757, 45.54979437788103], [-73.75356119314876, 45.5497788418743], [-73.75389795724601, 45.54976459634], [-73.75457023671187, 45.549743303762], [-73.75502098277775, 45.54972880085216], [-73.7550849893686, 45.549722359092954], [-73.75514639790053, 45.549707824578604], [-73.75558130204394, 45.54958897388609], [-73.7557130222077, 45.5495463868234], [-73.75581788428364, 45.54951195828051], [-73.75645471364241, 45.54929996879253], [-73.75698539700754, 45.54912240834914]]]}}, {"type": "Feature", "properties": {"district_id": "Auteuil"}, "geometry": {"type": "Polygon", "coordinates": [[[-73.68790471861665, 45.687819811812524], [-73.68785083803773, 45.687813838371106], [-73.68726904247306, 45.68781479349613], [-73.68693772006505, 45.68756272773799], [-73.68600024827383, 45.68726291462266], [-73.68529607964112, 45.68710804731242], [-73.68499601204996, 45.686801699703], [-73.68492491592086, 45.686275011439605], [-73.68688604708242, 45.685726300725605], [-73.68692917731401, 45.68570409203592], [-73.68709181832875, 45.685620072002536], [-73.6880456340385, 45.68512732173637], [-73.68810427280388, 45.68509702833634], [-73.68815277164772, 45.68507197322832], [-73.68824598019383, 45.68501405160654], [-73.6895878765027, 45.68418022781062], [-73.69040666584777, 45.68360359402266], [-73.69102253209662, 45.68316985860826], [-73.69117841997112, 45.68310393748292], [-73.691310388413, 45.683048131424904], [-73.69131288299988, 45.68304707626412], [-73.69131182660536, 45.683024516980105], [-73.69128534354707, 45.682458937798856], [-73.6912852466637, 45.682456877385285], [-73.69128523838484, 45.68245670823397], [-73.69128468074705, 45.68244450857938], [-73.6912821565063, 45.682389389253764], [-73.6912769618679, 45.682278448090095], [-73.69126447537393, 45.682011831373636], [-73.69126125929479, 45.68194316378983], [-73.69126114626052, 45.68194088384828], [-73.69126128467236, 45.68194081613046], [-73.69113047374697, 45.67933966976715], [-73.69108651739033, 45.67848785304701], [-73.69104801555144, 45.67774173558747], [-73.69094521891832, 45.67582350047855], [-73.69087745026717, 45.674390206972866], [-73.69084479167978, 45.67384497299424], [-73.69069930906561, 45.671069282541126], [-73.69063098415401, 45.66984654574394], [-73.69053724363637, 45.66794088993754], [-73.69042776770502, 45.66593448010245], [-73.69036739316013, 45.6647819145626], [-73.69031496489008, 45.66370132093845], [-73.69028528423034, 45.66327395694714], [-73.69026110291918, 45.66295456189875], [-73.69024116486405, 45.66275123626734], [-73.69011620704731, 45.66222001722102], [-73.68986545779845, 45.66171560483253], [-73.68969910922603, 45.66141878554156], [-73.68960608200854, 45.66127357255927], [-73.68892890254102, 45.65986018019983], [-73.68807723813056, 45.65806194850913], [-73.6867477014973, 45.65531158376586], [-73.68641151785218, 45.6546204832619], [-73.68562535092396, 45.65300427250363], [-73.68555722460673, 45.65286421380649], [-73.68515094891285, 45.65202894245594], [-73.68510045102042, 45.65188955225182], [-73.68488107883717, 45.651898005846725], [-73.68470020649438, 45.651909096242576], [-73.68404868723302, 45.651990231642586], [-73.68390119988383, 45.65200936536097], [-73.68379730921392, 45.65202033038267], [-73.68367746346976, 45.65202450662936], [-73.6835840889484, 45.65201870440828], [-73.6835195427349, 45.65200452347639], [-73.68347536087111, 45.65198911934368], [-73.68343125372371, 45.65197379965691], [-73.68334787672013, 45.651933375929445], [-73.68326278389762, 45.65186447020479], [-73.68240708568295, 45.65106880370634], [-73.68186107672821, 45.65056108436385], [-73.68181737806185, 45.65052044966977], [-73.68133381166771, 45.65007751347668], [-73.68133615486374, 45.650075661527445], [-73.68135254316807, 45.65006271320069], [-73.68147935453896, 45.64996251574673], [-73.68148464878605, 45.64995833217238], [-73.68167803740482, 45.64980552962227], [-73.68240113058376, 45.64923418222465], [-73.68304299968864, 45.648726999653796], [-73.68606170517334, 45.64634170625685], [-73.68699541067546, 45.645605005022475], [-73.6883530696311, 45.64453715851601], [-73.68851926867774, 45.644406432870355], [-73.69039499935603, 45.64293099931949], [-73.69040103184156, 45.642926249908584], [-73.69060230388158, 45.642767784241485], [-73.692316834923, 45.64141784895044], [-73.69260637876445, 45.641189868356975], [-73.69405400005529, 45.64005000029991], [-73.69507777591589, 45.63924281028406], [-73.69535554012894, 45.639023804071705], [-73.697056000017, 45.637683000795924], [-73.6973672984623, 45.63743704240665], [-73.69762924448274, 45.63723007684318], [-73.69881866850542, 45.63629027168471], [-73.6988727172916, 45.63624756563658], [-73.70040600058576, 45.635035999449045], [-73.70365800002062, 45.63246200039002], [-73.70705000058534, 45.629816999817486], [-73.7074030316273, 45.629537719322464], [-73.7099800918171, 45.62749890983376], [-73.71018600013902, 45.6273359996685], [-73.71373099915763, 45.624548999599384], [-73.71577165801365, 45.62292830751311], [-73.72339500008384, 45.629846603370495], [-73.72527039422827, 45.63155090081174], [-73.72638589739209, 45.63256457044314], [-73.72670935423864, 45.632459406510954], [-73.72690149178925, 45.63239693729407], [-73.72709870473697, 45.63232096032348], [-73.72726504789063, 45.63222344868003], [-73.72749124941963, 45.632021438172366], [-73.72778379317292, 45.63173291196221], [-73.72807259937392, 45.63147228695824], [-73.72844071682941, 45.631161112565195], [-73.72863886565973, 45.631001447515814], [-73.72902108125172, 45.630689343187285], [-73.72968690643019, 45.63010492114934], [-73.73015473001955, 45.62971705568601], [-73.73035662799873, 45.62953578430694], [-73.73061870330194, 45.62933009587581], [-73.73080413256099, 45.629199247037526], [-73.73138124990928, 45.62888314149095], [-73.73217341179607, 45.628467615613665], [-73.73257275411335, 45.62827424113786], [-73.73293114354856, 45.628102544528055], [-73.73332248445193, 45.62791909258821], [-73.73345879070382, 45.62785334206896], [-73.73424786428804, 45.62747913333444], [-73.73444088338735, 45.62738410115732], [-73.73452976867948, 45.62733927937273], [-73.73461269364947, 45.62728911220994], [-73.73468206102083, 45.62724254423767], [-73.73473870236197, 45.62719600237244], [-73.73479532998543, 45.627145890007114], [-73.73484516076138, 45.62709340975269], [-73.73488736689008, 45.62704332698596], [-73.73502326624964, 45.62688115393082], [-73.73523129434743, 45.62664195938278], [-73.73528666768159, 45.62657613483167], [-73.73535154925739, 45.62651219649171], [-73.73542185929418, 45.6264482469277], [-73.73552193397346, 45.62636137953951], [-73.73580718318773, 45.62612333123872], [-73.73606782691088, 45.62589063842352], [-73.73610743890202, 45.625856363260475], [-73.73626067317392, 45.625717107375465], [-73.73690006694501, 45.6251360330826], [-73.73755434204143, 45.62454141784982], [-73.73837224491012, 45.623811356119226], [-73.73854616246605, 45.62365707548688], [-73.73900547287374, 45.62325254525953], [-73.73942400512267, 45.62288094130971], [-73.73951726162227, 45.62279706217374], [-73.73966296824183, 45.6226833787388], [-73.73987902374671, 45.6225272556808], [-73.73993880333802, 45.62248560505153], [-73.74007592336274, 45.622390068777534], [-73.74060513307178, 45.62199483236948], [-73.74077776080433, 45.62188019096984], [-73.74111778451613, 45.62162752298819], [-73.74118426937729, 45.62158149159995], [-73.74125334581795, 45.62154175347087], [-73.7415103841353, 45.62140956065534], [-73.74215284539842, 45.62107914024513], [-73.74359863595429, 45.620328312286645], [-73.74465415370895, 45.61977716365501], [-73.74647030440094, 45.621492048061285], [-73.74670407753503, 45.62171277700222], [-73.74824029098625, 45.62315546687909], [-73.74852985566055, 45.622999496152104], [-73.74957207125614, 45.62243810477451], [-73.74987244913684, 45.622277222754576], [-73.74993845746073, 45.62224255659916], [-73.75007510758479, 45.62217334630481], [-73.75044982072795, 45.62199886923562], [-73.7527372695563, 45.620960237417094], [-73.75293508778165, 45.6208704128383], [-73.75306944402143, 45.620806227744254], [-73.75315648378731, 45.620770941740304], [-73.75323203929689, 45.620748278671044], [-73.75330505442238, 45.620731020132006], [-73.75339474772991, 45.62071552420324], [-73.75349984095234, 45.62070269350656], [-73.7536639044494, 45.62068613249087], [-73.75382927046616, 45.620674067468464], [-73.75398182137924, 45.62066383034719], [-73.75429458438603, 45.62063613984357], [-73.75440609289483, 45.62062419385731], [-73.75454451367393, 45.62060858850277], [-73.75474316646263, 45.6205847502651], [-73.75494950072681, 45.620558195065705], [-73.75507380350776, 45.620539921101766], [-73.75515281344272, 45.62052961803735], [-73.75523528101844, 45.620518864479614], [-73.75537747716555, 45.620506236198466], [-73.75545464174834, 45.620501301804765], [-73.75554284914034, 45.62049991406201], [-73.75560986986791, 45.62050273984544], [-73.75568919093939, 45.620511550688256], [-73.75575330497249, 45.62052206109663], [-73.75583056699216, 45.6205385537545], [-73.75589289223467, 45.62055639266263], [-73.75594693536388, 45.6205746001241], [-73.7560205485416, 45.62060360659059], [-73.7560757802207, 45.62062823697485], [-73.75614411773948, 45.6206622474138], [-73.75619768992955, 45.62069188718387], [-73.75626318922723, 45.62073280827024], [-73.75631169914944, 45.620768411681574], [-73.75635257006458, 45.620802841746055], [-73.75639261240158, 45.62084143894324], [-73.75641477840348, 45.620866388119794], [-73.75643950739095, 45.62089490204264], [-73.75646766884891, 45.620932336313494], [-73.75649331335345, 45.62097572766781], [-73.75651387107168, 45.62101972612172], [-73.75652930398958, 45.62105599848832], [-73.7565481815371, 45.621103572111835], [-73.75656540446117, 45.62115835974171], [-73.75668000656853, 45.621543227189456], [-73.7568535085327, 45.622144526417564], [-73.75689818400846, 45.62229935322081], [-73.75746499990271, 45.622070999320684], [-73.7598302391061, 45.62111806256524], [-73.76187874335422, 45.623183260973136], [-73.76204681614259, 45.623352695792036], [-73.76256213683455, 45.623872181428396], [-73.76275951964439, 45.62405843840901], [-73.76296460322257, 45.62424055252359], [-73.76317721118522, 45.62441836936766], [-73.76339716200656, 45.62459173364861], [-73.76362426392294, 45.62476049639614], [-73.76385832390544, 45.62492451404204], [-73.76409913866186, 45.62508364394193], [-73.7643465023565, 45.62523774975653], [-73.76460020275032, 45.62538669876135], [-73.76486162960454, 45.6255312264479], [-73.76512902227913, 45.6256702777569], [-73.76540214676825, 45.625803732614095], [-73.76568076522787, 45.62593147455482], [-73.76596463598001, 45.62605339162392], [-73.76625351095667, 45.626169378181565], [-73.76652245346091, 45.62627038795304], [-73.76679519170992, 45.62636625743051], [-73.76707152653132, 45.62645691596658], [-73.7673512549221, 45.62654229742352], [-73.76763417260942, 45.62662233926753], [-73.76792007405088, 45.62669698256879], [-73.76820874731355, 45.626766173813294], [-73.7684999830299, 45.62682986038265], [-73.76879356673777, 45.62688799777088], [-73.76882746446363, 45.62689432475379], [-73.76911377308073, 45.62694462657674], [-73.76940186138476, 45.62698965411781], [-73.76969152908845, 45.62702937724253], [-73.76972298803602, 45.62703336027736], [-73.77315704278743, 45.627496771448435], [-73.77405197703256, 45.62761755390698], [-73.77476566952888, 45.627713869988696], [-73.77627779333909, 45.62791792309096], [-73.77651103497135, 45.62794939610515], [-73.77653844724679, 45.62795309461449], [-73.7765754823929, 45.62810758473264], [-73.7766118964434, 45.62823875291519], [-73.77664233863442, 45.62835883082374], [-73.77670670112529, 45.628612709489296], [-73.77675791397098, 45.62882633397338], [-73.77677862733421, 45.62891273881781], [-73.77680978457992, 45.62904271029209], [-73.77684482486595, 45.629188715294454], [-73.77691423925093, 45.62946200874757], [-73.7770331964475, 45.62992724207563], [-73.7770676867661, 45.63006213190563], [-73.77711139949086, 45.630233086758274], [-73.77715790062753, 45.63041494607904], [-73.77719931746749, 45.63057691992452], [-73.77723369350835, 45.63071136005488], [-73.77727206586677, 45.63085978362028], [-73.77731043586888, 45.63100820807449], [-73.777348808636, 45.63115663160543], [-73.77739415724962, 45.63133204096841], [-73.77742904069609, 45.631466971093516], [-73.77747097712061, 45.6316294348523], [-73.77782217753472, 45.63299659720199], [-73.7780599547543, 45.63391381347831], [-73.77852739189778, 45.63573329715291], [-73.7785085196028, 45.63575834562375], [-73.77811390883068, 45.63654603318653], [-73.77801251397712, 45.63687609447121], [-73.77783362059084, 45.63745842118073], [-73.77766697739354, 45.638307984666724], [-73.77761410130206, 45.63913231392607], [-73.77744782486273, 45.64003184934172], [-73.77734659974358, 45.640681495420985], [-73.77695212273805, 45.64150658443373], [-73.77617913183718, 45.64258250757167], [-73.77514013220535, 45.643634026911705], [-73.77405251538359, 45.644410924436386], [-73.77348549569888, 45.64492425338311], [-73.77289899635966, 45.64532526718834], [-73.77227403265341, 45.64562648863687], [-73.77173812734019, 45.645841883216576], [-73.77164882219284, 45.645877777089446], [-73.77111958314734, 45.646378512107695], [-73.77073380700593, 45.64698685080496], [-73.77066748038106, 45.647091441128026], [-73.77032878915564, 45.64770411102949], [-73.77004565889507, 45.64805449130316], [-73.76964839181564, 45.64834262169552], [-73.76921273038448, 45.648556016623935], [-73.76858722029638, 45.64875723639646], [-73.76804513590805, 45.64880452635419], [-73.76770015200277, 45.64895868260476], [-73.767645216526, 45.648983236936054], [-73.76713719100705, 45.6492102997323], [-73.76649374351989, 45.649648910792415], [-73.76588888232922, 45.650199745722055], [-73.76543585522025, 45.65077525501191], [-73.76498277195438, 45.651300822579366], [-73.76478303058354, 45.65153152347388], [-73.76472285021303, 45.65160103184041], [-73.76401645221499, 45.65213728356481], [-73.76378212022513, 45.65231516941176], [-73.76294940434863, 45.65289164724763], [-73.76204008544998, 45.653330759081086], [-73.76132063307463, 45.6537320078137], [-73.76084855781264, 45.654307537618585], [-73.76018720553398, 45.654995890356794], [-73.75927499294644, 45.65575311764233], [-73.75892000922899, 45.656047782018376], [-73.75859886466449, 45.656266895467944], [-73.75706513192839, 45.657313309942786], [-73.75598649873287, 45.65810245423941], [-73.75549508316355, 45.65862806307475], [-73.75539717455656, 45.658768723879575], [-73.75492916236642, 45.65944107968339], [-73.75455319791273, 45.6602536243906], [-73.75396797152618, 45.66100420373809], [-73.75345731228597, 45.66147989920788], [-73.75287034360966, 45.661855806791365], [-73.75248212427611, 45.66204400123963], [-73.75183794508206, 45.66235758163208], [-73.75175614683948, 45.66239264605997], [-73.75119356596934, 45.66263380377109], [-73.75051131578132, 45.66294745225212], [-73.75007586125804, 45.663223088272005], [-73.74981153778887, 45.66358586842813], [-73.74968014230048, 45.66392331828794], [-73.74958692056619, 45.66432321471802], [-73.7495316643028, 45.66468541215082], [-73.74953341796561, 45.66507261873251], [-73.74963008251272, 45.6654845086964], [-73.74974603437312, 45.665933812188456], [-73.74974697965419, 45.666147252213634], [-73.74974780493605, 45.66633341632905], [-73.74961642483345, 45.66668335178379], [-73.74933326146534, 45.6670585919508], [-73.7487460076553, 45.66737209696296], [-73.74828523650386, 45.66748261601579], [-73.74806301812181, 45.667535915305756], [-73.74743757321201, 45.66781207218844], [-73.74654704062408, 45.66827604724436], [-73.74549246281785, 45.66866434509974], [-73.7454391740198, 45.668682317362716], [-73.74539751000147, 45.66869636842404], [-73.74539205148518, 45.668701336340675], [-73.7435510347686, 45.66931895912781], [-73.74255802914448, 45.669636956922], [-73.74186310036549, 45.66985949092244], [-73.74051722556979, 45.67042433621058], [-73.73899229992533, 45.6713141419223], [-73.73812103828404, 45.67189039326763], [-73.73759198589939, 45.67252838480306], [-73.73738599752242, 45.67322816464451], [-73.7371800335202, 45.67390301727025], [-73.73699297210247, 45.6745901928072], [-73.73677663420635, 45.67510266457864], [-73.73620930026244, 45.67567824996407], [-73.73556597979301, 45.676254128646455], [-73.7348273060797, 45.67675515864869], [-73.73376552699327, 45.67723189171847], [-73.73288428406656, 45.677645791713594], [-73.73165251487463, 45.67837257544107], [-73.73042072046127, 45.67906188293164], [-73.72915075705008, 45.679701328270255], [-73.728972451953, 45.679797034685855], [-73.72784297880132, 45.680403274809194], [-73.72698961142164, 45.68074215669903], [-73.72602128612931, 45.68085645708917], [-73.7252043851844, 45.68083312381038], [-73.7244823667178, 45.68074708094668], [-73.72372256048685, 45.68076109227313], [-73.72303913462282, 45.68077394526505], [-73.72298178057687, 45.680775023621194], [-73.72292063235344, 45.68078914407273], [-73.72210879754857, 45.68097660723798], [-73.72131228544846, 45.6813153064426], [-73.72047824774017, 45.681729038776794], [-73.71975723644503, 45.68194266366725], [-73.71917869088911, 45.681992895937746], [-73.71916861061531, 45.68199377099977], [-73.71825664435761, 45.68194554382529], [-73.71745849848621, 45.68184721784329], [-73.71629874869774, 45.681574703231064], [-73.71517646173419, 45.6811646856388], [-73.71447230469172, 45.68081633168214], [-73.71344477081813, 45.68035624415927], [-73.71333444836627, 45.68032869362092], [-73.7125512314513, 45.680133100223024], [-73.71156316189136, 45.68006000659246], [-73.71074112792981, 45.680131257949995], [-73.71038586504514, 45.68016204932484], [-73.70896196454501, 45.68035200496101], [-73.70757624513986, 45.6806043107465], [-73.70624772039052, 45.680918852755646], [-73.7053754031357, 45.681282595224936], [-73.70448426241589, 45.6817462729487], [-73.70346063327888, 45.68232255127559], [-73.70281422249958, 45.68267266588186], [-73.70230406472541, 45.68294897576997], [-73.70137508081861, 45.683425164837544], [-73.70008478999532, 45.68382706918545], [-73.69926870203484, 45.6840906780596], [-73.69820241104574, 45.68459416504962], [-73.69807399457353, 45.68465480040006], [-73.69729683451486, 45.685143092279354], [-73.69665313950883, 45.68576859310298], [-73.69625284669551, 45.6863052089512], [-73.6959535443587, 45.68670643241549], [-73.69502579184744, 45.68758216310993], [-73.69417325784762, 45.688282952388136], [-73.69301629445947, 45.688821917241576], [-73.6924899326754, 45.68911994177493], [-73.6920871347355, 45.68934800083067], [-73.69187132463652, 45.68955607825223], [-73.691587139122, 45.68903590857793], [-73.69140336676048, 45.68885177638546], [-73.6911388437618, 45.68858673278975], [-73.69113881928854, 45.68858670943554], [-73.6907728289315, 45.688471922735225], [-73.69028288497681, 45.68831825706128], [-73.68873063977084, 45.68791137781249], [-73.68790471861665, 45.687819811812524]]]}}, {"type": "Feature", "properties": {"district_id": "Marc-Aurèle-Fortin"}, "geometry": {"type": "Polygon", "coordinates": [[[-73.80875805991482, 45.60752570125979], [-73.80860737138843, 45.60742164934167], [-73.80835722748479, 45.607253429121805], [-73.8081054134473, 45.60708312345592], [-73.80786296905099, 45.60691570831903], [-73.80759813745479, 45.6067340591944], [-73.80736728252779, 45.60655766301094], [-73.80714786666702, 45.60637014973297], [-73.80693059442572, 45.606169695255694], [-73.80685244157318, 45.6060931031735], [-73.80672879021435, 45.605971920804805], [-73.80653552585348, 45.605765271477836], [-73.80634958012573, 45.60555408145964], [-73.80618002056904, 45.605336961445616], [-73.80601253089618, 45.605105831617635], [-73.80587132278455, 45.60487915010195], [-73.80574253010266, 45.60465525433426], [-73.80562365329442, 45.604420294604324], [-73.80551856554538, 45.604185927743885], [-73.8054236159922, 45.603943704275316], [-73.80538516670742, 45.603828434805195], [-73.80534230644403, 45.603699937050116], [-73.80526998988373, 45.603453712592724], [-73.80520369337172, 45.60320620683846], [-73.8051356471789, 45.60295554551446], [-73.80506912423276, 45.602704831480544], [-73.80499818276199, 45.602456415655475], [-73.80481335771134, 45.60175239973539], [-73.80466013072666, 45.60116872761409], [-73.80458142496678, 45.60087508432938], [-73.80453172454317, 45.60068965433838], [-73.80446026041957, 45.60043375021796], [-73.80439192094627, 45.600178812229395], [-73.80437380225854, 45.60010966643897], [-73.80434598491236, 45.60000350416719], [-73.80434238292938, 45.59998999654806], [-73.80426552993777, 45.59970175601557], [-73.8042567638495, 45.5996688807522], [-73.8041868286922, 45.599412924652135], [-73.80411841543487, 45.59915691585563], [-73.80405022907674, 45.59890411608968], [-73.8039805182466, 45.598651368919114], [-73.8039124106881, 45.59839963873464], [-73.80384604865847, 45.59815106315274], [-73.80377801602091, 45.59790040166288], [-73.80371150777623, 45.59764968747814], [-73.80364499757081, 45.59739897414873], [-73.8035808731161, 45.59715724461503], [-73.8035784892403, 45.597148259864845], [-73.80351022445188, 45.59690544259291], [-73.80350923648182, 45.59690192958813], [-73.80343718078554, 45.59663747066141], [-73.80336755183163, 45.596385793595346], [-73.80332594809326, 45.59622856095545], [-73.80330104595124, 45.59613507819929], [-73.80323431703523, 45.59588115635655], [-73.80316696596641, 45.59564012076062], [-73.80309848704866, 45.59538304236269], [-73.803031757391, 45.59512912037028], [-73.80292483178876, 45.59476968752302], [-73.80287180367239, 45.594613616051575], [-73.80276851375321, 45.594360960572644], [-73.80265416612244, 45.59412477055911], [-73.80250876940113, 45.59385963686469], [-73.8023815123126, 45.593647625851666], [-73.80236692794739, 45.59362332768138], [-73.80219386867222, 45.59337737824496], [-73.80202368749889, 45.593150627777], [-73.80182753447049, 45.592923704515464], [-73.80162779015778, 45.592710843921054], [-73.80140657159866, 45.5924965819063], [-73.80117019327925, 45.5922839170268], [-73.80093052728847, 45.59208959163096], [-73.8006712094774, 45.5918980907242], [-73.8003985566899, 45.59171241289022], [-73.8001140989811, 45.591532501824446], [-73.79982307624779, 45.59136782788765], [-73.79953128316325, 45.59121390278602], [-73.79921526886778, 45.59106295852507], [-73.79907511439626, 45.59100230810845], [-73.79889871002376, 45.59092596936452], [-73.79856981672069, 45.59078726229308], [-73.79827953293245, 45.590666387966756], [-73.79824891610812, 45.59065363903669], [-73.79792946574172, 45.590518892605715], [-73.7976147373887, 45.59038612519899], [-73.79729681363457, 45.59025132352504], [-73.79697889011811, 45.59011652096264], [-73.79666264395192, 45.5899838043603], [-73.7963463992688, 45.58985108597583], [-73.796034950004, 45.589721417305995], [-73.79573583782467, 45.58959346601545], [-73.79540870808987, 45.58945790634786], [-73.79521307856648, 45.58937536498869], [-73.79509871317954, 45.58932711196812], [-73.79486271448141, 45.58922806522655], [-73.79479191388482, 45.58919835201107], [-73.7944819953495, 45.58906862565245], [-73.79416880804082, 45.58893579705622], [-73.7938604907256, 45.58880708708905], [-73.79355369836126, 45.58867832287771], [-73.79324850571474, 45.58855057414012], [-73.79294476322697, 45.5884217032772], [-73.79264726452746, 45.588294760141196], [-73.79233895546305, 45.58816604513268], [-73.79203376834256, 45.588038294024535], [-73.7917302569044, 45.58791262812379], [-73.79142964183178, 45.58778471794803], [-73.79112598363332, 45.587656911015465], [-73.790823773039, 45.58752798109918], [-73.79052171455821, 45.58740119068909], [-73.79022887322385, 45.58727515171456], [-73.78992354628178, 45.587145256409244], [-73.7896228659607, 45.58701626993057], [-73.78788448676772, 45.586286174114534], [-73.78724831204188, 45.58602006978611], [-73.78720024404468, 45.58599996336109], [-73.78715178151506, 45.58597988580224], [-73.78688731741778, 45.58587032107299], [-73.7868404002308, 45.58585041406778], [-73.7865788841722, 45.58573945188204], [-73.78628620955095, 45.58561554214337], [-73.78598265059303, 45.5854887911419], [-73.7856853335516, 45.585363967354695], [-73.78538017921963, 45.585236199228966], [-73.78507822112891, 45.585110462224414], [-73.7847776373436, 45.584982533505695], [-73.78458370394134, 45.58489953863488], [-73.7844785796528, 45.58485455070234], [-73.78418424287065, 45.58472854939335], [-73.78388358983081, 45.58459954768816], [-73.78357996586732, 45.58447172054368], [-73.78327779214476, 45.58434277140395], [-73.78297561979433, 45.584213819659055], [-73.78267177626005, 45.58408278184112], [-73.7823664852682, 45.58395286527911], [-73.7820611956822, 45.583822947894916], [-73.78175590877906, 45.583693028785575], [-73.78145069782714, 45.58356417856887], [-73.78115035668093, 45.58343944847043], [-73.78084347472306, 45.58330851043208], [-73.78052875611391, 45.583174625869255], [-73.78022050394856, 45.58304587700442], [-73.77991240350177, 45.58291926673041], [-73.77959838068462, 45.58279300755451], [-73.77929609781746, 45.582671468116644], [-73.77864186071177, 45.58239272713395], [-73.77853455094134, 45.582347005681235], [-73.77763259280621, 45.581962709600106], [-73.77631981332132, 45.5814144978229], [-73.77583260478039, 45.58120711606479], [-73.77559208149626, 45.58110913179695], [-73.77528635040929, 45.58098844757186], [-73.77517098987641, 45.58094616620557], [-73.77558285605167, 45.58070043106104], [-73.77594899562959, 45.58048197618214], [-73.77757799959024, 45.579510000331304], [-73.78140399904704, 45.57722799962472], [-73.78535300032287, 45.574880000003986], [-73.78678755408268, 45.57402339482226], [-73.78685744746505, 45.57423585413285], [-73.78686744443411, 45.574271936586506], [-73.78694490005188, 45.57455147551106], [-73.78708354103144, 45.5750637461062], [-73.78710966512241, 45.575160271100025], [-73.78712393579366, 45.5752129986712], [-73.78714299909909, 45.5752834354811], [-73.78715724501657, 45.57533607042653], [-73.78717447104252, 45.575399723517044], [-73.78719321451571, 45.57546897514201], [-73.78721260446832, 45.57554061779035], [-73.78735642333955, 45.57610445059995], [-73.78747103893862, 45.57647173536178], [-73.7876443036408, 45.57702695331344], [-73.78811949971714, 45.57849518049743], [-73.78836303678364, 45.57926122222269], [-73.78844514064933, 45.5795300644582], [-73.78865130377292, 45.57950254878146], [-73.79024903140456, 45.5792213525048], [-73.79037193143797, 45.57919944422994], [-73.79154076763334, 45.578993105400315], [-73.79195178199186, 45.57893356669185], [-73.79231293448863, 45.5788957500528], [-73.79242950093295, 45.57888825306925], [-73.79255631355439, 45.578879829895854], [-73.79272378687318, 45.57887216173756], [-73.79297266201198, 45.57886076625869], [-73.7939823827836, 45.57885997191989], [-73.79488837459895, 45.57887113427324], [-73.79494999764482, 45.57889347096541], [-73.79502694523157, 45.57890586990456], [-73.79518460443522, 45.57891536077008], [-73.79618693594122, 45.57897125540692], [-73.79672769905943, 45.57897525105296], [-73.79709930348567, 45.578976084876004], [-73.79787852370636, 45.579002850274314], [-73.79811557574133, 45.57900223190237], [-73.7984846891333, 45.57901656518793], [-73.79874361504072, 45.57903298515066], [-73.79901703387463, 45.57905188611931], [-73.79917047136571, 45.579062462331486], [-73.79940378474467, 45.5790816473643], [-73.79958972129462, 45.57910725499621], [-73.79983340564775, 45.579148907733135], [-73.80008356908905, 45.57920404039862], [-73.80098671848407, 45.5794014269092], [-73.80138051339549, 45.57947777415522], [-73.80164983776741, 45.57952115503064], [-73.80194345079386, 45.57955367310132], [-73.80223572967597, 45.579576295804266], [-73.80251900050374, 45.57959174296541], [-73.80277146527168, 45.57959737293357], [-73.80298416389248, 45.57959500934], [-73.80318915002788, 45.579588166664166], [-73.80336846984781, 45.579574193133915], [-73.80367583000118, 45.579541882400896], [-73.80396267811638, 45.5795078257589], [-73.80444791975576, 45.57943274743504], [-73.80494457551639, 45.57933604063191], [-73.80536690540556, 45.57923863054161], [-73.80580189605153, 45.579113290229046], [-73.80610762863849, 45.57901798912013], [-73.80641710148494, 45.578903780702355], [-73.80725588659892, 45.578573989159786], [-73.80783182882504, 45.57834574681985], [-73.80946656317013, 45.57769788488386], [-73.81033335281936, 45.57734099985818], [-73.81054805957005, 45.577239635256326], [-73.81106039858692, 45.576971891191306], [-73.81145512096882, 45.57675305645397], [-73.8117755594733, 45.576540721926214], [-73.81221720044692, 45.57623447280446], [-73.81270742078443, 45.575909192522296], [-73.8129830097783, 45.575697877167954], [-73.81316934720655, 45.57556599105024], [-73.8133749029528, 45.57543405190705], [-73.81352177939883, 45.57534906470698], [-73.81370197357319, 45.57526488566032], [-73.81442876143568, 45.574904911914125], [-73.8143981385502, 45.57475655722511], [-73.81432000045208, 45.57437800058254], [-73.81188399980572, 45.57191399993268], [-73.81110994559616, 45.57115203229901], [-73.81131605794758, 45.5710488961807], [-73.81157796758744, 45.57091783868352], [-73.81162412179538, 45.57089474276373], [-73.81186516463217, 45.57077412649254], [-73.81245052797965, 45.57048120794739], [-73.81401437385372, 45.5697048634866], [-73.81575190120692, 45.568837134458], [-73.81650693093714, 45.56845801504745], [-73.81729648478141, 45.56806889656974], [-73.8172101792881, 45.56798545178744], [-73.81714315142992, 45.56791275141758], [-73.81710049007859, 45.56784448253752], [-73.81707195642154, 45.567782473260024], [-73.81705745928082, 45.567710526854185], [-73.81705523829655, 45.56690015501833], [-73.81705502505199, 45.56682239832569], [-73.81706228666249, 45.56651913437977], [-73.8170616994502, 45.56641475535359], [-73.81705356248672, 45.56633469277777], [-73.81703657447538, 45.5662753509301], [-73.81698498750644, 45.56621430542452], [-73.81690376912094, 45.56612364760155], [-73.81681098600384, 45.5660267229595], [-73.81675867299639, 45.56597317497419], [-73.81623733288264, 45.56543951188369], [-73.81610876299118, 45.565307901762], [-73.81762650075751, 45.564567628049865], [-73.8183160751429, 45.56424386066365], [-73.81834025989654, 45.56423250485792], [-73.81901533122354, 45.56391553859499], [-73.8226900493361, 45.567293380752645], [-73.82316083649462, 45.56773031631685], [-73.8238613089697, 45.56838040738559], [-73.82393103229697, 45.56844369291088], [-73.82405104811973, 45.568552626437736], [-73.82805182688018, 45.57218368136066], [-73.82964120037397, 45.573626004850304], [-73.82972961801393, 45.57370624056034], [-73.8308554249383, 45.57472782490443], [-73.83240088785324, 45.57613013643496], [-73.83481598188119, 45.57832134598395], [-73.83488254348386, 45.57838253647691], [-73.8349248277427, 45.57842140940606], [-73.83493050446599, 45.578426627081754], [-73.83517520112561, 45.578651539407865], [-73.83660830597714, 45.57996873140804], [-73.83728300190651, 45.58058882789423], [-73.83760450148543, 45.58088430325177], [-73.8376178518451, 45.58089657258482], [-73.83756005934782, 45.58094164043914], [-73.83722712351316, 45.58120127476618], [-73.83696348731497, 45.58151426075457], [-73.836851739005, 45.58186430509315], [-73.83675982597532, 45.582326623905], [-73.83676251373865, 45.582776182215994], [-73.83661375707159, 45.58327619223015], [-73.83637059044757, 45.583838849089894], [-73.83603226854167, 45.584326947319674], [-73.8352210393521, 45.58504107224919], [-73.8341058705876, 45.58564381243414], [-73.83403086442688, 45.58568971885863], [-73.83314220556876, 45.58623359860652], [-73.83274518097623, 45.586437796103496], [-73.83255613195183, 45.58653502704733], [-73.83212340856794, 45.587110723939524], [-73.83201231191161, 45.58757303938293], [-73.83199714175372, 45.588209978566454], [-73.83205887134079, 45.58903404862113], [-73.83232935014438, 45.58987002267076], [-73.83242249607297, 45.59048440541513], [-73.83246749755861, 45.59078123257308], [-73.83267221936725, 45.591717166383724], [-73.83265981848594, 45.592828667920976], [-73.83239976473624, 45.59376607493932], [-73.83187461351172, 45.59475415166374], [-73.83127271884872, 45.59560517770916], [-73.83046191446469, 45.59641923892615], [-73.82959304088385, 45.597046148138155], [-73.82879919928455, 45.59749797469464], [-73.82785271158178, 45.59782537010386], [-73.82728542759857, 45.59792275287306], [-73.82703813860675, 45.59796520230712], [-73.82626208392367, 45.59824215600371], [-73.82594108049453, 45.59850533716464], [-73.82582949824737, 45.598892775949665], [-73.82577497454871, 45.59928002310457], [-73.82580619422254, 45.59975450787996], [-73.82580864875086, 45.6001777133706], [-73.82580959778241, 45.60034146224976], [-73.82566147491188, 45.60097880885779], [-73.82561523047804, 45.601187234615814], [-73.82555056689237, 45.60147867065757], [-73.82555290759653, 45.601890703189845], [-73.8255746615663, 45.60236522828336], [-73.82566793110695, 45.602760309770005], [-73.82567188795089, 45.60277707127508], [-73.82566953531664, 45.602788539085154], [-73.82557960960601, 45.603226871923454], [-73.82550600852682, 45.603614305298564], [-73.82552706137092, 45.60397640872873], [-73.82577539885986, 45.604275360407286], [-73.82606336471186, 45.604848974169784], [-73.82612311571565, 45.6053608880512], [-73.82603061752295, 45.60574826128628], [-73.82591938723412, 45.606198137656506], [-73.82565599915513, 45.606586070830566], [-73.82559512652469, 45.60684062900709], [-73.82556336504611, 45.60697344938996], [-73.82535723154908, 45.607398679330814], [-73.82526307844255, 45.60747990036056], [-73.8249796581744, 45.60772438905222], [-73.8243938419427, 45.60810074458157], [-73.82388320390092, 45.608364404736875], [-73.82333403782991, 45.60852830799305], [-73.82261310395404, 45.608530318296786], [-73.82208148002643, 45.60844444610518], [-73.8215301409046, 45.60825868498286], [-73.82092142828895, 45.60796062744078], [-73.82027471962378, 45.607662707363524], [-73.8197806187224, 45.60750175918025], [-73.81967053872033, 45.607495686593296], [-73.81913541150813, 45.607466164832324], [-73.81894276051065, 45.60749772078238], [-73.81828267334595, 45.60760583939988], [-73.81758156712093, 45.60775772963263], [-73.81714633220737, 45.60795869127366], [-73.81657966434732, 45.60839738262137], [-73.81574688675752, 45.6087493743871], [-73.81498942667237, 45.60896373720519], [-73.81409868811275, 45.60914101793527], [-73.8130004463466, 45.609506218698506], [-73.81220409383336, 45.60987741303054], [-73.81196681633192, 45.60971069802593], [-73.81185652809819, 45.609633207355564], [-73.81172645990269, 45.60954337724364], [-73.81153704147314, 45.60941378084943], [-73.81129647536963, 45.60925166702167], [-73.8110494411758, 45.609084417887644], [-73.81097353155678, 45.60903294121236], [-73.8108088027453, 45.608921233327045], [-73.81071093310129, 45.60885442018768], [-73.81056968979043, 45.60875799641709], [-73.81031953536971, 45.60858978146067], [-73.81008187418414, 45.60842542109239], [-73.80999636254664, 45.60836859695978], [-73.80987563771957, 45.60828837111131], [-73.80959431796651, 45.60809606614199], [-73.80934074446824, 45.60792260690059], [-73.8090968438317, 45.60775631593424], [-73.80884982017838, 45.60758906287244], [-73.80875805991482, 45.60752570125979]]]}}, {"type": "Feature", "properties": {"district_id": "Saint-Vincent-de-Paul"}, "geometry": {"type": "Polygon", "coordinates": [[[-73.58768141759188, 45.65516422489901], [-73.59072070421071, 45.65340180386542], [-73.59276465775226, 45.652320222715126], [-73.59368692070173, 45.65183217559732], [-73.59694579424743, 45.6501176415669], [-73.59928929361087, 45.6489342598638], [-73.60097374179882, 45.648161178824026], [-73.60243903581973, 45.64782237431045], [-73.60441706841928, 45.6473383852109], [-73.60665106236178, 45.64651656635917], [-73.60877441219208, 45.64540544032188], [-73.61111716539911, 45.64405302823202], [-73.61360548665989, 45.64226640435046], [-73.6163128857681, 45.64021432101967], [-73.61874588349585, 45.638439600698334], [-73.62119636373794, 45.636387718286244], [-73.62245622037489, 45.635412563988695], [-73.6237386565052, 45.63441988402833], [-73.62501731065312, 45.63336873037157], [-73.62567691633899, 45.6328264772799], [-73.62834624042377, 45.630508919917766], [-73.63043001966774, 45.628601797340544], [-73.63196442156702, 45.62671943769189], [-73.63299634390377, 45.62538304765812], [-73.63424707059663, 45.62376319758256], [-73.6358164827589, 45.621398469999164], [-73.63731299142478, 45.619178543422315], [-73.63831588945463, 45.61742932124655], [-73.63889717296851, 45.61552385175163], [-73.63933253041536, 45.613835642346736], [-73.63998613471053, 45.61154433961728], [-73.64043239881266, 45.61058527387244], [-73.64128919490491, 45.609065209145896], [-73.64197182876032, 45.60785472621349], [-73.64207477695632, 45.607672168301384], [-73.6422007797418, 45.607448726770485], [-73.64266332721527, 45.60636480288513], [-73.64294710041374, 45.60569979559981], [-73.64356615286015, 45.60433676859619], [-73.64415830345372, 45.603232926607646], [-73.6447230480129, 45.60211110961054], [-73.6452328132635, 45.60098925872712], [-73.6458347604167, 45.60015673079745], [-73.64588040646191, 45.60010884577477], [-73.64667468841336, 45.599275590613196], [-73.64678079230428, 45.59918542745668], [-73.64756983325861, 45.59851492095808], [-73.64877571633491, 45.59760919975899], [-73.64984441238094, 45.59673378365964], [-73.65052003262177, 45.59598920715837], [-73.6506657856462, 45.59582857472084], [-73.65090564758488, 45.595511249467656], [-73.65130428541241, 45.594983861802845], [-73.65181460571273, 45.59413935159534], [-73.65279016678527, 45.59273359101907], [-73.65339189318416, 45.59187686193762], [-73.65428584500364, 45.59076654132637], [-73.65479653869613, 45.59009077335575], [-73.65548955407743, 45.58922176589031], [-73.65649305513504, 45.58807519785619], [-73.65748673221754, 45.586633115800396], [-73.65781782244275, 45.58611115346526], [-73.66179648440907, 45.587655858657705], [-73.66266769803751, 45.58801005415323], [-73.66303977028005, 45.588152596654304], [-73.66315270336081, 45.58820552536945], [-73.66325669686043, 45.58826926470361], [-73.66334659314087, 45.58833302410054], [-73.66345194180998, 45.588421956546306], [-73.66499646882536, 45.58980457376835], [-73.66558760693253, 45.59034541570385], [-73.66568269394809, 45.59042896195947], [-73.66576617500145, 45.59048822958617], [-73.66584321094456, 45.59053490889843], [-73.66593049481469, 45.590579773615296], [-73.66600235671685, 45.59061026340827], [-73.66609987271254, 45.5906479144923], [-73.66621018664817, 45.59067924806871], [-73.66629483600487, 45.590699820949986], [-73.66640640785961, 45.59072305404246], [-73.66664363659224, 45.59076500020876], [-73.66708734367278, 45.590851635530385], [-73.6670619991095, 45.59094885415036], [-73.66704823467299, 45.59106135292627], [-73.66704850427999, 45.59115223527773], [-73.66705906448422, 45.59125570018757], [-73.66707988064097, 45.59136004992427], [-73.66710961507223, 45.59144639002765], [-73.66715216618857, 45.59153271136955], [-73.66719724869668, 45.5916082310404], [-73.66725257661014, 45.59168103620579], [-73.6673245716514, 45.59175561659058], [-73.66803143648616, 45.59240785492671], [-73.66814590630443, 45.59254176101161], [-73.6682269426275, 45.59263882323165], [-73.66813153303539, 45.59268112337551], [-73.6676445423952, 45.59289703045062], [-73.6673898284088, 45.5930125820533], [-73.6671402000932, 45.59311462821231], [-73.66698015895473, 45.593172451298734], [-73.66673172828519, 45.593246600118086], [-73.66654858647846, 45.59329455819463], [-73.66630522037707, 45.59334800263848], [-73.66606821720542, 45.59338614022413], [-73.66586578787035, 45.59341342917897], [-73.66564410632337, 45.59343174740397], [-73.66546468910197, 45.59343920604493], [-73.66524296506896, 45.59344312629225], [-73.66513316345923, 45.59344480127563], [-73.66511267883128, 45.59344511433055], [-73.66495393095327, 45.59344753564605], [-73.66485206146743, 45.59344909002619], [-73.66465855324023, 45.593459267220524], [-73.66452274000908, 45.59347565981288], [-73.66434849395964, 45.59349840634264], [-73.66418963872201, 45.59352472980225], [-73.6640141526172, 45.5935618748645], [-73.66382972837019, 45.59361073024942], [-73.6636709431935, 45.59366134826329], [-73.66352370095338, 45.59371464902002], [-73.66335344768879, 45.59378867855393], [-73.66314865552476, 45.5938861527114], [-73.66300148774508, 45.593965547719215], [-73.66284535353013, 45.59406785775809], [-73.66281982768739, 45.59408458416441], [-73.66251932366553, 45.594290548230994], [-73.66233825563081, 45.594416922063665], [-73.66831815732078, 45.59987357157783], [-73.66784043460459, 45.60013676140224], [-73.66511317162713, 45.60163085027268], [-73.66499159258325, 45.60169941281855], [-73.66513811620612, 45.60183147574597], [-73.6652370914652, 45.601923115031354], [-73.66531289246002, 45.60198059432388], [-73.66541950148674, 45.60205242619847], [-73.66552605786421, 45.6021062615005], [-73.66567366971985, 45.60217173492659], [-73.6659727242549, 45.602297276674484], [-73.66653109810682, 45.60254841574387], [-73.66661968575269, 45.6025941777673], [-73.66669418849635, 45.60264535923876], [-73.66677900533914, 45.60271632180533], [-73.6671466400947, 45.603055019395946], [-73.66730218322036, 45.60319966390134], [-73.668115041331, 45.60395078371723], [-73.66822387286128, 45.604051346558634], [-73.66830102629312, 45.60413041770637], [-73.66836663702746, 45.604207706158924], [-73.6684438608903, 45.60431017260834], [-73.66851598416541, 45.604421644798386], [-73.66858044833657, 45.60454392616782], [-73.66863203389462, 45.604646430314844], [-73.66867986005589, 45.60477773445198], [-73.66871621889727, 45.60493245100381], [-73.66873712958115, 45.60506559451147], [-73.66874914211262, 45.60522394631067], [-73.6687468587467, 45.60531753168402], [-73.66872799331985, 45.60543903618206], [-73.66870009732203, 45.60554165764578], [-73.66866584794857, 45.60566318484545], [-73.66850333845532, 45.606192522834], [-73.66846523419699, 45.60631135616516], [-73.6682200978118, 45.60707746991866], [-73.66765060563334, 45.60887975613519], [-73.66739201620402, 45.60969808102745], [-73.66729929964139, 45.60999246001235], [-73.6672752530744, 45.610097774886896], [-73.66727047245669, 45.61021475928683], [-73.6672822653348, 45.610300225502286], [-73.6673085932944, 45.61039084712877], [-73.66734752703715, 45.61047935548741], [-73.6673996631965, 45.61055855918092], [-73.66762822945583, 45.61084053725853], [-73.66771835191646, 45.61095306590325], [-73.66691854590172, 45.611297764783544], [-73.66631415350072, 45.611556896319534], [-73.66594407856462, 45.61171220454203], [-73.66530248501911, 45.611967785434615], [-73.66485896960054, 45.61213551948768], [-73.66483277513036, 45.6121454256755], [-73.66440061179865, 45.61230886379179], [-73.66425317111454, 45.61235193007855], [-73.66412102654992, 45.61240568842671], [-73.66349667853316, 45.61265515154675], [-73.66340064796654, 45.61269298444187], [-73.66326579974876, 45.61274611038752], [-73.66342711341639, 45.612890977532906], [-73.6634842052859, 45.61294224799956], [-73.66355765716015, 45.61300309165703], [-73.66356607607521, 45.61301024941459], [-73.66368960815352, 45.61311527559949], [-73.66383111332725, 45.6132464931959], [-73.66393182892764, 45.61335015080456], [-73.66405020128789, 45.61345854484597], [-73.66415904828584, 45.61355838251147], [-73.66427200396198, 45.61367059306429], [-73.66440127699332, 45.61379420870717], [-73.66457682616534, 45.61396537271346], [-73.664714270222, 45.61409849907782], [-73.66490066632899, 45.6142658379763], [-73.6650054579321, 45.614369489636324], [-73.66517147038967, 45.614526381756654], [-73.66533754254387, 45.614703273065196], [-73.66579496306778, 45.61514695831747], [-73.66594298708364, 45.615299590431945], [-73.66609852124313, 45.615462021327176], [-73.66626914953687, 45.61561283848931], [-73.66643818065639, 45.61576263731774], [-73.66661882483835, 45.61592598472065], [-73.66678815003834, 45.61608006126312], [-73.6669606672672, 45.616236175488666], [-73.66711685625592, 45.61637675445929], [-73.66729402228532, 45.61653378459342], [-73.6674568887632, 45.61668271628792], [-73.66761482322732, 45.616826451294195], [-73.66775192680099, 45.61695587525647], [-73.6679161765656, 45.61710261497968], [-73.66800288050696, 45.61718064990911], [-73.66829984613895, 45.617444025306135], [-73.66859040476075, 45.61770319819363], [-73.66871961764375, 45.61781845317773], [-73.66872332432715, 45.61782175995901], [-73.66880559400572, 45.617895142424686], [-73.66890773379605, 45.61798770581581], [-73.66889735174769, 45.61799341525747], [-73.66831312960612, 45.61831468984023], [-73.66755224768374, 45.61876357015687], [-73.66705744579382, 45.619081344445355], [-73.66657838894717, 45.619406095151426], [-73.6661237873298, 45.61973109801443], [-73.6656618470466, 45.6200831449213], [-73.66521587018343, 45.620445378061774], [-73.6647826616751, 45.620815758728114], [-73.66374388714308, 45.62178632361506], [-73.66334048747224, 45.622191079671516], [-73.66298542721826, 45.62258779017841], [-73.66264052236474, 45.62299916842654], [-73.66226221119258, 45.62350385531998], [-73.66137103326857, 45.62476727636393], [-73.66118665958425, 45.62502865382435], [-73.66106932214996, 45.62527077833302], [-73.66093981837788, 45.62543398551393], [-73.66081965167918, 45.625597322471755], [-73.66070381287474, 45.625750455508715], [-73.66058511948826, 45.62592092843926], [-73.66047220833691, 45.62608119541815], [-73.66039395129216, 45.62621231423674], [-73.66037458512899, 45.62624476206943], [-73.66024389530799, 45.626413141384376], [-73.66023365687896, 45.62642780127357], [-73.66012968212979, 45.62657668339515], [-73.66001401715626, 45.62674134490131], [-73.65989820563655, 45.62690386761021], [-73.65978246702392, 45.62706745998517], [-73.65966687360088, 45.627233190915554], [-73.65954822876316, 45.627399024066456], [-73.65942972779806, 45.627566995768696], [-73.65931137197592, 45.62773710602077], [-73.65919156298544, 45.627908338450084], [-73.65906739714762, 45.62808293045647], [-73.65894489984836, 45.62825961119041], [-73.65881775523843, 45.628435375029525], [-73.65864878514718, 45.62867042227735], [-73.6585242637347, 45.62884836870452], [-73.65857954186453, 45.62889400840334], [-73.65875690657889, 45.6290404458409], [-73.65928445645244, 45.62950940028821], [-73.65989690656349, 45.63008707605485], [-73.66018604280666, 45.63033189166375], [-73.66031871045227, 45.630445983080364], [-73.66067944063425, 45.63080497534102], [-73.66106748144372, 45.63118058545919], [-73.66148671851646, 45.63157051671214], [-73.66231498576185, 45.63236298654271], [-73.6630455007062, 45.63305301004401], [-73.66365766313298, 45.63361632343472], [-73.66436886349358, 45.634269473275296], [-73.66487176365213, 45.63474295496615], [-73.66538880001806, 45.63522271269567], [-73.66589559450553, 45.63570608220671], [-73.66637149364087, 45.63614900243401], [-73.66725770148976, 45.63696924588623], [-73.66784164327765, 45.63750378348904], [-73.66836769056704, 45.637977215515896], [-73.66933243098073, 45.63887291186482], [-73.67037701680505, 45.63986206231094], [-73.67064913781232, 45.64011943070688], [-73.67083068827877, 45.640291135941794], [-73.67092891071317, 45.640384034156206], [-73.67094784319274, 45.64040173590867], [-73.6713881718282, 45.64081346069897], [-73.6713882091441, 45.64081349843549], [-73.67172362848297, 45.64114389142744], [-73.6721814605995, 45.641577694502644], [-73.67290817229218, 45.64225154917051], [-73.67422208157927, 45.643468512611996], [-73.67494544534404, 45.644141167842605], [-73.67568756049981, 45.64483521700966], [-73.67617946674748, 45.6452915692709], [-73.67679563717522, 45.64586319481321], [-73.67812505003894, 45.647099135108924], [-73.67824460346378, 45.647210248318125], [-73.67894723790778, 45.64786327153845], [-73.68018314714061, 45.64902195835498], [-73.68073124735577, 45.64951272363732], [-73.68079271304359, 45.64957105979113], [-73.68096980243125, 45.649739133916675], [-73.68111941686999, 45.64988112955271], [-73.68133381166771, 45.65007751347668], [-73.67998400044246, 45.65114400069987], [-73.67696500032132, 45.65351299995345], [-73.67488740530123, 45.655151410952556], [-73.67414100011852, 45.655739999754154], [-73.67375817156388, 45.65604099799721], [-73.67282524138633, 45.65677449222253], [-73.67076400028483, 45.65839499963115], [-73.66647700036773, 45.66115499961283], [-73.66491617628635, 45.66239189012995], [-73.66475751578518, 45.66251761844958], [-73.66362000043168, 45.66341899995071], [-73.65986899975286, 45.666359999228426], [-73.65885516467048, 45.6671576886609], [-73.65713518154361, 45.66851090859866], [-73.65706672692066, 45.668564763192464], [-73.65706663728281, 45.668564835301055], [-73.65640799992754, 45.66908299952814], [-73.65596756090066, 45.66920387927189], [-73.65513579060686, 45.669432156115285], [-73.65159799926234, 45.670403000707374], [-73.65159526887159, 45.67040377997233], [-73.65042990281394, 45.67073622341781], [-73.65033179730767, 45.67076420997315], [-73.65006405608302, 45.67084058566805], [-73.65006375103768, 45.67084794746789], [-73.65007543046198, 45.670523236016365], [-73.65008203390855, 45.67032683066876], [-73.6500880587018, 45.67012186791795], [-73.65009495072154, 45.669929740805], [-73.65009719416054, 45.66973669658059], [-73.65009631237726, 45.66954268375361], [-73.65009383384799, 45.66934765262556], [-73.65008692334018, 45.66915491194809], [-73.65007943428886, 45.66895361476549], [-73.65006642044783, 45.66876107645132], [-73.65004933684875, 45.66857617932065], [-73.65002876612685, 45.66838496554681], [-73.6500066722654, 45.66819380055323], [-73.64997637080589, 45.66799433471416], [-73.6499452653227, 45.667805613730636], [-73.64991461166049, 45.667634626633834], [-73.64991335966324, 45.66762764029747], [-73.64987651466737, 45.66744447148716], [-73.64983887746766, 45.66724953588991], [-73.64979796062183, 45.667074007330896], [-73.64975181849411, 45.666889002428], [-73.6497335983033, 45.66682257571062], [-73.64969703750569, 45.66668927521346], [-73.64964501058499, 45.66650768377387], [-73.6496014079086, 45.66633760343388], [-73.64953075507705, 45.66608186887925], [-73.64939707488229, 45.66563472117645], [-73.64937973550579, 45.665578760811776], [-73.64935398962777, 45.665493626756884], [-73.64931058884841, 45.66535010412276], [-73.64927919299585, 45.66524628552408], [-73.64923460762249, 45.66512722504027], [-73.64907172880882, 45.664692262555654], [-73.64882696753608, 45.664039364500525], [-73.6486690508937, 45.6636159251586], [-73.64848385310376, 45.66311701461956], [-73.6484779528253, 45.663101116209255], [-73.64844089042347, 45.66300127290008], [-73.64837784779932, 45.66283143680108], [-73.64827187977644, 45.66254596050102], [-73.64826749699317, 45.66253415338022], [-73.64825093910531, 45.662489544801666], [-73.64821011255256, 45.662379558145346], [-73.64813886550759, 45.66218761681463], [-73.64813056533582, 45.66216525450429], [-73.64798773108389, 45.66179339998588], [-73.64795247638926, 45.66170540655634], [-73.647926780779, 45.66164127020984], [-73.64785753392317, 45.6614684346246], [-73.6477006196658, 45.66112638280181], [-73.6476543009196, 45.6610254137994], [-73.6475861383971, 45.66089103845535], [-73.6475248411623, 45.6607701955657], [-73.64735809035894, 45.66045968106233], [-73.64713033810764, 45.6600634849984], [-73.64707415260906, 45.65997108751976], [-73.64706331530861, 45.65995326527303], [-73.64699585459283, 45.65984232531523], [-73.64687188712172, 45.65963845815215], [-73.64679495161813, 45.659506784938166], [-73.64665929890535, 45.65926339722659], [-73.64664437844036, 45.65923662608684], [-73.64663704649212, 45.65922347025513], [-73.64660077616364, 45.6591583933475], [-73.64654640757605, 45.659060845402124], [-73.6464885582424, 45.65895705085379], [-73.64642927936278, 45.65885068912493], [-73.64637502971486, 45.65873207529046], [-73.64626553738415, 45.65849267124745], [-73.64615303777482, 45.6582466914636], [-73.64607364653631, 45.658066858085114], [-73.64604767079695, 45.65799567065502], [-73.64603425969246, 45.65795891581264], [-73.64601057027825, 45.657893993586534], [-73.64595259672446, 45.657735118307855], [-73.64592204500566, 45.65765139051984], [-73.6457953754073, 45.65750999907129], [-73.64554859609065, 45.6572345373084], [-73.64512645443634, 45.65680772972821], [-73.6449877732808, 45.65668024042427], [-73.6447614746462, 45.65647220314588], [-73.6444218052434, 45.65616961274808], [-73.644084998082, 45.65590045138595], [-73.64346806471713, 45.65542934384303], [-73.6431427232276, 45.65520036198441], [-73.64295905620831, 45.65507109180715], [-73.64288014294569, 45.65502094463193], [-73.64287809620558, 45.65502339829872], [-73.64267586034998, 45.65524344173577], [-73.6424545981377, 45.655453396366575], [-73.64239361561529, 45.65550267449182], [-73.64221249468947, 45.655649031592574], [-73.64193401890336, 45.65584861130731], [-73.64180353547698, 45.65593686201181], [-73.64164081213825, 45.65602991348305], [-73.64157782055318, 45.65606305000818], [-73.64147976486576, 45.65611463122251], [-73.64131023087624, 45.65620054879173], [-73.64105928247913, 45.656311564527016], [-73.63926163529948, 45.65699586227835], [-73.63919178796455, 45.65702229948993], [-73.63904271446907, 45.65707879617204], [-73.63848100932887, 45.657291886018335], [-73.63754312018688, 45.6576461771425], [-73.6372194198259, 45.657760336761356], [-73.6368571304761, 45.65788504797558], [-73.63641632243254, 45.658042825672574], [-73.6363564601518, 45.658065317015385], [-73.63572977890009, 45.65830076653316], [-73.63530261698841, 45.65845456810588], [-73.63529194201996, 45.658458787399354], [-73.6344866385481, 45.65877993502003], [-73.63329590250162, 45.659254773566786], [-73.63296747982807, 45.65938024722935], [-73.63240472966919, 45.659595242037966], [-73.63215116549912, 45.659692114922144], [-73.63187813732023, 45.65979641971508], [-73.63165871043688, 45.65988024611852], [-73.62994021265064, 45.660487170404146], [-73.62932782133507, 45.66071581621262], [-73.62903358750505, 45.660825671172994], [-73.62813874669713, 45.66117637283848], [-73.62752951262667, 45.6614151355891], [-73.6265949430935, 45.66178836581534], [-73.62620451553046, 45.66194428541899], [-73.62545595160626, 45.66223838933677], [-73.62520315820059, 45.66233770780924], [-73.624762554443, 45.66250987236875], [-73.62391457308068, 45.66284121106299], [-73.62349681705658, 45.66298309136912], [-73.62346432971007, 45.662993257530665], [-73.6234642514827, 45.66299328191028], [-73.6234022622137, 45.66301268056933], [-73.62339337683376, 45.663015087281], [-73.62313757943345, 45.6630843891929], [-73.62292221534311, 45.663137173171215], [-73.62242151586935, 45.6632700910829], [-73.6220023594601, 45.66338136011484], [-73.62157144904225, 45.66351049339761], [-73.62115386936932, 45.663655292938245], [-73.61982231645831, 45.664145623043716], [-73.61982224208346, 45.66414565011625], [-73.6197530689353, 45.66417112179543], [-73.61941616438963, 45.664295179562124], [-73.61941153777802, 45.664296883253556], [-73.61941154176571, 45.664296948036245], [-73.61927426494442, 45.6643466776831], [-73.61797326458992, 45.66483069874423], [-73.61731368068915, 45.6650800029021], [-73.6170807808785, 45.66517534712041], [-73.61693913321363, 45.66523275657465], [-73.61588448698703, 45.66569216218688], [-73.61421505576259, 45.666428994070905], [-73.6109779286, 45.667857891553886], [-73.61028620657164, 45.66816320252245], [-73.60835709744737, 45.66900855030275], [-73.60814809869349, 45.66910207463476], [-73.60724060049715, 45.66947173618073], [-73.60389584046138, 45.67080025674702], [-73.60370730487786, 45.67087331318267], [-73.60257766489096, 45.671316565825805], [-73.6023234203111, 45.6714135510791], [-73.60216771927979, 45.67146930267778], [-73.60203740016047, 45.67151512981748], [-73.60190163617034, 45.67155524783069], [-73.60175229355787, 45.671597282687955], [-73.59434552232915, 45.66501219434278], [-73.5941701094729, 45.66499032413228], [-73.59395947657347, 45.66492383548221], [-73.5938507049315, 45.664854882794586], [-73.59322842317508, 45.664310195569826], [-73.59195735917444, 45.6631875010825], [-73.59171370545575, 45.66297282946501], [-73.59152756335183, 45.66280882768863], [-73.591348606284, 45.66264962848584], [-73.59116713264191, 45.66248818776068], [-73.59065574902873, 45.66204100909494], [-73.59025588873897, 45.661687066473874], [-73.58975180558389, 45.661230791569366], [-73.58965662658746, 45.66114554555701], [-73.5893190497121, 45.660852150755325], [-73.5889602963392, 45.66052623670854], [-73.58475633179685, 45.6567450530114], [-73.5847882085915, 45.65673364035255], [-73.58730908518473, 45.655366205372204], [-73.58758937414899, 45.65521415627294], [-73.58768141759188, 45.65516422489901]]]}}, {"type": "Feature", "properties": {"district_id": "Vimont"}, "geometry": {"type": "Polygon", "coordinates": [[[-73.6989597950367, 45.60678860859683], [-73.69883473638262, 45.60661272034042], [-73.69870822482429, 45.606437951153936], [-73.69858316517123, 45.6062620617133], [-73.69845810758007, 45.606086171226984], [-73.69833304949314, 45.605910281499064], [-73.69820799218928, 45.60573439162752], [-73.69808700832303, 45.605566819749164], [-73.6980848272893, 45.605563798312886], [-73.69795677308488, 45.60538866650728], [-73.69795320612728, 45.605383789327306], [-73.69795171313076, 45.60538174750754], [-73.69782818356573, 45.60520580506633], [-73.69781340498297, 45.6051853901879], [-73.6981476743516, 45.60503771527406], [-73.69840420135094, 45.60492438224625], [-73.69841408149136, 45.604920018022355], [-73.69881820839936, 45.604741475397574], [-73.69916344990943, 45.6045861829634], [-73.69917996706754, 45.60457867660358], [-73.6994641473042, 45.60444954329526], [-73.69975714990291, 45.60431209114599], [-73.70003796371925, 45.60417504831079], [-73.70032297804944, 45.604032503971496], [-73.70061190446886, 45.60388017812484], [-73.70088443386888, 45.6037337643478], [-73.70117001695876, 45.6035772614633], [-73.70144318699981, 45.60341795969093], [-73.7016927822895, 45.60327124607656], [-73.70195521194742, 45.60311123317284], [-73.7022098738626, 45.602949338374884], [-73.70246583783214, 45.602784181522246], [-73.70271845997071, 45.602614849423325], [-73.70297332344448, 45.602433648554005], [-73.7032151282844, 45.60226253670988], [-73.70345649440527, 45.60208500756055], [-73.70369321392229, 45.60190656115811], [-73.70392514067879, 45.601725059802085], [-73.70414524213696, 45.60154931730195], [-73.70436925365311, 45.60136379524987], [-73.70460130704527, 45.60116191927999], [-73.70481725699517, 45.60097023525734], [-73.70501840967411, 45.60078548175438], [-73.70522637265502, 45.60058870655639], [-73.70543121187221, 45.60039096387648], [-73.70563851252369, 45.60018456184814], [-73.70584000841544, 45.59998264203954], [-73.70604462387186, 45.59978168985553], [-73.70625213945225, 45.59957849598962], [-73.70645522932584, 45.599377593500904], [-73.7066568657009, 45.599177812659285], [-73.7068586495096, 45.59898017097858], [-73.70706020987846, 45.598779319653026], [-73.70726176880703, 45.59857846706745], [-73.70745781984884, 45.59838637854865], [-73.70764233946389, 45.598204327533296], [-73.70771687287697, 45.59813161370216], [-73.70780353069145, 45.598047071122934], [-73.70826499077378, 45.59759687190608], [-73.70848779702571, 45.597394228211975], [-73.70870074476281, 45.59720370837593], [-73.70882473149187, 45.59709660110014], [-73.70891993286509, 45.59701512305282], [-73.70914949113512, 45.596821897699165], [-73.70938688407664, 45.59663162245215], [-73.70962014692951, 45.59644791943157], [-73.70985696707027, 45.59627160058437], [-73.71009980912083, 45.59609400410721], [-73.71034736369718, 45.59591839245096], [-73.71060855661939, 45.59574124699765], [-73.71086402129984, 45.59556965445854], [-73.71112122662747, 45.59540121832382], [-73.71137039116029, 45.59524913646946], [-73.71163862757393, 45.595085685395574], [-73.71191767165394, 45.59492401419594], [-73.71219396336468, 45.59476672238925], [-73.71247496755366, 45.59461141516545], [-73.71275786281177, 45.594461402815284], [-73.71304250012135, 45.594314546710194], [-73.71333200033861, 45.594171814624175], [-73.71362331465707, 45.59403330760366], [-73.71391775091764, 45.593895766705735], [-73.71421552382998, 45.593762400293215], [-73.71451359103881, 45.593633310334845], [-73.71481194877168, 45.593508498635394], [-73.71511502560116, 45.5933856712885], [-73.71541831844692, 45.59326604971757], [-73.71572502661319, 45.593151674090514], [-73.71602020470898, 45.593047336336475], [-73.71633039785245, 45.59293927108828], [-73.71639023349843, 45.59292116298463], [-73.71664233352188, 45.59283436279021], [-73.7168123817737, 45.592776959534405], [-73.71688661320898, 45.592751900563705], [-73.71701231317611, 45.59270946706842], [-73.71851674531081, 45.59220158554856], [-73.71882555200905, 45.59209570544455], [-73.7191359533471, 45.591990842750874], [-73.7194447577205, 45.591884960973395], [-73.71975370769675, 45.59178121697284], [-73.72005968251847, 45.59167864494429], [-73.72036703441456, 45.59157388195325], [-73.72066104019157, 45.59147493071454], [-73.72097426055284, 45.59136674979668], [-73.72127276182992, 45.59126657171495], [-73.72139254654822, 45.591226371922964], [-73.72157126204618, 45.59116639375327], [-73.7218666404095, 45.59106524925735], [-73.72215904505545, 45.59096527595751], [-73.72245449345354, 45.59086519879881], [-73.72274406898059, 45.59076853547969], [-73.72303052400639, 45.59067090570148], [-73.72331705148792, 45.59057434495862], [-73.72360205431833, 45.59047783507044], [-73.72387668693452, 45.590385964516656], [-73.72415871399353, 45.59029062614672], [-73.72443921771924, 45.59019533866246], [-73.72471971920841, 45.59010004959236], [-73.72500029451375, 45.590005830483435], [-73.72527934523235, 45.58991166318091], [-73.72555534771885, 45.58981759749542], [-73.725831422779, 45.5897246008952], [-73.72592098339813, 45.58969475733549], [-73.72610742470778, 45.58963053477358], [-73.72638349793156, 45.589537535939805], [-73.72666704011434, 45.58944213976922], [-73.72694311148994, 45.58934914048332], [-73.72722055853468, 45.58925394940706], [-73.72750105061162, 45.5891586544097], [-73.72765755362043, 45.58910548484573], [-73.72778154301884, 45.589063358721305], [-73.7280316759431, 45.588978231632716], [-73.7280877184592, 45.58903497368314], [-73.72923234564725, 45.59019388461815], [-73.73433613451847, 45.595360635865916], [-73.7347464837888, 45.59577599557559], [-73.7352663567131, 45.596302206698205], [-73.74324987392477, 45.60438150144367], [-73.74317073835572, 45.604482311086116], [-73.7431603462953, 45.60449554986717], [-73.74309005375144, 45.6046086142707], [-73.743049187878, 45.604674346308876], [-73.74304638638961, 45.60467930131818], [-73.74296107424396, 45.60483016963354], [-73.74260222721205, 45.60544911342383], [-73.74233407976008, 45.60591140445501], [-73.7420564918384, 45.606433781862364], [-73.74182306539232, 45.6069471774856], [-73.74180757185206, 45.60698140369746], [-73.74177589668962, 45.60706875393174], [-73.74171625297514, 45.607211052766125], [-73.74159581010159, 45.607525347053894], [-73.74155770103646, 45.60760731186577], [-73.74151956482936, 45.60768297793476], [-73.74151622466258, 45.60768764789787], [-73.74146349178191, 45.6077613813835], [-73.74140225188192, 45.60783079745589], [-73.74132057272409, 45.607917353377566], [-73.74124778265366, 45.6079840942835], [-73.74116093250082, 45.60806076291626], [-73.74107017819932, 45.60812394232226], [-73.74105104524192, 45.60813537449939], [-73.74058952838085, 45.608381145196006], [-73.73954028128853, 45.6089289058847], [-73.73938170519284, 45.60902282022723], [-73.73925127637312, 45.60910317800709], [-73.73852386255464, 45.609594204643535], [-73.73779133815412, 45.61009243585259], [-73.73764556904439, 45.61018452145452], [-73.73742175958311, 45.610316361437626], [-73.73709429736718, 45.61049520710871], [-73.73682055208315, 45.61064334640335], [-73.73680275808722, 45.61068027616118], [-73.73677086107006, 45.610717235146375], [-73.73671974399332, 45.610756933428775], [-73.7364216706683, 45.610913220603706], [-73.73631292685947, 45.61096923481728], [-73.73627272470975, 45.61086043901156], [-73.73621184683323, 45.61071299341826], [-73.73615105235287, 45.61058534379192], [-73.7360696164464, 45.610427142696125], [-73.73605530969101, 45.61037858164491], [-73.73605001527952, 45.61033900023199], [-73.73607161060853, 45.61029126481952], [-73.73593619982842, 45.61010258105217], [-73.73582926329021, 45.60997772600608], [-73.73569662173489, 45.60983762684714], [-73.73543123312044, 45.609582606314774], [-73.73541735012309, 45.60956926620502], [-73.73534249788776, 45.609497337142955], [-73.73514439121547, 45.609306967501844], [-73.73449055513306, 45.60867936247794], [-73.73416052692453, 45.608362568040015], [-73.73410879740075, 45.60831291185372], [-73.73393747329881, 45.60814845598658], [-73.73371230654782, 45.607932312405055], [-73.73363836775425, 45.607861336853], [-73.73358068635434, 45.6078066643646], [-73.73347276072674, 45.60770436953831], [-73.73327398897955, 45.60751596587484], [-73.7330296432079, 45.60728436507007], [-73.73250445300627, 45.60678655773063], [-73.73229207967412, 45.60658272908461], [-73.73203621450077, 45.60671282412333], [-73.73162436966608, 45.60694671502036], [-73.73098862010588, 45.60729083622435], [-73.7302097183063, 45.60771099163482], [-73.73016481415092, 45.60773521366419], [-73.72910807179957, 45.6082963380001], [-73.72905217613028, 45.60832601748442], [-73.72844674574492, 45.60864748701692], [-73.72807316190674, 45.60883899667057], [-73.72774427623024, 45.60898812415543], [-73.72773343698529, 45.608992389344905], [-73.72741786928387, 45.609116549748265], [-73.72697871232171, 45.609263195006456], [-73.72657787724982, 45.609375569172435], [-73.72623572026214, 45.60944850962978], [-73.72618589928435, 45.60945912995127], [-73.7259194180181, 45.60950644821989], [-73.72554268229791, 45.60955488341979], [-73.72488951797706, 45.60962719977476], [-73.72354409928238, 45.609776149455], [-73.72170325891116, 45.60997991841016], [-73.72130091373806, 45.61003828740241], [-73.72088452844294, 45.61011287899646], [-73.7206372919391, 45.610165546683376], [-73.72047079433356, 45.6102099596104], [-73.72034990178255, 45.61024226985982], [-73.72023001320231, 45.6102743116971], [-73.71987529132424, 45.61038117446152], [-73.71950142804793, 45.61051146838235], [-73.71923261383407, 45.61062086352953], [-73.7189305516862, 45.61075281741621], [-73.71857352575142, 45.6109280673276], [-73.71820123798814, 45.611135739007004], [-73.71785463489687, 45.611355058226266], [-73.71748132037256, 45.61163021645005], [-73.71706980589494, 45.611974732627175], [-73.71686278891781, 45.612153291324496], [-73.716760572463, 45.61224526755646], [-73.71525939461775, 45.61363923666834], [-73.71400599764124, 45.61479876719346], [-73.71389983621063, 45.6148673527505], [-73.71380382261304, 45.61490712480225], [-73.71370899878718, 45.61492259926026], [-73.713507017374, 45.615082246028535], [-73.7132640932258, 45.6152653643345], [-73.7130121886855, 45.615447599037616], [-73.7128616251251, 45.6155746650702], [-73.71251598978974, 45.61579135662095], [-73.71188657327025, 45.61617225202436], [-73.71117258318127, 45.616582423140265], [-73.71075053968823, 45.61679169379247], [-73.71064962292797, 45.6168918729871], [-73.71046771808113, 45.617009912582766], [-73.71015423903745, 45.61718955487463], [-73.71011216033962, 45.6172526200293], [-73.71005085125587, 45.617316620352696], [-73.70978341935728, 45.61746648271627], [-73.70965672506074, 45.61753330235048], [-73.70955221319697, 45.617440299225024], [-73.7092773093348, 45.61718455366736], [-73.70923010606805, 45.61714219268001], [-73.7091780316752, 45.61709570949505], [-73.70912595480397, 45.617049226290526], [-73.70906734241431, 45.616996531831944], [-73.70899885161413, 45.616933451637266], [-73.70891416396623, 45.616856980129484], [-73.70881146493375, 45.61676289231032], [-73.70869249743768, 45.61665434603224], [-73.70856219827652, 45.6165365323207], [-73.70842863385505, 45.616415613719816], [-73.70829005767291, 45.61628843321607], [-73.70814835888103, 45.61616028461997], [-73.70800666201399, 45.61603213494195], [-73.70786489004286, 45.615902917129375], [-73.70772152373199, 45.615772680735226], [-73.70757321906783, 45.61563725034115], [-73.70743646382287, 45.615514293755545], [-73.7072899031426, 45.615382020907454], [-73.70714174690032, 45.615248728559756], [-73.70699504253854, 45.615114315803005], [-73.70684187435846, 45.61497476035809], [-73.70669059840513, 45.61484050215268], [-73.70653482460227, 45.614707466639956], [-73.70637396640275, 45.61456709842054], [-73.70621391502885, 45.61443849553312], [-73.70608762972799, 45.614334482230916], [-73.70588538690436, 45.614169781095505], [-73.70571909419785, 45.614039244230966], [-73.70555744964176, 45.61390962197898], [-73.70555519432848, 45.613907875876244], [-73.70539290220707, 45.613782242580804], [-73.70521869896224, 45.613647683483194], [-73.70504609527617, 45.61351414254798], [-73.70487508856702, 45.613381620686916], [-73.70470096092991, 45.613248130547674], [-73.7045237123993, 45.6131136730157], [-73.70432366348639, 45.61295854469801], [-73.70416666995735, 45.61282983625639], [-73.70401279883177, 45.612702093832034], [-73.7038327839447, 45.61254950416634], [-73.70366714778878, 45.612406078500825], [-73.70350296108126, 45.61226153062627], [-73.70334523908875, 45.61212212520791], [-73.70318388328002, 45.61197426496852], [-73.70302034493243, 45.61181683062896], [-73.70286494042897, 45.611666625206354], [-73.70271454805037, 45.61152268336162], [-73.70262115954544, 45.611430421611864], [-73.7025571093352, 45.61136504226068], [-73.7024058390123, 45.61120826554047], [-73.70224309725226, 45.611040082933336], [-73.70211099644453, 45.6108955221081], [-73.70197047006623, 45.610739454649384], [-73.70183466329708, 45.61058537089032], [-73.70169537041915, 45.61042497274177], [-73.70166701679331, 45.61039203427112], [-73.70155099293969, 45.610257241707885], [-73.70140792135918, 45.61008625081349], [-73.7012709462167, 45.609915052832065], [-73.70114195823298, 45.60974894623283], [-73.70100650764932, 45.60957769754922], [-73.7009144165189, 45.609459661065266], [-73.7007418556783, 45.60923713232893], [-73.70061518618999, 45.609060226724274], [-73.70048706635193, 45.60888444110341], [-73.70036054454076, 45.608709674733596], [-73.70023874340276, 45.608536893059686], [-73.7001137473167, 45.608362074241235], [-73.69998882504379, 45.60818832594503], [-73.6998623806586, 45.60801462786071], [-73.69971566200483, 45.60783019145334], [-73.69966655381607, 45.607768457409954], [-73.6995883046889, 45.60767009103047], [-73.69946164364517, 45.607493183183976], [-73.69933657928416, 45.60731729460863], [-73.69920999284747, 45.607141457135796], [-73.6990849313362, 45.60696556736941], [-73.6989597950367, 45.60678860859683]]]}}, {"type": "Feature", "properties": {"district_id": "Souvenir-Labelle"}, "geometry": {"type": "Polygon", "coordinates": [[[-73.71661015585703, 45.54431057067881], [-73.7162336884187, 45.543915964082856], [-73.71572439264528, 45.54338649664824], [-73.71514959876154, 45.54279170963879], [-73.71508300004606, 45.54272265829454], [-73.71504376882223, 45.542681982141424], [-73.71463647326128, 45.542259682627744], [-73.71449792465734, 45.542121267194965], [-73.71430634155473, 45.54193050589895], [-73.7142890021782, 45.541914089406795], [-73.71408770961735, 45.541723509720946], [-73.71389106854596, 45.541547928446995], [-73.71374085963079, 45.54142651923545], [-73.71353307307186, 45.54126632380789], [-73.71339096744306, 45.54115673993933], [-73.71333380864613, 45.54111266199733], [-73.71316126243754, 45.54099775185874], [-73.7129574713884, 45.54086290082832], [-73.71267491746516, 45.54068534224973], [-73.71223051994347, 45.54041084285614], [-73.7133213015088, 45.53987595629427], [-73.71472911754624, 45.53932415871041], [-73.71492849246835, 45.53924600991776], [-73.71609198540594, 45.538708345930566], [-73.71613347709884, 45.53868917198306], [-73.71614426376222, 45.53868751027025], [-73.71755932283303, 45.53846950911601], [-73.71891248089445, 45.53839455995873], [-73.72011918961857, 45.53827168536117], [-73.72128830611202, 45.53793190289849], [-73.72234689555786, 45.53735116443373], [-73.7240259925664, 45.53643165012268], [-73.72435394671412, 45.53620838570139], [-73.72537567978496, 45.53551279195475], [-73.7262142345144, 45.534811960280834], [-73.7267607418046, 45.534280401440974], [-73.72745331347916, 45.53367625978674], [-73.7280001584729, 45.533241163210185], [-73.7281770929663, 45.53312919037407], [-73.72839071437971, 45.5333128758019], [-73.72897322579108, 45.53381374837297], [-73.72904295008452, 45.5338736997936], [-73.72935741635244, 45.53414764278415], [-73.72956691158778, 45.53434338669737], [-73.72963492924413, 45.53441436959769], [-73.72976329892519, 45.53454833493441], [-73.7297855027201, 45.53457150609715], [-73.73001338144483, 45.534822370473876], [-73.73004658981526, 45.53485892881366], [-73.73022460197673, 45.535046902703236], [-73.7303706419668, 45.535201114078774], [-73.73065230120751, 45.53551874914398], [-73.73131609601636, 45.53626731117824], [-73.73137431321344, 45.53632871159395], [-73.73143527095407, 45.53639300300519], [-73.73150977661392, 45.536471581547964], [-73.7315853189829, 45.53655125304201], [-73.73165626416781, 45.53662607648319], [-73.73182277288052, 45.53680168758428], [-73.7318834551524, 45.53692394236174], [-73.73197746180165, 45.537054227976235], [-73.73213552247664, 45.53722343452168], [-73.7322370161919, 45.53733208429992], [-73.73232469752793, 45.53742594714995], [-73.73243289517913, 45.53754177281904], [-73.73262179971054, 45.53774399304733], [-73.7326751999323, 45.537801275937916], [-73.73283529836844, 45.53797301668436], [-73.73314655116883, 45.53830802127697], [-73.73385893131749, 45.53903363382652], [-73.73393480314117, 45.53911176433498], [-73.73480535047564, 45.53999271872386], [-73.7352708516461, 45.54046327567621], [-73.73561504457504, 45.54080322124395], [-73.73575817428478, 45.54094458370567], [-73.73599621764133, 45.54118410843845], [-73.7370531286648, 45.54224756738101], [-73.73719197871829, 45.542378655354945], [-73.73764339939136, 45.542841133148535], [-73.73773475290153, 45.54293465837611], [-73.73783374365958, 45.543036001608165], [-73.73821436394111, 45.54340864079984], [-73.738328820427, 45.54352358116986], [-73.73892039472372, 45.54411623765142], [-73.73901168394576, 45.544202970904436], [-73.73918307683252, 45.544154380925896], [-73.74059346085605, 45.54366100815584], [-73.74110874397122, 45.54347635503374], [-73.74147438346692, 45.54333520817084], [-73.74155356610682, 45.543285549738734], [-73.74169917554987, 45.54319795757695], [-73.74269789485783, 45.54287189883082], [-73.74403544339948, 45.54242902903801], [-73.7446607399918, 45.54222342852892], [-73.74544200187287, 45.54195900018406], [-73.74580644599537, 45.541842137584055], [-73.74623734998893, 45.541696335794406], [-73.74679236345612, 45.541527768387624], [-73.74745819157464, 45.54134725409964], [-73.74755993055811, 45.541352225722775], [-73.74761320420495, 45.54134901481942], [-73.74767643712369, 45.54134245020154], [-73.74772178451177, 45.54133374493033], [-73.74776978959117, 45.541323722813985], [-73.74831381312994, 45.54114731266213], [-73.74834635048158, 45.541132912023336], [-73.74837947016594, 45.54111379316275], [-73.74840377365621, 45.54109326542229], [-73.748440832098, 45.54105813887415], [-73.7484408958617, 45.54105807934621], [-73.74858407058282, 45.54100287780618], [-73.74883323700351, 45.5408817571411], [-73.7495179299548, 45.540505931351355], [-73.75029968702644, 45.54007499871806], [-73.75055378373348, 45.5399124709593], [-73.75066863101681, 45.5398231351041], [-73.75070957429399, 45.53981584655391], [-73.7507991076719, 45.53979315408492], [-73.75090640354995, 45.53973352920084], [-73.75109910243067, 45.53958643229463], [-73.75153291010906, 45.539237240826814], [-73.75159800909067, 45.539191205755436], [-73.75167083087956, 45.539154152007136], [-73.75176035077122, 45.539128759299324], [-73.75254073123472, 45.53897046502281], [-73.75324050736485, 45.53882764136587], [-73.75583740940883, 45.53828825118057], [-73.75697339649672, 45.5380562427769], [-73.757968633755, 45.537847936782434], [-73.75912763839929, 45.53761315544131], [-73.75920669528945, 45.53781993875111], [-73.7592275336308, 45.53789637766733], [-73.75923687292911, 45.53797824170076], [-73.7592174154788, 45.538202345427166], [-73.75913714015402, 45.5391643558124], [-73.75912639189438, 45.539293155033086], [-73.75907186618728, 45.539967256914984], [-73.75903540207088, 45.54039206281634], [-73.75898966015652, 45.54102745161206], [-73.7589888382306, 45.54112733540103], [-73.75899572827221, 45.54123350056356], [-73.75901930629941, 45.54134862625694], [-73.75903891891741, 45.54143676582203], [-73.75906495070267, 45.54152849017323], [-73.7591025237604, 45.541623787688216], [-73.75916072168347, 45.54174873302279], [-73.7592317250943, 45.541873649266066], [-73.7593193922018, 45.54200212698387], [-73.75942370658271, 45.54213056682692], [-73.75954983188126, 45.542267955387246], [-73.75961192555887, 45.542326948874035], [-73.75988809595707, 45.542589327947645], [-73.760220056638, 45.542931410095804], [-73.76038681813478, 45.54309408143709], [-73.76044645496704, 45.543152254011794], [-73.7613927432798, 45.54409160171695], [-73.76174066521656, 45.54443696233072], [-73.76196194903304, 45.54465691506774], [-73.76201726085172, 45.54470987857232], [-73.76206359611434, 45.54476016313332], [-73.76212926575786, 45.544837398408035], [-73.76233409776567, 45.545103252827644], [-73.76233411838076, 45.54510327977539], [-73.76202645826889, 45.54537423019247], [-73.76177893582285, 45.54559221707298], [-73.7617614652846, 45.54560760201828], [-73.7615961224321, 45.54575077131968], [-73.76146552464867, 45.54586381351932], [-73.76141326014516, 45.54591253599751], [-73.76137378694618, 45.54595942591272], [-73.76133554068228, 45.54601270634455], [-73.76133525184606, 45.546013109232206], [-73.76131990655361, 45.546034499254056], [-73.76129744834638, 45.54606578034848], [-73.76125927350866, 45.54611985874526], [-73.7611969418552, 45.546211789092624], [-73.76111940942941, 45.54633703909813], [-73.76087305361219, 45.546788419947546], [-73.76083862368046, 45.54684718409039], [-73.76083854362466, 45.54684731924862], [-73.76079807166572, 45.5469163634064], [-73.76075738827863, 45.546981248088706], [-73.76072417068693, 45.547033597194726], [-73.76072307856676, 45.54703531927438], [-73.76071761627682, 45.54704190234528], [-73.76068105965835, 45.547086708533136], [-73.76063387072689, 45.54713450842737], [-73.76057392967186, 45.54718413076424], [-73.76050754819798, 45.54723017381081], [-73.76026980182267, 45.54739974276552], [-73.76020758071273, 45.547444118658795], [-73.75997504276319, 45.54761101251431], [-73.75994973981476, 45.547629172099704], [-73.75977104143034, 45.547751670168644], [-73.75966068229856, 45.547827330939704], [-73.75956851123495, 45.54789052354031], [-73.75949142602833, 45.54794335707898], [-73.75916332533781, 45.54816637221916], [-73.7591109591427, 45.548198874310046], [-73.75905475420664, 45.54822959890757], [-73.7590547107673, 45.54822962150198], [-73.7587658110974, 45.54837003342178], [-73.75861389810743, 45.548443856246216], [-73.75833018244411, 45.54857407457839], [-73.75816532549231, 45.54865093332622], [-73.75808854391089, 45.54868303480388], [-73.75778172742547, 45.54881133241684], [-73.75774989513108, 45.548824639932256], [-73.75721811688761, 45.549041799182234], [-73.75698539700754, 45.54912240834914], [-73.75645471364241, 45.54929996879253], [-73.75581788428364, 45.54951195828051], [-73.7557130222077, 45.5495463868234], [-73.75558130204394, 45.54958897388609], [-73.75514639790053, 45.549707824578604], [-73.7550849893686, 45.549722359092954], [-73.75502098277775, 45.54972880085216], [-73.75457023671187, 45.549743303762], [-73.75389795724601, 45.54976459634], [-73.75356119314876, 45.5497788418743], [-73.75304769585757, 45.54979437788103], [-73.75295806276824, 45.549798175740854], [-73.75287099914352, 45.549803767514156], [-73.75277371407209, 45.549814780853865], [-73.75267518857672, 45.54983479521218], [-73.75259075076349, 45.54985477833615], [-73.75248199963471, 45.54987931431661], [-73.75146871620672, 45.55011370701535], [-73.75060637287639, 45.55030816691384], [-73.75031338864532, 45.55037629696108], [-73.7502340800328, 45.55039806677307], [-73.750163756343, 45.550424316032434], [-73.74981350134298, 45.550574455245155], [-73.74955400868592, 45.55068660204188], [-73.74943002125313, 45.55074176280836], [-73.74933669939614, 45.55078065946965], [-73.7492523146576, 45.550813237705235], [-73.74916152220742, 45.550844930019004], [-73.74907070978253, 45.55087212312593], [-73.7489491796403, 45.55090388228525], [-73.74873678502864, 45.550951136406724], [-73.74852049234606, 45.55098580091507], [-73.74833489336527, 45.55101050010117], [-73.74827099149275, 45.551041233409684], [-73.74816733535125, 45.55106035519037], [-73.74798552672405, 45.551073347711664], [-73.74745546124093, 45.551110490595256], [-73.74731847008351, 45.55112158529095], [-73.74717479117932, 45.55113743822624], [-73.74704204903105, 45.551158676241165], [-73.7468700622735, 45.55119428470855], [-73.74673738654938, 45.551230760040866], [-73.74661285166286, 45.55126912169646], [-73.74643421564443, 45.551334265665545], [-73.74630434086436, 45.551391685322066], [-73.74610724858603, 45.55149853275467], [-73.74596285827958, 45.55157532975575], [-73.74581975617114, 45.551653923472166], [-73.74570349840195, 45.55172076141161], [-73.74497846057484, 45.55217659149136], [-73.74463170549917, 45.55239017984943], [-73.7440558209418, 45.552749249162815], [-73.74350289365913, 45.55314361394449], [-73.74329102957245, 45.55331683372172], [-73.74265286404061, 45.5538355962946], [-73.74207212996646, 45.55430924181448], [-73.74183979501022, 45.55448970092178], [-73.74162397419911, 45.554638630396944], [-73.74135277862531, 45.55480831688304], [-73.74122795730977, 45.55488152295683], [-73.74100022368803, 45.55499797436035], [-73.74085412669635, 45.55506875485938], [-73.74075240463651, 45.55511449913385], [-73.74068983450893, 45.555140910663546], [-73.7405805468187, 45.555184381544706], [-73.74048716268977, 45.555219337897874], [-73.74041566980331, 45.55524300196822], [-73.74024779258923, 45.555292875768835], [-73.7401042756274, 45.55533317517072], [-73.7399417884888, 45.55537541918944], [-73.73978028462018, 45.55540557523054], [-73.7394846264442, 45.555456586190466], [-73.73903528666972, 45.55551241723928], [-73.73803286421466, 45.55562608991984], [-73.73781748442083, 45.55564825871982], [-73.73736455089036, 45.55569487816719], [-73.73714307968442, 45.555722423167516], [-73.73683329794771, 45.55576625790218], [-73.73660619987885, 45.55581161495893], [-73.73655558584578, 45.555821723244286], [-73.73637006371911, 45.555869798514], [-73.73618970611679, 45.55592776098679], [-73.73605286298645, 45.55597753475203], [-73.73580351586928, 45.55607793138597], [-73.73556443934106, 45.55619095707204], [-73.73427913382034, 45.55685900913624], [-73.73274748695562, 45.55765351036664], [-73.73264487514518, 45.5577073675198], [-73.73246408754736, 45.557802256873984], [-73.73244161415316, 45.557814052643046], [-73.73236579401161, 45.55785384730268], [-73.73221758921176, 45.557932296594906], [-73.7319739928965, 45.558061243787684], [-73.73179214037117, 45.55815749748406], [-73.73175535364545, 45.5581231291584], [-73.73171518520277, 45.55808560206263], [-73.73133647113534, 45.55773178894486], [-73.73092682490532, 45.55734585719998], [-73.73039852623603, 45.556854611827355], [-73.72997715847085, 45.556475508408106], [-73.72962227268832, 45.556161119985596], [-73.72961201569119, 45.55615203247523], [-73.72937582295084, 45.55594279058666], [-73.72905600660415, 45.55566421716642], [-73.72878153315952, 45.55543089381611], [-73.72826175942964, 45.55498904116016], [-73.72816930898611, 45.55490963815423], [-73.72743074990461, 45.554289381649895], [-73.72672304656007, 45.55369594614254], [-73.72590680988826, 45.55301078290753], [-73.72566076072485, 45.55280580983609], [-73.72545683547418, 45.55263442943459], [-73.72544907476376, 45.552627907447594], [-73.72534571059255, 45.55254103973216], [-73.72514969055071, 45.552376302861376], [-73.7247424604927, 45.552034056923716], [-73.72443680969874, 45.55177769364411], [-73.72441082725842, 45.55175590028373], [-73.72391821976463, 45.551342721258294], [-73.72327204653209, 45.55079970610562], [-73.72252029421792, 45.550141276668036], [-73.72213806717694, 45.54979726831823], [-73.72187577229565, 45.54955531822288], [-73.72158046093983, 45.54927696661491], [-73.72131751067731, 45.54902538914324], [-73.72089572881745, 45.54861625378492], [-73.7205830004364, 45.54830633009178], [-73.7203775470821, 45.548102833692205], [-73.72035381777897, 45.54807932985925], [-73.71997395109125, 45.5477030765645], [-73.71943058156475, 45.547167274878056], [-73.71883947835057, 45.546580560192325], [-73.71867854742675, 45.54641767856984], [-73.71847053853149, 45.546207145046274], [-73.71827355189438, 45.54600478128621], [-73.71754344843657, 45.54525982809515], [-73.71714347465684, 45.54485637354081], [-73.71688591934816, 45.54459388289877], [-73.71661015585703, 45.54431057067881]]]}}, {"type": "Feature", "properties": {"district_id": "L'Orée-des-Bois"}, "geometry": {"type": "Polygon", "coordinates": [[[-73.81144661229521, 45.55695614789546], [-73.81066097242787, 45.55623322546688], [-73.80920497663053, 45.55489339735046], [-73.80919443470523, 45.554883697767636], [-73.80900142359576, 45.55470607967226], [-73.80918142255028, 45.55465383052396], [-73.80937521870305, 45.55459700045867], [-73.80946990116557, 45.554569234236986], [-73.8096706007761, 45.55451037833517], [-73.80968282831401, 45.55450679263864], [-73.80992594013658, 45.55443549986023], [-73.8113413152574, 45.5540204210114], [-73.81283103226617, 45.553583515987384], [-73.81339132828984, 45.55341393330254], [-73.81393252764803, 45.55323321989224], [-73.8143169119662, 45.55309467706016], [-73.81451439860386, 45.55301985209426], [-73.81539615034087, 45.552655536917484], [-73.81776538697127, 45.55165626075709], [-73.81825393187967, 45.55144242344586], [-73.81864018420806, 45.55127335728796], [-73.82065618673552, 45.550390895521524], [-73.82195271787853, 45.549805590404056], [-73.8229380224666, 45.54931616984518], [-73.82345193642615, 45.549056075104524], [-73.83160200423305, 45.54545900137968], [-73.83242166213266, 45.545108060190636], [-73.83312899841363, 45.544828003200045], [-73.83373699295025, 45.544619999466256], [-73.83446399569175, 45.54438900331353], [-73.8351400023728, 45.544195997484174], [-73.83590399723225, 45.54400599895809], [-73.83680499968371, 45.54381099867756], [-73.83771700497007, 45.54364999598458], [-73.83847099444024, 45.54354500034423], [-73.83924699993855, 45.543458002169594], [-73.84130200528922, 45.54329300287309], [-73.84218300732512, 45.54323499938081], [-73.84418100057451, 45.54321500089696], [-73.84476417318437, 45.54320178560278], [-73.84484299393964, 45.54319999906923], [-73.84543700295465, 45.543176002673825], [-73.84742900060351, 45.5430319985685], [-73.84835056959328, 45.54294810407655], [-73.84882294265954, 45.54290976299543], [-73.84896551123587, 45.542959645543434], [-73.84933829682149, 45.54292679767285], [-73.84932700226207, 45.54287799715807], [-73.84930841359616, 45.54282112131298], [-73.84929619999971, 45.54278375153479], [-73.84926627971878, 45.54270825670879], [-73.84921449581337, 45.54261753148404], [-73.84914219022468, 45.54252146993637], [-73.84904930182773, 45.542410174005354], [-73.84891922856876, 45.54229089304815], [-73.84878907796447, 45.542159014456814], [-73.84852733980927, 45.541896174539225], [-73.84842374202147, 45.541792139153735], [-73.85468157495802, 45.538570480630504], [-73.85492704838956, 45.5388161333451], [-73.85509167774806, 45.538973947248934], [-73.85525618358541, 45.539111999961506], [-73.85538692509608, 45.539214444727804], [-73.85545391181658, 45.53925385255726], [-73.85559324739339, 45.53931080694876], [-73.85568499682707, 45.539354566556476], [-73.85579041135146, 45.53941613900648], [-73.85588056597157, 45.539475378829934], [-73.85616166643976, 45.53972830282197], [-73.85625128050718, 45.539816772557046], [-73.85631936381435, 45.539888078393936], [-73.85662715626444, 45.54018209182318], [-73.85684788675687, 45.540392938987395], [-73.85692781582657, 45.54046358116257], [-73.85704876894039, 45.54057047908772], [-73.85711043295704, 45.54062224924207], [-73.85718031874852, 45.540697401124866], [-73.85746363280903, 45.540971408925365], [-73.85779444976684, 45.541296563357996], [-73.85787339200235, 45.541374152895536], [-73.85837586777018, 45.54183353723113], [-73.85865907952457, 45.542092458364145], [-73.85919961671681, 45.54260345204477], [-73.85946169204453, 45.54285119774982], [-73.85968865120529, 45.5430701830495], [-73.85992554905788, 45.54329875583278], [-73.86058560108779, 45.543922645784086], [-73.86109304981885, 45.54440228189126], [-73.86197547996332, 45.54523632106482], [-73.86248970642231, 45.545722334419565], [-73.86257191611303, 45.54580003176073], [-73.86300795116374, 45.54621825334741], [-73.8637402158116, 45.546920583254774], [-73.86388757658744, 45.54706191825226], [-73.86425462353094, 45.54738748172255], [-73.86426082992025, 45.54742163231674], [-73.86426600027343, 45.54743536262917], [-73.86427832751002, 45.547455322181754], [-73.86437557022985, 45.54755929227358], [-73.86441417542416, 45.547601831264956], [-73.86447290109908, 45.5476665419028], [-73.86450483862437, 45.54770204472048], [-73.864820751289, 45.54805322225531], [-73.86488697368809, 45.54812683600823], [-73.86510095419135, 45.548341213157194], [-73.86510325745968, 45.54834387740932], [-73.86520834073438, 45.548465400916044], [-73.86521579508813, 45.548474021809945], [-73.86539954465111, 45.548666620017926], [-73.86547857889143, 45.548749458950404], [-73.86557609574447, 45.548864011892135], [-73.86562464524414, 45.54892104109481], [-73.86575067826507, 45.54906908989056], [-73.86583760865534, 45.549171204770175], [-73.86599233505648, 45.54933177979815], [-73.86605779566509, 45.54939825239861], [-73.86617578785332, 45.54951806892982], [-73.86637394155423, 45.54971928568272], [-73.86653461496758, 45.54986569816601], [-73.86675790205635, 45.550069164169095], [-73.86701363444662, 45.55030219398049], [-73.86725866123038, 45.55052546561533], [-73.86740485908044, 45.55065868230806], [-73.86756954603928, 45.55080874543469], [-73.86770027826755, 45.550927297390984], [-73.867918967889, 45.551125608129375], [-73.8680914488184, 45.551282015325924], [-73.86822017207325, 45.55139874198542], [-73.8682955074431, 45.5514664259221], [-73.86829600473062, 45.551466872437], [-73.86849973943355, 45.55164991865618], [-73.8687402972642, 45.55186604508477], [-73.86881795418856, 45.551935815095106], [-73.8690208703031, 45.55211714072777], [-73.86904949511805, 45.552142718764216], [-73.86924438266661, 45.55231686764682], [-73.86930752984446, 45.55237180453809], [-73.8694453287629, 45.552491685871885], [-73.86955867923736, 45.552593555839806], [-73.86970216775848, 45.55272250949066], [-73.86983441711378, 45.55284136269938], [-73.87001881074343, 45.55301724670247], [-73.87002903396167, 45.5530269983983], [-73.87014745152976, 45.5531445840818], [-73.87015968857732, 45.55315673450049], [-73.87016091847315, 45.55315795609101], [-73.87017084528918, 45.55316781311529], [-73.87027626364295, 45.553266716110144], [-73.87040455234988, 45.55338707521242], [-73.87044589518676, 45.553425863530116], [-73.8705149383527, 45.55349063832001], [-73.87087181357091, 45.553808921795934], [-73.87118330251334, 45.55404186727146], [-73.87154478637237, 45.55428094813808], [-73.8719932487007, 45.554501747941735], [-73.87236317564962, 45.554660713373615], [-73.87262511879929, 45.554759740935026], [-73.87303592781414, 45.55490237378618], [-73.87326824790165, 45.55497630121635], [-73.87347232525559, 45.5550404223259], [-73.87361222394568, 45.55508112062015], [-73.87432572911817, 45.55528868304929], [-73.87464782910416, 45.555380310141786], [-73.87537031195473, 45.55558580026553], [-73.87545172089516, 45.55560707927895], [-73.8759040748971, 45.55572531918773], [-73.87637888041957, 45.55585873103608], [-73.87642324910392, 45.55587080190124], [-73.87662396898389, 45.55592541087965], [-73.87673546710664, 45.555934941406406], [-73.87682250324227, 45.55592565598435], [-73.87715094280125, 45.556006457077046], [-73.8771742385148, 45.556042373561986], [-73.87720257931898, 45.5560665755283], [-73.87724754686782, 45.55608712324047], [-73.87739124086428, 45.55612264201273], [-73.87754990479131, 45.55615629706126], [-73.87835197264654, 45.556326426075145], [-73.87984522406794, 45.556610659498844], [-73.88026163190874, 45.55668991732523], [-73.88040769064988, 45.556695729876594], [-73.88052159469623, 45.55668185298766], [-73.88076406922437, 45.55673953429846], [-73.88111326031269, 45.556850637741945], [-73.8813482827692, 45.55693293965862], [-73.88145039184617, 45.556975156430916], [-73.88156678500177, 45.55702695813256], [-73.88170452990221, 45.55709567275436], [-73.88184995541525, 45.557171777074295], [-73.88207160463934, 45.55729613188791], [-73.88217279656925, 45.55735290500735], [-73.88219370221725, 45.557364470828766], [-73.88244179091372, 45.55750171837451], [-73.88419885317872, 45.55847372678429], [-73.88450261508468, 45.55864176117751], [-73.88431756236362, 45.55894823226977], [-73.88360246423798, 45.55971243840356], [-73.88298020863289, 45.56018911511353], [-73.88202557551642, 45.56055437704529], [-73.88100323456749, 45.56072024838846], [-73.8803830130215, 45.56080411204746], [-73.87967761873351, 45.56089948898589], [-73.87784015808903, 45.5610679258101], [-73.87611599443753, 45.56117346571553], [-73.87473362253198, 45.561365354269554], [-73.8738063335375, 45.561605703827794], [-73.87248200247306, 45.561984620746294], [-73.87109226274762, 45.56248871542309], [-73.86996752712557, 45.56304796424994], [-73.86929740657891, 45.56338115625307], [-73.86678442712552, 45.56462562587792], [-73.8657419499529, 45.56500690200263], [-73.86533760869368, 45.56515478143555], [-73.86365767018773, 45.566259170403555], [-73.86271583946063, 45.56719871843268], [-73.86211404177394, 45.56794990791628], [-73.86175816140475, 45.568612991336614], [-73.86143926486413, 45.5691260578987], [-73.86102627477784, 45.56977668862775], [-73.86036775621221, 45.570553077557214], [-73.85942413197859, 45.57121797089237], [-73.85859259650337, 45.571632699360755], [-73.85747592186623, 45.57192343473646], [-73.85667186436314, 45.57216325543942], [-73.85588141265856, 45.57265637678447], [-73.85574645607066, 45.57274056702858], [-73.85495384272211, 45.5733049706451], [-73.85408579990296, 45.573957084210384], [-73.85334912023956, 45.574396428091084], [-73.85236526054348, 45.57469917773488], [-73.85201500116665, 45.57480555502676], [-73.8516175785415, 45.57492625417291], [-73.85097604671755, 45.57541534291671], [-73.85043018763875, 45.576053907072705], [-73.84977082788018, 45.57673025901894], [-73.84914762490952, 45.57713187337198], [-73.84835321990059, 45.57744643398271], [-73.84746317162616, 45.57761150484369], [-73.8464787542038, 45.5778642835536], [-73.84642273018743, 45.57788251577828], [-73.84566520413601, 45.57812903373121], [-73.84498383249085, 45.578330852425545], [-73.84369589781294, 45.57855953139517], [-73.84275201052698, 45.578717383059534], [-73.84190600736898, 45.57887711518878], [-73.84054224417781, 45.57911837888119], [-73.83980443725224, 45.579370397876204], [-73.8391332093487, 45.57970956017515], [-73.83828361848767, 45.58032396616506], [-73.83766115375177, 45.580862805318866], [-73.8376178518451, 45.58089657258482], [-73.83760450148543, 45.58088430325177], [-73.83728300190651, 45.58058882789423], [-73.83660830597714, 45.57996873140804], [-73.83517520112561, 45.578651539407865], [-73.83493050446599, 45.578426627081754], [-73.8349248277427, 45.57842140940606], [-73.83488254348386, 45.57838253647691], [-73.83481598188119, 45.57832134598395], [-73.83240088785324, 45.57613013643496], [-73.8308554249383, 45.57472782490443], [-73.82972961801393, 45.57370624056034], [-73.82964120037397, 45.573626004850304], [-73.82805182688018, 45.57218368136066], [-73.82405104811973, 45.568552626437736], [-73.82393103229697, 45.56844369291088], [-73.8238613089697, 45.56838040738559], [-73.82316083649462, 45.56773031631685], [-73.8226900493361, 45.567293380752645], [-73.81901533122354, 45.56391553859499], [-73.81900421419428, 45.56390531963498], [-73.81892083646778, 45.5638360114942], [-73.81551001040584, 45.56069668962002], [-73.81144661229521, 45.55695614789546]]]}}, {"type": "Feature", "properties": {"district_id": "Pont-Viau"}, "geometry": {"type": "Polygon", "coordinates": [[[-73.66748367833995, 45.56673347663859], [-73.67294199226721, 45.568753872035415], [-73.67328682119131, 45.56840241471486], [-73.6736316485902, 45.56805185616662], [-73.67400203569606, 45.567682361136306], [-73.67420382625875, 45.56747959119534], [-73.67427528191293, 45.56738679941715], [-73.67436330821141, 45.56726698731338], [-73.6745928760388, 45.56693369848685], [-73.67477014241547, 45.566673375683564], [-73.67498563583358, 45.566347306229005], [-73.67521008592038, 45.56601852311274], [-73.67533004821796, 45.565870766420694], [-73.67548964466144, 45.56569775339045], [-73.67565825527237, 45.56554002343607], [-73.67590097287666, 45.56532009064856], [-73.67613866559267, 45.565132559082784], [-73.67654260625741, 45.56485298721621], [-73.67690051000208, 45.56460048020817], [-73.67711780713965, 45.56444717183167], [-73.67729674834446, 45.56431821807536], [-73.67743349383252, 45.5642145249187], [-73.67768016103949, 45.56403237516955], [-73.67786806969215, 45.56390430639413], [-73.67804701598446, 45.56377805094266], [-73.67812756714775, 45.563729334359145], [-73.67819660885918, 45.56368693450714], [-73.67836156498618, 45.5635930943874], [-73.67856619230479, 45.56348659435379], [-73.67875291598405, 45.56339002013722], [-73.67903685906789, 45.563250101275905], [-73.67938091380874, 45.56308039282086], [-73.67964567879835, 45.562953100222394], [-73.67993347771214, 45.56281857205967], [-73.68004220509289, 45.562768909900086], [-73.68019956725126, 45.562705673423814], [-73.68047828223501, 45.56259705902429], [-73.68058740434792, 45.562554534100876], [-73.68074076204711, 45.56249605702836], [-73.68101968440517, 45.56239123467464], [-73.6811361133191, 45.5623469582682], [-73.68130244002128, 45.562283706053044], [-73.68139068955855, 45.56224037393972], [-73.6816809933339, 45.56209054020574], [-73.68182805451256, 45.562012020686474], [-73.68236128868523, 45.56172142421445], [-73.68248995378194, 45.56179824992019], [-73.68249605089622, 45.56180129421593], [-73.68256401872117, 45.56182458129358], [-73.68281327644173, 45.56205454012482], [-73.68334919109657, 45.562521327527364], [-73.68337180470753, 45.562541024583126], [-73.68380116695619, 45.562914995606555], [-73.68406216469144, 45.56316138083781], [-73.68450533859205, 45.563579737303854], [-73.68640813031926, 45.565269234836904], [-73.68702825475795, 45.565829197974935], [-73.68716955631741, 45.5659567887491], [-73.68828628108577, 45.566965132311], [-73.6894362465694, 45.56799946252248], [-73.68948528919029, 45.5680435719759], [-73.69018852759962, 45.56867607008506], [-73.69203142215576, 45.57035837350554], [-73.69214709617601, 45.5704661588943], [-73.69231800882079, 45.57061704313937], [-73.69352479623623, 45.57170920125894], [-73.69381266546723, 45.571964265580924], [-73.69408254136533, 45.57220226292607], [-73.69416222491054, 45.57227411409369], [-73.694847202649, 45.57287673517169], [-73.69604112781606, 45.573926596119435], [-73.69616192308126, 45.574028969596206], [-73.69758961765949, 45.575228684391035], [-73.69995566036272, 45.57725188794474], [-73.70039170482094, 45.57761985497376], [-73.70077901409965, 45.57795312840158], [-73.70127691389168, 45.578381555413976], [-73.701388248764, 45.5784710453725], [-73.70167377873578, 45.57870054660386], [-73.70178778910685, 45.57879218474066], [-73.70190916720696, 45.578889744126634], [-73.70191188475052, 45.57893293121753], [-73.70194155302497, 45.57898776847389], [-73.70198527451458, 45.579030883070715], [-73.70211891798286, 45.57914355300196], [-73.70255187194675, 45.57950855668899], [-73.70265241755835, 45.579593320618606], [-73.70282101349821, 45.57973545476232], [-73.70294281110465, 45.57983813412727], [-73.703197276022, 45.58006964381162], [-73.70342749084764, 45.58027908905983], [-73.70345877559367, 45.58030581681247], [-73.70369508505068, 45.58050770017719], [-73.70405345103283, 45.58081385614735], [-73.70464591984597, 45.58131999675223], [-73.70524125815035, 45.58184335004404], [-73.70538138088179, 45.581965475180425], [-73.70485571087673, 45.58224176721488], [-73.70463954873165, 45.58235283380451], [-73.70428910105917, 45.582537926308206], [-73.70396298571673, 45.582719374967546], [-73.7036229153362, 45.58294044010675], [-73.70322798922663, 45.58323088877062], [-73.70295969156538, 45.58345632336166], [-73.70258933955904, 45.58381151391459], [-73.7023876706295, 45.584035929129676], [-73.70200745943623, 45.58450271417716], [-73.7011602156018, 45.58553181526479], [-73.70032827136428, 45.586547385603666], [-73.69973873849452, 45.5872646824585], [-73.69927936692997, 45.58782787831878], [-73.69882752321305, 45.58834786735165], [-73.69868709812039, 45.58850378219431], [-73.69853004010822, 45.58866782423315], [-73.69805499046053, 45.5891527571086], [-73.6975874423618, 45.589586384714714], [-73.69710954589563, 45.58999483300725], [-73.69679391285601, 45.5902608268295], [-73.69649735691624, 45.59048539480757], [-73.69605504269394, 45.590810993124585], [-73.69518372300074, 45.591410396455196], [-73.69484680630998, 45.591655300404234], [-73.69419219752699, 45.59212072683701], [-73.6941843881564, 45.5921262713608], [-73.69358871834214, 45.592549169859936], [-73.69311355779715, 45.59288504337909], [-73.69242697204655, 45.59336793073194], [-73.69222952958378, 45.59349988470002], [-73.69195911107435, 45.59369664156395], [-73.69101618557093, 45.59438375211522], [-73.69085750801233, 45.59448639803167], [-73.69058614938736, 45.59466193432276], [-73.69047748319917, 45.59473222840666], [-73.6903606609675, 45.594816530111764], [-73.69024790756734, 45.59467313228984], [-73.6901145341127, 45.59450351077072], [-73.68956416328862, 45.59382015962434], [-73.68941812499976, 45.593649255329844], [-73.68935306243773, 45.59357600734824], [-73.6892692597472, 45.593481663297986], [-73.68911386473722, 45.593307859560596], [-73.68895222999525, 45.59313211959749], [-73.68879386219251, 45.59295948650949], [-73.68863586061411, 45.59279220027531], [-73.68854678266909, 45.59269643816396], [-73.68847437571303, 45.59261859916618], [-73.68830534711185, 45.592446323108916], [-73.68813661068947, 45.59227832680178], [-73.68796606040031, 45.592106101329115], [-73.6877926832943, 45.591937188015244], [-73.68761451769836, 45.5917652183795], [-73.6874349762837, 45.59159543910254], [-73.68725224424905, 45.59142362305598], [-73.68706493960002, 45.59125195997206], [-73.68687611622379, 45.591080348550946], [-73.68668584175686, 45.590909856771844], [-73.68649375245064, 45.59073513843609], [-73.6864299100714, 45.59067793251588], [-73.68630348030914, 45.59056464600613], [-73.6861116141609, 45.59039313544469], [-73.68596053166996, 45.59025991879816], [-73.68591800726583, 45.59021846628852], [-73.68573245387948, 45.59004995923439], [-73.6855388493417, 45.5898752894214], [-73.68534386650222, 45.58970281079616], [-73.68515193348856, 45.58953022790877], [-73.68495992765541, 45.58935657671407], [-73.6848118483483, 45.58922374418803], [-73.68476640061722, 45.589182975342766], [-73.68457592081927, 45.589009271533385], [-73.68399571392882, 45.58849381332153], [-73.68398639171448, 45.58848521786639], [-73.683808360113, 45.588321075892544], [-73.68361803157615, 45.58814951001157], [-73.68342299047453, 45.58797595825232], [-73.68323593087841, 45.58780749718704], [-73.68311963747416, 45.58770178810067], [-73.68304712816683, 45.587635878401585], [-73.68285687822424, 45.587465380103914], [-73.68266989598128, 45.58729798967031], [-73.68248450856746, 45.587131615885404], [-73.6822943359849, 45.58696218730991], [-73.68211700479104, 45.586801973795666], [-73.68192378850839, 45.58663264752728], [-73.68173565019681, 45.58647065276154], [-73.6815387385114, 45.58631431355745], [-73.6813374037238, 45.586160265699135], [-73.68131124710324, 45.58614184990404], [-73.68115138046522, 45.58602928913904], [-73.68092095954128, 45.585874072787725], [-73.6806995391131, 45.58573892233794], [-73.68047405999425, 45.58561141202597], [-73.6802474953585, 45.58549037005761], [-73.68000903490439, 45.58537401470115], [-73.67976644427529, 45.58526422960457], [-73.67952588643358, 45.585161879691825], [-73.67926886455928, 45.585064370999085], [-73.67901859122064, 45.58497628227102], [-73.67876389446532, 45.584890485483946], [-73.67850477556381, 45.58480698060639], [-73.67825697302452, 45.58473274462974], [-73.67799509881894, 45.58465361876747], [-73.67774425180365, 45.58457948360195], [-73.67749180932313, 45.58450432815644], [-73.6772455342708, 45.584430038118064], [-73.67699113420952, 45.58434851650291], [-73.67674123167049, 45.58426577079142], [-73.67659472523258, 45.58421377211394], [-73.67653133075133, 45.584191271757454], [-73.67649560899379, 45.58417859255458], [-73.67625259758785, 45.58408489498831], [-73.6760138661421, 45.58398676494384], [-73.67573806448219, 45.58385985996871], [-73.67549802673088, 45.58374247718235], [-73.67543484808506, 45.58370955494881], [-73.67542999490577, 45.583707025779994], [-73.67534268268595, 45.58366152673175], [-73.675341386285, 45.58366085204916], [-73.67528756502043, 45.583632805049], [-73.67527960562369, 45.58362865734596], [-73.67515500151995, 45.58355648140585], [-73.67507141107384, 45.58350806189205], [-73.67485647320817, 45.58337804255612], [-73.67464392560463, 45.58323829649109], [-73.67444356716248, 45.58309814178819], [-73.67424915617165, 45.58295564169901], [-73.67415272471085, 45.58287868587376], [-73.67408413283144, 45.58282394665207], [-73.67405706557867, 45.582802346073045], [-73.67387107131297, 45.58264884377863], [-73.67369588369627, 45.582497123507785], [-73.67352367023925, 45.58234423226627], [-73.67346225779436, 45.582288902269674], [-73.67335617444846, 45.582193326726845], [-73.67318715735071, 45.5820424718351], [-73.67316457236933, 45.582021810868156], [-73.67302437620671, 45.58189355087868], [-73.67285499721858, 45.5817373483422], [-73.67269395874227, 45.581591585375364], [-73.67253285119128, 45.58144475328328], [-73.67237188813557, 45.581300058740005], [-73.6722122332543, 45.581152105506796], [-73.67206244332492, 45.58101454193183], [-73.67190474700425, 45.580872954313904], [-73.67174690656013, 45.58072922689381], [-73.67162816561067, 45.58062171179741], [-73.67158747230255, 45.58058448123786], [-73.67148482098617, 45.58049282923508], [-73.67143471096948, 45.5804480874701], [-73.67128158813752, 45.58030634634198], [-73.67112201138512, 45.58015946134137], [-73.6709659157006, 45.580018891316854], [-73.6708113455042, 45.57987826930398], [-73.67065677480126, 45.57973764797911], [-73.67049901315882, 45.57959498858783], [-73.67034118117002, 45.5794512600808], [-73.66986957554258, 45.579025369524146], [-73.6697510590225, 45.5789210609088], [-73.66957357287606, 45.57875762093256], [-73.66941736198032, 45.578614082185624], [-73.66937657859367, 45.578576607104885], [-73.6692123691293, 45.578428802134695], [-73.66912602783859, 45.578350188466906], [-73.66904315594756, 45.578274733405465], [-73.66888533137326, 45.57813100194327], [-73.6687177881534, 45.577979020563255], [-73.66853164805075, 45.57780940088311], [-73.66840381128672, 45.577693646145995], [-73.66832252459889, 45.577618030745846], [-73.66824250891464, 45.577543598492845], [-73.6680831650705, 45.57739991763238], [-73.66792686876059, 45.577256133984676], [-73.66787471419244, 45.57720834141042], [-73.66777224136298, 45.57711443887665], [-73.66761775949328, 45.57697488314139], [-73.66746835375821, 45.576842661477045], [-73.6673170660984, 45.576705142363465], [-73.66716889566595, 45.57656859030266], [-73.66678798344438, 45.576224468422154], [-73.66704603922264, 45.575841975199054], [-73.66748263093758, 45.57492521374455], [-73.66780906202806, 45.57396032107012], [-73.6678838601888, 45.5735945347812], [-73.66798243911805, 45.57311244256098], [-73.66830549639234, 45.571866386157026], [-73.66825937345004, 45.570851068949544], [-73.66775351150292, 45.56982497001479], [-73.66772091646627, 45.56975885318878], [-73.66721323824996, 45.56874353072878], [-73.66716737269871, 45.56737898790352], [-73.66748367833995, 45.56673347663859]]]}}, {"type": "Feature", "properties": {"district_id": "Champfleury"}, "geometry": {"type": "Polygon", "coordinates": [[[-73.74324987392477, 45.60438150144367], [-73.7352663567131, 45.596302206698205], [-73.7347464837888, 45.59577599557559], [-73.73433613451847, 45.595360635865916], [-73.72923234564725, 45.59019388461815], [-73.7280877184592, 45.58903497368314], [-73.7280316759431, 45.588978231632716], [-73.72806500561114, 45.58896688843412], [-73.72830058262674, 45.588890013356256], [-73.7283547087921, 45.58887235039904], [-73.72864114312159, 45.58877470655937], [-73.72867490113732, 45.58876317965968], [-73.72893054884025, 45.58867588806636], [-73.72922140359006, 45.58857594744264], [-73.72951537808419, 45.58847697252458], [-73.72981072672553, 45.588375806597966], [-73.73010005604154, 45.588275916290954], [-73.73039365694427, 45.58817159037226], [-73.73068863317965, 45.588065073433675], [-73.73098193752348, 45.58795646880735], [-73.73127799223741, 45.58784348198558], [-73.73156940140072, 45.587729578786224], [-73.73186058855907, 45.5876124664987], [-73.73213676342559, 45.58749908137376], [-73.7324364968563, 45.58737310132014], [-73.73250030185584, 45.58734627262948], [-73.7327196220491, 45.58724982860614], [-73.73300107261424, 45.587124468298505], [-73.73327940244891, 45.58699814185104], [-73.73355301436038, 45.586869831244954], [-73.73382350426758, 45.58674055365459], [-73.7340909458284, 45.586611378848936], [-73.7343536682112, 45.586480219972046], [-73.73461319625052, 45.58634702623375], [-73.7348492916947, 45.58622314382757], [-73.73487104962528, 45.58621174324098], [-73.73512433500024, 45.58607661573714], [-73.73537739557452, 45.58593827843779], [-73.73562878530896, 45.58579785461526], [-73.73587697937144, 45.58565539332026], [-73.73610072106938, 45.58552496056045], [-73.73612502225117, 45.585510794698315], [-73.73637284405493, 45.58536298449768], [-73.7364073720461, 45.585341582575886], [-73.73656333245529, 45.585244911305566], [-73.7366144231269, 45.58521324305273], [-73.73682973780016, 45.58508155664838], [-73.73685759811775, 45.58506451819136], [-73.73709910091854, 45.58491370687324], [-73.73733907892336, 45.58476294589939], [-73.73757745843902, 45.58461116733416], [-73.73780127035738, 45.584469533585015], [-73.73804116958544, 45.58431770138997], [-73.73828106752354, 45.584165869589505], [-73.73852096673083, 45.58401403727845], [-73.73877267861933, 45.583856440651715], [-73.73901257261971, 45.583704607310715], [-73.739252466604, 45.58355277256201], [-73.73949388147261, 45.58340088552607], [-73.73974116504164, 45.5832455825009], [-73.7399856254617, 45.58309359174401], [-73.74022246604481, 45.58294185853775], [-73.74028986988955, 45.58290096525348], [-73.74046525159154, 45.58278777906194], [-73.7407109338586, 45.582631455083536], [-73.74095668854032, 45.58247620121805], [-73.74120991016574, 45.582318547402124], [-73.74146435482035, 45.58215656314969], [-73.74171010662982, 45.58200130675635], [-73.74193831660055, 45.5818573708595], [-73.7421767452122, 45.58170665151244], [-73.74243872882882, 45.58154333533656], [-73.74267715221247, 45.58139261584749], [-73.7429230436799, 45.58123949542462], [-73.74316740914307, 45.581086428107064], [-73.74341170201733, 45.58093228961851], [-73.7436574405521, 45.580777029030045], [-73.7439032528454, 45.58062283854991], [-73.74414898995595, 45.58046757689843], [-73.74439472443007, 45.580312314719656], [-73.74464198091984, 45.58015700105745], [-73.74488923476044, 45.58000168596161], [-73.74513641466794, 45.579845300585816], [-73.74532931370501, 45.57972078809164], [-73.74564357478965, 45.57951918409263], [-73.74572766401917, 45.57946523833773], [-73.7457970659153, 45.57942071566035], [-73.74607526167284, 45.57924933329931], [-73.7463720694474, 45.579060160047675], [-73.74663250397676, 45.57889688700778], [-73.74688112107562, 45.57873937623274], [-73.74713118878154, 45.57858074328381], [-73.7473813264112, 45.57842318043071], [-73.74763291205414, 45.57826449449646], [-73.74788290035613, 45.57810479106098], [-73.74813295985992, 45.5779461559188], [-73.74838309314576, 45.57778858996378], [-73.74863184956916, 45.57763321574305], [-73.74887763194998, 45.57747901273727], [-73.74912196491113, 45.57732593264936], [-73.7493632512624, 45.5771729558668], [-73.74960156367618, 45.57702115124993], [-73.74984154594571, 45.57687143278827], [-73.75008862314547, 45.576713967833726], [-73.75032555628714, 45.5765643531038], [-73.75040059118976, 45.576516618161186], [-73.75056241550644, 45.57641366904065], [-73.75066181261406, 45.57635144178986], [-73.7506710661574, 45.57634564906546], [-73.75068099179649, 45.5763394346441], [-73.75079065415498, 45.57627078335189], [-73.75089465248269, 45.57620550706413], [-73.75100146799163, 45.57613846262074], [-73.75118572799046, 45.57631072900205], [-73.75119996255853, 45.576324037705334], [-73.7517146631164, 45.576805230659865], [-73.75191708952005, 45.57699449502062], [-73.75212757627277, 45.5771899167704], [-73.75232241688765, 45.577371356011334], [-73.75234300552923, 45.57739052823377], [-73.75256018029081, 45.57759429563278], [-73.7527642836509, 45.57778564506729], [-73.7529779708887, 45.57798309895943], [-73.75318868957962, 45.57818172610567], [-73.75339773587811, 45.57837826625806], [-73.75342383383538, 45.5784022779518], [-73.75359995029241, 45.57856431925746], [-73.75381720943277, 45.57876915483728], [-73.75387033254789, 45.57881860489525], [-73.75402938204999, 45.57896665778548], [-73.75424560672027, 45.579156518946924], [-73.75437023019516, 45.57925838854874], [-73.75442578803907, 45.579303960949495], [-73.75447059888057, 45.579340719121774], [-73.75470369098902, 45.57950963245429], [-73.75494562584457, 45.579673953530424], [-73.7550668575391, 45.57975068595355], [-73.75520112159556, 45.579835666679756], [-73.75544651482289, 45.57998378650084], [-73.75546153533907, 45.57999196297057], [-73.75573369997811, 45.580140125780936], [-73.75602144605526, 45.58028250669943], [-73.75628318786603, 45.580402192105964], [-73.75658223092901, 45.58053132054596], [-73.75687436323447, 45.58064889191454], [-73.75691052104716, 45.58066211010509], [-73.75707958376036, 45.580723915285596], [-73.75717199632453, 45.58075769839511], [-73.75747832115002, 45.58085977176995], [-73.75778710110752, 45.58095318510795], [-73.7580999296899, 45.58103895429779], [-73.75819273708909, 45.58106134202949], [-73.75841513776669, 45.581114992775206], [-73.75872663037981, 45.5811815086885], [-73.75904819190363, 45.58123910159267], [-73.75938346067697, 45.5812962233513], [-73.75971631592235, 45.58134056301678], [-73.76005017612503, 45.58137736244159], [-73.76038785908881, 45.5814033083161], [-73.76072502332592, 45.58142176688416], [-73.76106616085313, 45.581431511313646], [-73.76137788938681, 45.58142962061708], [-73.76140800483022, 45.581429438329465], [-73.76174940249072, 45.58142094685187], [-73.762091728748, 45.58140384444207], [-73.76242569353177, 45.58137630957964], [-73.7627745170061, 45.58134290236043], [-73.76311642913512, 45.5812979372704], [-73.76345005603389, 45.581243606828146], [-73.76378620959896, 45.581181684902475], [-73.7641230630582, 45.5811079455896], [-73.76445787144503, 45.58102676931533], [-73.76451713889418, 45.58101098763695], [-73.76479063721142, 45.58093815879107], [-73.76512477426239, 45.58084735482496], [-73.76547842222786, 45.580761676767814], [-73.76590503905312, 45.58063926316148], [-73.76623823376325, 45.58054992125199], [-73.76655924364502, 45.58046489179677], [-73.76686608682975, 45.58039560828167], [-73.7671709147224, 45.58033061364986], [-73.76753676960463, 45.580265476198214], [-73.76792706006167, 45.58020599329347], [-73.76794527936815, 45.58020362269839], [-73.76819985135607, 45.58017050271918], [-73.76826250150985, 45.58016235161842], [-73.7686061133211, 45.58012583170603], [-73.76895181409469, 45.580100734595504], [-73.76930067881386, 45.58007975560517], [-73.76973243489431, 45.58006175356329], [-73.77008635932829, 45.58005520341426], [-73.77044642807935, 45.58005720851326], [-73.77082282543627, 45.580070601622154], [-73.77115449792657, 45.580089813586106], [-73.77154320418622, 45.580124601880385], [-73.77190344706783, 45.580162314466335], [-73.77224339536261, 45.58021007320493], [-73.77259760381631, 45.580262082799244], [-73.77291929444652, 45.5803198820135], [-73.77331434101309, 45.580403218409465], [-73.77364628690846, 45.58047813371857], [-73.77398031717797, 45.5805630419847], [-73.7739944016086, 45.58056707454053], [-73.77432662209206, 45.580662204613674], [-73.77455411670302, 45.58073359237053], [-73.77463833998306, 45.58076002131571], [-73.77497658831005, 45.580874915086824], [-73.77528635040929, 45.58098844757186], [-73.77559208149626, 45.58110913179695], [-73.77583260478039, 45.58120711606479], [-73.77631981332132, 45.5814144978229], [-73.77763259280621, 45.581962709600106], [-73.77853455094134, 45.582347005681235], [-73.77864186071177, 45.58239272713395], [-73.77929609781746, 45.582671468116644], [-73.77959838068462, 45.58279300755451], [-73.77991240350177, 45.58291926673041], [-73.78022050394856, 45.58304587700442], [-73.78052875611391, 45.583174625869255], [-73.78084347472306, 45.58330851043208], [-73.78115035668093, 45.58343944847043], [-73.78145069782714, 45.58356417856887], [-73.78175590877906, 45.583693028785575], [-73.7820611956822, 45.583822947894916], [-73.7823664852682, 45.58395286527911], [-73.78267177626005, 45.58408278184112], [-73.78297561979433, 45.584213819659055], [-73.78327779214476, 45.58434277140395], [-73.78357996586732, 45.58447172054368], [-73.78388358983081, 45.58459954768816], [-73.78418424287065, 45.58472854939335], [-73.7844785796528, 45.58485455070234], [-73.78458370394134, 45.58489953863488], [-73.7847776373436, 45.584982533505695], [-73.78507822112891, 45.585110462224414], [-73.78538017921963, 45.585236199228966], [-73.7856853335516, 45.585363967354695], [-73.78598265059303, 45.5854887911419], [-73.78628620955095, 45.58561554214337], [-73.7865788841722, 45.58573945188204], [-73.7868404002308, 45.58585041406778], [-73.78688731741778, 45.58587032107299], [-73.78715178151506, 45.58597988580224], [-73.78720024404468, 45.58599996336109], [-73.78724831204188, 45.58602006978611], [-73.78788448676772, 45.586286174114534], [-73.7896228659607, 45.58701626993057], [-73.78992354628178, 45.587145256409244], [-73.79022887322385, 45.58727515171456], [-73.79052171455821, 45.58740119068909], [-73.790823773039, 45.58752798109918], [-73.79112598363332, 45.587656911015465], [-73.79142964183178, 45.58778471794803], [-73.7917302569044, 45.58791262812379], [-73.79203376834256, 45.588038294024535], [-73.79233895546305, 45.58816604513268], [-73.79264726452746, 45.588294760141196], [-73.79294476322697, 45.5884217032772], [-73.79324850571474, 45.58855057414012], [-73.79355369836126, 45.58867832287771], [-73.7938604907256, 45.58880708708905], [-73.79416880804082, 45.58893579705622], [-73.7944819953495, 45.58906862565245], [-73.79479191388482, 45.58919835201107], [-73.79486271448141, 45.58922806522655], [-73.79509871317954, 45.58932711196812], [-73.79521307856648, 45.58937536498869], [-73.79540870808987, 45.58945790634786], [-73.79573583782467, 45.58959346601545], [-73.796034950004, 45.589721417305995], [-73.7963463992688, 45.58985108597583], [-73.79666264395192, 45.5899838043603], [-73.79697889011811, 45.59011652096264], [-73.79729681363457, 45.59025132352504], [-73.7976147373887, 45.59038612519899], [-73.79792946574172, 45.590518892605715], [-73.79824891610812, 45.59065363903669], [-73.79827953293245, 45.590666387966756], [-73.79856981672069, 45.59078726229308], [-73.79889871002376, 45.59092596936452], [-73.79907511439626, 45.59100230810845], [-73.79921526886778, 45.59106295852507], [-73.79953128316325, 45.59121390278602], [-73.79982307624779, 45.59136782788765], [-73.8001140989811, 45.591532501824446], [-73.8003985566899, 45.59171241289022], [-73.8006712094774, 45.5918980907242], [-73.80093052728847, 45.59208959163096], [-73.80117019327925, 45.5922839170268], [-73.80140657159866, 45.5924965819063], [-73.80162779015778, 45.592710843921054], [-73.80182753447049, 45.592923704515464], [-73.80202368749889, 45.593150627777], [-73.80219386867222, 45.59337737824496], [-73.80236692794739, 45.59362332768138], [-73.8023815123126, 45.593647625851666], [-73.80250876940113, 45.59385963686469], [-73.80265416612244, 45.59412477055911], [-73.80276851375321, 45.594360960572644], [-73.80287180367239, 45.594613616051575], [-73.80292483178876, 45.59476968752302], [-73.803031757391, 45.59512912037028], [-73.80309848704866, 45.59538304236269], [-73.80316696596641, 45.59564012076062], [-73.80323431703523, 45.59588115635655], [-73.80330104595124, 45.59613507819929], [-73.80332594809326, 45.59622856095545], [-73.80336755183163, 45.596385793595346], [-73.80343718078554, 45.59663747066141], [-73.80350923648182, 45.59690192958813], [-73.80351022445188, 45.59690544259291], [-73.8035784892403, 45.597148259864845], [-73.8035808731161, 45.59715724461503], [-73.80364499757081, 45.59739897414873], [-73.80371150777623, 45.59764968747814], [-73.80377801602091, 45.59790040166288], [-73.80384604865847, 45.59815106315274], [-73.8039124106881, 45.59839963873464], [-73.8039805182466, 45.598651368919114], [-73.80405022907674, 45.59890411608968], [-73.80411841543487, 45.59915691585563], [-73.8041868286922, 45.599412924652135], [-73.8042567638495, 45.5996688807522], [-73.80426552993777, 45.59970175601557], [-73.80434238292938, 45.59998999654806], [-73.80434598491236, 45.60000350416719], [-73.80437380225854, 45.60010966643897], [-73.80429261299007, 45.6001338406462], [-73.80428140554639, 45.600136661764594], [-73.80387398004589, 45.60023923332898], [-73.80350205720748, 45.600327359567494], [-73.80296981711034, 45.600446568814455], [-73.80280255126034, 45.60046801427578], [-73.80222660293843, 45.60053445571931], [-73.8017825810666, 45.60058681715335], [-73.80147920015104, 45.60061856866454], [-73.80129794538327, 45.60063737095072], [-73.80123682390449, 45.60064182521714], [-73.80117916737295, 45.60064197723736], [-73.80111809229996, 45.600637376350505], [-73.80106558514017, 45.60062819702309], [-73.80090991799679, 45.6000437190459], [-73.80089053112698, 45.599988074361], [-73.80086825945858, 45.5999241516543], [-73.80081382601935, 45.599812716336245], [-73.80075440968565, 45.59972828894771], [-73.80069252599468, 45.5996618645811], [-73.80059080960345, 45.5995775484372], [-73.80050329449926, 45.59951209123421], [-73.80024337164657, 45.59932651026257], [-73.80011721075789, 45.599225161202], [-73.80005916903941, 45.59915782656517], [-73.80000491057903, 45.59907878419793], [-73.79996473787685, 45.59899700533445], [-73.79994131518714, 45.598931379384325], [-73.79965499701491, 45.597890072158414], [-73.79962806527105, 45.59779211910712], [-73.79949035732577, 45.597291275839076], [-73.7993085831171, 45.596613281621494], [-73.79928241690838, 45.59651346921522], [-73.7992586851713, 45.59638935505463], [-73.79925553336345, 45.596278684405384], [-73.79926909218622, 45.59617696826373], [-73.79928938424501, 45.59611048436187], [-73.79066489833359, 45.59822829027766], [-73.79068753391823, 45.59830300570474], [-73.79075124978897, 45.598513315164375], [-73.79078748172941, 45.598632908184356], [-73.79078878217221, 45.59863750479552], [-73.79083609010424, 45.598804647114655], [-73.79093070553631, 45.599138931680656], [-73.79095435925326, 45.59922250325713], [-73.79102436893604, 45.5994698469186], [-73.79105816950292, 45.59958926336163], [-73.79109521881836, 45.59972015871765], [-73.79127931632338, 45.600370562882226], [-73.79155657987899, 45.60135008568231], [-73.79157239944232, 45.601405972297734], [-73.79159705530174, 45.60149307477361], [-73.79142379356675, 45.60151858879447], [-73.79142293919398, 45.60151871425036], [-73.78975588507538, 45.60176418322805], [-73.78964362458177, 45.6017807124987], [-73.78950601987539, 45.601799787614006], [-73.78950595582755, 45.601799796774586], [-73.78943866693514, 45.601809126624524], [-73.78933793807778, 45.60182288370262], [-73.78920621663734, 45.60184087366066], [-73.78787456059949, 45.6020227386056], [-73.7868523297008, 45.602165683085495], [-73.78574552509434, 45.60231602860939], [-73.78551365283082, 45.602346302663435], [-73.78529327633167, 45.60236844909069], [-73.78507926812249, 45.60238248075336], [-73.78484468571509, 45.60238396573147], [-73.78461649457387, 45.60238183499469], [-73.78447419957136, 45.60238128959384], [-73.78433055904088, 45.60236814977931], [-73.78418688223276, 45.60234781125416], [-73.78401498114077, 45.60232304358375], [-73.78379944135594, 45.60228758614226], [-73.78357745157612, 45.602244045857105], [-73.78135320069327, 45.601703350153024], [-73.78118893564486, 45.6016668616617], [-73.78102340240602, 45.601633075536554], [-73.78088356979703, 45.6016118235702], [-73.78070531235154, 45.60159696464912], [-73.7805309230556, 45.60158659508934], [-73.7803706748184, 45.601584289007356], [-73.78017330586832, 45.60159287167757], [-73.78001569300133, 45.601604955876574], [-73.77969676002685, 45.60165702735543], [-73.77962857149001, 45.60167289267707], [-73.77821146906489, 45.60200258869511], [-73.77805284856575, 45.60203236594842], [-73.77798542097078, 45.602040007611365], [-73.77790908679233, 45.60204143959598], [-73.77777420076798, 45.60205049058157], [-73.77768015543879, 45.60206068930501], [-73.77758615309143, 45.60207961077495], [-73.77748332888659, 45.602109770846184], [-73.77740359602062, 45.60214236637747], [-73.7773309721663, 45.602176190856184], [-73.77718221502651, 45.602252572017555], [-73.77703529424484, 45.602341411142056], [-73.77685125448895, 45.60246398728747], [-73.77664597738638, 45.602600323436484], [-73.77649389994465, 45.60272406875569], [-73.77634368904926, 45.60286650236972], [-73.77621118293966, 45.60299892288904], [-73.77612637239031, 45.60308262559987], [-73.77603266116438, 45.60316136470951], [-73.77594083958199, 45.603232851067304], [-73.775850392005, 45.603283935846015], [-73.7757760024982, 45.60332025611445], [-73.77570540559465, 45.603349137306694], [-73.77551106442682, 45.60340152620342], [-73.77518403021642, 45.603477629993165], [-73.77505371019797, 45.603488471818665], [-73.77492909197338, 45.60348562239815], [-73.77480606293936, 45.60346693205774], [-73.7747083703563, 45.603438822457264], [-73.77461074372371, 45.60339793506624], [-73.7745429964857, 45.603359135374056], [-73.77448132576008, 45.603304574062804], [-73.77443902745425, 45.60325311557646], [-73.77440277440883, 45.60320578175938], [-73.77436502929837, 45.60314162474171], [-73.77421007201288, 45.60262108669374], [-73.77412858411842, 45.60228753624256], [-73.77400268782942, 45.60194257444306], [-73.77400075232832, 45.60193549924195], [-73.7739660462291, 45.6019421071285], [-73.77381910954816, 45.60196820888063], [-73.77349743864681, 45.60202192799261], [-73.77343837284288, 45.602031791122506], [-73.77342645192022, 45.60203380017582], [-73.77324382741689, 45.60206457571979], [-73.7732442802007, 45.60206780051858], [-73.77324766598838, 45.60209188800248], [-73.77304569739391, 45.60212560334208], [-73.7729935339902, 45.60213431056231], [-73.77289336228505, 45.60215103293641], [-73.77282628822012, 45.602162229527416], [-73.77274121276382, 45.602176431290275], [-73.77258906438631, 45.60220182943862], [-73.77251401676435, 45.60221435682034], [-73.7724559970418, 45.60222404148019], [-73.772318981941, 45.60224691335252], [-73.77230384840523, 45.60224943924905], [-73.77215169963047, 45.60227483681546], [-73.7720107750406, 45.602298360108286], [-73.77199013242719, 45.60230180610668], [-73.77185862599966, 45.602323757284765], [-73.77170647682051, 45.60234915425881], [-73.77155058605061, 45.60237517540607], [-73.77139843659171, 45.60240057197026], [-73.77124628699463, 45.602425968331985], [-73.77109039579648, 45.60245198885189], [-73.77093824591964, 45.60247738480377], [-73.77078609590461, 45.60250278055322], [-73.77060809304191, 45.60253237564924], [-73.77060083210867, 45.6025054097219], [-73.77058374894743, 45.602508267545716], [-73.77040789618552, 45.602537689869166], [-73.76944675363163, 45.602698496083654], [-73.76799159853402, 45.60294221068857], [-73.76798669393713, 45.60294302843943], [-73.76797447664447, 45.60294506731299], [-73.76772345578875, 45.602986958842266], [-73.76771865365562, 45.60298775924476], [-73.76762675992815, 45.60300309525958], [-73.76759478584994, 45.60300843055134], [-73.76748193763031, 45.60302726277039], [-73.76746497196656, 45.60303009465727], [-73.76734160736774, 45.60305068082706], [-73.76731760435459, 45.60305468633859], [-73.76722125154777, 45.60307076582041], [-73.76718443682479, 45.60307690956714], [-73.76710910501889, 45.60308948085168], [-73.76709931371157, 45.60309111443587], [-73.76706237599198, 45.603097278227004], [-73.76703219252634, 45.60310231493165], [-73.76703193506647, 45.60310235872515], [-73.767028449714, 45.603102943661405], [-73.7669092029198, 45.6031228385694], [-73.76685020907433, 45.603132683725455], [-73.76680577409817, 45.60314009860942], [-73.7667426044257, 45.603150640030734], [-73.7666410072086, 45.603167593302786], [-73.76653012199468, 45.6031860969612], [-73.76631469317549, 45.60322204447199], [-73.76630792991955, 45.60322317332474], [-73.76619095370361, 45.60324269236043], [-73.76610146342661, 45.603257625623144], [-73.76597489551975, 45.603278745076494], [-73.76580783240334, 45.60330662274084], [-73.76536266852409, 45.60338090271056], [-73.76483148895156, 45.60346953286406], [-73.76444493804247, 45.60353402991331], [-73.76363597874698, 45.60366900120909], [-73.7635250262714, 45.60368670305739], [-73.7615327255732, 45.60401908045544], [-73.76152325289982, 45.60402066064197], [-73.76139319349159, 45.60404235709861], [-73.76137427248533, 45.604045517392066], [-73.76060800124242, 45.604173484978084], [-73.76056020208263, 45.604181458499426], [-73.76023638950345, 45.604235479868265], [-73.76015061598167, 45.60424978901693], [-73.75914218705266, 45.6044179983349], [-73.75910176076806, 45.60442474155364], [-73.75840563906988, 45.60454085007741], [-73.75836823444318, 45.604547089496904], [-73.7576359858927, 45.604669218386235], [-73.75762479391835, 45.60467108557226], [-73.7564136925785, 45.60487306895677], [-73.75382991415937, 45.60518182346807], [-73.75165859619172, 45.60568078619535], [-73.75169044678792, 45.6057073626028], [-73.75050493640356, 45.605983037022746], [-73.7492031280627, 45.606109905554604], [-73.74742634007899, 45.60639499862057], [-73.7460746707668, 45.606611858265204], [-73.74604384854638, 45.60661680351364], [-73.74573610900585, 45.606666174417555], [-73.74554173611138, 45.60670032416609], [-73.74324987392477, 45.60438150144367]]]}}]}