{"type": "FeatureCollection", "features": [{"type": "Feature", "properties": {"district_id": "Ward 1", "elect_comm": "Dieppe"}, "geometry": {"type": "Polygon", "coordinates": [[[-64.7286314399033, 46.10079405106794], [-64.72859886953194, 46.10071387013289], [-64.72816506576333, 46.09955948887499], [-64.72816197909677, 46.09955205399915], [-64.72816207284927, 46.09955203476109], [-64.72815635776242, 46.099537798432515], [-64.72830426485754, 46.09950769925985], [-64.72836162120603, 46.099496026832], [-64.72912795900551, 46.09934007294225], [-64.73010014186958, 46.099142220476715], [-64.7304763764289, 46.09906564912437], [-64.7305931731093, 46.09904187821772], [-64.73107231918829, 46.09894435878049], [-64.73228305282748, 46.09870219990208], [-64.73268643613612, 46.09862747340363], [-64.73281658745951, 46.09860249738705], [-64.73383193671171, 46.098402282915124], [-64.73500327262515, 46.09816506702986], [-64.73516333141919, 46.09813265113458], [-64.7352267825446, 46.0981198009239], [-64.73617459861924, 46.09792783902181], [-64.73617174045141, 46.09791990219405], [-64.73606094332384, 46.097887468216705], [-64.73605174401256, 46.09786446960883], [-64.73591063623529, 46.09751170340024], [-64.73571146462155, 46.09755136114503], [-64.73558401495202, 46.097576753930454], [-64.73550564760366, 46.09759236794802], [-64.73538848983299, 46.09713507858904], [-64.73555968618665, 46.09710043571995], [-64.73579597531726, 46.09705280463416], [-64.73572657113348, 46.09677619070172], [-64.7357442354821, 46.09675777627977], [-64.7358335676503, 46.09664459404766], [-64.73582498552555, 46.09663970451965], [-64.73581519279136, 46.096634125852546], [-64.73570538723392, 46.09657156554856], [-64.73575957083698, 46.09656067264222], [-64.73596828313501, 46.09651871412028], [-64.73574853737563, 46.09598889931654], [-64.7357823949084, 46.095981775059364], [-64.73574815507588, 46.09589980842838], [-64.73569225697032, 46.09576711478982], [-64.73567741348023, 46.09573191495393], [-64.73559787797144, 46.095543299371], [-64.73556956777095, 46.09547616315056], [-64.73550892392855, 46.09533234755203], [-64.73465757843961, 46.093748681079624], [-64.73464283024688, 46.093721245561305], [-64.73456594349925, 46.09354220051478], [-64.73425205201151, 46.092800547437314], [-64.73399767412187, 46.09219949792614], [-64.73395197958544, 46.0920917073716], [-64.73283542375711, 46.08945109499625], [-64.7327551329406, 46.08926119933461], [-64.73268845688227, 46.08910350542327], [-64.73268882526506, 46.089103431053246], [-64.7330379662436, 46.08903289133587], [-64.73324493672538, 46.08899110983569], [-64.73343887967552, 46.08895227535811], [-64.73365820371765, 46.088916443767324], [-64.73369217610993, 46.08890104512977], [-64.73369281783215, 46.088900754532794], [-64.73385610353274, 46.088826738494134], [-64.73405316190957, 46.08875924610624], [-64.73436134371238, 46.08867896796258], [-64.73461264292908, 46.088613506021666], [-64.73506083621496, 46.08852227916442], [-64.73513467286908, 46.08849831762385], [-64.73532347944096, 46.08846227987991], [-64.73558488282013, 46.08837634513718], [-64.73563506410721, 46.08836442210363], [-64.7358831788631, 46.08830546884482], [-64.73589769941846, 46.08830402005003], [-64.7359284582898, 46.08830095109585], [-64.73597911008584, 46.0882938007994], [-64.73605655252463, 46.088282868538045], [-64.73608943033958, 46.08827323196877], [-64.7362300538899, 46.08823201469311], [-64.73641655018024, 46.08817920218212], [-64.73656014592854, 46.088117176532556], [-64.73661624789587, 46.08807984033272], [-64.7366733883924, 46.08804181290441], [-64.73690433041735, 46.087966021734495], [-64.73695306503345, 46.08793566032418], [-64.73706272668822, 46.087853789865505], [-64.73711675254037, 46.08783367948428], [-64.73714250722976, 46.08781763431136], [-64.73731713262939, 46.08775176875365], [-64.73744762707626, 46.087715184910586], [-64.73758810764296, 46.087726267468106], [-64.73766580789571, 46.08774413416823], [-64.73770085404689, 46.08775941690703], [-64.73773331346202, 46.08777033763473], [-64.73779617620363, 46.08779148675843], [-64.73790586050133, 46.08783952609808], [-64.73815477234582, 46.08798240370154], [-64.73824407691242, 46.088040925611075], [-64.73825881269332, 46.08804520288258], [-64.73827467361797, 46.088082426615436], [-64.73833774267071, 46.08810660751648], [-64.73833888996518, 46.08810704729243], [-64.73838303517911, 46.0881239715137], [-64.7384994713052, 46.08814286963132], [-64.73869067288993, 46.08813295898212], [-64.7387804055451, 46.08809275840769], [-64.7387821741681, 46.08809196599692], [-64.73884929775414, 46.08806189446027], [-64.73890408509573, 46.088042789343525], [-64.7389087997951, 46.088041145338856], [-64.73891961419628, 46.08803538976502], [-64.73891983911214, 46.08803523127024], [-64.73903115377017, 46.08795683092049], [-64.73903216850282, 46.087956116833645], [-64.73906109885642, 46.087935740772416], [-64.7391070629718, 46.087903367643484], [-64.73920789131525, 46.08779646065917], [-64.73920895814814, 46.087795329846664], [-64.73932948447319, 46.08766753677419], [-64.73933676225488, 46.087659820606454], [-64.7394459323946, 46.0875538864369], [-64.73959727296175, 46.087484058055644], [-64.73967795176543, 46.08749682318878], [-64.73982501036872, 46.0875206025413], [-64.73987764124921, 46.08754686278413], [-64.73994021407454, 46.08757808364131], [-64.7399451336131, 46.087581040085304], [-64.74000763208484, 46.08761860368656], [-64.74007928580589, 46.087661669128956], [-64.74019110019589, 46.08771676788593], [-64.74317066074234, 46.087181709516926], [-64.75220544279634, 46.085558735645634], [-64.75219543174074, 46.08558559450817], [-64.75218958199265, 46.08560287177576], [-64.752171974787, 46.085664690987805], [-64.75213508642989, 46.085743221382735], [-64.75212569634628, 46.0857661133463], [-64.75211482170295, 46.08579096218736], [-64.75206117158525, 46.08590054997144], [-64.75203465105005, 46.0859498144698], [-64.75202646316954, 46.08596741578083], [-64.75195940124203, 46.0860880457499], [-64.75192124252145, 46.08616583670026], [-64.75186392681344, 46.08626456996547], [-64.751805866598, 46.08639901569504], [-64.7516396079039, 46.08667073674467], [-64.75157493643157, 46.086801571460185], [-64.7514433197597, 46.08699625726636], [-64.75139472939193, 46.087084866011814], [-64.7512084063538, 46.08736113754933], [-64.75092302949064, 46.08771453417042], [-64.75093119334427, 46.087742554804265], [-64.7509315525984, 46.08774346016857], [-64.75094722039508, 46.08781622845077], [-64.7509799468693, 46.08789753730188], [-64.75102334295607, 46.08799718690362], [-64.75103025158135, 46.08801178053426], [-64.75113003350523, 46.088197061569566], [-64.7512448771325, 46.08838455344698], [-64.75129874921879, 46.08848013451166], [-64.75131013941035, 46.08849614670651], [-64.75132062476361, 46.08851214500678], [-64.75132360157768, 46.08851615003979], [-64.7513677943657, 46.088611061436495], [-64.75146889741346, 46.088828198105126], [-64.75154371084894, 46.088960814299625], [-64.75154494645106, 46.08896263296249], [-64.75171171833254, 46.08920518229196], [-64.7517240925071, 46.0892268785806], [-64.75189879110094, 46.089468289511835], [-64.75198489632236, 46.089567064511755], [-64.75202308113138, 46.08961498251223], [-64.75202458099905, 46.089616625256156], [-64.75221938098697, 46.0897951749567], [-64.75232044699328, 46.0898789718778], [-64.75233459701263, 46.08988953725029], [-64.75236087726343, 46.08990910725686], [-64.7525393456288, 46.09003989388406], [-64.75262301623268, 46.09008904948567], [-64.75286659926647, 46.09019752858763], [-64.75300399731698, 46.09024903784321], [-64.75309586825979, 46.090280231967135], [-64.75322033113122, 46.09031957459344], [-64.75326291390876, 46.09033894450253], [-64.75326992961179, 46.09034202159587], [-64.75329074383477, 46.09035043943998], [-64.75344919806594, 46.0903986717002], [-64.75365529449711, 46.09044538466174], [-64.75369170077187, 46.09045152194448], [-64.75387575688643, 46.09051220410405], [-64.75413345769815, 46.090579324011614], [-64.75414761568497, 46.090585570014184], [-64.75436454566575, 46.09066187271899], [-64.7545155839188, 46.09068704373517], [-64.7545742770803, 46.09069595188636], [-64.75472032469368, 46.0907071885154], [-64.7547802946693, 46.090720705341056], [-64.75497065447206, 46.09075799632639], [-64.75503979671214, 46.09076595752678], [-64.7550971712709, 46.090772564094436], [-64.75516536511702, 46.09078041620417], [-64.75531924137512, 46.090822186793446], [-64.7553400378272, 46.09082709458687], [-64.75535984282122, 46.09083063741973], [-64.7555607056916, 46.09086092103116], [-64.75564817082838, 46.090874107161696], [-64.75570329036762, 46.09088152024013], [-64.75587538340207, 46.09094435551136], [-64.75597140800741, 46.09097516097652], [-64.75598143128595, 46.09097720414136], [-64.75631168061136, 46.091028332929426], [-64.75631426600546, 46.09102837251245], [-64.7563923447174, 46.09104462320889], [-64.7564220662358, 46.09105080934574], [-64.75650016933085, 46.09106146509984], [-64.7565892184693, 46.09107361473328], [-64.75676260753951, 46.091090766222685], [-64.75677330737878, 46.09109182444361], [-64.75690206382986, 46.09110456089557], [-64.75693150998573, 46.0911074735447], [-64.75693341556206, 46.09110766198186], [-64.75693803510453, 46.09110811871666], [-64.75694122224014, 46.09110843384922], [-64.75694223175071, 46.09110853388497], [-64.75695189626097, 46.091109490758306], [-64.75695355970879, 46.091110056124194], [-64.75700436433783, 46.09112232108788], [-64.75701144557674, 46.09112403028552], [-64.75701418078529, 46.09112469033939], [-64.75701661692742, 46.09112527832785], [-64.75702604056792, 46.09112755428179], [-64.75702623437235, 46.09112760134021], [-64.75702877448411, 46.09112821431551], [-64.75703564131749, 46.09112950540156], [-64.75703576088459, 46.09112952792785], [-64.75703745027951, 46.09112984533212], [-64.75703751971568, 46.091129858092756], [-64.75703801855352, 46.09112995211206], [-64.75704707232752, 46.091131654601234], [-64.75709325401901, 46.0911403393782], [-64.75709399586945, 46.09114047850907], [-64.75713972886876, 46.09114907901383], [-64.7572449927909, 46.09116175791671], [-64.75750308082513, 46.09118820303707], [-64.75758770012007, 46.091195256672826], [-64.75760997710053, 46.09120243631333], [-64.75783233142172, 46.09125481195175], [-64.7578429084211, 46.09125730344641], [-64.75788438326148, 46.09126707310223], [-64.75805120968216, 46.0913063691175], [-64.75820660265897, 46.091320713681775], [-64.75830264629575, 46.09135097754738], [-64.7583973660875, 46.09137402232288], [-64.75858090342528, 46.091389966549755], [-64.75867206909551, 46.09139450991958], [-64.75880427892741, 46.09139761107474], [-64.7589493039135, 46.091433122448834], [-64.75920461441775, 46.091486156658], [-64.75927923090732, 46.091498725165785], [-64.75930115869562, 46.09150059004764], [-64.75930580677101, 46.091500841057446], [-64.7593909395502, 46.091503941875516], [-64.75953166234648, 46.091540556550065], [-64.75980441662212, 46.09157774874668], [-64.75989411815281, 46.09158361853131], [-64.75998636669277, 46.091586647653216], [-64.76023441885093, 46.0916525264174], [-64.76042233461634, 46.09167321374234], [-64.76061883571795, 46.09167594498627], [-64.76081136806101, 46.09171838844102], [-64.76086082108398, 46.09172508258665], [-64.76117103439348, 46.091755644733546], [-64.7612195500717, 46.091752570991005], [-64.76126602595996, 46.09174962625954], [-64.7613109742009, 46.09175558735041], [-64.76133196911422, 46.09175837163745], [-64.76150510973294, 46.09176776351594], [-64.76180756870059, 46.09177354980409], [-64.76187975438872, 46.09178940892728], [-64.7620919692512, 46.09181883287727], [-64.76226780110139, 46.09183312382251], [-64.76234648629895, 46.09183153484003], [-64.76243950768297, 46.09184699162126], [-64.76261420621685, 46.09184389773353], [-64.76264032974885, 46.091841127885154], [-64.76267208257863, 46.09183776181928], [-64.76269829049521, 46.091904221010616], [-64.7628937929069, 46.092399966163384], [-64.76203100323836, 46.09250970334614], [-64.76207602029683, 46.09268352314423], [-64.76208692327776, 46.09272561958805], [-64.76157420657371, 46.09278393335575], [-64.76157442371515, 46.09278475822856], [-64.76161616725142, 46.09294307611023], [-64.76161637179044, 46.092943849499456], [-64.7616455280302, 46.093054806270914], [-64.76164609619563, 46.09305696827171], [-64.76164702139309, 46.09306048188988], [-64.76164708837486, 46.09306073666852], [-64.7616484219716, 46.09306581865087], [-64.7616631410378, 46.09312183279174], [-64.76168388650017, 46.09320223562129], [-64.76169143858982, 46.093229346232974], [-64.76169170344554, 46.0932293142816], [-64.7617634982411, 46.09322054773878], [-64.76184462130644, 46.09321143759683], [-64.76184722098724, 46.093211027348936], [-64.76192894786735, 46.093203276129344], [-64.7620106038391, 46.09319777338136], [-64.76229552185777, 46.09318305402373], [-64.76240054400095, 46.09317762764878], [-64.7624426252998, 46.093237659407386], [-64.76244392285926, 46.09323953738249], [-64.76272525198655, 46.09364735087317], [-64.76278277209715, 46.09373056403168], [-64.76292934594879, 46.09394291335497], [-64.76302955010776, 46.09408798210746], [-64.7636219687079, 46.09494562635843], [-64.76369162467384, 46.095046467523865], [-64.76383295890003, 46.09525106814492], [-64.76405192281464, 46.09556805096784], [-64.76425610672398, 46.09586391371162], [-64.7642646854041, 46.09587634082016], [-64.76426440193023, 46.095887315500114], [-64.76425251238236, 46.0963492484228], [-64.76423860155874, 46.09688961873144], [-64.76422950977938, 46.09723996857646], [-64.76421474594291, 46.097790116137745], [-64.76421460557846, 46.09779539518363], [-64.76458820362866, 46.098747274095814], [-64.76417315597752, 46.09939918538117], [-64.7623811823186, 46.099820745384015], [-64.76238062975992, 46.099820875530405], [-64.76231741120267, 46.09977598608264], [-64.76180560095571, 46.099412568120115], [-64.76180496472496, 46.09941211118817], [-64.76176164678846, 46.099432146534774], [-64.76139277182979, 46.09960346818054], [-64.76139265236016, 46.09960352394696], [-64.76139237406653, 46.099603652875935], [-64.76139210760762, 46.09960377568667], [-64.76166089239054, 46.099796845480554], [-64.76158170938915, 46.099867174585036], [-64.76147802249686, 46.099954656788896], [-64.76139630461938, 46.100023603608435], [-64.76120563096818, 46.100184478118734], [-64.7614290540612, 46.10027787307158], [-64.76136539262664, 46.10034754360349], [-64.76129038563819, 46.10042963063086], [-64.76119631645528, 46.100473428887284], [-64.76111899617453, 46.1005094291608], [-64.76103541886329, 46.10054834203396], [-64.76065694455885, 46.100724555727325], [-64.76070960136073, 46.10077755078483], [-64.7604417707037, 46.100902589215195], [-64.76019627363738, 46.10101671830953], [-64.76014984194006, 46.101020799845024], [-64.75946792024065, 46.10108072767107], [-64.75860727374409, 46.10115575854046], [-64.75779914533557, 46.1012266361891], [-64.75748264385763, 46.10125418816579], [-64.75641248553352, 46.10134804240129], [-64.75612898833936, 46.101374232266544], [-64.75612890533512, 46.101374239094326], [-64.75612836565105, 46.101374288421674], [-64.7560684815853, 46.101304532532964], [-64.75541916514388, 46.1014298825963], [-64.75540340504674, 46.101432924739676], [-64.75540095609897, 46.10143003022235], [-64.75540061320882, 46.10142962453943], [-64.75530053824495, 46.10131121891834], [-64.75520345668608, 46.10119695065368], [-64.75520139536991, 46.101194520090786], [-64.75480569478393, 46.101272143468385], [-64.75457790712264, 46.10131679570625], [-64.7543110746031, 46.10136894679268], [-64.75404033559921, 46.10142193632215], [-64.75368302871155, 46.1014920466332], [-64.75362585221255, 46.10150305245859], [-64.75357044839024, 46.10151371559906], [-64.7534817469746, 46.101531271174935], [-64.75337844271976, 46.101551714421795], [-64.75316692862349, 46.10159301311897], [-64.7529456458357, 46.101636412105016], [-64.75284169075205, 46.101656602827134], [-64.75271591585171, 46.10168102905051], [-64.75259788715422, 46.10170434118449], [-64.75259776479047, 46.10170436540276], [-64.75247704927496, 46.10172820669506], [-64.75232515637886, 46.101757744228635], [-64.75225187234726, 46.10177199361916], [-64.75202408067702, 46.101816638919786], [-64.75179891727547, 46.10185997613865], [-64.75160950938175, 46.10189756194636], [-64.75149373479155, 46.10192053680719], [-64.75149365799393, 46.10192055182549], [-64.75149361633419, 46.101920560184446], [-64.75142010123395, 46.10193514743718], [-64.7511064026872, 46.1019964689859], [-64.75083174889974, 46.10205029157185], [-64.7505805247351, 46.10209952510483], [-64.75029871588681, 46.10215458538771], [-64.75005464490624, 46.10220257698222], [-64.74975043584361, 46.10226185398592], [-64.7497357429221, 46.102264716481216], [-64.7493002632286, 46.10234998726515], [-64.74926062823134, 46.10235774662876], [-64.74902303459226, 46.10240538476315], [-64.74877046889128, 46.10245594167445], [-64.74874836823722, 46.10246036746334], [-64.74848861609979, 46.10251234929899], [-64.7484516695761, 46.102519804183245], [-64.74821715979913, 46.10256711463335], [-64.74797176497736, 46.10261598127795], [-64.74769770873365, 46.102671155313416], [-64.7474438502293, 46.10272169031268], [-64.74719325113952, 46.1027713705623], [-64.74693939287607, 46.10282190894723], [-64.74665430144678, 46.10287826041625], [-64.74620387295538, 46.102967609483926], [-64.74574888640706, 46.10305778642811], [-64.74538697736173, 46.10312959878867], [-64.74493198947654, 46.103219772469444], [-64.74468398736033, 46.10326904182394], [-64.74443793860084, 46.103317890825146], [-64.74417367308047, 46.103370057873626], [-64.74392371583218, 46.103419745367866], [-64.74367897306087, 46.10346816295127], [-64.74341275231781, 46.10352074802034], [-64.7431237318284, 46.10357837988444], [-64.7428405865296, 46.103634301961584], [-64.74252553305014, 46.103696929791106], [-64.74221895500263, 46.10375743793231], [-64.74190650046015, 46.10381965424406], [-64.74140268287191, 46.10391940846173], [-64.74123243021754, 46.103952836617694], [-64.74113711998999, 46.103971548478704], [-64.74109924963007, 46.10397922968614], [-64.74108764182739, 46.103981582607595], [-64.74077311420962, 46.10404386010083], [-64.74063654780186, 46.10407089951936], [-64.74033516507565, 46.10413058302163], [-64.74004224492383, 46.10418859679468], [-64.73974446267387, 46.104247703582594], [-64.7397415087238, 46.10424828872555], [-64.73946538197043, 46.10430701046806], [-64.73916659838892, 46.104366281147264], [-64.73888213908113, 46.10442262305622], [-64.7385794465116, 46.1044827316137], [-64.7382949847293, 46.10453907202724], [-64.73799164439811, 46.10459916901389], [-64.73770718143383, 46.104655507950326], [-64.73740383984199, 46.10471560336183], [-64.73711936131104, 46.104772390522136], [-64.73681666496132, 46.10483249436594], [-64.73681411325242, 46.104832999274585], [-64.7365315531255, 46.10488882034062], [-64.73624123988168, 46.10494596491273], [-64.7359515581586, 46.105003568453434], [-64.7356589500043, 46.10506200688356], [-64.73565867139865, 46.105062061958044], [-64.73533897622015, 46.10512590741443], [-64.7348930791032, 46.10521393246378], [-64.73489170037723, 46.10521420534884], [-64.73459039238604, 46.105273580654064], [-64.73451163167617, 46.10528900710282], [-64.72957673657002, 46.10626780816356], [-64.7277479155689, 46.10663047861912], [-64.72761134598728, 46.10665769233754], [-64.72760802186765, 46.10665835509386], [-64.72695400750462, 46.105128086304944], [-64.72692602870808, 46.10506433834726], [-64.72686584717175, 46.10492414728178], [-64.72682152140581, 46.10482089253329], [-64.7266314960585, 46.104378232224754], [-64.72981796341483, 46.103715087060856], [-64.72944947204431, 46.1028079484058], [-64.72935469304619, 46.10257462015573], [-64.72870297002068, 46.10097014533858], [-64.7286314399033, 46.10079405106794]]]}}, {"type": "Feature", "properties": {"district_id": "Ward 2", "elect_comm": "Dieppe"}, "geometry": {"type": "Polygon", "coordinates": [[[-64.70877711413253, 46.102355118356286], [-64.7075101151578, 46.10127857724688], [-64.70694862737818, 46.100801475657924], [-64.70321832909531, 46.09332812740405], [-64.70387281780138, 46.09242746328126], [-64.70394053102032, 46.09233427785198], [-64.7039149555209, 46.09230761591408], [-64.70392336462348, 46.0922943272219], [-64.70383582376168, 46.09218268497088], [-64.70379996938406, 46.09215433654597], [-64.70360067045829, 46.09199675589509], [-64.70370737119416, 46.09193724884673], [-64.70373714537011, 46.0919165719022], [-64.70373917632084, 46.09191540892944], [-64.70377997828275, 46.09189205156901], [-64.7038207256117, 46.091871997592584], [-64.70384315550666, 46.09185840361603], [-64.70388142523902, 46.09183531673323], [-64.70388393186211, 46.09183380491789], [-64.70400014981209, 46.09176369534913], [-64.70401924535633, 46.09175319824216], [-64.70402582598383, 46.09174970260329], [-64.70410792262021, 46.09171095373466], [-64.70415029929681, 46.09168057702616], [-64.70417171466624, 46.09165841838581], [-64.70418726899763, 46.09163751710406], [-64.70418214038675, 46.091616289692084], [-64.70412862407328, 46.09159159972782], [-64.70409661463685, 46.09158164652529], [-64.70405734719252, 46.09155628136098], [-64.70404461081672, 46.09155023147395], [-64.70403913068462, 46.09153979674705], [-64.70404064310569, 46.09153307169974], [-64.70405074839262, 46.091520633111486], [-64.70407779036312, 46.09150441225984], [-64.70409549058002, 46.091497042623146], [-64.70410784428667, 46.09149498779381], [-64.70415061992303, 46.09149206289184], [-64.70416940773096, 46.091491009363885], [-64.70423744921527, 46.09148668311756], [-64.70427221789853, 46.091471483904755], [-64.70428743525095, 46.09146092560513], [-64.70429319185834, 46.09144301931181], [-64.70429082620865, 46.09143623311531], [-64.70427575348182, 46.091422497666535], [-64.7042604903453, 46.09141460825747], [-64.70420554968149, 46.09139394520734], [-64.70415316511738, 46.091374222288884], [-64.70414110440812, 46.09136728321348], [-64.70413224429328, 46.091341497693264], [-64.70410314262561, 46.09132169195971], [-64.70407856534379, 46.09130195756368], [-64.70405669062275, 46.09127866636765], [-64.70406047719554, 46.0912418321067], [-64.70409060064162, 46.09119056557886], [-64.70409606430867, 46.09118165320512], [-64.70411618683056, 46.09115947418871], [-64.7041286869452, 46.09115292240143], [-64.70415066237365, 46.09115326892125], [-64.70417874778857, 46.09114471325056], [-64.7041899259247, 46.091139040464476], [-64.70420358686728, 46.091136556311504], [-64.70423721098484, 46.09113663656359], [-64.70425530839191, 46.091136921915904], [-64.70425921570252, 46.09113608367136], [-64.70426783777974, 46.091129470722116], [-64.70427341859015, 46.09111696077531], [-64.70427374082975, 46.091107067473565], [-64.70426850970082, 46.09108898793312], [-64.70426891982474, 46.09107639645816], [-64.70427693949775, 46.09106842423046], [-64.70427893709207, 46.091066656021184], [-64.70431673024375, 46.091038006689686], [-64.7043226937255, 46.091033601450775], [-64.70432968435685, 46.09101751431797], [-64.7043343825807, 46.09099239251107], [-64.70432712455936, 46.090976980574396], [-64.7043258904782, 46.0909751614108], [-64.70432527343765, 46.09097425182901], [-64.70431162531659, 46.090956489506524], [-64.70429790396926, 46.09094097566012], [-64.70427206341229, 46.09092032153299], [-64.70426677371181, 46.0909040407744], [-64.70426853508916, 46.09088967089902], [-64.70427461573571, 46.09088166809811], [-64.70428519141664, 46.0908746360244], [-64.70428981827618, 46.09087155949182], [-64.70436017690425, 46.09083577485928], [-64.70441796030286, 46.09078899368627], [-64.7044179749488, 46.09078854399067], [-64.70443665807495, 46.09077084149014], [-64.70445457769245, 46.090756726361235], [-64.70449354410133, 46.09071189811653], [-64.70451288815305, 46.09069375609713], [-64.70454596622902, 46.09067088140115], [-64.70456514915735, 46.09065768602426], [-64.70459073680149, 46.090646391318316], [-64.70464208977855, 46.09063820233784], [-64.70469620579547, 46.090644454537326], [-64.70475406801911, 46.09065481510151], [-64.70479273070424, 46.090659023954046], [-64.70492828441814, 46.09066655970424], [-64.70497427638396, 46.09066413511957], [-64.70497753731978, 46.090663286663094], [-64.70501871002024, 46.090649987868], [-64.70505057054325, 46.09064464096923], [-64.70509265306985, 46.09062325781098], [-64.70516221378027, 46.09055236585089], [-64.70518506735506, 46.090525730425576], [-64.70519902089188, 46.09051425223689], [-64.70521288658672, 46.09050547222087], [-64.7052286327064, 46.09049852154274], [-64.70524499587265, 46.090492480439266], [-64.70526839545565, 46.09048879985073], [-64.7052929559445, 46.090489186889506], [-64.7053175164338, 46.09048957392301], [-64.70534091601095, 46.09048589331954], [-64.70535727916135, 46.09047985219985], [-64.7053717325988, 46.09047288113208], [-64.70538559825597, 46.09046410109475], [-64.70541360994264, 46.09045779359387], [-64.70544157771057, 46.09045283517342], [-64.70549224014694, 46.09044598471033], [-64.70539141566697, 46.09020206291887], [-64.70501807990756, 46.08929884870176], [-64.70513197550926, 46.08927634773177], [-64.7053220395733, 46.08923806854263], [-64.70642273142192, 46.089016378678174], [-64.70672093618626, 46.08895358569038], [-64.70692018460822, 46.08942824577516], [-64.70745214376389, 46.08931603962722], [-64.70759958578552, 46.0896675849429], [-64.7076141786567, 46.0897023770497], [-64.707740854286, 46.089684573870414], [-64.70780199320718, 46.08967603805956], [-64.70871395093485, 46.0895487082204], [-64.70889872597475, 46.089971845414276], [-64.70889800323313, 46.08997609844846], [-64.7089264589999, 46.08998388876167], [-64.7089375372348, 46.089986921815765], [-64.70906641493956, 46.09004466560555], [-64.70912838974776, 46.0899471747193], [-64.70914343808079, 46.08992350227331], [-64.7090665664188, 46.08974187304926], [-64.70904859374669, 46.089697947576376], [-64.70936501311468, 46.08963183468798], [-64.70934937722569, 46.089595594750044], [-64.70942812223224, 46.089580185560735], [-64.70962600514787, 46.08954010365041], [-64.70969499681262, 46.08952634065401], [-64.70991630740747, 46.089481677334504], [-64.70994688876345, 46.08947585904278], [-64.71016624540704, 46.08943161445515], [-64.71019879485891, 46.08942492717418], [-64.71042204360315, 46.089380293337314], [-64.71045523931167, 46.08937361613852], [-64.71068045578556, 46.08932811286567], [-64.7107058372588, 46.0893231125264], [-64.71075166927425, 46.08931389642113], [-64.7109590346101, 46.08927219927415], [-64.71097986263834, 46.08926802719671], [-64.71120506367217, 46.089222972576614], [-64.7112395664147, 46.089215865753886], [-64.7114783504267, 46.089167900549555], [-64.71148849033507, 46.089164894109985], [-64.7114798223249, 46.08914365645196], [-64.7114714838571, 46.08912322393703], [-64.71171017449741, 46.08904103630828], [-64.71172127851129, 46.08903761125825], [-64.71193811970126, 46.088991074153654], [-64.71216471354508, 46.08894289003599], [-64.71214967856437, 46.08890800970534], [-64.71246454450993, 46.08882971587971], [-64.71250587422645, 46.08893114800088], [-64.71253782787754, 46.08907382523973], [-64.712555018056, 46.08915058335974], [-64.71262341744442, 46.089207112939384], [-64.71262897075493, 46.08921170295385], [-64.71273762035717, 46.08930149728391], [-64.71277627156101, 46.089187394312724], [-64.71279065162746, 46.08914494359814], [-64.71280630317688, 46.08909873615605], [-64.71280183862625, 46.089077833622085], [-64.71279550117715, 46.08904816053467], [-64.71276194987658, 46.08889107416702], [-64.71286384765477, 46.08887012292535], [-64.71302624730151, 46.088836731135416], [-64.71300630207503, 46.08872880307951], [-64.71300267103065, 46.08870915632713], [-64.71298388559858, 46.0886075040342], [-64.71300546156158, 46.088600193843455], [-64.7131833123927, 46.08853954480384], [-64.7132518450877, 46.08851992343034], [-64.71343588160505, 46.08846791964009], [-64.71350682449956, 46.08845373503557], [-64.71369625480686, 46.08841486329121], [-64.71376721213713, 46.08840022882602], [-64.71395273511204, 46.0883621952256], [-64.71404387345716, 46.08834337782178], [-64.71421702886168, 46.08830784940098], [-64.7143276872664, 46.08828528851956], [-64.71439891090199, 46.08827056695386], [-64.7144443864862, 46.08826116831437], [-64.71447741514318, 46.08825434155702], [-64.71461507251696, 46.08823670294796], [-64.71474882285608, 46.08821990277924], [-64.71490789546493, 46.088199899960784], [-64.71502541523193, 46.0881850946926], [-64.71519357957396, 46.08816388419669], [-64.71529162273642, 46.08815147297344], [-64.71555458385292, 46.08811824969379], [-64.71552090875868, 46.088039884871876], [-64.71588805732716, 46.08796420056494], [-64.71586187198186, 46.08783421170774], [-64.71623943226061, 46.08775643976282], [-64.71628885368483, 46.087995146290545], [-64.71630989693872, 46.08809678746464], [-64.71632370560036, 46.08816297365505], [-64.71634316185113, 46.088256228543806], [-64.71638043519371, 46.088434886626615], [-64.7166636589738, 46.08837498257585], [-64.71679482136862, 46.088474898811654], [-64.71685040050794, 46.08833867217135], [-64.71689555917129, 46.08832926399458], [-64.71689943390265, 46.08832562177198], [-64.71722997385166, 46.08825921963007], [-64.71718740202057, 46.08805492221855], [-64.71717287703025, 46.08798522090528], [-64.71715890061465, 46.08791751324943], [-64.7173684927832, 46.08787490172509], [-64.7176295349003, 46.087820947053984], [-64.71789057651465, 46.08776699178059], [-64.71818677938882, 46.087705487376994], [-64.7182583954843, 46.08769041051102], [-64.7184100730389, 46.08765903898499], [-64.71863205919284, 46.08761301963222], [-64.71894648751622, 46.08754774901152], [-64.7189482301864, 46.08757387195192], [-64.71900565279014, 46.087847494184984], [-64.71901435442093, 46.087888954132644], [-64.71920876384202, 46.087954163130505], [-64.71935306010563, 46.08781281389759], [-64.719345054974, 46.087797713410396], [-64.71918423083845, 46.08749432627926], [-64.71928317968033, 46.08747382713705], [-64.71969789115512, 46.087386726313454], [-64.71987960157995, 46.087346373888806], [-64.72010431563537, 46.087295895069104], [-64.72034791697808, 46.087241211702036], [-64.72052768757885, 46.08720082793747], [-64.7207113647062, 46.087159605074014], [-64.72074263350243, 46.08715244486578], [-64.72074598267315, 46.08715373718558], [-64.7207506141642, 46.08717456460909], [-64.72079342175694, 46.08735106428704], [-64.72079348911004, 46.087351341593546], [-64.72079403344019, 46.08735358982674], [-64.72080835904612, 46.08741265399095], [-64.72082419585607, 46.08747794983373], [-64.72082727412167, 46.08748888072213], [-64.72083862892275, 46.08752919686614], [-64.72100618969134, 46.08755934448349], [-64.72102114907807, 46.08753343929045], [-64.72103007590691, 46.08751798161707], [-64.72107886053408, 46.08743350167345], [-64.72105144441332, 46.087341288620784], [-64.72104217734878, 46.08730784937674], [-64.72104047313094, 46.08730142751466], [-64.7210398792955, 46.08729919020749], [-64.72102718731078, 46.08725137453378], [-64.7210134898912, 46.08719491988016], [-64.72100108508604, 46.0871384854163], [-64.72098998740074, 46.08708162144366], [-64.72098082861432, 46.087024787757436], [-64.7211631542099, 46.08698534276168], [-64.72130833323196, 46.086954018873], [-64.72144705530934, 46.08692408771429], [-64.72151844430364, 46.08690881449779], [-64.72168733524003, 46.086872049186596], [-64.72176611653263, 46.086855282313174], [-64.72201420935453, 46.08680156539161], [-64.7223899167824, 46.086720594773055], [-64.72236293599335, 46.08665493444092], [-64.72273928821137, 46.0865739727457], [-64.72300039154156, 46.086517757179436], [-64.72306354512195, 46.086504344969605], [-64.7232823349036, 46.08645691696851], [-64.72340214992334, 46.08643089077672], [-64.7235649384266, 46.0863956364365], [-64.72362532332329, 46.08638273413782], [-64.72370427212626, 46.08636586506343], [-64.72384752684498, 46.086334804897874], [-64.7239855676737, 46.08630501301916], [-64.72406739447494, 46.08628751638853], [-64.72414834096014, 46.08627020753877], [-64.72429419480564, 46.08623873741931], [-64.72443092811153, 46.086209374542584], [-64.72457678163966, 46.08617790405873], [-64.72482291543054, 46.08612460044707], [-64.724859382337, 46.08611662029248], [-64.72514132165838, 46.08605577544766], [-64.72542326036694, 46.08599492990004], [-64.7253004561851, 46.08571466188382], [-64.72527278275024, 46.08565150474801], [-64.725231710671, 46.08555776704236], [-64.7251256668061, 46.0853167541295], [-64.72504494329313, 46.08513282633678], [-64.72517123180593, 46.08510644928034], [-64.72541860936678, 46.08505451357998], [-64.72559503657267, 46.08501721927596], [-64.72566600093938, 46.08500212763883], [-64.72573349444984, 46.084987957320685], [-64.72591337758068, 46.08495019085655], [-64.72597262212477, 46.08493761600684], [-64.72616140003191, 46.08489826359963], [-64.72642635517442, 46.084842550185165], [-64.72645875663302, 46.08496093520562], [-64.72650506326224, 46.08512947846082], [-64.72655135570382, 46.08529847139603], [-64.72659766288484, 46.08546701461126], [-64.72664395587886, 46.08563600750657], [-64.7266902636117, 46.085804550681985], [-64.72687514099327, 46.085766045187015], [-64.72710232269908, 46.08571873155523], [-64.7272184485619, 46.085991204371666], [-64.72721937331752, 46.08599337300847], [-64.72726919767197, 46.08611027966808], [-64.72739477377246, 46.08622714250722], [-64.72748127251829, 46.08608599664416], [-64.72749333603056, 46.086066311210786], [-64.72744116422875, 46.08594404910046], [-64.7273959244365, 46.08583803277472], [-64.72772399118124, 46.08577025080869], [-64.7276530494973, 46.08560357433393], [-64.7277822794921, 46.08557676504118], [-64.7278736988841, 46.08555779883877], [-64.72791733140166, 46.08554874681117], [-64.728009767486, 46.08552948857171], [-64.72818162723884, 46.0854934689708], [-64.72846282685673, 46.08543530399762], [-64.72842756967434, 46.085342830446685], [-64.7283751642014, 46.08520537835986], [-64.72822783144888, 46.08482020000158], [-64.72810193101358, 46.08449249538265], [-64.72824967340546, 46.084462399408736], [-64.72849828000601, 46.084412275884596], [-64.7285679214037, 46.08439806172191], [-64.72866174430592, 46.08437916198478], [-64.72874623989884, 46.084362141762696], [-64.72880090156521, 46.08435129387237], [-64.72899486005382, 46.084311567447166], [-64.72904692213011, 46.084301128937746], [-64.72911880926908, 46.08428639775519], [-64.72924283349798, 46.084260982536605], [-64.72927731644103, 46.084254319907785], [-64.72949080649445, 46.08421039708265], [-64.72951750536151, 46.08420451321315], [-64.72973816165616, 46.084158901638006], [-64.72976810621421, 46.08415261823845], [-64.72998680888412, 46.08410742574166], [-64.73024779232526, 46.08405434131467], [-64.73047753835901, 46.08400751979785], [-64.73051984826463, 46.0839987287872], [-64.73079461855355, 46.08393910845784], [-64.73107840701871, 46.083880527399735], [-64.73135181149937, 46.083823134144815], [-64.73135217370556, 46.08382365448425], [-64.73154219112195, 46.084096495585655], [-64.73176383771603, 46.08404009728246], [-64.73193970356792, 46.08440321765247], [-64.73200076604557, 46.0845355437187], [-64.73199969582696, 46.08453576916334], [-64.73200068974205, 46.08453792353655], [-64.73185075638388, 46.08456954168552], [-64.73184973642157, 46.08456739320549], [-64.7318507121205, 46.08456955089663], [-64.73187369457342, 46.084620402792424], [-64.7319794682319, 46.08484321274455], [-64.73198056330321, 46.084842978687355], [-64.73213049604269, 46.08481136035313], [-64.73210244280588, 46.084752317649524], [-64.73210132575272, 46.08474988961115], [-64.732030511222, 46.08459597688937], [-64.7320315775929, 46.08459575048484], [-64.73203058752436, 46.08459359707149], [-64.73217777985533, 46.084562324871634], [-64.73240752933937, 46.08451351264462], [-64.73243113362835, 46.08456382066815], [-64.73247339535781, 46.08465186730742], [-64.73248204696245, 46.08466989329669], [-64.73257418032306, 46.08486300109571], [-64.7328719129452, 46.08480201249568], [-64.73293002207721, 46.08479010750676], [-64.73388153480967, 46.08459512185184], [-64.73388138679066, 46.08459522123929], [-64.73415076002146, 46.08454003806378], [-64.73561986713753, 46.084238997664734], [-64.73990251045306, 46.083361499739915], [-64.73990410887846, 46.0833611726036], [-64.7399057424886, 46.08336083701257], [-64.74032137751475, 46.08327566541347], [-64.74669642677608, 46.08196906180615], [-64.75238636536363, 46.08080252134464], [-64.75238697318373, 46.08080309037747], [-64.75242463869563, 46.08083836920944], [-64.75246198733771, 46.080883934719644], [-64.75257545859074, 46.08097566067886], [-64.75254704443503, 46.081056210927734], [-64.75266051618104, 46.08114793680397], [-64.75265768063541, 46.0812374280983], [-64.7526576663864, 46.08123787780331], [-64.75271887003046, 46.08134679855503], [-64.7527803588753, 46.08144672517415], [-64.7528766328768, 46.08167316403869], [-64.75303553726197, 46.08196355290318], [-64.75309588769507, 46.082099455755895], [-64.75318237311004, 46.082226760990814], [-64.75329299945511, 46.08240842725703], [-64.7533648515892, 46.08258949871628], [-64.75345247782623, 46.08268082734478], [-64.75348954369244, 46.08273538662475], [-64.75351875991738, 46.082911347145526], [-64.75349207969889, 46.08301869734922], [-64.75347924598152, 46.08315851671584], [-64.7534235714655, 46.0833485203997], [-64.75340893096623, 46.0834228931726], [-64.75340699430687, 46.08343096209276], [-64.75339785112261, 46.083482833017435], [-64.75337875298797, 46.083546879164125], [-64.75337340269495, 46.08356065474857], [-64.75330229595458, 46.08371118835751], [-64.7532623076082, 46.083752957807846], [-64.75323220688118, 46.08378875994609], [-64.75294253024892, 46.084164591723685], [-64.75283671823343, 46.08427985854212], [-64.75277532455378, 46.084401295820165], [-64.75272177806156, 46.08452402326462], [-64.75254875727454, 46.084903353539424], [-64.75246788195874, 46.08504779775763], [-64.75245116743481, 46.085081465502086], [-64.75244333053081, 46.08510024202924], [-64.75239355255745, 46.08518154420765], [-64.75235937628523, 46.08524796835908], [-64.75235619245439, 46.08525457836763], [-64.7523106739622, 46.08533612584538], [-64.75223322270055, 46.085486741405994], [-64.75222157929373, 46.08551544780071], [-64.75220714731077, 46.08555416358739], [-64.75220544279634, 46.085558735645634], [-64.74317066074234, 46.087181709516926], [-64.74019110019589, 46.08771676788593], [-64.74007928580589, 46.087661669128956], [-64.74000763208484, 46.08761860368656], [-64.7399451336131, 46.087581040085304], [-64.73994021407454, 46.08757808364131], [-64.73987764124921, 46.08754686278413], [-64.73982501036872, 46.0875206025413], [-64.73967795176543, 46.08749682318878], [-64.73959727296175, 46.087484058055644], [-64.7394459323946, 46.0875538864369], [-64.73933676225488, 46.087659820606454], [-64.73932948447319, 46.08766753677419], [-64.73920895814814, 46.087795329846664], [-64.73920789131525, 46.08779646065917], [-64.7391070629718, 46.087903367643484], [-64.73906109885642, 46.087935740772416], [-64.73903216850282, 46.087956116833645], [-64.73903115377017, 46.08795683092049], [-64.73891983911214, 46.08803523127024], [-64.73891961419628, 46.08803538976502], [-64.7389087997951, 46.088041145338856], [-64.73890408509573, 46.088042789343525], [-64.73884929775414, 46.08806189446027], [-64.7387821741681, 46.08809196599692], [-64.7387804055451, 46.08809275840769], [-64.73869067288993, 46.08813295898212], [-64.7384994713052, 46.08814286963132], [-64.73838303517911, 46.0881239715137], [-64.73833888996518, 46.08810704729243], [-64.73833774267071, 46.08810660751648], [-64.73827467361797, 46.088082426615436], [-64.73825881269332, 46.08804520288258], [-64.73824407691242, 46.088040925611075], [-64.73815477234582, 46.08798240370154], [-64.73790586050133, 46.08783952609808], [-64.73779617620363, 46.08779148675843], [-64.73773331346202, 46.08777033763473], [-64.73770085404689, 46.08775941690703], [-64.73766580789571, 46.08774413416823], [-64.73758810764296, 46.087726267468106], [-64.73744762707626, 46.087715184910586], [-64.73731713262939, 46.08775176875365], [-64.73714250722976, 46.08781763431136], [-64.73711675254037, 46.08783367948428], [-64.73706272668822, 46.087853789865505], [-64.73695306503345, 46.08793566032418], [-64.73690433041735, 46.087966021734495], [-64.7366733883924, 46.08804181290441], [-64.73661624789587, 46.08807984033272], [-64.73656014592854, 46.088117176532556], [-64.73641655018024, 46.08817920218212], [-64.7362300538899, 46.08823201469311], [-64.73608943033958, 46.08827323196877], [-64.73605655252463, 46.088282868538045], [-64.73597911008584, 46.0882938007994], [-64.7359284582898, 46.08830095109585], [-64.73589769941846, 46.08830402005003], [-64.7358831788631, 46.08830546884482], [-64.73563506410721, 46.08836442210363], [-64.73558488282013, 46.08837634513718], [-64.73532347944096, 46.08846227987991], [-64.73513467286908, 46.08849831762385], [-64.73506083621496, 46.08852227916442], [-64.73461264292908, 46.088613506021666], [-64.73436134371238, 46.08867896796258], [-64.73405316190957, 46.08875924610624], [-64.73385610353274, 46.088826738494134], [-64.73369281783215, 46.088900754532794], [-64.73369217610993, 46.08890104512977], [-64.73365820371765, 46.088916443767324], [-64.73343887967552, 46.08895227535811], [-64.73324493672538, 46.08899110983569], [-64.7330379662436, 46.08903289133587], [-64.73268882526506, 46.089103431053246], [-64.73268845688227, 46.08910350542327], [-64.7327551329406, 46.08926119933461], [-64.73283542375711, 46.08945109499625], [-64.73395197958544, 46.0920917073716], [-64.73399767412187, 46.09219949792614], [-64.73425205201151, 46.092800547437314], [-64.73456594349925, 46.09354220051478], [-64.73464283024688, 46.093721245561305], [-64.73465757843961, 46.093748681079624], [-64.73550892392855, 46.09533234755203], [-64.73556956777095, 46.09547616315056], [-64.73559787797144, 46.095543299371], [-64.73567741348023, 46.09573191495393], [-64.73569225697032, 46.09576711478982], [-64.73574815507588, 46.09589980842838], [-64.7357823949084, 46.095981775059364], [-64.73574853737563, 46.09598889931654], [-64.73596828313501, 46.09651871412028], [-64.73575957083698, 46.09656067264222], [-64.73570538723392, 46.09657156554856], [-64.73581519279136, 46.096634125852546], [-64.73582498552555, 46.09663970451965], [-64.7358335676503, 46.09664459404766], [-64.7357442354821, 46.09675777627977], [-64.73572657113348, 46.09677619070172], [-64.73579597531726, 46.09705280463416], [-64.73555968618665, 46.09710043571995], [-64.73538848983299, 46.09713507858904], [-64.73550564760366, 46.09759236794802], [-64.73558401495202, 46.097576753930454], [-64.73571146462155, 46.09755136114503], [-64.73591063623529, 46.09751170340024], [-64.73605174401256, 46.09786446960883], [-64.73606094332384, 46.097887468216705], [-64.73617174045141, 46.09791990219405], [-64.73617459861924, 46.09792783902181], [-64.7352267825446, 46.0981198009239], [-64.73516333141919, 46.09813265113458], [-64.73500327262515, 46.09816506702986], [-64.73383193671171, 46.098402282915124], [-64.73281658745951, 46.09860249738705], [-64.73268643613612, 46.09862747340363], [-64.73228305282748, 46.09870219990208], [-64.73107231918829, 46.09894435878049], [-64.7305931731093, 46.09904187821772], [-64.7304763764289, 46.09906564912437], [-64.73010014186958, 46.099142220476715], [-64.72912795900551, 46.09934007294225], [-64.72836162120603, 46.099496026832], [-64.72830426485754, 46.09950769925985], [-64.72815635776242, 46.099537798432515], [-64.72815576795267, 46.09953791793567], [-64.7281364713042, 46.09954169406566], [-64.7281280921545, 46.09954333371841], [-64.72798483464173, 46.099571435348516], [-64.72796458349242, 46.099575408064155], [-64.72771079767278, 46.09962519027633], [-64.72766065331463, 46.09963502642877], [-64.72765372544836, 46.09963638538055], [-64.72751254645935, 46.099665000182696], [-64.7274403248118, 46.099679638908235], [-64.72723265142835, 46.09972173128957], [-64.72709930626978, 46.09974875779787], [-64.72672502145589, 46.099824617744325], [-64.72665552715284, 46.09983870273684], [-64.72617646159405, 46.09993579733537], [-64.72601086409661, 46.099969358908126], [-64.72570807107428, 46.10003072561553], [-64.72559808955583, 46.10005433855961], [-64.72559084219318, 46.10005589487547], [-64.72555677861129, 46.10006266917921], [-64.7247162040357, 46.10022983846189], [-64.7245852838958, 46.100255874914744], [-64.72379825817742, 46.10041238737035], [-64.72353419898353, 46.10046489764249], [-64.72215467171333, 46.100739219441536], [-64.72171878709918, 46.10082589225659], [-64.7215002987993, 46.10086933604762], [-64.7208979970484, 46.10098909423536], [-64.71938075678021, 46.10129075828893], [-64.71912042956791, 46.10134067927543], [-64.71899145628988, 46.10136414551173], [-64.71884717269047, 46.10139039748069], [-64.71832651592827, 46.10149023640139], [-64.71779263724875, 46.10159886457536], [-64.71675044126658, 46.10182551216032], [-64.71626922317058, 46.10192878471513], [-64.71625560674832, 46.10193170655545], [-64.71624241496393, 46.101934537860416], [-64.71623909976984, 46.101935249015725], [-64.71621490594418, 46.10194044109738], [-64.71580069359385, 46.102029332195364], [-64.71538091506743, 46.10211941507332], [-64.71526899716048, 46.102143432296295], [-64.71521561480634, 46.10215488778958], [-64.71519518283796, 46.10215927204663], [-64.71517749682211, 46.10216306763374], [-64.71517158153169, 46.102164336415555], [-64.71500851373149, 46.1021993300012], [-64.71497011563703, 46.10220756927609], [-64.71489321254862, 46.10222407220762], [-64.71489099154422, 46.10222454851431], [-64.71486010953835, 46.10223117963383], [-64.71485915473629, 46.102231383333226], [-64.71485693640459, 46.102231856981604], [-64.71471057992035, 46.10226326339272], [-64.71458653337895, 46.1022525166918], [-64.71452737921697, 46.1023237358437], [-64.71436188659062, 46.10226321276552], [-64.71386694138708, 46.10236748383156], [-64.71381662950944, 46.102185825803055], [-64.71373202507948, 46.10188034862488], [-64.71368399952894, 46.10172572099499], [-64.71355958553555, 46.10161308810971], [-64.71355833633976, 46.101611718741175], [-64.71331094857764, 46.10138197588117], [-64.71330637963544, 46.101383253987116], [-64.71303778383911, 46.101468575518986], [-64.71260101503114, 46.101594000394364], [-64.7120363473723, 46.101755602960246], [-64.71198951301598, 46.10176900622519], [-64.7117738519016, 46.10183072570494], [-64.7113795062322, 46.10194421405223], [-64.71113664236752, 46.10201373789793], [-64.7110047718788, 46.10205126019118], [-64.71091925282518, 46.10207556270617], [-64.71074101576973, 46.10212675401147], [-64.71068325641225, 46.10214338386204], [-64.71047724434474, 46.10220269691138], [-64.71029706707247, 46.10225385704523], [-64.7102134868036, 46.10227818949853], [-64.70994972854753, 46.102353681469104], [-64.70964287894235, 46.10244154335621], [-64.70957040496708, 46.102462450510124], [-64.70941452994253, 46.102506967927795], [-64.70927923019063, 46.10254560863735], [-64.70907160665006, 46.102605333859344], [-64.70877711413253, 46.102355118356286]]]}}, {"type": "Feature", "properties": {"district_id": "Ward 3", "elect_comm": "Dieppe"}, "geometry": {"type": "Polygon", "coordinates": [[[-64.70870358341672, 46.088892552659345], [-64.70862702485447, 46.088721276323376], [-64.7085552427086, 46.088562223072884], [-64.70855405237427, 46.088559054864604], [-64.70841854056602, 46.08825187311629], [-64.70834330558019, 46.088079717531734], [-64.7087913545894, 46.08798682685418], [-64.70886987613547, 46.087970547093974], [-64.7091222718064, 46.08791821797911], [-64.70915010003566, 46.08791244839836], [-64.70925752503709, 46.087890176332074], [-64.71000338997241, 46.087735532691546], [-64.70984957434867, 46.08737452375103], [-64.70978222679592, 46.08721824053108], [-64.70968792840775, 46.086995844350234], [-64.70966971843575, 46.08695370233588], [-64.70960493186595, 46.086803770821945], [-64.70956287513754, 46.08670502569398], [-64.70952562376453, 46.08661760425602], [-64.70934173469945, 46.08618728298183], [-64.70912058374229, 46.08566998953721], [-64.70839783463657, 46.085817903629966], [-64.70826840686466, 46.08584439094387], [-64.70769636344465, 46.0859614580078], [-64.7074587491491, 46.086010084212695], [-64.70719458885581, 46.08538544578792], [-64.70704489670047, 46.08531211863199], [-64.70704238521608, 46.08531088858567], [-64.70710043788502, 46.085163661525975], [-64.70699995734229, 46.084927087416524], [-64.70721069699502, 46.084884085241775], [-64.70729677366155, 46.084866520860295], [-64.70743411470488, 46.084838537687936], [-64.70734525135339, 46.08462837296351], [-64.70725640328871, 46.08441775847328], [-64.70718603007136, 46.08425093815518], [-64.7071859352148, 46.08425071349828], [-64.7071541961877, 46.08417524345994], [-64.70707935541546, 46.083996539459335], [-64.70704210975714, 46.08390911722448], [-64.70699049472904, 46.08378637445807], [-64.70689386227174, 46.08355674016034], [-64.70670117285287, 46.08309972997743], [-64.70668349376474, 46.08306614440491], [-64.70667908814076, 46.08306701537434], [-64.70646052046658, 46.083110236975585], [-64.70643083367747, 46.08304129687559], [-64.70638152615604, 46.08292679320991], [-64.70597996411664, 46.082739215760434], [-64.70622458969571, 46.08238703860507], [-64.70618903523066, 46.08231110592867], [-64.70622380672592, 46.082304608686954], [-64.70625723945992, 46.082298361203314], [-64.70636256478979, 46.082278680138984], [-64.70632075821626, 46.08217013912203], [-64.70630953989718, 46.08214101233633], [-64.70627730635034, 46.08205732306332], [-64.70627073903522, 46.082040572329525], [-64.70619320938602, 46.08184003354936], [-64.7061789140593, 46.081802464445495], [-64.7061104055224, 46.081622764332515], [-64.7060877360864, 46.0815643666668], [-64.70602630985458, 46.08140547469444], [-64.70600365522309, 46.08134662731555], [-64.70596331561657, 46.081155672759294], [-64.70595489510742, 46.08111639646641], [-64.70592664754153, 46.08097417319763], [-64.70592663422677, 46.08097410549881], [-64.70591267319682, 46.08090381574141], [-64.70590873488001, 46.080885756620624], [-64.70590023433724, 46.080793734134986], [-64.70589389326472, 46.08072508337613], [-64.70588913079418, 46.08067353221155], [-64.70588667511834, 46.08064964739873], [-64.70586754183736, 46.08044282951919], [-64.70586417414185, 46.0804072322373], [-64.70581976041846, 46.07992421085287], [-64.70576314524895, 46.07992637474142], [-64.70575308425637, 46.07992675973161], [-64.70571863081845, 46.07992797698874], [-64.70571811946789, 46.079927995027475], [-64.70559054185043, 46.07993250063312], [-64.7055912501578, 46.079770010785325], [-64.70527233615307, 46.07952117591543], [-64.70554553776746, 46.07916838692237], [-64.70561004759924, 46.07916614238195], [-64.70564713561896, 46.079164851493836], [-64.70568546247553, 46.07916351802384], [-64.70598839427143, 46.07915254341694], [-64.70626528376175, 46.07914292241035], [-64.70629131133258, 46.079142017699965], [-64.70627924386373, 46.07895645772772], [-64.70626614471823, 46.078742986029226], [-64.7062594648606, 46.07865019586025], [-64.70625354049676, 46.07856463081896], [-64.70625110709548, 46.0785294837888], [-64.70623543801685, 46.07831552166686], [-64.70622394917889, 46.07817181399201], [-64.7062191082373, 46.07810199905635], [-64.70620342475321, 46.07788848661833], [-64.70618929962724, 46.0776866968223], [-64.7061890337358, 46.077674994532096], [-64.70618267090425, 46.07758836614094], [-64.70617715298602, 46.07751324939258], [-64.70617335046497, 46.07746148208165], [-64.7061540190749, 46.07720111974494], [-64.70578014765141, 46.07721429294243], [-64.70544061509638, 46.077226254958106], [-64.70531505183061, 46.07723067856627], [-64.70530210817442, 46.07723113506172], [-64.7052162288944, 46.07723416022089], [-64.70519221085928, 46.07723500636594], [-64.70509111667158, 46.0771501098295], [-64.7051006767925, 46.07713983120903], [-64.7051033780479, 46.077136925864615], [-64.70517931099256, 46.077055282137124], [-64.70514342276078, 46.07656879520274], [-64.70610567539588, 46.07654076514326], [-64.70608597632899, 46.0762718483579], [-64.70606989627079, 46.07605068084369], [-64.70606802834489, 46.07602860498977], [-64.70603460297507, 46.07556555335428], [-64.70603272044995, 46.0755439271955], [-64.7060304536411, 46.07551324604853], [-64.7060210869438, 46.07538649169328], [-64.7060161116384, 46.07531915190614], [-64.70600184144608, 46.07512185900671], [-64.70599863483439, 46.075081315046205], [-64.7059875859724, 46.07492411640534], [-64.7059648715287, 46.07460880954011], [-64.70595279384372, 46.07444349598831], [-64.70523104320995, 46.07458362456218], [-64.70514770459447, 46.073480658752594], [-64.70514086714705, 46.07339016238997], [-64.70514080726426, 46.07339017494387], [-64.70512696386582, 46.07322965934787], [-64.70515192043183, 46.073224591509366], [-64.70542791684002, 46.073168549612234], [-64.70646982302625, 46.07295698268966], [-64.7070862863134, 46.07283784072722], [-64.70725725459187, 46.07280479756503], [-64.70833741741369, 46.07259602601065], [-64.70842548543179, 46.07257900336989], [-64.70981560721256, 46.07231030478442], [-64.70993203599153, 46.072287799520424], [-64.71005817184046, 46.0722634175578], [-64.71036804124266, 46.07220362281743], [-64.7104354726256, 46.07219061068486], [-64.71047189570112, 46.072165909813414], [-64.71051147560941, 46.072139068297524], [-64.71057349331457, 46.07209701010735], [-64.71057412958807, 46.072097283763576], [-64.71062231796964, 46.07211797279579], [-64.71068646335655, 46.072145512984555], [-64.71068733984059, 46.07214770800338], [-64.71082687118701, 46.07211828684243], [-64.71106637616161, 46.07207184522519], [-64.71119062987275, 46.07204770150254], [-64.71378414981409, 46.071548952833496], [-64.71432309067221, 46.07144464610652], [-64.71448662011214, 46.071412996252135], [-64.71482496867854, 46.071347510725396], [-64.715520472583, 46.071209486806396], [-64.7156197434224, 46.07118996163766], [-64.71584333967098, 46.07114598368799], [-64.71654381958578, 46.07100820519758], [-64.71721286054664, 46.0708886534384], [-64.71796033857368, 46.07074525275548], [-64.71805128309752, 46.070727805209486], [-64.72060109964973, 46.07023858998967], [-64.72079491193382, 46.070201402344914], [-64.72082937252824, 46.070195673328634], [-64.72089949599156, 46.07018401628564], [-64.72280375784112, 46.06986743368381], [-64.72299181113702, 46.069828975428656], [-64.72327811915551, 46.069770453588816], [-64.72356833208076, 46.069711092102644], [-64.7237876283155, 46.06966592114528], [-64.72396593100743, 46.06962910889391], [-64.72396983650007, 46.069628269958216], [-64.7241656991679, 46.0695881318801], [-64.72421124387208, 46.069578943808786], [-64.72446241451527, 46.06952751976278], [-64.72455545645076, 46.06950872388498], [-64.72465240379672, 46.06948908897141], [-64.72471161748987, 46.06947696434023], [-64.7248892584158, 46.06944059026083], [-64.72496278721725, 46.06942553918333], [-64.72519053821223, 46.06937869763807], [-64.72545797494377, 46.06932392553956], [-64.72568961609032, 46.06927669370297], [-64.72595314641302, 46.06922275942899], [-64.72618154184126, 46.06917592595489], [-64.72640017333418, 46.06913118956921], [-64.72657976477704, 46.06909439332557], [-64.72662792193226, 46.06908434513031], [-64.72667217365667, 46.06907513594361], [-64.72686348096603, 46.069035822161794], [-64.72692074099906, 46.06902411589218], [-64.72711334012523, 46.06898482180926], [-64.72718296233316, 46.068970608333046], [-64.72735343534586, 46.06893591853681], [-64.72742305743222, 46.06892170491282], [-64.72758052182377, 46.068889511822896], [-64.72767357610319, 46.068870263679884], [-64.72784730780555, 46.06883472401936], [-64.72790196865803, 46.068823426732514], [-64.72803601470291, 46.0687958177342], [-64.72844594832732, 46.068711761307036], [-64.72883244862174, 46.06863273801878], [-64.72911874443369, 46.06857420139839], [-64.73044406744118, 46.068304910614756], [-64.73109148400574, 46.06817338673612], [-64.73181330598668, 46.06797088977969], [-64.73679999796795, 46.066786231298025], [-64.73680246276025, 46.06678697494922], [-64.73691490905775, 46.06682088582835], [-64.73710741358619, 46.06686498965224], [-64.73724421967982, 46.06689635283972], [-64.73730694473905, 46.06690767218028], [-64.7375176916342, 46.066959436486904], [-64.737568311088, 46.06696930850766], [-64.73780798462171, 46.06703420790593], [-64.73788038059661, 46.06705845447804], [-64.73809969687275, 46.06710909052424], [-64.73835138267641, 46.067178403940666], [-64.7383806823547, 46.0671879457424], [-64.73838591115599, 46.06719018628053], [-64.7387595518907, 46.0673066480099], [-64.73883238796589, 46.067325231718996], [-64.73893585245428, 46.067357947929885], [-64.73900951949267, 46.06738124249568], [-64.73902569527722, 46.06738539441847], [-64.73906286172581, 46.06739493532784], [-64.73911612073175, 46.06741123641386], [-64.7393630573709, 46.06751196888661], [-64.73959425059785, 46.067591580884724], [-64.73961154810529, 46.06759643755152], [-64.73976531644527, 46.06764731672052], [-64.7398260072687, 46.06766976135673], [-64.74006056121725, 46.067741325695344], [-64.74016177105878, 46.06776610614374], [-64.74020481697228, 46.0677783795074], [-64.7402597048376, 46.06779632495676], [-64.7403054213799, 46.06781403865727], [-64.7403066905733, 46.067814778152034], [-64.74056198193895, 46.067933364151834], [-64.74065447214228, 46.067968087741164], [-64.74105082961367, 46.068134654567224], [-64.74111163064521, 46.06815773010559], [-64.74114075605817, 46.068164658930556], [-64.74152018463795, 46.068355438513166], [-64.74169839868316, 46.06845879387563], [-64.74178796460586, 46.06849608093674], [-64.74196894714439, 46.06858967025124], [-64.74206468028427, 46.068656567386796], [-64.74227270763843, 46.068753453264655], [-64.74246084652252, 46.068874057762216], [-64.74260069484562, 46.068931916980866], [-64.74265449417604, 46.06895974280444], [-64.74279844931166, 46.069059148232505], [-64.74292421542772, 46.069177619565295], [-64.74325757912139, 46.069382259947965], [-64.7432768683372, 46.06939767501903], [-64.74333829841244, 46.06942948759228], [-64.74369706798429, 46.069680860856074], [-64.7437639147317, 46.06971716600525], [-64.74392554404355, 46.06983411967808], [-64.74398249431569, 46.06986287710548], [-64.74400366796185, 46.069873568105706], [-64.74407420564187, 46.06991577901005], [-64.74416516991336, 46.069970182866136], [-64.74421543257334, 46.07001981973999], [-64.7443004276772, 46.07007899062881], [-64.74457227328142, 46.0703389559754], [-64.74458285005517, 46.0703490704665], [-64.7446568528474, 46.0704002429274], [-64.74483679090771, 46.070543013432086], [-64.74484259911574, 46.07054762200404], [-64.74489455627177, 46.070578209678835], [-64.74503613320474, 46.07066155641777], [-64.74506403523485, 46.07069212240464], [-64.74516518688583, 46.07080293202517], [-64.74528535448265, 46.07090259750807], [-64.74533086162243, 46.07095953934929], [-64.745430728617, 46.07106744041001], [-64.74543373840788, 46.07107036630491], [-64.74550869019426, 46.071189311460046], [-64.74564013825874, 46.07135303965273], [-64.74571530775002, 46.07146109984116], [-64.74574049891739, 46.0714942424497], [-64.74575881552856, 46.071528089007714], [-64.74579932838654, 46.07159575189723], [-64.74583866585797, 46.07165565796172], [-64.7458425750637, 46.071662826991584], [-64.74593564460959, 46.071817864942474], [-64.74597242258935, 46.071868823023905], [-64.7460102683046, 46.07195939089752], [-64.74608599820483, 46.07210273353522], [-64.74611141024742, 46.0721736731156], [-64.74619984929762, 46.07232800961215], [-64.74624967803031, 46.07245164243806], [-64.74625137848584, 46.0724558619237], [-64.74625456105933, 46.0724614900035], [-64.74632733853856, 46.07259615383991], [-64.74634577410198, 46.07263026668109], [-64.7463603541296, 46.07267593359224], [-64.74645486874229, 46.072875085926356], [-64.74649294955815, 46.07305591208024], [-64.74655845945765, 46.073223932811835], [-64.74658890678191, 46.07327479319037], [-64.7466481410919, 46.07345315547424], [-64.74671364675176, 46.07360506874315], [-64.74673439483377, 46.07364381174723], [-64.7467405886814, 46.073660464331496], [-64.74680195191551, 46.07377216070991], [-64.74682275507466, 46.073810028991275], [-64.74686134272864, 46.0738802668831], [-64.74687824176387, 46.0739238574737], [-64.74693865648113, 46.07407969384412], [-64.74695308931521, 46.0741340869315], [-64.74697577858882, 46.07418905704768], [-64.74706539426023, 46.07433909163238], [-64.74711355247808, 46.074406331786996], [-64.74716439026432, 46.07458861382299], [-64.74731070181403, 46.07488718606356], [-64.74734679815079, 46.07494749159045], [-64.74737192265054, 46.074978743096324], [-64.74743775602523, 46.07507163087163], [-64.74750890399292, 46.07522920952224], [-64.74755737691328, 46.07529879392125], [-64.7476125434614, 46.07540533370233], [-64.74764192063736, 46.075462067709104], [-64.74768284160977, 46.075517493698975], [-64.74771666955085, 46.075563312624375], [-64.74772459938345, 46.07557405376103], [-64.74782389693648, 46.07570854691832], [-64.74787397686084, 46.075800832079686], [-64.74789555273362, 46.07583391854144], [-64.74811920983161, 46.07607491959286], [-64.74819565266743, 46.076208373309036], [-64.7482638489798, 46.076282154448364], [-64.74826611527754, 46.076284606303815], [-64.74829377964282, 46.07631453519312], [-64.74840745519063, 46.07641967636854], [-64.74842000879173, 46.0764298127899], [-64.7484228767958, 46.076432128122], [-64.74844540093824, 46.07645031497317], [-64.74857775668295, 46.0765973171906], [-64.7485798161737, 46.076599604785926], [-64.74858557750932, 46.07660600403302], [-64.74858888220903, 46.076609674050005], [-64.7485938155044, 46.07661515351413], [-64.74863411500151, 46.076659912679155], [-64.74869345160153, 46.076748352590975], [-64.74873362304115, 46.0768082262993], [-64.74876917605701, 46.076861216216514], [-64.74881009048349, 46.07690017895163], [-64.74895051842576, 46.077075019271284], [-64.74917458602897, 46.077278950708155], [-64.74920807818266, 46.07732364818825], [-64.7494272753661, 46.07753443305471], [-64.74947930806042, 46.077573476471876], [-64.74963823151718, 46.07774419096078], [-64.7497150859289, 46.07780782170647], [-64.74978167039708, 46.07785689698622], [-64.74982333761842, 46.07790477940601], [-64.75007681394929, 46.07816009237116], [-64.75010903818803, 46.078191812277844], [-64.75013893450729, 46.078215397772276], [-64.75021103977359, 46.0783064905371], [-64.75036497573637, 46.078475597583946], [-64.75041214386299, 46.07853760192094], [-64.75047160650178, 46.07858296796996], [-64.75052634926143, 46.07862223249535], [-64.7505327636281, 46.078627910095136], [-64.7505903229487, 46.07867621633727], [-64.75063165177691, 46.07870863746223], [-64.75065151251754, 46.078724218377424], [-64.75074836617185, 46.07880966198254], [-64.75081015635284, 46.078871350845944], [-64.7508843650057, 46.07894510840965], [-64.75090846617823, 46.078967974788355], [-64.75091349034851, 46.07897264118055], [-64.75093245239167, 46.07899038947214], [-64.7509332050194, 46.0789911209102], [-64.75096723370491, 46.07903528617635], [-64.75103225878503, 46.07912545978514], [-64.75108698876193, 46.07919369892954], [-64.75110333757964, 46.079212306905], [-64.75110622742659, 46.079214960844865], [-64.75111215062391, 46.07921982100444], [-64.75112263240513, 46.07922772067013], [-64.7512440011157, 46.07933119353676], [-64.75124386473489, 46.079335494513785], [-64.75130563389325, 46.079426427819975], [-64.75131741737904, 46.07946260267091], [-64.75134155475956, 46.07951696417536], [-64.75136654772078, 46.07954434338399], [-64.7513783312707, 46.07958051822857], [-64.75139068518448, 46.07959870487809], [-64.75141624854722, 46.07960809588213], [-64.75144152675261, 46.07962648097755], [-64.75145302520401, 46.079671649911674], [-64.75147773312908, 46.07970802319339], [-64.75151508023247, 46.0797535890089], [-64.75151450992198, 46.07977157720337], [-64.75152686392273, 46.07978976383831], [-64.75155214224776, 46.07980814890969], [-64.75156392597353, 46.07984432373533], [-64.75156250023284, 46.079889294221765], [-64.75159956238448, 46.079943854107285], [-64.75162484080384, 46.07996223916287], [-64.75162455566497, 46.079971233260274], [-64.75163719488297, 46.079980425786054], [-64.75163633947164, 46.08000740807831], [-64.7516489786998, 46.08001660060281], [-64.75164883613216, 46.080021097651546], [-64.75165501318114, 46.080030190962006], [-64.75166133279885, 46.080034787223404], [-64.75167929370113, 46.08008005534681], [-64.75170385939163, 46.08012092562894], [-64.75172210548043, 46.08015719964812], [-64.75175931052628, 46.08020726243364], [-64.75180901239546, 46.08027101476313], [-64.75184636014859, 46.08031658047175], [-64.75188399306263, 46.080353152070415], [-64.75190870157206, 46.080389525260074], [-64.75192119838582, 46.08040321480392], [-64.7520223134306, 46.080476754712734], [-64.75205270721396, 46.080506290809815], [-64.75207876315822, 46.080531612020316], [-64.75211696649838, 46.080550195346255], [-64.75213592564816, 46.080563984053796], [-64.75218002117462, 46.08060065474201], [-64.75220472998872, 46.08063702786859], [-64.75224868309776, 46.08067819558006], [-64.75228631652378, 46.080714767047944], [-64.75231145300755, 46.0807376490032], [-64.75232437754556, 46.0807378473548], [-64.75233673202648, 46.080756033903384], [-64.75236478554409, 46.08078230894529], [-64.75237315928297, 46.08079015184368], [-64.75238636536363, 46.08080252134464], [-64.74669642677608, 46.08196906180615], [-64.74032137751475, 46.08327566541347], [-64.7399057424886, 46.08336083701257], [-64.73990410887846, 46.0833611726036], [-64.73990251045306, 46.083361499739915], [-64.73561986713753, 46.084238997664734], [-64.73415076002146, 46.08454003806378], [-64.73388138679066, 46.08459522123929], [-64.73388153480967, 46.08459512185184], [-64.73293002207721, 46.08479010750676], [-64.7328719129452, 46.08480201249568], [-64.73257418032306, 46.08486300109571], [-64.73248204696245, 46.08466989329669], [-64.73247339535781, 46.08465186730742], [-64.73243113362835, 46.08456382066815], [-64.73240752933937, 46.08451351264462], [-64.73217777985533, 46.084562324871634], [-64.73203058752436, 46.08459359707149], [-64.7320315775929, 46.08459575048484], [-64.732030511222, 46.08459597688937], [-64.73210132575272, 46.08474988961115], [-64.73210244280588, 46.084752317649524], [-64.73213049604269, 46.08481136035313], [-64.73198056330321, 46.084842978687355], [-64.7319794682319, 46.08484321274455], [-64.73187369457342, 46.084620402792424], [-64.7318507121205, 46.08456955089663], [-64.73184973642157, 46.08456739320549], [-64.73185075638388, 46.08456954168552], [-64.73200068974205, 46.08453792353655], [-64.73199969582696, 46.08453576916334], [-64.73200076604557, 46.0845355437187], [-64.73193970356792, 46.08440321765247], [-64.73176383771603, 46.08404009728246], [-64.73154219112195, 46.084096495585655], [-64.73135217370556, 46.08382365448425], [-64.73135181149937, 46.083823134144815], [-64.73107840701871, 46.083880527399735], [-64.73079461855355, 46.08393910845784], [-64.73051984826463, 46.0839987287872], [-64.73047753835901, 46.08400751979785], [-64.73024779232526, 46.08405434131467], [-64.72998680888412, 46.08410742574166], [-64.72976810621421, 46.08415261823845], [-64.72973816165616, 46.084158901638006], [-64.72951750536151, 46.08420451321315], [-64.72949080649445, 46.08421039708265], [-64.72927731644103, 46.084254319907785], [-64.72924283349798, 46.084260982536605], [-64.72911880926908, 46.08428639775519], [-64.72904692213011, 46.084301128937746], [-64.72899486005382, 46.084311567447166], [-64.72880090156521, 46.08435129387237], [-64.72874623989884, 46.084362141762696], [-64.72866174430592, 46.08437916198478], [-64.7285679214037, 46.08439806172191], [-64.72849828000601, 46.084412275884596], [-64.72824967340546, 46.084462399408736], [-64.72810193101358, 46.08449249538265], [-64.72822783144888, 46.08482020000158], [-64.7283751642014, 46.08520537835986], [-64.72842756967434, 46.085342830446685], [-64.72846282685673, 46.08543530399762], [-64.72818162723884, 46.0854934689708], [-64.728009767486, 46.08552948857171], [-64.72791733140166, 46.08554874681117], [-64.7278736988841, 46.08555779883877], [-64.7277822794921, 46.08557676504118], [-64.7276530494973, 46.08560357433393], [-64.72772399118124, 46.08577025080869], [-64.7273959244365, 46.08583803277472], [-64.72744116422875, 46.08594404910046], [-64.72749333603056, 46.086066311210786], [-64.72748127251829, 46.08608599664416], [-64.72739477377246, 46.08622714250722], [-64.72726919767197, 46.08611027966808], [-64.72721937331752, 46.08599337300847], [-64.7272184485619, 46.085991204371666], [-64.72710232269908, 46.08571873155523], [-64.72687514099327, 46.085766045187015], [-64.7266902636117, 46.085804550681985], [-64.72664395587886, 46.08563600750657], [-64.72659766288484, 46.08546701461126], [-64.72655135570382, 46.08529847139603], [-64.72650506326224, 46.08512947846082], [-64.72645875663302, 46.08496093520562], [-64.72642635517442, 46.084842550185165], [-64.72616140003191, 46.08489826359963], [-64.72597262212477, 46.08493761600684], [-64.72591337758068, 46.08495019085655], [-64.72573349444984, 46.084987957320685], [-64.72566600093938, 46.08500212763883], [-64.72559503657267, 46.08501721927596], [-64.72541860936678, 46.08505451357998], [-64.72517123180593, 46.08510644928034], [-64.72504494329313, 46.08513282633678], [-64.7251256668061, 46.0853167541295], [-64.725231710671, 46.08555776704236], [-64.72527278275024, 46.08565150474801], [-64.7253004561851, 46.08571466188382], [-64.72542326036694, 46.08599492990004], [-64.72514132165838, 46.08605577544766], [-64.724859382337, 46.08611662029248], [-64.72482291543054, 46.08612460044707], [-64.72457678163966, 46.08617790405873], [-64.72443092811153, 46.086209374542584], [-64.72429419480564, 46.08623873741931], [-64.72414834096014, 46.08627020753877], [-64.72406739447494, 46.08628751638853], [-64.7239855676737, 46.08630501301916], [-64.72384752684498, 46.086334804897874], [-64.72370427212626, 46.08636586506343], [-64.72362532332329, 46.08638273413782], [-64.7235649384266, 46.0863956364365], [-64.72340214992334, 46.08643089077672], [-64.7232823349036, 46.08645691696851], [-64.72306354512195, 46.086504344969605], [-64.72300039154156, 46.086517757179436], [-64.72273928821137, 46.0865739727457], [-64.72236293599335, 46.08665493444092], [-64.7223899167824, 46.086720594773055], [-64.72201420935453, 46.08680156539161], [-64.72176611653263, 46.086855282313174], [-64.72168733524003, 46.086872049186596], [-64.72151844430364, 46.08690881449779], [-64.72144705530934, 46.08692408771429], [-64.72130833323196, 46.086954018873], [-64.7211631542099, 46.08698534276168], [-64.72098082861432, 46.087024787757436], [-64.72098998740074, 46.08708162144366], [-64.72100108508604, 46.0871384854163], [-64.7210134898912, 46.08719491988016], [-64.72102718731078, 46.08725137453378], [-64.7210398792955, 46.08729919020749], [-64.72104047313094, 46.08730142751466], [-64.72104217734878, 46.08730784937674], [-64.72105144441332, 46.087341288620784], [-64.72107886053408, 46.08743350167345], [-64.72103007590691, 46.08751798161707], [-64.72102114907807, 46.08753343929045], [-64.72100618969134, 46.08755934448349], [-64.72083862892275, 46.08752919686614], [-64.72082727412167, 46.08748888072213], [-64.72082419585607, 46.08747794983373], [-64.72080835904612, 46.08741265399095], [-64.72079403344019, 46.08735358982674], [-64.72079348911004, 46.087351341593546], [-64.72079342175694, 46.08735106428704], [-64.7207506141642, 46.08717456460909], [-64.72074598267315, 46.08715373718558], [-64.72074263350243, 46.08715244486578], [-64.7207113647062, 46.087159605074014], [-64.72052768757885, 46.08720082793747], [-64.72034791697808, 46.087241211702036], [-64.72010431563537, 46.087295895069104], [-64.71987960157995, 46.087346373888806], [-64.71969789115512, 46.087386726313454], [-64.71928317968033, 46.08747382713705], [-64.71918423083845, 46.08749432627926], [-64.719345054974, 46.087797713410396], [-64.71935306010563, 46.08781281389759], [-64.71920876384202, 46.087954163130505], [-64.71901435442093, 46.087888954132644], [-64.71900565279014, 46.087847494184984], [-64.7189482301864, 46.08757387195192], [-64.71894648751622, 46.08754774901152], [-64.71863205919284, 46.08761301963222], [-64.7184100730389, 46.08765903898499], [-64.7182583954843, 46.08769041051102], [-64.71818677938882, 46.087705487376994], [-64.71789057651465, 46.08776699178059], [-64.7176295349003, 46.087820947053984], [-64.7173684927832, 46.08787490172509], [-64.71715890061465, 46.08791751324943], [-64.71717287703025, 46.08798522090528], [-64.71718740202057, 46.08805492221855], [-64.71722997385166, 46.08825921963007], [-64.71689943390265, 46.08832562177198], [-64.71689555917129, 46.08832926399458], [-64.71685040050794, 46.08833867217135], [-64.71679482136862, 46.088474898811654], [-64.7166636589738, 46.08837498257585], [-64.71638043519371, 46.088434886626615], [-64.71634316185113, 46.088256228543806], [-64.71632370560036, 46.08816297365505], [-64.71630989693872, 46.08809678746464], [-64.71628885368483, 46.087995146290545], [-64.71623943226061, 46.08775643976282], [-64.71586187198186, 46.08783421170774], [-64.71588805732716, 46.08796420056494], [-64.71552090875868, 46.088039884871876], [-64.71555458385292, 46.08811824969379], [-64.71529162273642, 46.08815147297344], [-64.71519357957396, 46.08816388419669], [-64.71502541523193, 46.0881850946926], [-64.71490789546493, 46.088199899960784], [-64.71474882285608, 46.08821990277924], [-64.71461507251696, 46.08823670294796], [-64.71447741514318, 46.08825434155702], [-64.7144443864862, 46.08826116831437], [-64.71439891090199, 46.08827056695386], [-64.7143276872664, 46.08828528851956], [-64.71421702886168, 46.08830784940098], [-64.71404387345716, 46.08834337782178], [-64.71395273511204, 46.0883621952256], [-64.71376721213713, 46.08840022882602], [-64.71369625480686, 46.08841486329121], [-64.71350682449956, 46.08845373503557], [-64.71343588160505, 46.08846791964009], [-64.7132518450877, 46.08851992343034], [-64.7131833123927, 46.08853954480384], [-64.71300546156158, 46.088600193843455], [-64.71298388559858, 46.0886075040342], [-64.71300267103065, 46.08870915632713], [-64.71300630207503, 46.08872880307951], [-64.71302624730151, 46.088836731135416], [-64.71286384765477, 46.08887012292535], [-64.71276194987658, 46.08889107416702], [-64.71279550117715, 46.08904816053467], [-64.71280183862625, 46.089077833622085], [-64.71280630317688, 46.08909873615605], [-64.71279065162746, 46.08914494359814], [-64.71277627156101, 46.089187394312724], [-64.71273762035717, 46.08930149728391], [-64.71262897075493, 46.08921170295385], [-64.71262341744442, 46.089207112939384], [-64.712555018056, 46.08915058335974], [-64.71253782787754, 46.08907382523973], [-64.71250587422645, 46.08893114800088], [-64.71246454450993, 46.08882971587971], [-64.71214967856437, 46.08890800970534], [-64.71216471354508, 46.08894289003599], [-64.71193811970126, 46.088991074153654], [-64.71172127851129, 46.08903761125825], [-64.71171017449741, 46.08904103630828], [-64.7114714838571, 46.08912322393703], [-64.7114798223249, 46.08914365645196], [-64.71148849033507, 46.089164894109985], [-64.7114783504267, 46.089167900549555], [-64.7112395664147, 46.089215865753886], [-64.71120506367217, 46.089222972576614], [-64.71097986263834, 46.08926802719671], [-64.7109590346101, 46.08927219927415], [-64.71075166927425, 46.08931389642113], [-64.7107058372588, 46.0893231125264], [-64.71068045578556, 46.08932811286567], [-64.71045523931167, 46.08937361613852], [-64.71042204360315, 46.089380293337314], [-64.71019879485891, 46.08942492717418], [-64.71016624540704, 46.08943161445515], [-64.70994688876345, 46.08947585904278], [-64.70991630740747, 46.089481677334504], [-64.70969499681262, 46.08952634065401], [-64.70962600514787, 46.08954010365041], [-64.70942812223224, 46.089580185560735], [-64.70934937722569, 46.089595594750044], [-64.70936501311468, 46.08963183468798], [-64.70904859374669, 46.089697947576376], [-64.7090359742275, 46.08966799190561], [-64.7090274346762, 46.08964772341616], [-64.70902043455413, 46.08963110554019], [-64.7090059443227, 46.089596710270136], [-64.70896064858475, 46.08948919445107], [-64.70895740672368, 46.089481497421694], [-64.70894349320169, 46.08944973518192], [-64.70889347391072, 46.08941863700755], [-64.70877866057126, 46.089347255581536], [-64.70881307475805, 46.089139822031726], [-64.70881327909781, 46.08913858794831], [-64.7087587807228, 46.0890163541878], [-64.70870358341672, 46.088892552659345]]]}}, {"type": "Feature", "properties": {"district_id": "Ward 4", "elect_comm": "Dieppe"}, "geometry": {"type": "Polygon", "coordinates": [[[-64.60463317855927, 46.158742342269534], [-64.60506750126413, 46.15370986647326], [-64.604072062532, 46.15366406403593], [-64.60307662559292, 46.15361825291647], [-64.60108575838937, 46.15352660465307], [-64.59797654627829, 46.1533865664711], [-64.59792482997044, 46.153384352582194], [-64.59686884227254, 46.15334872472916], [-64.59685720987494, 46.15334808053077], [-64.59185510759626, 46.15311145590459], [-64.58393001176593, 46.15274451330836], [-64.58397790503909, 46.15232905671838], [-64.58404130885886, 46.15177903062311], [-64.58415260178009, 46.1508135476869], [-64.58435597592661, 46.149062231200915], [-64.58467326951822, 46.14626898599135], [-64.58476549871988, 46.145478655239316], [-64.58480608152496, 46.14505640089594], [-64.58496883098283, 46.1437273362397], [-64.58511925959361, 46.14238006686264], [-64.58516365571649, 46.1418858331737], [-64.58517418399126, 46.141768631699556], [-64.58523505268883, 46.14109790527015], [-64.58528314889925, 46.140608286978264], [-64.58533124418544, 46.140118668631054], [-64.58552836343958, 46.13880547793904], [-64.58578921270772, 46.1365152037079], [-64.58579171384189, 46.13644325648429], [-64.58582821680807, 46.13613791545696], [-64.58603397677076, 46.1343146448459], [-64.5861648505112, 46.133156016443], [-64.58629353067042, 46.132060342458146], [-64.58639657429292, 46.13113340885734], [-64.58642533035227, 46.13087473223275], [-64.58655587408275, 46.129725096199785], [-64.58657287115349, 46.12960839906766], [-64.5868701177394, 46.12701277752163], [-64.5870115080495, 46.125904266704794], [-64.5874010699017, 46.12262404485404], [-64.58744003111565, 46.12230932896691], [-64.58744153763264, 46.12229717276298], [-64.58770859382894, 46.12019596849115], [-64.58781302942049, 46.11931225158173], [-64.58796514086808, 46.11800549825741], [-64.587965250115, 46.1180023505563], [-64.58807263102565, 46.11708943792322], [-64.58815947883114, 46.11635795370141], [-64.58818784044774, 46.116118615078], [-64.58825658852037, 46.11553575589901], [-64.58846755537583, 46.11374405998198], [-64.58855839649569, 46.112971698323015], [-64.58860671919527, 46.112567118863595], [-64.5886753798531, 46.1119865065873], [-64.58875063923469, 46.11134616376731], [-64.58877463640083, 46.111143717345556], [-64.58877464592324, 46.11114362931831], [-64.58882105765326, 46.11075208193137], [-64.58889257316697, 46.11014497305146], [-64.58892370970756, 46.10988138426754], [-64.58894352484795, 46.10970174316362], [-64.58901520064677, 46.10910858210236], [-64.58905079374017, 46.108729840854814], [-64.58909106478129, 46.10830132358356], [-64.58919586406248, 46.10746170518909], [-64.58935936245321, 46.105899127460496], [-64.58952825085599, 46.10455395879164], [-64.58967481250403, 46.10303158936801], [-64.58973265142251, 46.102501187185155], [-64.5897938475091, 46.10202325859013], [-64.58985504117636, 46.10154532990656], [-64.58997756408692, 46.10058542526113], [-64.59007456973666, 46.09976457215305], [-64.59008875816532, 46.09965984131056], [-64.59011086908397, 46.099496626776876], [-64.59016147584283, 46.099123073353034], [-64.58966063301938, 46.098808880520004], [-64.58903472677137, 46.09841622425186], [-64.58852748519352, 46.098122903876735], [-64.58852579539392, 46.09812190995752], [-64.58847868034586, 46.0980941888391], [-64.58841658217129, 46.098057151845694], [-64.58835449967567, 46.098019665146154], [-64.58830321864342, 46.09798775892835], [-64.58806838579709, 46.097840288817764], [-64.58805006188179, 46.09782783208009], [-64.58787255518581, 46.09790699305158], [-64.58770030523036, 46.097991586334956], [-64.5876262165195, 46.09793151520082], [-64.58748893995865, 46.0978202107729], [-64.58741994646662, 46.09785144749403], [-64.58735219885159, 46.09788405490008], [-64.58728569711067, 46.097918032993235], [-64.58721982606684, 46.09795247157502], [-64.58715584727686, 46.097988291703544], [-64.58709248357687, 46.0980250219967], [-64.58703038134945, 46.098062673312256], [-64.58697017137234, 46.098101706181765], [-64.58691059208833, 46.09814119954852], [-64.58685290502255, 46.09818207537324], [-64.58679647945898, 46.098223871329495], [-64.58674068461929, 46.098266126888454], [-64.58668742835377, 46.098309776669964], [-64.58663480281335, 46.09835388605776], [-64.58658408516497, 46.09839892644371], [-64.5865453146059, 46.09843516973071], [-64.58038469545552, 46.098142980772316], [-64.58032027822937, 46.098618375380454], [-64.57641470280767, 46.09841659505952], [-64.57567178697782, 46.098378197413496], [-64.5625391474252, 46.097698625194546], [-64.56151172589783, 46.09764539531044], [-64.55599211049486, 46.097359266390356], [-64.55522963599574, 46.0973197191616], [-64.55426296261065, 46.09726957394211], [-64.55452035042225, 46.095339384384054], [-64.55453551693132, 46.09522564288135], [-64.55461829817985, 46.09460481721207], [-64.5546054645866, 46.09459121956299], [-64.5545843970331, 46.094568895561], [-64.55453974828892, 46.09452158687183], [-64.55454811916574, 46.09450796178568], [-64.55454803202294, 46.09450310097534], [-64.55454772298606, 46.0944898675428], [-64.55456821027889, 46.0944627713371], [-64.55456947147906, 46.094449024802515], [-64.55457097303005, 46.09443213281315], [-64.55458409990202, 46.09441201988251], [-64.55458415471782, 46.09440680154731], [-64.5545843509035, 46.094390247209596], [-64.55459754527003, 46.09436455620913], [-64.55459920754949, 46.09436143504314], [-64.55459833151407, 46.094345942239336], [-64.55462486825107, 46.09430869078988], [-64.55463926929593, 46.09430011801007], [-64.5546527574353, 46.094278746019256], [-64.55465555645695, 46.0942743106555], [-64.55466196003094, 46.094264165067074], [-64.55466927334308, 46.09425257722106], [-64.55467255980264, 46.09424741408558], [-64.55467705640697, 46.09424461129393], [-64.55470840700187, 46.09419556370877], [-64.55471087025441, 46.0941917363229], [-64.55471638961144, 46.0941882104024], [-64.55472582322838, 46.0941821830979], [-64.5547379913982, 46.09414891560861], [-64.55477060343573, 46.09411176789491], [-64.5547811858827, 46.09410510959897], [-64.55478617668548, 46.09409196668848], [-64.5548246191483, 46.09405086910864], [-64.55482541300684, 46.09404794547746], [-64.55483116048067, 46.0940267742112], [-64.55483545500559, 46.09401136972046], [-64.55484609137268, 46.09400318255311], [-64.55487015754652, 46.093958959819304], [-64.55486942657159, 46.09394301955787], [-64.55489659254891, 46.093909918216234], [-64.55489959523223, 46.09389080217461], [-64.55490129406365, 46.093879312796716], [-64.55494126759679, 46.09384247073765], [-64.55494185530397, 46.09383681156617], [-64.55498124925002, 46.09378340190596], [-64.55498356098795, 46.09378020183883], [-64.55499079431509, 46.093776815861766], [-64.55501190372345, 46.09374307113275], [-64.55503406294356, 46.093723562344046], [-64.55503536994392, 46.0937158457451], [-64.55506150724663, 46.09367156835509], [-64.5550666041681, 46.09366274664212], [-64.55506502291675, 46.09365624054239], [-64.55508363026273, 46.09361642391268], [-64.55509048141896, 46.09360187296038], [-64.55509273602995, 46.093600291689455], [-64.55510478092619, 46.09356684208212], [-64.55513561592144, 46.09353605302809], [-64.55513518218085, 46.09353001646257], [-64.55515445878528, 46.09348589185351], [-64.55515713373214, 46.09347972839989], [-64.55517465432405, 46.0934633799192], [-64.55517360128097, 46.09344923390856], [-64.55517194163133, 46.093426618719654], [-64.5551896700693, 46.09339704563234], [-64.55520343081201, 46.09338828187429], [-64.55521441138815, 46.093348334985066], [-64.55521514971693, 46.093345737957314], [-64.55524292180485, 46.09332110570514], [-64.55524328276215, 46.093299874832965], [-64.55524367780305, 46.093281344165966], [-64.55526331973047, 46.093252523642164], [-64.55526441094808, 46.0932509225018], [-64.55526059339837, 46.09323447959915], [-64.55526419936176, 46.09322392265658], [-64.55528248752921, 46.09320047825911], [-64.5552926787749, 46.09319390322452], [-64.55530657594126, 46.09316660437117], [-64.55533075862465, 46.09314838990269], [-64.55533424724989, 46.093126492536804], [-64.55535565353973, 46.09310265143387], [-64.55535572414158, 46.09309698343065], [-64.55537785684412, 46.09306721555621], [-64.55537633111547, 46.093051801652024], [-64.55539406088299, 46.09302951753922], [-64.55539407120516, 46.09302555826809], [-64.55539407759733, 46.093010710449484], [-64.55540987076505, 46.09299199276475], [-64.55541067650306, 46.09298381766539], [-64.5554120825785, 46.09296962365809], [-64.55542541892669, 46.0929545535068], [-64.55542457042321, 46.09294194077722], [-64.55542277350828, 46.092912214239924], [-64.55543103923046, 46.09290155688088], [-64.55543057851516, 46.092888950772576], [-64.55542970547235, 46.09285870008534], [-64.55543678561315, 46.092848652394665], [-64.5554367158576, 46.0928359629743], [-64.55543655417539, 46.092796545713995], [-64.5554376453787, 46.09279494457186], [-64.55543935200858, 46.09277589637394], [-64.55544230688481, 46.09274346136021], [-64.55543677874695, 46.09273517811257], [-64.55543642986348, 46.09271573486788], [-64.55543631091963, 46.09271177338944], [-64.55545266310635, 46.09267353796896], [-64.55545307944412, 46.092672735190696], [-64.555451907366, 46.092669295655284], [-64.55545674566343, 46.092631133602865], [-64.55545799627599, 46.09262134632497], [-64.55547096139955, 46.092602130407876], [-64.55546810496638, 46.09258777363276], [-64.55545886478673, 46.09254172226626], [-64.55546828588643, 46.09252397562391], [-64.55546756106958, 46.092522523449055], [-64.55544529081848, 46.092475529701126], [-64.55544944072174, 46.09245688317004], [-64.55545486898023, 46.09243132943267], [-64.55545209032343, 46.092392767361844], [-64.55545018872256, 46.09236600862147], [-64.55546045752574, 46.09234989622788], [-64.55545500161328, 46.09232856603393], [-64.55544796444458, 46.092300729744245], [-64.5554590270656, 46.092273112511656], [-64.55546016901329, 46.09227007243653], [-64.55544591461378, 46.09224517248945], [-64.5554494800645, 46.09221742724658], [-64.55545275209427, 46.092190666855466], [-64.55543679668602, 46.09217365675838], [-64.55543677374375, 46.09214863985598], [-64.55543661436228, 46.09214215803831], [-64.55541682956225, 46.092105375301216], [-64.55541740370772, 46.09210376533054], [-64.55541411435246, 46.092079682516335], [-64.5554099249509, 46.0920481153754], [-64.5554120803835, 46.09203834354716], [-64.5553805360697, 46.09200127002238], [-64.55538287630505, 46.09198259259249], [-64.55538539655664, 46.09196247843713], [-64.55536773309905, 46.091942559565524], [-64.5553514359781, 46.09193157277954], [-64.55534685561295, 46.09191475690165], [-64.5553456232816, 46.09191302609741], [-64.55531962459777, 46.09187640719824], [-64.55532216943774, 46.09185926304966], [-64.55532304415415, 46.09185279888946], [-64.55531564153465, 46.09182432643655], [-64.55531367171272, 46.09182150318923], [-64.5553151285374, 46.09180587024876], [-64.5553182475823, 46.09177244817605], [-64.5553156481314, 46.09176547475442], [-64.55531626034511, 46.09176278558485], [-64.55530925416473, 46.09175240737892], [-64.55528357120399, 46.091714174087045], [-64.5552847663411, 46.09169862666553], [-64.55528581871681, 46.091687126241695], [-64.55525153956384, 46.09165792487303], [-64.55524971731296, 46.0916435857501], [-64.55524613862342, 46.09161670837697], [-64.5552291644116, 46.091602920398564], [-64.55522668635103, 46.09158884003849], [-64.55522151930222, 46.091559325904306], [-64.55520691539037, 46.091548008060336], [-64.55520378786636, 46.09153400659633], [-64.55519689685879, 46.09150203335961], [-64.55518076405946, 46.0914900594912], [-64.55517794818121, 46.09147822304726], [-64.55517006436283, 46.0914450630173], [-64.5551548237119, 46.091433464330066], [-64.55515198246066, 46.09142234735177], [-64.55513984273065, 46.09137417672141], [-64.5551432019417, 46.09136694510362], [-64.55512362853618, 46.091331515730104], [-64.5551176462937, 46.09131044648952], [-64.55512005392009, 46.091300858947605], [-64.5551238215851, 46.091285715409114], [-64.55510820202197, 46.0912628618114], [-64.55510696818412, 46.09125384199407], [-64.55510149206386, 46.09121109441725], [-64.5551078813349, 46.09120229477269], [-64.55510267313736, 46.09117394976524], [-64.5550951257137, 46.09113125680191], [-64.55510425561482, 46.091118094575776], [-64.55509863979137, 46.09109397201728], [-64.55508786173854, 46.09104753439481], [-64.55509115430861, 46.09104219137706], [-64.55508670499769, 46.09101799875174], [-64.55508157539366, 46.09099006632747], [-64.5550794987401, 46.09097876083232], [-64.55507813388036, 46.09097132885526], [-64.55507881824538, 46.09097026069325], [-64.55507490266642, 46.09094193775883], [-64.55507201316372, 46.09092119129465], [-64.55508547683179, 46.090898834373306], [-64.55508300283289, 46.09088097460422], [-64.55507989288634, 46.09085914452577], [-64.55509380059598, 46.09083886489855], [-64.55509097054954, 46.090820099174294], [-64.55508850024158, 46.09080294137045], [-64.55508764650476, 46.09079700561506], [-64.55510988712845, 46.090769141970775], [-64.55511457446406, 46.09076327024878], [-64.55511367682502, 46.09075938545807], [-64.55511208057754, 46.090752023319396], [-64.55510878264334, 46.09073680500978], [-64.55511531592153, 46.09072678129502], [-64.55513366863575, 46.09069862538101], [-64.55513585414747, 46.09069533316789], [-64.5551312485638, 46.09067923674662], [-64.55514953285552, 46.09064121433565], [-64.55515706162596, 46.09062577507559], [-64.55515638443025, 46.09062297389938], [-64.55517117075254, 46.09059245069608], [-64.55519717146008, 46.090573997345444], [-64.5552073449063, 46.090545915012406], [-64.55523856110244, 46.09052260140631], [-64.55524004955488, 46.09052073708729], [-64.55529227122138, 46.090499581917236], [-64.55530495753486, 46.09048459066869], [-64.5553454079713, 46.09047448290074], [-64.55535103028454, 46.09046908967032], [-64.55538865644642, 46.0904558164949], [-64.55539555826608, 46.09045338230124], [-64.55539658915178, 46.09045348989137], [-64.55543020080536, 46.09044659485547], [-64.5554389443132, 46.090440714990315], [-64.55547309756227, 46.090436798775855], [-64.55547892127687, 46.09043302875246], [-64.55551175657077, 46.0904298099227], [-64.55551902431485, 46.09042543464074], [-64.55555054482686, 46.09042282326322], [-64.55555859762568, 46.09041819142037], [-64.55559818838049, 46.090417787531344], [-64.5556051785709, 46.09041394742992], [-64.55564609361186, 46.0904126662598], [-64.5556516334239, 46.090409611280265], [-64.55569399883463, 46.09040754496804], [-64.55570019761592, 46.090404141286676], [-64.5557165442769, 46.0904027106042], [-64.55573866149193, 46.09039534927624], [-64.55574183660983, 46.09039333377116], [-64.55578547949453, 46.09038804968583], [-64.5558288075435, 46.09038069049754], [-64.55583382002699, 46.09038158595518], [-64.55589258116774, 46.090369360921954], [-64.55589404422314, 46.09036821606072], [-64.55595767981356, 46.09035346456915], [-64.55595845218456, 46.0903535677413], [-64.55599641481322, 46.09034431715068], [-64.5560048323752, 46.09034401090118], [-64.55603893630658, 46.0903341545039], [-64.55605631382362, 46.09033283135671], [-64.55608864302289, 46.090321954788884], [-64.55609846338159, 46.09032221240185], [-64.55613941865356, 46.090308783435404], [-64.55615781027208, 46.0902970390375], [-64.55621050102648, 46.09029190922462], [-64.55621459043213, 46.09028963934941], [-64.55625657579218, 46.09028000739593], [-64.5562733601624, 46.090280833791084], [-64.55629880062739, 46.09027091943908], [-64.55630424526896, 46.09027056242752], [-64.55633939023726, 46.090256854248366], [-64.55634352645588, 46.09025692484131], [-64.55638429920037, 46.09024133297361], [-64.55638830616113, 46.090241401358895], [-64.55641771940557, 46.09022885515896], [-64.55642509338246, 46.090228801030705], [-64.55645126568204, 46.09021646947363], [-64.55646175450082, 46.09021610855129], [-64.55648493802993, 46.09020417591747], [-64.5564982863457, 46.090203413854], [-64.55651860719256, 46.09019197228463], [-64.5565489642179, 46.09018934077681], [-64.55655597333538, 46.09018496101615], [-64.55659491591035, 46.0901772567374], [-64.55661041302005, 46.090166902672465], [-64.55663041364636, 46.090164544351346], [-64.55666697855298, 46.09014357131944], [-64.55668061706564, 46.09014191431223], [-64.55670827131979, 46.0901278982235], [-64.55673401310551, 46.09012410806366], [-64.55675696021406, 46.09011154142897], [-64.55678741228104, 46.09010621185639], [-64.55680920874114, 46.090093265627885], [-64.55684228642491, 46.090090500490035], [-64.55687845956109, 46.09007330017934], [-64.55691026615291, 46.09007357290722], [-64.55695256045692, 46.09006250617169], [-64.5569562962145, 46.09006292985969], [-64.55699511820694, 46.0900586429109], [-64.5570126452767, 46.090049403275195], [-64.5570622399068, 46.090044040272545], [-64.5570784712278, 46.09003486850785], [-64.55712416596332, 46.09003006885606], [-64.55714452396454, 46.09002123744623], [-64.55717736141024, 46.09002161767356], [-64.55720147734056, 46.0900125804005], [-64.5572417577726, 46.090014617369235], [-64.55726400388862, 46.090007257946965], [-64.5572971213489, 46.09001070248959], [-64.55732651774916, 46.09000229519254], [-64.5573330781303, 46.09000330697645], [-64.55736273486293, 46.0900021930936], [-64.55738884913978, 46.08999516959279], [-64.55740732578322, 46.089999354223266], [-64.55745240903792, 46.089993554147895], [-64.55745530654536, 46.089992073785055], [-64.55751320768061, 46.089989551896075], [-64.55751474291249, 46.08999002801936], [-64.55754305003686, 46.08999051084359], [-64.5575687644988, 46.08998015094717], [-64.55757148204876, 46.08998010731101], [-64.55760066358506, 46.08997412593972], [-64.5576220808884, 46.089964592613335], [-64.55763009794262, 46.08996463936306], [-64.557660077181, 46.089958041670016], [-64.5576761569433, 46.08994949714834], [-64.55770731783709, 46.08994606915673], [-64.55771862080128, 46.089940952670375], [-64.55773730972963, 46.0899391117096], [-64.55774708567397, 46.08994062824759], [-64.55776708934091, 46.0899381797924], [-64.55778828671123, 46.089942230786804], [-64.55780831255444, 46.08993915279051], [-64.55782948775108, 46.08994383331112], [-64.5578604819958, 46.089937792800136], [-64.55786947923826, 46.08993938603524], [-64.55789621752699, 46.08993300297262], [-64.5579061322351, 46.08993425190103], [-64.55793917935608, 46.08992500682953], [-64.55794445668228, 46.0899257267359], [-64.55798123954798, 46.089916905307646], [-64.55798278428574, 46.08991711162437], [-64.55802134187898, 46.08990931030876], [-64.55802306339048, 46.08990816982791], [-64.55806014847035, 46.08990178318844], [-64.55806463821109, 46.08989916012438], [-64.55809869970682, 46.08989416171329], [-64.5581197798091, 46.089883182745595], [-64.5581362048317, 46.08988319285271], [-64.55817382335987, 46.08987267585073], [-64.55818109715646, 46.08986812052961], [-64.5582122738127, 46.089864242732126], [-64.55823745206308, 46.08985441346808], [-64.55824965280661, 46.0898531816965], [-64.55828171962114, 46.089842390025716], [-64.55828716737645, 46.0898419429855], [-64.5583194451788, 46.08983250471289], [-64.55832524902726, 46.08983296361645], [-64.55836522456025, 46.089828965832616], [-64.55839438753078, 46.0898198343829], [-64.55840354886554, 46.089820440511765], [-64.55844133970217, 46.0898160455048], [-64.5584434014626, 46.08981626062983], [-64.55848338647687, 46.089811993004105], [-64.55849640015231, 46.08981338470064], [-64.55852476162988, 46.08980864893756], [-64.55854971376411, 46.08981258382623], [-64.5585850677237, 46.089807607304024], [-64.55860290445258, 46.08981160085655], [-64.55864536114845, 46.089806925372265], [-64.55865598171773, 46.089810165991466], [-64.55870862112481, 46.089806473952166], [-64.55871454530912, 46.08980351536514], [-64.55876093925687, 46.08980088667644], [-64.55876856909742, 46.089797237261536], [-64.55881326054521, 46.089795209443125], [-64.55882259287385, 46.08979095913224], [-64.55886544940083, 46.089789619915976], [-64.55887661663837, 46.08978468097723], [-64.55892087914225, 46.08978381564184], [-64.55893087357185, 46.089779126670244], [-64.5589789414838, 46.089776706399476], [-64.55898512732855, 46.089773662270794], [-64.55903713306668, 46.089769599330374], [-64.5590395071646, 46.08976828998179], [-64.55909364430919, 46.08976246359369], [-64.55909531197071, 46.08976285196522], [-64.55914092771819, 46.089756610362755], [-64.55916130113044, 46.08974732892157], [-64.55918232550306, 46.089748947047795], [-64.55923374878734, 46.08973938485935], [-64.55923825112306, 46.089736402014616], [-64.5592961208054, 46.08973108907636], [-64.55931352763167, 46.08972157707936], [-64.5593578971769, 46.08972134331055], [-64.55940803894379, 46.089700420792134], [-64.55941641840582, 46.08970119349123], [-64.55947738173198, 46.08968882417176], [-64.5594987706427, 46.089676410415215], [-64.55952924068316, 46.089674229979416], [-64.5595445218618, 46.08966999098557], [-64.55957537966401, 46.08966781714459], [-64.55957942773757, 46.08966671628212], [-64.55958977187436, 46.08966311306083], [-64.55962873847618, 46.08965837774527], [-64.55963748671087, 46.08965969663578], [-64.55968067494445, 46.089652603571295], [-64.5597189809638, 46.089637238456056], [-64.55973180411914, 46.089625668578776], [-64.55976283963801, 46.089614768936556], [-64.5597859942314, 46.08959995554885], [-64.55979685219944, 46.089596451050426], [-64.55982799579952, 46.089578804176504], [-64.55984956980579, 46.089572152702395], [-64.55986922446625, 46.08956123911792], [-64.55989818767173, 46.08955777308975], [-64.55991779434814, 46.08955189797426], [-64.5599422287685, 46.089537466307696], [-64.55994356562766, 46.08953622925808], [-64.5599639388251, 46.08952694767142], [-64.55996602589832, 46.08952644330095], [-64.56003297410264, 46.08950202734119], [-64.56008138106363, 46.08946055784994], [-64.5600837836037, 46.08945843907779], [-64.5600854675726, 46.089454688291994], [-64.56009994877454, 46.08944377652957], [-64.56011454777011, 46.08940011135682], [-64.56012450428393, 46.089370765087246], [-64.56012177507675, 46.0893637895679], [-64.56012953473082, 46.08933071639308], [-64.56013303604091, 46.08931574813737], [-64.5601287513848, 46.08929416816324], [-64.56014011701572, 46.08926520584464], [-64.5601399977373, 46.089261244367016], [-64.560138694685, 46.089221087788275], [-64.56012736748332, 46.089197498116505], [-64.56012374883967, 46.08919374699303], [-64.56009912230213, 46.08913645546161], [-64.56009824283635, 46.089135720581375], [-64.56007425166605, 46.0890897782801], [-64.56007595388282, 46.08906713044959], [-64.5600779747305, 46.08904277828594], [-64.56006220427093, 46.089005794781855], [-64.56006529031092, 46.088984250372974], [-64.5600671867711, 46.0889707845669], [-64.56005855232065, 46.08894418118465], [-64.56006288173057, 46.08891302930322], [-64.56006613815593, 46.08889031796028], [-64.56005536506264, 46.08887303683724], [-64.56005155148304, 46.08884174624291], [-64.56004454163462, 46.08878367493966], [-64.56004712719549, 46.08878002950015], [-64.5600417370395, 46.08872738503196], [-64.56003786749503, 46.088690334288785], [-64.56002438061905, 46.088669317449316], [-64.56003928690049, 46.088613239255565], [-64.56004734564621, 46.08858269082673], [-64.56003728735888, 46.08856016661248], [-64.56003511749304, 46.08855530632377], [-64.56005764965369, 46.088499358032934], [-64.56006147490972, 46.08848988452899], [-64.56006264403679, 46.08844563063702], [-64.56005952809853, 46.08843126955925], [-64.5600768508892, 46.088409427742015], [-64.56008847072687, 46.0883879387129], [-64.56008927325023, 46.08835042763163], [-64.56008983431076, 46.088327130448576], [-64.56007564768613, 46.088281895079184], [-64.5600979874054, 46.08824979016711], [-64.56011884080749, 46.0882047917322], [-64.56011947489503, 46.08820147299895], [-64.56012641188164, 46.088166046135456], [-64.56013346159412, 46.08816049701374], [-64.56015559555519, 46.0881342377678], [-64.5601700213569, 46.088110186891925], [-64.56017580548287, 46.08806709145756], [-64.56017631980588, 46.08806350072178], [-64.56016877957211, 46.08803520622215], [-64.56016461014767, 46.0880250566104], [-64.56021003406718, 46.08795438033529], [-64.56021841297185, 46.087933106051295], [-64.56025512691278, 46.08790781503103], [-64.56029668337578, 46.087855160318476], [-64.56029983603356, 46.08785377421797], [-64.5603422781884, 46.08780167449941], [-64.56035511893664, 46.08777120749717], [-64.56035596721294, 46.08776915223459], [-64.56037488042102, 46.08775723607748], [-64.5604073619135, 46.08771990459591], [-64.56041486851164, 46.087690336598776], [-64.56041652755516, 46.08768361579888], [-64.56044873597533, 46.087661397540856], [-64.56046885626957, 46.087626195186196], [-64.56052608643193, 46.08759855387243], [-64.56054788916867, 46.08757066913806], [-64.56058662508468, 46.08755774072466], [-64.56062994483942, 46.08751744419885], [-64.56064388537834, 46.087514532043215], [-64.5606989090316, 46.087483433546225], [-64.5607147873681, 46.08746219694877], [-64.56077642941665, 46.08744515916896], [-64.56081471679518, 46.08741188588595], [-64.5608491990594, 46.08740590397064], [-64.5609050928792, 46.08737212057048], [-64.56091276738142, 46.0873598329844], [-64.56095674624827, 46.087341234526036], [-64.56099936554408, 46.08730245572214], [-64.56100078455682, 46.08729888038663], [-64.56106346917834, 46.0872595433274], [-64.56107093256912, 46.08724590232538], [-64.56112750355156, 46.08721491995731], [-64.56114171088345, 46.08719338489004], [-64.56119196352014, 46.08716922394877], [-64.56121869264513, 46.08714466250741], [-64.56123857579618, 46.08713825195468], [-64.56127255195331, 46.087117233399546], [-64.56128921851388, 46.08709196070971], [-64.56133048003713, 46.08706971635297], [-64.56133871291615, 46.087058905039406], [-64.56136329210234, 46.08702663103918], [-64.56140162072624, 46.08701423534396], [-64.56140746192864, 46.08700840100963], [-64.56141565276329, 46.08700021930686], [-64.56141997401254, 46.08699590328163], [-64.56142347897763, 46.08699240304465], [-64.56145804897439, 46.086957873936264], [-64.56147226363792, 46.086954516409996], [-64.56154496451208, 46.086898791909526], [-64.5615498961143, 46.086887267479064], [-64.56161587989939, 46.08685338552407], [-64.56164613888791, 46.086812318285865], [-64.56164711277597, 46.08681099225033], [-64.56165023981816, 46.08680672698002], [-64.56166414256377, 46.08680120442334], [-64.56172158572083, 46.08674171060365], [-64.56172307460055, 46.08673246724217], [-64.56172356035519, 46.08672968590031], [-64.56177532126699, 46.08668467330004], [-64.56178261906888, 46.08665366186537], [-64.56178811612546, 46.086629728787045], [-64.56181713921448, 46.08660979560907], [-64.56183987945617, 46.08655888981418], [-64.56184957212686, 46.08653700786236], [-64.561863689388, 46.08652905927292], [-64.5618719497348, 46.08651849135538], [-64.56188225105564, 46.08649401012476], [-64.56188861242012, 46.08646388262035], [-64.56189386039787, 46.086439675335725], [-64.56193456382064, 46.08641121213606], [-64.56196099444537, 46.08636936786311], [-64.5619722250077, 46.08635156150671], [-64.56199605512508, 46.08633954878836], [-64.56201838663331, 46.08627450798047], [-64.56202385122927, 46.08625885317995], [-64.56209252639444, 46.08622195718562], [-64.5621059607388, 46.086167203495165], [-64.56211048930537, 46.08614874315255], [-64.56214150412356, 46.08613100348533], [-64.56217840349404, 46.08608933730712], [-64.56219050918519, 46.08608342415879], [-64.56223494309718, 46.08603711684036], [-64.5622653835951, 46.08602467662437], [-64.56229132389336, 46.085996771981385], [-64.56233385420667, 46.08597886825419], [-64.56235399380027, 46.085954104444085], [-64.5624050894586, 46.08593166708417], [-64.56242210462565, 46.08591116949715], [-64.56246973834388, 46.08589524228642], [-64.56249935427464, 46.08586578036081], [-64.5625393870097, 46.085856382868286], [-64.56256269063942, 46.085840941555276], [-64.5626026032645, 46.08583496151857], [-64.56263799033194, 46.08581423653095], [-64.56268062628236, 46.08581172231874], [-64.56271621492202, 46.08579262050954], [-64.56275258697319, 46.08579170947092], [-64.5627902214043, 46.08577327235256], [-64.56282552471191, 46.08577333297162], [-64.56286604044818, 46.08575386499302], [-64.56290337377587, 46.08575503996839], [-64.56294522874637, 46.08574162389807], [-64.56296262017217, 46.085743539493976], [-64.56301106956906, 46.08573383506395], [-64.563022481757, 46.08572557036027], [-64.56308152934764, 46.085716046165665], [-64.56309770812967, 46.08570462298125], [-64.5631540696626, 46.085697932660224], [-64.56317915750907, 46.08567955198485], [-64.56322341722225, 46.08567130599388], [-64.56324137409439, 46.0856571234208], [-64.5632926449456, 46.085644407285606], [-64.56330383964568, 46.08563496901942], [-64.56336122952887, 46.08561740761112], [-64.5633666770924, 46.08561327084557], [-64.56342116034067, 46.08559745972473], [-64.56342964057771, 46.085591664768245], [-64.5634899777723, 46.08557487331547], [-64.56349422736142, 46.085571706033676], [-64.5635569417331, 46.085549825688396], [-64.56356732249058, 46.08554883237069], [-64.56361915802088, 46.08552739691529], [-64.5636270925709, 46.085526092034975], [-64.56367789117216, 46.085501039425935], [-64.56372466950963, 46.085491036319304], [-64.56377249561187, 46.085462243644486], [-64.56378202262736, 46.08545241702773], [-64.56383191567299, 46.085438417402855], [-64.56386682586748, 46.08542020357806], [-64.56390076298146, 46.08538550550747], [-64.56392780423745, 46.0853777763923], [-64.56398132348748, 46.085345210964], [-64.56400300945964, 46.08532794211198], [-64.56401201443197, 46.08529614967961], [-64.56401880489447, 46.085290595915225], [-64.56405256739366, 46.085220349815124], [-64.56405326730064, 46.0852188319281], [-64.56405459470616, 46.085214175150135], [-64.56408371074403, 46.085195232847255], [-64.56411973193245, 46.08514905175685], [-64.5641260937946, 46.0851409710535], [-64.564127409198, 46.08512560557198], [-64.5641845854629, 46.085080953921064], [-64.56419479707502, 46.08505899061127], [-64.56420291213482, 46.085041491030815], [-64.56424384636296, 46.08501744032721], [-64.56426149161054, 46.08498633467135], [-64.56426198118909, 46.084968705466146], [-64.56426223081546, 46.08495791122331], [-64.56431286070925, 46.08488975151243], [-64.56431543948845, 46.084886285838245], [-64.56431523171287, 46.08488115302564], [-64.56434737555531, 46.08482752699314], [-64.56435210807408, 46.084810599818994], [-64.56435905708103, 46.08478579142955], [-64.56436230554552, 46.08475588084636], [-64.56436402992189, 46.08475465033303], [-64.56441168114574, 46.08467555147622], [-64.56441136956589, 46.08466600751749], [-64.5644095535649, 46.0846109043713], [-64.56441435472965, 46.08460675656995], [-64.56444640120733, 46.084541160533206], [-64.56445297743082, 46.0845306537962], [-64.56445281163093, 46.0845059044472], [-64.56445245976283, 46.08448277170849], [-64.5644658207339, 46.084452133127364], [-64.5644648657065, 46.084449867210466], [-64.56445469763034, 46.08442638765397], [-64.56445559456846, 46.08439346751558], [-64.56445680125891, 46.08434435491228], [-64.56444697301228, 46.08433329939], [-64.56444305580978, 46.084312265748764], [-64.56443468884613, 46.0842669498678], [-64.56442123568436, 46.08425232322242], [-64.56441720503848, 46.08423083771479], [-64.56441602329159, 46.084223978587026], [-64.56437424929148, 46.08416513668873], [-64.56436689841915, 46.08416087232231], [-64.56432186503287, 46.0841027848884], [-64.56432089442967, 46.084097279159245], [-64.56428669738784, 46.08406205272832], [-64.56426666086115, 46.08401761831796], [-64.5642313360604, 46.083970314388374], [-64.56422338321366, 46.083964779955885], [-64.56420012648776, 46.0839531361919], [-64.56419721094697, 46.08394777737414], [-64.56417087975075, 46.08389846660964], [-64.56413714264329, 46.08387224668922], [-64.56413614680325, 46.08386746042832], [-64.56413216975945, 46.08384813551721], [-64.56409329270694, 46.0837988814194], [-64.56407821600767, 46.083789986324184], [-64.56407689538314, 46.08378708427663], [-64.56405733188558, 46.08374391769086], [-64.56402783149268, 46.083718579648306], [-64.56402531089083, 46.08369828963172], [-64.56402339523456, 46.08368286921897], [-64.56398438621449, 46.0836300133416], [-64.56397721608859, 46.083609554289495], [-64.56395944676733, 46.08355948915774], [-64.56394158728155, 46.08354145800495], [-64.5639414025383, 46.08352093773633], [-64.56394117968043, 46.08350518615202], [-64.56391606238988, 46.08345814564543], [-64.56390648634978, 46.083450963819324], [-64.5639014502223, 46.083432340791234], [-64.5638911510723, 46.08339419100258], [-64.56387442956992, 46.08337689908533], [-64.56386823253776, 46.08337292426482], [-64.56383304427129, 46.08332175306437], [-64.56382282229089, 46.08331087076467], [-64.56381891417475, 46.08330063574004], [-64.5638221461206, 46.08328593275651], [-64.56383014757651, 46.083267981332135], [-64.56383361951143, 46.083246443385754], [-64.56383741308122, 46.083223111159704], [-64.56383690582086, 46.0832191430892], [-64.56380311313744, 46.08318347343992], [-64.56379517354205, 46.083170200283774], [-64.56375315372973, 46.0831331309112], [-64.56374223799195, 46.08312727610243], [-64.56369440731027, 46.083112064831816], [-64.56366750510094, 46.08308272143464], [-64.56366154569562, 46.083060933135506], [-64.56361378045385, 46.08301071783967], [-64.56360065166062, 46.08296109150271], [-64.56358064010898, 46.08293438490287], [-64.56357529635739, 46.082898749005686], [-64.56355955099619, 46.08285366752695], [-64.56356022586723, 46.08284917963231], [-64.56353817013907, 46.082799671447134], [-64.56351828134811, 46.0827768363815], [-64.56351631507863, 46.08276654437924], [-64.56351126069347, 46.082741081976664], [-64.56349484586332, 46.082715066435206], [-64.56349215620732, 46.08268118542756], [-64.56349118937193, 46.082668210797976], [-64.56349490332987, 46.08265819536489], [-64.56349823814729, 46.08261478815228], [-64.56349927306717, 46.08260004781502], [-64.56350078313206, 46.082597553846675], [-64.56351221313646, 46.08254825513825], [-64.5635221847518, 46.08252943736317], [-64.56352231158168, 46.082518461054924], [-64.56354412804286, 46.08246798915583], [-64.56358037668826, 46.08244106941046], [-64.5636045188755, 46.08239801601679], [-64.56365368840571, 46.08236771646496], [-64.56367707162778, 46.08236100506755], [-64.56371786607036, 46.08232615369552], [-64.56377416839545, 46.08230263444405], [-64.56379616899974, 46.082276372244436], [-64.56389678786991, 46.08224658741492], [-64.56392663449193, 46.08221415946938], [-64.56401567159676, 46.08219380627876], [-64.56403509000357, 46.08217478911478], [-64.56409738415026, 46.08215371124411], [-64.56412767115691, 46.08213451888343], [-64.56414429574096, 46.08213246182719], [-64.56422547160919, 46.082103965954616], [-64.56422627545206, 46.08210316973252], [-64.56430832413632, 46.08207927799665], [-64.56431514534502, 46.08208020383281], [-64.56441344638854, 46.08205748815805], [-64.56441421550356, 46.08205768120586], [-64.56445990896728, 46.082060077643916], [-64.56451409481933, 46.08205262980347], [-64.56452238202192, 46.08204863123674], [-64.56458963948226, 46.08204824457467], [-64.56459695888283, 46.082046029302], [-64.56466777801944, 46.082051012384525], [-64.56469159587454, 46.082046647840116], [-64.56472277032069, 46.08205374672758], [-64.56474161067695, 46.08205487680024], [-64.5647875589812, 46.08206843587565], [-64.56479502937985, 46.082072972211634], [-64.56481173881146, 46.08207586580741], [-64.56484657582267, 46.082089146045526], [-64.56485983653991, 46.082098190158554], [-64.56488553900584, 46.08210276635256], [-64.56491830192805, 46.082116191297516], [-64.56495183714021, 46.08212971934359], [-64.56497420467983, 46.08213351894853], [-64.56499254674917, 46.08214147955459], [-64.5649948981348, 46.08214448909439], [-64.5650164457738, 46.08215691354923], [-64.56503571417193, 46.08217532842676], [-64.56504210982108, 46.08217732683682], [-64.56506431314287, 46.0821894924615], [-64.56506693563423, 46.08219214665672], [-64.56510447101081, 46.08220592260138], [-64.56512287336461, 46.082204795483186], [-64.56514652702063, 46.082208796881346], [-64.56514821974326, 46.08220846569284], [-64.56517250711197, 46.08220914831936], [-64.56518688701904, 46.08221578174962], [-64.56521886559261, 46.08221839479256], [-64.5652272470279, 46.08222276660364], [-64.56525723338765, 46.0822268755731], [-64.56526483939606, 46.08223123420684], [-64.56529084447993, 46.08223824510953], [-64.56529742933597, 46.08223853695918], [-64.56533883236705, 46.08225633798121], [-64.56534006480283, 46.08225806867991], [-64.56535690002372, 46.082272122768686], [-64.56538305305892, 46.08228597520538], [-64.56539010729907, 46.082295003801015], [-64.56541252505085, 46.082308432822856], [-64.56542267762902, 46.082324983006465], [-64.56544381551238, 46.08234171981228], [-64.56546682924797, 46.08234921978008], [-64.5654722762094, 46.08234877238962], [-64.56549741152634, 46.0823510891243], [-64.56552164859924, 46.082349521136514], [-64.56553501687408, 46.08235181794194], [-64.5655663399982, 46.08235100023113], [-64.565576108517, 46.08235269595716], [-64.56559702323706, 46.08234999166709], [-64.56561864702748, 46.082352878636144], [-64.56565475230926, 46.082341073685974], [-64.56566510403431, 46.082340889575875], [-64.56569946620388, 46.082327165267245], [-64.56570229999332, 46.082327483364544], [-64.5657146439271, 46.08232580330429], [-64.5657684101229, 46.08233769502599], [-64.56577362068533, 46.08233661369407], [-64.5658218298254, 46.08234103203526], [-64.56583470945145, 46.08234620010205], [-64.5658807563347, 46.082345902348315], [-64.56590086063599, 46.08235524254746], [-64.56595477839436, 46.08235912787753], [-64.56595933014378, 46.08235839529745], [-64.56600566365293, 46.082368360922736], [-64.56601407995298, 46.08236805392334], [-64.56602371933238, 46.08236605793493], [-64.56605547772809, 46.08235282922317], [-64.56605787026426, 46.08235098012064], [-64.56610122859858, 46.08233884827115], [-64.5661286776981, 46.08233787462721], [-64.56614360647289, 46.08233254893465], [-64.5661826839812, 46.082328173258404], [-64.56620092866261, 46.08233154265722], [-64.56623880523844, 46.082324536933776], [-64.56627609211755, 46.08233065934144], [-64.5663090544547, 46.082323660132985], [-64.56634199452566, 46.082328358896035], [-64.5663440339642, 46.08232920341312], [-64.56638846053141, 46.08233454714522], [-64.56639444961121, 46.082337078499336], [-64.5664212650701, 46.08233942355856], [-64.56644483058469, 46.08234594283548], [-64.56644716319151, 46.0823458024674], [-64.56649535978457, 46.08235058025929], [-64.56650124175613, 46.082348790395145], [-64.56652724400045, 46.08234851198786], [-64.56655260310998, 46.08235551163236], [-64.56655531712713, 46.08235555771266], [-64.56656924974897, 46.08235282468515], [-64.56658409961013, 46.08235343676204], [-64.56660050038215, 46.08235038568642], [-64.56662462706548, 46.082351965147986], [-64.56664368832938, 46.08234311005677], [-64.56667988786882, 46.08233967520949], [-64.56668095015773, 46.08233888335816], [-64.56673359151026, 46.08232384930083], [-64.56674150352508, 46.082315794772526], [-64.56676696685696, 46.08230137914415], [-64.56677504596954, 46.08228855811961], [-64.56679613107947, 46.082255170809034], [-64.56679713352051, 46.082248708736245], [-64.56681472267914, 46.08223757894135], [-64.56682167955346, 46.08223094799071], [-64.56684672673398, 46.08221733516662], [-64.56685032021909, 46.08221442658659], [-64.56686210615385, 46.082213906765716], [-64.56690489048161, 46.08220707412317], [-64.56694742266752, 46.08219267824542], [-64.56695391612155, 46.08219188859921], [-64.56697303715887, 46.082185014190486], [-64.5669804321288, 46.08218432983341], [-64.56701267246999, 46.08217209889952], [-64.56703138368113, 46.08217322640026], [-64.56705420219224, 46.082164165056426], [-64.56706558148448, 46.08216417823629], [-64.56707702381398, 46.08216608221973], [-64.56710453587151, 46.082159620180704], [-64.56712276165023, 46.08215983955316], [-64.56713285802157, 46.08215587150624], [-64.56715364966121, 46.08215298486773], [-64.56717372576625, 46.082144686838504], [-64.56718049029756, 46.08214354183104], [-64.56719899662058, 46.08213575707743], [-64.56720824505048, 46.082133844341264], [-64.56722825494705, 46.08212005594941], [-64.56725227437583, 46.08211362458277], [-64.56726264181381, 46.08210561169378], [-64.56726957970659, 46.08210320980036], [-64.56729352031203, 46.082087958325495], [-64.56729581507793, 46.082085207664356], [-64.56733411372038, 46.082066150435644], [-64.56733668271985, 46.08206295449109], [-64.56734482786979, 46.08205562377742], [-64.5673535466918, 46.08203930406279], [-64.56735839468213, 46.08203011764255], [-64.56735859636285, 46.08200222498215], [-64.56736494793498, 46.0819981033723], [-64.56737222622804, 46.081989678096384], [-64.5673734145779, 46.081985288883565], [-64.56737563683222, 46.08198091721765], [-64.56737923969402, 46.081962980890374], [-64.56737905682837, 46.08194606016212], [-64.56737894646601, 46.08193076043697], [-64.56737634907255, 46.08192000785881], [-64.56738450357643, 46.08188289148303], [-64.56737910703336, 46.08185238416605], [-64.56738278872947, 46.0818506469025], [-64.56740876861916, 46.08183255041812], [-64.56744991659305, 46.08181705101583], [-64.56747127857392, 46.081801575768495], [-64.56751530444042, 46.08179251428554], [-64.56755823010184, 46.081766876440206], [-64.56758533845728, 46.08176454685504], [-64.56765694216257, 46.08173606609397], [-64.56767005190706, 46.08173835826245], [-64.56776048652911, 46.081726034751725], [-64.56777632279692, 46.08172063425877], [-64.56778248830922, 46.08171443975969], [-64.56788010651184, 46.08169638886652], [-64.56788780719013, 46.081698049309466], [-64.56792687781726, 46.08169385289768], [-64.56796991369043, 46.08167982513861], [-64.56799747596955, 46.081682992386185], [-64.5680377443741, 46.08167782639708], [-64.56804340246268, 46.081678732276686], [-64.56809839126363, 46.08167048647428], [-64.56810855375718, 46.08167200869276], [-64.5681266406326, 46.08166880602987], [-64.56816283661682, 46.081672839606036], [-64.56818110634997, 46.08167179973322], [-64.56818838781619, 46.081674352917695], [-64.56821747260013, 46.08167835582644], [-64.568237318654, 46.081691380712854], [-64.56825246785806, 46.08169451729761], [-64.56826350050446, 46.08170442308723], [-64.56828665620733, 46.08171156494341], [-64.56829024972421, 46.081716035282426], [-64.56829320650529, 46.08172022485795], [-64.56831322908556, 46.08173190291503], [-64.56831412429726, 46.08173218806283], [-64.56832145767358, 46.08173695130872], [-64.5683255036477, 46.08173958008154], [-64.56833868280303, 46.08174358310995], [-64.56834598956266, 46.081749106295845], [-64.56836680641693, 46.0817565684109], [-64.56838934739301, 46.08175911046335], [-64.56839123555311, 46.08176058228908], [-64.56841492092629, 46.08177106263536], [-64.56844372202137, 46.081772091090976], [-64.56845997462729, 46.081780645604915], [-64.568499893403, 46.08178546211769], [-64.56852006699724, 46.08178175486224], [-64.56854851512472, 46.08178547692493], [-64.56857461789947, 46.0817823201625], [-64.56858439901423, 46.08178365589489], [-64.56861816460822, 46.0817795492423], [-64.5686301016302, 46.081774712409185], [-64.56867119911443, 46.08177171995401], [-64.56868704160782, 46.08176613946602], [-64.56869219841788, 46.08176289739351], [-64.5687260679322, 46.081755822889114], [-64.56874817356443, 46.0817449493724], [-64.56875650776466, 46.081743290968674], [-64.56878212484793, 46.08173184708604], [-64.56878472534764, 46.08173144125159], [-64.56879644179675, 46.08172684632592], [-64.5688051793213, 46.081723419308325], [-64.56883403698548, 46.08171913937136], [-64.56887422638759, 46.08170884246845], [-64.56887900806662, 46.081705234076566], [-64.5689273142179, 46.081695794699975], [-64.56893361851118, 46.081696711493464], [-64.56898281986052, 46.08168755723612], [-64.56899968033457, 46.081678754423066], [-64.56901034709027, 46.08167695557994], [-64.56906708741415, 46.08164084293557], [-64.5690727010609, 46.0816319393899], [-64.56908762559809, 46.08160825582548], [-64.56909886257246, 46.081597557896124], [-64.56911009639337, 46.081586949899574], [-64.56913540635249, 46.081539955730435], [-64.56916233150832, 46.0815317734877], [-64.5692399933126, 46.08152598128357], [-64.56924248345537, 46.08152503364359], [-64.56937345376375, 46.081514655962195], [-64.56939272912824, 46.08151813231205], [-64.56949761853775, 46.08150290293443], [-64.56955344926904, 46.081511228375994], [-64.56960281123176, 46.0815048661832], [-64.56966997723296, 46.08151815305107], [-64.56973346066374, 46.0815110403188], [-64.56979010812847, 46.08152558861425], [-64.5698210587669, 46.08152431348728], [-64.56989051298726, 46.08153133989647], [-64.5699105634571, 46.081527450334725], [-64.56996154325381, 46.081537673076696], [-64.57001599636503, 46.081541025638245], [-64.57004068363115, 46.08153766457627], [-64.57004759319389, 46.081539761401494], [-64.57008636492665, 46.08155148694262], [-64.57016623039104, 46.08155293044057], [-64.57017536197591, 46.08155065553563], [-64.5702406364238, 46.08155518123826], [-64.5702702752063, 46.08154335524068], [-64.57036934309521, 46.081539274825076], [-64.57040922870738, 46.081515474137596], [-64.5704475108017, 46.08150793397104], [-64.57049067134055, 46.08148292892513], [-64.57052766103071, 46.08147536683318], [-64.57056103140599, 46.081456674964556], [-64.57060084337833, 46.081416495270645], [-64.57060126255544, 46.08141560249963], [-64.57060801726378, 46.08141103760524], [-64.57064647633115, 46.081361476291825], [-64.57075018239945, 46.081335697200174], [-64.5707809162232, 46.081329305060606], [-64.57086220695724, 46.081312398608745], [-64.57091035847803, 46.08130233216494], [-64.57117875303129, 46.08124622084665], [-64.57162295646117, 46.08115340813098], [-64.57205607901768, 46.081063105709895], [-64.58976671534688, 46.07736750288092], [-64.59072576852103, 46.07721036236461], [-64.59087958226253, 46.07715486272615], [-64.59101056004452, 46.07710760260801], [-64.59186329664182, 46.07692122411783], [-64.59186388057921, 46.07692303274404], [-64.59245065200946, 46.07673475829146], [-64.59295580254775, 46.076572668849344], [-64.59341605928812, 46.076515979613276], [-64.59397830912022, 46.07644672475755], [-64.5940038488392, 46.07644357887109], [-64.59407696582986, 46.07643457208834], [-64.59411996802321, 46.07642494333546], [-64.59450240806586, 46.07634080512247], [-64.59496443002574, 46.076239157391015], [-64.59641750812723, 46.075919455912185], [-64.59664137143082, 46.075870200252524], [-64.59702784283971, 46.07578516534509], [-64.59739529874815, 46.07570431346017], [-64.60077754060286, 46.07496004199612], [-64.60522067957864, 46.07398213370312], [-64.61265573168743, 46.07234525588045], [-64.61279585057115, 46.072314401972115], [-64.61431367581035, 46.071980167282035], [-64.61471772426833, 46.072495557532335], [-64.61587312620327, 46.07404370657342], [-64.61561178911936, 46.075262602083505], [-64.61481454762968, 46.07609036961515], [-64.61410878435117, 46.0774548058911], [-64.61319123883322, 46.07858637444214], [-64.61360427996433, 46.07935773026], [-64.61435978572042, 46.0797524986455], [-64.61641460199517, 46.080703920759376], [-64.61767741309193, 46.08233027558426], [-64.61839648889335, 46.08379473105423], [-64.61790510994057, 46.08531563346233], [-64.61765680288215, 46.08615249185419], [-64.61870536179354, 46.08762238982251], [-64.61909508626617, 46.08908139805399], [-64.61850689741964, 46.090218447961995], [-64.61705317503187, 46.09095893318139], [-64.61495355561203, 46.09130645540984], [-64.61307878113313, 46.09150476215543], [-64.61174524307711, 46.09194136654951], [-64.61315983576178, 46.092347067563736], [-64.6141325458483, 46.092821885351256], [-64.61579294012427, 46.09246711189582], [-64.61711341273876, 46.09241249987323], [-64.61896734796895, 46.092825390934706], [-64.62125539720452, 46.093398315024615], [-64.62310159314961, 46.09404036339616], [-64.62603570994872, 46.095006090689886], [-64.62877361499224, 46.095280459858024], [-64.63028788341182, 46.095993387731745], [-64.63266530911575, 46.09717915425878], [-64.6366903547401, 46.098391836810535], [-64.63875141263706, 46.09919004467345], [-64.6420499704943, 46.100042115067936], [-64.6434049121853, 46.09942287421078], [-64.64607836355005, 46.09820095353639], [-64.64730662366225, 46.097609122923444], [-64.64858650546971, 46.0969732873696], [-64.64883162173446, 46.096855897559266], [-64.65114813482445, 46.09574643597118], [-64.65451420370576, 46.09412108144723], [-64.65560790170382, 46.09359293101384], [-64.65794435131146, 46.092352189293045], [-64.6619516316595, 46.090223929080864], [-64.66302696411648, 46.08964559227277], [-64.66629627284223, 46.08791614959664], [-64.66862145433134, 46.08668091568689], [-64.66981014074275, 46.0860493950924], [-64.6700105005989, 46.08595110096457], [-64.67121896595684, 46.085311693211246], [-64.68170527611649, 46.0801824954641], [-64.68299637568431, 46.07957885292912], [-64.68452001728818, 46.078830997685365], [-64.68504213779794, 46.07854706054818], [-64.68528475674712, 46.07845562247797], [-64.68562651980686, 46.07828786301581], [-64.68577568568335, 46.07819007654476], [-64.6847861475686, 46.077331006979726], [-64.68478586222992, 46.077330758569985], [-64.68478363592916, 46.07732882528273], [-64.6846483300172, 46.07721135614719], [-64.68464963797382, 46.077210823586434], [-64.68509274982925, 46.07712182164762], [-64.68514740461296, 46.07711084340825], [-64.68569353206571, 46.07700114646842], [-64.68581314534929, 46.07689392293238], [-64.68594149602418, 46.07695110554234], [-64.68598697672357, 46.07694200993071], [-64.68604286737977, 46.076930831386974], [-64.68661245310636, 46.07681691538014], [-64.686866938675, 46.07676565171758], [-64.68686708445033, 46.0767656225437], [-64.68716864779897, 46.076704875526886], [-64.68735763107514, 46.076666805501155], [-64.68760884061294, 46.076616548073986], [-64.68776987544487, 46.07658433153388], [-64.68810342166869, 46.07651760038217], [-64.6883435535646, 46.076469679279555], [-64.68881774125785, 46.07637924154485], [-64.6888179273293, 46.07637920581058], [-64.6889271165163, 46.076358381257144], [-64.68906625561414, 46.07633199126834], [-64.68975005721518, 46.07620229371995], [-64.69057299333927, 46.0760462001994], [-64.69082279868312, 46.07599887754118], [-64.69175493212433, 46.075822165162265], [-64.69191114324359, 46.07579254957472], [-64.69191441932357, 46.07579192850101], [-64.69284400364425, 46.07561568870283], [-64.6930265691926, 46.075580953026964], [-64.69324343624464, 46.075539690248206], [-64.69382175172025, 46.07543008374887], [-64.69416804777754, 46.07536433085076], [-64.69422484553174, 46.07527854665279], [-64.69429961704228, 46.075339348713854], [-64.69456530528329, 46.07528889979681], [-64.69497843337913, 46.0752104092696], [-64.69509633341531, 46.07518793340274], [-64.69567644338254, 46.075076598465664], [-64.69584600053543, 46.07504408088413], [-64.69598348357255, 46.07501771384754], [-64.69629837925152, 46.074957322299035], [-64.6964731601443, 46.07492477585078], [-64.69648415255818, 46.07492272910901], [-64.69648765712643, 46.07492207642904], [-64.69664963500071, 46.07489134710883], [-64.69684999977815, 46.07485312672692], [-64.69687471493397, 46.07484856888596], [-64.6969572002463, 46.07475882761846], [-64.69709979452429, 46.07480579021548], [-64.69738536543758, 46.07475182877163], [-64.69747298282645, 46.07473527803916], [-64.69765141207556, 46.07470159073775], [-64.69766880190987, 46.07469827826066], [-64.69791747654257, 46.0746509105393], [-64.69828564564226, 46.07458159857704], [-64.69836499987764, 46.074566730526435], [-64.69849665195756, 46.074542062529254], [-64.69860565118137, 46.07452163968064], [-64.69870193658267, 46.074503598195214], [-64.69902521181034, 46.074443022157034], [-64.69917158335404, 46.074414318173666], [-64.69934792828782, 46.074379736805234], [-64.69935492222193, 46.074378298750894], [-64.69947599834717, 46.07435339489929], [-64.69966684060286, 46.074314140761246], [-64.69984788226229, 46.074280506640136], [-64.69993580396373, 46.07426417210083], [-64.69999269824655, 46.07425360282252], [-64.70025361873215, 46.07420193602999], [-64.70051127636488, 46.07415110973668], [-64.7006958550534, 46.07411484050464], [-64.70069625192467, 46.07411476308923], [-64.70072055593454, 46.07410998645595], [-64.70075071441367, 46.07410405872419], [-64.70109688657949, 46.07403571654036], [-64.70122832912028, 46.07400950604158], [-64.70135975003534, 46.07398320146553], [-64.70158684911505, 46.07393774631487], [-64.70194511543063, 46.07387318389973], [-64.7020069341975, 46.0738620434856], [-64.70213457754373, 46.07375629317272], [-64.70225859995578, 46.07381652498015], [-64.70252522892739, 46.07376809263131], [-64.70275413271166, 46.073726713001825], [-64.70344790766973, 46.07357649794029], [-64.70344946099515, 46.07357616430545], [-64.7035018146809, 46.0735648323573], [-64.70378084421971, 46.07350445188825], [-64.70395032278668, 46.073469955791936], [-64.70399492291902, 46.07346087783826], [-64.70402659215321, 46.07345443226016], [-64.70411729433648, 46.07343597061675], [-64.70416892899412, 46.073425508881435], [-64.70426888982304, 46.07340525574902], [-64.70463831631547, 46.0733304054985], [-64.70463854668395, 46.07333035873881], [-64.70478896578797, 46.073240231532544], [-64.7048865360581, 46.073278477513846], [-64.70488654232317, 46.07327856309878], [-64.70490156598933, 46.07327542548749], [-64.70512696386582, 46.07322965934787], [-64.70514080726426, 46.07339017494387], [-64.70514086714705, 46.07339016238997], [-64.70514770459447, 46.073480658752594], [-64.70523104320995, 46.07458362456218], [-64.70595279384372, 46.07444349598831], [-64.7059648715287, 46.07460880954011], [-64.7059875859724, 46.07492411640534], [-64.70599863483439, 46.075081315046205], [-64.70600184144608, 46.07512185900671], [-64.7060161116384, 46.07531915190614], [-64.7060210869438, 46.07538649169328], [-64.7060304536411, 46.07551324604853], [-64.70603272044995, 46.0755439271955], [-64.70603460297507, 46.07556555335428], [-64.70606802834489, 46.07602860498977], [-64.70606989627079, 46.07605068084369], [-64.70608597632899, 46.0762718483579], [-64.70610567539588, 46.07654076514326], [-64.70514342276078, 46.07656879520274], [-64.70517931099256, 46.077055282137124], [-64.7051033780479, 46.077136925864615], [-64.7051006767925, 46.07713983120903], [-64.70509111667158, 46.0771501098295], [-64.70519221085928, 46.07723500636594], [-64.7052162288944, 46.07723416022089], [-64.70530210817442, 46.07723113506172], [-64.70531505183061, 46.07723067856627], [-64.70544061509638, 46.077226254958106], [-64.70578014765141, 46.07721429294243], [-64.7061540190749, 46.07720111974494], [-64.70617335046497, 46.07746148208165], [-64.70617715298602, 46.07751324939258], [-64.70618267090425, 46.07758836614094], [-64.7061890337358, 46.077674994532096], [-64.70618929962724, 46.0776866968223], [-64.70620342475321, 46.07788848661833], [-64.7062191082373, 46.07810199905635], [-64.70622394917889, 46.07817181399201], [-64.70623543801685, 46.07831552166686], [-64.70625110709548, 46.0785294837888], [-64.70625354049676, 46.07856463081896], [-64.7062594648606, 46.07865019586025], [-64.70626614471823, 46.078742986029226], [-64.70627924386373, 46.07895645772772], [-64.70629131133258, 46.079142017699965], [-64.70626528376175, 46.07914292241035], [-64.70598839427143, 46.07915254341694], [-64.70568546247553, 46.07916351802384], [-64.70564713561896, 46.079164851493836], [-64.70561004759924, 46.07916614238195], [-64.70554553776746, 46.07916838692237], [-64.70527233615307, 46.07952117591543], [-64.7055912501578, 46.079770010785325], [-64.70559054185043, 46.07993250063312], [-64.70571811946789, 46.079927995027475], [-64.70571863081845, 46.07992797698874], [-64.70575308425637, 46.07992675973161], [-64.70576314524895, 46.07992637474142], [-64.70581976041846, 46.07992421085287], [-64.70586417414185, 46.0804072322373], [-64.70586754183736, 46.08044282951919], [-64.70588667511834, 46.08064964739873], [-64.70588913079418, 46.08067353221155], [-64.70589389326472, 46.08072508337613], [-64.70590023433724, 46.080793734134986], [-64.70590873488001, 46.080885756620624], [-64.70591267319682, 46.08090381574141], [-64.70592663422677, 46.08097410549881], [-64.70592664754153, 46.08097417319763], [-64.70595489510742, 46.08111639646641], [-64.70596331561657, 46.081155672759294], [-64.70600365522309, 46.08134662731555], [-64.70602630985458, 46.08140547469444], [-64.7060877360864, 46.0815643666668], [-64.7061104055224, 46.081622764332515], [-64.7061789140593, 46.081802464445495], [-64.70619320938602, 46.08184003354936], [-64.70627073903522, 46.082040572329525], [-64.70627730635034, 46.08205732306332], [-64.70630953989718, 46.08214101233633], [-64.70632075821626, 46.08217013912203], [-64.70636256478979, 46.082278680138984], [-64.70625723945992, 46.082298361203314], [-64.70622380672592, 46.082304608686954], [-64.70618903523066, 46.08231110592867], [-64.70622458969571, 46.08238703860507], [-64.70597996411664, 46.082739215760434], [-64.70638152615604, 46.08292679320991], [-64.70643083367747, 46.08304129687559], [-64.70646052046658, 46.083110236975585], [-64.70667908814076, 46.08306701537434], [-64.70668349376474, 46.08306614440491], [-64.70670117285287, 46.08309972997743], [-64.70689386227174, 46.08355674016034], [-64.70699049472904, 46.08378637445807], [-64.70704210975714, 46.08390911722448], [-64.70707935541546, 46.083996539459335], [-64.7071541961877, 46.08417524345994], [-64.7071859352148, 46.08425071349828], [-64.70718603007136, 46.08425093815518], [-64.70725640328871, 46.08441775847328], [-64.70734525135339, 46.08462837296351], [-64.70743411470488, 46.084838537687936], [-64.70729677366155, 46.084866520860295], [-64.70721069699502, 46.084884085241775], [-64.70699995734229, 46.084927087416524], [-64.70710043788502, 46.085163661525975], [-64.70704238521608, 46.08531088858567], [-64.70704489670047, 46.08531211863199], [-64.70719458885581, 46.08538544578792], [-64.7074587491491, 46.086010084212695], [-64.70769636344465, 46.0859614580078], [-64.70826840686466, 46.08584439094387], [-64.70839783463657, 46.085817903629966], [-64.70912058374229, 46.08566998953721], [-64.70934173469945, 46.08618728298183], [-64.70952562376453, 46.08661760425602], [-64.70956287513754, 46.08670502569398], [-64.70960493186595, 46.086803770821945], [-64.70966971843575, 46.08695370233588], [-64.70968792840775, 46.086995844350234], [-64.70978222679592, 46.08721824053108], [-64.70984957434867, 46.08737452375103], [-64.71000338997241, 46.087735532691546], [-64.70925752503709, 46.087890176332074], [-64.70915010003566, 46.08791244839836], [-64.7091222718064, 46.08791821797911], [-64.70886987613547, 46.087970547093974], [-64.7087913545894, 46.08798682685418], [-64.70834330558019, 46.088079717531734], [-64.70841854056602, 46.08825187311629], [-64.70855405237427, 46.088559054864604], [-64.7085552427086, 46.088562223072884], [-64.70862702485447, 46.088721276323376], [-64.70870358341672, 46.088892552659345], [-64.7087587807228, 46.0890163541878], [-64.70881327909781, 46.08913858794831], [-64.70881307475805, 46.089139822031726], [-64.70877866057126, 46.089347255581536], [-64.70889347391072, 46.08941863700755], [-64.70894349320169, 46.08944973518192], [-64.70895740672368, 46.089481497421694], [-64.70896064858475, 46.08948919445107], [-64.7090059443227, 46.089596710270136], [-64.70902043455413, 46.08963110554019], [-64.7090274346762, 46.08964772341616], [-64.7090359742275, 46.08966799190561], [-64.70904859374669, 46.089697947576376], [-64.7090665664188, 46.08974187304926], [-64.70914343808079, 46.08992350227331], [-64.70912838974776, 46.0899471747193], [-64.70906641493956, 46.09004466560555], [-64.7089375372348, 46.089986921815765], [-64.7089264589999, 46.08998388876167], [-64.70889800323313, 46.08997609844846], [-64.70889872597475, 46.089971845414276], [-64.70871395093485, 46.0895487082204], [-64.70780199320718, 46.08967603805956], [-64.707740854286, 46.089684573870414], [-64.7076141786567, 46.0897023770497], [-64.70759958578552, 46.0896675849429], [-64.70745214376389, 46.08931603962722], [-64.70692018460822, 46.08942824577516], [-64.70672093618626, 46.08895358569038], [-64.70642273142192, 46.089016378678174], [-64.7053220395733, 46.08923806854263], [-64.70513197550926, 46.08927634773177], [-64.70501807990756, 46.08929884870176], [-64.70539141566697, 46.09020206291887], [-64.70549224014694, 46.09044598471033], [-64.70544157771057, 46.09045283517342], [-64.70541360994264, 46.09045779359387], [-64.70538559825597, 46.09046410109475], [-64.7053717325988, 46.09047288113208], [-64.70535727916135, 46.09047985219985], [-64.70534091601095, 46.09048589331954], [-64.7053175164338, 46.09048957392301], [-64.7052929559445, 46.090489186889506], [-64.70526839545565, 46.09048879985073], [-64.70524499587265, 46.090492480439266], [-64.7052286327064, 46.09049852154274], [-64.70521288658672, 46.09050547222087], [-64.70519902089188, 46.09051425223689], [-64.70518506735506, 46.090525730425576], [-64.70516221378027, 46.09055236585089], [-64.70509265306985, 46.09062325781098], [-64.70505057054325, 46.09064464096923], [-64.70501871002024, 46.090649987868], [-64.70497753731978, 46.090663286663094], [-64.70497427638396, 46.09066413511957], [-64.70492828441814, 46.09066655970424], [-64.70479273070424, 46.090659023954046], [-64.70475406801911, 46.09065481510151], [-64.70469620579547, 46.090644454537326], [-64.70464208977855, 46.09063820233784], [-64.70459073680149, 46.090646391318316], [-64.70456514915735, 46.09065768602426], [-64.70454596622902, 46.09067088140115], [-64.70451288815305, 46.09069375609713], [-64.70449354410133, 46.09071189811653], [-64.70445457769245, 46.090756726361235], [-64.70443665807495, 46.09077084149014], [-64.7044179749488, 46.09078854399067], [-64.70441796030286, 46.09078899368627], [-64.70436017690425, 46.09083577485928], [-64.70428981827618, 46.09087155949182], [-64.70428519141664, 46.0908746360244], [-64.70427461573571, 46.09088166809811], [-64.70426853508916, 46.09088967089902], [-64.70426677371181, 46.0909040407744], [-64.70427206341229, 46.09092032153299], [-64.70429790396926, 46.09094097566012], [-64.70431162531659, 46.090956489506524], [-64.70432527343765, 46.09097425182901], [-64.7043258904782, 46.0909751614108], [-64.70432712455936, 46.090976980574396], [-64.7043343825807, 46.09099239251107], [-64.70432968435685, 46.09101751431797], [-64.7043226937255, 46.091033601450775], [-64.70431673024375, 46.091038006689686], [-64.70427893709207, 46.091066656021184], [-64.70427693949775, 46.09106842423046], [-64.70426891982474, 46.09107639645816], [-64.70426850970082, 46.09108898793312], [-64.70427374082975, 46.091107067473565], [-64.70427341859015, 46.09111696077531], [-64.70426783777974, 46.091129470722116], [-64.70425921570252, 46.09113608367136], [-64.70425530839191, 46.091136921915904], [-64.70423721098484, 46.09113663656359], [-64.70420358686728, 46.091136556311504], [-64.7041899259247, 46.091139040464476], [-64.70417874778857, 46.09114471325056], [-64.70415066237365, 46.09115326892125], [-64.7041286869452, 46.09115292240143], [-64.70411618683056, 46.09115947418871], [-64.70409606430867, 46.09118165320512], [-64.70409060064162, 46.09119056557886], [-64.70406047719554, 46.0912418321067], [-64.70405669062275, 46.09127866636765], [-64.70407856534379, 46.09130195756368], [-64.70410314262561, 46.09132169195971], [-64.70413224429328, 46.091341497693264], [-64.70414110440812, 46.09136728321348], [-64.70415316511738, 46.091374222288884], [-64.70420554968149, 46.09139394520734], [-64.7042604903453, 46.09141460825747], [-64.70427575348182, 46.091422497666535], [-64.70429082620865, 46.09143623311531], [-64.70429319185834, 46.09144301931181], [-64.70428743525095, 46.09146092560513], [-64.70427221789853, 46.091471483904755], [-64.70423744921527, 46.09148668311756], [-64.70416940773096, 46.091491009363885], [-64.70415061992303, 46.09149206289184], [-64.70410784428667, 46.09149498779381], [-64.70409549058002, 46.091497042623146], [-64.70407779036312, 46.09150441225984], [-64.70405074839262, 46.091520633111486], [-64.70404064310569, 46.09153307169974], [-64.70403913068462, 46.09153979674705], [-64.70404461081672, 46.09155023147395], [-64.70405734719252, 46.09155628136098], [-64.70409661463685, 46.09158164652529], [-64.70412862407328, 46.09159159972782], [-64.70418214038675, 46.091616289692084], [-64.70418726899763, 46.09163751710406], [-64.70417171466624, 46.09165841838581], [-64.70415029929681, 46.09168057702616], [-64.70410792262021, 46.09171095373466], [-64.70402582598383, 46.09174970260329], [-64.70401924535633, 46.09175319824216], [-64.70400014981209, 46.09176369534913], [-64.70388393186211, 46.09183380491789], [-64.70388142523902, 46.09183531673323], [-64.70384315550666, 46.09185840361603], [-64.7038207256117, 46.091871997592584], [-64.70377997828275, 46.09189205156901], [-64.70373917632084, 46.09191540892944], [-64.70373714537011, 46.0919165719022], [-64.70370737119416, 46.09193724884673], [-64.70360067045829, 46.09199675589509], [-64.70379996938406, 46.09215433654597], [-64.70383582376168, 46.09218268497088], [-64.70392336462348, 46.0922943272219], [-64.7039149555209, 46.09230761591408], [-64.70394053102032, 46.09233427785198], [-64.70387281780138, 46.09242746328126], [-64.70321832909531, 46.09332812740405], [-64.70694862737818, 46.100801475657924], [-64.7075101151578, 46.10127857724688], [-64.70877711413253, 46.102355118356286], [-64.70907160665006, 46.102605333859344], [-64.70927923019063, 46.10254560863735], [-64.70941452994253, 46.102506967927795], [-64.70957040496708, 46.102462450510124], [-64.70964287894235, 46.10244154335621], [-64.70994972854753, 46.102353681469104], [-64.7102134868036, 46.10227818949853], [-64.71029706707247, 46.10225385704523], [-64.71047724434474, 46.10220269691138], [-64.71068325641225, 46.10214338386204], [-64.71074101576973, 46.10212675401147], [-64.71091925282518, 46.10207556270617], [-64.7110047718788, 46.10205126019118], [-64.71113664236752, 46.10201373789793], [-64.7113795062322, 46.10194421405223], [-64.7117738519016, 46.10183072570494], [-64.71198951301598, 46.10176900622519], [-64.7120363473723, 46.101755602960246], [-64.71260101503114, 46.101594000394364], [-64.71303778383911, 46.101468575518986], [-64.71330637963544, 46.101383253987116], [-64.71331094857764, 46.10138197588117], [-64.71355833633976, 46.101611718741175], [-64.71355958553555, 46.10161308810971], [-64.71368399952894, 46.10172572099499], [-64.71373202507948, 46.10188034862488], [-64.71381662950944, 46.102185825803055], [-64.71386694138708, 46.10236748383156], [-64.71436188659062, 46.10226321276552], [-64.71452737921697, 46.1023237358437], [-64.71458653337895, 46.1022525166918], [-64.71471057992035, 46.10226326339272], [-64.71485693640459, 46.102231856981604], [-64.71485915473629, 46.102231383333226], [-64.71486010953835, 46.10223117963383], [-64.71489099154422, 46.10222454851431], [-64.71489321254862, 46.10222407220762], [-64.71497011563703, 46.10220756927609], [-64.71500851373149, 46.1021993300012], [-64.71517158153169, 46.102164336415555], [-64.71517749682211, 46.10216306763374], [-64.71519518283796, 46.10215927204663], [-64.71521561480634, 46.10215488778958], [-64.71526899716048, 46.102143432296295], [-64.71538091506743, 46.10211941507332], [-64.71580069359385, 46.102029332195364], [-64.71621490594418, 46.10194044109738], [-64.71623909976984, 46.101935249015725], [-64.71624241496393, 46.101934537860416], [-64.71625560674832, 46.10193170655545], [-64.71626922317058, 46.10192878471513], [-64.71675044126658, 46.10182551216032], [-64.71779263724875, 46.10159886457536], [-64.71832651592827, 46.10149023640139], [-64.71884717269047, 46.10139039748069], [-64.71899145628988, 46.10136414551173], [-64.71912042956791, 46.10134067927543], [-64.71938075678021, 46.10129075828893], [-64.7208979970484, 46.10098909423536], [-64.7215002987993, 46.10086933604762], [-64.72171878709918, 46.10082589225659], [-64.72215467171333, 46.100739219441536], [-64.72353419898353, 46.10046489764249], [-64.72379825817742, 46.10041238737035], [-64.7245852838958, 46.100255874914744], [-64.7247162040357, 46.10022983846189], [-64.72555677861129, 46.10006266917921], [-64.72559084219318, 46.10005589487547], [-64.72559808955583, 46.10005433855961], [-64.72570807107428, 46.10003072561553], [-64.72601086409661, 46.099969358908126], [-64.72617646159405, 46.09993579733537], [-64.72665552715284, 46.09983870273684], [-64.72672502145589, 46.099824617744325], [-64.72709930626978, 46.09974875779787], [-64.72723265142835, 46.09972173128957], [-64.7274403248118, 46.099679638908235], [-64.72751254645935, 46.099665000182696], [-64.72765372544836, 46.09963638538055], [-64.72766065331463, 46.09963502642877], [-64.72771079767278, 46.09962519027633], [-64.72796458349242, 46.099575408064155], [-64.72798483464173, 46.099571435348516], [-64.7281280921545, 46.09954333371841], [-64.7281364713042, 46.09954169406566], [-64.72815576795267, 46.09953791793567], [-64.72815635776242, 46.099537798432515], [-64.72816207284927, 46.09955203476109], [-64.72816197909677, 46.09955205399915], [-64.72816506576333, 46.09955948887499], [-64.72859886953194, 46.10071387013289], [-64.7286314399033, 46.10079405106794], [-64.72870297002068, 46.10097014533858], [-64.72935469304619, 46.10257462015573], [-64.72944947204431, 46.1028079484058], [-64.72981796341483, 46.103715087060856], [-64.7266314960585, 46.104378232224754], [-64.72682152140581, 46.10482089253329], [-64.72686584717175, 46.10492414728178], [-64.72692602870808, 46.10506433834726], [-64.72695400750462, 46.105128086304944], [-64.72760802186765, 46.10665835509386], [-64.72539185396299, 46.10709995446447], [-64.7252577445288, 46.10712666739664], [-64.72385793772331, 46.10740809625293], [-64.7209578187378, 46.107997232841235], [-64.720325054814, 46.10812562917936], [-64.71964262333852, 46.10826409702917], [-64.7194651718049, 46.10830010238152], [-64.71946164264672, 46.1083008183871], [-64.71928443052253, 46.108336774110896], [-64.71928162672224, 46.10833734307684], [-64.71900093934912, 46.108394293014904], [-64.71899533693833, 46.10839543011427], [-64.7184694736632, 46.10850212390368], [-64.71843294463821, 46.10850953514915], [-64.71658632130459, 46.108884176925855], [-64.71589591161853, 46.10902423787253], [-64.71586485941052, 46.1090305372801], [-64.71499529712698, 46.1092069355009], [-64.71497306581291, 46.109154395843284], [-64.71421641059135, 46.10930810849312], [-64.71417051715204, 46.10931736653944], [-64.71413477494096, 46.10932457638598], [-64.71329043226169, 46.109494899734685], [-64.71270771826019, 46.10961244179724], [-64.71275803716227, 46.10945031706847], [-64.712776627971, 46.10939041958973], [-64.71280309695487, 46.109305135865796], [-64.71286258070273, 46.10911347692948], [-64.71286447177089, 46.109107385818824], [-64.71260283835642, 46.109068687797304], [-64.71260244950396, 46.109068630404195], [-64.71256504121331, 46.1092048206177], [-64.71076972116498, 46.10956936641395], [-64.71037877370733, 46.10964874494903], [-64.70984081587902, 46.10975797075233], [-64.70968237954712, 46.109790138469435], [-64.70782160726786, 46.110167919697645], [-64.707806980217, 46.11017088943524], [-64.70757942407847, 46.11021708603118], [-64.70757114222978, 46.11021876711272], [-64.70742998078477, 46.11024881443964], [-64.70714996729505, 46.1103084176077], [-64.70713343204456, 46.110311937629724], [-64.70665591950555, 46.110413577350045], [-64.70661263895433, 46.11058314681944], [-64.70661120649365, 46.11058875913244], [-64.70659820893961, 46.11063968581961], [-64.70655338715929, 46.11081529599427], [-64.70653626569927, 46.11088237575567], [-64.70650837241679, 46.110991658086974], [-64.7064320078653, 46.111012502074615], [-64.70639258740309, 46.11102326179413], [-64.70638287916123, 46.11102591106667], [-64.70635564067042, 46.111033345969865], [-64.70627926007292, 46.11105463952869], [-64.70625507286178, 46.111061382778054], [-64.70624954603572, 46.111062923578], [-64.70623339774268, 46.11106742500305], [-64.706202879417, 46.11107593303585], [-64.7061869478566, 46.11108037397797], [-64.70612649870277, 46.11109722649134], [-64.70605074986034, 46.11111897977251], [-64.70597500095874, 46.111140733002834], [-64.7058992373269, 46.11116293677645], [-64.70582347369326, 46.111185138700414], [-64.70578820738145, 46.11119538233921], [-64.70558140761823, 46.111257887767636], [-64.705525874139, 46.11127467342406], [-64.70548070385195, 46.11128832615793], [-64.70533385490263, 46.111334537123234], [-64.70528956277163, 46.11134847537221], [-64.70527921099917, 46.11135173261004], [-64.70517523036587, 46.111384453317726], [-64.7049118722281, 46.111470644906994], [-64.70489016890046, 46.111477741959355], [-64.70488976342405, 46.11147787684612], [-64.70487185479814, 46.111483744208314], [-64.70457093607892, 46.111585624999975], [-64.70436598551325, 46.1116574807449], [-64.70429418765963, 46.111682652493506], [-64.7042720812053, 46.11169040266514], [-64.70397542756453, 46.11179802899474], [-64.70397534768527, 46.11179805833022], [-64.70375090205455, 46.11188855106839], [-64.70373309922934, 46.11189572920503], [-64.7036707034741, 46.11192088595169], [-64.70351061153215, 46.11198543168566], [-64.70310546023894, 46.11214877942475], [-64.70261249758076, 46.11234751804806], [-64.70260870667364, 46.11234926243429], [-64.70225520851163, 46.11251195183418], [-64.7016209828064, 46.11280396966313], [-64.70154850438425, 46.11283734099913], [-64.70114193842889, 46.113044636137786], [-64.70114188055983, 46.11304466491906], [-64.70076051650379, 46.1132412012312], [-64.70076042698106, 46.11324124840915], [-64.7007568027198, 46.11324311594682], [-64.70075307562368, 46.113245121337], [-64.70038887686408, 46.11344106728677], [-64.70037765996183, 46.11344710175574], [-64.70036819123592, 46.11345241786478], [-64.7003306774646, 46.11347347923311], [-64.7002130642265, 46.113539509447975], [-64.70000467084378, 46.11365650527855], [-64.69963799741485, 46.1138712364522], [-64.69933520887548, 46.114057063457864], [-64.69930650034291, 46.11407531576622], [-64.69903715303845, 46.114246557601774], [-64.69874392623726, 46.114439661053964], [-64.6987018674151, 46.11446834915607], [-64.69845561581617, 46.11463631404295], [-64.69839736263738, 46.11467678593656], [-64.69833975339748, 46.11471726798533], [-64.69828214536612, 46.11475775002455], [-64.69826701818624, 46.11476848175753], [-64.69823313437777, 46.114792518977545], [-64.69750123935255, 46.115312752750086], [-64.69679245783142, 46.11581796301553], [-64.69679207895548, 46.11581823237279], [-64.6964990164817, 46.116027119749], [-64.69448727653413, 46.117458861664936], [-64.69373342451725, 46.117995370938694], [-64.69356450386263, 46.118115522232536], [-64.69342648971042, 46.118213752601335], [-64.69136180969294, 46.11968320894601], [-64.69113391027305, 46.119845613220846], [-64.68955906048744, 46.120966470025635], [-64.68945681163989, 46.12103924122537], [-64.68721707766404, 46.122633186907954], [-64.68721743600132, 46.122633426571475], [-64.68734517073312, 46.12271895812525], [-64.68735129666888, 46.12272305543825], [-64.68765471394497, 46.12292591586845], [-64.68781768224544, 46.1230348708206], [-64.68813831014495, 46.12324922934515], [-64.68832882898141, 46.12337660074856], [-64.6883541649143, 46.12339320188145], [-64.68775307849707, 46.12382090779165], [-64.68726623680085, 46.12416731631343], [-64.68727097655606, 46.12417771573293], [-64.68778819033764, 46.12531288907795], [-64.68794616058423, 46.12565959149609], [-64.68796329402345, 46.125697193460816], [-64.6881539707012, 46.12611566961316], [-64.68831770283593, 46.12647524997092], [-64.68842721035914, 46.12671574354312], [-64.68855856193079, 46.12700420805865], [-64.68858555056559, 46.12706347846366], [-64.68879247197557, 46.12751789259457], [-64.68645011588994, 46.127867567015315], [-64.68538961993319, 46.12863520522473], [-64.68520910121401, 46.12876587063428], [-64.68454157600723, 46.12924903854773], [-64.68007428354845, 46.13076420625238], [-64.677642709521, 46.13108573029853], [-64.6745296198546, 46.1332629972186], [-64.67317606984331, 46.134209577071935], [-64.67308353241044, 46.13427454387293], [-64.6708502427862, 46.135842390501104], [-64.67082506492955, 46.13585998336274], [-64.6705543462722, 46.13590467892298], [-64.67037660520896, 46.135936469257146], [-64.66990560370331, 46.13601595048355], [-64.66983208643114, 46.13602835650664], [-64.6694204695787, 46.13609781499006], [-64.66937214654205, 46.13610596875225], [-64.66887657768916, 46.136189591689245], [-64.66792745097563, 46.13634974091484], [-64.66404865233918, 46.136993691658304], [-64.66388101196061, 46.13701348664245], [-64.66371346144226, 46.1370305832668], [-64.66337595263745, 46.137059337842516], [-64.66303874352948, 46.137079097710995], [-64.66269924682913, 46.13708982115301], [-64.66236005015716, 46.137091549880274], [-64.66219054187079, 46.13708971575475], [-64.66201982993275, 46.13708516239755], [-64.6616812037853, 46.137069801073], [-64.66151202591566, 46.13705807286928], [-64.66117514303848, 46.137029240349214], [-64.66100743935665, 46.1370121360583], [-64.66084112091835, 46.1369923543159], [-64.66067359771168, 46.13696985331728], [-64.66033837143556, 46.13693024680105], [-64.66000470855914, 46.136882565849014], [-64.65983863004433, 46.13685558767308], [-64.65950794889106, 46.13679625530209], [-64.65918141891726, 46.13672889033831], [-64.65901952441655, 46.13669298000928], [-64.6586972664827, 46.13661398455856], [-64.65853814053023, 46.13657271915055], [-64.65838039618082, 46.13652877628426], [-64.65830408415938, 46.13650663918364], [-64.6582227135429, 46.13648303448471], [-64.65806767875694, 46.136435535559464], [-64.65775779052956, 46.13633514087007], [-64.65760552452933, 46.136282286945026], [-64.65730505509981, 46.13617124504775], [-64.65685024674873, 46.13599201632798], [-64.65654884805286, 46.1358701591096], [-64.65618248686653, 46.13569447602113], [-64.65596380456984, 46.13590876404751], [-64.65594699398326, 46.135925237383596], [-64.65585939179087, 46.13601107851381], [-64.65661384913969, 46.13753869999084], [-64.65668979409843, 46.137692466674714], [-64.65677324586392, 46.1378614327109], [-64.6572195447367, 46.138765044822804], [-64.65730381786804, 46.1389351305265], [-64.65746592755724, 46.13915656528263], [-64.65760215033319, 46.1393426389542], [-64.65793546364272, 46.13926569128791], [-64.65823458456089, 46.13990132478066], [-64.65889396417568, 46.13975135699326], [-64.65929105603507, 46.14057394053967], [-64.65853520387392, 46.14076329500148], [-64.65876905938565, 46.141241297411376], [-64.65955593982683, 46.14113072985885], [-64.65971313050925, 46.14146295821381], [-64.6598889182017, 46.14183448722872], [-64.65992834670485, 46.141917817853965], [-64.65973869827054, 46.14205333266111], [-64.6590814766115, 46.14252210744792], [-64.65873626626045, 46.14276833050491], [-64.65861441021403, 46.14285524356662], [-64.65588336560505, 46.14480304796896], [-64.65554052995951, 46.14504901380719], [-64.6551936613292, 46.14529786936285], [-64.65396986157785, 46.1461758374407], [-64.65358715087041, 46.14645039139274], [-64.6529621034454, 46.14690548648508], [-64.64916148546574, 46.1497017581968], [-64.64608227890074, 46.15188424496075], [-64.64588529187697, 46.152024117040945], [-64.64419396364768, 46.1532248884405], [-64.64250256290516, 46.154425634037054], [-64.64066139946709, 46.15572604523357], [-64.64047302612572, 46.155859299758596], [-64.63918333403781, 46.156855085089745], [-64.63889508987708, 46.15708428482315], [-64.6384319034946, 46.15745258573225], [-64.63811878077303, 46.15770156001278], [-64.63699747262987, 46.157928462777555], [-64.63664893080092, 46.15799898946677], [-64.63663707745931, 46.15800138814287], [-64.63635685941875, 46.158058088952565], [-64.63558873063741, 46.1582135120342], [-64.63381513598955, 46.15857235756247], [-64.63309890738482, 46.15871726035776], [-64.63313351102815, 46.158078929232396], [-64.62772344087585, 46.15799917511697], [-64.62672307135597, 46.15798263412567], [-64.6255103695368, 46.15796257044738], [-64.62329730310577, 46.15792592284926], [-64.62237842491044, 46.15791078732151], [-64.61698133807586, 46.15783073679552], [-64.61355624751035, 46.15777990051101], [-64.61167486257126, 46.157751931934804], [-64.61119601571816, 46.15774399654494], [-64.61103750970092, 46.15972106117939], [-64.60661496236303, 46.15953968818818], [-64.60519680277537, 46.15947863992066], [-64.6045719479746, 46.15945173581015], [-64.60458351593242, 46.159317737424985], [-64.60463317855927, 46.158742342269534]]]}}, {"type": "Feature", "properties": {"district_id": "Ward 5", "elect_comm": "Dieppe"}, "geometry": {"type": "Polygon", "coordinates": [[[-64.61896734796895, 46.092825390934706], [-64.61711341273876, 46.09241249987323], [-64.61579294012427, 46.09246711189582], [-64.6141325458483, 46.092821885351256], [-64.61315983576178, 46.092347067563736], [-64.61174524307711, 46.09194136654951], [-64.61307878113313, 46.09150476215543], [-64.61495355561203, 46.09130645540984], [-64.61705317503187, 46.09095893318139], [-64.61850689741964, 46.090218447961995], [-64.61909508626617, 46.08908139805399], [-64.61870536179354, 46.08762238982251], [-64.61765680288215, 46.08615249185419], [-64.61790510994057, 46.08531563346233], [-64.61839648889335, 46.08379473105423], [-64.61767741309193, 46.08233027558426], [-64.61641460199517, 46.080703920759376], [-64.61435978572042, 46.0797524986455], [-64.61360427996433, 46.07935773026], [-64.61319123883322, 46.07858637444214], [-64.61410878435117, 46.0774548058911], [-64.61481454762968, 46.07609036961515], [-64.61561178911936, 46.075262602083505], [-64.61587312620327, 46.07404370657342], [-64.61471772426833, 46.072495557532335], [-64.61431367581035, 46.071980167282035], [-64.61431924231023, 46.071978941161134], [-64.61632042313163, 46.071538233038005], [-64.61656973049082, 46.07148791512638], [-64.61812798597545, 46.071156431400084], [-64.61856936958254, 46.0710666207912], [-64.61890718443813, 46.07099788305198], [-64.6194006265598, 46.07089731828123], [-64.62912174472117, 46.06891560966281], [-64.63341132942837, 46.06803755361939], [-64.63546949565674, 46.06760629660437], [-64.64764837290817, 46.06505349762657], [-64.65087684418063, 46.06442117996414], [-64.650895250765, 46.06441756809375], [-64.65090640403966, 46.06441537898913], [-64.65112668971224, 46.06437214543902], [-64.65138658913855, 46.0643212327179], [-64.65155516063727, 46.06428821080599], [-64.6521297193666, 46.06417565525211], [-64.65283300161974, 46.06403787800929], [-64.65576266459905, 46.06346388532744], [-64.66042995070343, 46.062549268401575], [-64.66045358528397, 46.062544636234286], [-64.66221381816885, 46.06219963697152], [-64.66222623122927, 46.06219720434046], [-64.66449321777223, 46.06175283675711], [-64.66462073206088, 46.06172783987416], [-64.66477778334283, 46.061697053225416], [-64.66499205711239, 46.061655048608685], [-64.66514376813018, 46.061625308313964], [-64.66535240874882, 46.061584407256355], [-64.66538129920173, 46.06157874023804], [-64.66551564451991, 46.061552376659876], [-64.66557673178127, 46.06154038671504], [-64.66565316853891, 46.0615253847422], [-64.66572012778495, 46.06151224211857], [-64.66577624461257, 46.0615012275271], [-64.6658041084803, 46.06149575893044], [-64.66580525089087, 46.061495534372135], [-64.66589715674975, 46.061477496049484], [-64.66589755099291, 46.06147741871333], [-64.665920008611, 46.061473011220905], [-64.66592031178934, 46.061472951314826], [-64.66594828493065, 46.06146746104703], [-64.66594865054137, 46.0614673895485], [-64.6659765078859, 46.061461921704705], [-64.66597672387525, 46.061461879291016], [-64.66598880101286, 46.061459509230595], [-64.66599774631901, 46.06145775371782], [-64.66604177025266, 46.061449113303155], [-64.6660422789947, 46.0614490135146], [-64.66771418094648, 46.06112228675033], [-64.66780206188325, 46.06110493890865], [-64.66788822391742, 46.06108793048271], [-64.66796075229192, 46.06107361276213], [-64.66796042145619, 46.06107283175848], [-64.66795988624922, 46.06107158763737], [-64.66795916181621, 46.06106989144079], [-64.66795912372892, 46.06106979274309], [-64.66795636228969, 46.06106334129867], [-64.6679563178621, 46.06106323889949], [-64.66795319453568, 46.0610559294635], [-64.66795313700162, 46.06105579355858], [-64.6679499812422, 46.06104840981201], [-64.66794994048146, 46.06104831377083], [-64.66794964899535, 46.06104763238508], [-64.66794526861598, 46.06103738267262], [-64.66794518468987, 46.061037185152465], [-64.66793930981859, 46.06102343792837], [-64.66793807915685, 46.061020559267256], [-64.66793795561274, 46.061020270223615], [-64.6679299421402, 46.061001518654095], [-64.66792983419688, 46.06100126585595], [-64.66792258237388, 46.06098429656831], [-64.66791733602452, 46.06097201993104], [-64.66790544356057, 46.06094419203367], [-64.66790505729861, 46.060943289556654], [-64.6678648881088, 46.060849294287216], [-64.66786431355709, 46.060847950547746], [-64.66782446959284, 46.06075471457898], [-64.66782399817602, 46.06075361276186], [-64.6677838172643, 46.06065958937528], [-64.66778321990189, 46.06065819307633], [-64.66774512488506, 46.06056905169274], [-64.66774317583494, 46.060564490426295], [-64.6677156670635, 46.06050011979623], [-64.66760375310731, 46.06023823993485], [-64.66760055671021, 46.060230759238024], [-64.66742581111234, 46.05982184566625], [-64.66727828957686, 46.05947673464935], [-64.66727405209728, 46.05946682105603], [-64.66701021984517, 46.058849604465884], [-64.66696031836466, 46.05873271624698], [-64.66688682893194, 46.058560573775466], [-64.66681893808162, 46.05840154328884], [-64.6667059005117, 46.05813681335861], [-64.6666958255777, 46.05811321783561], [-64.66660247238579, 46.057894585204174], [-64.66620269748688, 46.057011231674274], [-64.66603841930574, 46.05654830719308], [-64.66593220666456, 46.056249838024215], [-64.6659250453902, 46.0562297142342], [-64.66588060622256, 46.05610483270906], [-64.66539601611412, 46.05474093221122], [-64.66528122836871, 46.05441761572569], [-64.66520515295235, 46.05420333838032], [-64.66495001553245, 46.053534631309], [-64.6646948841802, 46.05286592366434], [-64.66455417740396, 46.05249711706895], [-64.66439317973729, 46.05207512339531], [-64.66432030578507, 46.05189577563126], [-64.66356067057755, 46.05002215969285], [-64.66323994311941, 46.049230608055076], [-64.66308594283538, 46.04885052734494], [-64.66306715243684, 46.04880438423603], [-64.66295094280413, 46.04851899914762], [-64.66257775140134, 46.047597815754976], [-64.662550304423, 46.04752943309153], [-64.66241765184697, 46.047205140955136], [-64.6622365709465, 46.0467635345765], [-64.66205941423748, 46.046321562887535], [-64.6620213520265, 46.04622660490616], [-64.6619472253073, 46.046041673101655], [-64.66184660852856, 46.04580338444988], [-64.66180179813277, 46.045693776529404], [-64.6616517904843, 46.04532826023938], [-64.66149287690791, 46.044939202540085], [-64.6614523602917, 46.04484000683607], [-64.66133396556289, 46.04455014372042], [-64.66131425762325, 46.044501682706134], [-64.66146197307091, 46.044471397198], [-64.66927080683564, 46.042870062937894], [-64.66942818576499, 46.042837783602046], [-64.67189194627936, 46.04233241243817], [-64.6737103309251, 46.041959381929935], [-64.67596623208381, 46.041496549510384], [-64.67607487421105, 46.0414739931662], [-64.67611715973717, 46.04146522305032], [-64.67609125055846, 46.04140905249466], [-64.67548533130766, 46.04009540767198], [-64.67487944125678, 46.038782243795936], [-64.67451470079772, 46.03799216524316], [-64.67415118765761, 46.03720435471141], [-64.67383917850778, 46.036528186320375], [-64.6735943151682, 46.035997520492565], [-64.67349101219729, 46.035773640065884], [-64.67333316644881, 46.035431550278744], [-64.6732951817961, 46.03534950314074], [-64.67314110669442, 46.03500778221749], [-64.67281183534402, 46.03426010946285], [-64.67240812554807, 46.03330247316706], [-64.67221825091138, 46.03285219246482], [-64.67212811075292, 46.03263828551525], [-64.67133693258731, 46.03076070365982], [-64.670933602509, 46.02980349219623], [-64.6709107925481, 46.02974935790569], [-64.67103897111168, 46.029723154780406], [-64.67115994681826, 46.02969782112677], [-64.67135370674963, 46.029659539687444], [-64.67227884248425, 46.02947676249951], [-64.6775468691773, 46.02843580098924], [-64.67964836588584, 46.028020466222976], [-64.68004907116234, 46.02794126137311], [-64.68044978146871, 46.02786206420065], [-64.68304400221969, 46.02734649304081], [-64.68366940222197, 46.02722419548193], [-64.68377674078882, 46.02721313754989], [-64.6838314586906, 46.02720750109793], [-64.68382475193481, 46.027227676960926], [-64.6838190731321, 46.02724476020453], [-64.68381648251834, 46.02725255216194], [-64.68377180764925, 46.027386940907796], [-64.68374800552228, 46.02745854371996], [-64.68369799001219, 46.027665866489905], [-64.68365302395112, 46.027852255348684], [-64.68362794882046, 46.028149941562624], [-64.68362741703785, 46.028156251004795], [-64.68361937729877, 46.02825170780582], [-64.6836322367965, 46.028405980137784], [-64.68363684725966, 46.02846128902088], [-64.68364878882024, 46.028604548589385], [-64.68364968239332, 46.028609117049], [-64.68365071751516, 46.028614409456544], [-64.68367294448727, 46.028728110729], [-64.68367549779269, 46.02874117337226], [-64.68373656497788, 46.029053556672345], [-64.68379650008252, 46.02923642548574], [-64.68380632358307, 46.029266397351314], [-64.68389188472888, 46.02952745094525], [-64.68401666970749, 46.029509986955816], [-64.68450826907953, 46.02941074496603], [-64.68464024055449, 46.02975839760363], [-64.68588197490142, 46.0295109253984], [-64.68604078737135, 46.029479273513545], [-64.69112158526077, 46.028466517229795], [-64.69141938204724, 46.02840714898166], [-64.69214867337763, 46.0282617554251], [-64.69222957319332, 46.028256921337466], [-64.69223141158186, 46.02824417251834], [-64.69223288237086, 46.02823870673021], [-64.69223182671296, 46.028231491079616], [-64.69223180024676, 46.028204674817964], [-64.69223463246246, 46.02820103037427], [-64.69224650893594, 46.02816972389203], [-64.69225967112133, 46.02813465841544], [-64.69227749124163, 46.028119103903386], [-64.69228351315255, 46.028116679937824], [-64.69233296067354, 46.02808210076609], [-64.69236434077214, 46.028070631001476], [-64.69245064055403, 46.02805868363722], [-64.69268290744694, 46.028066871361325], [-64.69421148566558, 46.0279705522421], [-64.69442312573658, 46.02795719225257], [-64.6944366134392, 46.02795634078358], [-64.69452043808496, 46.02795104934936], [-64.69453045775394, 46.02795041641351], [-64.6945318855821, 46.02796996602812], [-64.69456063701988, 46.028060183152775], [-64.69460931046663, 46.02821291100772], [-64.69463736504488, 46.028300939393624], [-64.69464566167724, 46.02832697256648], [-64.69467084577937, 46.028405992804764], [-64.69471053322974, 46.02858299487713], [-64.69472958417182, 46.02872736464114], [-64.6947515214397, 46.028894096707376], [-64.69479977825131, 46.029026331636366], [-64.69480265053569, 46.02903726549784], [-64.69489538682063, 46.02922365751357], [-64.69501223359272, 46.0295261537903], [-64.69501508807822, 46.02954158666275], [-64.69506859965199, 46.02971466844504], [-64.69517310723175, 46.02992833265369], [-64.69519625312613, 46.030011218623876], [-64.69521754631143, 46.03008746933947], [-64.69523151269757, 46.03013748634141], [-64.69531586775507, 46.03032743449566], [-64.69531952985471, 46.030333971551094], [-64.69543239752264, 46.030663490012195], [-64.69545826407999, 46.03077332305931], [-64.69545928219122, 46.03077774851355], [-64.69552169455451, 46.030884111575126], [-64.69561664831834, 46.03108583569232], [-64.69571546880084, 46.031394614331724], [-64.69579657171333, 46.031609076691254], [-64.69581602930987, 46.03166064921903], [-64.69583759142525, 46.03171780003625], [-64.69584911232418, 46.03173687970314], [-64.695882994334, 46.03179122835626], [-64.69593242530246, 46.0318995450678], [-64.69595765916443, 46.03194574787318], [-64.69597013694018, 46.03196322294555], [-64.69607081631598, 46.032104476832075], [-64.69615934574196, 46.032261735544665], [-64.69625503444718, 46.03239364161079], [-64.69647501496033, 46.032774294527314], [-64.69652075959043, 46.03285345109112], [-64.6965326947866, 46.03287172737351], [-64.69655433461382, 46.0329132838053], [-64.69672308709099, 46.0331500108718], [-64.69682095829066, 46.03331803536268], [-64.69712757887098, 46.03371667082422], [-64.69715894567412, 46.033749202632755], [-64.69717892551016, 46.033774355204244], [-64.6974959890244, 46.03427672880403], [-64.6976721226632, 46.03445382060098], [-64.69785015055879, 46.034612494992224], [-64.6980388651466, 46.034831718817166], [-64.6980422578652, 46.034834652075986], [-64.69821638757993, 46.03497823651152], [-64.69825584137578, 46.03501638515352], [-64.6985848771148, 46.03526320511388], [-64.69870132050362, 46.03536520219349], [-64.69873754349754, 46.035395470761785], [-64.69917394211184, 46.035741622585455], [-64.69927598593836, 46.03584942029456], [-64.69949425615032, 46.03605012213792], [-64.69965801332745, 46.03622674499878], [-64.6998724229759, 46.03649442449348], [-64.69991241021027, 46.03653213104322], [-64.70003347342042, 46.03666299523736], [-64.7000767629326, 46.03670642305521], [-64.70012072753092, 46.03674896167188], [-64.70019736844226, 46.03681964260062], [-64.70020898557459, 46.03683188439104], [-64.70032742541662, 46.036940210313894], [-64.70057535836096, 46.037194380635306], [-64.70064284352733, 46.03727247532503], [-64.70070250110625, 46.0373489164816], [-64.70081509188716, 46.037486124858034], [-64.70084206649616, 46.03752272552746], [-64.70088555735009, 46.03757587467596], [-64.70113009171502, 46.03784330791396], [-64.70125858501349, 46.03800407346856], [-64.70134751017176, 46.03814198714645], [-64.70141023774751, 46.03823530376885], [-64.70146396808791, 46.038303372149926], [-64.70151604968177, 46.03838239272476], [-64.70156602270784, 46.038438883503964], [-64.70172479474715, 46.038610295278175], [-64.70175829508725, 46.038644929135664], [-64.70194362860363, 46.0388696718553], [-64.7020570555179, 46.0389972636552], [-64.70218462141378, 46.039166832060836], [-64.70219591409973, 46.039185097562516], [-64.7023771102858, 46.039457646637096], [-64.70242153831082, 46.03952178823051], [-64.70256412843517, 46.03976574173629], [-64.70257399196639, 46.03978425458767], [-64.7026277300034, 46.039875988769644], [-64.70264414586816, 46.03990756302894], [-64.70274683422637, 46.04015079625239], [-64.7027527821442, 46.04016654769012], [-64.70281605854157, 46.040310624129546], [-64.70281715646102, 46.04031262115095], [-64.70287429880325, 46.040422856037694], [-64.70288002622499, 46.04043347479676], [-64.70291978316345, 46.04050222169371], [-64.70292627085486, 46.04051330238165], [-64.70294647663202, 46.04054754601171], [-64.70299302625813, 46.04062197923482], [-64.70304347884769, 46.040719420424324], [-64.70311017515264, 46.04081801786206], [-64.70321948903299, 46.04096102104931], [-64.70325417924461, 46.04101475020443], [-64.70346845091385, 46.041434676236086], [-64.70359070768825, 46.04175578516629], [-64.70365210361591, 46.04198957960888], [-64.70369763148112, 46.04216294833302], [-64.70374985842909, 46.04251966613949], [-64.70375363384427, 46.04258631517344], [-64.7037603676462, 46.042708982028124], [-64.70378281630964, 46.04285304350184], [-64.7037893660417, 46.0429535709512], [-64.70379715367834, 46.04307562452647], [-64.70381151011179, 46.04316259731979], [-64.70381734936544, 46.04332070443231], [-64.70382066036888, 46.04340957260941], [-64.70381882019024, 46.043442298385706], [-64.70382198585406, 46.04351577670559], [-64.70384918330863, 46.04364893481935], [-64.70387405721316, 46.04373436381797], [-64.70391485959712, 46.043977609162894], [-64.7039391823973, 46.04406806864855], [-64.70394951412749, 46.04411635333243], [-64.70395980978299, 46.04416447637136], [-64.70396868220703, 46.04420594230568], [-64.70397488193059, 46.04423189032384], [-64.70397489091707, 46.04423193185906], [-64.70398130678238, 46.044258783144244], [-64.70400633309177, 46.044395146436], [-64.70403365974401, 46.04452038778017], [-64.70403499935526, 46.044530847260056], [-64.70405446867964, 46.04464601851026], [-64.70407011049946, 46.04473854835133], [-64.70409053318039, 46.04483371550665], [-64.70410175231108, 46.04492348679388], [-64.70411729406825, 46.04504785379659], [-64.70411848072911, 46.045055071375565], [-64.70413771149529, 46.045147160199384], [-64.70414628381258, 46.04522026126029], [-64.70416259674795, 46.045359379179345], [-64.70416931497336, 46.04549050437749], [-64.7041928039204, 46.04573770575969], [-64.70419427274888, 46.04574816727435], [-64.70419824731057, 46.04591596335665], [-64.70419191707103, 46.04598740214355], [-64.70418759188189, 46.046116373433755], [-64.7041887883784, 46.04630203284342], [-64.70417812796136, 46.04639931920438], [-64.70416847231834, 46.04653324560024], [-64.70416277781266, 46.04656528066796], [-64.70414179249275, 46.04671378598765], [-64.70413690552815, 46.04674880332168], [-64.70412638993993, 46.04685752014517], [-64.70412544564316, 46.046866683790995], [-64.7041244432283, 46.04688160560554], [-64.70411132349942, 46.04695914628867], [-64.70409276817747, 46.047104450445076], [-64.70407667948876, 46.04722954672602], [-64.70406439947998, 46.04728127475107], [-64.70406233990924, 46.04729294040141], [-64.70405964662304, 46.04730819548249], [-64.70405990433237, 46.04735985134508], [-64.7040402328229, 46.047559309276195], [-64.7040289831178, 46.047698519657565], [-64.70398553629316, 46.047929637397424], [-64.70397911375035, 46.04796418056734], [-64.70396942423514, 46.04803160696236], [-64.70396083218166, 46.048065306031944], [-64.70395207583124, 46.048100082337186], [-64.70393109044508, 46.04820089518143], [-64.70391485546656, 46.048278836615594], [-64.70391112407178, 46.048306133398064], [-64.70391034947569, 46.048429221616914], [-64.70388742419858, 46.048597583106265], [-64.70386254606545, 46.04873063938411], [-64.70385654453206, 46.04883960736091], [-64.70384362657256, 46.04897843144836], [-64.70382277579564, 46.0491108313715], [-64.70381996391258, 46.04923694695109], [-64.7038035188542, 46.049333242132235], [-64.70378704827299, 46.04947003046989], [-64.70377649006073, 46.04961972785302], [-64.70377265077497, 46.04967416081126], [-64.70377544970667, 46.049762923666115], [-64.70377551295573, 46.04976491154814], [-64.7037753589068, 46.04987289194594], [-64.7037768479734, 46.049910529458934], [-64.70377407501117, 46.049952250764676], [-64.70377304879243, 46.049967700413184], [-64.70377292605906, 46.049982193371484], [-64.70377177148646, 46.050118136330525], [-64.70377348046593, 46.050152987756114], [-64.70383296091167, 46.05045780789044], [-64.70383809883567, 46.050481176349344], [-64.70388913740052, 46.05071326369913], [-64.70391508087037, 46.050788994620994], [-64.70391864411648, 46.050799395591326], [-64.70392531020457, 46.05082322548477], [-64.70393221814209, 46.050847923955665], [-64.70394862859203, 46.05090659166027], [-64.70397023292037, 46.05095911249348], [-64.70398994744214, 46.05100703763497], [-64.70400398840698, 46.051294403435], [-64.70401314256341, 46.051445993737545], [-64.70403591079612, 46.05157638221831], [-64.70405308725267, 46.05165620051862], [-64.7041055856013, 46.051778509344274], [-64.70411716040044, 46.05179848878275], [-64.70427910451201, 46.05207801918863], [-64.7044972186289, 46.05233368918238], [-64.70464883480649, 46.0524802373065], [-64.70473142590376, 46.052535711108476], [-64.70477999075243, 46.05256446247214], [-64.7053746070086, 46.052883387984835], [-64.70546395271619, 46.052921960433075], [-64.70572100856513, 46.053045513000406], [-64.70575718926914, 46.05306165073818], [-64.70576840781486, 46.053066416812094], [-64.70585145389674, 46.05310354348229], [-64.70597159056996, 46.053157252229134], [-64.70604485055762, 46.053190004216404], [-64.7061903396435, 46.05322703115022], [-64.70620880979845, 46.05323137152557], [-64.70630318474078, 46.05326237376773], [-64.70678985700803, 46.05341149784733], [-64.70688591960403, 46.053435885244475], [-64.70690297499446, 46.053440214921174], [-64.70692662436609, 46.053446218699165], [-64.70705892325103, 46.05347980538242], [-64.70733350460833, 46.053553418283514], [-64.70740954475889, 46.05357594220014], [-64.70751651208869, 46.05360129263492], [-64.70753765726887, 46.05360684472285], [-64.7077178977844, 46.0536444168242], [-64.70792414365049, 46.053693106280356], [-64.70793055006473, 46.0536948268651], [-64.70823387446953, 46.0537589916007], [-64.70829499978767, 46.05377516116324], [-64.70849160487764, 46.053822258087266], [-64.70862984935086, 46.05386357716403], [-64.70893317993011, 46.05393556886299], [-64.70899092069412, 46.05395249467178], [-64.70943323827453, 46.05403899946898], [-64.70945793005893, 46.05404280726565], [-64.70976591243631, 46.054110910523114], [-64.7100104219644, 46.05415551860173], [-64.71006786910203, 46.05416955970448], [-64.71055754510266, 46.054262473760204], [-64.71060914261477, 46.054269583741444], [-64.71085986008701, 46.054314107584624], [-64.71098956842107, 46.054335762756196], [-64.71114132204245, 46.05436712267005], [-64.71143444786145, 46.05441519112046], [-64.7114952554213, 46.05442127557663], [-64.71180767173945, 46.054460377595156], [-64.71186215335779, 46.054470231871626], [-64.7122198878377, 46.05452678183825], [-64.71226858263445, 46.054535735177154], [-64.71250654964476, 46.054582934688675], [-64.71258115478308, 46.05459400442589], [-64.71287047771844, 46.05465181787254], [-64.71302555211498, 46.05467647847097], [-64.71350248472208, 46.05469620150143], [-64.71358782292748, 46.054703119693414], [-64.71363439662369, 46.05470574017651], [-64.7136986683114, 46.05470863832723], [-64.71380824918896, 46.05471728650647], [-64.71382166960451, 46.054717946989534], [-64.7141444817109, 46.05474343788379], [-64.71432952569754, 46.05475263937306], [-64.71436788240067, 46.05475756028271], [-64.71471497493432, 46.054791619054356], [-64.714804993123, 46.05479770986438], [-64.7149238830732, 46.05480227361891], [-64.71497686133733, 46.0547986949871], [-64.71518735160379, 46.0547884072552], [-64.71524660743131, 46.05478654665077], [-64.71526173634527, 46.054786333892345], [-64.71531100267657, 46.054789625797504], [-64.71559760575698, 46.05481175539176], [-64.71574553032437, 46.0548201100197], [-64.71586221062705, 46.0548267006302], [-64.7160648157561, 46.0548284357456], [-64.7164051146611, 46.05481280090489], [-64.71668682904887, 46.05481424449197], [-64.71670573333257, 46.054813190824056], [-64.71709099897224, 46.054805907039594], [-64.71742936070959, 46.05481021557486], [-64.71745555867642, 46.05481143563358], [-64.7174687469455, 46.05481128218222], [-64.71786445281349, 46.054820896537485], [-64.71807276370849, 46.05483405556051], [-64.71809331250422, 46.05483410722717], [-64.71838213080554, 46.054823689740836], [-64.7184739421088, 46.05482629627392], [-64.71866232130664, 46.054824294721676], [-64.71933153284309, 46.05486544865954], [-64.71948324779153, 46.05489418721592], [-64.71952728913632, 46.054899195286254], [-64.71991585412243, 46.054949904147996], [-64.71997578373413, 46.05495920980865], [-64.72000633635595, 46.05496166717463], [-64.72051423420714, 46.05505536299503], [-64.7207647914425, 46.05511722959968], [-64.72131314910229, 46.055194816847575], [-64.72149732223328, 46.0552351280029], [-64.72187844851997, 46.05529219287173], [-64.72192614814135, 46.05529599734962], [-64.7221511773907, 46.05533190633475], [-64.72237974112251, 46.05538649703338], [-64.72245053762191, 46.055395521129476], [-64.7227983062929, 46.055457011271564], [-64.72290240248046, 46.05547150408875], [-64.72315765727748, 46.055529797002514], [-64.7231764644069, 46.055534092172685], [-64.72333054507828, 46.05558312629316], [-64.72342378069841, 46.055612797049584], [-64.72344030404248, 46.05561805537565], [-64.72347737699008, 46.05562985324881], [-64.72367018608078, 46.055711148971554], [-64.72395291919082, 46.05587384418898], [-64.7240985472907, 46.055947294298726], [-64.72416991597977, 46.0559787325945], [-64.72419230536384, 46.05599811462377], [-64.72424083772553, 46.05604012899521], [-64.72428620152834, 46.056076380755464], [-64.72431736600187, 46.05609459303646], [-64.72448601485272, 46.05619314855475], [-64.72462123332019, 46.056272824599006], [-64.72471562759281, 46.05632378848162], [-64.72481346769796, 46.05637210645254], [-64.72482964875582, 46.056379377607655], [-64.72485249155719, 46.056392511691804], [-64.72486303758555, 46.056398165230114], [-64.72489370772513, 46.05641709042451], [-64.72493007746777, 46.056443663242916], [-64.72500673317519, 46.05649561010529], [-64.72508680286103, 46.05654590041672], [-64.72515237766774, 46.05659677457454], [-64.72522678750411, 46.05664220732898], [-64.72523586916634, 46.056649187784345], [-64.7253270002213, 46.056713238137], [-64.72550518678497, 46.05682741735489], [-64.72551946861552, 46.05684102167033], [-64.72554368174856, 46.056864087053995], [-64.7255616180941, 46.05688117226408], [-64.72559498130347, 46.056912953147574], [-64.72566778708917, 46.056967576002805], [-64.72571721286063, 46.05700465805424], [-64.72577954733335, 46.057051424802445], [-64.72580663300343, 46.05707174624765], [-64.72583397663794, 46.05708786399261], [-64.72589113251081, 46.05712155249909], [-64.72592612528322, 46.05714217709955], [-64.72617544756585, 46.05733944030174], [-64.72619431619898, 46.05735962103053], [-64.72640687057219, 46.05750249964265], [-64.72664968580058, 46.05770928883033], [-64.72668895521488, 46.05773014717479], [-64.72688769079268, 46.057870176654454], [-64.72694806143879, 46.057912713443855], [-64.72708209831076, 46.0580374507158], [-64.72710686201609, 46.05805520349744], [-64.72730148030982, 46.05822947590831], [-64.72733397171216, 46.05825211818019], [-64.72740660167207, 46.05831686859212], [-64.72748622881485, 46.05839315602276], [-64.72752994237318, 46.05843262022569], [-64.72770411820736, 46.058583447450665], [-64.72774233795701, 46.058632994385306], [-64.72775109753022, 46.05864599863305], [-64.7279641777586, 46.05887742793714], [-64.72813472875289, 46.0590204593236], [-64.72819392454406, 46.059085000139035], [-64.72837821739436, 46.059335507433126], [-64.7284208727906, 46.05937576468026], [-64.72851636965034, 46.059505389594094], [-64.7286155141281, 46.05965588746284], [-64.72864849669777, 46.059705952794275], [-64.72865057694557, 46.059708152903745], [-64.72870412905593, 46.05976476881741], [-64.72877929405045, 46.05988269494362], [-64.72878312497653, 46.059888705265635], [-64.72879422146931, 46.059906115466624], [-64.72882967820479, 46.059961743426165], [-64.72895357676464, 46.06015612583021], [-64.72907395124126, 46.060300084933225], [-64.72909151772612, 46.060324654181265], [-64.72916987214784, 46.060452842063036], [-64.72920291934831, 46.060494479309185], [-64.72927665836389, 46.060601358810835], [-64.7293760844684, 46.060745621669774], [-64.72938167831806, 46.06075659687604], [-64.72953924364434, 46.06099039917364], [-64.72958093238428, 46.06107293398813], [-64.7296633878023, 46.061190207072976], [-64.7297267360591, 46.061363153820864], [-64.72976441152774, 46.06144589611614], [-64.72979733326717, 46.061559969330645], [-64.72982734356935, 46.061639892868875], [-64.72994031039889, 46.061873901006216], [-64.72997832826947, 46.06193793161878], [-64.7300514020209, 46.06209789150821], [-64.7300852437335, 46.06215510827013], [-64.73013384275602, 46.06225196794208], [-64.73018016614799, 46.06237947717455], [-64.73018200833697, 46.06238652465626], [-64.73028540775512, 46.06264485966597], [-64.73043158325177, 46.06291969679264], [-64.73066949560341, 46.06318786065198], [-64.73074528864521, 46.063291351600164], [-64.7308063977671, 46.063360959866685], [-64.73083651758644, 46.063396866749244], [-64.7308740058803, 46.06344155728787], [-64.73088804650185, 46.06356001598887], [-64.73092417020791, 46.06371544177497], [-64.73093677811333, 46.06377376809988], [-64.73103744213375, 46.06406922371759], [-64.73103961594057, 46.064073795443505], [-64.73106816993662, 46.064133840751275], [-64.7310742578565, 46.06414664304118], [-64.73121376255845, 46.06437980226466], [-64.73124422661385, 46.06442148872509], [-64.73142640870554, 46.06462993481534], [-64.73147154783771, 46.06467355887523], [-64.73161059034896, 46.064813830405406], [-64.73162480181946, 46.0648281670999], [-64.7316447046313, 46.06484824595267], [-64.73170608861587, 46.06491017323673], [-64.73173134096896, 46.064937021051925], [-64.73173259268438, 46.064938300283615], [-64.73196235529646, 46.06510222186212], [-64.73207120855282, 46.065174640432176], [-64.73216285629739, 46.06523131431094], [-64.7323546041639, 46.06533102533349], [-64.73245164797623, 46.065384723250936], [-64.7327082060002, 46.06550325680617], [-64.73298960044194, 46.065609217351906], [-64.73315712727955, 46.065694333454395], [-64.73321522863745, 46.065720790808875], [-64.73339447586034, 46.065787101556886], [-64.7335149688892, 46.06583927268475], [-64.73364005684904, 46.06588521600635], [-64.73370075797227, 46.065903164852465], [-64.73370433840869, 46.06590439020141], [-64.73415778673512, 46.066051170401316], [-64.73421161417045, 46.06606982223576], [-64.73428172401434, 46.066100784552646], [-64.73439215840325, 46.066140110850384], [-64.73448749836682, 46.066178483108786], [-64.73464284528545, 46.066236322607516], [-64.73476124897202, 46.0662649738878], [-64.73489356639696, 46.066307248519394], [-64.73495738096722, 46.06632488501214], [-64.7352641056177, 46.066399017844894], [-64.7354415152785, 46.06644613001953], [-64.73548463364443, 46.06646011602675], [-64.73558868362325, 46.06650105192682], [-64.73603380558811, 46.06660531255883], [-64.73614588270156, 46.06662567572996], [-64.73632826950136, 46.066682941940165], [-64.73643379700187, 46.06671004224133], [-64.73662672575664, 46.06675298364955], [-64.73667050027494, 46.066761260812555], [-64.73679570217568, 46.06678493557982], [-64.73679999796795, 46.066786231298025], [-64.73181330598668, 46.06797088977969], [-64.73109148400574, 46.06817338673612], [-64.73044406744118, 46.068304910614756], [-64.72911874443369, 46.06857420139839], [-64.72883244862174, 46.06863273801878], [-64.72844594832732, 46.068711761307036], [-64.72803601470291, 46.0687958177342], [-64.72790196865803, 46.068823426732514], [-64.72784730780555, 46.06883472401936], [-64.72767357610319, 46.068870263679884], [-64.72758052182377, 46.068889511822896], [-64.72742305743222, 46.06892170491282], [-64.72735343534586, 46.06893591853681], [-64.72718296233316, 46.068970608333046], [-64.72711334012523, 46.06898482180926], [-64.72692074099906, 46.06902411589218], [-64.72686348096603, 46.069035822161794], [-64.72667217365667, 46.06907513594361], [-64.72662792193226, 46.06908434513031], [-64.72657976477704, 46.06909439332557], [-64.72640017333418, 46.06913118956921], [-64.72618154184126, 46.06917592595489], [-64.72595314641302, 46.06922275942899], [-64.72568961609032, 46.06927669370297], [-64.72545797494377, 46.06932392553956], [-64.72519053821223, 46.06937869763807], [-64.72496278721725, 46.06942553918333], [-64.7248892584158, 46.06944059026083], [-64.72471161748987, 46.06947696434023], [-64.72465240379672, 46.06948908897141], [-64.72455545645076, 46.06950872388498], [-64.72446241451527, 46.06952751976278], [-64.72421124387208, 46.069578943808786], [-64.7241656991679, 46.0695881318801], [-64.72396983650007, 46.069628269958216], [-64.72396593100743, 46.06962910889391], [-64.7237876283155, 46.06966592114528], [-64.72356833208076, 46.069711092102644], [-64.72327811915551, 46.069770453588816], [-64.72299181113702, 46.069828975428656], [-64.72280375784112, 46.06986743368381], [-64.72089949599156, 46.07018401628564], [-64.72082937252824, 46.070195673328634], [-64.72079491193382, 46.070201402344914], [-64.72060109964973, 46.07023858998967], [-64.71805128309752, 46.070727805209486], [-64.71796033857368, 46.07074525275548], [-64.71721286054664, 46.0708886534384], [-64.71654381958578, 46.07100820519758], [-64.71584333967098, 46.07114598368799], [-64.7156197434224, 46.07118996163766], [-64.715520472583, 46.071209486806396], [-64.71482496867854, 46.071347510725396], [-64.71448662011214, 46.071412996252135], [-64.71432309067221, 46.07144464610652], [-64.71378414981409, 46.071548952833496], [-64.71119062987275, 46.07204770150254], [-64.71106637616161, 46.07207184522519], [-64.71082687118701, 46.07211828684243], [-64.71068733984059, 46.07214770800338], [-64.71068646335655, 46.072145512984555], [-64.71062231796964, 46.07211797279579], [-64.71057412958807, 46.072097283763576], [-64.71057349331457, 46.07209701010735], [-64.71051147560941, 46.072139068297524], [-64.71047189570112, 46.072165909813414], [-64.7104354726256, 46.07219061068486], [-64.71036804124266, 46.07220362281743], [-64.71005817184046, 46.0722634175578], [-64.70993203599153, 46.072287799520424], [-64.70981560721256, 46.07231030478442], [-64.70842548543179, 46.07257900336989], [-64.70833741741369, 46.07259602601065], [-64.70725725459187, 46.07280479756503], [-64.7070862863134, 46.07283784072722], [-64.70646982302625, 46.07295698268966], [-64.70542791684002, 46.073168549612234], [-64.70515192043183, 46.073224591509366], [-64.70512696386582, 46.07322965934787], [-64.70490156598933, 46.07327542548749], [-64.70488654232317, 46.07327856309878], [-64.7048865360581, 46.073278477513846], [-64.70478896578797, 46.073240231532544], [-64.70463854668395, 46.07333035873881], [-64.70463831631547, 46.0733304054985], [-64.70426888982304, 46.07340525574902], [-64.70416892899412, 46.073425508881435], [-64.70411729433648, 46.07343597061675], [-64.70402659215321, 46.07345443226016], [-64.70399492291902, 46.07346087783826], [-64.70395032278668, 46.073469955791936], [-64.70378084421971, 46.07350445188825], [-64.7035018146809, 46.0735648323573], [-64.70344946099515, 46.07357616430545], [-64.70344790766973, 46.07357649794029], [-64.70275413271166, 46.073726713001825], [-64.70252522892739, 46.07376809263131], [-64.70225859995578, 46.07381652498015], [-64.70213457754373, 46.07375629317272], [-64.7020069341975, 46.0738620434856], [-64.70194511543063, 46.07387318389973], [-64.70158684911505, 46.07393774631487], [-64.70135975003534, 46.07398320146553], [-64.70122832912028, 46.07400950604158], [-64.70109688657949, 46.07403571654036], [-64.70075071441367, 46.07410405872419], [-64.70072055593454, 46.07410998645595], [-64.70069625192467, 46.07411476308923], [-64.7006958550534, 46.07411484050464], [-64.70051127636488, 46.07415110973668], [-64.70025361873215, 46.07420193602999], [-64.69999269824655, 46.07425360282252], [-64.69993580396373, 46.07426417210083], [-64.69984788226229, 46.074280506640136], [-64.69966684060286, 46.074314140761246], [-64.69947599834717, 46.07435339489929], [-64.69935492222193, 46.074378298750894], [-64.69934792828782, 46.074379736805234], [-64.69917158335404, 46.074414318173666], [-64.69902521181034, 46.074443022157034], [-64.69870193658267, 46.074503598195214], [-64.69860565118137, 46.07452163968064], [-64.69849665195756, 46.074542062529254], [-64.69836499987764, 46.074566730526435], [-64.69828564564226, 46.07458159857704], [-64.69791747654257, 46.0746509105393], [-64.69766880190987, 46.07469827826066], [-64.69765141207556, 46.07470159073775], [-64.69747298282645, 46.07473527803916], [-64.69738536543758, 46.07475182877163], [-64.69709979452429, 46.07480579021548], [-64.6969572002463, 46.07475882761846], [-64.69687471493397, 46.07484856888596], [-64.69684999977815, 46.07485312672692], [-64.69664963500071, 46.07489134710883], [-64.69648765712643, 46.07492207642904], [-64.69648415255818, 46.07492272910901], [-64.6964731601443, 46.07492477585078], [-64.69629837925152, 46.074957322299035], [-64.69598348357255, 46.07501771384754], [-64.69584600053543, 46.07504408088413], [-64.69567644338254, 46.075076598465664], [-64.69509633341531, 46.07518793340274], [-64.69497843337913, 46.0752104092696], [-64.69456530528329, 46.07528889979681], [-64.69429961704228, 46.075339348713854], [-64.69422484553174, 46.07527854665279], [-64.69416804777754, 46.07536433085076], [-64.69382175172025, 46.07543008374887], [-64.69324343624464, 46.075539690248206], [-64.6930265691926, 46.075580953026964], [-64.69284400364425, 46.07561568870283], [-64.69191441932357, 46.07579192850101], [-64.69191114324359, 46.07579254957472], [-64.69175493212433, 46.075822165162265], [-64.69082279868312, 46.07599887754118], [-64.69057299333927, 46.0760462001994], [-64.68975005721518, 46.07620229371995], [-64.68906625561414, 46.07633199126834], [-64.6889271165163, 46.076358381257144], [-64.6888179273293, 46.07637920581058], [-64.68881774125785, 46.07637924154485], [-64.6883435535646, 46.076469679279555], [-64.68810342166869, 46.07651760038217], [-64.68776987544487, 46.07658433153388], [-64.68760884061294, 46.076616548073986], [-64.68735763107514, 46.076666805501155], [-64.68716864779897, 46.076704875526886], [-64.68686708445033, 46.0767656225437], [-64.686866938675, 46.07676565171758], [-64.68661245310636, 46.07681691538014], [-64.68604286737977, 46.076930831386974], [-64.68598697672357, 46.07694200993071], [-64.68594149602418, 46.07695110554234], [-64.68581314534929, 46.07689392293238], [-64.68569353206571, 46.07700114646842], [-64.68514740461296, 46.07711084340825], [-64.68509274982925, 46.07712182164762], [-64.68464963797382, 46.077210823586434], [-64.6846483300172, 46.07721135614719], [-64.68478363592916, 46.07732882528273], [-64.68478586222992, 46.077330758569985], [-64.6847861475686, 46.077331006979726], [-64.68577568568335, 46.07819007654476], [-64.68562651980686, 46.07828786301581], [-64.68528475674712, 46.07845562247797], [-64.68504213779794, 46.07854706054818], [-64.68452001728818, 46.078830997685365], [-64.68299637568431, 46.07957885292912], [-64.68170527611649, 46.0801824954641], [-64.67121896595684, 46.085311693211246], [-64.6700105005989, 46.08595110096457], [-64.66981014074275, 46.0860493950924], [-64.66862145433134, 46.08668091568689], [-64.66629627284223, 46.08791614959664], [-64.66302696411648, 46.08964559227277], [-64.6619516316595, 46.090223929080864], [-64.65794435131146, 46.092352189293045], [-64.65560790170382, 46.09359293101384], [-64.65451420370576, 46.09412108144723], [-64.65114813482445, 46.09574643597118], [-64.64883162173446, 46.096855897559266], [-64.64858650546971, 46.0969732873696], [-64.64730662366225, 46.097609122923444], [-64.64607836355005, 46.09820095353639], [-64.6434049121853, 46.09942287421078], [-64.6420499704943, 46.100042115067936], [-64.63875141263706, 46.09919004467345], [-64.6366903547401, 46.098391836810535], [-64.63266530911575, 46.09717915425878], [-64.63028788341182, 46.095993387731745], [-64.62877361499224, 46.095280459858024], [-64.62603570994872, 46.095006090689886], [-64.62310159314961, 46.09404036339616], [-64.62125539720452, 46.093398315024615], [-64.61896734796895, 46.092825390934706]]]}}]}