{"type": "FeatureCollection", "features": [{"type": "Feature", "properties": {"district_id": "Lethbridge"}, "geometry": {"type": "Polygon", "coordinates": [[[-112.7784823817591, 49.75625800930966], [-112.77855112588516, 49.74901898478672], [-112.77861912006625, 49.741778892481825], [-112.77866818915508, 49.73454256856037], [-112.7786853632576, 49.73213466719923], [-112.77871818718629, 49.72735275062062], [-112.77851161048889, 49.72735158477561], [-112.7785134171109, 49.727079200088816], [-112.77856103968516, 49.71989655466055], [-112.77860744324819, 49.712911347459034], [-112.77863380591374, 49.70969237019749], [-112.77864383634322, 49.70903754236916], [-112.77865461122153, 49.7054188970018], [-112.77866317725358, 49.702532025476295], [-112.77866561964524, 49.70170827659851], [-112.77885162075206, 49.7016759869432], [-112.77885246554234, 49.701392171139986], [-112.77885474115651, 49.700658757188016], [-112.77877313318959, 49.70069435881164], [-112.77869058013923, 49.70072903141289], [-112.77860710656718, 49.70076276424236], [-112.77852273791342, 49.700795546919686], [-112.77843749982921, 49.700827369498455], [-112.77835141840227, 49.70085822232457], [-112.77826451982429, 49.70088809603289], [-112.77817683050525, 49.700916981404504], [-112.77808837728821, 49.70094486965675], [-112.77799918689644, 49.700971752365454], [-112.77790928671328, 49.70099762132931], [-112.77781870411516, 49.70102246863471], [-112.77772746646959, 49.70104628672775], [-112.7776356019151, 49.70106906827856], [-112.7775431381324, 49.70109080652797], [-112.7774501034695, 49.70111149465199], [-112.77740910460784, 49.70112024001481], [-112.77728168938711, 49.70114627433894], [-112.77715359284412, 49.70117086229644], [-112.77702495023622, 49.701193979991515], [-112.77292596657634, 49.701905353991336], [-112.77475072729061, 49.70147986300563], [-112.77633044567017, 49.70108961493745], [-112.77774933533055, 49.70062771068194], [-112.77803745505165, 49.700504393431885], [-112.77826470187641, 49.700227541479045], [-112.77826950608859, 49.69861412238638], [-112.77779345374162, 49.698440987162755], [-112.77646166188295, 49.69830185553052], [-112.77646200631075, 49.69824772997005], [-112.77885996589517, 49.69825409954761], [-112.77886292019802, 49.69807283441271], [-112.77613746918976, 49.69806584044783], [-112.77612878936654, 49.69806016098912], [-112.77663219115168, 49.69801636303846], [-112.77719007938748, 49.69796781848451], [-112.77774798877947, 49.69791926967008], [-112.77796739042401, 49.697900178371384], [-112.77816683803003, 49.69782224186017], [-112.77841134038572, 49.69772669884846], [-112.77846921414432, 49.69761992856106], [-112.77859307673442, 49.69739143679844], [-112.77864113320904, 49.69716814678694], [-112.7787985485733, 49.69643670847421], [-112.7784668171503, 49.696435866053], [-112.77831526466368, 49.69636080139016], [-112.77831586901678, 49.69626282918193], [-112.77887486476568, 49.69626424782437], [-112.77887605994408, 49.696083360598685], [-112.77888163200036, 49.69517882992142], [-112.77888231124992, 49.695068558932654], [-112.77888461483919, 49.694709885497865], [-112.77889146038721, 49.69361047503896], [-112.77889286751987, 49.693316165966785], [-112.7786368767601, 49.69338061039039], [-112.77889340580873, 49.6932035803131], [-112.77890813844628, 49.69081547908824], [-112.77890813875965, 49.69081524529518], [-112.77891456105627, 49.69005725516763], [-112.77888393423936, 49.68985621438888], [-112.77885368105518, 49.689657641389346], [-112.77878507709039, 49.688771635076655], [-112.7788519288229, 49.68745399223681], [-112.77890059506481, 49.686861108268545], [-112.77891031987497, 49.68674268496322], [-112.77892000405976, 49.686624664075964], [-112.77863715604529, 49.68630479865974], [-112.77893679518905, 49.68650090198831], [-112.77893896860704, 49.68611305281793], [-112.77894114134915, 49.68572522699521], [-112.7789525807575, 49.68368139324941], [-112.778953173492, 49.68357550939425], [-112.77564540983937, 49.68356811098853], [-112.77370099085277, 49.68229534703427], [-112.76909603303389, 49.679280674878584], [-112.76931655017539, 49.67897736165035], [-112.76829208382732, 49.67830662342318], [-112.7678283075015, 49.67800297096294], [-112.76782679523666, 49.67844966661003], [-112.76782479441184, 49.67883766383394], [-112.76779812062561, 49.68355893925243], [-112.75671583588827, 49.68352617376168], [-112.75672860929261, 49.680387680921775], [-112.75675308532718, 49.67628339598851], [-112.75675695734309, 49.6755709663335], [-112.75676481303927, 49.67412240336615], [-112.75677602723096, 49.67193089224002], [-112.75677844727396, 49.67160944185741], [-112.75670694901922, 49.6715625843992], [-112.75670905455101, 49.671174553304475], [-112.75672063011645, 49.669040963475375], [-112.7567259313258, 49.66885535263089], [-112.75673057526393, 49.668495402169206], [-112.75672499797564, 49.668315966169544], [-112.75673634061944, 49.66594982422977], [-112.75674126351, 49.66492266683219], [-112.75674302240763, 49.66455565532812], [-112.75674327823012, 49.66450218465257], [-112.75675706197293, 49.66162550795817], [-112.75678458559355, 49.65453712650536], [-112.75678511520525, 49.6544001067914], [-112.75679723729321, 49.653014700365375], [-112.75680372000829, 49.651711550107954], [-112.75680954070796, 49.65051159626497], [-112.75681474104931, 49.649439376153005], [-112.75682575174116, 49.64716873926815], [-112.7568618273662, 49.63975671746688], [-112.75711342510307, 49.63975750216594], [-112.7603603609332, 49.63976581842461], [-112.76803382375061, 49.63979103287164], [-112.77293525950489, 49.63981497649453], [-112.77338716701074, 49.63966528599591], [-112.77451665670691, 49.63960058024114], [-112.77459752046803, 49.63966203138413], [-112.77489128587827, 49.63982127115454], [-112.7753120685341, 49.639822619251575], [-112.77919668914161, 49.63983599466609], [-112.77947480307994, 49.63983687513099], [-112.77947353195653, 49.64001932875203], [-112.77943352101485, 49.6472426961975], [-112.78593075319306, 49.64723493518989], [-112.78653992537622, 49.647234188775975], [-112.78804728348223, 49.647232328202946], [-112.78919047249722, 49.64723090398115], [-112.79048521928804, 49.647229277395375], [-112.79056961484527, 49.64722917087171], [-112.79367522391586, 49.64722761513014], [-112.79518136575572, 49.64722522569563], [-112.79598006900594, 49.64722470104091], [-112.80171054125583, 49.64722076066577], [-112.80198850968715, 49.64722059625939], [-112.80196736133009, 49.65084438087762], [-112.80205043303661, 49.65084507372272], [-112.80245794932128, 49.65084847183391], [-112.80329436288531, 49.65085544174027], [-112.80388028041912, 49.65086031662303], [-112.80446620730739, 49.65086519352792], [-112.80502719495884, 49.65086986012578], [-112.80554533748483, 49.650874167797], [-112.80603045293748, 49.65087819887494], [-112.80652255337579, 49.6508822559715], [-112.8070317649599, 49.65088648211491], [-112.8075365712613, 49.65089066949243], [-112.80920053205652, 49.65090445650099], [-112.81064700792925, 49.650916443737145], [-112.81310593489204, 49.650936665651294], [-112.8239876426327, 49.65102610977979], [-112.82639630290447, 49.65104538585499], [-112.82641158232741, 49.65099010841331], [-112.82646733511056, 49.6508203436757], [-112.82651421163615, 49.650649451670056], [-112.82655215821093, 49.65047762789263], [-112.82657463250969, 49.650406192637526], [-112.82658789176895, 49.650333792312146], [-112.82659184456261, 49.65026092711043], [-112.82658646342811, 49.65018810046216], [-112.82657178561267, 49.650115815587476], [-112.8265479127152, 49.65004457189645], [-112.8264433377056, 49.6502790519089], [-112.82639740935393, 49.65039308256631], [-112.82636161532808, 49.6505086339013], [-112.82633607317645, 49.65062532663651], [-112.82632942011557, 49.6506654589449], [-112.82631246655886, 49.650704293240935], [-112.82628569535262, 49.65074072312276], [-112.82624986923356, 49.65077371084695], [-112.82620600873996, 49.650802316743636], [-112.82615536320888, 49.65082572582848], [-112.8261377380511, 49.65074201408743], [-112.82611540595964, 49.650658777315876], [-112.82612185850624, 49.65058728048163], [-112.82611868206413, 49.65051569069079], [-112.82610590100015, 49.65044455362067], [-112.82610782434217, 49.650154194059695], [-112.82611949959617, 49.6498639307019], [-112.82615176442762, 49.6497580632846], [-112.82617633346837, 49.649651328602324], [-112.82619315257118, 49.64954396235395], [-112.82615475217393, 49.64931231550339], [-112.82615611503716, 49.649283279389806], [-112.82616411071454, 49.6492546974073], [-112.82617856149312, 49.64922720483252], [-112.82619914621723, 49.64920141253866], [-112.82622540758778, 49.64917789376125], [-112.82623733272042, 49.64919821597776], [-112.82625360095541, 49.649217225696404], [-112.82627387951618, 49.64923453409971], [-112.82630782169366, 49.64918138249298], [-112.82634673211511, 49.64912968625574], [-112.82639046358643, 49.64907964092813], [-112.826402543534, 49.64907203123709], [-112.82641243239524, 49.64906318819171], [-112.826419836907, 49.64905337419781], [-112.82642453711884, 49.64904288067575], [-112.82642639347861, 49.64903201906803], [-112.8264253510373, 49.649021111817845], [-112.82642144057209, 49.649010482524844], [-112.82641628439931, 49.64901226934341], [-112.8264107549613, 49.64901349874588], [-112.82640499416792, 49.64901413915134], [-112.82639914987614, 49.64901417428993], [-112.82639337190234, 49.649013603162565], [-112.82638780835684, 49.64901244043528], [-112.82638260211122, 49.649010715899806], [-112.8263778866049, 49.64900847378376], [-112.8263737828786, 49.64900577171332], [-112.82637039618386, 49.649002678880514], [-112.82636781335576, 49.64899927472149], [-112.82636610065805, 49.648995646377166], [-112.82637750203392, 49.64897381061428], [-112.82639398911805, 49.6489533897668], [-112.82641516165086, 49.64893487981386], [-112.82644050560585, 49.648918730044414], [-112.82646940551734, 49.648905332607846], [-112.82647648516826, 49.6489017663392], [-112.82648254181856, 49.64889747866898], [-112.8264874035781, 49.6488925915158], [-112.82649093216412, 49.64888724368464], [-112.82649302742726, 49.64888158695604], [-112.82649362988334, 49.64887578215523], [-112.82649272249756, 49.64886999406253], [-112.8264903307864, 49.6488643871703], [-112.82648652293874, 49.64885912064818], [-112.82648140703597, 49.64885434414286], [-112.82647512838847, 49.648850193362755], [-112.82646633207865, 49.64884801987823], [-112.8264581829999, 49.64884496250949], [-112.82645089021734, 49.648841099629806], [-112.82644464069169, 49.64883653039415], [-112.82643959469453, 49.648831371887276], [-112.82643588165968, 49.64882575656367], [-112.8264335969519, 49.64881982840223], [-112.82643279907019, 49.64881373942478], [-112.82643350852265, 49.64880764580004], [-112.82643570703557, 49.648801703879116], [-112.8264393383167, 49.648796066102626], [-112.82644430914903, 49.64879087698351], [-112.82648991596466, 49.64874469166527], [-112.82652929914124, 49.648696152104534], [-112.82656217234216, 49.64864561113712], [-112.82658829697462, 49.64859343589389], [-112.82658208162213, 49.64859186551697], [-112.82657634790486, 49.64858965366156], [-112.82657125125543, 49.64858686060423], [-112.82656693022719, 49.648583562060956], [-112.82656350210324, 49.64857984748811], [-112.82656105973642, 49.64857581789212], [-112.82655966974201, 49.64857158264604], [-112.82655936957661, 49.6485672565824], [-112.8265601676019, 49.64856295733207], [-112.82656204195803, 49.64855880150018], [-112.82656494196026, 49.64855490187476], [-112.82656878872544, 49.64855136441172], [-112.82657464576651, 49.64853237195212], [-112.82658539641245, 49.64851430406882], [-112.82660072674098, 49.64849768797509], [-112.82662018933998, 49.64848300888608], [-112.8266432161874, 49.648470695042725], [-112.82666913521909, 49.64846110601019], [-112.8266971897625, 49.64845452158091], [-112.82672656099338, 49.64845113394539], [-112.82673218101337, 49.64843309404804], [-112.8267424928006, 49.64841594977025], [-112.82675718937693, 49.648400211490895], [-112.82677583348828, 49.64838634755151], [-112.82679787000504, 49.64837477078607], [-112.82678506828339, 49.64837160313048], [-112.82677318195492, 49.64836718044565], [-112.82676250059279, 49.64836161026371], [-112.82675328461195, 49.648355028596484], [-112.82674575861252, 49.64834759569548], [-112.82676003664385, 49.64831794481993], [-112.82678177757694, 49.64829027088222], [-112.82681036425387, 49.6482653591543], [-112.82684498563198, 49.64824391676066], [-112.8268405195151, 49.64822855813582], [-112.82683972236457, 49.64821293670939], [-112.8268426128253, 49.64819741976829], [-112.82684912296102, 49.64818237221097], [-112.82685909968214, 49.64816814785757], [-112.8268723083804, 49.64815508114205], [-112.82688843854673, 49.64814347925603], [-112.82695950257269, 49.648088948318005], [-112.8270230611245, 49.64803064204326], [-112.82705068306224, 49.648012458018286], [-112.82707389740102, 49.647991839275576], [-112.82709220150387, 49.647969232278186], [-112.82710519940014, 49.64794512614944], [-112.82711260978189, 49.64792004261059], [-112.82711427225941, 49.64789452460586], [-112.8271521519217, 49.64785569010219], [-112.82719522806148, 49.64781921059237], [-112.82728691520678, 49.64776498807316], [-112.8273719230605, 49.64770635660718], [-112.82744975041274, 49.647643661972694], [-112.82751993802658, 49.647577274040586], [-112.82758207213011, 49.64750758436345], [-112.82763578612932, 49.64743500403436], [-112.82768076332955, 49.64735996105231], [-112.8277167384265, 49.6472828981789], [-112.82774349924077, 49.64720426986228], [-112.82774104017032, 49.64717314947607], [-112.82774558655593, 49.64714212822318], [-112.82775704162245, 49.64711186759689], [-112.82777516097762, 49.64708301263159], [-112.82779955847285, 49.64705617858189], [-112.82782971394805, 49.6470319375491], [-112.82786533157845, 49.64699970184137], [-112.82789289522849, 49.64696429435616], [-112.82797312928395, 49.646816145095464], [-112.82804636212948, 49.64666647471286], [-112.82811252555135, 49.64651542273732], [-112.82818894089026, 49.646387261321856], [-112.82825904690591, 49.6462575882514], [-112.82832277281022, 49.646126534394824], [-112.82838005443033, 49.645994232053816], [-112.82864488338883, 49.645589534750314], [-112.82890350019694, 49.64518314754724], [-112.82900079746373, 49.64505398228685], [-112.82910643427097, 49.64492760967064], [-112.82922022078685, 49.644804256590085], [-112.82934195291426, 49.644684144540015], [-112.8295763385868, 49.64438292920403], [-112.82966228743184, 49.64427299708166], [-112.82975578611683, 49.644165694711226], [-112.82985664413995, 49.644061240710144], [-112.82992490187515, 49.64399446290099], [-112.83000062828123, 49.64393117145732], [-112.8300834027069, 49.64387171777366], [-112.83017276557645, 49.64381643213302], [-112.83026822043672, 49.64376562149794], [-112.8303388033891, 49.64373682594161], [-112.83040398180029, 49.643703083115305], [-112.83046293725303, 49.64366481674614], [-112.8305149292992, 49.64362250724511], [-112.83052277026528, 49.64361261977268], [-112.83053275438233, 49.643603583606506], [-112.83054466684445, 49.643595593037944], [-112.83055825117091, 49.64358882014041], [-112.83057321529057, 49.6435834105143], [-112.83058923692151, 49.64357948067997], [-112.83068167691532, 49.64352276668893], [-112.83076778332006, 49.643461993957274], [-112.83084713447235, 49.643397460019315], [-112.83091401031601, 49.64334897502278], [-112.83098649749651, 49.643304019082116], [-112.83106415565939, 49.64326286534812], [-112.83114651299752, 49.6432257637064], [-112.83123306960447, 49.64319293951654], [-112.83134627255473, 49.64315542040507], [-112.83145580199906, 49.64311355503594], [-112.83156126247704, 49.643067494381995], [-112.83166227345534, 49.64301740467476], [-112.8317621757599, 49.642969708641054], [-112.8318674302696, 49.64292714259373], [-112.83197741371094, 49.64288995863016], [-112.83209147466523, 49.64285837705668], [-112.83220893770651, 49.64283258470444], [-112.83251047111521, 49.642760801884194], [-112.83281487595666, 49.64269432666535], [-112.83312193071798, 49.64263320722087], [-112.83343141198102, 49.642577488181594], [-112.83355206050119, 49.64255413446639], [-112.8336701411956, 49.64252578127141], [-112.83378516313331, 49.642492546240895], [-112.83381604007711, 49.642484251444024], [-112.83384850658237, 49.642479118845785], [-112.83388179961501, 49.64247726902386], [-112.83391513693716, 49.642478745390044], [-112.83394773496131, 49.642483513362954], [-112.83397882779207, 49.64249146084754], [-112.83400768477117, 49.64250240107348], [-112.83409770496961, 49.64253456807311], [-112.8341918492551, 49.642561297182006], [-112.83428934066659, 49.642582367703206], [-112.8343893743123, 49.642597605708055], [-112.83450641320938, 49.64260913486604], [-112.83462169839352, 49.64262659161434], [-112.83484629779757, 49.642673253962535], [-112.8350677304798, 49.64272591375328], [-112.83528561691767, 49.64278448086089], [-112.83549958337063, 49.642848854717606], [-112.83570926318993, 49.642918925117684], [-112.83591429693725, 49.64299457185893], [-112.83593802203566, 49.64300412202968], [-112.83596337198101, 49.64301171003096], [-112.83598996399198, 49.64301722122899], [-112.83606553869522, 49.64303047678994], [-112.83613760094273, 49.643050335902515], [-112.83620478969098, 49.643076423476096], [-112.83626583598193, 49.64310824672326], [-112.83631958675389, 49.643145204677985], [-112.8364144171626, 49.643212578473886], [-112.83651459675019, 49.643276604736535], [-112.83661984562862, 49.64333710460805], [-112.83672986982226, 49.643393909088694], [-112.8367987264608, 49.64340967620499], [-112.83686420339576, 49.64343065350887], [-112.83692536966116, 49.643456542751416], [-112.83690879362022, 49.643475647675174], [-112.83697206836626, 49.64350002450827], [-112.8370291659416, 49.643530153759905], [-112.83707885631186, 49.64356538629109], [-112.83709230231425, 49.64360359465523], [-112.83711528792294, 49.6436398345176], [-112.83714718096672, 49.643673109084816], [-112.8371871041569, 49.64370250326728], [-112.83723395953038, 49.64372720852805], [-112.83728645837742, 49.64374654541348], [-112.83741612663206, 49.64382989340391], [-112.83753940643753, 49.643917233664794], [-112.83765600669234, 49.64400835992593], [-112.83776565201099, 49.6441030569389], [-112.83786808348394, 49.64420110113184], [-112.83790615409794, 49.64424008409855], [-112.83795255460694, 49.64427505503719], [-112.8380062973857, 49.644305269613405], [-112.83814580448961, 49.64437167910407], [-112.83828196592155, 49.64444095501877], [-112.83841464191002, 49.644513026403104], [-112.83857286799865, 49.64457266703342], [-112.83872680370195, 49.64463686820372], [-112.83887613718163, 49.644705499905385], [-112.83902056655236, 49.64477842331026], [-112.83915979932587, 49.644855490837145], [-112.8395337567651, 49.64503054170937], [-112.83956778854494, 49.645040153147384], [-112.83959925502013, 49.645052929225194], [-112.83962746317339, 49.64506858848475], [-112.83965179183733, 49.64508678616412], [-112.8396717052608, 49.645107121382914], [-112.8396867646323, 49.645129146393764], [-112.83975973851474, 49.64518383356668], [-112.83983879140918, 49.645234833588475], [-112.8399234828318, 49.64528186233945], [-112.84001334097015, 49.64532465775906], [-112.84006061421479, 49.64534759997859], [-112.84010411426725, 49.645373499067496], [-112.84014340416893, 49.64540209498598], [-112.84020560120821, 49.64543349782913], [-112.84027167895567, 49.64546135903318], [-112.84034116038073, 49.64548547735155], [-112.84041354387088, 49.645505678844415], [-112.8406565272434, 49.645588762343536], [-112.84090211682715, 49.645668549774285], [-112.84093352512325, 49.645676029790515], [-112.8409626824341, 49.64568668035817], [-112.84098883575179, 49.645700226332465], [-112.84101130939662, 49.64571631780878], [-112.841029522968, 49.64573453929413], [-112.84103429732176, 49.64574461138165], [-112.84104154203656, 49.645754041553054], [-112.84105106238904, 49.645762576292704], [-112.8410626023718, 49.64576998621793], [-112.84107585186005, 49.64577607219361], [-112.84109045468647, 49.64578067052068], [-112.84110601849875, 49.64578365771081], [-112.84112212477042, 49.64578495346416], [-112.841240961548, 49.64582480375072], [-112.84135536508809, 49.645869793084216], [-112.84146480899376, 49.64591971464066], [-112.84146895070252, 49.64593567523529], [-112.84147669031907, 49.645951060867596], [-112.84148785677566, 49.645965531502334], [-112.84150220340845, 49.64597876742533], [-112.8415194132223, 49.64599047613026], [-112.84153910582403, 49.64600039893449], [-112.84154845549035, 49.645998840443085], [-112.84155807776979, 49.64599834295309], [-112.84156768936586, 49.645998921182525], [-112.84157700718119, 49.64600055812699], [-112.84158575672453, 49.646003205575425], [-112.8415936801657, 49.646006785485575], [-112.8416005442538, 49.64601119243706], [-112.84160614667296, 49.64601629657264], [-112.84161501008651, 49.64603560684641], [-112.84162880930168, 49.646053654650764], [-112.841647140946, 49.64606991260191], [-112.84166946923521, 49.6460839055124], [-112.84169514170212, 49.646095224504855], [-112.84181194841473, 49.64614920919798], [-112.84193322587345, 49.64619886375054], [-112.84205859365538, 49.646244032483416], [-112.84218765859279, 49.64628457369093], [-112.84232001619796, 49.646320360302845], [-112.84238016012968, 49.64635255771137], [-112.8424446200913, 49.64638101669784], [-112.84251284700343, 49.64640549480297], [-112.84258425940563, 49.64642578341496], [-112.84265019999998, 49.646437454836224], [-112.84271360563301, 49.64645402184407], [-112.8427736174975, 49.64647526018921], [-112.84283490795357, 49.64650393157534], [-112.84290040097513, 49.64652837334838], [-112.84296940691128, 49.64654832797831], [-112.84304119908631, 49.64656358540487], [-112.84304451377135, 49.64656860862583], [-112.8430490497594, 49.646573211922345], [-112.84305468457886, 49.646577271272875], [-112.84306126638732, 49.646580677181554], [-112.84306861777506, 49.6465833378094], [-112.84307654057868, 49.646585181540445], [-112.84308482116033, 49.64658615861699], [-112.84309323635304, 49.646586242709745], [-112.84310155942813, 49.646585431553014], [-112.84310956585502, 49.646583747002246], [-112.84311703984974, 49.64658123452393], [-112.84312377994881, 49.64657796174061], [-112.84312960436341, 49.64657401690178], [-112.84313435635549, 49.64656950641966], [-112.84313790763403, 49.64656455180996], [-112.84314337444641, 49.64658359120361], [-112.84315354787657, 49.64660179725505], [-112.84316815585646, 49.646618682888494], [-112.84318680759735, 49.646633796529805], [-112.84320900395119, 49.64664673364806], [-112.84323415131698, 49.646657148333], [-112.8432615768373, 49.646664761863875], [-112.8433800923925, 49.646694589128806], [-112.84349755516041, 49.64672612333737], [-112.84355982107213, 49.646744955391], [-112.84361817088212, 49.64676848826416], [-112.84367176673713, 49.646796384192044], [-112.84368942978148, 49.64680975914372], [-112.843710028788, 49.64682122757494], [-112.84373308143175, 49.64683052094381], [-112.84375804789774, 49.646837421713585], [-112.84378434350643, 49.646841768227084], [-112.84381135257615, 49.64684345880161], [-112.84396017334639, 49.646897511539784], [-112.84411249639373, 49.64694728157343], [-112.84426802936429, 49.646992673386734], [-112.84429865164789, 49.64699492657222], [-112.84432820796292, 49.647000594273656], [-112.84435580245042, 49.64700950461081], [-112.84438059874086, 49.64702138752757], [-112.844401845354, 49.647035882886634], [-112.84440900692374, 49.64704656739601], [-112.84441869549421, 49.64705637582192], [-112.84443066438702, 49.647065058164294], [-112.84444460840878, 49.64707239326139], [-112.84446017236453, 49.6470781941984], [-112.84447695958475, 49.647082313140295], [-112.84474930515564, 49.64712950967015], [-112.84502295451264, 49.64717341224053], [-112.84503617168347, 49.64716565534883], [-112.84505112918315, 49.647159370683], [-112.84506744207019, 49.64715472007456], [-112.84508469028206, 49.64715182328097], [-112.84510243001121, 49.64715075479014], [-112.84512020460193, 49.6471515421307], [-112.84521662660991, 49.647168848158316], [-112.84531030511282, 49.64719163838488], [-112.84540050176487, 49.64721973337868], [-112.84548650590924, 49.64725291168693], [-112.8455676396278, 49.64729091175596], [-112.84564326366748, 49.647333434292186], [-112.84571278182773, 49.647380144103636], [-112.84572783811389, 49.6473918225758], [-112.84574535692461, 49.64740195009216], [-112.84576496360104, 49.64741030983721], [-112.84578623859876, 49.64741672310663], [-112.84580872682452, 49.64742105270959], [-112.84583194709569, 49.64742320586867], [-112.84602054763586, 49.64750502670141], [-112.84606276281781, 49.647516411988086], [-112.846106745086, 49.64752449905245], [-112.84615188585137, 49.647529176006934], [-112.84624182637477, 49.64753046902358], [-112.84633116965581, 49.647537311182944], [-112.84641910554765, 49.64754964038879], [-112.84650483670592, 49.64756734496593], [-112.84658758544302, 49.64759026423198], [-112.84666660165752, 49.647618190446565], [-112.84674116855925, 49.64765087030654], [-112.84681061003167, 49.64768800746508], [-112.8469546012018, 49.6477206982978], [-112.84709623895012, 49.647757469481554], [-112.84722863944096, 49.64772811032259], [-112.84736358564963, 49.647704130959234], [-112.84750055971563, 49.64768562348695], [-112.84763903585768, 49.647672658990814], [-112.84777848259846, 49.64766528713619], [-112.84788563598252, 49.647666470417285], [-112.84799255357936, 49.647661707410776], [-112.84806708440559, 49.647648743102195], [-112.84814259951384, 49.64763845677516], [-112.84818007988497, 49.64763957098716], [-112.8482173982896, 49.64763705087204], [-112.84825372336009, 49.64763095247148], [-112.84828824610841, 49.647621411685705], [-112.84832019761805, 49.647608641068295], [-112.84834886611047, 49.647592924960094], [-112.84839858389292, 49.64757330907855], [-112.8484526037971, 49.64755928710204], [-112.84850944593434, 49.64755124312737], [-112.84856755296155, 49.6475493976169], [-112.84862533277115, 49.64755380106151], [-112.84865772422971, 49.64750038654397], [-112.84869789737351, 49.64744924910911], [-112.84874547755432, 49.6474008653507], [-112.84880002138057, 49.647355686215604], [-112.84890132833733, 49.6473123740797], [-112.84900796029623, 49.647274836206684], [-112.84911913850938, 49.64724334676388], [-112.84923405126527, 49.647218135783284], [-112.8493518592499, 49.64719938727301], [-112.8494201362623, 49.64718654230119], [-112.84948990265927, 49.647177693619064], [-112.84956060507369, 49.647172911475415], [-112.84957162313681, 49.647174142468394], [-112.84958280312928, 49.6471741249382], [-112.84959381200585, 49.64717285946008], [-112.84960432172038, 49.6471703836349], [-112.84961401921517, 49.647166771325296], [-112.84962261578936, 49.64716213001507], [-112.84962985525094, 49.647156598084486], [-112.84963552189099, 49.64715034021373], [-112.84963944690567, 49.64714354284247], [-112.84964151351433, 49.647136408537705], [-112.84964165998849, 49.64712914969334], [-112.8496398821167, 49.6471219826558], [-112.84963623281155, 49.64711512088594], [-112.84963082070642, 49.64710876868666], [-112.84962380707884, 49.64710311541734], [-112.84974136817623, 49.64705746336161], [-112.84986264859323, 49.64701611640829], [-112.84998727465477, 49.64697920190406], [-112.85013852819404, 49.64694410033439], [-112.85028623477744, 49.646903122444044], [-112.85042985350364, 49.64685641833279], [-112.85056885849511, 49.64680415904183], [-112.85058468337476, 49.64679921678844], [-112.85060155439736, 49.64679605400788], [-112.85061900085007, 49.64679475911377], [-112.85063653586197, 49.64679536806088], [-112.85065367014991, 49.64679786397819], [-112.85066992542411, 49.646802177158044], [-112.85068484807312, 49.64680818727822], [-112.85069802160851, 49.64681572654658], [-112.85070907851382, 49.64682458463875], [-112.8512418180127, 49.646856518879716], [-112.85131842828734, 49.64683102842537], [-112.85139925376347, 49.646811794139246], [-112.85148308810523, 49.646799102945735], [-112.85156868018805, 49.646793144428244], [-112.85169019469464, 49.64674484634301], [-112.85180707073033, 49.646691941717485], [-112.85191889473762, 49.646634617674614], [-112.8520252709615, 49.64657307719718], [-112.85212077674942, 49.646462594453254], [-112.8522078986491, 49.64634922776488], [-112.85228643076053, 49.646233245307094], [-112.85235618754744, 49.64611492113847], [-112.85241700394909, 49.64599453513018], [-112.85243444162461, 49.64592424022901], [-112.85245994731069, 49.64585499228022], [-112.85249337754004, 49.64578718105317], [-112.85253454394534, 49.64572118838917], [-112.85258321475554, 49.64565738584266], [-112.85265178336249, 49.64557882882147], [-112.85271430613498, 49.64549817284713], [-112.85277063114043, 49.64541561410823], [-112.85282667152825, 49.64524626414185], [-112.85289130989749, 49.6450782108378], [-112.85296447514739, 49.64491163828516], [-112.85304608725, 49.6447467287565], [-112.85313605669172, 49.64458366291801], [-112.85323291064184, 49.644434438732354], [-112.85333801678672, 49.64428758820185], [-112.85345123728123, 49.64414330359518], [-112.85360922713174, 49.64386196046141], [-112.85376063482842, 49.64357909548578], [-112.85390542560393, 49.64329477352489], [-112.85404356645398, 49.643009059955496], [-112.85410016630861, 49.64290842527725], [-112.85414953114427, 49.642806197048934], [-112.85419155549397, 49.64270259436489], [-112.8542261489959, 49.64259783948909], [-112.85426447538308, 49.64250160313295], [-112.85431205937084, 49.64240712546108], [-112.85436871198641, 49.64231478147339], [-112.8544342082323, 49.6422249378984], [-112.85443657222693, 49.642198736001475], [-112.85444420638754, 49.64217296169586], [-112.85445697874526, 49.64214805983177], [-112.85447466872466, 49.64212446049807], [-112.85449550446563, 49.64211227555238], [-112.85451320719459, 49.64209815491109], [-112.85452735594006, 49.642082434603346], [-112.8545376141451, 49.64206548839739], [-112.85454373794938, 49.64204771946573], [-112.85454558140876, 49.64202955036529], [-112.85454310093458, 49.64201141322585], [-112.8545363554219, 49.64199373953622], [-112.85452167392798, 49.641935076329204], [-112.85449852522109, 49.64187757594674], [-112.8544671164903, 49.64182175262968], [-112.85446882336429, 49.64181377257362], [-112.85447257774462, 49.64180609362187], [-112.85447827211094, 49.64179893577462], [-112.85448574335834, 49.64179250380676], [-112.85449477757538, 49.64178698191978], [-112.8545051161531, 49.64178252833506], [-112.8545164630985, 49.64177927047451], [-112.85452849342003, 49.64177730166251], [-112.85454086261223, 49.64177667819846], [-112.85455321665691, 49.64177741801692], [-112.85456520167861, 49.64177949991993], [-112.85457647467372, 49.641782864258786], [-112.8545760701463, 49.64179905355834], [-112.85457938549492, 49.64181510118501], [-112.8545863467141, 49.64183064873243], [-112.85459679833914, 49.64184534885765], [-112.85461050691148, 49.64185887337256], [-112.85462716624667, 49.6418709200582], [-112.85463936346964, 49.64184002734513], [-112.85464396428037, 49.64180827557231], [-112.85464085506159, 49.641776447520684], [-112.85463011268756, 49.64174532785441], [-112.85466759569415, 49.64155369645916], [-112.85469773569876, 49.64136151948465], [-112.85470005667617, 49.64131054313058], [-112.85470983102361, 49.641259940995], [-112.85472697008579, 49.64121017166463], [-112.85475131836924, 49.64116168608578], [-112.85478265540839, 49.64111492362615], [-112.8548545301613, 49.64099849209471], [-112.85491985251741, 49.640880443724804], [-112.85497853667516, 49.640760934071146], [-112.85502667669493, 49.64068797769967], [-112.85506603642875, 49.64061283367782], [-112.85509638282814, 49.640535946730076], [-112.8551175363258, 49.64045777217924], [-112.85510902970255, 49.6404422256348], [-112.85510455512414, 49.64042598469732], [-112.85510423325339, 49.64040948722192], [-112.8551080728228, 49.64039317786962], [-112.85511597013495, 49.64037749637642], [-112.85512771233645, 49.640362865500144], [-112.85514298300244, 49.64034967963785], [-112.855161370357, 49.640338294404266], [-112.85517269540819, 49.64033278878756], [-112.85518258190783, 49.64032621757563], [-112.85519079467183, 49.64031873720949], [-112.85519713822549, 49.64031052552867], [-112.85520146165649, 49.640301777934475], [-112.85520366204877, 49.640292702675964], [-112.85520368704346, 49.640283515551985], [-112.85521364679946, 49.640263387982856], [-112.85522786116984, 49.64024436831249], [-112.8552460482483, 49.64022683387018], [-112.85525380958647, 49.64022562768056], [-112.85526113919897, 49.64022357763731], [-112.85526782121511, 49.64022074404781], [-112.85527365893951, 49.64021721035722], [-112.8552784805608, 49.64021308061512], [-112.85528214398977, 49.64020847628614], [-112.85528454158647, 49.64020353305951], [-112.8552856025889, 49.64019839648477], [-112.8552852957611, 49.64019321768187], [-112.85528363026634, 49.64018814917723], [-112.855280655003, 49.64018334014943], [-112.85527645770557, 49.64017893224781], [-112.85527116183418, 49.64017505524554], [-112.85526492333979, 49.640171823266996], [-112.85529920766118, 49.64008460798012], [-112.85536349328974, 49.63994342582246], [-112.85543403044026, 49.63980350823116], [-112.85551076027605, 49.639664972015616], [-112.85559361856672, 49.6395279326362], [-112.85567724255233, 49.639421828771326], [-112.85576688953645, 49.63931781970747], [-112.85586243526036, 49.63921604973266], [-112.85596374735162, 49.63911665974503], [-112.85602192387867, 49.6390615608732], [-112.85607413962424, 49.639003998556554], [-112.85612014852913, 49.63894424452616], [-112.85615973343816, 49.6388825804377], [-112.85625999807885, 49.63872812955367], [-112.85636923831233, 49.63857626787267], [-112.85648729594716, 49.63842721544695], [-112.85661399993984, 49.63828118802813], [-112.85674916672566, 49.6381383971425], [-112.8568926004558, 49.63799904944611], [-112.85696552339101, 49.637914879376375], [-112.85704467444367, 49.63783311678076], [-112.85712986550507, 49.63775395596361], [-112.85718986510459, 49.637710218419066], [-112.85724407115848, 49.63766339910752], [-112.85729211014365, 49.637613820875096], [-112.85733365085542, 49.63756182547319], [-112.85753526069387, 49.6373463503158], [-112.8577393551039, 49.63713186443513], [-112.85774749459843, 49.637106769586204], [-112.8577498112365, 49.63708116817673], [-112.85774625400056, 49.637055626860146], [-112.85773690161211, 49.63703071090747], [-112.8577219609357, 49.63700697189031], [-112.85770176272875, 49.636984935193674], [-112.85827013346778, 49.63624062037819], [-112.85831639944189, 49.63618427625994], [-112.85836854351324, 49.636130140738935], [-112.85842631705849, 49.636078472129654], [-112.85845015186376, 49.63606464888789], [-112.85847058862768, 49.63604869464755], [-112.8584871805806, 49.636030957931254], [-112.85849956521791, 49.63601182636329], [-112.85850747181172, 49.63599171803892], [-112.85865034022673, 49.63586667478703], [-112.85879891203325, 49.63574446746908], [-112.85895305384001, 49.63562520582037], [-112.85911262712129, 49.635508996719814], [-112.85927748864988, 49.635395944626126], [-112.85943342786379, 49.63529629033228], [-112.85959653376464, 49.63520159912493], [-112.85976643223584, 49.6351120880659], [-112.8599427337185, 49.63502796241187], [-112.86012503377479, 49.63494941518882], [-112.86031291443349, 49.634876626485976], [-112.86050594474966, 49.63480976317424], [-112.86070368203087, 49.6347489785585], [-112.86090567283819, 49.63469441217226], [-112.86110436998702, 49.63466841106403], [-112.8613049335483, 49.634649393195545], [-112.86150678227287, 49.63463741355597], [-112.86170933106484, 49.63463250695809], [-112.86191199298385, 49.634634687626566], [-112.8621141804617, 49.63464394920958], [-112.86231530751415, 49.634660264872906], [-112.86251479118091, 49.63468358724174], [-112.86286622742695, 49.6347198883216], [-112.86321812382864, 49.634754258303516], [-112.863285627196, 49.63476605091317], [-112.86335510178051, 49.63477106810928], [-112.86350182729747, 49.63478491803904], [-112.86364739845718, 49.63480319860226], [-112.86379149800703, 49.63482587007315], [-112.86393381235452, 49.634852882907836], [-112.8640155310542, 49.63486244252008], [-112.86409834154097, 49.63486639337665], [-112.86423984359503, 49.63488121629956], [-112.86437980851758, 49.634901272254524], [-112.86451777777573, 49.63492649567444], [-112.86465329954353, 49.63495680393873], [-112.86478593002354, 49.634992097674306], [-112.8649691543414, 49.63502288391177], [-112.86514978113084, 49.63505957867606], [-112.86532735890354, 49.63510209029343], [-112.86538012164021, 49.63511758967446], [-112.8654349653427, 49.635129663540276], [-112.86549136425235, 49.635138195951534], [-112.86558883115225, 49.63515394248161], [-112.86568469649606, 49.63517339917556], [-112.86579566836086, 49.63519542039759], [-112.86590910407602, 49.63521128562998], [-112.86595559092564, 49.63521596290386], [-112.86600081269819, 49.63522437823623], [-112.8660440597193, 49.63523639957761], [-112.86619958665202, 49.635265885212725], [-112.86635400920022, 49.63529772542109], [-112.86663793531483, 49.63535602505558], [-112.86692088871882, 49.63541628692889], [-112.86698773387747, 49.63543609356098], [-112.8670580433187, 49.635449945320545], [-112.8671305660336, 49.635457595658195], [-112.86718499979582, 49.63546062816112], [-112.86723838610324, 49.635468167497685], [-112.86749709259965, 49.63552779928745], [-112.8679148939039, 49.63559850311261], [-112.86808003103545, 49.635606477966], [-112.8682446702127, 49.635618004528176], [-112.86840863044412, 49.63563307024133], [-112.86842576101921, 49.63563306288011], [-112.86844269024752, 49.63563136258218], [-112.86845902400655, 49.635628008801746], [-112.86847438178398, 49.635623079828775], [-112.86848840581513, 49.635616690432286], [-112.86850076944819, 49.635608989352335], [-112.86850453266712, 49.635606156541755], [-112.86850896373527, 49.63560376555321], [-112.86851394128685, 49.63560188203052], [-112.8685193288885, 49.63560055744235], [-112.86852497916014, 49.635599828115396], [-112.86853073723753, 49.635599713973455], [-112.8685364454319, 49.63560021822318], [-112.86854194744586, 49.63560132703562], [-112.86854709257332, 49.63560300994704], [-112.8685517397717, 49.63560522097762], [-112.86855576195896, 49.63560789960877], [-112.86855904874703, 49.635610972320485], [-112.8685615103734, 49.63561435500365], [-112.86856307920311, 49.635617955061036], [-112.8685637123298, 49.635621673878404], [-112.86856339239667, 49.635625409638315], [-112.86856212831155, 49.635629059916646], [-112.86855995451113, 49.63563252476889], [-112.86855693067754, 49.635635709388936], [-112.86857606573602, 49.6356481163793], [-112.8685982056398, 49.63565819691968], [-112.86862268847638, 49.6356656495952], [-112.86864878205934, 49.6356702515799], [-112.8686757061513, 49.63567186518458], [-112.86870265573349, 49.63567044225671], [-112.8688653853884, 49.63568273871805], [-112.86887355994854, 49.635679790375654], [-112.86888233538656, 49.63567769353063], [-112.86889150308542, 49.63567649822734], [-112.86890084462952, 49.63567623283322], [-112.86891013790323, 49.63567690373856], [-112.86891916175536, 49.63567849482681], [-112.86892770151591, 49.63568096839143], [-112.86900904691973, 49.6356993052716], [-112.86909307682635, 49.63571151074532], [-112.86917869943117, 49.63571742645402], [-112.86926480232326, 49.635716975418184], [-112.86952471432126, 49.63574615518123], [-112.86978354497933, 49.635779141604594], [-112.87011153153036, 49.63583279786131], [-112.8704418155524, 49.635880139265105], [-112.8704621485731, 49.635882962661704], [-112.87048292154041, 49.63588355006566], [-112.87050355543238, 49.63588188496481], [-112.87052347541734, 49.63587801390568], [-112.87054212640282, 49.635872044702744], [-112.87055898871783, 49.63586414364202], [-112.8705735925083, 49.63585453087345], [-112.87058553072406, 49.6358434744229], [-112.8705934954219, 49.63585917460483], [-112.87060549201726, 49.635873753694945], [-112.87062116423283, 49.63588677874857], [-112.870640046729, 49.635897862948084], [-112.87066157868146, 49.63590667717347], [-112.87068512094585, 49.635912959737865], [-112.87070997437844, 49.63591652404779], [-112.8707354009716, 49.63591726427692], [-112.8707606457143, 49.6359151584568], [-112.87078495906246, 49.63591026912767], [-112.87080761902457, 49.63590274146783], [-112.87081450457354, 49.635912945576415], [-112.87082386235151, 49.63592228292305], [-112.87083544129203, 49.635930503017335], [-112.8708489307085, 49.635937385360805], [-112.87086396901846, 49.63594274535908], [-112.8708801527111, 49.63594643930112], [-112.87089704767018, 49.6359483680667], [-112.8709142007404, 49.635948479900776], [-112.87093115187862, 49.63594677182717], [-112.87100188689702, 49.63594703387251], [-112.87107193839039, 49.635953409590044], [-112.87114005960227, 49.63596578539157], [-112.87120503769653, 49.63598394097917], [-112.87128682704171, 49.63600804810948], [-112.87137172457864, 49.63602709050213], [-112.87145898857979, 49.63604090186558], [-112.87154785698671, 49.63604936153646], [-112.8716375533644, 49.63605239568883], [-112.87197652166995, 49.63610918599985], [-112.87231401070167, 49.6361695797276], [-112.87264992941502, 49.636233560531515], [-112.87271745504837, 49.63624897392994], [-112.87278725378073, 49.63625926437196], [-112.8728584078217, 49.636264296666994], [-112.87292998095263, 49.63626400450756], [-112.87300103201012, 49.6362583918232], [-112.8732072240478, 49.63629875096973], [-112.87341629097757, 49.63633229717759], [-112.87362769937226, 49.63635894474326], [-112.87364883171698, 49.63635991922178], [-112.87366991625449, 49.63635857727196], [-112.8736903554196, 49.636354956890024], [-112.87370956953716, 49.63634916084665], [-112.87372701406993, 49.63634135325776], [-112.87374029820363, 49.63634980603714], [-112.87375558131133, 49.636356687937514], [-112.87377242839993, 49.636361803012534], [-112.87379035978229, 49.636365005741176], [-112.87380886505674, 49.63636620483253], [-112.87382741732631, 49.6363653662418], [-112.87384548847105, 49.636362513750434], [-112.8738625638868, 49.63635772867788], [-112.87387815750145, 49.63635114715013], [-112.87389182548071, 49.63634295656417], [-112.8739681693313, 49.63639116352847], [-112.87404121407755, 49.63644148065608], [-112.87404669123408, 49.63644819722009], [-112.87405375977107, 49.63645425441494], [-112.87406223590644, 49.63645949477994], [-112.87407189904097, 49.63646378193364], [-112.87408249765551, 49.636467004228294], [-112.87409375610378, 49.636469077981026], [-112.87410538144015, 49.63646994919498], [-112.87411707124737, 49.63646959514603], [-112.87412852137534, 49.636468025033665], [-112.87414465914648, 49.636467243264434], [-112.87416078214218, 49.636468144833074], [-112.87417647674705, 49.636470706725696], [-112.87419134019127, 49.6364748630873], [-112.87420499113327, 49.63648050741099], [-112.874217079464, 49.636487494863104], [-112.87422729507982, 49.636495646109545], [-112.87423537574797, 49.63650475206781], [-112.8742546625956, 49.63652525782071], [-112.87427893815403, 49.63654339116476], [-112.87430752436764, 49.63655864575297], [-112.87433962292135, 49.636570595430655], [-112.87437433744269, 49.636578906537146], [-112.87445795709388, 49.636598336364365], [-112.87453959418671, 49.63662104584335], [-112.87461894386661, 49.63664695036556], [-112.87467940714468, 49.63665914187111], [-112.87474206521973, 49.636665028629814], [-112.87480536949774, 49.636664465091854], [-112.87496777712252, 49.636649221611165], [-112.87512824980178, 49.636626953458446], [-112.87528606818839, 49.63659776055239], [-112.8754750778511, 49.63653072104723], [-112.87566708503135, 49.63646737678981], [-112.87586191866022, 49.63640778422966], [-112.87599988014925, 49.63636423021358], [-112.87613349453423, 49.636315292464865], [-112.87626226446993, 49.63626115320858], [-112.87638571034091, 49.63620201390695], [-112.87650337259574, 49.63613809492204], [-112.87661481321827, 49.63606963416282], [-112.87664010034248, 49.636056963291644], [-112.87666257651826, 49.636042226139644], [-112.87668184465062, 49.63602568308209], [-112.87669756428568, 49.63600762648062], [-112.87673814830077, 49.635981810234874], [-112.87677572318928, 49.635954139290284], [-112.87701940337978, 49.63582202161231], [-112.87726746733263, 49.63569339167615], [-112.87733271321547, 49.635662595612054], [-112.87739237172764, 49.63562734246045], [-112.87744572455973, 49.63558805674639], [-112.8775555126777, 49.63550572740072], [-112.87767112050118, 49.635426830043926], [-112.87779229393989, 49.63535153815499], [-112.87791876669186, 49.635280017037736], [-112.87796074097204, 49.63525777158508], [-112.877996320687, 49.63523123773498], [-112.87802448191498, 49.6352011791147], [-112.87804441372361, 49.635168461120976], [-112.87804721654683, 49.63515728587314], [-112.87805275868692, 49.63514655059884], [-112.87806089478133, 49.63513653674758], [-112.87807141179144, 49.635127506552955], [-112.8780840340237, 49.635119696606985], [-112.87809843091595, 49.635113311605146], [-112.87824985446797, 49.63497226654673], [-112.87839458830598, 49.634828289546064], [-112.87853249814046, 49.63468151435381], [-112.87866345571831, 49.63453207736846], [-112.8788048907181, 49.63436789054818], [-112.87895009456552, 49.63420509758474], [-112.87906595346152, 49.63401238703685], [-112.87917211590799, 49.63381733451064], [-112.87926846984843, 49.63362014576815], [-112.8793549139242, 49.633421028830924], [-112.8793763217355, 49.63339598408922], [-112.87939246701217, 49.633369326923976], [-112.87940306864833, 49.63334152120371], [-112.8794079419887, 49.633313051009104], [-112.87940607131505, 49.63329727129615], [-112.87940830749407, 49.633281511698215], [-112.87941458708572, 49.63326621991628], [-112.87942473165685, 49.6332518303803], [-112.87943611218346, 49.63322051135296], [-112.87944126617982, 49.633188506412445], [-112.87944010984177, 49.633156335720614], [-112.87946803910727, 49.633019153764394], [-112.87948598194392, 49.632881269279075], [-112.87950463539902, 49.632771223903056], [-112.87951237890208, 49.63266062791851], [-112.87950918058506, 49.63254993703157], [-112.87949505364294, 49.632439607597306], [-112.8794700564957, 49.6323300943193], [-112.87945999351419, 49.63231187237182], [-112.87945465718772, 49.6322928264495], [-112.87945419111624, 49.63227347013896], [-112.87945860813211, 49.632254325184284], [-112.8794138663301, 49.63209115333664], [-112.87940627700537, 49.63208704057386], [-112.87939982170842, 49.63208217905461], [-112.87939467344133, 49.63207669893449], [-112.87939096971844, 49.63207074685876], [-112.87938880999651, 49.632064482125095], [-112.87938825189303, 49.63205807254634], [-112.87937460372898, 49.631954904653654], [-112.87935102819152, 49.63185249513123], [-112.87931761799736, 49.63175124657018], [-112.8792745045059, 49.63165155704172], [-112.87925024572516, 49.63163165486583], [-112.87923152464792, 49.631609372360124], [-112.87921888193495, 49.631585352776824], [-112.87922793091802, 49.63157210444133], [-112.87923343195936, 49.63155805806562], [-112.87923522907417, 49.63154361146593], [-112.879233271568, 49.631529173692556], [-112.87922761474314, 49.63151515352687], [-112.87921841872465, 49.631501947887934], [-112.87920594395266, 49.63148993071043], [-112.87919054378442, 49.63147944229852], [-112.87917257404729, 49.63147459539024], [-112.87915598067616, 49.631467995088805], [-112.87914116623853, 49.63145980154113], [-112.87912848977766, 49.63145021339118], [-112.87911825883188, 49.631439463242316], [-112.87911072148668, 49.63142781168156], [-112.87910606052925, 49.63141554139577], [-112.87910438896652, 49.63140294979066], [-112.87910200702491, 49.63136950190678], [-112.87909183541089, 49.631336676608306], [-112.8790741098608, 49.6313052346144], [-112.87904924127228, 49.63127590488801], [-112.87901780613338, 49.63124936727842], [-112.87902533881872, 49.63124659875509], [-112.87903206864208, 49.63124306373057], [-112.87903781220761, 49.631238858264275], [-112.87904241360717, 49.63123409681024], [-112.87904574737674, 49.631228908864315], [-112.87904772300462, 49.631223435555185], [-112.87904828668329, 49.63121782570436], [-112.87904742316829, 49.631212232031835], [-112.87904515588238, 49.6312068066247], [-112.87897142941192, 49.631067623652825], [-112.8789791488456, 49.63106704377356], [-112.87898662066031, 49.63106565708912], [-112.87899364643162, 49.63106350030858], [-112.87900003933063, 49.63106063089948], [-112.87900562971173, 49.631057124911834], [-112.87901026901919, 49.63105307564908], [-112.87901383384299, 49.631048590686035], [-112.87901622963685, 49.63104378909925], [-112.87901739255949, 49.63103879846352], [-112.87901729198953, 49.63103375142313], [-112.87901593038843, 49.631028782021744], [-112.87901334392988, 49.631024022399394], [-112.87900960148326, 49.631019598825986], [-112.87900480235106, 49.63101562894595], [-112.87899907402291, 49.63101221830326], [-112.87897409991665, 49.63096536086326], [-112.87894145803762, 49.630920536503794], [-112.87890153234073, 49.630878272786795], [-112.87885479307923, 49.630839067103935], [-112.8787072172604, 49.63066439347002], [-112.87855290162855, 49.63049219497081], [-112.87839194438652, 49.63032258122869], [-112.87836855226796, 49.63030431268931], [-112.87835030666447, 49.63028371769419], [-112.87833774354915, 49.630261401399075], [-112.87833123216349, 49.63023801935462], [-112.8783309637158, 49.63021425847689], [-112.87833694608562, 49.63019081692538], [-112.87834900341822, 49.63016838323719], [-112.87836678167497, 49.63014761652597], [-112.87838975838802, 49.63012912686597], [-112.8784172585737, 49.63011345753401], [-112.87844283274974, 49.63010641881671], [-112.87846639592559, 49.630096867179326], [-112.87848736746162, 49.63008503791709], [-112.87850523044057, 49.63007122247864], [-112.8785195446753, 49.63005576147014], [-112.87852995743226, 49.63003903583864], [-112.87853621205616, 49.63002145781947], [-112.8785381545203, 49.63000346056844], [-112.87853573676743, 49.629985487691464], [-112.87852901851866, 49.62996798196762], [-112.87851398546609, 49.62994661587033], [-112.87850434664657, 49.62992397384492], [-112.87850034500582, 49.62990062641001], [-112.87850208132312, 49.62987716176977], [-112.87850951188854, 49.62985417125974], [-112.87852244940757, 49.62983223410491], [-112.87854056798301, 49.629811903080586], [-112.87856341097007, 49.629793690417046], [-112.878590402788, 49.62977805503721], [-112.87862086347283, 49.629765390972324], [-112.87865402530066, 49.62975601723616], [-112.8787626839863, 49.62969455718419], [-112.87887695072659, 49.62963754989967], [-112.87899639387778, 49.62958521066805], [-112.87912056193667, 49.62953773731838], [-112.87924898589027, 49.62949530916746], [-112.87930476995648, 49.62946309190718], [-112.8793665165085, 49.62943584719356], [-112.87943318215389, 49.629414035461366], [-112.87950364023047, 49.629398025196124], [-112.87957670043409, 49.62938808693789], [-112.87965724884731, 49.62935211938485], [-112.879742068461, 49.62932056562486], [-112.87983058749269, 49.62929363837458], [-112.87992220907554, 49.62927151917613], [-112.87997389946143, 49.62927239755396], [-112.88002515084985, 49.62926794352613], [-112.88007466776732, 49.629258269875784], [-112.88012119868479, 49.6292436208837], [-112.88016356748274, 49.629224367021344], [-112.88037729262861, 49.62917136984906], [-112.88059345199227, 49.62912271646986], [-112.88081183623399, 49.62907845376379], [-112.88103223400219, 49.62903862470823], [-112.88110173960949, 49.629038842395154], [-112.88117085261956, 49.62903404629099], [-112.88123871867703, 49.62902429568915], [-112.88130449863466, 49.62900971125096], [-112.88136737922679, 49.62899047323825], [-112.8817819114936, 49.62891673424945], [-112.88219864100903, 49.62884842168623], [-112.88261739937543, 49.62878556332171], [-112.88287615824797, 49.62875050663899], [-112.88313277404684, 49.6287093364454], [-112.8833869044355, 49.62866210772271], [-112.88363821044385, 49.62860888340113], [-112.88357471409147, 49.62859693583044], [-112.88350926632853, 49.62859088857873], [-112.88344315980025, 49.62859086115398], [-112.88337770017021, 49.62859685406398], [-112.88337015483101, 49.6285969495444], [-112.8833626926484, 49.628596217248486], [-112.88335552743405, 49.62859467830213], [-112.88334886417412, 49.62859237655044], [-112.88334289372455, 49.628589378074906], [-112.88333778710938, 49.62858576869237], [-112.8833336903677, 49.628581651675454], [-112.88333072085334, 49.628577144911105], [-112.88332896354748, 49.62857237748403], [-112.88332846893158, 49.62856748584343], [-112.88332925096911, 49.628562610042785], [-112.88333128731003, 49.62855788964131], [-112.88333451982092, 49.62855345989653], [-112.88333885567683, 49.62854944760227], [-112.88334417098673, 49.62854596752686], [-112.88335031340908, 49.628543119416925], [-112.88335710709771, 49.628540984808005], [-112.88336435762758, 49.62853962469806], [-112.8836345592828, 49.62848687622858], [-112.88390682656012, 49.628438818388844], [-112.88418096638756, 49.62839548527198], [-112.88445678466404, 49.628356907653846], [-112.88473408582108, 49.628323112772925], [-112.88501361378009, 49.62824587300661], [-112.88529700334757, 49.628174819126436], [-112.88558393027279, 49.62811003229344], [-112.88576424023073, 49.628068558758784], [-112.88594093068559, 49.628020964328336], [-112.88611350984476, 49.62796738139968], [-112.88622939774024, 49.627955118704996], [-112.88634649416021, 49.62794949981326], [-112.88646389803615, 49.62795056777625], [-112.88658070625351, 49.627958314554036], [-112.88668696003602, 49.62798918629228], [-112.88679589360825, 49.62801582736708], [-112.88690710827272, 49.628038140202534], [-112.88702019677187, 49.628056043112025], [-112.88702914762843, 49.62805639821604], [-112.88703787045121, 49.62805775012521], [-112.88704610391895, 49.62806005834405], [-112.88705360187016, 49.628063253747975], [-112.88706013967587, 49.62806724080236], [-112.88706552193244, 49.62807190015459], [-112.8870695872499, 49.62807709234877], [-112.8870722142498, 49.62808266191178], [-112.88707332411111, 49.62808844226966], [-112.88707288378536, 49.628094260454375], [-112.88707090621436, 49.62809994214145], [-112.88706745085996, 49.628105317554194], [-112.88706262095197, 49.62811022560936], [-112.88705656103514, 49.62811451950485], [-112.88704945267018, 49.628118070707], [-112.8870415083629, 49.62812077292058], [-112.88703296595283, 49.628122545344056], [-112.88698281378055, 49.628120244713564], [-112.8869327936356, 49.6281235420803], [-112.88688437541717, 49.62813234050684], [-112.8868389820986, 49.628146381466394], [-112.88679794758585, 49.628165252350556], [-112.88671632937842, 49.62817114053249], [-112.88663420967714, 49.62817130608493], [-112.88655253675579, 49.62816574712121], [-112.88652886276265, 49.62816747467643], [-112.88650588152548, 49.62817155154017], [-112.88648414201096, 49.62817788033828], [-112.88646416373828, 49.628186309820315], [-112.8865986521736, 49.628199107976705], [-112.8867339714768, 49.6282074267119], [-112.88686976838227, 49.62821124442599], [-112.88700568814028, 49.62821055116028], [-112.8870845426188, 49.62821436447686], [-112.88711927842729, 49.62821604422717], [-112.88723318290327, 49.628215986687856], [-112.88734675985995, 49.62821037899186], [-112.88745936920839, 49.62819925261201], [-112.8875703762398, 49.62818267029617], [-112.8876941908341, 49.62814012584155], [-112.8878225125821, 49.628103649623455], [-112.88795463772085, 49.62807344175903], [-112.88808984190608, 49.628049667856104], [-112.88832460443724, 49.62796009501152], [-112.88856470254875, 49.62787670366177], [-112.88880975085823, 49.62779962769123], [-112.88896979426252, 49.62776090752708], [-112.88912659211272, 49.62771694001359], [-112.88927973689032, 49.627667839303534], [-112.88942883074265, 49.627613733024596], [-112.88957348626829, 49.62755476185516], [-112.88985229812437, 49.62747137576243], [-112.89013454145481, 49.62739301271742], [-112.89042000168713, 49.62731973221697], [-112.89070846223476, 49.627251589999645], [-112.89101830545064, 49.627185633937714], [-112.89133043098002, 49.627124387730156], [-112.8916446692659, 49.627067884696764], [-112.89196084948593, 49.627016155485144], [-112.89227879988096, 49.626969228217874], [-112.8927669636957, 49.62692645256194], [-112.89325362723808, 49.626876988288764], [-112.89373857320297, 49.62682085736814], [-112.89387600585229, 49.6267934928587], [-112.89401007058466, 49.62675980822722], [-112.89402227138113, 49.6267523441494], [-112.89403589980691, 49.62674600744835], [-112.89405071064586, 49.62674091210398], [-112.8940664378185, 49.6267371495963], [-112.89407822825929, 49.62672792156582], [-112.89409217928923, 49.626720067322225], [-112.89410791659316, 49.62671379751913], [-112.89412501831157, 49.62670928041641], [-112.89414302556028, 49.62670663701702], [-112.89416145556157, 49.626705938243205], [-112.89422011623294, 49.626690138543935], [-112.89427558415423, 49.626670054141954], [-112.89432712092794, 49.626645952359326], [-112.89437404009925, 49.626618154320894], [-112.89462791265615, 49.62648615436678], [-112.89470337732568, 49.62644049724292], [-112.8947710970565, 49.626389974645996], [-112.89491589181375, 49.62630894659303], [-112.89505611983402, 49.62622459750581], [-112.89519160091936, 49.626137035889485], [-112.89519928557176, 49.62613469442819], [-112.89520628461558, 49.626131574963765], [-112.895212413131, 49.62612775997046], [-112.89521750881593, 49.62612335033863], [-112.89522143725473, 49.62611846254755], [-112.89522409452978, 49.62611322581273], [-112.89522541040128, 49.62610777859129], [-112.89522535005243, 49.62610226485795], [-112.89521491352555, 49.626103919742114], [-112.89520420279027, 49.6261044588452], [-112.89519349856111, 49.626103868084776], [-112.8951830812146, 49.626102163013584], [-112.89517322415912, 49.62609938818076], [-112.89517465467827, 49.626090556452596], [-112.89517838551276, 49.62608201306387], [-112.89518430722181, 49.626074008967464], [-112.89519224582978, 49.62606677924941], [-112.89520196807877, 49.6260605361293], [-112.89521318864621, 49.62605546320207], [-112.89522557770452, 49.62605170925189], [-112.8952222381634, 49.62604908201394], [-112.89521960986704, 49.62604613345622], [-112.89521776452408, 49.626042944185826], [-112.89521675255142, 49.62603960100917], [-112.89521660156166, 49.62603619526282], [-112.89521731565475, 49.626032819857485], [-112.89521887525207, 49.6260295668303], [-112.89522123803724, 49.62602652490815], [-112.89522433923146, 49.626023777136275], [-112.89522809452562, 49.62602139853219], [-112.89523754138416, 49.626013542888195], [-112.89524519185647, 49.6260049016617], [-112.8952508937705, 49.625995646914404], [-112.89525453354763, 49.625985962945975], [-112.89525673854823, 49.62598287095939], [-112.89525965417656, 49.625980038183734], [-112.89526321011778, 49.625977532936155], [-112.89526732050942, 49.62597541568803], [-112.89527188607748, 49.62597373764673], [-112.89527679660972, 49.62597253912453], [-112.89528193372985, 49.6259718492775], [-112.8952871733693, 49.62597168454629], [-112.89529238896968, 49.62597204904656], [-112.89531512679646, 49.625978808834354], [-112.89531810467918, 49.62597865863076], [-112.8953210813173, 49.625978818106745], [-112.89532398106047, 49.62597928301551], [-112.89532673008671, 49.62598004171805], [-112.89532925829413, 49.625981074769676], [-112.89533150138352, 49.625982355875095], [-112.895333402174, 49.62598385247639], [-112.89533491235963, 49.62598552641728], [-112.89533599348005, 49.62598733510335], [-112.89533452363351, 49.62598909757727], [-112.8953335012555, 49.625990988845274], [-112.89533295200667, 49.62599296131378], [-112.89533288974499, 49.62599496533413], [-112.89533331593954, 49.62599695063594], [-112.89533422009549, 49.62599886712244], [-112.89533557915993, 49.62600066666307], [-112.8953373592737, 49.62600230397374], [-112.89533951529928, 49.62600373790699], [-112.89534199334783, 49.626004932339384], [-112.89534473086535, 49.62600585725155], [-112.89534690087953, 49.62600724556577], [-112.89534869885084, 49.62600884247385], [-112.8953500779891, 49.626010606452866], [-112.89535100245516, 49.62601249162433], [-112.89535144811319, 49.62601444876838], [-112.89535140337739, 49.62601642705843], [-112.89535086941538, 49.62601837485437], [-112.89534986010618, 49.62602024157263], [-112.89534840180069, 49.6260219784751], [-112.89534653239701, 49.62602354038684], [-112.89534430054262, 49.62602488669573], [-112.89534722057611, 49.62602403821607], [-112.89535030896157, 49.626023497077874], [-112.89535348975932, 49.62602327672811], [-112.8953566843314, 49.62602338260312], [-112.89535981411149, 49.62602381208273], [-112.89536280182244, 49.62602455450212], [-112.89536557368106, 49.626025591604495], [-112.89536806149512, 49.62602689784868], [-112.89537824713749, 49.62602007795142], [-112.89538646706501, 49.626012217997115], [-112.8953924744124, 49.62600355417578], [-112.89539608866076, 49.62599434661824], [-112.89539720123163, 49.62598487196795], [-112.89539577889113, 49.62597541485292], [-112.89539435866915, 49.62597222568537], [-112.89539376624514, 49.625968928165534], [-112.89539401785754, 49.625965612226636], [-112.89539510636239, 49.625962368513854], [-112.89539700229659, 49.62595928544513], [-112.8953996537004, 49.625956447267185], [-112.89540298839025, 49.62595393148741], [-112.89540691533782, 49.62595180665696], [-112.89541132714002, 49.62595013088366], [-112.89541610349504, 49.62594894992291], [-112.89542111399946, 49.62594829590941], [-112.89543222362359, 49.62594447376134], [-112.89544214920382, 49.62593946183175], [-112.89545059198393, 49.62593341100106], [-112.89545729801813, 49.625926503294615], [-112.8954620652633, 49.62591894677097], [-112.89547765548264, 49.625905003516024], [-112.89549654057004, 49.62589290071252], [-112.89551821407768, 49.625882963073046], [-112.89554209412749, 49.62587545732843], [-112.8955675401892, 49.625870584834416], [-112.89560326116657, 49.62586465871226], [-112.8956374104829, 49.62585563318671], [-112.89566935412182, 49.62584367586817], [-112.89569849903047, 49.62582900878364], [-112.89572591140858, 49.62580712024942], [-112.89575869635381, 49.62578861000236], [-112.89579588256777, 49.625774026721444], [-112.89587222617077, 49.62574471483531], [-112.89594318014377, 49.62571015774118], [-112.89600789415982, 49.6256707695415], [-112.89601455611495, 49.62566664997344], [-112.8960201088288, 49.62566188677508], [-112.89602440729632, 49.62565660452648], [-112.8960273390979, 49.625650941283126], [-112.89602882757714, 49.625645045153036], [-112.89602883370355, 49.625639070286084], [-112.89602735749176, 49.625633172859075], [-112.89602443742857, 49.62562750704171], [-112.89597058717662, 49.62565447300608], [-112.89591094692292, 49.625675683166826], [-112.89584696215408, 49.625690623639805], [-112.89578018312486, 49.625698932396105], [-112.89591581822233, 49.62560032774837], [-112.8960583168673, 49.62550589653931], [-112.89609461798786, 49.625465232143036], [-112.89613874140994, 49.62542797483914], [-112.89618993955439, 49.62539475557734], [-112.89624734535465, 49.62536613705007], [-112.8962744539074, 49.62535077706772], [-112.89629707278466, 49.62533260733469], [-112.89631452268125, 49.625312173426394], [-112.89632627955818, 49.62529008922847], [-112.89633199035129, 49.625267018022704], [-112.89633540261983, 49.6252091323281], [-112.89634373243959, 49.62515145753493], [-112.89635695444123, 49.62509416979149], [-112.89636479109255, 49.62502741233734], [-112.89636257440901, 49.62496047659441], [-112.8963503253599, 49.62489399984188], [-112.89632816079487, 49.624828615234755], [-112.89633128806756, 49.62479961590358], [-112.89632779249297, 49.62477063435865], [-112.8963177507693, 49.6247423053172], [-112.89630138265291, 49.62471524939278], [-112.8962790468439, 49.624690059100246], [-112.8962512324109, 49.62466728625721], [-112.89621986480464, 49.62464962882514], [-112.89619238311411, 49.624629422423176], [-112.89616927413758, 49.624607024909885], [-112.89613360042142, 49.62456856137078], [-112.89609049930982, 49.62453345395724], [-112.89604070945795, 49.62450230398244], [-112.89599780441254, 49.62447126151469], [-112.89596106335654, 49.62443704436514], [-112.89593103733563, 49.62440016589105], [-112.89590817682553, 49.62436117935047], [-112.8958928248309, 49.624320669707224], [-112.89588694526132, 49.62432059175877], [-112.89588117434228, 49.624319856472816], [-112.89587568498843, 49.62431848592894], [-112.89587064149255, 49.624316521116086], [-112.89586619500902, 49.624314020882366], [-112.89586247849996, 49.62431106016016], [-112.89585960335843, 49.62430772748829], [-112.89585765569471, 49.6243041227463], [-112.89585669375379, 49.624300353820836], [-112.89585674643224, 49.624296533641896], [-112.89585448843032, 49.6242861259599], [-112.89585496396847, 49.624275619899066], [-112.89585815949007, 49.624265316317256], [-112.89586398350016, 49.62425551029313], [-112.89587226919464, 49.62424648259064], [-112.89588277940153, 49.62423849172112], [-112.89589544677155, 49.62417157649221], [-112.8959004632157, 49.62410423593677], [-112.8959115772108, 49.62409464373593], [-112.89592003178046, 49.624083967965944], [-112.8959255828806, 49.624072516566955], [-112.89592807056086, 49.62406062000616], [-112.8959274228376, 49.624048621603116], [-112.8959236584672, 49.624036867484904], [-112.8959168860583, 49.624025696866084], [-112.89590730097588, 49.62401543201988], [-112.89589517989967, 49.62400636916222], [-112.89588087260321, 49.62399876981273], [-112.89585804774188, 49.62399417829415], [-112.89583663267311, 49.62398729339306], [-112.89581716938899, 49.62397828933366], [-112.8958001504984, 49.62396739396648], [-112.89578600684139, 49.623954883110926], [-112.89577509635603, 49.62394107339903], [-112.89576769517565, 49.623926314421176], [-112.8957558817475, 49.623826149450224], [-112.89575235341904, 49.623725717058264], [-112.89575712054766, 49.62362530631856], [-112.89577016913442, 49.62352520607035], [-112.89593657110876, 49.623142374582294], [-112.89609951477247, 49.622758916012295], [-112.89620224208872, 49.62258250245295], [-112.89631239800924, 49.62240799080102], [-112.89642989875965, 49.62223551317783], [-112.89655465573593, 49.622065200003036], [-112.89661913623523, 49.62199858685224], [-112.89667420973906, 49.621928501421905], [-112.89671943700387, 49.62185550281093], [-112.89675445721545, 49.62178017359631], [-112.8968157502256, 49.621689237099794], [-112.89688520966527, 49.62160081333994], [-112.89696259266574, 49.62151521147817], [-112.89700597043937, 49.621458556926086], [-112.89705666316107, 49.62140452627504], [-112.89711429753608, 49.62135351722743], [-112.89717844961967, 49.621305905277346], [-112.89724864698756, 49.62126204078218], [-112.89732437310715, 49.62122224663071], [-112.89740507060799, 49.62118681561302], [-112.89751908863694, 49.62113926113069], [-112.8976270493153, 49.62108607339178], [-112.89772829467093, 49.621027576413724], [-112.89782220775244, 49.62096412676181], [-112.89790821622718, 49.620896111137135], [-112.89805052390037, 49.620760260734976], [-112.89819991629591, 49.6206276598274], [-112.89827488363804, 49.62055886722604], [-112.89834128354919, 49.62048645442397], [-112.89839870398238, 49.62041087065009], [-112.89844678870027, 49.62033258501444], [-112.89848523933824, 49.620252083362054], [-112.89842609563195, 49.620257668199024], [-112.89836898730879, 49.62026911645145], [-112.898315282814, 49.62028615382708], [-112.89830322626173, 49.620290632159495], [-112.89829020260579, 49.620293765331134], [-112.89827656443246, 49.620295468573765], [-112.89826268095004, 49.62029569583611], [-112.8982489279996, 49.620294440839814], [-112.89823567807525, 49.620291737703816], [-112.89822328972556, 49.620287659548644], [-112.89821209851307, 49.62028231675567], [-112.89826665342318, 49.62023603254302], [-112.89831616596265, 49.62018741442249], [-112.89836040049524, 49.62013669395548], [-112.898366404282, 49.62013155474443], [-112.89837361966616, 49.62012712169406], [-112.89838185273554, 49.620123513958], [-112.89839088239701, 49.62012082849017], [-112.89840046597148, 49.62011913743648], [-112.89841034599232, 49.620118486185106], [-112.89842025709474, 49.620118892281404], [-112.89842993289552, 49.62012034477355], [-112.89843911351272, 49.62012280464425], [-112.89844755240806, 49.62012620581064], [-112.89845502265959, 49.62013045683883], [-112.89859088559923, 49.62001037238609], [-112.89872087069566, 49.61988757245957], [-112.89879395861244, 49.61979724442156], [-112.89887637336412, 49.61971037116763], [-112.89896772974755, 49.61962735855551], [-112.89906760112126, 49.619548594423215], [-112.89917552055321, 49.619474446801874], [-112.89929098407535, 49.619405262004975], [-112.89941345215358, 49.61934136327599], [-112.89954235260146, 49.61928304923384], [-112.89967708305258, 49.61923059224255], [-112.89981701430536, 49.619184237364315], [-112.90029429926983, 49.619068322251216], [-112.90076984031386, 49.618949422045624], [-112.90088692272553, 49.61890680439333], [-112.9010085175664, 49.61886990398299], [-112.90113396432511, 49.61883892106325], [-112.90126258217865, 49.61881402389603], [-112.90139367256161, 49.61879534770198], [-112.9015265237232, 49.61878299384078], [-112.90166041449936, 49.6187770294155], [-112.90179461764217, 49.618777486872716], [-112.90192840470051, 49.618784363545345], [-112.90206104910368, 49.61879762232933], [-112.90219183071338, 49.6188171910793], [-112.90232735690019, 49.61885731037213], [-112.90245810611201, 49.618903640562735], [-112.90258340522263, 49.618955943142495], [-112.90270260913752, 49.61901394879367], [-112.90281510386205, 49.619077358784885], [-112.90292031033837, 49.61914584666144], [-112.90301768662377, 49.61921905984802], [-112.90310673161902, 49.61929662126644], [-112.90318698645596, 49.61937813164988], [-112.9032580381125, 49.61946317130345], [-112.90327433149703, 49.619595147905606], [-112.9032804954441, 49.6197274877826], [-112.90327651453411, 49.6198598629701], [-112.90326239870649, 49.61999194538173], [-112.90323818257373, 49.620123407809594], [-112.90319814282131, 49.62023132177674], [-112.90316573421669, 49.62034031156741], [-112.9031410245887, 49.620450149644206], [-112.90312406553501, 49.620560606516044], [-112.90311489262689, 49.62067145145939], [-112.90311352495759, 49.62078245287362], [-112.90311396726678, 49.62115735826254], [-112.90312386403532, 49.62153220847698], [-112.9031432130837, 49.62190690314019], [-112.90315320813728, 49.621959203803755], [-112.90317022005408, 49.62201073410168], [-112.90319411790077, 49.62206109763666], [-112.9032247177257, 49.622109906787884], [-112.90328170608569, 49.622236599560736], [-112.9033290592421, 49.62236495601127], [-112.9033666629208, 49.62249466703174], [-112.90339442661308, 49.6226254202843], [-112.90346211154598, 49.62272377114348], [-112.90352171751087, 49.62282430435014], [-112.903573078669, 49.62292673994724], [-112.903616051883, 49.62303079279606], [-112.90367046852145, 49.62308242606878], [-112.9037173269326, 49.62313709824769], [-112.90375622805158, 49.623194343795014], [-112.90378684084949, 49.62325367515584], [-112.90383966935256, 49.6232899484308], [-112.90388562242924, 49.62332997812178], [-112.90392407229217, 49.62337321760932], [-112.90395449378971, 49.62341907621215], [-112.90397647130864, 49.623466927453116], [-112.90398970467244, 49.62351611767512], [-112.90405393724659, 49.62359038219377], [-112.90412581129121, 49.62366163030191], [-112.90420499263927, 49.623729530714485], [-112.90429111288088, 49.62379376779196], [-112.9043550446163, 49.623834877260954], [-112.90441432962746, 49.62387882755899], [-112.9044686696803, 49.62392539739607], [-112.90451779141033, 49.62397435255297], [-112.90465686449232, 49.624037286766985], [-112.9047995557711, 49.62409670477811], [-112.90494565458289, 49.62415251883062], [-112.90509494548623, 49.62420464666355], [-112.90531921161728, 49.62428220750542], [-112.9055393847128, 49.62436456924735], [-112.90575522124192, 49.624451640839354], [-112.9059664824354, 49.62454332602632], [-112.90617293494502, 49.624639523569925], [-112.90639465009279, 49.62473482118919], [-112.90662227283562, 49.62482404854671], [-112.90685540935783, 49.6249070513237], [-112.90709365662451, 49.62498368590737], [-112.9071424885544, 49.62502680564518], [-112.9071831362299, 49.625073371172284], [-112.9072150303014, 49.625122730331476], [-112.90723772388147, 49.62517419169138], [-112.90723450551363, 49.62517965590504], [-112.90723278662102, 49.625185398860125], [-112.90723261856375, 49.62519124831935], [-112.90723400659341, 49.625197028948385], [-112.90723690885446, 49.6252025673421], [-112.90724123858863, 49.625207697440686], [-112.90724686568777, 49.62521226536421], [-112.90725362157133, 49.62521613413449], [-112.90726130363564, 49.6252191877458], [-112.90726968148907, 49.62522133460466], [-112.90727850375366, 49.625222510399794], [-112.90728750611031, 49.625222679832454], [-112.9072964184713, 49.62522183776341], [-112.90730497349907, 49.62522000958101], [-112.9073129147188, 49.625217249910875], [-112.90732000406838, 49.62521364175212], [-112.90732602883973, 49.62520929308973], [-112.90733080837826, 49.62520433443996], [-112.9073448391192, 49.62519133560098], [-112.90736185100756, 49.62517993752702], [-112.90738141795961, 49.62517042567209], [-112.90740304983494, 49.62516303827005], [-112.9074262049715, 49.625157960410476], [-112.90745030325007, 49.625155319198235], [-112.90747474122023, 49.62515518080315], [-112.90749890675608, 49.62515754872788], [-112.90752219467318, 49.62516236366771], [-112.90766052497364, 49.62517568301166], [-112.90779995427319, 49.62518265456936], [-112.90793979305616, 49.625183243848426], [-112.90807934976978, 49.625177447993245], [-112.90821793459334, 49.6251652956764], [-112.90835486210129, 49.6251468469081], [-112.9084894553644, 49.62512219293082], [-112.9086210488423, 49.62509145567084], [-112.90873047248631, 49.62506925932717], [-112.90884164851668, 49.62505110603397], [-112.90895422308114, 49.625037053454164], [-112.90906783829688, 49.62502714640914], [-112.90908504598849, 49.62502746446379], [-112.90910193814864, 49.62502961905889], [-112.90911805343003, 49.62503355131834], [-112.90913295194542, 49.625039153794695], [-112.90914622693577, 49.62504627360066], [-112.90915751575642, 49.625054716325145], [-112.90916651016548, 49.62506425145349], [-112.90917296482148, 49.625074618634095], [-112.90917670321699, 49.62508553471229], [-112.90917762337004, 49.625096701697025], [-112.90920794948562, 49.625109120241454], [-112.90924104982362, 49.62511806256406], [-112.90927598863706, 49.62512327583327], [-112.9093117781004, 49.62512461269186], [-112.90938778955648, 49.625117098105335], [-112.90946466884391, 49.62511640931512], [-112.90954097046202, 49.62512255917588], [-112.90961525952484, 49.6251354322373], [-112.90968613929746, 49.625154786298324], [-112.90968830006186, 49.625162460235494], [-112.90968856705713, 49.625170259635404], [-112.9096869334744, 49.62517798840398], [-112.90968344052159, 49.62518545241001], [-112.90990510743771, 49.625179688471796], [-112.91012609274108, 49.62516701851619], [-112.9100965718828, 49.62519172097882], [-112.9100618805642, 49.625213402937256], [-112.9100695221752, 49.62522252111189], [-112.91007941570157, 49.62523067443993], [-112.91009127918106, 49.62523763064118], [-112.91010477474111, 49.625243191583095], [-112.91011951778016, 49.62524719869044], [-112.91013508837304, 49.625249537944704], [-112.91015104272621, 49.62525014265358], [-112.9101669264204, 49.625248995518014], [-112.91018228679982, 49.62524612925248], [-112.91019668628387, 49.625241625559205], [-112.91020971449149, 49.625235612724474], [-112.91028986277408, 49.62521078053742], [-112.91037279205065, 49.625190158866374], [-112.91038060790642, 49.625188940508004], [-112.91038800088816, 49.625186891389895], [-112.91039476318501, 49.62518406904849], [-112.91040070499601, 49.62518055269907], [-112.91040565934055, 49.625176441051096], [-112.91040948720924, 49.6251718497668], [-112.91041208097171, 49.62516690760869], [-112.91041336776404, 49.62516175352183], [-112.91041331158088, 49.62515653219362], [-112.91041191380342, 49.62515139024585], [-112.91040921395327, 49.62514647221344], [-112.91040528757618, 49.625141916136236], [-112.91040024510414, 49.62513784995152], [-112.91039422816975, 49.62513438793432], [-112.91038740569424, 49.62513162735145], [-112.91037996941068, 49.62512964561395], [-112.91037212803624, 49.625128498423756], [-112.91036410188411, 49.625128218068305], [-112.91030884652739, 49.62512170093576], [-112.91025270218798, 49.625120877254254], [-112.9101970502978, 49.625125767293504], [-112.9101432602565, 49.625136250646534], [-112.91013541521009, 49.625137432385564], [-112.91012738081517, 49.62513778951907], [-112.91011936114735, 49.625137312818055], [-112.91011155991487, 49.62513601448752], [-112.91010417526753, 49.62513392754213], [-112.91009739483242, 49.625131104968034], [-112.91009139087105, 49.625127618382564], [-112.91008631577388, 49.62512355648092], [-112.91008229857674, 49.625119022341806], [-112.91007860329539, 49.625115148383465], [-112.9100739705062, 49.62511172599867], [-112.91006852843634, 49.62510884984153], [-112.91006242768536, 49.625106599526084], [-112.91005583706774, 49.62510503735707], [-112.91004893911054, 49.625104206632905], [-112.91004192454974, 49.62510413015528], [-112.91003498745724, 49.625104810255024], [-112.91002831994417, 49.62510622795107], [-112.91002210648897, 49.625108344048016], [-112.90999619742449, 49.62511327535212], [-112.90996945207404, 49.625115669953175], [-112.9099424555324, 49.625115475522314], [-112.90991579850073, 49.62511269618315], [-112.90991495952682, 49.62510421101172], [-112.9099163653961, 49.625095757554334], [-112.90991997478712, 49.625087584613574], [-112.90992568123002, 49.62507993260931], [-112.90993331713429, 49.62507302678234], [-112.90994265748249, 49.625067070467175], [-112.909953427611, 49.62506223883488], [-112.90996531040476, 49.625058674069074], [-112.90997795635957, 49.625056481072576], [-112.90999099306008, 49.62505572453524], [-112.91000403708232, 49.62505642652833], [-112.91001299608344, 49.625056652099616], [-112.9100218975698, 49.62505595639924], [-112.91003051845838, 49.62505435682185], [-112.9100386426909, 49.625051893416675], [-112.91004606668139, 49.62504862793166], [-112.91005260433374, 49.62504464227822], [-112.91005809163246, 49.62504003627222], [-112.91006239123317, 49.62503492537545], [-112.91006539529646, 49.62502943777254], [-112.91006702855398, 49.62502371094709], [-112.91007011868224, 49.625006732194215], [-112.91007756205131, 49.62499033324138], [-112.91008914635214, 49.62497498155361], [-112.91010454134337, 49.6249611147102], [-112.91012330820615, 49.62494912811955], [-112.91014491187234, 49.6249393634818], [-112.91016873652121, 49.62493209915114], [-112.91019410291982, 49.624927542242496], [-112.91022028782481, 49.624925822627546], [-112.91022221632598, 49.62493202266877], [-112.91022267934446, 49.62493834084729], [-112.91022166616733, 49.62494463189219], [-112.91021920006644, 49.62495075106821], [-112.9102153378906, 49.62495655755309], [-112.91021016832978, 49.62496191780217], [-112.91020381040829, 49.6249667085557], [-112.91016614567305, 49.62497230190762], [-112.91014616569088, 49.62498120045644], [-112.91012851641354, 49.62499197981299], [-112.91011361334057, 49.62500438635365], [-112.91010180749656, 49.62501812793666], [-112.91009337663505, 49.62503288101301], [-112.91016131374342, 49.62502430665366], [-112.91022763440907, 49.625011457108094], [-112.91029170255494, 49.624994455663334], [-112.91035290392378, 49.624973465234746], [-112.91038435512542, 49.6249599681807], [-112.9104185055735, 49.62494960279034], [-112.91045462175914, 49.62494259185415], [-112.91049192760276, 49.62493908589712], [-112.9104990985944, 49.6249405981837], [-112.91050655908177, 49.62494130490357], [-112.91051409634458, 49.62494118585442], [-112.91052149514194, 49.62494024447775], [-112.91052854447396, 49.6249385075628], [-112.9105350433504, 49.62493602479729], [-112.9105408063694, 49.6249328668776], [-112.91054566895838, 49.62492912390349], [-112.9105494925259, 49.62492490276489], [-112.91055216796956, 49.62492032379385], [-112.91055361895855, 49.624915517558215], [-112.91055380411758, 49.62491062128524], [-112.91055271811788, 49.624905774627614], [-112.91055039198349, 49.6249011158536], [-112.91054689207395, 49.624896777809006], [-112.9105485358115, 49.62489191403891], [-112.91055141547969, 49.62488729915072], [-112.9105554489677, 49.62488306466481], [-112.91056052140759, 49.624879331218466], [-112.91056648813003, 49.62487620514064], [-112.91057317915856, 49.624873775544806], [-112.91058040392063, 49.62487211163981], [-112.9105879540757, 49.62486587721961], [-112.9105938190932, 49.6248589195778], [-112.91059783858859, 49.624851429062836], [-112.91059990245812, 49.62484361066799], [-112.91059995444255, 49.62483567816605], [-112.91059799291301, 49.624827848649396], [-112.9105940716748, 49.62482033627896], [-112.9105882979936, 49.624813346438714], [-112.91058082972155, 49.62480707052927], [-112.91057187122155, 49.62480168003045], [-112.9105616675859, 49.62479732256254], [-112.91055049787481, 49.62479411721851], [-112.91053866753798, 49.62479215175915], [-112.91052650050271, 49.62479147987698], [-112.91051432934437, 49.624792120024686], [-112.91050248699914, 49.62479405461776], [-112.91049918905439, 49.62479397329399], [-112.91049595699339, 49.62479353966432], [-112.91049287936366, 49.62479276556861], [-112.9104900404062, 49.62479167222999], [-112.91048751796465, 49.62479028965975], [-112.9104853812919, 49.62478865570147], [-112.91048368885667, 49.62478681507513], [-112.91048248692661, 49.624784818356744], [-112.91048180861206, 49.62478272017086], [-112.91048167234004, 49.62478057809711], [-112.91048208200839, 49.624778450729394], [-112.91048302623948, 49.624776396373974], [-112.91048447930304, 49.624774471403526], [-112.91048640126523, 49.624772728532164], [-112.91048873945844, 49.62477121546236], [-112.91049142994629, 49.624769973747746], [-112.9104943987735, 49.62476903736619], [-112.91049756486052, 49.624768432027594], [-112.9105066232381, 49.62476824614974], [-112.91051550885707, 49.624767087415655], [-112.91052397582877, 49.62476498789736], [-112.91053179008883, 49.62476200560381], [-112.91053873518483, 49.62475822316857], [-112.9105446189785, 49.6247537452512], [-112.91054927880607, 49.62474869556434], [-112.91054204608027, 49.62474091542368], [-112.91053293965433, 49.62473401528575], [-112.9105222082503, 49.62472818359356], [-112.9105101450933, 49.62472357957067], [-112.91049707947975, 49.624720328969545], [-112.9104833682171, 49.62471852060996], [-112.91046938571577, 49.62471820376798], [-112.91042076438511, 49.62473859832714], [-112.91037772526865, 49.6247637352386], [-112.91036786546651, 49.6247678142354], [-112.9103571651475, 49.62477087128713], [-112.91034587339819, 49.624772835217975], [-112.91033425324088, 49.6247736604493], [-112.91032257508392, 49.62477332772937], [-112.91029989032572, 49.62477340503293], [-112.91027744610714, 49.62477554668785], [-112.9102556853274, 49.62477971017619], [-112.91023503736919, 49.624785813575095], [-112.91021590955631, 49.624793736267755], [-112.91020743831736, 49.62479918333986], [-112.91019767483354, 49.62480362478736], [-112.9101868985657, 49.62480693339353], [-112.91017541792442, 49.624809014586184], [-112.91016356147057, 49.62480980872881], [-112.91015166868101, 49.624809293047875], [-112.91014007985412, 49.62480748240117], [-112.91012912671341, 49.624804428541744], [-112.9101191229117, 49.624800218877546], [-112.91011035456246, 49.62479497400835], [-112.91010307279467, 49.62478884391487], [-112.91009748608622, 49.62478200414565], [-112.91009375407197, 49.62477465043549], [-112.91009198389993, 49.62476699327573], [-112.91009450977882, 49.624761982144456], [-112.91009578317119, 49.624756774484936], [-112.91009577202475, 49.62475150156925], [-112.91009447658685, 49.624746296268505], [-112.91009192959065, 49.62474128967345], [-112.91008819521855, 49.62473660791936], [-112.91008336739797, 49.62473236914883], [-112.91007756788728, 49.62472867996864], [-112.91007094288686, 49.62472563347562], [-112.91006365922823, 49.62472330634334], [-112.91005944418501, 49.62472099544231], [-112.91005591002379, 49.624718244723056], [-112.91005316374081, 49.624715137489716], [-112.9100512886137, 49.62471176790144], [-112.91005034138391, 49.624708238212314], [-112.91005035100679, 49.624704655234574], [-112.9100513169412, 49.62470112758894], [-112.91005321011228, 49.62469776226059], [-112.9100559729852, 49.62469466129079], [-112.91005952185341, 49.624691918489276], [-112.91006374910428, 49.624689617153635], [-112.9100685268324, 49.624687826938036], [-112.91007370997832, 49.62468660215631], [-112.91007914168753, 49.6246859798182], [-112.91014445332576, 49.624669024980754], [-112.91021175092988, 49.6246557462547], [-112.91028054533935, 49.62464624010415], [-112.9103327126023, 49.62462994899628], [-112.91038027177656, 49.624608516991245], [-112.91062521635074, 49.624537596047], [-112.91087281663191, 49.62447068045499], [-112.91112291747847, 49.6244078121892], [-112.91137536225779, 49.624349030692876], [-112.91154318459071, 49.62427698088284], [-112.91170553494149, 49.62419982130892], [-112.91186204506451, 49.624117727009704], [-112.91201235964888, 49.624030884296765], [-112.91215613788303, 49.623939490121764], [-112.91229305345804, 49.62384375193216], [-112.9123528481357, 49.623766334476414], [-112.91242045000631, 49.623691677281414], [-112.91249555854556, 49.62362011209222], [-112.91257784010023, 49.62355195688955], [-112.91266692879984, 49.62348751474774], [-112.91276242870374, 49.62342707191303], [-112.91286391547932, 49.62337089702806], [-112.91307067950034, 49.623190072508656], [-112.91327303021548, 49.62300715344698], [-112.91327985551955, 49.62300578344557], [-112.91328621512574, 49.623003669553206], [-112.91329191849586, 49.62300087494088], [-112.91329679467606, 49.62299748339388], [-112.91330069778564, 49.62299359648546], [-112.91330351095918, 49.62298933059279], [-112.91330514985361, 49.62298481354866], [-112.91330556539809, 49.62298018049479], [-112.91330474509182, 49.622975570297385], [-112.9133027136582, 49.62297112102094], [-112.9132995318043, 49.622966965960224], [-112.91329529487442, 49.62296322945511], [-112.91329012971458, 49.622960023480246], [-112.9132841910991, 49.62295744401449], [-112.9132776568062, 49.62295556840509], [-112.91323412515398, 49.62295731195813], [-112.91319142591492, 49.62296308598955], [-112.91318804843408, 49.62296450468594], [-112.91318435001959, 49.6229655314024], [-112.91318043730124, 49.62296613656654], [-112.9131764235057, 49.62296630268149], [-112.91317242434747, 49.62296602486281], [-112.91316855524977, 49.622965311316044], [-112.91316492793183, 49.62296418244127], [-112.91316164719345, 49.62296267101894], [-112.91315880774114, 49.622960820525364], [-112.91315649143479, 49.62295868445937], [-112.91315476522581, 49.62295632445267], [-112.91315367897808, 49.622953808666814], [-112.91315326396284, 49.62295120976462], [-112.91315353224242, 49.62294860274646], [-112.91315447605403, 49.62294606278614], [-112.91315606818351, 49.622943663364204], [-112.9131582625764, 49.62294147368384], [-112.91316099592807, 49.622939556887374], [-112.91316418927028, 49.622937968416664], [-112.91316775045013, 49.62293675409394], [-112.91317157681267, 49.622935948996144], [-112.91317555766213, 49.6229355763269], [-112.91323790018646, 49.62289879507096], [-112.91330568808075, 49.62286633274358], [-112.91337821532791, 49.622838527432904], [-112.913454726725, 49.622815668640314], [-112.91354290661441, 49.62277712159669], [-112.91362812180597, 49.62273585633983], [-112.91371017404938, 49.62269196892295], [-112.91370449850426, 49.62269032756797], [-112.91369931597549, 49.6226881020299], [-112.9136947676288, 49.622685352910096], [-112.91369097736823, 49.6226821551794], [-112.91368804856435, 49.622678595917286], [-112.91368606100242, 49.62267477212508], [-112.91368506872894, 49.62267078797212], [-112.9136850988932, 49.622666752123216], [-112.91381813459786, 49.622566708016706], [-112.91395716436973, 49.62247016515802], [-112.91410197012766, 49.62237727499484], [-112.91425232440035, 49.62228818327584], [-112.91430531296064, 49.622263745537595], [-112.91436370953322, 49.622245226158206], [-112.91442596192374, 49.62223311722976], [-112.91449041564643, 49.62222774061874], [-112.91455535752014, 49.622229239311224], [-112.91461906148676, 49.622237573382904], [-112.9146798345308, 49.62225252136469], [-112.91473606128598, 49.62227368591206], [-112.91485313891305, 49.62231301754089], [-112.9149656976193, 49.62235757051274], [-112.91507318639744, 49.62240712666913], [-112.91517507946583, 49.62246144355864], [-112.91527087801846, 49.62252025538825], [-112.91536011318527, 49.62258327434546], [-112.91544234843568, 49.622650192059346], [-112.91551718120736, 49.62272068105407], [-112.91560092839318, 49.62273819498865], [-112.91568170221268, 49.6227608489366], [-112.91575875688748, 49.62278843391794], [-112.91583138153277, 49.62282069524118], [-112.91603116195479, 49.6229118715282], [-112.9162247848202, 49.62300849218132], [-112.91641189881342, 49.62311038179587], [-112.91659216444441, 49.62321735558326], [-112.91676525460015, 49.62332921944791], [-112.91693085519955, 49.623445770424695], [-112.9171232964512, 49.623567472995006], [-112.91732110306715, 49.62368548963096], [-112.91752410793855, 49.62379972054785], [-112.9177321395598, 49.62391006922941], [-112.91777035209175, 49.623929863156434], [-112.91792673423991, 49.624010867890526], [-112.91811591923583, 49.62411592328454], [-112.91829947369533, 49.624225113022426], [-112.9184771837351, 49.62433830974524], [-112.9186488422116, 49.62445538148156], [-112.91872371122903, 49.62451966638733], [-112.91878947237811, 49.62458802639703], [-112.91882609064173, 49.62462660610915], [-112.91886965483359, 49.62466200895761], [-112.91891951890476, 49.62469371015929], [-112.91897494400546, 49.62472123981621], [-112.9190351082996, 49.62474418976961], [-112.91909912000496, 49.62476221983722], [-112.9191658330774, 49.62479134175179], [-112.91922840392921, 49.624824114848316], [-112.91928636053356, 49.6248602919374], [-112.91933926554002, 49.62489959989661], [-112.91944707590991, 49.62495300051271], [-112.91955939944063, 49.62500231954555], [-112.91967587046717, 49.62504739645791], [-112.91970283863989, 49.62507648006283], [-112.91973710227175, 49.625102118671066], [-112.91977764085075, 49.62512354891945], [-112.91982324748422, 49.62514013267577], [-112.91998647136933, 49.62523000049726], [-112.92014401410091, 49.625324049910176], [-112.92029562212136, 49.62542212937405], [-112.92044105108482, 49.62552408110427], [-112.9205800669692, 49.62562974086644], [-112.9207124459526, 49.62573893855063], [-112.92083797463035, 49.625851498388904], [-112.9209564510081, 49.62596723910827], [-112.92102779264496, 49.62604924085135], [-112.92110659614858, 49.62612830747817], [-112.92119257605945, 49.62620415280738], [-112.92128542140425, 49.626276502361115], [-112.9213847962314, 49.626345094161316], [-112.92149034068822, 49.62640968010717], [-112.92160167289487, 49.62647002635235], [-112.92196168036891, 49.62673335617916], [-112.92231463980309, 49.62700068300206], [-112.92266044583346, 49.627271927276766], [-112.92299899544324, 49.62754700811399], [-112.92315914166548, 49.627684801487455], [-112.92331104374176, 49.62782647912387], [-112.92345447885987, 49.627971833098194], [-112.92358923616963, 49.628120649984886], [-112.92371511766109, 49.628272711225456], [-112.92383193859654, 49.62842779363577], [-112.92393952728976, 49.628585669403826], [-112.92403772564411, 49.62874610681398], [-112.92412638948373, 49.628908870321624], [-112.92423227062456, 49.629044970130934], [-112.92432874150225, 49.62918399039338], [-112.92441561162914, 49.6293256567195], [-112.92449270956322, 49.62946968949965], [-112.92455988289761, 49.62961580440736], [-112.92461699902051, 49.62976371312556], [-112.9246639451083, 49.62991312370599], [-112.92468353677442, 49.629976943034], [-112.92469667622635, 49.630041456761255], [-112.92470330725436, 49.63010638978249], [-112.9247034015892, 49.63017146552443], [-112.92470401229892, 49.63018989064645], [-112.92470865824258, 49.630208071327466], [-112.9247172447073, 49.630225636496945], [-112.92472959640308, 49.63024222793171], [-112.92474546130292, 49.630257506909984], [-112.92471575031405, 49.630371982448814], [-112.92467671356468, 49.63048527034897], [-112.92462920408367, 49.63057515351246], [-112.92458483232369, 49.63066571086758], [-112.92457020141805, 49.6307091261157], [-112.92454566572154, 49.63075061357353], [-112.92451178554215, 49.63078922584419], [-112.9245042372627, 49.63080425582622], [-112.9244929449009, 49.630818260875905], [-112.92447822327573, 49.63083085070674], [-112.92446048258324, 49.63084167440482], [-112.92444021709905, 49.63085043053897], [-112.9244179914935, 49.63085687501906], [-112.92439708414423, 49.63090989370767], [-112.9243668880777, 49.630960988802336], [-112.92432780740413, 49.63100947625669], [-112.92428036541527, 49.63105470694081], [-112.92422519719655, 49.63109607527778], [-112.92416304136245, 49.63113302744008], [-112.92409473003724, 49.631165068738966], [-112.924041666554, 49.63118931097167], [-112.92399248313352, 49.63121678938324], [-112.92394764579375, 49.63124724365229], [-112.92390757931545, 49.631280385162746], [-112.92380501723918, 49.631360944963305], [-112.92371053772818, 49.63144557234839], [-112.92363608604182, 49.631495003787315], [-112.92356703993376, 49.63154764141097], [-112.92350372585231, 49.631603236483436], [-112.92344644287557, 49.631661526058274], [-112.92344173611788, 49.63167444283042], [-112.92343387700696, 49.63168669565433], [-112.92342307233156, 49.63169796230221], [-112.92340960605762, 49.63170794651391], [-112.92339383240252, 49.631716385701786], [-112.92337616615384, 49.6317230580546], [-112.92335707180635, 49.63172778797584], [-112.92311029257965, 49.6318908319565], [-112.9228598313482, 49.63205149016294], [-112.92261889105323, 49.632186545982705], [-112.9223849473552, 49.63232669565064], [-112.9221582554701, 49.632471786344055], [-112.92213754216023, 49.632485789125276], [-112.92212036998035, 49.632501685033], [-112.92210714303064, 49.63251909980006], [-112.9220981727186, 49.63253762369401], [-112.92209367002236, 49.63255682079689], [-112.92209374105221, 49.632576239394744], [-112.92209838394078, 49.63259542237952], [-112.92203902749347, 49.632630024091156], [-112.92197568469156, 49.63266150318104], [-112.9219087440088, 49.63268966672718], [-112.92183861574149, 49.63271434186628], [-112.92179876355473, 49.63272400597878], [-112.92176144464796, 49.63273726766981], [-112.92172742413553, 49.63275385509481], [-112.9216973995303, 49.63277342815895], [-112.92167198630064, 49.63279558557615], [-112.92161772253681, 49.63283848775059], [-112.92155556293183, 49.632876603216985], [-112.92148649967183, 49.63290932355121], [-112.92141163536284, 49.63293612624511], [-112.92133216511232, 49.63295658360465], [-112.92131798375145, 49.632964378327216], [-112.92130594394911, 49.63297356779983], [-112.92129636632511, 49.63298390718618], [-112.92128950628103, 49.632995120828355], [-112.92128554662916, 49.63300691001951], [-112.9212845927732, 49.63301896058402], [-112.9212866701934, 49.63303095141473], [-112.92129172359611, 49.63304256288166], [-112.9212996181593, 49.63305348562001], [-112.92131014367271, 49.633063428625746], [-112.92132301968638, 49.63307212685707], [-112.92132669817329, 49.633075524496526], [-112.9213294269745, 49.633079280959315], [-112.92133112547177, 49.633083285358076], [-112.92133174366694, 49.633087419465376], [-112.92133126320977, 49.63309156132012], [-112.92132969831994, 49.633095588617245], [-112.92132709514938, 49.63309938251437], [-112.92132353060013, 49.63310283100204], [-112.92131910981357, 49.63310583226121], [-112.9213139633324, 49.63310829780212], [-112.92130824306308, 49.63311015472872], [-112.92130211790035, 49.63311134828767], [-112.92129576849071, 49.63311184325823], [-112.92117566082118, 49.63313028987022], [-112.92105626508238, 49.6331505927929], [-112.9210280758907, 49.63315942634041], [-112.92100220892455, 49.63317087148999], [-112.92097923361095, 49.63318467623038], [-112.92095965561722, 49.63320053688067], [-112.92094390586058, 49.633218104246204], [-112.9209323309149, 49.633236991729895], [-112.92093222974594, 49.63324374600239], [-112.92093051069459, 49.63325040771771], [-112.92092721567353, 49.63325681432811], [-112.92092242488997, 49.633262809541556], [-112.92091625543253, 49.633268247121435], [-112.92087823589675, 49.633278540835626], [-112.92084320098853, 49.633292610157746], [-112.92081203239908, 49.63331010096081], [-112.92080412091417, 49.63332025606798], [-112.92079386820895, 49.63332948567056], [-112.9207815252598, 49.63333756413786], [-112.92076739392802, 49.633344293793606], [-112.92075181998143, 49.63334950995862], [-112.92074395985489, 49.63335218807288], [-112.9207368117234, 49.63335560565134], [-112.92073053924123, 49.63335968451317], [-112.92072528590913, 49.63336433125469], [-112.92072117192144, 49.633369439594], [-112.92071829145908, 49.6333748925757], [-112.92071720075428, 49.633379326559606], [-112.92071496525645, 49.63338357549415], [-112.92071165005372, 49.63338751575013], [-112.92070735171511, 49.63339103255232], [-112.92070219533524, 49.633394023404975], [-112.92069633113915, 49.633396401369424], [-112.92068992978537, 49.633398097106266], [-112.92068317788407, 49.63339906120767], [-112.92067627176097, 49.63339926572189], [-112.92066941268462, 49.633398704612326], [-112.92065508936261, 49.63340511421302], [-112.9206424901693, 49.63341290295819], [-112.92063192670942, 49.6334218783715], [-112.9206236600745, 49.6334318182991], [-112.92061789494635, 49.63344247711318], [-112.92058826810172, 49.63346665946617], [-112.92055359876728, 49.633487825934445], [-112.92051460661068, 49.63350553706799], [-112.92047210075684, 49.63351942532582], [-112.92042696345334, 49.63352920247719], [-112.92040219609348, 49.63353542134746], [-112.92037925714024, 49.63354410882076], [-112.92035872537997, 49.63355504577915], [-112.92034111894336, 49.63356795628421], [-112.92032688185989, 49.633582514573256], [-112.92030798317352, 49.633590917361595], [-112.92029152179335, 49.633601259652444], [-112.9202779638399, 49.63361324847674], [-112.920267693397, 49.63362654427609], [-112.920261001225, 49.63364077043704], [-112.92025807699044, 49.63365552408097], [-112.92025900359167, 49.63367038723339], [-112.92025988576711, 49.63367884876039], [-112.92025854239269, 49.63368728456613], [-112.92025501266383, 49.633695449709386], [-112.9202493991837, 49.6337031068181], [-112.92024186480987, 49.633710033469704], [-112.9202326287523, 49.63371602834119], [-112.92022195923921, 49.63372091732752], [-112.92021016621422, 49.63372455822145], [-112.92019759259558, 49.63372684530781], [-112.92018460346964, 49.633727712212455], [-112.92017157641696, 49.633727133610236], [-112.92015888996715, 49.63372512641235], [-112.9200662627133, 49.633776293220755], [-112.91997899299295, 49.63383128989131], [-112.91989745540562, 49.63388988023548], [-112.91982199997237, 49.63395181287263], [-112.91982547688792, 49.63396647523557], [-112.91982514945364, 49.633981308921456], [-112.91982102692087, 49.633995900520105], [-112.91981322394813, 49.63400984321558], [-112.91980195823814, 49.63402274849006], [-112.91978754377584, 49.634034256419795], [-112.91977038239553, 49.63404404638716], [-112.91975095240893, 49.634051845463475], [-112.9197297953617, 49.63405743627031], [-112.9197075010611, 49.63406066288298], [-112.91969895628091, 49.634059820824234], [-112.9196903162446, 49.63405995529019], [-112.91968184342917, 49.63406106218392], [-112.91967379520594, 49.63406310786658], [-112.9196664161756, 49.63406603016489], [-112.91965993059556, 49.634069740242886], [-112.919654535449, 49.63407412548645], [-112.91965039461671, 49.634079052614304], [-112.91964763413219, 49.63408437187798], [-112.91964714037316, 49.634088902782956], [-112.91964551373229, 49.63409332046086], [-112.9196427979255, 49.63409750626316], [-112.91963906577418, 49.63410134763978], [-112.91963441769082, 49.634104741506164], [-112.91962897841518, 49.63410759658668], [-112.9196228941823, 49.63410983626571], [-112.91958046283544, 49.63413379340242], [-112.9195450613997, 49.63416216173247], [-112.91951775995288, 49.63419408368385], [-112.9194993837384, 49.6342285945141], [-112.91947479491914, 49.63424733168247], [-112.91945455104295, 49.634268146381785], [-112.91945633254218, 49.63427729460682], [-112.91945570749608, 49.63428650669447], [-112.91945269395015, 49.63429551765166], [-112.91944737849663, 49.63430406808865], [-112.9194399142219, 49.63431191189731], [-112.91943051589818, 49.63431882332789], [-112.9194194540805, 49.63432460348045], [-112.91940704711708, 49.63432908598535], [-112.91935481251298, 49.634379620905435], [-112.91930805469096, 49.63443237030339], [-112.91929959133421, 49.634442500947976], [-112.91929396496886, 49.634453432266845], [-112.91929134676107, 49.63446483206851], [-112.91929181615149, 49.634476353924555], [-112.9192953588457, 49.634487647869705], [-112.91930186736343, 49.63449837062191], [-112.91931114378902, 49.63450819639875], [-112.91932290630992, 49.63451682676203], [-112.91933679755215, 49.63452399932822], [-112.91935684983048, 49.634528257524146], [-112.91937555775341, 49.63453459108032], [-112.91939241616853, 49.63454282889076], [-112.9194069698999, 49.63455274866514], [-112.91941882602971, 49.63456408251047], [-112.91942766425598, 49.63457652436539], [-112.91943324612372, 49.63458973828699], [-112.91943542080463, 49.63460336756883], [-112.91943412965219, 49.63461704413527], [-112.91942940752631, 49.634630398768884], [-112.91942138191443, 49.63464307081387], [-112.91941026938879, 49.63465471814231], [-112.91939637019803, 49.63466502631178], [-112.91938005944382, 49.63467371689981], [-112.91936177760405, 49.63468055532863], [-112.91934201843763, 49.63468535686705], [-112.91930237274495, 49.63467890266535], [-112.91926169435605, 49.63467632134552], [-112.9192208749572, 49.63467766942925], [-112.91918080957613, 49.634682917505444], [-112.91914237642257, 49.634691950329625], [-112.91910641809986, 49.63470457002959], [-112.91907724000829, 49.634714734424094], [-112.91905101377631, 49.63472786084632], [-112.91902844523229, 49.63474359598585], [-112.9190101421909, 49.634761516197656], [-112.91899659725064, 49.63478113906701], [-112.91898817499059, 49.634801936382125], [-112.91898510235247, 49.634823348287924], [-112.9189830192353, 49.634832727104275], [-112.91897873101686, 49.634841784487115], [-112.91897234042005, 49.63485030306521], [-112.91896400083019, 49.63485807845752], [-112.91895391242517, 49.63486492398486], [-112.91894231730846, 49.634870675372376], [-112.91892949366031, 49.634875194795484], [-112.91891574914345, 49.63487837355188], [-112.91890452167956, 49.63487843423197], [-112.91889344911594, 49.63487964304048], [-112.91888280802509, 49.63488196975684], [-112.91887286440966, 49.634885356294035], [-112.9188638663622, 49.63488971806866], [-112.91885603881265, 49.63489494611017], [-112.91884720791964, 49.63493834457561], [-112.91882780534584, 49.6349802674264], [-112.91879833045276, 49.6350196355834], [-112.91872583015586, 49.63509453959822], [-112.91866161087006, 49.63517256653341], [-112.91860598974304, 49.63525333075899], [-112.91855924169242, 49.635336433300495], [-112.9185215979304, 49.63542146340749], [-112.91849324435816, 49.63550800098418], [-112.9184743210789, 49.63559561852702], [-112.918464921914, 49.63568388291832], [-112.91843295644426, 49.63577685196722], [-112.91841082780856, 49.63587102045889], [-112.91839863925998, 49.635965949825675], [-112.91839644738849, 49.63606119804015], [-112.9184042625182, 49.63615632163292], [-112.91842204833365, 49.63625087748761], [-112.9184497221537, 49.63634442543322], [-112.91848715500716, 49.63643652975559], [-112.91853417279724, 49.63652676158242], [-112.91861694784471, 49.63668779119353], [-112.9187082220476, 49.63684687170391], [-112.91880788713037, 49.63700381389385], [-112.91891582456532, 49.637158431108226], [-112.91897160849433, 49.637199685655474], [-112.919019357554, 49.63724499371094], [-112.91905838012873, 49.63729369901604], [-112.91908811096076, 49.637345096063044], [-112.91910811955894, 49.637398440603626], [-112.91911811584679, 49.63745295977261], [-112.91918927200611, 49.6375718849777], [-112.91926824916797, 49.63768870948635], [-112.9193549007604, 49.637803216389905], [-112.91944906603997, 49.63791519325034], [-112.91955057042054, 49.638024432247335], [-112.91960603866002, 49.6380510470753], [-112.91965488748015, 49.6380826634912], [-112.91969605782387, 49.638118595984544], [-112.91972865685537, 49.638158065350865], [-112.91975197763195, 49.638200215779804], [-112.91976551475629, 49.63824413341611], [-112.91978350837138, 49.63827954222497], [-112.91980931376189, 49.638312851049996], [-112.91984237125789, 49.63834333752013], [-112.9198819640835, 49.63837034074292], [-112.91992723377982, 49.63839327511724], [-112.91997719863748, 49.6384116433108], [-112.9200307753893, 49.63842504710987], [-112.92003313623172, 49.63846550119133], [-112.9200433576183, 49.63850543641143], [-112.92006127531077, 49.63854421113695], [-112.92008660159233, 49.63858120236426], [-112.92011892958274, 49.63861581590286], [-112.920157739789, 49.63864749564503], [-112.92028448918627, 49.63875656587936], [-112.92041883172448, 49.63886173346158], [-112.92056048290692, 49.63896277551238], [-112.92070914263408, 49.63905947807113], [-112.92075389978037, 49.6390708629695], [-112.92079560792631, 49.63908638100585], [-112.92083336815348, 49.639105697639955], [-112.92086636653531, 49.639128396540364], [-112.92089389188527, 49.639153988454105], [-112.92092700618265, 49.6391989671397], [-112.92096619783163, 49.63924183606507], [-112.9210111510258, 49.63928224985877], [-112.9210615036603, 49.63931988285989], [-112.92120191361576, 49.63943170991345], [-112.92134680445703, 49.639541099867934], [-112.9214960758444, 49.63964797702886], [-112.92170175777582, 49.639796701837845], [-112.92191252781602, 49.6399423915715], [-112.92212828003015, 49.64008497291894], [-112.92247882508414, 49.640336622917765], [-112.92250218182708, 49.64037609717683], [-112.92253523895893, 49.64041253114141], [-112.92257709210125, 49.64044492782317], [-112.92261085256322, 49.64047433700868], [-112.92263692610537, 49.64050687730134], [-112.92265463968748, 49.640541709048684], [-112.92265489897294, 49.64054552594051], [-112.9226561133071, 49.64054926424406], [-112.92265825022645, 49.64055282388005], [-112.92266125245898, 49.64055610957394], [-112.92266503975459, 49.64055903324696], [-112.92266951048909, 49.64056151662061], [-112.92267454505314, 49.64056349326268], [-112.92268000869672, 49.640564910196176], [-112.92268575503847, 49.640565729514705], [-112.92269163014575, 49.64056592921168], [-112.92269747672597, 49.640565504010745], [-112.92270313822895, 49.64056446518802], [-112.92271756560233, 49.640564528653954], [-112.92273179919327, 49.64056605992337], [-112.92274548735645, 49.64056902119434], [-112.9227582915268, 49.64057333910585], [-112.92276989525165, 49.640578907051854], [-112.92278001156488, 49.64058558733614], [-112.922788390551, 49.6405932147675], [-112.92279482490133, 49.640601600883805], [-112.92280705102579, 49.640620049463614], [-112.92282326701113, 49.64063715180987], [-112.9228431300131, 49.640652546554826], [-112.92286622040146, 49.64066590830427], [-112.92287009839387, 49.64067920280141], [-112.92287707343887, 49.64069195306019], [-112.92288697995656, 49.640703856697414], [-112.92289958324079, 49.64071463154846], [-112.92291458430292, 49.64072402204289], [-112.92293162759562, 49.640731805606855], [-112.92293466546067, 49.64073254338772], [-112.92293748028897, 49.64073358971905], [-112.92293999835533, 49.64073491722619], [-112.92294215374135, 49.64073649112565], [-112.92294388997446, 49.64073827024746], [-112.92294516156099, 49.64074020784075], [-112.92294593527718, 49.64074225331218], [-112.92294619070375, 49.64074435309433], [-112.92294592130345, 49.64074645202232], [-112.92294513404426, 49.640748495344674], [-112.92294384949582, 49.64075042937173], [-112.92294210145143, 49.640752203558094], [-112.92293993568893, 49.640753771426496], [-112.92313221879061, 49.64087261591025], [-112.92314326877839, 49.640877022778], [-112.92315309824171, 49.640882515336735], [-112.92316145659649, 49.6408889535678], [-112.9231681310085, 49.64089617341702], [-112.92317295150656, 49.640903991014405], [-112.92317579498373, 49.640912207099646], [-112.92317658917949, 49.64092061231049], [-112.92326248745658, 49.64097944340463], [-112.92335551341844, 49.641033510701895], [-112.92345504265413, 49.641082451209876], [-112.92356040711313, 49.64112593642107], [-112.923567223762, 49.64112466406929], [-112.92357427637486, 49.64112417486302], [-112.92358135305135, 49.64112448337764], [-112.92358824163907, 49.64112558044682], [-112.92359473527435, 49.6411274330703], [-112.9236006391112, 49.641129985699344], [-112.92360577593777, 49.64113316172766], [-112.92360999166318, 49.64113686584442], [-112.9237402467501, 49.64118839772908], [-112.92387553607497, 49.64123413372461], [-112.92401524902283, 49.641273867289364], [-112.9246151157643, 49.641447007274515], [-112.92521668778619, 49.64161763705161], [-112.92561945904876, 49.64171575547301], [-112.92602527854854, 49.64180842719638], [-112.92652849038501, 49.64191658868679], [-112.92658644640991, 49.64193064797678], [-112.92664668376743, 49.64193981096806], [-112.92681442143167, 49.64195920983361], [-112.92689762093762, 49.641968095726234], [-112.92697955877284, 49.64198101188021], [-112.92705977262533, 49.641997885457286], [-112.92714319573408, 49.642012868423684], [-112.92722423124836, 49.642032619081], [-112.9273022344899, 49.64205698017662], [-112.92737658473163, 49.64208575792133], [-112.92745694561152, 49.64212179575419], [-112.92754226349946, 49.64215265644047], [-112.92763175025947, 49.64217805484705], [-112.92775263097906, 49.6422081639962], [-112.92787161750135, 49.64224130245444], [-112.9282824534932, 49.64237715091429], [-112.92828461768566, 49.64237797643073], [-112.92828696421489, 49.642378554803855], [-112.92828942674743, 49.64237886988112], [-112.92829193569085, 49.642378912673564], [-112.92829442028537, 49.64237868195062], [-112.92829681037442, 49.64237818432858], [-112.92829903830008, 49.642377433712475], [-112.92830104111509, 49.642376451460464], [-112.92830276238001, 49.642375265249534], [-112.92830415339289, 49.6423739085833], [-112.92830517487238, 49.64237241980042], [-112.92830579786916, 49.64237084093208], [-112.92830600500956, 49.64236921656246], [-112.92830579029926, 49.64236759267598], [-112.92830515971168, 49.64236601508004], [-112.92830413121187, 49.64236452832628], [-112.9283027337879, 49.6423631744067], [-112.92830100692258, 49.64236199159773], [-112.92829899950932, 49.64236101337118], [-112.92829676799488, 49.64236026722612], [-112.92829437572237, 49.6423597743229], [-112.92824046370167, 49.64234196223206], [-112.92819097450796, 49.642319376369045], [-112.92814690347687, 49.642292471102714], [-112.92810913713124, 49.6422617876309], [-112.92807843514005, 49.64222794316583], [-112.92807961986207, 49.642225074052206], [-112.92808153174803, 49.6422223754007], [-112.92808411615019, 49.64221992446948], [-112.92808729930739, 49.6422177911461], [-112.92809099037203, 49.6422160364555], [-112.92809508366913, 49.64221471056664], [-112.92809946238611, 49.64221385124407], [-112.92810400146817, 49.642213483155466], [-112.92810857118924, 49.642213616681566], [-112.92811304091283, 49.64221424816702], [-112.92811728309036, 49.6422153594537], [-112.92812117645228, 49.6422169188455], [-112.92845541373936, 49.64232478085378], [-112.92878757915481, 49.642435309867366], [-112.92901828116823, 49.642507274117804], [-112.92924536911829, 49.642583933351645], [-112.92946861630716, 49.64266521103853], [-112.92968780022923, 49.64275102615613], [-112.92981522371693, 49.64281731011737], [-112.92994908513572, 49.64287800794449], [-112.93008880487312, 49.642932856651335], [-112.93023377782073, 49.64298161884362], [-112.93026527198415, 49.642994162288076], [-112.93029894087843, 49.64300404054187], [-112.93033425230644, 49.64301109740177], [-112.93039911689186, 49.64302250174835], [-112.93046083498605, 49.643039764843266], [-112.93051815879235, 49.643062537850476], [-112.93056992925227, 49.64309036017394], [-112.93062242019388, 49.64312009294979], [-112.93068062702618, 49.643144936906445], [-112.93074347778402, 49.64316443439706], [-112.9308098151414, 49.64317822633356], [-112.93106081371896, 49.64326649745366], [-112.93130798556139, 49.64335921094241], [-112.93155114413808, 49.64345629697795], [-112.93166432519412, 49.64351148081724], [-112.93177133828767, 49.64357163051135], [-112.93187166766263, 49.643636456231356], [-112.93196482984176, 49.64370564557066], [-112.93262639335248, 49.64408004397799], [-112.93262951884455, 49.644084815906666], [-112.93263382391541, 49.64408918341636], [-112.93263918848153, 49.644093024761034], [-112.9326454627857, 49.64409623266817], [-112.93265247186744, 49.64409871761726], [-112.93266002004913, 49.64410041039893], [-112.93266789699621, 49.6441012636096], [-112.93267588265901, 49.64410125363934], [-112.93268375436452, 49.64410038059343], [-112.9326912924525, 49.64409866891981], [-112.93269828672322, 49.644096166389346], [-112.93270454189454, 49.64409294277949], [-112.93270988351306, 49.64408908805828], [-112.9327141626641, 49.64408470976606], [-112.93271725969458, 49.64407992995659], [-112.93274820093171, 49.644075904277784], [-112.93277972840505, 49.64407503117916], [-112.93281108513985, 49.64407733152225], [-112.93284151803829, 49.644082750167335], [-112.93287029624582, 49.644091157006095], [-112.93289672880617, 49.64410235014555], [-112.93292018084139, 49.644116060660934], [-112.93331197758698, 49.64434864266514], [-112.9337013789962, 49.64458291603199], [-112.93394268543045, 49.644741624355795], [-112.93417621002985, 49.64490516816096], [-112.93440172287518, 49.645073386612474], [-112.93461900222412, 49.64524611427481], [-112.93475639901145, 49.64537583692726], [-112.934887059431, 49.645508461972675], [-112.93501083810636, 49.645643841919984], [-112.93512759747651, 49.64578182625606], [-112.93516199596002, 49.64583573942418], [-112.93520552820787, 49.64588679334539], [-112.93525764019785, 49.64593433814065], [-112.93528349354003, 49.64595632555678], [-112.93530369247827, 49.64598068208786], [-112.93531773289232, 49.646006800050834], [-112.93532526461277, 49.6460340277853], [-112.93532609970734, 49.64606168598735], [-112.9353202172132, 49.64608908444223], [-112.9353163768193, 49.64610358145772], [-112.93531630115648, 49.646118291354774], [-112.93531999217888, 49.6461328046845], [-112.93532734724458, 49.64614671772595], [-112.93533816175953, 49.64615964330104], [-112.93535213469865, 49.64617122175992], [-112.93535787542677, 49.646175380944946], [-112.93536254948368, 49.64618006956244], [-112.93536604303632, 49.646185173336555], [-112.93536827094196, 49.64619056796816], [-112.93536917901339, 49.64619612196132], [-112.93538962786967, 49.64640091939802], [-112.93540088997818, 49.64645672123715], [-112.93541828398675, 49.64651185519504], [-112.93544172026994, 49.64656603765945], [-112.93544609488038, 49.646569589932575], [-112.93544955302337, 49.646573545331606], [-112.93545200822179, 49.64657780515487], [-112.93545339920534, 49.646582262947454], [-112.9354536911786, 49.6465868073183], [-112.93545287686597, 49.64659132482747], [-112.93545097656433, 49.64659570264809], [-112.93544803786054, 49.64659983136954], [-112.93544413401793, 49.64660360785996], [-112.9354393627015, 49.64660693784428], [-112.93542707387269, 49.64663977505532], [-112.93542179156071, 49.646673393330545], [-112.93540390059549, 49.64678048422969], [-112.9353947090175, 49.646888037969525], [-112.93539424221443, 49.64699575667747], [-112.93542208529112, 49.64733195278297], [-112.93543152744648, 49.64741343536684], [-112.93543103737986, 49.64749514760528], [-112.93542061817662, 49.64757657999512], [-112.93540033471199, 49.647657224462215], [-112.93538691041921, 49.64771457167661], [-112.93536512161417, 49.64777082578667], [-112.93533516702956, 49.64782547361664], [-112.93529731997626, 49.647878016630905], [-112.9352747854585, 49.647913935266615], [-112.93526188575102, 49.64795180452851], [-112.9352589890116, 49.64799054342372], [-112.93526617799553, 49.64802904603155], [-112.93527284628841, 49.64803641833712], [-112.93527753492822, 49.64804440778623], [-112.93528011337982, 49.64805279197165], [-112.9352805101689, 49.648061337879014], [-112.93527871408406, 49.64806980772463], [-112.9352747750219, 49.6480779659412], [-112.93526880273659, 49.64808558571264], [-112.93526096327442, 49.64809245498412], [-112.93525147451436, 49.648098382823285], [-112.93522307192693, 49.648133119433645], [-112.93520301918977, 49.64817023029049], [-112.93519177028604, 49.648208874742586], [-112.93518958019843, 49.64824817771919], [-112.93514788150318, 49.64826154824059], [-112.93510976477276, 49.648278848748866], [-112.93509780864103, 49.648286112487355], [-112.93508783949093, 49.64829454635985], [-112.93508012505723, 49.648303923997204], [-112.93507487236161, 49.64831399365338], [-112.93507222235591, 49.64832448506218], [-112.93507224622026, 49.64833511659682], [-112.93507494331207, 49.64834560294836], [-112.93508024122403, 49.648355662607635], [-112.93499942164486, 49.64838347625821], [-112.93492414081354, 49.64841721225057], [-112.93485542335888, 49.648456411422934], [-112.93479420435958, 49.64850054034318], [-112.93480557521553, 49.64850538778223], [-112.93481577656452, 49.64851123014265], [-112.93482460367706, 49.64851795008198], [-112.93475954013267, 49.648560453512225], [-112.93469667016174, 49.64860432677611], [-112.93470003940155, 49.64860478544459], [-112.93470324176519, 49.64860560564467], [-112.9347061860303, 49.64860676387672], [-112.93470878827088, 49.648608227212705], [-112.93471097428171, 49.64860995389359], [-112.9347126818747, 49.6486118947177], [-112.93471386228899, 49.64861399442024], [-112.9347144820427, 49.64861619312907], [-112.93471452322596, 49.64861842816597], [-112.93471398490178, 49.64862063585789], [-112.93471288218048, 49.648622753326876], [-112.93471124673762, 49.64862472014929], [-112.93470912499771, 49.64862648035353], [-112.9347065774412, 49.64862798370837], [-112.93470367679478, 49.64862918743291], [-112.93470050557215, 49.64863005718094], [-112.93468725715347, 49.64863467514854], [-112.93467518718423, 49.648640497900345], [-112.9346645537531, 49.64864740105822], [-112.93465558387922, 49.64865523708206], [-112.93464846945217, 49.64866383854163], [-112.93464962281885, 49.64866608604271], [-112.93465018362802, 49.64866842693291], [-112.93465013635888, 49.648670795678534], [-112.93464948211853, 49.64867312632329], [-112.93464823928154, 49.64867535364534], [-112.93464644255359, 49.64867741545055], [-112.9346441420492, 49.64867925421863], [-112.93464140215107, 49.64868081860336], [-112.93463829926333, 49.64868206485048], [-112.93463492000933, 49.64868295814824], [-112.93463135888359, 49.64868347361257], [-112.9346277152484, 49.648683596835156], [-112.93462409099823, 49.64868332429352], [-112.9346205871165, 49.648682663750954], [-112.93461730169736, 49.648681633518954], [-112.93456041401403, 49.64872983439748], [-112.93450090353123, 49.64877668113476], [-112.934468671728, 49.648802788697004], [-112.93443076293609, 49.64882545417528], [-112.93438803805965, 49.64884416272012], [-112.93435788713747, 49.64885801590645], [-112.93432521344917, 49.64886920051641], [-112.9342905741267, 49.64887752579113], [-112.93421544094633, 49.64891546273688], [-112.93414375471595, 49.64895611462558], [-112.93413622790239, 49.648958876062096], [-112.9341294344221, 49.64896234779541], [-112.93412353213724, 49.648966449414466], [-112.93411865807498, 49.64897108556923], [-112.93411492526481, 49.648976148747124], [-112.93411242036825, 49.648981521265526], [-112.93411137017821, 49.648984904803925], [-112.93410946442866, 49.6489881269516], [-112.93410675683432, 49.648991097274425], [-112.93410332322871, 49.64899373223197], [-112.9340992601752, 49.64899595789848], [-112.9340946817154, 49.64899771173136], [-112.93408971644682, 49.64899894448646], [-112.93408450394826, 49.648999621552136], [-112.93407919043783, 49.648999723916276], [-112.93407392521728, 49.64899924863725], [-112.93404987168728, 49.649012320171536], [-112.93402910785824, 49.64902758535776], [-112.93401210327131, 49.64904469912172], [-112.93399924218413, 49.64906327467175], [-112.93398602963832, 49.64908467649101], [-112.9339675187639, 49.64910435324245], [-112.93394422529985, 49.64912175690676], [-112.933916798111, 49.64913640262822], [-112.93388600138313, 49.64914788243501], [-112.93387790119283, 49.64915136830605], [-112.93387082687418, 49.649155694210435], [-112.93386498246353, 49.649160735345795], [-112.93386053688782, 49.64916634608432], [-112.93385761832566, 49.649172364524844], [-112.93385760030205, 49.64917865757093], [-112.93385602569342, 49.64918486700747], [-112.93385293546808, 49.64919083164065], [-112.93384840989997, 49.64919639653742], [-112.9338425663729, 49.64920141717765], [-112.9338355567496, 49.64920576324255], [-112.93381041666045, 49.649215830190414], [-112.93378779451582, 49.64922816080592], [-112.93376816977657, 49.64924249362609], [-112.933751958568, 49.649258524953154], [-112.9337442276651, 49.64927435849912], [-112.93373274247963, 49.64928920055994], [-112.93371779145122, 49.64930267871024], [-112.9336997496915, 49.64931445462982], [-112.93367907015403, 49.64932423272656], [-112.93357547756182, 49.64939247909016], [-112.93346698022144, 49.64945743314842], [-112.93335382590064, 49.64951894646182], [-112.93337167692498, 49.64952841851818], [-112.9333916320168, 49.649535914201486], [-112.933413176992, 49.64954124037018], [-112.93343575688952, 49.64954425983424], [-112.93345878996729, 49.6495448947932], [-112.93342231293883, 49.649561180501514], [-112.9333887694342, 49.649579937434765], [-112.93337146478511, 49.649589540108344], [-112.93335199950074, 49.6495972028691], [-112.93333088418929, 49.64960272482375], [-112.93330867299818, 49.64960596101587], [-112.93328594845616, 49.64960682653077], [-112.93328694723337, 49.64961242964311], [-112.93328649473533, 49.649618062618345], [-112.93328460371188, 49.64962356788758], [-112.93328132693357, 49.64962879184739], [-112.9332767560039, 49.6496335885178], [-112.93327101849569, 49.64963782383211], [-112.93326427476158, 49.64964137963599], [-112.93325671299868, 49.649644156447614], [-112.9332485447423, 49.649646076869125], [-112.93323999785282, 49.64964708710464], [-112.93320651108195, 49.64965192300154], [-112.93317378885422, 49.64965861083552], [-112.93314511823002, 49.64967172128627], [-112.93312033998659, 49.649687833137996], [-112.93310018995093, 49.64970646788549], [-112.93302301298523, 49.64976713946955], [-112.93298735735668, 49.649790193198626], [-112.93295760095802, 49.64981653989983], [-112.93293445500848, 49.64984554991988], [-112.93292569141997, 49.649851823004184], [-112.93291548965968, 49.64985710045798], [-112.93290411453255, 49.649861245163315], [-112.93289186155236, 49.649864149563854], [-112.93287904913271, 49.64986573811064], [-112.93278969034567, 49.64994883137539], [-112.9327081889332, 49.65003526316968], [-112.93263483971631, 49.650124720711254], [-112.93263137170568, 49.65012999058387], [-112.93262675839165, 49.65013487611183], [-112.93262109799794, 49.65013927324417], [-112.93261451146282, 49.65014308799467], [-112.93260713927933, 49.65014623907457], [-112.93259913869615, 49.650148659233345], [-112.93256352264792, 49.650171892320216], [-112.93253263121063, 49.65019781998738], [-112.93250694373113, 49.65022603999721], [-112.93248685890309, 49.65025611455058], [-112.93248156226481, 49.65027792038288], [-112.93247112882283, 49.65029893070383], [-112.93245581030625, 49.650318638589766], [-112.93244847577907, 49.65032338931488], [-112.93244010839715, 49.650327355752005], [-112.93243090520252, 49.650330444544856], [-112.93242108250669, 49.650332583017075], [-112.9324108716434, 49.65033372085934], [-112.93240051296175, 49.65033383122524], [-112.93239203387886, 49.65033650665079], [-112.93238429480974, 49.650340002077826], [-112.93237748251606, 49.650344233191824], [-112.93237176109956, 49.65034909806049], [-112.93236726863012, 49.65035447933266], [-112.93236411331188, 49.65036024729644], [-112.93236237131396, 49.65036626280833], [-112.93236208447307, 49.65037238101297], [-112.93236325989834, 49.6503784542169], [-112.93236413264174, 49.650388487794565], [-112.93236317688408, 49.650398518250796], [-112.93236040621395, 49.65040840550519], [-112.9323529441184, 49.65042496368524], [-112.93234199533956, 49.65044068336763], [-112.9323277740139, 49.6504552569084], [-112.93231055872172, 49.65046839876683], [-112.93229068647942, 49.650479851708866], [-112.93228048746629, 49.65048297864096], [-112.93227108450506, 49.65048702291929], [-112.93226267198882, 49.65049190087537], [-112.93225542374603, 49.650497511673976], [-112.9322494896717, 49.65050373936812], [-112.93221901825346, 49.65053985979561], [-112.93219440000337, 49.650555521806005], [-112.93217403975795, 49.65057357816362], [-112.93215848121793, 49.650593546726554], [-112.93211870366105, 49.650641533230484], [-112.93207070715496, 49.65068623881899], [-112.93200664993277, 49.65073022210532], [-112.9319497145273, 49.65077815731911], [-112.93190047582434, 49.65082956045745], [-112.9318812849564, 49.65085538151925], [-112.93185651809767, 49.65087911761389], [-112.93179566194854, 49.65092970998045], [-112.93173883316642, 49.65098223984002], [-112.93164538455049, 49.6511124693178], [-112.93155611470772, 49.65124392877796], [-112.9315490611422, 49.65125407531494], [-112.93153952239189, 49.6512633257431], [-112.93152776063381, 49.651271425593634], [-112.93151409906113, 49.651278152325354], [-112.93149891344875, 49.65128332100207], [-112.931482621181, 49.6512867895146], [-112.9314086243582, 49.65136767616996], [-112.93134379124737, 49.65145181266979], [-112.93133228456635, 49.65147526035527], [-112.93128255281958, 49.651526028939], [-112.9312354957251, 49.65157786110838], [-112.93122880188214, 49.65159433875839], [-112.93121808970307, 49.65160989599675], [-112.93120364150181, 49.65162412286861], [-112.93118583788404, 49.651636644280664], [-112.93116267530954, 49.65165688946386], [-112.93114423322012, 49.65167908534879], [-112.93114444435408, 49.65168312477342], [-112.93114364513515, 49.65168713300166], [-112.93114185671362, 49.65169100433715], [-112.9311391263137, 49.6516946364895], [-112.93113552594879, 49.65169793358376], [-112.93113115070474, 49.65170080866236], [-112.93112611614643, 49.65170318574736], [-112.93109852917448, 49.65174709877439], [-112.93107470259915, 49.65179193026114], [-112.93100360350284, 49.65192617318761], [-112.93099347083565, 49.65196248215592], [-112.93097456259902, 49.65199728034359], [-112.93092078314997, 49.65214381699624], [-112.93091100967558, 49.65215015289908], [-112.93090289114677, 49.652157407254364], [-112.93089662906878, 49.652165399778156], [-112.93089237925774, 49.65217393178029], [-112.93089024718223, 49.652182791444616], [-112.9308913706945, 49.65218877987223], [-112.93089119269392, 49.65219481152931], [-112.93088971666751, 49.652200767679766], [-112.9308869715526, 49.65220653111732], [-112.93088301146508, 49.652211988465], [-112.93086947125758, 49.6522399705175], [-112.93086197668839, 49.65226889451828], [-112.93084734929623, 49.65231470961481], [-112.93082315026072, 49.652358781907104], [-112.93078983980263, 49.6524002727513], [-112.93072292762353, 49.652493870225825], [-112.93070588611563, 49.65252653267136], [-112.93069664852776, 49.65256049271158], [-112.9306954274427, 49.65259496920329], [-112.93069003546077, 49.6526359400775], [-112.93067649854846, 49.652676110095236], [-112.93065504564522, 49.65271479961939], [-112.93062603976793, 49.65275135406105], [-112.9305517031124, 49.65288271174867], [-112.93054480486721, 49.652897996116714], [-112.93054204680216, 49.65291382221589], [-112.93054351078095, 49.65292972083695], [-112.93054915339381, 49.652945220821806], [-112.93055880742997, 49.652959862745156], [-112.93057492779612, 49.65300046631568], [-112.93058314980976, 49.65304205591657], [-112.93058334609165, 49.65308398653512], [-112.93057551358864, 49.653125607759115], [-112.93056954925609, 49.65315458004207], [-112.93055598332221, 49.65318245146533], [-112.93053522175109, 49.65320838785194], [-112.93052123690856, 49.65321886811174], [-112.93051023937265, 49.65323075485656], [-112.93050255747298, 49.653243693160725], [-112.93049842061284, 49.65325729689896], [-112.93050151123695, 49.65326837363318], [-112.93050182357864, 49.65327962878903], [-112.93049934962598, 49.65329077058729], [-112.9304941535466, 49.653301510145276], [-112.93049102656404, 49.65331020803172], [-112.9304899152425, 49.65331911049536], [-112.93049084392777, 49.65332802180425], [-112.93049379220743, 49.65333674595676], [-112.93049869536858, 49.653345091073966], [-112.9304916827592, 49.65334929468823], [-112.93048570678928, 49.65335412639398], [-112.93048089910181, 49.653359479573595], [-112.93047736588792, 49.653365236008206], [-112.93048326772588, 49.65344987951891], [-112.9304941820238, 49.65353431294631], [-112.9304946850688, 49.653539884595865], [-112.93049402859772, 49.65354544963488], [-112.93049222458434, 49.653550906598646], [-112.93048930589443, 49.65355615630158], [-112.93048480090489, 49.65355896613277], [-112.9304810126869, 49.65356219104431], [-112.93047803066506, 49.65356575488955], [-112.93047592538323, 49.653569573434375], [-112.93047474657715, 49.65357355635348], [-112.9304745222392, 49.653577609452], [-112.93047525756941, 49.65358163702959], [-112.93047693515445, 49.653585543824406], [-112.93048313147291, 49.653636881411], [-112.93048201080389, 49.653688371174155], [-112.93047860424923, 49.653711872156045], [-112.93047956001712, 49.65373546889855], [-112.93048486440713, 49.65375882115604], [-112.93049345498653, 49.65383503421754], [-112.93049732101606, 49.65389280922666], [-112.93050859063563, 49.65395017395444], [-112.93052718552586, 49.65400672928713], [-112.93055297638476, 49.65406208168147], [-112.93056301442914, 49.65408368253786], [-112.9305681382764, 49.65410599859384], [-112.93057591164, 49.65417953162983], [-112.93059371682274, 49.65425232558647], [-112.93062141302208, 49.654323804668294], [-112.93062418331637, 49.65432815001076], [-112.93062798460568, 49.65433215339067], [-112.93063271963008, 49.65433571247818], [-112.93063826749922, 49.654338736379025], [-112.93064448663608, 49.65434114781982], [-112.93064908808404, 49.65434214082499], [-112.93065338035596, 49.65434360554396], [-112.93065724962304, 49.65434550301451], [-112.93066059327123, 49.65434778308395], [-112.93066332265512, 49.654350385153826], [-112.93066536537702, 49.65435324035905], [-112.93066666725274, 49.65435627288102], [-112.93066719391967, 49.65435940240827], [-112.93066693124213, 49.65436254586665], [-112.93066588625018, 49.654365620089784], [-112.93066408666176, 49.65436854339726], [-112.93066158026889, 49.65437123832247], [-112.93065843334588, 49.65437363346835], [-112.93069609034195, 49.65442866466144], [-112.93072614264477, 49.654485633591776], [-112.93074835713996, 49.654544098360496], [-112.93076256146473, 49.65460360539915], [-112.93076864525992, 49.65466369307788], [-112.93076656153382, 49.65472389524282], [-112.93076639358334, 49.65473264276196], [-112.93076846261326, 49.65474128727963], [-112.93077271126889, 49.65474958921886], [-112.93077902203484, 49.65475731880586], [-112.93078949121745, 49.65476988838487], [-112.93079650306304, 49.654783433515284], [-112.93079743086363, 49.65478734668878], [-112.92861108879937, 49.65478518504092], [-112.92590083440847, 49.65478244814587], [-112.92589105478466, 49.659367874514054], [-112.92588540455682, 49.662017445678586], [-112.92587028860484, 49.66925229615002], [-112.92586933398404, 49.66943317110539], [-112.92585544949837, 49.67667614505205], [-112.92581401293336, 49.68390146110761], [-112.92580259938748, 49.68751675280102], [-112.92580856941154, 49.69113160756119], [-112.92577907407788, 49.69831474074859], [-112.92577813954624, 49.69854223744689], [-112.92603612801665, 49.698542672579045], [-112.9260323122476, 49.69944702002335], [-112.92577882395109, 49.69944659872598], [-112.92576748588839, 49.70212896015345], [-112.92575231760932, 49.7057156660965], [-112.92572467696912, 49.71290221667087], [-112.92572343046697, 49.71317352333829], [-112.91458915498124, 49.713143288618674], [-112.91454866949773, 49.72188597703316], [-112.914270462608, 49.721717027966115], [-112.91407027339878, 49.72159545630731], [-112.91393900857959, 49.72151354210237], [-112.91381140810937, 49.72142602919059], [-112.91368771062469, 49.72133308123735], [-112.9135681474628, 49.72123487207258], [-112.91345294222899, 49.72113158536563], [-112.91334231037843, 49.721023414281824], [-112.91323645881323, 49.72091056112116], [-112.9125276922449, 49.720103660747654], [-112.9102984001238, 49.71756668540928], [-112.9093552555507, 49.7167085078458], [-112.90612695485726, 49.71303634830773], [-112.90631461367693, 49.713036989109206], [-112.90606428534252, 49.712843172515846], [-112.90595682122336, 49.712842805378365], [-112.90555427898647, 49.712841429280225], [-112.90883421331606, 49.71657239712454], [-112.909653141489, 49.71778194524219], [-112.90972972794185, 49.71786832170598], [-112.90980114662636, 49.71795901762516], [-112.90986715443051, 49.718053724267214], [-112.90992752666108, 49.71815211924693], [-112.90998205780856, 49.718253867623865], [-112.91003056224679, 49.71835862304248], [-112.91007287486468, 49.71846602891114], [-112.91010885162841, 49.71857571961598], [-112.91013837007164, 49.718687321765444], [-112.9101613297124, 49.71880045546136], [-112.91017765239515, 49.718914735592115], [-112.91018728255683, 49.71902977314355], [-112.91019018741599, 49.71914517652327], [-112.91017545368204, 49.71968167954022], [-112.91048789668496, 49.720073649784055], [-112.9104209550204, 49.72009607973453], [-112.90859732428959, 49.72008948655158], [-112.90898584787742, 49.72057692256917], [-112.90919238149188, 49.72050772375994], [-112.90934617456605, 49.72070066616845], [-112.90309769351765, 49.71905924050774], [-112.89692360139524, 49.71746068767543], [-112.89519783865286, 49.716923065727826], [-112.89517894378501, 49.71691704755239], [-112.89516021429063, 49.716910816580466], [-112.8951416552332, 49.716904374586875], [-112.89512327244776, 49.71689772356965], [-112.89510507154746, 49.716890865524746], [-112.89508705792198, 49.71688380251781], [-112.89506923728888, 49.71687653683359], [-112.89505161481597, 49.71686907053566], [-112.89503419599728, 49.716861405978506], [-112.89501698621594, 49.7168535455155], [-112.89499999063482, 49.716845491426085], [-112.89498321441025, 49.716837246277315], [-112.8949666627002, 49.716828812564316], [-112.89495034055176, 49.71682019278117], [-112.89493425289601, 49.71681138963673], [-112.89491840455331, 49.7168024058387], [-112.89490280056734, 49.71679324402499], [-112.89488744542392, 49.71678390697216], [-112.8948723440477, 49.71677439767662], [-112.8948575009245, 49.7167647189149], [-112.89484292064775, 49.71675487360841], [-112.89482860747322, 49.71674486489111], [-112.89481456599435, 49.71673469568434], [-112.89480080035597, 49.71672436912112], [-112.89478731470292, 49.71671388833428], [-112.89477411328765, 49.71670325660171], [-112.89476120003309, 49.716692477054174], [-112.8947485789682, 49.71668155303931], [-112.8947362537892, 49.71667048790155], [-112.89472422830477, 49.71665928491452], [-112.8947125062062, 49.71664794763838], [-112.89470109119124, 49.716636479345674], [-112.89468998650582, 49.716624883664345], [-112.89467919561936, 49.71661316415239], [-112.89466872178257, 49.71660132422202], [-112.89465856835068, 49.71658936757406], [-112.89464873823512, 49.716577297905175], [-112.89463923457086, 49.716565118842155], [-112.89463006004914, 49.716552834007615], [-112.89462121768737, 49.716540447315005], [-112.89461271006593, 49.71652796238588], [-112.89460453975852, 49.7165153831294], [-112.89459670934217, 49.716502713310966], [-112.89458922105786, 49.71648995683662], [-112.89458207736998, 49.716477117542546], [-112.89457528040862, 49.71646419933375], [-112.89456883207868, 49.716451206256906], [-112.89456273451178, 49.71643814214506], [-112.89455951734519, 49.71643089764074], [-112.89485455732712, 49.716431443992974], [-112.8945504871612, 49.715749397855895], [-112.89450127284, 49.71566055654838], [-112.89444645245469, 49.71557506062634], [-112.89438625251613, 49.715493263348094], [-112.89432092176285, 49.715415502689616], [-112.89425073013324, 49.715342099948096], [-112.8941759676502, 49.71527335841434], [-112.89409694322286, 49.715209562119675], [-112.8940139833701, 49.715150974662286], [-112.89392743087156, 49.715097838118126], [-112.89383764335115, 49.71505037204066], [-112.89374499179954, 49.715008772553695], [-112.89288198804738, 49.71460605252454], [-112.89287206139966, 49.714601334630714], [-112.8928622637558, 49.7145965055323], [-112.89285259753152, 49.71459156633148], [-112.89284306579982, 49.714586518496375], [-112.89283367141024, 49.71458136356493], [-112.89282441709977, 49.71457610314595], [-112.89281530582889, 49.71457073877845], [-112.89280634033453, 49.714565272071226], [-112.89279752335041, 49.71455970477692], [-112.89278885761186, 49.71455403857626], [-112.89278034563235, 49.7145482751478], [-112.89277199014559, 49.71454241624426], [-112.89276379355088, 49.714536463687026], [-112.89275575846935, 49.71453041929953], [-112.89274788730025, 49.71452428490322], [-112.89274018233034, 49.71451806239034], [-112.89273264618072, 49.71451175358436], [-112.892725280913, 49.71450536051928], [-112.89271808881557, 49.71449888501541], [-112.89271107206092, 49.71449232910778], [-112.89270423293247, 49.71448569483247], [-112.8926975733826, 49.71447898415047], [-112.89269109547286, 49.71447219909575], [-112.89268480115064, 49.71446534184507], [-112.89267869236828, 49.714458414359385], [-112.89267277096224, 49.71445141881439], [-112.8926670387706, 49.71444435731387], [-112.89266149751896, 49.7144372320324], [-112.89265614882362, 49.714430045071666], [-112.8926509945177, 49.71442279875119], [-112.89264603588472, 49.714415495169405], [-112.89264127464864, 49.71440813657287], [-112.89263671219891, 49.71440072527685], [-112.89263234992832, 49.714393263452806], [-112.89262818922806, 49.71438575334409], [-112.89262423126412, 49.71437819733579], [-112.8926204772042, 49.714370597741016], [-112.89261692833013, 49.71436295673019], [-112.8926135855845, 49.71435527675817], [-112.89261045013494, 49.714347560138094], [-112.89260752281636, 49.714339809179975], [-112.89260480457129, 49.71433202633865], [-112.89260229623635, 49.71432421385217], [-112.89259999853053, 49.71431637424522], [-112.8925979121795, 49.71430850975477], [-112.89259603779139, 49.71430062290445], [-112.8925943759793, 49.71429271600208], [-112.89259292735298, 49.71428479149934], [-112.89259169207857, 49.71427685184369], [-112.8925906707675, 49.71426889941488], [-112.89258986369845, 49.7142609365895], [-112.89258927103587, 49.71425296588688], [-112.89258889294754, 49.71424498968258], [-112.89258884925685, 49.71424359844263], [-112.8925504515477, 49.71292784672445], [-112.89254702051736, 49.712804680014635], [-112.89135611613102, 49.71279933359496], [-112.89132051669287, 49.713142885537366], [-112.89131569237311, 49.71318729460217], [-112.89130967351996, 49.713231642379604], [-112.89130246199244, 49.71327591529127], [-112.89129405998074, 49.71332009983381], [-112.89128447000778, 49.7133641825071], [-112.89127369492442, 49.71340815002985], [-112.89126173814263, 49.71345198883834], [-112.89124860328805, 49.71349568573064], [-112.89123429421478, 49.713539227219165], [-112.89121881543268, 49.7135826002542], [-112.89120217168158, 49.71362579142851], [-112.89118436780421, 49.71366878769547], [-112.89116540953228, 49.713711575945084], [-112.89114530237406, 49.713754143137066], [-112.89112405250347, 49.713796476237455], [-112.89110166653153, 49.71383856250424], [-112.89107815107438, 49.713880388979575], [-112.89107310638369, 49.71388907622877], [-112.89035002776671, 49.71510565212179], [-112.88975292858082, 49.71531323989735], [-112.88549668454431, 49.71447939527286], [-112.88337409857687, 49.713793045885815], [-112.88055385635056, 49.71338377290931], [-112.88055859331291, 49.71284765794256], [-112.87572248364849, 49.71288095174917], [-112.87541890903374, 49.71287451375171], [-112.87279843580866, 49.712887031226494], [-112.87248374964591, 49.71288772141466], [-112.87217225821271, 49.712889501125495], [-112.8674084807365, 49.71289565217792], [-112.86742161915814, 49.71290444723402], [-112.8676231143462, 49.71301143722539], [-112.86782865994365, 49.71311513729727], [-112.86803812852492, 49.7132154828786], [-112.86811303801633, 49.71324135967362], [-112.86818488529065, 49.71327066103948], [-112.86825329845973, 49.71330323551783], [-112.86830943904268, 49.7133323507358], [-112.86836970571522, 49.71335776236725], [-112.86843351927158, 49.71337922627676], [-112.86856087688267, 49.71342850365541], [-112.86868355236768, 49.71348254527753], [-112.86871769984081, 49.71350166703692], [-112.86875576473724, 49.7135173736558], [-112.86879694136677, 49.71352933268282], [-112.8688352526139, 49.7135401048815], [-112.86887076554439, 49.71355434909888], [-112.86890273691353, 49.71357176723881], [-112.86893049746418, 49.713591994595454], [-112.8689534659415, 49.713614607831026], [-112.86946825530323, 49.71381948350946], [-112.86954358168248, 49.71383954117287], [-112.86961538040055, 49.71386445173633], [-112.86968291015107, 49.713893957919716], [-112.8697454739857, 49.71392775518306], [-112.86980242579276, 49.71396549459488], [-112.86985434826634, 49.713998264217345], [-112.86991068700273, 49.714027807888286], [-112.86997096707108, 49.71405387659859], [-112.87003468035411, 49.714076250509926], [-112.8701793137499, 49.714139582089345], [-112.87031905809499, 49.71420737205749], [-112.87045358680953, 49.714279462007454], [-112.87058258552132, 49.714355683509204], [-112.8707057527264, 49.7144358583315], [-112.87082280054832, 49.71451979916859], [-112.87090814011711, 49.714571371329896], [-112.87099918996098, 49.7146186598704], [-112.8710954397766, 49.714661399967525], [-112.87117861475078, 49.714718609007626], [-112.87125497501425, 49.714779682624496], [-112.87132409511375, 49.71484428016564], [-112.87138558953367, 49.714912041584924], [-112.87143911565143, 49.714982589197454], [-112.87148437480039, 49.7150555297038], [-112.87152111477013, 49.71513045644411], [-112.87154913063799, 49.71520695185176], [-112.87156826627965, 49.71528458933831], [-112.87157110169832, 49.71536447184502], [-112.87156343937913, 49.71544422092294], [-112.87154533473763, 49.71552325751624], [-112.87151691939708, 49.71560100791291], [-112.87147839932543, 49.71567690761122], [-112.87143005440444, 49.71575040563196], [-112.87137223534617, 49.71582096837338], [-112.87130536204977, 49.71588808355214], [-112.8712299198572, 49.71595126383604], [-112.87116279566155, 49.71600027974047], [-112.87110313477774, 49.71605319840248], [-112.87105147391128, 49.71610954380871], [-112.8710082778197, 49.71616880917427], [-112.87097393499523, 49.71623046128838], [-112.87094804188541, 49.71627897660993], [-112.87091333791295, 49.71632512060474], [-112.87087032697215, 49.716368223555456], [-112.87081963332291, 49.71640765957555], [-112.87076199271314, 49.71644285630675], [-112.87069824221095, 49.71647330280558], [-112.87047249936387, 49.71660710587795], [-112.87025203943014, 49.716744562773336], [-112.87003700301504, 49.71688558569198], [-112.86989830377742, 49.7169332441103], [-112.86975552214486, 49.716975531658825], [-112.86960915205331, 49.71701230186042], [-112.86945970042191, 49.71704342750192], [-112.86930768415057, 49.71706880089277], [-112.86909491563841, 49.717114128887786], [-112.8688849943739, 49.71716473171844], [-112.86867823147377, 49.71722053438792], [-112.86847493313414, 49.71728145422797], [-112.86817881023357, 49.7173567265783], [-112.86788502899662, 49.71743576291913], [-112.86759370313457, 49.71751853265599], [-112.86730494561822, 49.717605003749476], [-112.86716577363815, 49.71764845627123], [-112.86702369380411, 49.71768775418228], [-112.86687900106057, 49.71772281590378], [-112.86673199558624, 49.71775356868575], [-112.86655716088558, 49.717779821227346], [-112.86638418650328, 49.717810824857935], [-112.86621337956285, 49.717846524467475], [-112.86604504294294, 49.717886856777355], [-112.86587947539367, 49.71793175012531], [-112.86585387376768, 49.7179601248279], [-112.86582135780597, 49.71798534774818], [-112.86578283099021, 49.71800671778508], [-112.86573936406377, 49.71802364107877], [-112.86571429459387, 49.71803532036285], [-112.8656923078863, 49.718049369932345], [-112.86567393148835, 49.71806545246518], [-112.86565960653738, 49.71808318224294], [-112.86564967657816, 49.71810213367348], [-112.8656443800993, 49.718121852080024], [-112.86564384396205, 49.718141864283425], [-112.86564808124578, 49.71816169009075], [-112.86564845811543, 49.71816568684183], [-112.86564782078091, 49.7181696697033], [-112.8656461865016, 49.71817353122702], [-112.86564359942132, 49.71817716724933], [-112.86564012928443, 49.71818047961226], [-112.86563586970671, 49.71818337895217], [-112.86563093556535, 49.7181857871918], [-112.86562545996385, 49.718187639237165], [-112.8656165436392, 49.718185316909064], [-112.86560714316086, 49.718184026589476], [-112.86559754021097, 49.718183807221315], [-112.86558802288954, 49.71818466515118], [-112.86557887648931, 49.718186574830376], [-112.86557037539492, 49.71818947887936], [-112.86556547315507, 49.71818896536163], [-112.8655607800721, 49.718187913072484], [-112.86555643587823, 49.718186353378236], [-112.86555256974694, 49.718184332720334], [-112.86554929699713, 49.71818191121641], [-112.86554671491476, 49.71817916103675], [-112.86554490047874, 49.71817616400794], [-112.86554390763985, 49.71817300935641], [-112.86554376582968, 49.718169791031976], [-112.86554447958575, 49.71816660475483], [-112.86554602727912, 49.7181635454853], [-112.86554429998195, 49.718160379971096], [-112.86554176487039, 49.71815745199233], [-112.86553849627673, 49.71815484745001], [-112.86553459016787, 49.71815264274563], [-112.86553016108975, 49.71815090259308], [-112.86552533888477, 49.718149678044334], [-112.86552026517755, 49.71814900494414], [-112.86551508873606, 49.71814890302163], [-112.86550996148847, 49.7181493754195], [-112.86550503365424, 49.71815040814275], [-112.86550044994924, 49.71815197102879], [-112.86549634480757, 49.718154018060126], [-112.86549015753454, 49.71815677636395], [-112.86548336002917, 49.718158844500465], [-112.86547613376074, 49.718160167273275], [-112.8654686718269, 49.71816070945446], [-112.86546117327981, 49.718160456448345], [-112.86545383833761, 49.718159415035984], [-112.86544686295437, 49.71815761310604], [-112.86544043329548, 49.71815509866549], [-112.86543472098957, 49.718151938858064], [-112.86542987862265, 49.718148218121556], [-112.86542603535786, 49.71814403569902], [-112.8654232939927, 49.71813950338004], [-112.865419667439, 49.71813537228485], [-112.86541502312183, 49.71813169434778], [-112.86540949286203, 49.71812857380142], [-112.86540323336821, 49.71812609908023], [-112.86539642229738, 49.718124340480074], [-112.86538925265134, 49.71812334780137], [-112.8653819278119, 49.71812314914941], [-112.86537465534424, 49.71812375022636], [-112.86536764145913, 49.718125133917134], [-112.86536108522472, 49.71812726109614], [-112.86535517244741, 49.718130071358495], [-112.86535007063318, 49.7181334849849], [-112.86534592471733, 49.71813740527371], [-112.86534285201238, 49.718141721081174], [-112.8653409396957, 49.71814630989007], [-112.86533489698107, 49.71815228668117], [-112.86532740474951, 49.71815752825032], [-112.86531867188457, 49.71816188852608], [-112.86530894164991, 49.71816524587254], [-112.86529848561236, 49.718167506770705], [-112.86528759504495, 49.71816860810805], [-112.86527657366682, 49.71816851926564], [-112.86526986167333, 49.71816831740288], [-112.86526319340045, 49.718168853174944], [-112.86525676026274, 49.718170111192414], [-112.86525074716575, 49.718172055428276], [-112.86524532661056, 49.71817462987936], [-112.86524065431396, 49.718177760825704], [-112.86523686429429, 49.71818135822088], [-112.86523406546826, 49.718185318895834], [-112.86523233815358, 49.718189529042505], [-112.86523173187594, 49.7181938678609], [-112.86523226418421, 49.71819821078484], [-112.86523391967928, 49.718202433069145], [-112.86523665081414, 49.7182064135382], [-112.86524037937149, 49.71821003783758], [-112.86523322425927, 49.718228648678725], [-112.86522209714941, 49.718246420451884], [-112.86520721998711, 49.718262998812435], [-112.86518888950054, 49.71827805316785], [-112.86514633280136, 49.718314659833844], [-112.86509680947938, 49.71834737651364], [-112.86504115712337, 49.7183756500124], [-112.86503178565177, 49.71837906876021], [-112.86502341526045, 49.71838344529848], [-112.86501627632042, 49.71838865901706], [-112.86501056556448, 49.71839456638817], [-112.86500644011747, 49.71840100479229], [-112.8650019611544, 49.71840666375124], [-112.86499611755937, 49.71841177268973], [-112.86498906597262, 49.71841619452073], [-112.86498099544437, 49.71841981067457], [-112.86497212281645, 49.71842252407548], [-112.86496268599971, 49.71842426195282], [-112.86495293816387, 49.71842497758287], [-112.86494314093248, 49.718424651876525], [-112.86492493253904, 49.718450168343544], [-112.8649115898939, 49.71845956465769], [-112.86489622286295, 49.7184675558463], [-112.86487917972724, 49.71847396080438], [-112.86486084687346, 49.71847863440917], [-112.86484163962069, 49.718481470739384], [-112.8648200068014, 49.718494826905335], [-112.86480165252286, 49.71851010756674], [-112.86478697902614, 49.71852697777408], [-112.86477630792939, 49.71854506768947], [-112.86477354860301, 49.71855055329394], [-112.86476937584662, 49.718555649751075], [-112.8647639139171, 49.71856020512548], [-112.86475732541065, 49.71856408389943], [-112.86474980652008, 49.71856717052316], [-112.8647415811778, 49.718569373170205], [-112.86473289423054, 49.718570626188324], [-112.86472400440084, 49.718570892188495], [-112.86471517637749, 49.718570163406305], [-112.86465558280067, 49.71860234719484], [-112.86459913387638, 49.71863683195678], [-112.86459454734805, 49.71864323244757], [-112.86459146372323, 49.718650001024095], [-112.86458995046335, 49.718656990086295], [-112.86459004041075, 49.718664047378574], [-112.86459173160061, 49.71867101929689], [-112.86458829865184, 49.71867591531871], [-112.86458362440291, 49.718680358344], [-112.8645778467146, 49.71868421736066], [-112.86457113566767, 49.71868737850556], [-112.8645636895983, 49.71868974855071], [-112.8645557277114, 49.71869125763631], [-112.86454748504207, 49.718691861235634], [-112.86453920465544, 49.71869154158924], [-112.86453113075915, 49.718690308069085], [-112.86452350138215, 49.71868819710672], [-112.86451654163672, 49.71868527090437], [-112.86448146587242, 49.71871219555218], [-112.86445199517364, 49.71874181018263], [-112.8644286147879, 49.71877362736686], [-112.86442583029273, 49.71878102709451], [-112.8644211655014, 49.71878801769875], [-112.86441475343315, 49.718794399852236], [-112.8644067767394, 49.71879999169122], [-112.86439746281812, 49.71880463373135], [-112.86438707715362, 49.718808193766016], [-112.86437097587473, 49.7188127930662], [-112.86435615198958, 49.71881893785921], [-112.86434295549665, 49.71882648295621], [-112.86433169822314, 49.718835250062966], [-112.86432264606728, 49.7188450321639], [-112.8643160130117, 49.71885559806707], [-112.86431195555039, 49.71886669824852], [-112.86431349717964, 49.71887242240168], [-112.86431355525244, 49.718878233078954], [-112.86431212807729, 49.71888396970108], [-112.86430925496514, 49.71888947381737], [-112.86430501546502, 49.71889459334234], [-112.86429952671217, 49.71889918684595], [-112.86429294022973, 49.71890312747888], [-112.86428543796596, 49.71890630638637], [-112.86427722723367, 49.71890863560845], [-112.86426853487495, 49.71891005089982], [-112.86425960101397, 49.7189105131795], [-112.86425067237288, 49.718910009688145], [-112.86424199583121, 49.71890855421266], [-112.86423381088117, 49.71890618708412], [-112.86422634378206, 49.71890297368181], [-112.86418284372455, 49.718919509048256], [-112.86414184914878, 49.71893854618014], [-112.86413337988768, 49.71894110837727], [-112.86412437608116, 49.71894273274467], [-112.86411508296285, 49.718943375216156], [-112.86410575335756, 49.71894301827284], [-112.86409664123074, 49.718941671599005], [-112.86405731568281, 49.7189455181643], [-112.86401931122982, 49.718953116868924], [-112.86398347438298, 49.7189642984054], [-112.8639506034803, 49.71897881357661], [-112.86392143090913, 49.718996339163866], [-112.86380157005674, 49.71906276667318], [-112.86367601081744, 49.71912461096285], [-112.86354516917628, 49.7191816671921], [-112.8633965049195, 49.71926827123476], [-112.8632526997608, 49.71935825847944], [-112.86311393678211, 49.71945151434767], [-112.86310702893853, 49.719455549161054], [-112.8631011817771, 49.71946023613239], [-112.86309654002616, 49.71946545928192], [-112.86309321820461, 49.71947108967239], [-112.86309129845567, 49.7194769879057], [-112.86309082822729, 49.71948300841626], [-112.86309181931935, 49.71948900226716], [-112.8630942470097, 49.71949482131396], [-112.8630980514137, 49.71950032174281], [-112.86310313839871, 49.719505367676476], [-112.86310703417034, 49.71951582651629], [-112.8631082163039, 49.71952655862336], [-112.86310665260136, 49.719537270252125], [-112.86310238574931, 49.71954766803217], [-112.86309553279342, 49.719557467235916], [-112.86308628107298, 49.71956639957964], [-112.86307488416739, 49.71957422052151], [-112.86306165397842, 49.71958071573], [-112.86304695292338, 49.719585707553684], [-112.863027926448, 49.71958263705749], [-112.86300837602624, 49.71958167246781], [-112.86298885201477, 49.71958284098387], [-112.86296990428856, 49.71958610966156], [-112.8629520662408, 49.71959138640734], [-112.86293584029364, 49.719598522785134], [-112.86292168327634, 49.71960731775751], [-112.86280728666324, 49.71966614943464], [-112.86280404936943, 49.71967576406682], [-112.8627983204527, 49.7196848772231], [-112.86279026896989, 49.71969321964954], [-112.86278013290367, 49.71970054485347], [-112.86276821177758, 49.71970663651235], [-112.8627548577499, 49.71971131450107], [-112.86258743675947, 49.719834462030796], [-112.8624130668625, 49.71995348729379], [-112.86231960617818, 49.720023403382946], [-112.86223218775625, 49.72009653115973], [-112.86215107370039, 49.720172651431916], [-112.86208434317518, 49.72022787746156], [-112.86201495103874, 49.720281707124514], [-112.86201726093567, 49.72028969464528], [-112.86201741684204, 49.72029782077399], [-112.8620154141038, 49.720305843110346], [-112.86201131245656, 49.720313522476296], [-112.86200523420035, 49.720320629804064], [-112.86199747458947, 49.72033370610033], [-112.86199298543558, 49.72034741117218], [-112.86199187880206, 49.7203614034148], [-112.86199418214525, 49.720375334277286], [-112.86199983800812, 49.7203888566041], [-112.86200870570396, 49.720401633284176], [-112.86202056410454, 49.72041334612646], [-112.86203511768369, 49.72042370311307], [-112.86204281340578, 49.72044050392156], [-112.86204630494214, 49.72045788308608], [-112.8620455040252, 49.720475401429745], [-112.86204043076734, 49.720492616020415], [-112.86203121350184, 49.72050909175069], [-112.86201808520173, 49.72052441216543], [-112.86201789103922, 49.720527378579526], [-112.86201692014983, 49.72053028017249], [-112.86201520081423, 49.72053303204926], [-112.86201278339998, 49.720535553775896], [-112.86200973864709, 49.720537771521], [-112.8620061555016, 49.720539620552245], [-112.86200213875405, 49.72054104657993], [-112.86199780598889, 49.72054200810087], [-112.86199328391206, 49.720542476865894], [-112.86198870476753, 49.720542439283484], [-112.86198420245641, 49.72054189630961], [-112.86197990875532, 49.72054086384217], [-112.86197594911268, 49.72053937217615], [-112.86197243934599, 49.72053746489223], [-112.86196948233757, 49.720535197817], [-112.86196716430668, 49.720532637116186], [-112.8619655531789, 49.720529857839665], [-112.86196469609733, 49.72052694123556], [-112.86196461803073, 49.72052397257835], [-112.86196532138695, 49.72052103871923], [-112.86187151402406, 49.72050036539387], [-112.86177534528893, 49.72048491203274], [-112.86176875961968, 49.720489582902935], [-112.86176333571632, 49.720494844279834], [-112.86175919766879, 49.72050057573824], [-112.86175644007851, 49.72050664627616], [-112.86174876934984, 49.72050501562217], [-112.86174079244493, 49.72050421289892], [-112.86173272023765, 49.72050425931388], [-112.86172476645778, 49.720505153586465], [-112.86171714158638, 49.72050687203193], [-112.86171004729098, 49.72050936929802], [-112.86170367141183, 49.720512579250695], [-112.86169818248095, 49.72051641686283], [-112.86169372589174, 49.720520780694], [-112.86167422534344, 49.72053326643695], [-112.86165741169162, 49.720547298893266], [-112.86164357418009, 49.72056263682588], [-112.8616382830881, 49.720568780006765], [-112.86163157333694, 49.72057431015579], [-112.86162361055857, 49.7205790907103], [-112.861614591237, 49.72058300382668], [-112.8616047379904, 49.72058595285179], [-112.86159429396065, 49.72058786500144], [-112.86158351689015, 49.720588693172516], [-112.861553740884, 49.720601545054826], [-112.86152747380896, 49.72061728773667], [-112.86150537657038, 49.72063552508737], [-112.86148800491391, 49.72065579829305], [-112.86148215116752, 49.72066222476172], [-112.86147470638723, 49.72066791737502], [-112.86146588499543, 49.720672712426435], [-112.86145594053245, 49.72067647205955], [-112.86144515913361, 49.72067908801669], [-112.861433850905, 49.720680485078894], [-112.86140407456364, 49.72069241728144], [-112.8613777729508, 49.72070739324875], [-112.86135567813767, 49.72072499611354], [-112.86133840530118, 49.72074473570699], [-112.8613070635762, 49.720752633538844], [-112.86127410488045, 49.720756954457094], [-112.8612404924973, 49.72075757225871], [-112.86113516015122, 49.720835323194535], [-112.86102481864413, 49.72091009688259], [-112.86097907960163, 49.7209515203305], [-112.86093615817322, 49.720991916806945], [-112.86088665448072, 49.721029013612785], [-112.86083116742334, 49.72106236199051], [-112.86080734199781, 49.72108689702488], [-112.86077821828923, 49.7211088981992], [-112.86074442770436, 49.72112788859363], [-112.86070670275913, 49.72114345666625], [-112.8606967702688, 49.72114869414652], [-112.86068835010593, 49.72115494685308], [-112.86068168561293, 49.72116203402923], [-112.86067696954532, 49.721169750825425], [-112.8606743380576, 49.72117787399503], [-112.86062748860539, 49.7212374489443], [-112.86057394536483, 49.72129460404112], [-112.86051400386289, 49.72134902372027], [-112.8605253395197, 49.72136391764516], [-112.8605334847284, 49.721379664210936], [-112.86053829139044, 49.72139597759572], [-112.86053967244813, 49.72141256185937], [-112.8605402729541, 49.72141642536939], [-112.86053988422994, 49.72142030022493], [-112.86053851695881, 49.721424080784196], [-112.86053620839888, 49.72142766375306], [-112.86053302152912, 49.72143095148553], [-112.86052904344272, 49.72143385427016], [-112.86052438240209, 49.721436292890665], [-112.86051916590252, 49.721438200765014], [-112.86051353607854, 49.72143952584253], [-112.86050764656417, 49.721440232011744], [-112.86050165814464, 49.721440299992906], [-112.86049573419466, 49.72143972786834], [-112.86046978049977, 49.72144171133862], [-112.86044366215015, 49.72144113468462], [-112.8604179766784, 49.72143801119467], [-112.86028829404903, 49.72153397222932], [-112.86016605136798, 49.72163395414682], [-112.86011980933516, 49.72167487205688], [-112.86008211109967, 49.721719321166866], [-112.86005358906262, 49.72176655604323], [-112.86004573014306, 49.72177635386897], [-112.86004054330004, 49.72178687282922], [-112.86003817833681, 49.72179780931538], [-112.86003425503037, 49.72180307077705], [-112.86002905876309, 49.72180784607899], [-112.86002272912783, 49.72181200696509], [-112.86001543617819, 49.721815441664845], [-112.86000737580757, 49.721818057941036], [-112.85999876458929, 49.721819785485], [-112.85997280289317, 49.72184022511706], [-112.85995224554297, 49.72186310407621], [-112.85994988094482, 49.7218660779697], [-112.85994679892073, 49.72186876144311], [-112.85994308204525, 49.72187108250933], [-112.85993883042329, 49.721872978705484], [-112.85993415797891, 49.721874399214656], [-112.85992919043478, 49.721875305853], [-112.85992406118088, 49.72187567418014], [-112.85988755387868, 49.72192789273952], [-112.85984451287803, 49.72197797584298], [-112.85979523269006, 49.722025580655064], [-112.85974005081785, 49.72207038130851], [-112.8597212646196, 49.72208863156333], [-112.85970701964804, 49.7221085343794], [-112.85969765316875, 49.722129618368896], [-112.85969338703397, 49.722151384462656], [-112.8596943223146, 49.72217331715128], [-112.85970043689359, 49.722194897194015], [-112.85970440716773, 49.722207851712916], [-112.85970533065463, 49.72222104592642], [-112.85970318651543, 49.72223418037306], [-112.85969818509692, 49.72224862535826], [-112.85969660650878, 49.72226339437768], [-112.85969848687587, 49.72227814853387], [-112.85968900477036, 49.722295488880484], [-112.85967568601933, 49.72231173448857], [-112.8596588209853, 49.722326530762416], [-112.85964819163202, 49.722340934723135], [-112.85964128233785, 49.72235626106477], [-112.85963827359384, 49.722372109007644], [-112.8596392443508, 49.722388064111136], [-112.85964416898908, 49.72240370917817], [-112.85964929861538, 49.722408244355506], [-112.85965318001699, 49.72241327382104], [-112.85965570292255, 49.722418654486304], [-112.85965679557036, 49.722424233498835], [-112.8596564269438, 49.72242985229281], [-112.8596546075561, 49.72243535098458], [-112.85965138899962, 49.722440573404064], [-112.8596468628566, 49.7224453709685], [-112.85964115631423, 49.722454711506934], [-112.85963783134302, 49.722464524017994], [-112.85963697376911, 49.72247455519475], [-112.85963860564536, 49.72248454577899], [-112.85963663244627, 49.722487989381065], [-112.85963381749661, 49.72249117752127], [-112.85963023648344, 49.722494024405016], [-112.85962598573899, 49.722496453432946], [-112.85962117964026, 49.72249839926167], [-112.85961594757343, 49.72249980950032], [-112.85961043023761, 49.72250064618479], [-112.85960477617883, 49.72250088689469], [-112.85959913745354, 49.72250052514209], [-112.85959366585178, 49.722499570550404], [-112.85958850856893, 49.72249804888351], [-112.85958380434496, 49.72249600107263], [-112.85957967982543, 49.72249348224536], [-112.8595686176704, 49.72249206587749], [-112.8595573474901, 49.722491832616285], [-112.85954616850891, 49.72249278864512], [-112.85953537724862, 49.72249490868454], [-112.8595252599714, 49.72249813649342], [-112.85951608532287, 49.72250238630702], [-112.85950809661531, 49.72250754542281], [-112.85950150588265, 49.7225134769473], [-112.85949648802391, 49.722520023479134], [-112.85949786361788, 49.72252778531886], [-112.85949731293847, 49.72253559005644], [-112.85949485009158, 49.72254323813466], [-112.85949053813864, 49.722550533787334], [-112.85948448730318, 49.722557290560864], [-112.85947685243244, 49.72256333546146], [-112.85946782866237, 49.72256851402011], [-112.85945139802268, 49.72258186933416], [-112.85943788675813, 49.72259653566433], [-112.85942754000786, 49.72261224667039], [-112.85942054576991, 49.72262871696154], [-112.85941746385313, 49.72263592955199], [-112.85941267426372, 49.722642739242154], [-112.85940629579703, 49.72264897735922], [-112.85939848631199, 49.722654489211166], [-112.85938943941468, 49.72265913829818], [-112.8593793793938, 49.72266280935617], [-112.85935572964867, 49.7226821395499], [-112.85933674438074, 49.72270352285135], [-112.85932284037465, 49.722726489880486], [-112.859322740086, 49.72273201542436], [-112.85932133732202, 49.722737466059726], [-112.8593186648277, 49.722742713414405], [-112.85931478574899, 49.72274763394756], [-112.85930979123422, 49.72275211187557], [-112.85930379892957, 49.722756041818734], [-112.85928508867137, 49.72276408120144], [-112.85926860656147, 49.72277395986074], [-112.85925477822951, 49.72278542272991], [-112.85924396091916, 49.72279817364041], [-112.85923643397881, 49.72281188335684], [-112.85923585402624, 49.7228145807356], [-112.85923459686234, 49.722817179437534], [-112.85923269688638, 49.72281960836833], [-112.85923020591251, 49.72282180142497], [-112.85922719192418, 49.72282369856245], [-112.85922373724533, 49.722825248077854], [-112.85921993618703, 49.72282640759415], [-112.85921589245898, 49.72282714561741], [-112.85919585606985, 49.7228394842375], [-112.85917860269815, 49.72285347927054], [-112.85916445482661, 49.72286886902346], [-112.85913135332939, 49.72288921353865], [-112.85909363581588, 49.72290584193709], [-112.85905228423363, 49.72291832126103], [-112.8590345311921, 49.722932280705535], [-112.85902058328189, 49.72294795116508], [-112.859010824556, 49.72296490120768], [-112.85893705593193, 49.72306047094628], [-112.85885685077447, 49.72315383602898], [-112.8587970619862, 49.723218245006926], [-112.85874189466048, 49.7232843646794], [-112.85869146503474, 49.723352055778044], [-112.85865448704996, 49.72340055284276], [-112.85860918972503, 49.723445987363384], [-112.85855616871395, 49.72348776208372], [-112.85857786510562, 49.723514933499004], [-112.85859280354641, 49.72354395664754], [-112.85860062297924, 49.72357413004475], [-112.85860113443168, 49.72360472447875], [-112.85859739288111, 49.72361626717367], [-112.85859128619873, 49.72362737760143], [-112.85858292576587, 49.72363785327868], [-112.85858211327555, 49.72363923134669], [-112.8585809543521, 49.723640500901325], [-112.85857948191293, 49.72364162572314], [-112.85857773810311, 49.72364257356824], [-112.85857577293548, 49.72364331737772], [-112.85857364261312, 49.72364383583675], [-112.85857140784496, 49.72364411422104], [-112.85856913273479, 49.72364414445799], [-112.85856688232543, 49.723643925749904], [-112.85856472094152, 49.72364346426974], [-112.85856271041096, 49.72364277328767], [-112.85856090819264, 49.72364187257703], [-112.85855936583674, 49.723640787823676], [-112.85855812755433, 49.72363955010834], [-112.8585572286896, 49.72363819481241], [-112.85850529901879, 49.72363512109023], [-112.85845374626712, 49.723630037481605], [-112.8584204200001, 49.72364153000668], [-112.85839024249448, 49.72365623099796], [-112.85836394277224, 49.72367378558651], [-112.85834215572048, 49.72369376970801], [-112.85828848779848, 49.72374385919764], [-112.85822970634996, 49.7237914752137], [-112.85816608170703, 49.72383639877673], [-112.85809790643921, 49.72387842335572], [-112.85793763105173, 49.72399936974369], [-112.85785012924184, 49.724048825656396], [-112.85776462612858, 49.72409972965901], [-112.85774700536778, 49.72411698807247], [-112.85773383983862, 49.724135842740885], [-112.85772546414265, 49.72415581427082], [-112.8577220912655, 49.724176394949], [-112.85771041118919, 49.72419707469305], [-112.85769382746354, 49.72421629460644], [-112.85767275848413, 49.72423356957255], [-112.85764773589406, 49.72424846386091], [-112.85761667271424, 49.72426978501888], [-112.85758183891498, 49.72428849753171], [-112.85755605818446, 49.72430942390513], [-112.85753475207349, 49.724332368709454], [-112.85751829181577, 49.72435693247604], [-112.85750696398001, 49.72438268742106], [-112.85750590755988, 49.72438447153148], [-112.85750532751703, 49.72438634515411], [-112.85750524018657, 49.7243882552889], [-112.85750564816747, 49.72439014793713], [-112.85750653984852, 49.724391969391455], [-112.85750789002809, 49.72439366818439], [-112.85750966044388, 49.724395196172615], [-112.85751180095748, 49.724396510059265], [-112.85751425085544, 49.724397572701655], [-112.85751694104597, 49.72439835406809], [-112.85751979515324, 49.724398831896195], [-112.85752273248903, 49.72439899272921], [-112.85752566982441, 49.72439883207739], [-112.857528524054, 49.724398354372404], [-112.85753121429698, 49.72439757327572], [-112.85753366447064, 49.72439651076889], [-112.85753580518151, 49.724395196956316], [-112.85753757574581, 49.7243936690781], [-112.85753892621334, 49.724391970379095], [-112.857539818171, 49.72439014896558], [-112.85755035116284, 49.72436993968431], [-112.85756497851473, 49.72435083163567], [-112.857583434651, 49.724333171450944], [-112.85760538492399, 49.72431727968634], [-112.85768082434002, 49.72424593517644], [-112.85769609608502, 49.724241088714244], [-112.85770985698056, 49.72423461388347], [-112.85772169804686, 49.72422670311011], [-112.85773126744918, 49.72421759146684], [-112.85773828075715, 49.724207549796084], [-112.85774252968253, 49.72419687645149], [-112.85774388794273, 49.72418588857944], [-112.85774561158479, 49.72416742995219], [-112.85775198751722, 49.72414940537485], [-112.8577628426864, 49.724132304323255], [-112.85777788224054, 49.724116590973], [-112.85779669791381, 49.724102692124745], [-112.85781877885599, 49.72409098493836], [-112.85787608378135, 49.724060926169884], [-112.85792817233713, 49.72402711264124], [-112.85794496356729, 49.7240114520779], [-112.85796567836864, 49.72399790938252], [-112.85798969288092, 49.723986892325186], [-112.85801628382735, 49.723978732810025], [-112.85801967712693, 49.72397947851072], [-112.85802284085925, 49.72398056882629], [-112.8580256922471, 49.72398197531696], [-112.85802815703087, 49.72398366121033], [-112.85803017066543, 49.723985582420354], [-112.85803168061933, 49.72398768886478], [-112.85803264746059, 49.72398992548303], [-112.85803304592733, 49.723992233901264], [-112.85803286556296, 49.723994553733476], [-112.85803211122709, 49.72399682445703], [-112.85803080239776, 49.72399898677227], [-112.85802897346893, 49.72400098411645], [-112.8579825451336, 49.724038038349036], [-112.85794290089098, 49.72407826798042], [-112.85791055249551, 49.724121153573776], [-112.85788687898199, 49.72417585302832], [-112.85785599156371, 49.72422901894295], [-112.85781812228645, 49.724280252337785], [-112.85777355501517, 49.72432916862674], [-112.8577305981853, 49.72438797307393], [-112.8576953447069, 49.724448892520925], [-112.85766803933889, 49.72451150366772], [-112.85764887208171, 49.72457537145066], [-112.85762184123232, 49.72466838534607], [-112.85758784954288, 49.724760434607795], [-112.85754697778857, 49.72485130047603], [-112.85748269127562, 49.72500614123666], [-112.85740909943614, 49.72515923101902], [-112.85739973988525, 49.725174141428845], [-112.85738656966733, 49.72518778844639], [-112.85736998013248, 49.72519976661175], [-112.85736735676106, 49.72520283544494], [-112.85736396339124, 49.72520556879494], [-112.85735989989286, 49.72520788628659], [-112.85735528559957, 49.725209719822125], [-112.85735025604268, 49.72521101563507], [-112.85734495903614, 49.72521173561844], [-112.85733955020848, 49.725211858575555], [-112.8573341883264, 49.72521138089327], [-112.85732903118658, 49.725210316645274], [-112.85732423008048, 49.72520869703396], [-112.85731992614834, 49.72520656970704], [-112.85731624586623, 49.7252039972023], [-112.8573132974288, 49.72520105504156], [-112.85731116724816, 49.72519782961002], [-112.85730991801266, 49.725194415763134], [-112.85730031453421, 49.725165771105935], [-112.85730042531596, 49.72516394961298], [-112.85730006995117, 49.72516214136144], [-112.85729925837063, 49.72516039601367], [-112.8572980128601, 49.72515876162732], [-112.85729636775946, 49.72515728328578], [-112.85729436816521, 49.72515600164646], [-112.8572920692902, 49.72515495185558], [-112.85728953425821, 49.72515416295086], [-112.8572868330234, 49.725153656627896], [-112.85728403971775, 49.725153446782464], [-112.85728123143755, 49.725153539210716], [-112.85727848525471, 49.72515393129204], [-112.85727587698807, 49.72515461233651], [-112.85727347820621, 49.72515556362733], [-112.85727135510805, 49.725156758841436], [-112.85726956594408, 49.72515816517491], [-112.85726816022637, 49.725159743910815], [-112.85724186180693, 49.72521164395827], [-112.8572055964258, 49.72526095464066], [-112.85717007387491, 49.72529640333486], [-112.85714022315982, 49.72533398587117], [-112.8571163463923, 49.72537332195658], [-112.85711413163745, 49.725390306780106], [-112.85710812465895, 49.725406901335674], [-112.85709845349359, 49.725422751806974], [-112.85708532426287, 49.725437520110724], [-112.85706901711491, 49.72545089133813], [-112.85695558725952, 49.72554897294017], [-112.85684653130822, 49.72564911779483], [-112.85674193864173, 49.72575124392558], [-112.85665188910254, 49.72583877061699], [-112.85656457416226, 49.72592745414206], [-112.85654830071128, 49.72593968003814], [-112.85652949293464, 49.72595026816585], [-112.85650853891646, 49.7259589999992], [-112.85648587100522, 49.725965695360046], [-112.85648266708537, 49.72596802634275], [-112.85647890802332, 49.725969978133996], [-112.85647469941581, 49.725971495953424], [-112.85647015911242, 49.72597253722706], [-112.85646541441132, 49.725973072854366], [-112.85646059838481, 49.72597308774764], [-112.85645584609027, 49.72597258151374], [-112.85645129068894, 49.72597156834403], [-112.85644705990408, 49.72597007661964], [-112.85644327226422, 49.72596814822695], [-112.85644003425071, 49.72596583716261], [-112.85643743633429, 49.725963208199666], [-112.85643555146224, 49.725960335145835], [-112.85643443256106, 49.72595729851732], [-112.85643411092289, 49.725954183364344], [-112.85643459559056, 49.72595107710728], [-112.8564358728654, 49.72594806686992], [-112.85643790714481, 49.72594523689818], [-112.85645505119982, 49.7258842495456], [-112.85648149019899, 49.725824674208674], [-112.8565169605949, 49.7257671047057], [-112.85654489660898, 49.725728078652196], [-112.8565628903559, 49.72568666678656], [-112.85655640200177, 49.725681247844655], [-112.85655134708091, 49.72567522137715], [-112.8565478580437, 49.72566874515398], [-112.856546026445, 49.725661988914304], [-112.85654590006062, 49.725655129590365], [-112.85654748243545, 49.725648346914774], [-112.85655073188909, 49.72564181851908], [-112.85658013188743, 49.725594696200666], [-112.85660256622923, 49.72554599041517], [-112.85661783603877, 49.725496132837286], [-112.85662580600933, 49.725445565335505], [-112.85662814739744, 49.72544216908558], [-112.85662958666603, 49.725438567975075], [-112.85663008373874, 49.72543486196003], [-112.85662962488396, 49.72543115377426], [-112.85662822277088, 49.72542754655599], [-112.85662591644429, 49.725424140178966], [-112.85662276981718, 49.725421029295205], [-112.85661887019025, 49.7254183002271], [-112.85661432586342, 49.72541602871388], [-112.85660926285665, 49.72541427779302], [-112.85660382173323, 49.72541309604245], [-112.8565981534144, 49.725412516244404], [-112.85659241542767, 49.72541255448512], [-112.85658676670111, 49.72541320974373], [-112.85658136423682, 49.725414463787615], [-112.85657635787975, 49.725416281840005], [-112.8565718865239, 49.72541861347772], [-112.85656807430817, 49.72542139396047], [-112.8565650270207, 49.72542454613754], [-112.85656282916531, 49.72542798250505], [-112.85656154179455, 49.72543160770237], [-112.85653858545756, 49.72546705933093], [-112.85650890692466, 49.72550034792614], [-112.85647298155315, 49.72553094037795], [-112.85643138433379, 49.72555834693012], [-112.85638478150213, 49.72558212872324], [-112.85637769765444, 49.725583915896024], [-112.85637027404448, 49.725584974880455], [-112.8563626873718, 49.72558528037296], [-112.85635511856975, 49.725584825239864], [-112.85634774804167, 49.72558362018255], [-112.8563407515492, 49.725581693984736], [-112.85632830239705, 49.7255837428287], [-112.85631650653218, 49.72558703744583], [-112.85630565851034, 49.72559149542799], [-112.85629602926215, 49.72559700557505], [-112.85628785904838, 49.72560343019915], [-112.85628135193062, 49.725610609026596], [-112.85623472840973, 49.72566174538506], [-112.85619584274406, 49.72571553195703], [-112.8561650494841, 49.725771478046994], [-112.85614262974283, 49.72582907331368], [-112.85612822012392, 49.72586058505779], [-112.85610783612529, 49.72589067877156], [-112.85608179869548, 49.725918880609946], [-112.85606980095838, 49.725955135207684], [-112.85606402079549, 49.72599202490495], [-112.8560645281987, 49.72602910294817], [-112.85605829800468, 49.72606393570497], [-112.85604368820972, 49.726097698586976], [-112.85602106291297, 49.726129549932146], [-112.85601639486174, 49.726133754633246], [-112.85601076459128, 49.72613743102382], [-112.85600431241059, 49.72614048747552], [-112.85599719879329, 49.72614284788163], [-112.8559896011127, 49.72614445363915], [-112.85598170829303, 49.72614526460297], [-112.85597371700017, 49.72614526063098], [-112.85595924028044, 49.72614739983186], [-112.85594554879609, 49.726151124356576], [-112.85593305241842, 49.72615632279564], [-112.855922124883, 49.726162839573355], [-112.85591309335865, 49.726170479664525], [-112.85590622799134, 49.726179014389864], [-112.8559017343035, 49.72618818846258], [-112.85589974669614, 49.72619772733369], [-112.85590032470235, 49.72620734549951], [-112.8559024638627, 49.72623922648683], [-112.8559002940235, 49.72627110656251], [-112.85589178626043, 49.72627937400513], [-112.85588149401234, 49.72628673950371], [-112.85586964132293, 49.72629304262215], [-112.85585648653489, 49.72629814613916], [-112.85584231623305, 49.726301938793725], [-112.85579172164955, 49.72633094056133], [-112.8557867140757, 49.72633396163531], [-112.8557825872367, 49.72633749827486], [-112.85577946547723, 49.726341444091275], [-112.85577744280587, 49.72634568031082], [-112.855776579926, 49.72635007934217], [-112.85577690291727, 49.726354508935806], [-112.85577840193412, 49.726358835623955], [-112.85578103209768, 49.726362929261576], [-112.85578471396586, 49.72636666662771], [-112.85578933699566, 49.72636993520045], [-112.85576214914097, 49.726407620944755], [-112.85574366725594, 49.726447461945405], [-112.85573428085974, 49.72648861802242], [-112.85573418792492, 49.72653022142027], [-112.85573644419043, 49.726531659494235], [-112.8557382872575, 49.72653332670461], [-112.85573966268467, 49.7265351739564], [-112.85574052981006, 49.726537146607676], [-112.85574086292608, 49.726539186423636], [-112.85574065235518, 49.72654123302577], [-112.85573990417878, 49.726543225975504], [-112.85573864052962, 49.72654510650345], [-112.85573689878137, 49.72654681894023], [-112.8557347303918, 49.726548312719146], [-112.85573219942849, 49.72654954372858], [-112.85572938065387, 49.726550475515836], [-112.85572635738369, 49.72655108070485], [-112.85571685958335, 49.72655375456307], [-112.855708135617, 49.72655737052183], [-112.855700405915, 49.72656183695374], [-112.85569386576863, 49.726567041193334], [-112.85568868073406, 49.72657285150598], [-112.85568498165448, 49.72657912113898], [-112.85568286203218, 49.72658569153282], [-112.85568237559565, 49.72659239668516], [-112.85568353465493, 49.726599067019194], [-112.85568630966044, 49.726605533983275], [-112.85569063077081, 49.72661163416664], [-112.85569252099837, 49.72662669284123], [-112.85569069921263, 49.726641755127694], [-112.8556852114587, 49.72665643885004], [-112.85567619699215, 49.726670371457026], [-112.85566388461517, 49.72668319955388], [-112.8556485864781, 49.72669459768905], [-112.85563069078123, 49.72670427669903], [-112.85561065150314, 49.72671199108835], [-112.85558897693906, 49.72671754510292], [-112.8555662171514, 49.726720797857716], [-112.8555573833871, 49.72672406015902], [-112.85554953978193, 49.72672825317539], [-112.85554291705778, 49.72673325351351], [-112.85553771009502, 49.726738914118414], [-112.85553407229081, 49.72674506824629], [-112.85553211043612, 49.72675153495289], [-112.8555318826055, 49.72675812389239], [-112.85553339513719, 49.726764641042486], [-112.85553660382212, 49.7267708947588], [-112.85554141411518, 49.72677670095647], [-112.85553806079383, 49.72677973246604], [-112.85553547253994, 49.72678306424502], [-112.85553371172725, 49.726786615693264], [-112.85553282109653, 49.72679030112507], [-112.85553282182896, 49.726794031476445], [-112.8555337142651, 49.726797716758014], [-112.85553547653132, 49.726801267840045], [-112.85553806625235, 49.72680459913084], [-112.85554142084851, 49.726807630090484], [-112.85554745185163, 49.72681039054046], [-112.85555270600872, 49.72681375283316], [-112.8555570421878, 49.726817626372885], [-112.85556034365122, 49.72682190720889], [-112.85556252166775, 49.72682648015726], [-112.85556351787069, 49.726831222349205], [-112.85556330540531, 49.72683600633549], [-112.85556188995744, 49.72684070354969], [-112.85555930956295, 49.72684518768717], [-112.85555563352474, 49.72684933829142], [-112.85555096079031, 49.72685304368731], [-112.85554541698767, 49.726856204332826], [-112.85553816400558, 49.72685949793404], [-112.85553182590421, 49.726863506991926], [-112.85552656861222, 49.72686812646417], [-112.85552253002868, 49.726873235205474], [-112.85551981572445, 49.7268786994499], [-112.85551849709086, 49.72688437602977], [-112.85551860847809, 49.726890116088036], [-112.85552014709553, 49.72689576932158], [-112.85552307259401, 49.726901187573915], [-112.85551945831612, 49.72691345755132], [-112.85551271913496, 49.7269251604362], [-112.85550304617698, 49.72693596425887], [-112.85549071374892, 49.72694556268937], [-112.85547607148163, 49.72695368352071], [-112.8554595348265, 49.726960096415866], [-112.85544157258154, 49.72696461954683], [-112.85540550163091, 49.72701907109095], [-112.85535981059031, 49.72707039780213], [-112.85534301586726, 49.72708711204024], [-112.855330731785, 49.727105400943806], [-112.85532329896273, 49.72712475763425], [-112.8553293458495, 49.727127782835126], [-112.85533467423421, 49.72713133046035], [-112.85533917769379, 49.72713532982372], [-112.85534276622973, 49.72713970076173], [-112.8553413088065, 49.727139169494436], [-112.85533973520526, 49.72713880303672], [-112.85533808934859, 49.72713861174991], [-112.85533641738546, 49.72713860098171], [-112.85533476603038, 49.72713877090608], [-112.85533318144388, 49.7271391169436], [-112.85533170802215, 49.727139629318046], [-112.85533038682694, 49.72714029376013], [-112.8553292550292, 49.72714109157404], [-112.85532834411364, 49.72714200048281], [-112.85532767975427, 49.72714299520267], [-112.85532728025429, 49.72714404771538], [-112.85532715695788, 49.72714512863909], [-112.85532731334739, 49.7271462078667], [-112.85532774503312, 49.72714725499764], [-112.85532843982705, 49.72714824092098], [-112.85532937840529, 49.72714913796601], [-112.85533053450266, 49.72714992105499], [-112.8553318756759, 49.72715056828635], [-112.85533336461991, 49.727151061594974], [-112.85533495949188, 49.72715138711526], [-112.855336615673, 49.727151535773835], [-112.85533687818477, 49.727152009552775], [-112.85533701044892, 49.72715250556781], [-112.85533700859797, 49.72715300896181], [-112.85533687265425, 49.72715350462825], [-112.85533660663242, 49.72715397757212], [-112.8553362186335, 49.72715441363], [-112.8553357202851, 49.72715479968045], [-112.8553351265076, 49.72715512414529], [-112.8553344552873, 49.72715537720308], [-112.8553337266643, 49.72715555135461], [-112.85533296262498, 49.727155641278074], [-112.85533218609334, 49.72715564425061], [-112.85533142037285, 49.727155560286725], [-112.85533068859861, 49.72715539184504], [-112.85533001273531, 49.727155143962406], [-112.85532858643023, 49.727154974052254], [-112.85532713660322, 49.727154954976456], [-112.85532570086463, 49.72715508710671], [-112.8553243164672, 49.727155367142416], [-112.85532301953802, 49.727155787743385], [-112.85532184373709, 49.727156337948216], [-112.85532081969396, 49.72715700352841], [-112.85531997378416, 49.72715776712019], [-112.85531932822474, 49.72715860887281], [-112.85531889973124, 49.72715950693886], [-112.8553178962483, 49.72716019480674], [-112.85531674368568, 49.72716077610197], [-112.85531546832588, 49.727161237416325], [-112.85531409993902, 49.72716156803768], [-112.85531267010687, 49.72716176043707], [-112.8553112116715, 49.72716181011934], [-112.85531075362879, 49.72716261984293], [-112.8553105136245, 49.72716346812124], [-112.85531049867022, 49.727164330493196], [-112.85531070924021, 49.72716518207341], [-112.85531113914533, 49.72716599819842], [-112.85531177606397, 49.72716675543897], [-112.85531260153876, 49.727167431743936], [-112.8553135917226, 49.727168007742534], [-112.85531471815722, 49.72716846667998], [-112.85531594808208, 49.72716879542783], [-112.85531724621295, 49.727168984357576], [-112.85531857483436, 49.72716902813284], [-112.85531989580487, 49.72716892536956], [-112.8553211708783, 49.72716867914276], [-112.85532236315761, 49.72716829649724], [-112.85532478762464, 49.72716826434668], [-112.85532718961812, 49.72716848001135], [-112.85532950922686, 49.72716893822329], [-112.85533168868547, 49.727169627405345], [-112.85533367357618, 49.727170530474325], [-112.85533541426946, 49.72717162492717], [-112.85533686746541, 49.72717288335977], [-112.85533799694828, 49.727174274409556], [-112.85533877434973, 49.72717576333855], [-112.85533918056558, 49.72717731312646], [-112.85533955402913, 49.72717783490452], [-112.85534005902848, 49.72717830798655], [-112.85534068057626, 49.727178718484524], [-112.85534140086413, 49.72717905449683], [-112.85534219859204, 49.72717930631729], [-112.85534305085086, 49.72717946659782], [-112.85534393278286, 49.72717953063267], [-112.85534481857508, 49.72717949658414], [-112.85534568257043, 49.72717936542164], [-112.8553464996007, 49.727179140924854], [-112.85534724587222, 49.72717882976454], [-112.8553478997578, 49.727178440862964], [-112.85534844212454, 49.72717798561285], [-112.85534885723816, 49.727177477166904], [-112.85534913298501, 49.727176930440265], [-112.85534926144712, 49.727176361252596], [-112.85534923879442, 49.72717578618344], [-112.85534906563139, 49.72717522199997], [-112.85536892895303, 49.727173324652156], [-112.85536523544495, 49.72717040666002], [-112.85536113315278, 49.727167727989546], [-112.85536079167578, 49.72716710596031], [-112.85536061687934, 49.72716645550872], [-112.85536061365077, 49.727165795314725], [-112.85536078199068, 49.727165144225665], [-112.85536111724517, 49.72716452082715], [-112.85536160978462, 49.72716394293621], [-112.85536224557045, 49.72716342710341], [-112.85536300627606, 49.72716298818239], [-112.85536366481338, 49.7271627931239], [-112.85536426251575, 49.72716252826119], [-112.85536478200063, 49.72716220133555], [-112.85536520806221, 49.72716182190813], [-112.85536552834529, 49.727161401007045], [-112.85536573346319, 49.72716095084064], [-112.85536581744314, 49.72716048473012], [-112.85536577775167, 49.72716001603067], [-112.8553656156156, 49.72715955863816], [-112.85536533582886, 49.727159125764345], [-112.85536494641639, 49.727158730077484], [-112.85536445886937, 49.72715838312897], [-112.85536388737731, 49.72715809498637], [-112.85536324849663, 49.727157874157896], [-112.85536256094255, 49.72715772701502], [-112.85536184492327, 49.72715765778594], [-112.85536112102882, 49.72715766861638], [-112.85536041068346, 49.72715775921451], [-112.85535973437206, 49.72715792676144], [-112.85535911195949, 49.72715816648987], [-112.85535856147702, 49.72715847138431], [-112.85535843183416, 49.72715881237745], [-112.85535821883384, 49.727159135282044], [-112.85535792800266, 49.72715943159226], [-112.85535756707091, 49.72715969347145], [-112.85535714552036, 49.727159914107425], [-112.8553566745858, 49.72716008764043], [-112.85535616647194, 49.72716020944334], [-112.85535563456992, 49.727160276339305], [-112.85535509312466, 49.727160286598846], [-112.85535455612369, 49.727160240000394], [-112.85535418342401, 49.72715986505253], [-112.85535391275684, 49.727159454928845], [-112.85535375183785, 49.727159021287434], [-112.85535370504263, 49.727158576256834], [-112.85535377396123, 49.72715813244171], [-112.85535395641325, 49.72715770233745], [-112.8553542474516, 49.72715729812441], [-112.8553546387066, 49.727156931229715], [-112.85535511917305, 49.72715661190348], [-112.8553556753211, 49.7271563492199], [-112.85537963124493, 49.72714897269175], [-112.85538061729916, 49.72714967712771], [-112.85538176850474, 49.72715026716196], [-112.85538305339256, 49.727150726657506], [-112.85538443718816, 49.727151043185295], [-112.85538588236142, 49.727151208245665], [-112.85538734984684, 49.72715121728023], [-112.85538879958827, 49.72715107010896], [-112.85539019243326, 49.72715077058921], [-112.85539149056689, 49.72715032705164], [-112.85539126836491, 49.727149545350926], [-112.85539125287553, 49.72714875058626], [-112.85539144478305, 49.72714796556829], [-112.8553918384529, 49.72714721282947], [-112.855392422611, 49.72714651405512], [-112.8553931804749, 49.727145889221674], [-112.85539409020264, 49.72714535638518], [-112.85539512580063, 49.727144930827045], [-112.85539625735406, 49.7271446246967], [-112.85539745235978, 49.727144446952764], [-112.85539867652162, 49.727144402579626], [-112.85539948702649, 49.727144818901074], [-112.85540018414943, 49.727145314167515], [-112.85540074966201, 49.727145875466036], [-112.8554011689249, 49.72714648826466], [-112.85540143132329, 49.72714713677632], [-112.85540152981955, 49.7271478040983], [-112.85540146204261, 49.72714847308628], [-112.85540122962384, 49.727149126275776], [-112.85540083861545, 49.727149746965345], [-112.85540029905358, 49.72715031892461], [-112.85539932014049, 49.72715104739244], [-112.85539854667526, 49.72715187320645], [-112.85539800141684, 49.72715277234895], [-112.85539770007445, 49.72715371857445], [-112.8553976515108, 49.727154684202986], [-112.85539785727646, 49.72715564105073], [-112.85539831114569, 49.72715656128866], [-112.85539899999044, 49.7271574180266], [-112.85539990375854, 49.72715818624832], [-112.8554009960095, 49.727158843607924], [-112.85540224490319, 49.72715937087151], [-112.8554036139594, 49.72715975264379], [-112.85540506338069, 49.727159977741024], [-112.855404267683, 49.72716223976526], [-112.85540422090173, 49.7271626954529], [-112.855404030033, 49.72716455471026], [-112.85540435610895, 49.72716686515483], [-112.85540523782855, 49.727169113685584], [-112.85540665330998, 49.727171244551286], [-112.85540856762157, 49.72717320482104], [-112.85541093296636, 49.727174945968876], [-112.85541369088253, 49.72717642468668], [-112.85541677265483, 49.72717760425522], [-112.85542010206818, 49.72717845543442], [-112.85542640691612, 49.72718474874086], [-112.85543111253791, 49.72719160482996], [-112.85543410273868, 49.727198854150174], [-112.85543530349231, 49.72720631771128], [-112.85543468528923, 49.72721381106401], [-112.85543920700448, 49.727240026493426], [-112.85543831111849, 49.72724163650171], [-112.85543705074532, 49.727243140470556], [-112.85543545465994, 49.727244503938934], [-112.85543355944172, 49.727245695616205], [-112.85543140845566, 49.72724668823524], [-112.85542905106387, 49.72724745904834], [-112.855426541279, 49.72724799046119], [-112.85542419764653, 49.72724833187677], [-112.85542198088179, 49.727248931647345], [-112.85541995821687, 49.727249771589904], [-112.85541819095259, 49.72725082619726], [-112.85541673266329, 49.72725206348348], [-112.8554156275071, 49.727253446046255], [-112.85541490898545, 49.72725493191801], [-112.85541459902149, 49.72725647599526], [-112.85541470681358, 49.72725803161017], [-112.85541522925698, 49.727259551469686], [-112.85541615034516, 49.72726098952013], [-112.85541744235984, 49.72726230225367], [-112.85541906595466, 49.72726344986019], [-112.85542097201284, 49.727264397468694], [-112.85542310272746, 49.72726511638071], [-112.85542539346926, 49.727265584880115], [-112.85542836622955, 49.72726640296878], [-112.85543109656376, 49.72726752115515], [-112.85543351280714, 49.727268910172256], [-112.85543555189409, 49.72727053371639], [-112.85543716045254, 49.72727234910535], [-112.85543829609628, 49.727274308945674], [-112.85543892929425, 49.727276361870594], [-112.85543904344584, 49.72727845405144], [-112.85543863550772, 49.72728053085817], [-112.85543771630475, 49.72728253779793], [-112.85543630971101, 49.72728442230516], [-112.85543445261605, 49.727286135180066], [-112.85543379042622, 49.72728912350069], [-112.85543376959357, 49.72729214247354], [-112.8554343902508, 49.727295134550616], [-112.85543564064592, 49.72729804264205], [-112.85543498001962, 49.727297288261205], [-112.85543412986478, 49.72729661840335], [-112.85543311512959, 49.727296052809834], [-112.8554319660459, 49.72729560832479], [-112.85543071648551, 49.72729529801573], [-112.85542940329779, 49.72729513102304], [-112.85542806542887, 49.72729511226353], [-112.85542674247942, 49.727295242416346], [-112.85542547338005, 49.72729551762185], [-112.85542429572219, 49.727295929619174], [-112.85542324441337, 49.72729646630823], [-112.85542235045493, 49.727297111809605], [-112.85542164037395, 49.72729784703452], [-112.85542113498927, 49.727298650248045], [-112.85542084939615, 49.72729949771638], [-112.85542079195105, 49.72730036441626], [-112.85542096436886, 49.72730122461131], [-112.85542136158503, 49.72730205300174], [-112.85542197185964, 49.72730282501314], [-112.85542277708501, 49.727303517878426], [-112.85542375355361, 49.72730411100528], [-112.85542825992052, 49.727312985248695], [-112.8554307467735, 49.72732218785277], [-112.85543116192383, 49.72733152666284], [-112.85542949685856, 49.72734080679057], [-112.85542931521307, 49.7273419246167], [-112.85542884919748, 49.72734300733325], [-112.85542811173113, 49.72734402463869], [-112.85542712356485, 49.727344948251215], [-112.8554259121579, 49.72734575247304], [-112.85542451121907, 49.727346414833335], [-112.85542295980044, 49.72734691687063], [-112.85542130117777, 49.7273472445533], [-112.85541958161664, 49.72734738884289], [-112.85541784893012, 49.72734734567986], [-112.85541615147345, 49.72734711626144], [-112.8554145365909, 49.7273467070262], [-112.85541304918183, 49.72734612928022], [-112.85541173081322, 49.72734539918846], [-112.85541061807065, 49.727344537110746], [-112.85540974223892, 49.72734356702341], [-112.85540912742813, 49.727342515997044], [-112.85540879092636, 49.72734141333684], [-112.85540874210915, 49.72734028978038], [-112.85540898235047, 49.72733917656176], [-112.85541013536829, 49.7273280526032], [-112.85540831269823, 49.72731696635617], [-112.85540356878938, 49.72730624984248], [-112.85539604590865, 49.72729622393797], [-112.85539410276876, 49.72729506468486], [-112.85539188113783, 49.727294139423], [-112.85538944706474, 49.72729347556549], [-112.8553868731015, 49.72729309296436], [-112.85538423599205, 49.727293003096584], [-112.85538161435593, 49.727293208465554], [-112.85537908634483, 49.727293703153485], [-112.85537672710444, 49.72729447222076], [-112.85537460708161, 49.727295492912276], [-112.85537278947079, 49.72729673470397], [-112.85537132840685, 49.727298160651856], [-112.85537026739148, 49.727299728239714], [-112.85536963804081, 49.727301390733466], [-112.85536945916216, 49.7273030986827], [-112.85537208987603, 49.72730752820628], [-112.85537369703312, 49.72731215896459], [-112.85537424633826, 49.727316892065616], [-112.85537372618327, 49.72732162653958], [-112.85537214759786, 49.72732626142451], [-112.85536954420397, 49.72733069770821], [-112.85536613503572, 49.727332138070835], [-112.85536313857021, 49.72733392284381], [-112.8553606369594, 49.72733600341854], [-112.85535869834885, 49.72733832277536], [-112.85535737594267, 49.727340817488454], [-112.85535670574582, 49.72734341935807], [-112.8553567062982, 49.7273460572783], [-112.85535737729928, 49.72734865909374], [-112.85535081985648, 49.72735522029844], [-112.8553430546887, 49.72736120213173], [-112.85533420260863, 49.72736651169427], [-112.85532683611443, 49.72737711018437], [-112.85532326868599, 49.72738543554339], [-112.85532203664742, 49.72738831075852], [-112.85531991529487, 49.72739985374471], [-112.85532052118054, 49.72741147180866], [-112.85532384044514, 49.72742289555463], [-112.85532979597444, 49.72743386035698], [-112.85533824992464, 49.727444112211714], [-112.85533526542822, 49.727466065100394], [-112.85532706669596, 49.72748745254421], [-112.85531385198061, 49.72750775747884], [-112.85529594088393, 49.72752648878486], [-112.85528450439301, 49.72753467019224], [-112.85527515319323, 49.72754389787929], [-112.85526811132225, 49.727553950697526], [-112.85526354757852, 49.727564587601606], [-112.85526157138324, 49.72757555372283], [-112.85526223009155, 49.727586586169494], [-112.8552406930716, 49.72762159972696], [-112.85522604906991, 49.72765807913482], [-112.85522544338654, 49.72767294157785], [-112.85522462223385, 49.72769309153233], [-112.85521816034077, 49.72772786475695], [-112.8552067197921, 49.727762095217415], [-112.85520183291034, 49.72777356525977], [-112.85519909757093, 49.72778533179632], [-112.85519855314585, 49.72779722602152], [-112.8551963775226, 49.72781170182652], [-112.8551912053713, 49.72782585444156], [-112.85518313134834, 49.72783942439137], [-112.8551723037886, 49.727852163017936], [-112.8551646799184, 49.72786474440305], [-112.85515979941559, 49.72787788616887], [-112.85515775516645, 49.727891338247126], [-112.85515858603912, 49.727904844783964], [-112.85514848582041, 49.72792667273486], [-112.85510182575736, 49.72802751097753], [-112.85505368365274, 49.72815171602572], [-112.85505440456437, 49.72816215453166], [-112.85505283381084, 49.7281725536955], [-112.85504900297168, 49.72818270319903], [-112.85504298956138, 49.72819239778189], [-112.85503491527062, 49.7282014412527], [-112.85502148643509, 49.72821063954548], [-112.85501054140536, 49.7282211299123], [-112.85500237083104, 49.728232633595276], [-112.85499719208923, 49.72824484485521], [-112.85496737923445, 49.72829725821774], [-112.85494331405837, 49.72835089851325], [-112.8549225648121, 49.72839391691402], [-112.85489435393659, 49.728435112477875], [-112.85487204961404, 49.72848625447181], [-112.85485853273104, 49.72853867360125], [-112.85485396656352, 49.728591737578284], [-112.85485535868824, 49.72859503164951], [-112.85485594222645, 49.72859842606308], [-112.8548557028146, 49.728601837949945], [-112.85485464651705, 49.72860518406749], [-112.85485279889639, 49.72860838258881], [-112.85485020517764, 49.728611355550086], [-112.85484692877218, 49.72861403027486], [-112.85484304956276, 49.72861634151502], [-112.8548386623182, 49.72861823280214], [-112.85482237789653, 49.728634975818586], [-112.8548103622986, 49.72865317171462], [-112.85480291517968, 49.72867236680085], [-112.8548002222562, 49.728692082521874], [-112.85476980539592, 49.72877830364647], [-112.85474915707731, 49.72886573190526], [-112.85473791878428, 49.72889844825108], [-112.85472121487909, 49.728930168687995], [-112.85471744303936, 49.728946996922865], [-112.85470972130302, 49.72896324844802], [-112.85469823378034, 49.72897853626592], [-112.85468325404783, 49.72899249613215], [-112.85466513883301, 49.72900479555701], [-112.85465833198035, 49.72902514370508], [-112.85465685451679, 49.72904594271996], [-112.85466074800799, 49.72906661025469], [-112.85465499269696, 49.729104022155916], [-112.85464123807155, 49.729140547109125], [-112.85461975329989, 49.72917547006208], [-112.8545909590756, 49.729208107241284], [-112.85455541897792, 49.72923781966291], [-112.85452083187776, 49.729268164612755], [-112.85449337009804, 49.729301430074166], [-112.85447360972321, 49.729336918209846], [-112.85446196536257, 49.729373884480225], [-112.85445868134605, 49.729411553310115], [-112.85446382656005, 49.72944913465462], [-112.85444717128206, 49.7295199721189], [-112.85442149615481, 49.72958966794011], [-112.85438697827959, 49.72965774037834], [-112.85433102482659, 49.72978946808535], [-112.85432318825052, 49.72986738081575], [-112.85432001275571, 49.7299454318706], [-112.85431484720658, 49.729950552153255], [-112.85431101572678, 49.72995614321963], [-112.85430861749771, 49.729962060307486], [-112.85430771450324, 49.72996815008567], [-112.85430833042965, 49.7299742549597], [-112.85431044902587, 49.7299802167242], [-112.85431401555343, 49.72998588096535], [-112.85431893769184, 49.72999110102637], [-112.85431109439834, 49.7300002744174], [-112.85430555185118, 49.730010127921375], [-112.85430244544908, 49.73002042088327], [-112.85430185125058, 49.730030901846014], [-112.85430614418127, 49.73016037041145], [-112.85432023355209, 49.730182674072935], [-112.8543388958106, 49.730203519200835], [-112.85435297442659, 49.73024736401059], [-112.85437662340836, 49.730289443123716], [-112.85440935204528, 49.73032888383842], [-112.85443447002126, 49.73036977001255], [-112.8544516665439, 49.73041234366526], [-112.85446068248169, 49.73045596264934], [-112.85448450421764, 49.73050897147297], [-112.85451583063556, 49.73056031385906], [-112.85455439001859, 49.73060954448874], [-112.85459984784498, 49.73065623634061], [-112.8546263562399, 49.73068616460012], [-112.85475716574237, 49.73083384948012], [-112.85476070208755, 49.73083783469665], [-112.85476514942106, 49.73084141600435], [-112.85477040024942, 49.73084450659196], [-112.85477632714928, 49.73084703182429], [-112.85478278673797, 49.730848930288495], [-112.85478962250242, 49.73085015619606], [-112.85479666900706, 49.7308506797841], [-112.85480375541886, 49.730850488429205], [-112.8548098888462, 49.730852344245946], [-112.85481544214281, 49.730854852762015], [-112.85482025169088, 49.73085793999164], [-112.85482417569094, 49.730861514972005], [-112.85482709842807, 49.73086547239505], [-112.85482893375483, 49.730869695519374], [-112.85482962766604, 49.73087405993632], [-112.85478830726889, 49.730867465585604], [-112.85490051156891, 49.730981346872], [-112.85490479466044, 49.73098413172357], [-112.85490832458, 49.73098732974217], [-112.85491100809568, 49.73099085641589], [-112.85491277415754, 49.730994618388166], [-112.854913576054, 49.7309985161406], [-112.85491339257153, 49.73100244659424], [-112.8549122284852, 49.73100630584798], [-112.85491011472122, 49.73100999169793], [-112.854915395375, 49.73102654147016], [-112.85492479020405, 49.73104230615441], [-112.85493804489371, 49.73105685924164], [-112.85495480092384, 49.73106980700253], [-112.85497460486503, 49.73108079901035], [-112.85499692091172, 49.73108953790469], [-112.85502114523587, 49.73109578723057], [-112.85501755095251, 49.73110028204906], [-112.85501505358646, 49.73110507898154], [-112.85501371158567, 49.73111006645681], [-112.8550135560976, 49.7311151281736], [-112.85501459078343, 49.73112014626416], [-112.85501679142455, 49.73112500387988], [-112.8550201068601, 49.73112958779044], [-112.85502445991611, 49.73113379134225], [-112.85510203284484, 49.7312064086284], [-112.85510840472546, 49.73121616103048], [-112.85511249427375, 49.731226414859044], [-112.85511296488245, 49.73122929970597], [-112.85511421240199, 49.73123694709376], [-112.85511352177325, 49.7312475285355], [-112.85511043745478, 49.73125792906428], [-112.85512142923646, 49.73131838987899], [-112.85513954271367, 49.731378126183685], [-112.85514185127644, 49.73139303130516], [-112.85514762774334, 49.73140753591839], [-112.8551567377695, 49.73142130296718], [-112.85516896991507, 49.73143401268914], [-112.85518403980468, 49.73144536977872], [-112.85520159750821, 49.73145511043793], [-112.85522014132192, 49.73146654307645], [-112.8552360358716, 49.73147954450603], [-112.85524896865265, 49.731493859214005], [-112.85525868537096, 49.731509205646404], [-112.85529602361036, 49.73156815868907], [-112.85533853251351, 49.73162562172001], [-112.85536504017192, 49.7316577081795], [-112.85539875693985, 49.73168681367552], [-112.85543890085681, 49.7317122631917], [-112.85548649710103, 49.73175013258173], [-112.85552622679047, 49.7317916381655], [-112.85557085882901, 49.73183470996028], [-112.85562267472102, 49.73187425847505], [-112.85568101803331, 49.73190978272338], [-112.85574514988463, 49.73194083284277], [-112.85579201249337, 49.73198015394585], [-112.85583576266278, 49.73202095387339], [-112.85591127617154, 49.73208811760994], [-112.85597897754032, 49.732158694067394], [-112.85600483450223, 49.73217826210032], [-112.85603315005031, 49.732196343885484], [-112.8560576153254, 49.73220648857613], [-112.8560790587365, 49.73221918500462], [-112.85609685417936, 49.73223406248703], [-112.85611048214801, 49.73225068650555], [-112.85611954463191, 49.73226857180379], [-112.85612113505546, 49.73227745116915], [-112.85612468188339, 49.73228608944444], [-112.85613011132851, 49.73229430656308], [-112.85613731000089, 49.73230193113127], [-112.8561461278172, 49.73230880412558], [-112.85619125265814, 49.732351388495395], [-112.85624219608164, 49.73239111989396], [-112.85626277718765, 49.73241047880666], [-112.85627820300813, 49.73243175686598], [-112.85628805902226, 49.73245438247376], [-112.85630199745508, 49.7324807521136], [-112.85632209731047, 49.732505394533256], [-112.85639517633263, 49.732607569584026], [-112.85645813271688, 49.732712537650315], [-112.85651071426858, 49.73281987773238], [-112.85655066880257, 49.73291843500376], [-112.85655418942952, 49.73292964358554], [-112.85658203292626, 49.73301828957681], [-112.85664410809386, 49.73315064240232], [-112.85671126831544, 49.73328194813391], [-112.85678347171682, 49.7334121247014], [-112.85682368550783, 49.73352505467782], [-112.85685626859922, 49.73363901319651], [-112.8568811593222, 49.73375378377388], [-112.85688866542674, 49.73380536654629], [-112.85689851669298, 49.7338044334902], [-112.8569084689692, 49.73380461018744], [-112.85691822671414, 49.73380589134755], [-112.85692750036858, 49.73380823908009], [-112.85693601477301, 49.733811583624934], [-112.85694351721533, 49.73381582566195], [-112.85694978501434, 49.73382083947889], [-112.85695200810231, 49.73382268989874], [-112.85695464886106, 49.73382429330981], [-112.85695764284392, 49.733825610374275], [-112.85696091688799, 49.73382660900583], [-112.85696439099192, 49.733827264747895], [-112.856967980293, 49.73382756165633], [-112.85696843315185, 49.73382766877852], [-112.85696885067438, 49.73382782497241], [-112.85696922009231, 49.73382802572383], [-112.85696953034224, 49.733828264809055], [-112.85696977215638, 49.733828535158764], [-112.85696993807115, 49.73382882849854], [-112.85697002329766, 49.73382913607681], [-112.8569700249487, 49.73382944851333], [-112.85696994335483, 49.733829756459656], [-112.85696978062192, 49.7338300505848], [-112.85696954184178, 49.73383032201885], [-112.8569692343084, 49.73383056263305], [-112.85696886707429, 49.73383076503535], [-112.85696845137905, 49.73383092322205], [-112.85696799965413, 49.73383103242409], [-112.85692635197371, 49.73383668834685], [-112.85692394230634, 49.73383678980885], [-112.85692158936169, 49.73383714130635], [-112.8569193542866, 49.73383773365944], [-112.85691729537727, 49.73383855147349], [-112.85691546640987, 49.73383957333858], [-112.85691391495577, 49.73384077267602], [-112.85691268159468, 49.73384211816233], [-112.85691179833594, 49.733843574792544], [-112.85691128815776, 49.73384510459513], [-112.85691403120626, 49.73389156200322], [-112.85692355038918, 49.733937642144454], [-112.85693976023036, 49.73398293075456], [-112.85696251515277, 49.73402702067222], [-112.8570098651678, 49.73412150374312], [-112.85706307291976, 49.73421466808699], [-112.85712205134357, 49.73430636119462], [-112.85719780617684, 49.73442567104227], [-112.85727706214172, 49.734544021573946], [-112.85727970751746, 49.734555294151065], [-112.85728524224392, 49.73456611728614], [-112.85729350864513, 49.734576182254386], [-112.85730427073663, 49.734585201858685], [-112.8573172214675, 49.734592918701885], [-112.85733199142288, 49.73459911268211], [-112.85734815911458, 49.73460360706523], [-112.85735758723067, 49.73460799122581], [-112.8573657804789, 49.734613316866344], [-112.85737251759751, 49.73461944016156], [-112.8573776168947, 49.73462619587967], [-112.85738094047997, 49.7346334015246], [-112.85738239890888, 49.73464086277698], [-112.85738195251922, 49.734648378039246], [-112.85737961350863, 49.73465574449886], [-112.8573754450362, 49.73466276329884], [-112.85736955965368, 49.73466924491751], [-112.85736804030073, 49.734671293284336], [-112.85736708893522, 49.73467348076819], [-112.85736673395353, 49.734675741899245], [-112.85736698627417, 49.734678008733276], [-112.85736783816725, 49.73468021342986], [-112.85736926399406, 49.734682289842254], [-112.85737122115505, 49.7346841756848], [-112.85737365093361, 49.7346858144117], [-112.85737648045628, 49.73468715681885], [-112.85738593899335, 49.73470998953472], [-112.85739928720743, 49.73473199097812], [-112.85739843577741, 49.73473469170775], [-112.85739825379612, 49.734737445727774], [-112.85739874588762, 49.73474018373697], [-112.85739989957258, 49.73474283691296], [-112.85740168589686, 49.734745338500694], [-112.85740405994584, 49.734747625544365], [-112.85740696202441, 49.73474964062524], [-112.85741031918515, 49.734751332955916], [-112.8574140468539, 49.7347526600509], [-112.85741805125572, 49.734753588397886], [-112.85743338751125, 49.73476649545331], [-112.85744539007537, 49.73478080907301], [-112.85745375848657, 49.73479617064032], [-112.85752292076296, 49.73490283346968], [-112.85760006718571, 49.735007170521456], [-112.85768501233696, 49.73510893105094], [-112.85785192118804, 49.735269980278844], [-112.85786059957812, 49.735270839310864], [-112.85786895387562, 49.73527258751876], [-112.85787676893355, 49.735275179763164], [-112.85788384320996, 49.7352785492423], [-112.85788999416971, 49.73528260905555], [-112.85789506344396, 49.73528725462856], [-112.85789892021437, 49.73529236612027], [-112.85790146512849, 49.73529781184267], [-112.8579026325591, 49.73530345130418], [-112.85790239250879, 49.735309139185155], [-112.85798885105233, 49.7353789870519], [-112.85799900211124, 49.73538568018217], [-112.85801054361907, 49.735391348328974], [-112.85802323132495, 49.735395871683515], [-112.85803679699352, 49.73539915451519], [-112.85805095389965, 49.73540112752767], [-112.85806540268396, 49.7354017489958], [-112.8580931562183, 49.735415230136624], [-112.85812334790297, 49.73542629320612], [-112.85815547923912, 49.7354347555334], [-112.85815732213811, 49.73543984831521], [-112.85815800194605, 49.73544506069998], [-112.85815750450611, 49.735450281766006], [-112.85815584008519, 49.735455400328675], [-112.85815304431544, 49.73546030739575], [-112.85814663035102, 49.73546191496559], [-112.85814071833946, 49.73546419167277], [-112.8581354730359, 49.73546707403896], [-112.85813104061066, 49.735470481785285], [-112.85812754460379, 49.735474319950654], [-112.85812508231025, 49.73547848158954], [-112.85812372249127, 49.73548285069889], [-112.85812350285391, 49.735487305574196], [-112.85812442975471, 49.73549172197194], [-112.85812647722092, 49.73549597698436], [-112.85812958821444, 49.7354999519294], [-112.85813367609919, 49.73550353603397], [-112.85815963270142, 49.73557516915283], [-112.85818905966144, 49.73564623645116], [-112.85819954973408, 49.73566432073741], [-112.85821422704441, 49.73568113662132], [-112.85823273869987, 49.73569627979272], [-112.85825463973895, 49.735709386181604], [-112.8582794034719, 49.735720140620316], [-112.85830643461756, 49.735728284598956], [-112.85841585982263, 49.73578390200459], [-112.85852030994334, 49.73584340225476], [-112.85881557540137, 49.735994739309604], [-112.85911718290153, 49.73614072894861], [-112.859225653891, 49.7362210200298], [-112.85934140046065, 49.736296924030555], [-112.85946400122229, 49.73636816442863], [-112.85959300940823, 49.73643448164533], [-112.85965138627645, 49.7364663186528], [-112.85971460085469, 49.73649400460999], [-112.85978195341308, 49.73651723286198], [-112.8599690485358, 49.73660765615402], [-112.86015060164966, 49.736702706805566], [-112.86032634029301, 49.736802242389246], [-112.86049600103915, 49.73690611351751], [-112.86068534121189, 49.737008289264516], [-112.86087885442984, 49.737107126665094], [-112.86107640061452, 49.73720255418312], [-112.86122262407231, 49.737266709381686], [-112.86136373083887, 49.73733550953348], [-112.86149936997943, 49.737408783452], [-112.86162920423682, 49.7374863490798], [-112.86168962667061, 49.73752508313707], [-112.86175557215715, 49.73755982745529], [-112.86182641627826, 49.73759025289512], [-112.86190148814158, 49.73761607136873], [-112.86195215958807, 49.73763836444355], [-112.86199804973965, 49.73766464975414], [-112.86203841446812, 49.73769450118188], [-112.86205917542911, 49.737713415011605], [-112.86208410242446, 49.73773008175255], [-112.86211262465402, 49.73774411978322], [-112.86214408888459, 49.737755207530654], [-112.86217777436678, 49.73776309109884], [-112.86221290968781, 49.737767589829566], [-112.862372858694, 49.73780342061263], [-112.86243275063718, 49.73782253466313], [-112.86248830474334, 49.737846528335176], [-112.86253857996326, 49.737874995161185], [-112.86262723085561, 49.7379071114537], [-112.86272001643083, 49.737933876277275], [-112.86289383508353, 49.73798391780773], [-112.86307017838728, 49.73803010065504], [-112.86315066868374, 49.738043393626455], [-112.86322799350351, 49.73806305429412], [-112.86326563272526, 49.73808265716662], [-112.86330724650615, 49.738098530495456], [-112.86335196198083, 49.73811034127801], [-112.8633988409102, 49.738117841763376], [-112.86344689998663, 49.738120874543554], [-112.8635584451538, 49.73815335509856], [-112.86367240795776, 49.738182095332554], [-112.86378848977539, 49.738207020157205], [-112.86390640643138, 49.738239490647956], [-112.86402709833628, 49.73826735092469], [-112.86415013677654, 49.73829050189091], [-112.8642750847585, 49.7383088614195], [-112.8644934675941, 49.738350376776125], [-112.8647137688333, 49.738387391259934], [-112.86482242766272, 49.73840653658384], [-112.86493313180284, 49.73841988175956], [-112.86504514548942, 49.73842733821228], [-112.865157724055, 49.73842885634426], [-112.86550821489678, 49.73846249265195], [-112.86586011201348, 49.73848926137987], [-112.86621309527004, 49.738509138088986], [-112.86629295024913, 49.738518160492006], [-112.86637078657529, 49.73853282757313], [-112.86644565708136, 49.73855296080105], [-112.86651665121751, 49.73857831524813], [-112.8665829051922, 49.73860858256653], [-112.86664361310085, 49.7386433944778], [-112.86669803635965, 49.73868232754044], [-112.86683367921495, 49.73868567797509], [-112.8669686616557, 49.73869496733507], [-112.86718489325993, 49.73873194406212], [-112.86739851210764, 49.73877482808044], [-112.86747794136477, 49.7387982432131], [-112.86755369869806, 49.738826307539206], [-112.86763738356836, 49.73887054306747], [-112.86772573853533, 49.73891078380397], [-112.86782924758353, 49.73894556277158], [-112.86793586560033, 49.738976143680375], [-112.86804518779661, 49.73900241027361], [-112.86816640939716, 49.73903077610336], [-112.86828490634586, 49.73906362358387], [-112.86840028461341, 49.73910084355921], [-112.86851216050032, 49.73914231208483], [-112.86862016183561, 49.73918789137439], [-112.86869107600845, 49.73920981758457], [-112.86875746496699, 49.73923705212967], [-112.86881838711751, 49.739269208731855], [-112.8688729782936, 49.739305831301], [-112.86892046415005, 49.73934640031365], [-112.86896017119763, 49.739390340401364], [-112.8689915360555, 49.73943702820977], [-112.8690141137867, 49.73948580154309], [-112.86903749038753, 49.739563570301954], [-112.86905167666501, 49.73964226571651], [-112.86905659036516, 49.7397214324212], [-112.869052203026, 49.739800612048455], [-112.86903854012743, 49.73987934639556], [-112.869015680595, 49.739957179721706], [-112.86898375673776, 49.74003366148101], [-112.86893097338731, 49.740206398975275], [-112.868870023247, 49.7403780036179], [-112.86886139781717, 49.740441510646555], [-112.86885974072617, 49.74050525419437], [-112.86886506034695, 49.7405689135071], [-112.86887733007653, 49.740632168278985], [-112.86887910972003, 49.74065843336975], [-112.86887404366298, 49.74068451795441], [-112.86886227640017, 49.74070967803826], [-112.86884414351402, 49.74073319602189], [-112.86877119061552, 49.740849711198585], [-112.86868868367594, 49.74096351806107], [-112.86859686083938, 49.74107428786412], [-112.86849598725004, 49.74118170061308], [-112.86838635436537, 49.74128544599282], [-112.86806425687016, 49.741573041623326], [-112.86774733999337, 49.74186304521038], [-112.86755235739182, 49.74202652471701], [-112.86735033556731, 49.74218637464792], [-112.86714143530656, 49.74234246784495], [-112.86703622251056, 49.742405557315784], [-112.86692447402542, 49.742463736337825], [-112.8668067345103, 49.74251672139589], [-112.86668357757263, 49.742564254221186], [-112.86655560351295, 49.74260610328019], [-112.86642343586541, 49.742642064532724], [-112.86628771881253, 49.74267196277355], [-112.86614911361607, 49.74269565231734], [-112.8660082957136, 49.74271301768977], [-112.86586595148226, 49.74272397431554], [-112.86569005364362, 49.742741650390364], [-112.86551311158128, 49.74275420820196], [-112.86533547949038, 49.742761622656104], [-112.86515751343751, 49.74276387889406], [-112.86497956980469, 49.74276097234916], [-112.86485963099193, 49.74275122688136], [-112.86474122302886, 49.74273547248456], [-112.86462506161375, 49.74271380430016], [-112.86451184905928, 49.742686353381224], [-112.86440226976471, 49.74265328564075], [-112.86429698590672, 49.74261480094594], [-112.86419663402333, 49.74257113200533], [-112.86410182072363, 49.74252254267183], [-112.86402712845012, 49.74247467715317], [-112.86395791286654, 49.74242347083459], [-112.86389452871688, 49.742369186247934], [-112.86383730084488, 49.74231210167356], [-112.86378652278323, 49.74225250975938], [-112.86369209402001, 49.74218400834252], [-112.86360192000397, 49.74211314022918], [-112.86351614177916, 49.7420400163002], [-112.86349252071477, 49.742010084466614], [-112.86346215238693, 49.741982827635574], [-112.8634257430811, 49.74195887951342], [-112.86338413885387, 49.741938796839065], [-112.86324062506219, 49.7418588766328], [-112.86322482845178, 49.741847340055145], [-112.86320629814554, 49.74183766109332], [-112.8631855474931, 49.74183010763946], [-112.86316315126358, 49.74182488905706], [-112.86313972959097, 49.74182214969303], [-112.86311593128896, 49.741821965620865], [-112.86316398843461, 49.74185292088286], [-112.86320809346091, 49.74188625548157], [-112.86324796668652, 49.74192175820517], [-112.86322740328178, 49.74191727720108], [-112.86320802798161, 49.74191095211006], [-112.86319023208883, 49.74190291071927], [-112.86317437512376, 49.74189331553713], [-112.86316077757891, 49.741882360341165], [-112.86311559988873, 49.7418639720659], [-112.86306653021629, 49.741850404372904], [-112.86301478373925, 49.741841993329984], [-112.86296164200378, 49.741838947108015], [-112.86290842073583, 49.74184134120524], [-112.86280406001168, 49.741845623621074], [-112.8626995828853, 49.741842771588026], [-112.86259614755042, 49.74183281654809], [-112.86249490069552, 49.74181586889254], [-112.86247296624582, 49.74180542680602], [-112.8624485815752, 49.74179759259026], [-112.8624224774787, 49.74179260109914], [-112.8623954361453, 49.741790601727864], [-112.86236826793841, 49.741791654516156], [-112.86234178691757, 49.74179572789394], [-112.86231678672502, 49.74180269981113], [-112.86228558236455, 49.741803488426115], [-112.86225457811295, 49.74180106977196], [-112.86222455402552, 49.741795504527744], [-112.86219626554232, 49.74178693283708], [-112.86217042426492, 49.741775570378444], [-112.86214768032366, 49.74176170286854], [-112.86212860610736, 49.74174567928414], [-112.86211368126791, 49.74172790279438], [-112.86202481122577, 49.74173924501227], [-112.86193462250996, 49.741744675566466], [-112.86184404923225, 49.741744138313585], [-112.86175402905712, 49.741737638797524], [-112.86166549431849, 49.74172524430614], [-112.86157936148841, 49.741707083191955], [-112.86149652265895, 49.74168334356554], [-112.86141783560146, 49.741654271111166], [-112.86134411493434, 49.74162016698548], [-112.86127612410328, 49.74158138421326], [-112.86118541465032, 49.741553606965034], [-112.86109099272278, 49.74153163157446], [-112.86099373940945, 49.741515663082566], [-112.86089456230283, 49.741505850539305], [-112.86079438698738, 49.74150228555365], [-112.86069414829407, 49.74150500134429], [-112.86059478164785, 49.741513972582716], [-112.86049721451717, 49.74152911559687], [-112.8603920537078, 49.74154645183359], [-112.86028484141006, 49.74155729488151], [-112.86017653011199, 49.741561548432536], [-112.86006808192225, 49.741559174689186], [-112.85996046034569, 49.741550194715195], [-112.85985462140329, 49.741534688348274], [-112.85978044238941, 49.74153244200578], [-112.85970626425657, 49.74153469999421], [-112.85963273670554, 49.74154144259664], [-112.85956050403595, 49.74155261062358], [-112.8594195272634, 49.74155115318168], [-112.85927899264375, 49.741543777398185], [-112.85913949126038, 49.741530514273734], [-112.85900160961617, 49.741511419656646], [-112.85868014479308, 49.741485429165465], [-112.85835781646826, 49.74146440590335], [-112.85803480731158, 49.74144836166336], [-112.85793047137757, 49.74145036566152], [-112.85782627316962, 49.74144635646426], [-112.85772303617719, 49.741436365931285], [-112.85761831751685, 49.74142038774185], [-112.85751185557093, 49.74141035313072], [-112.85740445207792, 49.741406337693526], [-112.85729691583477, 49.741408371634705], [-112.85725479435108, 49.74141259636941], [-112.8572121714757, 49.74141267612981], [-112.85717001298855, 49.74140860914954], [-112.85712927391738, 49.74140048750642], [-112.85709087748798, 49.741388495332195], [-112.8569400256547, 49.74138824157327], [-112.85678954804446, 49.741395128770286], [-112.85664024856581, 49.74140912004343], [-112.85649292469066, 49.74143014075863], [-112.85634836323716, 49.74145807855789], [-112.85620733646674, 49.7414927841837], [-112.8560533299255, 49.74154900863653], [-112.85590501533592, 49.74161132953189], [-112.85576296666949, 49.741679505963226], [-112.855627733476, 49.74175327390868], [-112.85549983917545, 49.741832348084195], [-112.85537977860314, 49.741916422494285], [-112.85526801642396, 49.7420051717827], [-112.85516498499162, 49.742098252577506], [-112.85507108309875, 49.742195304701205], [-112.85498104780856, 49.74227709028077], [-112.85496552415304, 49.742284670285905], [-112.85494825488749, 49.74229045080914], [-112.85492973153227, 49.74229426729812], [-112.85491048181262, 49.74229601109364], [-112.8548910536029, 49.74229563243607], [-112.8548720002311, 49.74229314226244], [-112.85479130682442, 49.74235134267766], [-112.85471540232116, 49.74241218872754], [-112.85464449309221, 49.74247551513776], [-112.85465105063012, 49.742490447361426], [-112.85465351569657, 49.74250589000962], [-112.8546518135904, 49.742521375908304], [-112.85464599574958, 49.74253643632469], [-112.85459713946814, 49.74256365775671], [-112.85455068844722, 49.74259259352982], [-112.85454725903276, 49.74259007126613], [-112.8545432218329, 49.74258796036737], [-112.8545386925311, 49.74258632146883], [-112.85453380144887, 49.742585201682594], [-112.85452868869837, 49.74258463303905], [-112.85452350131035, 49.74258463188292], [-112.85451838803, 49.742585198318295], [-112.85451349565815, 49.74258631602857], [-112.85450896481696, 49.742587952953905], [-112.85450492537946, 49.74259006210927], [-112.85450149333005, 49.74259258292026], [-112.85444199853274, 49.74264375649066], [-112.854391377256, 49.74269879365759], [-112.85438992898992, 49.742707602335315], [-112.85438637637904, 49.74271615648018], [-112.85438080650533, 49.742724246395305], [-112.85437335614124, 49.74273167352182], [-112.85436420784818, 49.74273825586737], [-112.85435358599888, 49.74274383192333], [-112.85434175101246, 49.742748265067924], [-112.85424277580083, 49.742863234473965], [-112.85413813436189, 49.74297607712739], [-112.85409061519633, 49.74304920793536], [-112.85404772278997, 49.743123530225546], [-112.85400952821743, 49.74319892097549], [-112.85401052743275, 49.74320846142731], [-112.85400932715703, 49.743217992133], [-112.85400595413434, 49.74322730136043], [-112.85400048339348, 49.743236182243244], [-112.85399303624956, 49.743244437508814], [-112.85391497590538, 49.74337246325376], [-112.85382851907751, 49.74349820310096], [-112.85373382479557, 49.74362142589127], [-112.85363106685828, 49.74374190521443], [-112.85358088410146, 49.74381445496288], [-112.85352439093245, 49.74388502958926], [-112.85346177159485, 49.743953398769385], [-112.85339323036736, 49.74401933949833], [-112.8533053882905, 49.74410126445936], [-112.85325214327415, 49.74415401656328], [-112.85320809733179, 49.74421021813496], [-112.85315248594429, 49.74428176086718], [-112.8530888401025, 49.7443504339714], [-112.85301751027681, 49.74441585935406], [-112.85293186456411, 49.744509466235286], [-112.85284131826795, 49.744601115977815], [-112.85279593545394, 49.74463602623015], [-112.85275808091869, 49.74467452115904], [-112.85272026897651, 49.74470900956831], [-112.85267721389802, 49.744740812300016], [-112.85255401817805, 49.744836459802514], [-112.85242386923227, 49.744928159049515], [-112.85239590617367, 49.744950438906386], [-112.85237271799961, 49.74497491228368], [-112.85235470898228, 49.74500115250621], [-112.85234219332473, 49.74502870172091], [-112.85231573470226, 49.74508530055368], [-112.85228105416755, 49.74514000282035], [-112.85223846867122, 49.7451923083151], [-112.85218836780841, 49.74524173877199], [-112.85213120950205, 49.7452878420668], [-112.85208785240937, 49.745325333912525], [-112.85205079014644, 49.74536556091895], [-112.85202042980352, 49.74540808097686], [-112.85193762021588, 49.74548275092177], [-112.85184954475196, 49.74555484638107], [-112.85182113051248, 49.745597685649706], [-112.85180088916908, 49.74564243137824], [-112.85178911566447, 49.74568843151357], [-112.85178089863808, 49.74570273568844], [-112.85176897660955, 49.7457158991304], [-112.85175371102078, 49.74572752272116], [-112.85173556501624, 49.74573725381424], [-112.85171508874811, 49.745744797383516], [-112.8514827940925, 49.74606653481222], [-112.85141749083986, 49.746190481219884], [-112.85134628317545, 49.74631305469268], [-112.85126923956545, 49.74643413734771], [-112.85111517043325, 49.74670811503075], [-112.85109660699628, 49.746747900641765], [-112.85105199954192, 49.74681836525674], [-112.8510163102575, 49.74689093209715], [-112.85098977183121, 49.74696512805156], [-112.85098351089094, 49.74698475205789], [-112.85097258767019, 49.74700349931343], [-112.85095727118981, 49.74702090784827], [-112.85093793915412, 49.747036548709985], [-112.85091506771073, 49.74705003650876], [-112.85090625518252, 49.74708806501102], [-112.8508908522411, 49.74712520194854], [-112.85086905677858, 49.74716096953819], [-112.85084114965595, 49.7471949072204], [-112.85081247716847, 49.74723735809423], [-112.85079063844823, 49.747281483022874], [-112.85078927121027, 49.74729087852049], [-112.85078573982035, 49.74730003407768], [-112.8507801244654, 49.74730874151466], [-112.8507725528224, 49.74731680312169], [-112.85076319708092, 49.747324035514424], [-112.85074922816, 49.74733605043683], [-112.85073852821705, 49.74734940034091], [-112.85073139375139, 49.74736371525099], [-112.85072802241727, 49.747378598745065], [-112.85072850755861, 49.74739363840314], [-112.85071510959787, 49.747449186891124], [-112.85069468220354, 49.7475038294475], [-112.85066736494481, 49.7475571930965], [-112.85065667427142, 49.747566859007534], [-112.85064859226188, 49.74757753568089], [-112.85064334043491, 49.74758893023204], [-112.85064106306126, 49.74760073016243], [-112.85064182230104, 49.74761261179988], [-112.85062288486395, 49.74765798854303], [-112.85059785027845, 49.74770210740525], [-112.85058872337578, 49.747706445032975], [-112.85058082937735, 49.747711701075644], [-112.8505743855252, 49.747717730723124], [-112.8505695694883, 49.74772436783904], [-112.8505665139211, 49.747731429726656], [-112.85056530291045, 49.74773872184122], [-112.85056596984685, 49.74774604330818], [-112.85054849129844, 49.747799471029126], [-112.85052162654911, 49.7478512375409], [-112.85045611842762, 49.74801351328857], [-112.85039753444252, 49.74817689683127], [-112.85034591911159, 49.74834126417114], [-112.85034333305298, 49.74836146880877], [-112.85034552657189, 49.74838169289718], [-112.8503524484378, 49.74840146445677], [-112.85036393703405, 49.7484203222814], [-112.85037972444427, 49.748437826193914], [-112.8503994420816, 49.7484535678209], [-112.85041155871082, 49.74852464385633], [-112.85041520194248, 49.748596113172006], [-112.85041034999735, 49.748667552279215], [-112.85039703171445, 49.74873853797383], [-112.85037532594637, 49.748808649488616], [-112.85034536115745, 49.748877471438504], [-112.8502886360677, 49.749056964509265], [-112.85022369573292, 49.74923528487889], [-112.8501505975372, 49.74941227455575], [-112.85014579054898, 49.74941643425485], [-112.85013997392336, 49.74942001196615], [-112.850133312929, 49.74942290617325], [-112.85012599658116, 49.74942503465864], [-112.85011823247456, 49.74942633704206], [-112.85011024119463, 49.74942677637966], [-112.85010224952114, 49.7494263401755], [-112.85009448420047, 49.749425040823446], [-112.85008716584935, 49.74942291518671], [-112.85008050209514, 49.74942002359493], [-112.85007468217621, 49.74941644813574], [-112.85006987133374, 49.74941229036908], [-112.85006620599951, 49.749407668258236], [-112.85006379031867, 49.749402712969996], [-112.85006269279239, 49.74939756531642], [-112.8500629447184, 49.749392371279356], [-112.85005691144113, 49.74932583752726], [-112.85004475180011, 49.74925965637685], [-112.85002650929891, 49.74919406435314], [-112.8500120268419, 49.749210666719364], [-112.85000144993998, 49.74922846358464], [-112.84999500625584, 49.749247071847016], [-112.84999283483296, 49.749266090691364], [-112.84999498221475, 49.749285110758585], [-112.85000004405902, 49.74931474037233], [-112.84999726691875, 49.74934449660933], [-112.84998673128081, 49.749373515089665], [-112.84996874350257, 49.74940095273728], [-112.84994776599508, 49.749482778389584], [-112.84993307811828, 49.74956517751544], [-112.84992471600877, 49.74964794725564], [-112.84992818915501, 49.74972997578921], [-112.84992461975665, 49.74981200259993], [-112.8499140186603, 49.74989377407545], [-112.84989641879126, 49.74997503725298], [-112.84989050334741, 49.750054634353255], [-112.84989119926789, 49.750134322412514], [-112.84989850470694, 49.7502138710002], [-112.84991239837707, 49.75029305021084], [-112.84994535720848, 49.750514162479575], [-112.84993557179814, 49.75053703992796], [-112.84993190189346, 49.75056066026115], [-112.84993445320656, 49.75058434235692], [-112.84994315230067, 49.750607403241595], [-112.84995463049628, 49.750645176366675], [-112.8499560365574, 49.75068366396234], [-112.84996202751194, 49.75070915465762], [-112.84997390563119, 49.7507337638047], [-112.84999139711711, 49.75075692412745], [-112.85001409870587, 49.75077810159317], [-112.85004148691712, 49.750796808021796], [-112.85002968733478, 49.75085391199581], [-112.850027795947, 49.7509115124939], [-112.85003583657777, 49.75096888988614], [-112.85005370873907, 49.751025327694165], [-112.85006430275203, 49.75109472171197], [-112.85006804528231, 49.75116441228986], [-112.85011060382838, 49.75133445721518], [-112.85015695350937, 49.75150408561517], [-112.85024841144356, 49.75173883849091], [-112.85033678495701, 49.75197408688662], [-112.85037423606772, 49.75206765140053], [-112.85042052922084, 49.752159539837926], [-112.85042729048881, 49.752181825829794], [-112.85043958789021, 49.75220309490687], [-112.85045709001669, 49.75222277389929], [-112.85047932532319, 49.75224033263083], [-112.85050569467751, 49.75225529785548], [-112.85053548748049, 49.75226726643824], [-112.85082323107702, 49.75239764356026], [-112.85083002358434, 49.75241124482269], [-112.85083338595852, 49.7524253734492], [-112.8508332323473, 49.752439668691096], [-112.85082956681809, 49.75245376565586], [-112.85082248270034, 49.752467304364544], [-112.85081216091831, 49.75247993923086], [-112.85079886512223, 49.75249134778921], [-112.85078293461576, 49.75250123868159], [-112.85076477606773, 49.75250935941634], [-112.85075124281865, 49.75251087602589], [-112.8507382523896, 49.75251376437722], [-112.85072613359644, 49.75251795140821], [-112.85071519349854, 49.75252333096615], [-112.85070570910825, 49.752529766962475], [-112.8506979207721, 49.75253709625661], [-112.85069202562211, 49.752545133266715], [-112.85068817291757, 49.75255367445539], [-112.85068646037058, 49.75256250347268], [-112.85068693135085, 49.75257139666737], [-112.85072394212887, 49.75263659910767], [-112.8507556970613, 49.75270295483121], [-112.85078211095224, 49.75277028603384], [-112.85079971596763, 49.75277534091014], [-112.85081582782429, 49.7527821735524], [-112.85083002253099, 49.75279060423068], [-112.85084192627785, 49.7528004110548], [-112.85085122606428, 49.75281133597829], [-112.85085767687228, 49.75282309134387], [-112.85086110902955, 49.75283536779735], [-112.85086143223941, 49.75284784231258], [-112.85085863793675, 49.75286018655921], [-112.85085279963961, 49.75287207553875], [-112.85084407107357, 49.75288319648598], [-112.8508379963285, 49.75291818560658], [-112.85084012519287, 49.752953368325606], [-112.85085040892706, 49.75298794185346], [-112.85088818231718, 49.753041769822865], [-112.8509291885725, 49.75309459540208], [-112.85092592235966, 49.75310052256722], [-112.85092410327535, 49.75310670492912], [-112.85092377477721, 49.75311299494595], [-112.85092494462553, 49.75311924277946], [-112.85092758491948, 49.753125299460514], [-112.85093163278563, 49.75313102063661], [-112.85093501439407, 49.75313197582654], [-112.85093859980786, 49.75313253825146], [-112.85094228128294, 49.75313269101671], [-112.85094594811885, 49.75313242957131], [-112.85094949021084, 49.75313176174323], [-112.85095280105212, 49.75313070755339], [-112.85095578107597, 49.7531292987453], [-112.85095834079083, 49.753127577665005], [-112.85096040325142, 49.75312559606288], [-112.85096466185043, 49.75314837470518], [-112.85096483106271, 49.75317131960276], [-112.85101421363599, 49.75321571442724], [-112.85105764291812, 49.75326264895686], [-112.8510948093616, 49.75331178886171], [-112.85110347807066, 49.75331572184305], [-112.85111101197229, 49.753320536946255], [-112.8511171999664, 49.75332609921163], [-112.8511218683141, 49.75333225254108], [-112.85112488607746, 49.75333882442789], [-112.85112616856827, 49.753345630378874], [-112.85112567998874, 49.753352479623736], [-112.85112343376375, 49.75335917986603], [-112.85115813539905, 49.75336285271579], [-112.851191531641, 49.75336998051488], [-112.85122280819446, 49.75338038952017], [-112.85125120272654, 49.753393826007866], [-112.85127602281884, 49.7534099624221], [-112.8512966635443, 49.7534284053179], [-112.85131262156102, 49.75344870506831], [-112.85132350784507, 49.75347036678067], [-112.85134337607394, 49.7535040481141], [-112.85136923218961, 49.75353597767493], [-112.85140071597567, 49.75356571063041], [-112.8514373886622, 49.75359283251694], [-112.8514475019324, 49.75359968602053], [-112.85145590427035, 49.753607449243624], [-112.85146240356508, 49.753615944685485], [-112.85146685107364, 49.75362497793856], [-112.85146914519412, 49.753634342473795], [-112.85146923347133, 49.75364382404858], [-112.85149618763292, 49.75367473757571], [-112.85152898913842, 49.75370318000161], [-112.85156710583803, 49.753728689825955], [-112.85160991896537, 49.75375085288704], [-112.85162322307414, 49.75376201469025], [-112.8516337842978, 49.7537743459622], [-112.85164136232319, 49.75378756628772], [-112.85164578471762, 49.75380137470311], [-112.85164695075392, 49.753815456999725], [-112.85167250954906, 49.75391892943177], [-112.85169272778447, 49.754022896641565], [-112.85165413468565, 49.75407104863513], [-112.85164490453361, 49.754080825646525], [-112.85163815244265, 49.75409141866473], [-112.85163404514003, 49.754102566271996], [-112.85163268406319, 49.75411399309492], [-112.85163410274723, 49.754125416972194], [-112.8516382662178, 49.754136555854586], [-112.85167460933084, 49.754171164328774], [-112.85170186705128, 49.75420911560614], [-112.85171932654396, 49.75424941717227], [-112.85174868604787, 49.7542906141745], [-112.851782699828, 49.754330280025194], [-112.85182117900666, 49.75436819452163], [-112.85188017609458, 49.75448394778502], [-112.85193135037699, 49.75460125327789], [-112.85197545932029, 49.754739442974575], [-112.85198103166302, 49.75474340253697], [-112.85198552996115, 49.754747898962584], [-112.85198883326636, 49.75475281135091], [-112.85199085265339, 49.75475800746529], [-112.85199153379428, 49.75476334757066], [-112.85199085842962, 49.75476868797326], [-112.8519888447171, 49.75477388505235], [-112.85198554681226, 49.75477879892497], [-112.85198345549644, 49.75478634237172], [-112.8519831152937, 49.75479400337886], [-112.85198453376432, 49.75480161225173], [-112.85198767957844, 49.754809000492706], [-112.8519924828734, 49.75481600447374], [-112.85199883739072, 49.75482246898217], [-112.85204847054476, 49.75490272886718], [-112.8520913821381, 49.7549845992489], [-112.85212744836255, 49.755067843892206], [-112.85218613219982, 49.755173418780416], [-112.85223589149018, 49.75528090036833], [-112.85223678883762, 49.75534652290404], [-112.8522299715808, 49.755411999299604], [-112.85221547953326, 49.75547694926148], [-112.85219339650904, 49.75554099595188], [-112.85217377043044, 49.75558850861996], [-112.85216138402392, 49.755637034159015], [-112.85213333999994, 49.75574517222357], [-112.8521001069683, 49.755852691430164], [-112.85203443411736, 49.756021198075544], [-112.85201552474301, 49.75605871730915], [-112.8519914699396, 49.756094979035296], [-112.85198304071264, 49.75610506614037], [-112.8466469175663, 49.75618700623878], [-112.8463677190135, 49.75619128680559], [-112.83519399552668, 49.75627028197778], [-112.83221236950202, 49.75628799148225], [-112.82833500064096, 49.75631090653167], [-112.82818828766067, 49.75631177103296], [-112.82794907062365, 49.75631318023861], [-112.82750924194347, 49.75631576989516], [-112.8271483594917, 49.75631789353736], [-112.82400472127138, 49.756336344726954], [-112.82372251954682, 49.756325489987404], [-112.82238608431682, 49.756324443800395], [-112.82064676060352, 49.75632305983417], [-112.81936998814598, 49.75632202690803], [-112.81261632465645, 49.75632657790167], [-112.80953390429609, 49.75632098962694], [-112.80784620939306, 49.756317895002915], [-112.80259115004041, 49.75630810154224], [-112.80248019471603, 49.75630789218236], [-112.80150902236096, 49.75630605511593], [-112.80108603203405, 49.756305312875256], [-112.7899237350874, 49.75628255055299], [-112.77876157047096, 49.75625861849769], [-112.7784823817591, 49.75625800930966]]]}}]}