{"type":"FeatureCollection","features":[{"type":"Feature","id":57,"geometry":{"type":"Polygon","coordinates":[[[-55.581541943960289,48.983647235090821],[-55.581575268881608,48.983625545093993],[-55.581735508880307,48.983580264330087],[-55.581971194451164,48.983499282140237],[-55.582701009015722,48.983313070950388],[-55.583143196069152,48.983209452239279],[-55.583685464491467,48.983064823857674],[-55.584015624964046,48.982959898711542],[-55.584333614168571,48.982839637905123],[-55.584620233363999,48.982712072089235],[-55.584887861482663,48.982568248724533],[-55.58517768578286,48.982383134424069],[-55.585447126889562,48.982185360197299],[-55.585635577995838,48.982032258666202],[-55.58598360869653,48.981747527746073],[-55.586584758501999,48.981254172498886],[-55.587264175358179,48.980711628245096],[-55.588471686270978,48.979748298704493],[-55.589078260570751,48.979254046885302],[-55.589787888844661,48.978686418505397],[-55.590247214115692,48.97831843797249],[-55.590692736590896,48.977967495823684],[-55.591320756583329,48.977518271666291],[-55.592112936154201,48.977040853555835],[-55.593092298469273,48.97655868575584],[-55.594209315744955,48.97611387371466],[-55.594399737904787,48.976048894344942],[-55.595095473434561,48.975833706379774],[-55.595252948764447,48.975788397141564],[-55.595269388491651,48.975783056330634],[-55.59527348852631,48.975782171440727],[-55.595302240499656,48.975774178168685],[-55.595989649379554,48.975575144956018],[-55.596949597959515,48.975289827678623],[-55.597519243221839,48.975122751431918],[-55.597813661769713,48.975035644181595],[-55.597891724686576,48.975010738684631],[-55.598368383487397,48.974855020955367],[-55.598900098105609,48.974647333189772],[-55.599355415333179,48.974425888920145],[-55.599779505563539,48.974180053688876],[-55.599995059681433,48.974045006581427],[-55.600308090410373,48.973849145414981],[-55.601026069654147,48.973407376116413],[-55.601447517975728,48.973148936324932],[-55.60237549932949,48.972579284278325],[-55.60252374844768,48.972488966735099],[-55.603351482739406,48.971982812826546],[-55.603715239700286,48.971760135211369],[-55.604530654804201,48.971254828901444],[-55.605955442059141,48.970381987507793],[-55.606571774240926,48.969999190593562],[-55.607162018833442,48.969633389604603],[-55.607916829392018,48.969182712074797],[-55.608051320067595,48.969102230771355],[-55.608347599716382,48.968944961475479],[-55.608660165566569,48.968800337013931],[-55.608986271932693,48.968670144607543],[-55.609325932588682,48.968554385506685],[-55.609675026422387,48.968453947880711],[-55.610159442498379,48.968341370870107],[-55.610657296431732,48.968256722469533],[-55.611134412672065,48.968203471436411],[-55.611163129250258,48.968199972319503],[-55.611612688489167,48.968177206309889],[-55.611750650731295,48.968176772925872],[-55.612064827939562,48.968175130150229],[-55.612258728130101,48.968182978019172],[-55.612515438331144,48.968192832710344],[-55.612979638543059,48.968220471016217],[-55.613798907452761,48.968257387063368],[-55.613998347635473,48.968255358644264],[-55.614196492375264,48.968244329107009],[-55.614393342692949,48.968223404408832],[-55.614572495418983,48.968195227248899],[-55.614587539516435,48.968192579272376],[-55.614776339966795,48.968153640395755],[-55.614962474329062,48.96810569928433],[-55.615141847622283,48.968048743122544],[-55.615314454211784,48.967983670343571],[-55.615396673865874,48.967948871788174],[-55.615613252595878,48.967849770464994],[-55.615816250189766,48.967739834167581],[-55.61600566967698,48.967619058563599],[-55.617698291307804,48.966512244435123],[-55.619190375393032,48.965543240696718],[-55.620358482884257,48.964782684155736],[-55.621004975732269,48.964361240303454],[-55.622188123652947,48.963591721963418],[-55.623151619648802,48.962966261436392],[-55.623851600022157,48.962509902335938],[-55.623986095080568,48.962423109100435],[-55.624994858744557,48.961765407732102],[-55.6250730883758,48.961714684679073],[-55.624754910558714,49.004112532485927],[-55.713752780663903,49.001266137558396],[-55.750530360596365,48.941942257882808],[-55.750445673643263,48.941653103047727],[-55.750351921076458,48.941562972372694],[-55.750338362639496,48.941544055706999],[-55.750312565936724,48.94151702119467],[-55.75016579989326,48.941380909119424],[-55.749531010640489,48.94110344604082],[-55.74872732471492,48.941023458439638],[-55.747974978450792,48.941050597005123],[-55.747456423974604,48.941008991258236],[-55.746180054023576,48.940725608439244],[-55.745268726512592,48.940607591137884],[-55.744630829571143,48.940411929201069],[-55.744410475988644,48.939986971414136],[-55.744132384479336,48.939641920596998],[-55.743671777337362,48.9394835202853],[-55.742975594303559,48.939476575829872],[-55.741904006109138,48.939734084561557],[-55.741241977910192,48.939457413235523],[-55.740685779524,48.939307779168693],[-55.740213323178317,48.9390683992671],[-55.739175893184076,48.93905706621193],[-55.738560022763494,48.939095240500201],[-55.73801550910639,48.939062529374745],[-55.737039839495388,48.938727568113066],[-55.736631839215512,48.938696061068107],[-55.736604491350029,48.938704992368685],[-55.736055175054588,48.938807157367705],[-55.734727970223013,48.938351761237548],[-55.733890390158834,48.937982915898345],[-55.732680781021564,48.937753493808984],[-55.732475885204927,48.937778200626951],[-55.73142672741367,48.937667845211145],[-55.730926784164353,48.937473330361023],[-55.730534248936941,48.937360902129392],[-55.730183000279908,48.937186515174865],[-55.729666154298691,48.937090877158624],[-55.729585814557275,48.937053818329311],[-55.729558569260256,48.937043863168718],[-55.729292441424164,48.936780642841718],[-55.728712421889377,48.936504091992077],[-55.727968616440727,48.936226255410865],[-55.726936761613217,48.935954026099822],[-55.725687925854622,48.93517496169666],[-55.724821703313282,48.934823967212679],[-55.724026673692741,48.934437165945852],[-55.723747190790043,48.934128039273851],[-55.722989794172179,48.933850136180951],[-55.72307370239831,48.933239709380835],[-55.723157412798862,48.933158974942501],[-55.723249585659381,48.932782385418164],[-55.723451189014646,48.93236199548425],[-55.72384044091433,48.932069755151581],[-55.723970173897968,48.931810168014792],[-55.724031618025393,48.931558508419371],[-55.723835657234254,48.931205511017318],[-55.723288065530959,48.930759046111142],[-55.722641974262224,48.930355505477714],[-55.722375767089432,48.930119245681219],[-55.721888069838613,48.929951700709459],[-55.720972177426987,48.929473756709605],[-55.720556160210862,48.929181373328142],[-55.72045242914583,48.928937408801779],[-55.720541080985356,48.92870380686454],[-55.720737490605039,48.928481254812986],[-55.720713479915517,48.928382272148511],[-55.720590951494941,48.928327119882923],[-55.720333166623348,48.928296816947274],[-55.719954670056048,48.928131324868055],[-55.719727772378,48.927948217686044],[-55.719610247386107,48.927731197677176],[-55.719383346712839,48.92754898375815],[-55.718895835776564,48.92735444835764],[-55.717904744628626,48.927155080189983],[-55.717264955653548,48.927102252583957],[-55.716813185094601,48.927106542624301],[-55.716004564062978,48.927223262612031],[-55.715171784423333,48.927267974395974],[-55.714651413929374,48.927334134257009],[-55.714004877860972,48.927506997931005],[-55.712417825346485,48.928182025421378],[-55.711356457832437,48.928575070595599],[-55.710624396235666,48.928899682241166],[-55.709972425952273,48.929297337739783],[-55.709900938147214,48.92938618804633],[-55.710074844694724,48.929523318953557],[-55.710197520557848,48.929551507396603],[-55.710595188104854,48.929466171727981],[-55.710895333710432,48.929487609188413],[-55.711016382888126,48.929560754279208],[-55.710946211637889,48.929658604596355],[-55.710807951934008,48.929729301499158],[-55.710340570415866,48.929832449035125],[-55.709929564034049,48.929863790578487],[-55.709066136963813,48.930006401997495],[-55.708639435350321,48.930154613758148],[-55.708117400313817,48.930265704187313],[-55.707289759659226,48.930589157071637],[-55.70698765807159,48.930667528006204],[-55.706600103314301,48.930887769645054],[-55.705828922563448,48.931122325830302],[-55.705289601785012,48.931385343228769],[-55.704506228996237,48.931601869715877],[-55.703042650978553,48.931666460210316],[-55.702880347485525,48.931646255348483],[-55.70285305171695,48.931646185529999],[-55.70286327266669,48.931763121782396],[-55.702303690803909,48.93175718164359],[-55.702295261047809,48.93156830791186],[-55.702267971056116,48.931567334155268],[-55.701394477328662,48.931557884441169],[-55.700930810198599,48.931490135390654],[-55.700280924648546,48.931293298473371],[-55.69962441591526,48.930836542786906],[-55.699566793200702,48.930430805837503],[-55.699404814475145,48.930356639538253],[-55.69918475928862,48.930408227210975],[-55.698469888192555,48.930579927013888],[-55.697894765681077,48.930663854044106],[-55.697158098543298,48.930601671577953],[-55.696420892060161,48.930629407728915],[-55.695900461881038,48.930695486563131],[-55.695171822807438,48.930885115487285],[-55.694827019286336,48.931024494963147],[-55.693701886103085,48.931767932636461],[-55.692948952853399,48.932353179314887],[-55.691785900617006,48.933482300943574],[-55.690322234255945,48.93465286927151],[-55.689571202721133,48.935139174284075],[-55.687314118685052,48.936346240331041],[-55.686883722196932,48.936629251851208],[-55.686714821934338,48.93678886770504],[-55.686740360801551,48.936852788935497],[-55.686835849536642,48.936862939832523],[-55.687279787129988,48.936597950034979],[-55.687527068758641,48.936564445716762],[-55.687634562478159,48.936619596229036],[-55.687673582061642,48.936710532501962],[-55.687287734486048,48.937510765400184],[-55.687284984498376,48.937513457540973],[-55.687263048645931,48.937528684170843],[-55.687226038678581,48.937552867189609],[-55.68720549617224,48.937563601052105],[-55.687175394949065,48.937575211781414],[-55.687161721582655,48.937578771664263],[-55.687142604917057,48.937579618731164],[-55.687105746550571,48.937579518846505],[-55.687056633593727,48.937574888969451],[-55.687038896403202,48.937573039971667],[-55.687036170354432,48.937573032643058],[-55.687022496842509,48.937576594307153],[-55.6870006075074,48.937583730672188],[-55.686929391365531,48.937621305411895],[-55.686917077375895,48.937625768295199],[-55.686878785823154,48.937636457065061],[-55.686845991425464,48.937641763270648],[-55.686818685590886,48.937642588820516],[-55.686805047563283,48.937640752924018],[-55.686780473451009,48.93764068650222],[-55.686732701429762,48.937639658262491],[-55.686678095501925,48.937640409106166],[-55.686672624004011,48.937642190956034],[-55.686667139591783,48.937645774050985],[-55.686654730377214,48.937665526793673],[-55.686625936298043,48.937686129538321],[-55.686572496546006,48.937718363048873],[-55.68653413826447,48.937739841507842],[-55.68652593228979,48.937742515215795],[-55.686515003075343,48.937743387212571],[-55.686495874981254,48.937746929543906],[-55.686476729663838,48.937752275678676],[-55.686430187967254,48.937772831517265],[-55.686413764380532,48.937779084326188],[-55.686371320457148,48.937799653246834],[-55.686330261902661,48.93781662411979],[-55.686316566860462,48.937823783827511],[-55.686290523852911,48.937840799429225],[-55.686254875542446,48.937864985767909],[-55.686220558180395,48.937895468395944],[-55.686198589122334,48.93791609063404],[-55.686180773477687,48.937926834395036],[-55.686131559520064,48.937938389700783],[-55.686068680224857,48.937951711444057],[-55.686041333344264,48.937958828238635],[-55.686001662025745,48.937972210041551],[-55.685955119728931,48.937992768374492],[-55.685920941371464,48.938000770204695],[-55.685841699794665,48.938011343634052],[-55.685813024212393,48.938013066332843],[-55.685781625883138,48.938012981003759],[-55.685732497161275,48.938011045791441],[-55.685635631655863,48.938001789343033],[-55.685559297807913,48.937984494635231],[-55.685480288059331,48.93795819932474],[-55.685453021837077,48.937952730371912],[-55.68541619033865,48.937948133413762],[-55.6853562064749,48.937935379083498],[-55.685305763940761,48.937924451292844],[-55.685270337475274,48.937914458850194],[-55.685258067214527,48.937911730732942],[-55.685234863596619,48.937911667013097],[-55.68519799376449,48.937913363305576],[-55.685182946154754,48.937918721471696],[-55.685161037995925,48.937929451199743],[-55.685143250836106,48.937935695617533],[-55.685130959074918,48.937936565614862],[-55.685068174039557,48.937935490968336],[-55.685008105850741,48.937936229539183],[-55.684979418112299,48.937938846605526],[-55.684943867123152,48.937948644911359],[-55.68490688318262,48.937968327026681],[-55.684864435776461,48.937988895281251],[-55.684842523249351,48.938000523388112],[-55.684811006285905,48.938019325748506],[-55.684789117647504,48.938027360302634],[-55.684732918272459,48.938063177907807],[-55.684706908724976,48.938074799157697],[-55.684683653872483,48.938082826289367],[-55.684649475339391,48.938090826836302],[-55.684626239007045,48.93809525933456],[-55.684593426837161,48.938103264569648],[-55.684572916386102,48.93810860302154],[-55.684546916698331,48.938118427395189],[-55.684537336648468,48.938122897674795],[-55.684493475662727,48.938150653600438],[-55.684470181917774,48.938164978498619],[-55.68446334492856,48.938166760073052],[-55.684455156238954,48.938165835366469],[-55.684452434440708,48.938164929534075],[-55.684438840641384,48.938155899845043],[-55.684429309328159,48.938152275465519],[-55.684415653017609,48.938152237649895],[-55.684410180859274,48.938154922461131],[-55.684404691884176,48.93815940478337],[-55.684403265387665,48.93816929241715],[-55.684401809214499,48.938182777007107],[-55.684403073938384,48.938199867657886],[-55.684401611776082,48.938214255139414],[-55.684398850120665,48.938219642576634],[-55.684386421499887,48.938242091090615],[-55.684371259843743,48.93826542966255],[-55.684356122119546,48.938285174691188],[-55.684290296243546,48.938332657589044],[-55.684239582127319,48.938364892903522],[-55.68417648329968,48.938413281748844],[-55.684143579569529,48.938435672877844],[-55.684123018697456,48.938449106746525],[-55.684044919132496,48.938494759737537],[-55.684018896603853,48.938508176670091],[-55.683983309409328,48.9385233694913],[-55.683955923050291,48.93853678358402],[-55.683887472274208,48.938567171992965],[-55.683834103311248,48.938587707883151],[-55.683801244835159,48.938602908141391],[-55.683706780946316,48.938645815050755],[-55.683690340939755,48.938655661265287],[-55.683593043343635,48.938714750539923],[-55.683477956290474,48.938780982404765],[-55.683456037570586,48.938792610947765],[-55.683380674170493,48.938837371758289],[-55.683345047924206,48.938858857682682],[-55.683276503094028,48.938904532057869],[-55.683249047592909,48.938927840731765],[-55.683222991373803,48.938947551863855],[-55.683164046449413,48.938986060007203],[-55.683127029150263,48.939011140067571],[-55.683125674289407,48.939009335855225],[-55.68311057914709,48.939021884453098],[-55.683065332408589,48.939053236023739],[-55.683062580813498,48.939055927111035],[-55.683004960428448,48.939101631687208],[-55.682976176680313,48.939119541729625],[-55.682939183857947,48.939141020095548],[-55.682880312922542,48.939167839947544],[-55.682809137662396,48.939197319062139],[-55.682761246302256,48.93921517621483],[-55.682705177494668,48.939231206701521],[-55.682668254593565,48.939241000303099],[-55.682601223018935,48.939263298170381],[-55.682534197065571,48.939284697601579],[-55.682491805277969,48.939296269283261],[-55.682442550461388,48.939313220383603],[-55.682390578109398,48.939328367139652],[-55.682318079858774,48.93935244755275],[-55.682286623291738,48.939361353294103],[-55.682268840687854,48.939366702445454],[-55.682219664624185,48.939371962756056],[-55.68219369294745,48.939377285601836],[-55.682184127348897,48.939378157325827],[-55.682151296571021,48.9393888615134],[-55.682145846225964,48.939387943593637],[-55.682136299049446,48.939386120173026],[-55.682106405840393,48.939364455538524],[-55.682094160084027,48.939358126352097],[-55.682080514814146,48.93935718733993],[-55.682073677513657,48.939358969664916],[-55.682047626529311,48.939376883541136],[-55.682038021856613,48.939384052155837],[-55.682033884679477,48.939391233469514],[-55.682035213751675,48.939396634780337],[-55.682044635934666,48.939417343252472],[-55.682051296007117,48.939443440893939],[-55.682049867630496,48.939453328438979],[-55.682051107323652,48.939473118547781],[-55.682048316624112,48.939483001491695],[-55.682037306509628,48.939496461372691],[-55.682022219366189,48.939508111511735],[-55.682003025636924,48.93952064938258],[-55.681986585079507,48.939530494438017],[-55.681986590700362,48.939529596941838],[-55.681963300225355,48.939542123380384],[-55.681908532370862,48.939568052188974],[-55.68187019944132,48.939585033430923],[-55.681811378189714,48.939603755418993],[-55.681768998726852,48.939613530078155],[-55.681714310085496,48.939626867728755],[-55.681696515870904,48.939634014476688],[-55.681648573334428,48.939659963038196],[-55.681580122385384,48.93969035008719],[-55.681522637199109,48.939713572189511],[-55.681448745493206,48.939741247967298],[-55.68137348735295,48.939768918051499],[-55.681344759324475,48.939777830181363],[-55.681309182116664,48.939791221744542],[-55.681255874040112,48.939801867741025],[-55.681251771520152,48.939802755583024],[-55.681169751046497,48.939820514286261],[-55.681082265592565,48.939839157051665],[-55.681076813829449,48.939837344055711],[-55.681063133598144,48.939841803379366],[-55.681030296718482,48.939853403829552],[-55.681016600721534,48.93986055837663],[-55.680993223208375,48.93988657401308],[-55.68099315511774,48.939897367380091],[-55.680982100893424,48.939918920165198],[-55.68093680464343,48.939957462448135],[-55.680905277989417,48.93997716111668],[-55.680905283698905,48.939976262722098],[-55.680903925640777,48.939975360566336],[-55.680898453623598,48.939977143028599],[-55.680847803409286,48.939999483752416],[-55.680827287048096,48.940005725339851],[-55.680728915302026,48.9400180394328],[-55.680637313804191,48.940039369109854],[-55.680536216801052,48.940051680091962],[-55.680440613836126,48.940057712750459],[-55.680368215489686,48.940064704139601],[-55.680305268326876,48.940088811628634],[-55.680291553294424,48.940098665717592],[-55.680220483693468,48.940111059236735],[-55.680142601192152,48.940121636890325],[-55.680119363224044,48.940126967918161],[-55.680090580944217,48.940144872791244],[-55.680072632700004,48.940176299383694],[-55.680038338973795,48.940202283558968],[-55.680019156009124,48.940213023391472],[-55.679983562338705,48.940229109755002],[-55.679964409693923,48.940235353157647],[-55.679946570159075,48.940249692214586],[-55.679932785391493,48.940270338673486],[-55.679906705555567,48.940292748542333],[-55.679871120588892,48.940307037091031],[-55.679782095079759,48.940351754330159],[-55.679751991891244,48.940363363073807],[-55.679652146313501,48.940392762653275],[-55.679596079827341,48.940406995449834],[-55.679508650854068,48.940416644049023],[-55.679432170454021,48.940421829362869],[-55.67942533893175,48.940422709534474],[-55.679372104008522,48.940421662880524],[-55.679307907359416,48.940426879747264],[-55.679238281897803,48.940427584899041],[-55.679112579459975,48.940444322094798],[-55.679033291915076,48.940461188445894],[-55.678996420032256,48.940462883598116],[-55.678984126350478,48.940463751077246],[-55.678883032815861,48.940475158540274],[-55.678816072102471,48.940485765066342],[-55.678779181313544,48.940490158879442],[-55.67877917692995,48.940491057318162],[-55.678742281391443,48.940497249031509],[-55.678675360128231,48.940501558584081],[-55.67864803963294,48.940504181591507],[-55.678475946483537,48.940517191506729],[-55.678436328086384,48.940521577627919],[-55.678400819724125,48.940523279075535],[-55.678335263255924,48.940528490839618],[-55.678299753728609,48.940530189513545],[-55.678190551808974,48.940528985986631],[-55.678089520760466,48.940530500486389],[-55.67806086143306,48.940528623861091],[-55.678022665086225,48.940524020713283],[-55.677919052166629,48.940503046969518],[-55.67788771514158,48.940493068090142],[-55.677859130149514,48.940480397350221],[-55.67781554043259,48.940464988967122],[-55.677782859977889,48.940452307577871],[-55.677765145025063,48.940447761238246],[-55.67774744348813,48.940440516884323],[-55.677699734692588,48.94042959356721],[-55.677572932675979,48.940404955909635],[-55.677470642191253,48.940389380199292],[-55.677439294946723,48.940381200729668],[-55.677373820319318,48.940373822762801],[-55.677335631305311,48.940368321044069],[-55.677234606306733,48.940368937307461],[-55.677192307611406,48.940365220685699],[-55.677129582483801,48.940354254778306],[-55.677105043822706,48.940348787856458],[-55.677039632514791,48.940330619774137],[-55.67689769698093,48.940324827009221],[-55.676855326635113,48.940331903516068],[-55.676847142948908,48.940330982040436],[-55.676821275534373,48.940320117298725],[-55.676787217163977,48.940309231216894],[-55.676766792835814,48.940301078860685],[-55.67674090204094,48.940293811267523],[-55.676694516489221,48.940289185494429],[-55.676676755398397,48.940290932051937],[-55.676613916175313,48.940297950888173],[-55.676560669874412,48.940298700622705],[-55.676547024284346,48.940297763648005],[-55.676508897071052,48.940282370262366],[-55.676474898815293,48.940262490323484],[-55.676443569541846,48.940251610916725],[-55.676406852780502,48.940229924657224],[-55.676385088481815,48.94021727358129],[-55.676341507940002,48.940201861332554],[-55.676303345766762,48.940191862730586],[-55.67623634980103,48.94020786349968],[-55.676171943681325,48.940245450447364],[-55.676163736500527,48.940248126987534],[-55.67615558216341,48.940242709007578],[-55.676135191723837,48.940229161649249],[-55.676082202139575,48.940190343207853],[-55.676067234355401,48.940182206949451],[-55.676020866721316,48.940174881237709],[-55.675996333603436,48.940169416063917],[-55.675933581522692,48.94016204564673],[-55.675930858488059,48.940161138669943],[-55.675883126921534,48.94015381178049],[-55.675846283200215,48.940151009426422],[-55.675819005379779,48.940147334973965],[-55.675732675645456,48.940197455311043],[-55.675702535075246,48.940214458675094],[-55.675688820701872,48.940224309540142],[-55.675624465319331,48.940253807002158],[-55.675577940313538,48.940270763809046],[-55.675524535625208,48.940295791220564],[-55.675487610651217,48.940305582462543],[-55.67540825903103,48.940332337637102],[-55.6753371818277,48.94034652596617],[-55.675270157408129,48.940367021759542],[-55.675249621944978,48.940375057090144],[-55.675197563990508,48.940403686459398],[-55.675171521690615,48.940419801918082],[-55.675140064644552,48.940428705701784],[-55.675060845321958,48.940434775953527],[-55.675033489417018,48.940442793842827],[-55.675017080967038,48.940447244767824],[-55.674995229826123,48.940448085536694],[-55.674988404191339,48.940448065253385],[-55.674970662752223,48.940448015932617],[-55.674925645836083,48.940442490347337],[-55.67486431604987,48.940426132967289],[-55.674839830053813,48.940413473223444],[-55.6748180825982,48.940398121245821],[-55.674809915385175,48.940394499911349],[-55.674789451303205,48.940392644987234],[-55.674763489898346,48.940396171137884],[-55.674745741363274,48.940397019229998],[-55.674734811768751,48.940397885593335],[-55.674717041193375,48.940401435012312],[-55.674695153138224,48.940408568196482],[-55.674696505200892,48.940410369713327],[-55.674621137928341,48.940454221634496],[-55.674566399293354,48.940474752836636],[-55.674541795922309,48.940479179365674],[-55.67451030783316,48.940492580278722],[-55.674482849810531,48.940516785395353],[-55.67446769917121,48.940537424605786],[-55.674461998140139,48.940574281817725],[-55.674448119591929,48.940609314496527],[-55.674409718665856,48.940636184461709],[-55.674385056170756,48.940649604756096],[-55.674352234630575,48.940659403949738],[-55.674296243084818,48.940661944245882],[-55.674248498160871,48.940656415208167],[-55.674230767666444,48.940653665876418],[-55.674195286835094,48.940651768996396],[-55.674132406365189,48.940664177521832],[-55.674089959527805,48.940683844180192],[-55.674059807887126,48.940702643020025],[-55.674017478059682,48.940703425231646],[-55.673964330496709,48.940688883979981],[-55.673924800225961,48.940679779185281],[-55.673907093157325,48.940673435341012],[-55.673883947388866,48.94066437730077],[-55.673858108722001,48.9406490145115],[-55.673807701661012,48.940632686840694],[-55.673750375717717,48.940631622451427],[-55.673725812061136,48.940629755525634],[-55.673680728059672,48.940635024663564],[-55.673596034072354,48.940643776329686],[-55.673568703296972,48.940647297276861],[-55.673522317786826,48.940642670224968],[-55.673507319066871,48.94063992771806],[-55.673488214247826,48.940638974846749],[-55.673452702538263,48.940641574142276],[-55.673409022316022,48.940640551949222],[-55.673396753506708,48.940638715791636],[-55.673350344364763,48.940637685829905],[-55.673317503785668,48.940649285773318],[-55.67329010174852,48.940664494903842],[-55.673232547940948,48.94069760676782],[-55.673201012314131,48.940718198030979],[-55.673179089705116,48.94073072759965],[-55.673118864644742,48.940754838709779],[-55.673072356268683,48.94076909480313],[-55.673025871275257,48.940779757314928],[-55.673001220401744,48.940791376025437],[-55.672965587071261,48.94081285853926],[-55.672954674855617,48.940811030458022],[-55.672942423911074,48.940805601407156],[-55.672915244156357,48.940786635554751],[-55.672875736419996,48.940773932300658],[-55.672853914278264,48.940771175682237],[-55.672792530093389,48.94076380484227],[-55.672752882780713,48.940772686381273],[-55.672694246481342,48.940762628125377],[-55.67266970073274,48.940758061307641],[-55.672637002195593,48.940748078106857],[-55.672574378666511,48.940721820015071],[-55.672517294712172,48.940682987330447],[-55.672464101427259,48.940675641555103],[-55.67243681618406,48.940672867342457],[-55.672365944643516,48.940654677366823],[-55.672308689538397,48.940642826183691],[-55.672284179354968,48.940632865349023],[-55.672255625391003,48.940615697705034],[-55.67224881175099,48.940613876882445],[-55.672157357395555,48.940611819882385],[-55.672136892330421,48.940609959946705],[-55.672086445784615,48.940599925707183],[-55.672064652371304,48.940592668855409],[-55.671997855283358,48.940578090338008],[-55.671985574876196,48.940577156735301],[-55.671963692460274,48.940583388301206],[-55.671951327458615,48.94059504559457],[-55.671940152183957,48.940633684661108],[-55.671938717327933,48.940644469564191],[-55.671855046546213,48.940704486829993],[-55.671848220888506,48.940704466359648],[-55.671810084043365,48.940691767742926],[-55.671784216036407,48.940680904544507],[-55.671728459582212,48.940647470143794],[-55.67168769673448,48.940618577265553],[-55.671668659292358,48.940606831591971],[-55.671619533365671,48.940603992771088],[-55.671570386806764,48.940603852604063],[-55.671544471251664,48.940600184563486],[-55.671520079992703,48.940573133668963],[-55.671510781548157,48.940533538298155],[-55.671504031668043,48.940521829705396],[-55.671476983286787,48.940483081874241],[-55.671412909428689,48.940469411004678],[-55.671361068011088,48.940464765751848],[-55.671281967292678,48.940452848515527],[-55.671228790821772,48.940442806066578],[-55.671167468520451,48.940425544761993],[-55.671103458612599,48.940402879176162],[-55.671076203527328,48.940395606405652],[-55.671006602607463,48.940391809953049],[-55.670982040569463,48.940389942492708],[-55.670945230993233,48.9403826413673],[-55.67089898910983,48.94035642944754],[-55.670873158464126,48.940340172165712],[-55.670848660855391,48.94032840976201],[-55.670760088081487,48.940303873756598],[-55.670667424184273,48.940278431961445],[-55.670626656572757,48.9402504344215],[-55.670599441959467,48.940236867376868],[-55.670579025924916,48.940227816504006],[-55.670528632572939,48.940209686160578],[-55.670481024509037,48.940183471005895],[-55.670429267405247,48.940165337635065],[-55.670321388957127,48.940170424672772],[-55.670272205746038,48.940175678747273],[-55.670180793582617,48.940168225550671],[-55.670116684891262,48.940159947010038],[-55.670077135231089,48.940153537796313],[-55.670029470661859,48.940136312736684],[-55.670013163783274,48.940124578269931],[-55.669951870388559,48.940103718422435],[-55.669875480154566,48.940094506787034],[-55.669804593081935,48.94007991625223],[-55.669766426455737,48.940070814806504],[-55.669699714799378,48.94004364136201],[-55.669657540531247,48.940021939966606],[-55.669560751388012,48.940000978285561],[-55.669446372681328,48.939956583838949],[-55.669389166464242,48.939936633827266],[-55.669337433980935,48.939914902830331],[-55.669308863438772,48.93990043325195],[-55.669265367062486,48.93987152969644],[-55.669190643261551,48.939817357222893],[-55.669143085713387,48.939783945486532],[-55.669119994275121,48.939765894314839],[-55.669079310194,48.939725309780734],[-55.66900323511404,48.939669333819758],[-55.668959751031352,48.939638632481191],[-55.66894492042352,48.939610712936449],[-55.668936820937212,48.939597200878652],[-55.668870400538438,48.939525062282392],[-55.668825725889576,48.939469181619152],[-55.668802670956417,48.939445731068304],[-55.66877834788913,48.939407892503084],[-55.66876481530025,48.939389868106936],[-55.668745858079475,48.93936732715774],[-55.668695691452143,48.939315023032016],[-55.668668616987389,48.939280774684995],[-55.668641535471671,48.939247421978507],[-55.668619832257605,48.939225776572933],[-55.668591483047869,48.939178031350131],[-55.668563090392361,48.939136582886285],[-55.668513051684364,48.939065391900776],[-55.668510342011551,48.93906268892075],[-55.668473701009638,48.939029307474726],[-55.668446543032601,48.93900764640896],[-55.668419367073746,48.938988683199547],[-55.668360983234386,48.938940852647562],[-55.668310763320889,48.938896642857429],[-55.668271402008273,48.938863252861523],[-55.668253756383997,48.938847915306972],[-55.668175152031701,48.938761355886221],[-55.668122253134548,48.938709943001832],[-55.667989090521559,48.938616931147742],[-55.66795646498629,48.938596156979358],[-55.667907604980634,48.938552848477258],[-55.667869643780598,48.938514069243958],[-55.667847953439143,48.938490622435801],[-55.667800557495838,48.938432931146764],[-55.66778153061864,48.938420284775603],[-55.667767957711398,48.938408558028193],[-55.667759828728563,48.938399541435125],[-55.667736858958712,48.938363500672345],[-55.667701790906889,48.938299551787836],[-55.667670883302243,48.938225718081988],[-55.667660114296439,48.938203206049565],[-55.667633172559981,48.938149166831813],[-55.667613097856574,48.938088858705768],[-55.667605147375845,48.938051962132178],[-55.667597114586265,48.938028558733428],[-55.667587745448436,48.93800065489026],[-55.667582511109266,48.937966465137904],[-55.667578652646689,48.93793047893071],[-55.667565341882458,48.937879183438966],[-55.667542892382585,48.937765806739627],[-55.667540218326529,48.937756805805485],[-55.667536294393287,48.937731613067605],[-55.667536587819292,48.937687547952756],[-55.667550361949864,48.93766870336362],[-55.667561457639543,48.937641753575328],[-55.667567014052004,48.937627381731765],[-55.667574061702823,48.93759413061828],[-55.667579719206103,48.937564468149503],[-55.667578445673591,48.937550975823569],[-55.667570472027691,48.937518575910609],[-55.667569157085644,48.937510477328004],[-55.667555875199817,48.937454684455034],[-55.667549170107762,48.93743668069461],[-55.667535817848204,48.937391673917318],[-55.667525045844116,48.937370060354816],[-55.667508847573444,48.937342135655172],[-55.667494023321893,48.937313313023928],[-55.667481958853195,48.937280007276719],[-55.667473858882978,48.937266493287844],[-55.667461755951173,48.937238578676052],[-55.667440229252136,48.937191755062052],[-55.66739437936107,48.937107086246229],[-55.667371434265711,48.937067450974311],[-55.667367360551602,48.937063840941292],[-55.667361987094637,48.937051238748516],[-55.667356629311406,48.937035934108359],[-55.667353984118037,48.937022435790759],[-55.667354194699996,48.93699096164034],[-55.667351561054879,48.936976563318176],[-55.667348893890534,48.936967562607592],[-55.667332641598072,48.936947732370548],[-55.667293216626078,48.936923336574033],[-55.667260556542359,48.936907955264438],[-55.667246967661349,48.93689892367631],[-55.667242917558227,48.936892615060771],[-55.667241560398843,48.936890813283057],[-55.667249784819909,48.936886340781363],[-55.667264821583309,48.936882787169324],[-55.667297648695168,48.936872990190821],[-55.667314086672363,48.936864043916039],[-55.667312783122803,48.93685504802378],[-55.667303349548263,48.936837035467356],[-55.667299292688412,48.936830725727653],[-55.667285913141434,48.936790219049861],[-55.667282090983328,48.936748838010928],[-55.66728492590525,48.936733560849021],[-55.667290482280329,48.9367191890165],[-55.66730575975447,48.936679663912109],[-55.667308522045424,48.936674273286791],[-55.667322411679706,48.936638342306928],[-55.667326616610204,48.936622165280895],[-55.66733382873155,48.936563733102062],[-55.667336856909266,48.936518777481332],[-55.667338321165587,48.936504390245197],[-55.667334613044147,48.936445926345307],[-55.667337549639278,48.936414459087139],[-55.667341796392854,48.936391990645063],[-55.667353088466413,48.936336264712509],[-55.667357282968737,48.936320990430758],[-55.667358699490009,48.9363128998205],[-55.667372726146468,48.936256283379763],[-55.667388115794083,48.936200571222606],[-55.667400539419383,48.936179922392945],[-55.66742705432106,48.936092765803934],[-55.66743950983426,48.936066722007702],[-55.667446457080239,48.936047857554065],[-55.667453486686782,48.936017301602135],[-55.667449478594307,48.936004699781137],[-55.667433268870703,48.935978571854577],[-55.667430594353782,48.935970470387502],[-55.667426606033985,48.93595427397743],[-55.667429552840865,48.935921904864614],[-55.667432374886523,48.935907525856287],[-55.667457301357551,48.935854539287696],[-55.667478235628437,48.93578535257106],[-55.667482452243888,48.93576737965666],[-55.667490802160437,48.935743119886084],[-55.667497740035223,48.935726054092413],[-55.667508919322771,48.935686516066795],[-55.667526995152265,48.935637106769292],[-55.667532611317931,48.935613743842232],[-55.667546529431974,48.93557331274026],[-55.667568647911999,48.935531110380808],[-55.667585205018078,48.935505078672811],[-55.667592131004866,48.935489808749125],[-55.667605954061422,48.935463768079806],[-55.667633420797486,48.935438669899121],[-55.667636172180522,48.935435079680708],[-55.667643085911109,48.935421611025141],[-55.667644575508447,48.935403625776438],[-55.667641925306128,48.93539103129055],[-55.667639502039272,48.935345157910227],[-55.667640961785331,48.935330774124644],[-55.66764791293113,48.935311909788673],[-55.667657530130427,48.935302042515403],[-55.667697299861466,48.935274280297165],[-55.66770692994546,48.93526351305978],[-55.66771662634271,48.935241958684514],[-55.667720907491265,48.935214094447453],[-55.667726475774131,48.935197921311442],[-55.667737546360918,48.935174573126126],[-55.667749933301614,48.935159322668142],[-55.667759623373307,48.935139563448722],[-55.667756998897701,48.93512336736481],[-55.667757015422765,48.935120671254694],[-55.66773257467743,48.935101713244798],[-55.667710856829302,48.935082766518114],[-55.667708177798907,48.93507556259155],[-55.667711041703221,48.935054889457675],[-55.667742833105514,48.934995626642504],[-55.667764915084987,48.934958819956925],[-55.667775979242293,48.934937267825184],[-55.667784328786524,48.934913008922479],[-55.667790077120294,48.934869858951018],[-55.667789101240068,48.934811402151084],[-55.667786642267032,48.934770025923065],[-55.667786975857815,48.934719667523069],[-55.66778312390948,48.934683685132526],[-55.667777769487024,48.934667481131783],[-55.667773852006249,48.934640491435665],[-55.667755086739689,48.934588277197321],[-55.667737604537869,48.934549556502155],[-55.667717498402084,48.934493741149566],[-55.66770136231964,48.934456823656141],[-55.667679803869568,48.93441449374415],[-55.667667667951513,48.934391976772226],[-55.667662242699386,48.934386566061939],[-55.667629775150616,48.934342406743177],[-55.667608159494918,48.934309068887636],[-55.667582631155078,48.93424784199496],[-55.667550282563283,48.934185697758998],[-55.667521942844921,48.934137054848534],[-55.667507168755506,48.934101039773111],[-55.667465369835725,48.934022679576906],[-55.667457307928686,48.934003768116384],[-55.667442605805945,48.933956965179583],[-55.667421125208172,48.933902044075523],[-55.667410486225243,48.933860646186247],[-55.667380943506174,48.93378681810762],[-55.667352878247677,48.933696806047195],[-55.667338116285229,48.933658994177208],[-55.667324904535178,48.933593306511739],[-55.667316960737132,48.933555511530649],[-55.667307634696101,48.933521310862119],[-55.667301007183013,48.93349161361283],[-55.667284984556915,48.933437610462384],[-55.667278445868469,48.933394424752578],[-55.667278572061036,48.93337554151222],[-55.667273439876155,48.933326964221884],[-55.667260172697247,48.933269370991901],[-55.667250927006378,48.93322257835991],[-55.667248473939367,48.933181202306358],[-55.667241942614943,48.933137118251487],[-55.667237078893109,48.933047175257265],[-55.66723595317054,48.933011200644636],[-55.667240326691108,48.932968944984601],[-55.667241940333177,48.932931176935782],[-55.667242036448989,48.932916790132516],[-55.667236945205389,48.932861915983096],[-55.667235660131134,48.932849325453098],[-55.667228978514331,48.932827722687541],[-55.667218219752819,48.932804307838971],[-55.667202047053465,48.932772785970272],[-55.667193989728737,48.932752979657714],[-55.667191655743849,48.932693616906043],[-55.667189091631684,48.932668428834873],[-55.667183826534476,48.932638734554203],[-55.667180167349684,48.932573978541463],[-55.667180178293997,48.932572176324875],[-55.667178880852269,48.932562281141699],[-55.667145097311945,48.93230498307264],[-55.667106765615493,48.932116917665219],[-55.667135270814107,48.931935342376967],[-55.667135083119568,48.931758176673462],[-55.667131166929742,48.931732086474078],[-55.667119462379148,48.931644819756571],[-55.667198792147609,48.931619866805185],[-55.667175784463652,48.931590126439581],[-55.667162105457244,48.931594583242997],[-55.66713506034931,48.931556732985769],[-55.667139234736432,48.931545052384685],[-55.667140616104945,48.931542361136998],[-55.667157063104924,48.931531614415853],[-55.66718854712532,48.93151821720312],[-55.667210491122368,48.931502090645552],[-55.667227058846223,48.931474262168386],[-55.667205527923414,48.931427435618126],[-55.667215107702582,48.931423864454864],[-55.667415526628936,48.931662759632204],[-55.667646381613153,48.931635549069938],[-55.667705819738295,48.931317365084652],[-55.667845350699842,48.931065061683753],[-55.667807198625972,48.931055060517309],[-55.667796297745724,48.931052329209912],[-55.667850163475087,48.930956259413442],[-55.667820218406838,48.930944480891235],[-55.667784811255522,48.930931792372171],[-55.667674170300629,48.930944962258792],[-55.667656907950338,48.930872068302534],[-55.667662685755403,48.930824421864585],[-55.667679060197997,48.930824468313773],[-55.667775366072838,48.93009271282429],[-55.667903283299793,48.929120930940215],[-55.667941463659375,48.929126439194626],[-55.667946922963743,48.929126455005132],[-55.667956463591629,48.929128278507307],[-55.667959268092716,48.929117493244043],[-55.668004307346798,48.929117623665682],[-55.668124137667768,48.929159337788015],[-55.668128395930097,48.929134169425311],[-55.66812981798234,48.929125180399943],[-55.668307479302428,48.929090618865963],[-55.668358278771116,48.929045800555819],[-55.668399276117036,48.929037824436101],[-55.668431970699295,48.929046911105758],[-55.668459096289119,48.929073068601681],[-55.668483747055035,48.929060548695112],[-55.66846612268693,48.929042512473323],[-55.668478434685831,48.929038051501237],[-55.668530407290753,48.929022012496773],[-55.668544079548134,48.929018453898095],[-55.668591905516422,48.929009599000231],[-55.668613777315159,48.929004265439055],[-55.668634309388906,48.928995333516532],[-55.66867541243181,48.928972070421899],[-55.668701452384383,48.928955057784123],[-55.668716533917916,48.928945209974707],[-55.668732951147483,48.9289389594841],[-55.66876303387474,48.928930951821506],[-55.668835490562401,48.928913173235948],[-55.668873777924567,48.928901591766795],[-55.668906615786867,48.928889098963616],[-55.668924407869618,48.928881953232832],[-55.66896277363464,48.928859582290372],[-55.668980594618397,48.928847042387687],[-55.668983340171849,48.928845253624154],[-55.669023128107028,48.92881388912452],[-55.669050541316601,48.928795982042722],[-55.669057378658472,48.928794204105287],[-55.669101036538294,48.928797024467869],[-55.669152835762894,48.928806166880619],[-55.669200556078486,48.928814398486665],[-55.669253742178292,48.92882084706126],[-55.669298728154459,48.928828168404344],[-55.669353290396216,48.928833723560359],[-55.669366950740446,48.928831961641414],[-55.669377882911874,48.928829297818666],[-55.669379246297702,48.928829302607717],[-55.66941066713499,48.928824894873856],[-55.669450294794586,48.928817812871358],[-55.669483117420384,48.928808016058966],[-55.66949271587977,48.928801745966851],[-55.669500980834506,48.928790081462346],[-55.669503790031158,48.928777498245708],[-55.669512025403669,48.928770326590438],[-55.669522976522934,48.928765861704768],[-55.669539385614165,48.928761411607596],[-55.669570832011445,48.928752509044067],[-55.669611840813459,48.928742734801652],[-55.669665200162207,48.928723101098164],[-55.6696720405061,48.928720426440329],[-55.669696644640922,48.928715097924545],[-55.669707560070535,48.928716026958654],[-55.669723887268638,48.928723270156887],[-55.669759309740918,48.928733262839799],[-55.669781093121493,48.928741419335608],[-55.669812366050991,48.928759494669151],[-55.669859933324673,48.928790207203846],[-55.669888508294278,48.928802879684959],[-55.669918524972367,48.928804766594439],[-55.66993491220142,48.928803012374601],[-55.669940384628255,48.928801231354143],[-55.669936323149834,48.92879582463938],[-55.669928183373187,48.928788605897132],[-55.669922764337116,48.92878229690799],[-55.669910581117684,48.928766971782949],[-55.669907884094918,48.928762466669298],[-55.669899738089036,48.928756150810692],[-55.669894341892899,48.928746240122209],[-55.669892997556587,48.928743540213368],[-55.669891652062624,48.928740837562152],[-55.669891692303644,48.928734544288695],[-55.669889006421215,48.928727340180458],[-55.669886339150409,48.928718339518156],[-55.669886374861782,48.928712944680498],[-55.669889154071079,48.928704858798],[-55.669891917612667,48.928700370345396],[-55.669897413229918,48.928694089955606],[-55.669902897571951,48.928690510357725],[-55.669926196480688,48.928676184968097],[-55.66997001092632,48.928654727643497],[-55.670006968019209,48.928638649187086],[-55.670019306498581,48.92863058917866],[-55.670050830287067,48.928609994816647],[-55.67006732868343,48.928592055298438],[-55.670078391587225,48.928570503810654],[-55.670079820523462,48.928560616406074],[-55.670084152551532,48.928523756188767],[-55.670085589739834,48.928513868157218],[-55.670091149500927,48.928497695526197],[-55.670100783236336,48.928486034137215],[-55.670137819832661,48.928457360948727],[-55.670180280601137,48.928435000502049],[-55.670200793279157,48.928428761615031],[-55.670230899532932,48.928416260520891],[-55.670260986177674,48.928407354915301],[-55.670284221199701,48.928402022207443],[-55.670304704665632,48.928401182862203],[-55.670318352815599,48.928401221203821],[-55.67032517685621,48.928401240823518],[-55.67036341723194,48.928396853202678],[-55.670390770203312,48.928387938680231],[-55.670408603441992,48.928374499479503],[-55.670412736176409,48.928369117398326],[-55.670414259136123,48.928344838609064],[-55.670422570197445,48.928325977868901],[-55.670432221749827,48.928311617680841],[-55.670455581578388,48.928287401649328],[-55.670472093057455,48.92826766263277],[-55.670472180908831,48.928254174139475],[-55.670462754002564,48.92823436397115],[-55.670452016811758,48.928207354889423],[-55.670440028634317,48.928162353210247],[-55.670438784679085,48.928143464965132],[-55.670438948696301,48.928118283861153],[-55.670437738598359,48.928094899303069],[-55.670439191255454,48.928081414732056],[-55.670442249474547,48.928031963480755],[-55.670440993325116,48.928015770589269],[-55.670435723392835,48.927986975782851],[-55.67043585873239,48.927966294768801],[-55.670437435230241,48.927933922368965],[-55.670444419784886,48.927909662952764],[-55.67045688629711,48.927881817524252],[-55.670459775020291,48.92785754719425],[-55.670458462500115,48.927849448719371],[-55.670443653449901,48.927818830667036],[-55.670432851432494,48.927800813402406],[-55.670415278545569,48.927775582387923],[-55.670401778026203,48.92775306177117],[-55.670396378394976,48.927744053182657],[-55.670381603104261,48.927707137125715],[-55.670378953441286,48.927695441300301],[-55.670376386037347,48.92767115177594],[-55.670369709636972,48.927648648971982],[-55.670358931425419,48.927627035441311],[-55.67035214902873,48.927620722595577],[-55.670330403321984,48.927607167826103],[-55.670218958499682,48.927535803878506],[-55.670155090546267,48.927493357193157],[-55.670137469584105,48.927474418245701],[-55.670121261736071,48.927449191117333],[-55.670113150220409,48.927437480392776],[-55.670087563582733,48.927385246952227],[-55.670078095403852,48.927371729988003],[-55.670040104850656,48.927338345523481],[-55.670031947770362,48.927332926988662],[-55.670007491754433,48.92731666918305],[-55.669991217392997,48.927300437405641],[-55.669987252517053,48.927281537980299],[-55.669988669568738,48.927273448255001],[-55.669995587445335,48.927259079210138],[-55.670005245425031,48.927242919393819],[-55.670013492311895,48.927233950012607],[-55.670028598396236,48.927220503097963],[-55.67004239957997,48.927197162583376],[-55.670046543509393,48.927189079720058],[-55.670074127865689,48.927145990629896],[-55.670115443663207,48.927089453057533],[-55.670123714332632,48.927076886508068],[-55.670138835979849,48.927059842145404],[-55.670147070691122,48.927052674029611],[-55.670149822403118,48.927049981449507],[-55.670174520478106,48.92703027046462],[-55.670184178490004,48.927014108832196],[-55.670185589612721,48.927006917493998],[-55.670178842985941,48.92699520980036],[-55.670176222090532,48.926979013880889],[-55.670181777759197,48.926964641886926],[-55.670199620272079,48.926948503663915],[-55.670221562036474,48.926933276863025],[-55.670275032113771,48.926896559006948],[-55.670291500419424,48.926882218212185],[-55.670299763758727,48.926870549993254],[-55.670319114439785,48.926833735828104],[-55.670328843168775,48.926807683971568],[-55.670335868031238,48.926777127682861],[-55.670345649445402,48.926742082698141],[-55.670345832755444,48.926714202867181],[-55.670340454387471,48.926701596128417],[-55.67034327586277,48.926688115614333],[-55.670348784458319,48.926680036659768],[-55.670348855821601,48.926669246079598],[-55.670351631173446,48.926662958131978],[-55.670347657735761,48.926644062039053],[-55.670342274785419,48.926632354635714],[-55.670335552047128,48.926617048892325],[-55.670313937530032,48.926583712447673],[-55.67028684937452,48.926552158796476],[-55.670282817795091,48.926542255646361],[-55.67028016259178,48.926531454613865],[-55.670285728578868,48.926515285784795],[-55.670306294022289,48.926500953247803],[-55.670314540726238,48.926491983839696],[-55.670313217504265,48.926485686685425],[-55.670303715064321,48.926477565525822],[-55.670294192906695,48.926473041661339],[-55.670268329341418,48.926463075877841],[-55.670243814608838,48.926454911557002],[-55.670217983565891,48.926440449403898],[-55.670194879953137,48.926425093733464],[-55.670156767882169,48.926409698622017],[-55.670121361791139,48.926397904911802],[-55.670012375362404,48.926367915109935],[-55.669993304080123,48.926363363873968],[-55.669987837748089,48.926364247412508],[-55.669976893096603,48.926367813967389],[-55.66995223672955,48.926381233485586],[-55.669946783244924,48.926381217060218],[-55.669914099131759,48.926370333982277],[-55.669899124623491,48.926363993817873],[-55.669873235920697,48.926357625961408],[-55.669803700380825,48.926347535276662],[-55.669787351234717,48.926343892007829],[-55.669771012068708,48.926337546999477],[-55.669768297082356,48.926335742450739],[-55.669716666386762,48.926300520746665],[-55.669692260615086,48.926276168245174],[-55.669676074270754,48.926247346513179],[-55.669670691585722,48.92623563818389],[-55.669665278667672,48.926228431696579],[-55.669647637114281,48.926213090835112],[-55.669634049285634,48.926204058633765],[-55.669536212902422,48.926139027502927],[-55.669529426200995,48.926133613950114],[-55.669536314129083,48.926123742276936],[-55.669548640104217,48.926117480881636],[-55.669560952710725,48.926113018917782],[-55.669569175544254,48.926107647621762],[-55.669567965778953,48.926084263958671],[-55.669554533328139,48.92605184752226],[-55.669546438827844,48.926037437052436],[-55.669530208280776,48.926014908441502],[-55.669496232935664,48.925993227194404],[-55.669437816110886,48.925952591822984],[-55.669406532708564,48.92593721268068],[-55.669382024280672,48.925928149795247],[-55.669350663748197,48.925923562830292],[-55.669343863997895,48.925919945104297],[-55.669299009746318,48.925891939911118],[-55.66928005079923,48.925870302017195],[-55.669262491720829,48.925842371003945],[-55.669190481720563,48.925793601663415],[-55.669163394551084,48.925762049571162],[-55.669143122075191,48.925732313126467],[-55.66913227755586,48.925720593435564],[-55.669095844539513,48.925658438071139],[-55.669075569414346,48.925628701525433],[-55.669038980334413,48.925589028154008],[-55.668946606259318,48.925524011461455],[-55.668900502787899,48.925478915735603],[-55.668882854454154,48.925464473112918],[-55.668840782374737,48.925429279657735],[-55.668776930389328,48.925385031017505],[-55.66873757932661,48.925350742808575],[-55.668707689434434,48.925330875433914],[-55.66869953106886,48.925326354442532],[-55.668683175589457,48.925322709900904],[-55.668647689543434,48.925323506803082],[-55.668612144129753,48.92533239801471],[-55.668590226236034,48.925344924134436],[-55.668576477084606,48.92536017532337],[-55.668568171806896,48.925378137542502],[-55.668565324583653,48.925395216015623],[-55.668566540633897,48.925418600805131],[-55.668565044870732,48.92543748085474],[-55.668564926706054,48.925455464885765],[-55.668559301101702,48.925481528727744],[-55.668230744721946,48.925428425431789],[-55.668234937454493,48.925414048738261],[-55.66824461213762,48.925395192057501],[-55.668258395828822,48.925374546929433],[-55.668259824995644,48.925364659549956],[-55.668261283573706,48.925351175195829],[-55.668261307597326,48.925347577140656],[-55.668246369405921,48.925335842837193],[-55.668235497502231,48.925329518176163],[-55.66821230531005,48.925327649671154],[-55.668204112142455,48.925328528021289],[-55.668190410938081,48.925336583051255],[-55.668176703739093,48.925345537368472],[-55.668161569316233,48.925363478737587],[-55.668143707629085,48.92538231177037],[-55.668134090488991,48.925391277788762],[-55.668125831475791,48.925402047412668],[-55.668121681551241,48.92541102769566],[-55.668000348742716,48.925390892669967],[-55.668000366860767,48.925388193005254],[-55.668025213425551,48.925345999310395],[-55.668025273354765,48.925337006421174],[-55.668026804582595,48.925311829335904],[-55.668029608737712,48.925301044958573],[-55.668037950148019,48.925277687049054],[-55.668055877611565,48.925248963652002],[-55.668068269453158,48.925232810235222],[-55.668071025589384,48.92522922106707],[-55.66807514112557,48.925225633867676],[-55.668090305492157,48.92520319606448],[-55.668091752728778,48.925190609921621],[-55.668090401288573,48.925188808339897],[-55.66807680074065,48.925181573601144],[-55.668034569711317,48.925169759448842],[-55.668022297662674,48.925167927982486],[-55.667982756730673,48.92516241862095],[-55.667966436857235,48.92515427681807],[-55.667955552213307,48.925148851194301],[-55.667935169932221,48.925135303466305],[-55.667928425776061,48.9251235912079],[-55.667928485651231,48.925114599217885],[-55.667936743359633,48.925103828663218],[-55.66794359064189,48.925100254853071],[-55.667957315861649,48.925088601796929],[-55.667962864562391,48.925075129160724],[-55.667957440230175,48.925069718482213],[-55.667943848387544,48.925061585429802],[-55.667938410375861,48.925058870056432],[-55.667915244823419,48.925053407127116],[-55.66785254125277,48.925042433981453],[-55.66779670965758,48.925023388577117],[-55.667785813822604,48.925020661930887],[-55.667769428599257,48.925021512808669],[-55.667759800571957,48.925033173293727],[-55.667762438607745,48.925046671383669],[-55.667767760894264,48.925067370879837],[-55.667778519756858,48.925090786610475],[-55.667792010663995,48.925115104410864],[-55.667795974856844,48.92513400029609],[-55.667799911050707,48.92515829488358],[-55.667807973565253,48.925177201860414],[-55.667809276952944,48.925186198654842],[-55.667810574206619,48.925196096536105],[-55.667811778048431,48.925221278104829],[-55.667813003343703,48.925241967451996],[-55.667819618498363,48.925273461464691],[-55.667820845230104,48.92529414995812],[-55.667815252916142,48.925313920258859],[-55.667805614071796,48.925327381167158],[-55.66779870643375,48.925339952351031],[-55.667795944274722,48.92534444080075],[-55.667790453562631,48.925349819963515],[-55.667784951463858,48.925356097334216],[-55.667600909015938,48.92532588885809],[-55.66760092817514,48.92532319373435],[-55.667609360000149,48.92528634383337],[-55.667610783222159,48.925277356652693],[-55.667614980614665,48.925262082449514],[-55.66761504061671,48.925253089562268],[-55.667605831028396,48.925201801573998],[-55.667596429847848,48.925178393152045],[-55.667586998129053,48.92516038064344],[-55.667574876397396,48.925136063315833],[-55.667558669732962,48.925109936354751],[-55.667537092404395,48.925071202768471],[-55.66752777939147,48.925035204436227],[-55.667522482647144,48.925010906923028],[-55.667519862882664,48.924993815987769],[-55.667515951797881,48.924966821956794],[-55.667507823473635,48.924957806239405],[-55.667499631109109,48.924957782373376],[-55.66748596727853,48.924960441632805],[-55.667455802208664,48.924981938532895],[-55.667436570236511,48.92500076731649],[-55.667426948549164,48.925010630810974],[-55.667418701323342,48.925019603603118],[-55.667407721667352,48.925029464265734],[-55.667389872522378,48.925045597332755],[-55.667359715206537,48.925065296390649],[-55.667315842880086,48.925095745669246],[-55.66730899650662,48.9250993248803],[-55.667306262913563,48.925099317728304],[-55.667298106081368,48.925094796687034],[-55.667294046467404,48.925089390835524],[-55.667290009240268,48.925081283658358],[-55.667280643037898,48.925052477639667],[-55.66728228804886,48.925011115357677],[-55.667282408097755,48.924993130484914],[-55.667277062064748,48.924976027226712],[-55.667252608498956,48.924958871210201],[-55.667222688528241,48.924943493574148],[-55.667170965968893,48.924922663960373],[-55.66699930566223,48.924878098932439],[-55.666997942386004,48.924878094117943],[-55.666891673800151,48.924850810015748],[-55.666869822206444,48.924852546857743],[-55.66680016000425,48.92486223706171],[-55.666752359174211,48.924867493169145],[-55.666710050401129,48.924867371091175],[-55.666658165894837,48.924870819341081],[-55.666633593261238,48.924872545783359],[-55.666551713809561,48.924871411158414],[-55.666490321060515,48.924868538439853],[-55.666420777836038,48.924860242602925],[-55.66639485303299,48.924859267879306],[-55.666372995608448,48.924861901217639],[-55.666330644054504,48.92486897438603],[-55.666200923073724,48.924879388686584],[-55.666134003925407,48.924886391120545],[-55.666108073954696,48.924887214236243],[-55.666046616852881,48.924893334024745],[-55.666027504966557,48.924894176801303],[-55.665986556301341,48.924894956863689],[-55.665897877065404,48.924891101529312],[-55.665826945460651,48.92488550174032],[-55.665785987328881,48.924888082196006],[-55.665746410707321,48.924887967804871],[-55.665665912434029,48.924885034490181],[-55.665599048978763,48.92488394216771],[-55.665537697401057,48.924874771185621],[-55.665475008533555,48.924861100562147],[-55.665410941689601,48.924849222657585],[-55.665350950225395,48.924840954890605],[-55.665237800319915,48.924822639608273],[-55.665213256459921,48.924819870162523],[-55.665188727866585,48.924814404556066],[-55.665109650896625,48.92480248092803],[-55.665093301784992,48.924797938397546],[-55.665018407311571,48.924773442163897],[-55.664968000685946,48.924760703901114],[-55.664891724213184,48.924738000198111],[-55.664767716111967,48.924710661455919],[-55.664733647014856,48.924703366572331],[-55.664655940894171,48.924690550036935],[-55.664541355624927,48.92468302158855],[-55.664460906043942,48.924672895840629],[-55.664346464683646,48.924643786959948],[-55.664291926553751,48.924636432109232],[-55.664216954625751,48.924622725733926],[-55.664154258649582,48.924610850421281],[-55.664076614837683,48.924589040677333],[-55.66398531776958,48.924568093802279],[-55.66396214985901,48.924563525875641],[-55.663938989508459,48.924557165527148],[-55.663875122984777,48.924516510685606],[-55.66384251443359,48.924494832704397],[-55.663822082982037,48.92448937889926],[-55.66379207391234,48.924486591137978],[-55.663716986569348,48.924490868566743],[-55.663689718287607,48.92448719147086],[-55.663677452730312,48.924484459363562],[-55.663638046527296,48.924459163326084],[-55.663635379685246,48.924449264831914],[-55.663635489098183,48.924433075871349],[-55.663633055747034,48.9243890036701],[-55.663627645678446,48.924381791575655],[-55.663607266279854,48.924368243162952],[-55.663603175475131,48.924367332681904],[-55.663573179317986,48.924363646705089],[-55.663555459873074,48.924359997450715],[-55.663526864784167,48.924350920641793],[-55.663505110021184,48.92433916593022],[-55.663461593635951,48.924315657167227],[-55.663422144946189,48.924296658765456],[-55.663420788920504,48.924295757364717],[-55.663392245978713,48.924278585054537],[-55.66337182477757,48.92427043214105],[-55.663355504611737,48.924262289664391],[-55.663320139422666,48.924245100061299],[-55.663279302811794,48.92422879079227],[-55.663253463990124,48.924216128467783],[-55.663243937673322,48.924211601166952],[-55.663211276327118,48.924198015744096],[-55.663177233232453,48.924187126908897],[-55.663122767186934,48.924168982733242],[-55.663094199962792,48.92415540929759],[-55.663030281973263,48.924121947272468],[-55.663011229744576,48.924113797542738],[-55.662979914759248,48.924102916621408],[-55.662963570314538,48.924098372137038],[-55.662926817264911,48.924083872492588],[-55.662846647352964,48.924032381122558],[-55.662816761062849,48.924012506899892],[-55.66278684958062,48.923995332100048],[-55.662774602454782,48.923989902041377],[-55.662744667390378,48.923977223890589],[-55.662690246550412,48.923951882395031],[-55.662531262714992,48.923849797063795],[-55.662493206661132,48.923827203521519],[-55.662393876229181,48.923783745599771],[-55.662343508242714,48.923764714638644],[-55.662313537568728,48.923756531731819],[-55.662163753674307,48.923707531200918],[-55.662072489919829,48.923682081941742],[-55.662026182385461,48.923668457810997],[-55.661964833052963,48.923659284977482],[-55.661898006684474,48.923652794786982],[-55.661866648234813,48.9236482076332],[-55.661791689070824,48.923633596086276],[-55.661765815314851,48.92362542519713],[-55.66172768834101,48.923612726120169],[-55.661645955857139,48.923590903722122],[-55.661613257365929,48.923582713535801],[-55.661569628088643,48.923576287874418],[-55.661545074678294,48.923574419513123],[-55.661478187681112,48.923576918345375],[-55.661442684493686,48.923580411811507],[-55.661403047904301,48.923589288811392],[-55.661332028636245,48.923597173844932],[-55.661285574707705,48.923605132280585],[-55.661224112188229,48.923613045576765],[-55.661143589087963,48.923613708007458],[-55.661093112991651,48.92361086460091],[-55.66100444763304,48.923605205148696],[-55.660943050945647,48.923603227006147],[-55.660902081617429,48.923607602517855],[-55.660878836731769,48.92361382797516],[-55.660854191607982,48.923625447850227],[-55.660835005225003,48.923637082953313],[-55.660824019939163,48.92364784139663],[-55.660740357276943,48.92370874760163],[-55.660719801404277,48.923721277980484],[-55.660689660231959,48.923739175061371],[-55.66066638429799,48.923749901395354],[-55.660607588258941,48.923766815233684],[-55.660573379528984,48.923780203611393],[-55.660524070195933,48.923807036944076],[-55.660495286757531,48.923824937780303],[-55.660469265482483,48.923839248017721],[-55.660396704569457,48.923873209539131],[-55.660392597055655,48.923874994150665],[-55.660304910771409,48.923925998595031],[-55.660272059106823,48.923940289258361],[-55.660230974252549,48.92396175188474],[-55.660170739416714,48.923989454668259],[-55.660144761503538,48.9239965712638],[-55.66009147764187,48.924005406482188],[-55.6600368853859,48.924006147708674],[-55.65997137800786,48.924005953543528],[-55.65991950925207,48.924007598490512],[-55.659894928779231,48.924009322327493],[-55.659862176316594,48.924009227052586],[-55.659822583401379,48.92401180944205],[-55.659791161717315,48.924017111295768],[-55.659755609482907,48.924026901739751],[-55.659703659436637,48.924040238145501],[-55.659624334798472,48.924065180636624],[-55.659583292438811,48.924080349826241],[-55.659543649079936,48.924090124552698],[-55.659441183672506,48.924106910050313],[-55.659368763292726,48.924120184650292],[-55.659323684152668,48.924126348608475],[-55.659289556215086,48.924128045035204],[-55.65925540832567,48.924132441058127],[-55.659213044379243,48.92414130836999],[-55.659185654294141,48.9241547173444],[-55.659158232607098,48.924173523999322],[-55.659151378430629,48.924178000155173],[-55.659139051986564,48.924184256821995],[-55.659044686870004,48.924213656217162],[-55.659000985548964,48.924218921447512],[-55.65896822428968,48.924219722411365],[-55.65894093933067,48.924218743899885],[-55.658842759240905,48.924206761939544],[-55.658785465540888,48.924202997040354],[-55.658733612389135,48.924201942603716],[-55.658709063044888,48.924200071971121],[-55.658651786689916,48.924193606410448],[-55.658628590420491,48.924192638922484],[-55.658599951692317,48.924189858555998],[-55.658538579452191,48.924184277483441],[-55.658515389284169,48.92418241158758],[-55.658473092838662,48.924181388294222],[-55.658462167909512,48.92418225414157],[-55.658447169872339,48.924180413636954],[-55.658411701995433,48.92417850680517],[-55.658368016783072,48.924180178879595],[-55.658361179807727,48.924181955290599],[-55.658337959475737,48.924185485291638],[-55.658296995212467,48.924188058365218],[-55.658290171793219,48.92418803804717],[-55.658276506246878,48.924190697959141],[-55.658249153623153,48.924199609611627],[-55.658224524259836,48.924209427771395],[-55.658201236904922,48.924221948605066],[-55.658166983863651,48.924241633927991],[-55.658135534339699,48.924250534164663],[-55.658121825787539,48.924259486348866],[-55.658081967492457,48.924300734647758],[-55.658044932232194,48.924328504547077],[-55.658003791444152,48.924357158636845],[-55.657854372425312,48.924454742738504],[-55.657817369953321,48.924477115819315],[-55.657773530916515,48.92450216657106],[-55.657688617227549,48.924545980004517],[-55.657639324244215,48.924570113290208],[-55.657574998237955,48.924596900417072],[-55.657547623864154,48.924608511451638],[-55.65747243210523,48.924628075353645],[-55.657415025547998,48.924640495024818],[-55.657356275617545,48.924650211932828],[-55.657346724111648,48.924650183452691],[-55.657327600025134,48.924652821552705],[-55.65730574137902,48.92465635532227],[-55.657272884750462,48.924671547165978],[-55.657242747492958,48.924687642703631],[-55.657207149126599,48.92470462404269],[-55.657178356254313,48.924723425939099],[-55.657170096616724,48.924734192069529],[-55.657175445330545,48.924750396425956],[-55.65717517581254,48.92478996499041],[-55.657170992360427,48.924802542636158],[-55.65716412093186,48.924809713865621],[-55.657149023827401,48.924822260824953],[-55.657014667980697,48.924911793212623],[-55.656948858794969,48.924955663172149],[-55.65690498248884,48.924985209804397],[-55.656865238241664,48.925010269776109],[-55.656814519449306,48.925042497411106],[-55.656798073542049,48.925052339600477],[-55.656770725025559,48.92506035155327],[-55.656726982866367,48.925071011503221],[-55.656672346180123,48.925078045186673],[-55.656614957517668,48.925087766590494],[-55.656519338430854,48.925100071433235],[-55.656453819125723,48.925102576049817],[-55.656370525901671,48.92510862076184],[-55.656295455741144,48.925110197258533],[-55.656231288100322,48.925113604891109],[-55.656179426486929,48.925113449417907],[-55.656122142743676,48.925108778632172],[-55.656104401479745,48.92510872635998],[-55.656045748674742,48.92510405490566],[-55.655988426815078,48.925103883836435],[-55.655929724890271,48.925107306995429],[-55.655898310281337,48.925110811752653],[-55.655854588456897,48.925117876794452],[-55.655817681965011,48.925126759191734],[-55.655778043247444,48.925135634196579],[-55.655735683366167,48.925142703195235],[-55.655696063404527,48.925148878525135],[-55.655663309722307,48.925149678804743],[-55.655638761983134,48.925146910786395],[-55.655596457003199,48.925145881648881],[-55.655565103898482,48.925141291154517],[-55.655477819864849,48.925132936339615],[-55.655440999697035,48.925128330046995],[-55.655371514736949,48.925111039060091],[-55.655344251912609,48.925106457969626],[-55.65531023371959,48.925091967863516],[-55.655273557236271,48.925067578430564],[-55.655258622271958,48.925055842520614],[-55.655241025656323,48.925035104866673],[-55.655217990761237,48.925010757137365],[-55.655207152107153,48.924999930382008],[-55.655186779694773,48.924985481203144],[-55.655143316584578,48.924954776022069],[-55.655121545026347,48.924945716718668],[-55.655097053794051,48.924934850551416],[-55.655067100830919,48.924923970575747],[-55.655022167895389,48.924909448560051],[-55.654989552132157,48.924889564975267],[-55.654940650407411,48.924856146406889],[-55.654779008645747,48.924745944512232],[-55.654690718909713,48.924684527044597],[-55.654684021374216,48.924666521811062],[-55.654684076168053,48.924658427326442],[-55.654689646912118,48.924642259369925],[-55.654722747423875,48.924591994476891],[-55.654736487811164,48.924578546304232],[-55.654774924699623,48.924546288948257],[-55.65481057850441,48.92452121389374],[-55.654850333866158,48.924495252803368],[-55.654876456049685,48.92446745303566],[-55.654883346848145,48.924457578708576],[-55.654883514803913,48.924433300781828],[-55.654879549399112,48.924415302958586],[-55.654903005267471,48.924377601787313],[-55.654912654284686,48.924364140470786],[-55.654918232122597,48.924346171055959],[-55.654892457363239,48.924323611876147],[-55.654869366468724,48.924308252598358],[-55.654838000913131,48.92430456097506],[-55.654788831051242,48.924310712759421],[-55.654773814725239,48.924311566029687],[-55.65474926143213,48.924309694418376],[-55.65473835998953,48.924306962735216],[-55.654724744300907,48.924302425264571],[-55.654701658198128,48.924286168424764],[-55.654686693663137,48.924278930703608],[-55.654667667107979,48.924268080163472],[-55.654641806614073,48.924258110928427],[-55.654632286997938,48.924252688147199],[-55.654603761125607,48.924233714316991],[-55.654597011009862,48.924222904145417],[-55.654598473988393,48.924208520590426],[-55.654608241026153,48.9241770716296],[-55.654615163308982,48.924163604013188],[-55.654607144083592,48.92413840198131],[-55.654585416677293,48.924123046712275],[-55.654573139364594,48.924122111315107],[-55.654528061381697,48.9241282698299],[-55.654452886839508,48.924145131160138],[-55.654421460494092,48.92415043139485],[-55.654390026849271,48.924157533963232],[-55.654314854228417,48.924173497580185],[-55.654284801431096,48.924177903595478],[-55.654256089273105,48.924185009580313],[-55.654249259423153,48.924185891001812],[-55.654234276987147,48.924182248782209],[-55.654226126273386,48.924176829318213],[-55.654224774279974,48.924175023945331],[-55.654231696082952,48.92416065684472],[-55.654234517672577,48.924147175791632],[-55.654234592616675,48.924136383507843],[-55.654230538745097,48.92413097557143],[-55.65422375343249,48.924124661653863],[-55.654207459838808,48.924112920790847],[-55.654192505969874,48.924104781166079],[-55.654157118591307,48.924090287347553],[-55.654134002931414,48.924078526856277],[-55.654087770927319,48.924054108148731],[-55.654052448055076,48.924031520136047],[-55.654034765808433,48.924022471002182],[-55.653984496074514,48.923989946375947],[-55.653979097016425,48.923980937905945],[-55.653981867922411,48.923975550580032],[-55.654012103758298,48.923944166944331],[-55.65402725681858,48.923924425435473],[-55.654030028363799,48.923918140441913],[-55.654013784966132,48.923899203500177],[-55.653997493644781,48.923886563191552],[-55.653928224898266,48.923838692250236],[-55.653886035689844,48.923821482721117],[-55.653828772302155,48.923814114788499],[-55.65380828982488,48.923815850707349],[-55.653791867116318,48.923822098886944],[-55.653774025146475,48.923836432933626],[-55.653765776078743,48.923845400196925],[-55.653760279908184,48.923850779419794],[-55.653731604295643,48.923853392645924],[-55.653702991168529,48.923847013046526],[-55.653683942086126,48.923838860960508],[-55.65366897459193,48.923832518890741],[-55.653625427340032,48.923814402272569],[-55.653599565863708,48.923804433667385],[-55.653577794952881,48.923795375888353],[-55.65355062659274,48.923777307865151],[-55.653513952861346,48.923752016651477],[-55.65349781450108,48.923717793605562],[-55.653489695931796,48.923706979119324],[-55.653485656112849,48.923699771742378],[-55.653463923512781,48.923684419687966],[-55.653438055224932,48.923676247996568],[-55.653401214337251,48.923675234704547],[-55.653372537379042,48.923677848696812],[-55.653358873248628,48.92368050626969],[-55.653327420644814,48.923689404190576],[-55.653291860857472,48.923700985964182],[-55.653270109341896,48.923688334416518],[-55.65326608716903,48.923678426445285],[-55.653266155851647,48.923668536145314],[-55.653274566274654,48.923636187550969],[-55.653275979763428,48.923628995577033],[-55.653275032969354,48.923568738639567],[-55.653272400944942,48.923554342695674],[-55.653257484797585,48.92354080906501],[-55.653230329273583,48.923520941509764],[-55.653208582426629,48.923508283796373],[-55.653185455340179,48.923497424922445],[-55.653140513237794,48.923484699026609],[-55.653121417639532,48.923482844429827],[-55.653083224626677,48.923480030150159],[-55.653066845903268,48.923479981458271],[-55.653020428527412,48.92348254083889],[-55.65298902059115,48.923486040510994],[-55.652960345964743,48.923487754085642],[-55.652941308655542,48.923478705480598],[-55.652939988773326,48.92347150512186],[-55.652951001277707,48.923458049856059],[-55.652970219429527,48.923441917860437],[-55.652948498750419,48.923425667514806],[-55.652938974719888,48.923421142130707],[-55.652900880468643,48.923403941040718],[-55.652876344470009,48.923400268818561],[-55.652847634968047,48.923407379045159],[-55.652821591184562,48.923423484895132],[-55.652798220531963,48.923448596532261],[-55.65278433226726,48.923483628214214],[-55.652776103109076,48.923489899403329],[-55.652753006369579,48.923474540396633],[-55.652742142820365,48.923466412843133],[-55.652729971286128,48.923451090732392],[-55.652717811874552,48.923433068750533],[-55.652701527510423,48.923419526291525],[-55.652679794535892,48.923405072662369],[-55.652645822299469,48.923384285046993],[-55.652617215721136,48.923377007704239],[-55.652566725438824,48.923375957250762],[-55.652527194472178,48.923369539780943],[-55.652474141939479,48.923345100746964],[-55.652455116974167,48.92333335129635],[-55.652417035368174,48.923314353287431],[-55.652362551009752,48.923299797716126],[-55.652305312821888,48.923287935109101],[-55.652260402450018,48.923270713372851],[-55.652241353761774,48.923262561957998],[-55.65214764179219,48.923197528293038],[-55.652142200717257,48.92319481296186],[-55.652136753159205,48.923192999608553],[-55.652080816211488,48.923191033304363],[-55.652049404316166,48.923194532586486],[-55.652030291339841,48.923195376600191],[-55.651985275300085,48.923192542176231],[-55.65194571794234,48.923189723388631],[-55.651876123366961,48.923189513311414],[-55.651821451338293,48.923201040951511],[-55.651796860285252,48.923205462976753],[-55.651755895524246,48.923208936793962],[-55.651742255905958,48.923207099341667],[-55.651723226926627,48.923197146812932],[-55.651694701896794,48.923177277288488],[-55.651686565697432,48.923170057340904],[-55.65167444307346,48.923146639528525],[-55.651673131496572,48.923139440332314],[-55.651671917812436,48.923117851651718],[-55.651676101795857,48.923104376523582],[-55.651694071188714,48.923072056337837],[-55.651707921012019,48.923042420441824],[-55.651728641988939,48.923006512215103],[-55.651782262890343,48.922949115119046],[-55.651809807061397,48.922913226675291],[-55.651846935098526,48.922872870792979],[-55.651862081757685,48.922853130250786],[-55.65186904164063,48.922833368515114],[-55.651869104446469,48.922824375704856],[-55.651848731695011,48.922810825395707],[-55.651825553140114,48.922808055434118],[-55.651749086251847,48.922814122078115],[-55.651720449068208,48.922811336433377],[-55.651686395808184,48.922802241003687],[-55.651668715658758,48.922793193370289],[-55.6516482697538,48.922789534980623],[-55.651645532893149,48.922790425034108],[-55.651622242457428,48.922803843931902],[-55.651594826657984,48.922821746802931],[-55.65154832041226,48.922836896389242],[-55.651485563027059,48.922834007877469],[-55.651435173127808,48.92281946791239],[-55.651410666255146,48.922811298892391],[-55.651326212909922,48.922788561606254],[-55.651296261249506,48.922778580162756],[-55.651259525194163,48.922762280137562],[-55.651196880289767,48.922744104780776],[-55.651173740265179,48.922735041340431],[-55.651137023483841,48.92271694564144],[-55.651113908728355,48.922704284168056],[-55.651082626726783,48.922689802211494],[-55.651063577093609,48.922681650565977],[-55.651037672874637,48.922677973678923],[-55.650988555599341,48.922676028364407],[-55.650968079818156,48.922676864506883],[-55.650897059674442,48.922685643456589],[-55.650797346672483,48.922698829653015],[-55.650780924195352,48.922705074706847],[-55.650776808654072,48.922707760002119],[-55.650764494570325,48.922713118501527],[-55.65073850831255,48.922721133991267],[-55.65071387415157,48.922730951289289],[-55.650686469251077,48.922747056229419],[-55.650669975919513,48.922763195103613],[-55.650665792926723,48.922776672033208],[-55.650668407333917,48.92279286824013],[-55.650672428495419,48.922803670357382],[-55.650683166366079,48.92282888424031],[-55.650683090812223,48.922839674706324],[-55.650660980614781,48.922879176641388],[-55.650656840291909,48.922886359460698],[-55.650645839715537,48.922898018631805],[-55.65064035621036,48.922901595543813],[-55.65058284278971,48.922929302280984],[-55.650539047256963,48.922948054409652],[-55.650506231384632,48.922956947450423],[-55.650429720150576,48.922969306372011],[-55.650406504863099,48.922971935447961],[-55.650331452073708,48.922971707819542],[-55.650271401338721,48.922972425068622],[-55.650223646085685,48.922970478992951],[-55.650171837733545,48.922964027934995],[-55.650143199996968,48.922960343288835],[-55.650117285541647,48.9229584684402],[-55.650100911178413,48.92295841856852],[-55.650085888972043,48.922960169616822],[-55.650050353421108,48.922967258250814],[-55.650017538821359,48.922976151195371],[-55.649998376901486,48.922984187361031],[-55.64999564273127,48.922985077465448],[-55.649961464830213,48.922993966277893],[-55.649902665028385,48.923010874535358],[-55.649856158338089,48.923026020723228],[-55.649802811888087,48.923043847601399],[-55.649778202735334,48.923050066671365],[-55.649753592506954,48.923057187895203],[-55.649730315027703,48.923067907472564],[-55.64972347936321,48.923069682513528],[-55.649707011188895,48.92308312632376],[-55.649690512822247,48.923100159876611],[-55.649672581220351,48.923127086779722],[-55.649658821034883,48.923143231266728],[-55.649635449039444,48.923168341326729],[-55.649623091200603,48.923179096992243],[-55.649573751447697,48.923209524419633],[-55.649565526476245,48.923213995638129],[-55.649557316287996,48.923217564253967],[-55.649546401811648,48.923217531012732],[-55.649486251634961,48.923231739600922],[-55.649448007623562,48.923237017825237],[-55.649396105241749,48.923243154349443],[-55.649352378034393,48.923251115322259],[-55.649271730376483,48.92326975869377],[-55.649206119567509,48.923284845373658],[-55.649159651766254,48.923294595635859],[-55.64907626487166,48.923315027376496],[-55.648934046610201,48.923355963733748],[-55.648903952441422,48.923366661594557],[-55.648785034566053,48.923393278453915],[-55.64875906946623,48.923398594833216],[-55.648713988552416,48.923404754574882],[-55.648673024841329,48.923408227330967],[-55.648634806794945,48.923409009599347],[-55.648607519963733,48.923408027664628],[-55.648565242315186,48.923404301970066],[-55.648537955488877,48.923403320018956],[-55.648514747286143,48.923404148166661],[-55.64846007993323,48.923415672568893],[-55.648440938067765,48.923421009773236],[-55.648409508842903,48.923426309170289],[-55.648386286984646,48.923429836210744],[-55.648312519516324,48.92344040088971],[-55.64825790906017,48.92344383347973],[-55.648231961491419,48.923446452754092],[-55.648197794456081,48.923453540624656],[-55.648141740415937,48.923467760233457],[-55.648069259667665,48.92348912383553],[-55.648030952655958,48.923502495807355],[-55.647989925319571,48.923514961106648],[-55.647942068322315,48.923528304740636],[-55.647913348346826,48.923537209668943],[-55.647866860887696,48.923549659031245],[-55.647825879456271,48.923555827565551],[-55.647782136388216,48.923565585495687],[-55.647737018592558,48.923577138768351],[-55.647711058290504,48.923581555581428],[-55.647670043598232,48.923592221306365],[-55.647634512819792,48.923599308457447],[-55.647613991924324,48.923606441640374],[-55.647598932205376,48.923612688568035],[-55.647574346847151,48.923616212195569],[-55.64755389096139,48.92361435172684],[-55.647544378903241,48.923608025506994],[-55.647543041044997,48.923604424247124],[-55.647545812081312,48.923598138485069],[-55.647556794311413,48.923589179267715],[-55.647584213371253,48.923571276554313],[-55.647578811894704,48.923563167184014],[-55.647576096867013,48.923561357594842],[-55.647554239554985,48.923564888654518],[-55.6474503699812,48.923586154526539],[-55.647410724891664,48.923595925024983],[-55.647399791957717,48.923597692649849],[-55.647380648554311,48.923603029627472],[-55.647369665592571,48.923612885591353],[-55.647361378284359,48.923627252579998],[-55.647354536034328,48.923629927653678],[-55.647328523336732,48.923641539461073],[-55.647268336899664,48.923661139027367],[-55.64724916908731,48.923670076737892],[-55.647127417210555,48.923711070966007],[-55.647089115248491,48.92372444279583],[-55.647079546939111,48.923726214585336],[-55.647045394962795,48.923731504537948],[-55.6470262805883,48.923732344970809],[-55.647009951809359,48.923726001547728],[-55.646977427989938,48.923693524947701],[-55.646948879370967,48.923677248705964],[-55.646939330905049,48.923677218559419],[-55.646888763922966,48.923686959648258],[-55.646883317382752,48.923686040162643],[-55.646880602804416,48.923683337389477],[-55.646884763228911,48.923674357292612],[-55.646908073186275,48.923658239718762],[-55.646934154763308,48.92363673500207],[-55.646941023880196,48.92363046288601],[-55.646945213341724,48.92361698720218],[-55.646939786554697,48.923612474019102],[-55.646927465034075,48.923617831863098],[-55.646897349759286,48.923631227872526],[-55.646868606207136,48.923642832029955],[-55.646802999126635,48.923657019782517],[-55.646757918298391,48.923664077353429],[-55.646714215854516,48.923668440190497],[-55.646654126226636,48.923674549401497],[-55.646613133890973,48.923681619335788],[-55.646584448220075,48.923686027624321],[-55.646528459702587,48.923690352433837],[-55.646498434941243,48.923691158486221],[-55.646431477096058,48.92370354420791],[-55.646308533384293,48.923720254682308],[-55.646197847663778,48.923740596445775],[-55.64617189074675,48.923744114435699],[-55.646115884715286,48.923752037326757],[-55.646098149123979,48.923751083302285],[-55.646084521725719,48.923748342490036],[-55.646080449416466,48.923745634820285],[-55.646084604462757,48.92373665547256],[-55.646096980839218,48.923723204128954],[-55.646118929132086,48.923707082605517],[-55.646172406285785,48.9236712755689],[-55.646197124881091,48.923649766866198],[-55.646286290135691,48.92358529053454],[-55.646317850630588,48.92356020549002],[-55.646342522869624,48.923544994350834],[-55.64636715845274,48.923535175324403],[-55.646412309384928,48.923518225845235],[-55.646457490981767,48.923497683013316],[-55.646468460689995,48.923490521561462],[-55.646479443082427,48.923481562451087],[-55.646480812751918,48.923480667330395],[-55.64647811891335,48.923475264062631],[-55.646471322515069,48.923471645979511],[-55.64646314747997,48.923469820405444],[-55.646403000305895,48.923484027489025],[-55.646372911356337,48.923492927685736],[-55.646334609308383,48.923506300163005],[-55.646285325801799,48.923527731359165],[-55.646240117653697,48.923552770693817],[-55.6461619870391,48.92360109732963],[-55.646092070120169,48.923645847549004],[-55.646057787731003,48.923669121776122],[-55.645941239587508,48.923747005821227],[-55.645898742091703,48.92377385270315],[-55.645887800526019,48.923777417076721],[-55.645872765832927,48.923780070256136],[-55.645853678924958,48.923778211135819],[-55.645827782279518,48.923773634739007],[-55.645807344290063,48.923769075181937],[-55.645769220415758,48.923756368177216],[-55.645726993316288,48.923744549508051],[-55.645705167983849,48.923743581125464],[-55.64564916052808,48.923751503741919],[-55.64564233068517,48.923752383751449],[-55.645624582388351,48.923753227310748],[-55.645609591651599,48.92375048317404],[-55.645590544003255,48.923742329783067],[-55.645590601623788,48.923734235384778],[-55.64560020743501,48.923726174841022],[-55.645645421784835,48.923701132357145],[-55.645646798007029,48.923699336171254],[-55.645644090456159,48.923696631800937],[-55.645635942149589,48.92369121179965],[-55.645619555737284,48.923692060379665],[-55.645575838310769,48.923699118054508],[-55.64555126142092,48.923700843451861],[-55.645493928857604,48.923702463955948],[-55.645383311984482,48.923713816830308],[-55.64533546667635,48.923724459498786],[-55.645254842651966,48.923739501089408],[-55.645166097638935,48.923745521029723],[-55.64510191568575,48.923750722745837],[-55.64499817469266,48.923754900371769],[-55.644940867690607,48.923752923488863],[-55.644902630104163,48.923756403240951],[-55.644865692216804,48.923769778536951],[-55.644847916772953,48.923774220837529],[-55.644831531829354,48.923775067552],[-55.644785133178537,48.923774925762288],[-55.644722417848655,48.92376663711827],[-55.644685586842556,48.923763828686717],[-55.64461331659647,48.923756409825593],[-55.644524646421651,48.923750741987497],[-55.64438403471236,48.923757504383431],[-55.644293861583336,48.923771614528199],[-55.644229636643715,48.92378400664893],[-55.644209108870314,48.923792037588491],[-55.64419952140873,48.923796504269674],[-55.644170795608254,48.923806307565663],[-55.644084685653013,48.923824925766247],[-55.644051895208996,48.923830219860299],[-55.644009571247196,48.923832788283775],[-55.643957675506584,48.923838023091584],[-55.643912595075832,48.923844180973106],[-55.643857919807395,48.923856603325689],[-55.6438005241545,48.923867215793756],[-55.643736338316387,48.923873315209967],[-55.643689888449131,48.9238803635943],[-55.64353548825008,48.923906865762639],[-55.64343850964709,48.92391915566175],[-55.643364767416699,48.923926123659882],[-55.643325153515207,48.923931396341104],[-55.643256888981412,48.923934782100254],[-55.643220007122991,48.923940063319463],[-55.643191325535433,48.923942674620861],[-55.643177673876366,48.923943530618686],[-55.643149030005077,48.923941644811066],[-55.643088983226562,48.923941459857872],[-55.64306166436694,48.923944969389993],[-55.643026127757253,48.923952953518416],[-55.643006975847001,48.92395919078173],[-55.64296596729249,48.923968056960227],[-55.642890776718708,48.923986708300873],[-55.642822440284853,48.924000884398509],[-55.64274588859405,48.92401863292627],[-55.642702139320441,48.924030190413383],[-55.642639231565866,48.924047980359958],[-55.642568145238322,48.92406574599061],[-55.642506588885325,48.924085342260284],[-55.642462843502635,48.924095996690063],[-55.642360265756039,48.924127156914373],[-55.64231512609679,48.924142303505057],[-55.642283653270248,48.924153898022041],[-55.642170101392715,48.924193114875081],[-55.642145484423963,48.924200230650733],[-55.642126345369419,48.924204667412447],[-55.642036106455528,48.924228670710491],[-55.641934927742312,48.924254436309283],[-55.64184338888407,48.924269438840852],[-55.641780531977894,48.924280037692611],[-55.641713613845219,48.924287025056849],[-55.64159746784317,48.924307346219528],[-55.641534581301215,48.924322440504625],[-55.641453897364016,48.924345569261945],[-55.641396430542414,48.924366077074168],[-55.641373175545084,48.924374098154068],[-55.641336247613182,48.924384773281275],[-55.641225468027663,48.924418604027046],[-55.641173510455111,48.924431930943101],[-55.641125678179051,48.924441674617448],[-55.641095600667377,48.924448775743386],[-55.641024459532233,48.924472837740886],[-55.641001197950921,48.924481758018004],[-55.640945107416684,48.924500466773615],[-55.640886250029808,48.92452546575695],[-55.640856159544654,48.924534364469494],[-55.640847953526503,48.924537034919233],[-55.640834280734445,48.924540590211663],[-55.640823328160209,48.924545052329087],[-55.640815102624956,48.924550421500825],[-55.640812331848046,48.924556709819818],[-55.640817741106979,48.924563021692897],[-55.640874781830689,48.92460186908621],[-55.640984775762618,48.924678654408609],[-55.641029580948782,48.924710268923604],[-55.641056776602234,48.924724741081405],[-55.641094920361027,48.924733852349561],[-55.641131738580263,48.924738464089089],[-55.641169925170161,48.924742181616246],[-55.641206736652087,48.924746792204594],[-55.641255843679751,48.92475054122977],[-55.641299478538677,48.924755174017363],[-55.641330835391933,48.924759767641802],[-55.641360805212791,48.924767057424852],[-55.641367609438234,48.924769773877543],[-55.641390688883291,48.924786932698396],[-55.64139201984942,48.924791433294125],[-55.641386426633559,48.924810300166932],[-55.641387737101518,48.924818398946151],[-55.641389074539504,48.924822000266495],[-55.641405365168183,48.924833743771053],[-55.641420322452866,48.924840982091716],[-55.641429872686849,48.924841914049239],[-55.641450349694679,48.924841076034333],[-55.641465359974617,48.924841121989473],[-55.641483063333688,48.92484657491039],[-55.641515715155563,48.924861064825471],[-55.641538861618962,48.924868333249321],[-55.641562049974873,48.924870201612265],[-55.641579832336461,48.924864863258499],[-55.641582578529466,48.924862172066966],[-55.641583998771431,48.924854081859202],[-55.641567746833068,48.92483694362469],[-55.6415636850395,48.92483243535915],[-55.641558294709597,48.924822526187739],[-55.641557034741481,48.924808135360998],[-55.641558493726308,48.924794650399534],[-55.641561258171137,48.924790162638182],[-55.641573646360207,48.924774911380005],[-55.641592856824495,48.924760582686609],[-55.641609300534654,48.924751640266123],[-55.641621608580017,48.924748081519184],[-55.641644831453569,48.924744555871705],[-55.641692652436156,48.9247366096847],[-55.641736383093203,48.924728655328771],[-55.641777387015182,48.92471978942779],[-55.641814275313443,48.924714505276768],[-55.64182929827718,48.924712755329104],[-55.641851131879555,48.924712823427363],[-55.641855223704283,48.924713733818706],[-55.641863365005236,48.924720056952218],[-55.641866045611096,48.924727257069485],[-55.641861916580403,48.924731739681242],[-55.6418372407162,48.92474695425728],[-55.641807168773475,48.924754053052666],[-55.64170337976811,48.924763625770687],[-55.641655538204958,48.924774267045528],[-55.641641828031389,48.924783217233603],[-55.641640419301595,48.924789509744635],[-55.641648568625321,48.924794930966129],[-55.641673031042664,48.924809394324093],[-55.641696151643679,48.924820259818603],[-55.641709732574469,48.924829294236645],[-55.641713777851592,48.924836498617545],[-55.641708163850083,48.924858065087761],[-55.641693038538847,48.924874206169953],[-55.641640895644692,48.924913614167089],[-55.641627177666784,48.924923462683026],[-55.641629878382048,48.924927069115995],[-55.641640688560848,48.924942392781844],[-55.641646077623982,48.924952301005327],[-55.641628186379819,48.924972930693997],[-55.64161308585944,48.924985470121321],[-55.641597998723256,48.924995318728911],[-55.641593889541348,48.924998001209303],[-55.641571959734293,48.925010523631997],[-55.641544607509395,48.925018533658204],[-55.641524112455151,48.92502206866115],[-55.641485841861495,48.925030941330178],[-55.641448927624822,48.92503981977363],[-55.641384616011578,48.925063000422696],[-55.641331263397639,48.925080820495346],[-55.641257409030338,48.925103076569627],[-55.64119454395194,48.925115467511041],[-55.641161797587785,48.925114467622755],[-55.641129115990033,48.925104474972755],[-55.641075943388792,48.925097113373837],[-55.640983156929998,48.925095026338084],[-55.640958594665037,48.925094051871497],[-55.640927244332197,48.925088556169371],[-55.640901371811161,48.925080385108956],[-55.640891867249557,48.925074057684547],[-55.640845691621074,48.925042439556535],[-55.640817177161402,48.925022564057457],[-55.640794058713595,48.925010803471814],[-55.640788618164592,48.92500808671636],[-55.640750480674996,48.924998076967071],[-55.640730036223843,48.924994415783353],[-55.640678234915356,48.924986159901373],[-55.640655032354211,48.924986088066227],[-55.640615402900814,48.924993160087766],[-55.640556654910718,48.925001969007177],[-55.640514293652991,48.925009931856437],[-55.640511559214197,48.925010821728236],[-55.640422689109805,48.92503302740085],[-55.640410385901532,48.925035688492869],[-55.640367992213811,48.925048146762251],[-55.640351579748497,48.92505349028248],[-55.640295473710971,48.925074000797416],[-55.640277659984278,48.925083836265969],[-55.640251620614876,48.925099943958124],[-55.640246095548363,48.925108919547775],[-55.640228022091897,48.925154725999064],[-55.640222530842941,48.925159205259099],[-55.640217038228769,48.925163684473162],[-55.640204722597552,48.925169039999069],[-55.640192406427772,48.925173498717115],[-55.640169158121367,48.925179724401943],[-55.640158220096865,48.925183286551253],[-55.640129523462349,48.92518769377287],[-55.64008444812432,48.925192948139575],[-55.640046234270606,48.925193726802142],[-55.639982097066763,48.925192628927121],[-55.639923392662823,48.925195145243173],[-55.639861989297543,48.925194051507646],[-55.639800564724318,48.925195660012186],[-55.639744609350309,48.925195485182243],[-55.639621833519008,48.925188804665808],[-55.639579515614244,48.925189575390093],[-55.639527675748248,48.925187612341851],[-55.639468990998921,48.925187428804669],[-55.639389877580307,48.925181785359285],[-55.639351682881291,48.925178967364232],[-55.63924393685096,48.925169637552443],[-55.639213941935111,48.925165047557101],[-55.639160790364997,48.925154989100129],[-55.639118544717171,48.925146763546252],[-55.639087181487419,48.925143066794675],[-55.639063990845095,48.925142095545809],[-55.63905168103193,48.925145655764211],[-55.639039358397127,48.925151011832682],[-55.639005059761502,48.925176086933753],[-55.638980358556189,48.92519489261722],[-55.638936470378191,48.925224432977373],[-55.638814403506736,48.925308585360845],[-55.63875819251237,48.925344383888095],[-55.638634813652331,48.925420437221369],[-55.638596431113363,48.9254436970622],[-55.638558066903173,48.92546516032241],[-55.638537583097197,48.925466897088853],[-55.63851435424565,48.925470421912067],[-55.638441972898868,48.925477386437834],[-55.638340958447301,48.925480668898707],[-55.638274100887749,48.92547866138041],[-55.638197666799712,48.925479320489735],[-55.638119881361384,48.925479076199728],[-55.638046180776165,48.925479743952891],[-55.637966941539354,48.925491186573197],[-55.637930086573377,48.925491970446984],[-55.637874108878385,48.925495391930873],[-55.637790825039581,48.925499627229236],[-55.637706179214845,48.925503858249918],[-55.637669315463022,48.925506438027028],[-55.637614682685928,48.925512563311003],[-55.637569625313212,48.925515116115804],[-55.637500009251518,48.925516699225845],[-55.637468623719499,48.925516601059037],[-55.637431800158701,48.925512887461409],[-55.637405897031471,48.925509207542113],[-55.637377283856715,48.92550282476828],[-55.637341869746628,48.925492816900388],[-55.637265831032785,48.925439520886691],[-55.637241396043201,48.925421456828296],[-55.637234618157152,48.925415143042585],[-55.637236045598051,48.925406154533114],[-55.637242895358099,48.925402578111374],[-55.637307340390564,48.92536141077656],[-55.637326583632785,48.925342586421081],[-55.637334859364231,48.925330022335444],[-55.637344578603418,48.925307570784632],[-55.637343229585795,48.925304866716914],[-55.637335063621798,48.925302144909992],[-55.63729398004206,48.925321799575649],[-55.637259808706574,48.925328887675867],[-55.637199678075923,48.925340390251868],[-55.637162756448063,48.925350165669528],[-55.637129951140174,48.92535725809087],[-55.637090281665316,48.92536972451709],[-55.637065649185686,48.925379538073493],[-55.637008115402836,48.925409035493736],[-55.636973847339917,48.925429609052365],[-55.636947819736861,48.925443016118862],[-55.636931446047058,48.925442964399295],[-55.636910975186559,48.925442001029275],[-55.636904197410196,48.925435686326132],[-55.636902899601687,48.925426689323629],[-55.636911216063901,48.925408730578184],[-55.636931882115363,48.925382715710626],[-55.636938822397404,48.925366547640998],[-55.636929338709301,48.925356627120628],[-55.636921176724123,48.925353004122236],[-55.636908874983078,48.925355660384049],[-55.636888305923179,48.925369088305125],[-55.636862239009595,48.925387890990685],[-55.636838943529547,48.925401306760861],[-55.636792361410187,48.925426341400751],[-55.636751329772075,48.925437901280027],[-55.63672268545335,48.925436012959111],[-55.636706337924082,48.925432365014828],[-55.636669513201099,48.925428650231623],[-55.636623054280065,48.925436597670526],[-55.636592930013727,48.92545089110034],[-55.636575108616796,48.925461628842193],[-55.636547683396302,48.925479527857249],[-55.636542170609097,48.925486706502944],[-55.636529471197221,48.925544221153643],[-55.636508823654367,48.925568434881924],[-55.636464869415406,48.925606967925347],[-55.636455220787681,48.925620426844759],[-55.636442834607919,48.925634779039946],[-55.636429127333791,48.92564282651518],[-55.636427763991449,48.925642822237137],[-55.636420928490899,48.925644601906114],[-55.636392244716653,48.925647206039329],[-55.636312919690056,48.925671239349015],[-55.636236165029423,48.925715961553706],[-55.636167598535977,48.925761611863877],[-55.636041486840355,48.925837652779563],[-55.63601682069465,48.925851064758952],[-55.635929185893467,48.925891258630479],[-55.635852425416452,48.925936878979883],[-55.635841444636753,48.925945838047483],[-55.635838684755328,48.925949427236837],[-55.63583725053973,48.925959314094989],[-55.635831673232126,48.925975485472101],[-55.635804242323495,48.925994282714072],[-55.635691814408048,48.926064975344353],[-55.635654781647268,48.92609093923037],[-55.63561914382494,48.926111506988164],[-55.635575343933866,48.92612935473695],[-55.635569878201544,48.926130240267987],[-55.635509784575568,48.92613634354953],[-55.635475625752157,48.926141630756391],[-55.635438719037595,48.926149608042529],[-55.635394957172792,48.926162060041342],[-55.635325222016945,48.926179825113771],[-55.635236378231475,48.926198428817401],[-55.635192619994385,48.926209983171141],[-55.63517350465527,48.926210820707439],[-55.635140757795632,48.926209819091277],[-55.635125753744667,48.926208873029111],[-55.635093038594427,48.926203373195698],[-55.635060311572865,48.926199672841904],[-55.635027568861595,48.926197768234395],[-55.634996217250929,48.926193173068725],[-55.634971663956193,48.926191298133709],[-55.634952563025635,48.926190338933232],[-55.634780545864892,48.926197889605064],[-55.634779175986218,48.926198783680015],[-55.634762789093145,48.926200527492497],[-55.634734046478727,48.926211230986887],[-55.634687547068665,48.926224572349248],[-55.634676620274476,48.9262263353721],[-55.634646592316962,48.9262262396417],[-55.634617955409098,48.92622345425869],[-55.634552447368058,48.926223246501898],[-55.634500553553757,48.926227578537549],[-55.634470480849366,48.926233776809781],[-55.634448579261544,48.926242700864769],[-55.634418447169899,48.926257894765335],[-55.63435134610674,48.926289157143003],[-55.634310278937726,48.926305211531592],[-55.634218444943386,48.926359779430982],[-55.634171834100826,48.926388411835028],[-55.634170458749232,48.926389305719113],[-55.63416088198818,48.926392872438768],[-55.634154045224392,48.926394648326649],[-55.634137650004114,48.926397294869467],[-55.634040579894318,48.926420368638134],[-55.634028270868484,48.926423927448425],[-55.634009110699772,48.926431057936547],[-55.634000903749076,48.926433731476116],[-55.633991341330272,48.92643460018374],[-55.633973590559421,48.926436344967478],[-55.633968136896719,48.926435428236417],[-55.633955891482451,48.926429990637438],[-55.633932812592576,48.926413732526896],[-55.633920576454216,48.926407396643548],[-55.63390967553687,48.926404666601869],[-55.633896035029963,48.926403721990035],[-55.633885121037316,48.926402788690837],[-55.633871460497446,48.926404544587051],[-55.633834438626174,48.926428706570448],[-55.63379056111922,48.926456444564003],[-55.633779607528147,48.926461808180548],[-55.63376184358826,48.926464448377644],[-55.633744112562141,48.926462594013522],[-55.633741385836935,48.926462585392727],[-55.633711372479858,48.926460689120162],[-55.633681337786896,48.926462394602837],[-55.633655425156292,48.926459613014167],[-55.633630871798339,48.926457737791168],[-55.63356808387465,48.926459335962306],[-55.633506612659986,48.926466335608104],[-55.633471079357676,48.926473419226333],[-55.633453308922981,48.926476956848475],[-55.633380910779401,48.926486621526166],[-55.633322203630762,48.92648913078655],[-55.633264883583891,48.926488949354166],[-55.633230712373305,48.926496035369219],[-55.633180136644107,48.926506665159494],[-55.633155522598045,48.926513781828916],[-55.633113119162218,48.926526237116981],[-55.633022935867054,48.926541236728511],[-55.632947753542105,48.92655718702072],[-55.632891693639927,48.926571396347299],[-55.632876670885906,48.926573149646522],[-55.632783675578565,48.926598933288936],[-55.63276453614813,48.926603369392872],[-55.632745402048755,48.926606905278035],[-55.632713973411526,48.926612201330414],[-55.632580083959247,48.926631557094964],[-55.632558234796981,48.926633288409583],[-55.632511787594211,48.926639433803636],[-55.632479007382678,48.926642927777529],[-55.632392948147221,48.926653446251343],[-55.632324658574348,48.926660420880047],[-55.632282335627799,48.926662087350152],[-55.632230481327234,48.926661019126897],[-55.632201828543927,48.926660028892456],[-55.63209947494434,48.926659702596069],[-55.632042171799682,48.926656824445118],[-55.63200668495422,48.926657609114052],[-55.631932936411324,48.926664566001094],[-55.631930202856623,48.926664557108012],[-55.63177578967769,48.926691047655758],[-55.631734846297775,48.926690917111607],[-55.63168706995436,48.926691662929088],[-55.631605171472373,48.926693197652348],[-55.63155058350884,48.92669302331656],[-55.631519198469789,48.926692024954704],[-55.631460514951961,48.926691837382208],[-55.631381330984972,48.926695182802874],[-55.631328059949944,48.926701305792122],[-55.631250233049514,48.926706451533342],[-55.631162805969346,48.926716965499459],[-55.631090372666634,48.926731122322707],[-55.631002949378953,48.9267407377029],[-55.63100431827359,48.926740741330285],[-55.630968759163174,48.926750519989987],[-55.630941437796288,48.926754030179389],[-55.630930510843541,48.926755791941211],[-55.630899074060956,48.926761984916702],[-55.630874474192034,48.926766402195064],[-55.630856681720452,48.926772642566071],[-55.630829256444166,48.926790541135709],[-55.630805911952386,48.926810252310432],[-55.630779862181193,48.926826353930515],[-55.630773011780178,48.926829929950202],[-55.630737471282586,48.926837911078543],[-55.630721083846275,48.92683875570669],[-55.630680146897483,48.926837727312666],[-55.630616048173465,48.926831227654226],[-55.63059422059343,48.926830256334306],[-55.630534178809619,48.926829165521141],[-55.630431804659338,48.926830637841157],[-55.630381280154637,48.926834972573324],[-55.630312978000568,48.926843746377635],[-55.630246052466426,48.926849825556467],[-55.63020783731335,48.92685060181558],[-55.630187372899023,48.926849637467889],[-55.630151872493165,48.926851319701974],[-55.63010404784481,48.926859261892943],[-55.630093119265872,48.926860124928496],[-55.630058942021058,48.926868110197859],[-55.629972776488358,48.926893015193471],[-55.629913957816022,48.926910812165772],[-55.629861948199078,48.92693132911073],[-55.629801748614106,48.926951821363915],[-55.629711352125192,48.926994699136671],[-55.629673036455188,48.927008064753466],[-55.629625185126677,48.927019600220049],[-55.629569105083164,48.927036506642303],[-55.629508895911151,48.927057897014116],[-55.629491118055249,48.927062336876723],[-55.629452851688853,48.927069409424007],[-55.62943645078024,48.927072953700858],[-55.629374911593608,48.927088941997255],[-55.629353043725843,48.927093366952285],[-55.62932020275602,48.927104954332393],[-55.62928464163975,48.927115634605549],[-55.62923810665459,48.927133469151876],[-55.629206621022796,48.927145959186419],[-55.629190186883534,48.927153996175413],[-55.629160018971177,48.927172787286835],[-55.629124411049631,48.927189760592],[-55.629053242022188,48.927216510990007],[-55.62903135412251,48.927223631890037],[-55.628916342890172,48.927273624810041],[-55.628856127710144,48.927295014641906],[-55.628834246240977,48.92730123893103],[-55.628795983512319,48.927307412791308],[-55.628778219101697,48.927310952601509],[-55.628716672774679,48.927328740198064],[-55.628696188121808,48.927329572090976],[-55.628664735941079,48.927338464226544],[-55.628571725237443,48.927366042055816],[-55.628495162454676,48.927383780792219],[-55.628481481442442,48.927388232943279],[-55.628474638737515,48.927390911395122],[-55.628456833850429,48.927398948166143],[-55.628432232298607,48.927404263461653],[-55.62839938435323,48.927416748038397],[-55.628380189156886,48.927428378395142],[-55.628366474509228,48.927437327772779],[-55.628340337719749,48.927465120244584],[-55.628300516766558,48.927497369240967],[-55.62826760983544,48.927517945440364],[-55.628244324476867,48.927529561745608],[-55.628214230025584,48.927538457945367],[-55.628170488042848,48.927547309907787],[-55.6281595594685,48.92754907135361],[-55.62813087523255,48.927551678828358],[-55.628078937964759,48.927562304777837],[-55.628037910790461,48.92757296222949],[-55.628026963286381,48.927577423310765],[-55.627988600818377,48.927597086861802],[-55.627977666770541,48.927598848106456],[-55.627958584674246,48.927596085786682],[-55.627947671861129,48.927595152865727],[-55.627912202867144,48.927593241999297],[-55.627893094958779,48.92759317998658],[-55.627879434131181,48.927594932460892],[-55.627861623795006,48.927603867550353],[-55.627847922375153,48.927611019225168],[-55.62775603329812,48.927670978042016],[-55.627701202498997,48.927703174603117],[-55.627669704270353,48.927717460082349],[-55.627619003700033,48.927745177236339],[-55.627568316562353,48.927770194535412],[-55.627520356538113,48.927796116482277],[-55.62748886450786,48.927809508034883],[-55.627461469814918,48.927822908470226],[-55.627392917067901,48.927864952503846],[-55.627373709587737,48.927878378566341],[-55.627369573299859,48.927883764425026],[-55.627368162882085,48.92789005401383],[-55.62736948598463,48.927895453108562],[-55.627373527744574,48.927902661493981],[-55.627382972145419,48.927917079862496],[-55.627386961317946,48.927931484233767],[-55.627385505384524,48.927944066046422],[-55.627374496894284,48.927955723671786],[-55.627355262323299,48.927972748599096],[-55.627341548778098,48.927981696992362],[-55.627297671693903,48.92800853396389],[-55.627242814604983,48.928044328303947],[-55.627227729315955,48.928054174212811],[-55.627197499835979,48.928081054588361],[-55.627161735729651,48.928118711306233],[-55.627106663126362,48.928183280341763],[-55.627087402668828,48.928203904133511],[-55.627072302609328,48.928215546711201],[-55.627029703699243,48.928254079430751],[-55.626965059748279,48.928321317021727],[-55.626929384201276,48.928346382829567],[-55.626900563594063,48.92836787298738],[-55.626884069131194,48.928383106279384],[-55.626852455655126,48.928413580358651],[-55.626826270128667,48.928447670017604],[-55.626804286705294,48.928467384710103],[-55.626760328105114,48.928505011766845],[-55.626734263845449,48.928522913689541],[-55.626664325532481,48.928567655147191],[-55.626591653720176,48.928612383940546],[-55.626420261450896,48.928717944781852],[-55.626313288514766,48.928786846122442],[-55.626291348092167,48.928801163398184],[-55.626243305220086,48.928836978273907],[-55.626222714539857,48.928853100268334],[-55.626184261349088,48.928885353094159],[-55.626093670930594,48.928953403773065],[-55.626060693039683,48.928982974610847],[-55.625998801769796,48.929046626975484],[-55.625941012979041,48.929108491239667],[-55.625917706219319,48.929122803041849],[-55.625840904765063,48.929172014302026],[-55.62580386338135,48.929197973873897],[-55.625748927794262,48.929242764323128],[-55.625747544296864,48.929245455019661],[-55.625742005237583,48.929256230253245],[-55.625722741340788,48.929276850101161],[-55.625651215847256,48.929351263228639],[-55.625608533793681,48.929400585665284],[-55.625596107442476,48.929420327825767],[-55.625579478086003,48.929453549885125],[-55.625567064963242,48.929470596709024],[-55.625557372146559,48.929489449315149],[-55.625520062475964,48.929550480945224],[-55.625492466068529,48.929590859860532],[-55.6254814432355,48.929604315814991],[-55.625430665474305,48.929641919356001],[-55.625371665850928,48.929683098403125],[-55.625326363229576,48.929718023584847],[-55.625304393610335,48.929735938572151],[-55.625297473393772,48.929748506863525],[-55.62527682939195,48.929771821049336],[-55.625246563960843,48.929803197185443],[-55.625219079447085,48.929828289302122],[-55.625209418901512,48.929842645494787],[-55.62519015037045,48.92986416639674],[-55.625159925304033,48.929890148706278],[-55.625133783768263,48.929917943912521],[-55.625111778774077,48.929940355144588],[-55.625092564536381,48.929954679200037],[-55.625063755531684,48.929974373013643],[-55.624995164000978,48.930020910913036],[-55.624959487602837,48.93004597609437],[-55.624940270412566,48.930060301828142],[-55.62491418838249,48.930080902133106],[-55.624835953310345,48.930139099999408],[-55.624781083609619,48.93017579676647],[-55.624702956611507,48.930219607174649],[-55.624653562471032,48.930253621106672],[-55.624624741134951,48.930275110682047],[-55.624593089955589,48.930309178159334],[-55.624580745203374,48.930318135337671],[-55.624557364150952,48.930341440213574],[-55.624539430043768,48.930366563332072],[-55.624524236794713,48.930390791760651],[-55.624514495710407,48.930415941820982],[-55.624508866856274,48.930438405597705],[-55.624510089337171,48.9304572937533],[-55.624509920878147,48.930479779045093],[-55.624508490889554,48.930488768227427],[-55.624501483837541,48.930513023369983],[-55.624494571379607,48.930524693282777],[-55.62448217131022,48.930539939641143],[-55.624464319706462,48.930554273396687],[-55.624442368526999,48.93056948855849],[-55.624355976980667,48.93062316381436],[-55.624264098347297,48.930680423571594],[-55.624201021325938,48.930719786598793],[-55.624194163209076,48.930724260566336],[-55.624194156490979,48.930725158933193],[-55.624238961255536,48.930756780907565],[-55.624240277079537,48.930763081992154],[-55.624237505388976,48.930768467698556],[-55.624234688986419,48.930780147458506],[-55.624226421104915,48.930790913706346],[-55.624220907316271,48.930798091742602],[-55.624203053163086,48.930812420866282],[-55.624192057165722,48.930823175515734],[-55.624159064530616,48.930854546116436],[-55.624126117067227,48.930879616360706],[-55.624091793670011,48.930906483441099],[-55.624076648612672,48.930923521085504],[-55.62404774357217,48.930955804337657],[-55.624006435529985,48.931004232385497],[-55.623977525286392,48.931036510938902],[-55.623962411411426,48.931049951641114],[-55.623929486407519,48.931072329511295],[-55.623869141153023,48.931110800085449],[-55.62373749167871,48.93119310723862],[-55.623631900603648,48.931259310003526],[-55.623475543975935,48.931359525014322],[-55.623431633276063,48.931390856881727],[-55.623380832858189,48.931430260467586],[-55.623321832486781,48.931471433954322],[-55.623262856232238,48.931509013851162],[-55.623192912242381,48.931553749445904],[-55.623020130619487,48.93166020401727],[-55.622962532608675,48.931695987007785],[-55.622789743261109,48.931803339572213],[-55.62271020068706,48.93185343981829],[-55.622684137370797,48.931870440478548],[-55.622636109169257,48.931904458089491],[-55.622623721812438,48.931917905691954],[-55.622609980283102,48.931930452370729],[-55.622557846598752,48.931966253293567],[-55.622396024968488,48.932066446003525],[-55.622310971598957,48.932123722227658],[-55.622271159574858,48.932154167789754],[-55.622225823713094,48.932192690437546],[-55.622216205368638,48.932200753148742],[-55.622187353111258,48.932225839964126],[-55.622181831023468,48.932233912613711],[-55.622169439084253,48.932248263113692],[-55.622159799081679,48.932259920364785],[-55.622130954882344,48.932284108844605],[-55.621980085911488,48.932379840624201],[-55.621873100394595,48.932448736595248],[-55.621797632750059,48.932501547544838],[-55.621626162053055,48.932614297404783],[-55.621611073113051,48.932624139765267],[-55.621571291717679,48.932650088649225],[-55.621526039506954,48.93267782171322],[-55.621431439602979,48.932733265228755],[-55.621343760825454,48.932775245649751],[-55.621316345427125,48.932790442039419],[-55.621273880410854,48.93281098729544],[-55.621204068268582,48.932837737154983],[-55.62116844681789,48.932854707584333],[-55.621105424861604,48.932885975350032],[-55.621076636018543,48.932902069083319],[-55.621042350595069,48.932923540485362],[-55.621025871962964,48.932936974500656],[-55.620994266772378,48.932964752408019],[-55.620984619644695,48.93297730701498],[-55.620973499014298,48.933003351276589],[-55.620962367333306,48.933031195055328],[-55.620945800761376,48.933056322230179],[-55.620943019070523,48.933062606116259],[-55.620940182489143,48.933076984505398],[-55.620942842358929,48.933085987021791],[-55.620948249816678,48.933093200173275],[-55.620949579105208,48.933097700958946],[-55.620949538081028,48.93310309564297],[-55.620948085440233,48.933114782505172],[-55.620902632729596,48.933168590311254],[-55.620873691413522,48.933205369036031],[-55.620844758478398,48.9332412458376],[-55.620795391596864,48.933270761592411],[-55.620693877360864,48.933337874147249],[-55.620659551846394,48.933364739252134],[-55.620629355287548,48.933387121577084],[-55.620564812272548,48.933438170860356],[-55.620531869159265,48.933462345254767],[-55.620476911903893,48.933509828291491],[-55.620443942839579,48.933537597061381],[-55.620305297524517,48.933640561272973],[-55.620161279842144,48.933731816743283],[-55.620050205331886,48.93379979548051],[-55.61994600431823,48.933860606033114],[-55.619788295058406,48.933957209531734],[-55.619726613652993,48.933991180548375],[-55.619553953653991,48.934079645117556],[-55.619522473891656,48.934091229643094],[-55.61946364318851,48.934109020946863],[-55.619389787034308,48.934128563686691],[-55.61934466740869,48.934138306877394],[-55.619277627621592,48.934158770521705],[-55.619207772760234,48.934190014321494],[-55.619170729631335,48.934215073148572],[-55.619113127219386,48.934250855000009],[-55.619063777482793,48.934278572514032],[-55.618923901657283,48.93436354248734],[-55.618849893527013,48.934402866844039],[-55.618811501772278,48.934425222183343],[-55.618747100182276,48.934457386744647],[-55.618679971649904,48.934489538683245],[-55.61861691845403,48.934524402935956],[-55.618515448248438,48.934584321832467],[-55.618457847744025,48.934620102524413],[-55.618418071246467,48.934645152810852],[-55.618339869554958,48.934697052812531],[-55.618316503976715,48.93471855978369],[-55.618297241819029,48.934738278080523],[-55.618223012999692,48.934806381138948],[-55.618187204331441,48.934847628906539],[-55.61815696408069,48.934875409696048],[-55.618107480901955,48.934920210006176],[-55.618095070642639,48.934936357548786],[-55.618067553624805,48.934965042174326],[-55.61803451164338,48.935001805461674],[-55.617995975422659,48.935043943648402],[-55.617986313118031,48.935057400598957],[-55.617982153037424,48.935066383306221],[-55.617961431589372,48.935097789955378],[-55.617942157765363,48.935120208989304],[-55.617904922886602,48.935169545510078],[-55.617886881385417,48.935208156421815],[-55.617875641091949,48.9352503872678],[-55.617861682021655,48.935290809495996],[-55.617853344506116,48.935309666601086],[-55.617849088023135,48.935331234474596],[-55.61787068112293,48.935363684402844],[-55.617877326398251,48.935387087067134],[-55.617874502442348,48.935399668624385],[-55.617863326050198,48.935432902168635],[-55.617850984582077,48.935440057958232],[-55.617819520067997,48.935448945858106],[-55.617807193615192,48.93545520355574],[-55.617783867894197,48.935470411696691],[-55.61773719783362,48.935504431625276],[-55.617723432257286,48.93551967180192],[-55.617697200699432,48.935558255360469],[-55.617687551871427,48.935570814147511],[-55.617662616039958,48.93561839576649],[-55.617647259954623,48.93566330890846],[-55.617636105163704,48.935693848280543],[-55.617623619950876,48.935719886788469],[-55.617616512874278,48.935756736495144],[-55.617620534474376,48.935766642128016],[-55.617650292930549,48.93580181257191],[-55.617657055433888,48.935809930492923],[-55.617663715772906,48.93583153558847],[-55.617664693546324,48.935882799192235],[-55.61767267603625,48.935909804365401],[-55.617675328662003,48.935919704406544],[-55.617680708486276,48.935930512054846],[-55.617692745530739,48.93596293009886],[-55.617699262136689,48.936003419736238],[-55.617703236758587,48.936019620245276],[-55.617713974152892,48.936043037383008],[-55.617720655343561,48.936061943791699],[-55.61772858799084,48.936096144139064],[-55.617736570612671,48.93612314840982],[-55.617743183733047,48.936151051976083],[-55.617753858979341,48.936182562466961],[-55.617756352611302,48.93621404501949],[-55.617757475735978,48.936245523734378],[-55.617747394082926,48.936314737004828],[-55.617744543699104,48.93633001795429],[-55.617741575954362,48.936361483148474],[-55.617740080962108,48.936378565514012],[-55.617734311400959,48.936419014127473],[-55.617721737485908,48.936456743987705],[-55.617718955109886,48.936463028676762],[-55.617711937882106,48.936488187083341],[-55.6177035778964,48.936510641398854],[-55.617699431661741,48.936517822869519],[-55.617693880629901,48.936529493214309],[-55.617689556070012,48.936559156942174],[-55.617686588338451,48.936590621233776],[-55.617685226076652,48.936590616772193],[-55.617678311056729,48.936602287102907],[-55.617676942041896,48.936602281512279],[-55.617674102830186,48.93661666063791],[-55.61765759016145,48.936633692816784],[-55.617609555256323,48.936667708150345],[-55.617573893956788,48.936690071313592],[-55.617543723011053,48.93670795713934],[-55.617516334461982,48.936719558273758],[-55.617482058546742,48.93673923177311],[-55.617446376529934,48.936764290880681],[-55.617429842843897,48.936784022605814],[-55.617426935814301,48.936807393485395],[-55.617466158182886,48.936855187525374],[-55.617519106754344,48.936893134335897],[-55.617473735438885,48.936935248334585],[-55.617433964768082,48.936959399896956],[-55.61742020415717,48.936973741613187],[-55.617381596448844,48.937023976250174],[-55.617357926209337,48.937085051431453],[-55.617314946840615,48.937171239229805],[-55.617270823305091,48.937229550069524],[-55.617171864176143,48.937317352092307],[-55.617096300726857,48.937380954341727],[-55.61703996666688,48.937428430819892],[-55.617016605037804,48.937449034569362],[-55.616961529255761,48.937510902086487],[-55.616958775578055,48.93751359245033],[-55.616947755653825,48.93752704500308],[-55.616936764828068,48.937536001963565],[-55.616817391224572,48.937615646342472],[-55.616788574834551,48.937635333373819],[-55.616763844975452,48.937655936005086],[-55.616751498727702,48.937663989211828],[-55.616667812383234,48.937718566605859],[-55.616575904911159,48.937776717975531],[-55.616527889093682,48.93780803322489],[-55.616481268821687,48.937834856578675],[-55.616420917539891,48.937872428137837],[-55.61632516737977,48.937897288299276],[-55.616193790164537,48.93794001751089],[-55.616113107755588,48.937958633096095],[-55.616067996444905,48.937966578123252],[-55.616040669494744,48.937970083734285],[-55.61601878732872,48.937975407010335],[-55.61597501467439,48.937986952764227],[-55.615902470672893,48.938012791667219],[-55.615896996808054,48.938014570087525],[-55.61584090266787,48.938030571761743],[-55.615787581532686,48.938041187943639],[-55.615730154539172,48.938053583586388],[-55.61565080866994,48.938075804952554],[-55.615613879193432,48.938084674685797],[-55.615444249230151,48.938131773026029],[-55.615377294377829,48.938140542973187],[-55.615295192322336,48.938165446226421],[-55.615269220494966,48.938169856300213],[-55.615226905797009,48.938169715154004],[-55.615206437135789,48.93816874893232],[-55.6151762658195,48.938186634135597],[-55.615148832941372,48.93820362838683],[-55.615110422452595,48.938227783580537],[-55.615093983430015,48.938235822934637],[-55.615025496271578,48.938266170329214],[-55.614922835840268,48.938301799272722],[-55.614857201271853,48.938315968065666],[-55.614816140116055,48.938330218614666],[-55.614761386494095,48.938349822409975],[-55.614721695784539,48.938363180005197],[-55.614669724028516,48.938375596020627],[-55.614639619282443,48.938385386974723],[-55.614602690778,48.938394256418825],[-55.614539699417371,48.938420126521827],[-55.614539706388065,48.938419227261988],[-55.614535603007802,48.938420111800319],[-55.614442404977723,48.938468363162961],[-55.614397216407916,48.938486197575735],[-55.614372558982851,48.93849780719566],[-55.614335567511532,48.93851477078703],[-55.614316401003059,48.938521902335964],[-55.614253463921806,48.938540576352679],[-55.61414933678769,48.938589689013341],[-55.614075420584562,48.938615521036361],[-55.614028890172214,48.938630655709893],[-55.613983758596397,48.938641295023388],[-55.613944108054099,48.938649255836772],[-55.613894836387857,48.938666178068559],[-55.613830391527721,48.938702832341605],[-55.613809819362054,48.938715353905195],[-55.613668509240483,48.938806610752067],[-55.613558764170463,48.938875489846488],[-55.61351486970549,48.938903223277343],[-55.6134751239601,48.938923770946076],[-55.613392810882338,48.938976553689301],[-55.613339377919147,48.939000657399731],[-55.613299637203923,48.93902120878375],[-55.613221442903928,48.939070407143383],[-55.613191263348355,48.939089191051181],[-55.613044473946431,48.939182228860403],[-55.613027971575775,48.939198357636769],[-55.61300727287999,48.93922706750454],[-55.612997499118954,48.939254912208774],[-55.612997421985035,48.939264805854883],[-55.6129821934246,48.939292632297189],[-55.612968367814666,48.939315067656779],[-55.612947718175967,48.939337480901173],[-55.61290230814496,48.939384093810062],[-55.612861146113026,48.939410934099676],[-55.612843279734953,48.939426163284487],[-55.612844636362482,48.939427068009159],[-55.612840525899578,48.939429748535176],[-55.612769182202868,48.939475376136578],[-55.612758183338066,48.9394852301265],[-55.612719728647932,48.939515677707313],[-55.612669009572187,48.939542485574364],[-55.612615673638082,48.93955489789095],[-55.612584226454359,48.939561089185666],[-55.612570532435477,48.939566437630511],[-55.612540370304636,48.939583424771229],[-55.612371623623993,48.939690774970281],[-55.612315372292286,48.939727455325411],[-55.612275602788749,48.939750702974592],[-55.61224683248998,48.93976409397677],[-55.612140033580481,48.93980510572554],[-55.6121030824267,48.939816673900964],[-55.612092143720218,48.939819332094757],[-55.612052500210737,48.939826394809316],[-55.612019661221886,48.939836175703441],[-55.611934758267076,48.939870063511123],[-55.611904638266488,48.939880752739242],[-55.611875896823413,48.939890552050663],[-55.61186631621549,48.939894113206357],[-55.611833412173134,48.939911992716944],[-55.611674256640796,48.940014873505561],[-55.611548037812994,48.940095387296132],[-55.611527485656048,48.940105209747102],[-55.61149595237972,48.940122190883251],[-55.611452071446294,48.940147223709403],[-55.611428797336465,48.940156139467618],[-55.611386313705971,48.940177579104585],[-55.611356152661024,48.940193662875885],[-55.611310899410007,48.940219591170283],[-55.611277969909537,48.940241063139879],[-55.611217582366443,48.940282228769945],[-55.611142119616488,48.940331435954889],[-55.611111985035187,48.940343924378062],[-55.611033856669643,48.940385028045405],[-55.611009162502796,48.940400234597533],[-55.610947489810236,48.94043150099948],[-55.610922804137097,48.94044580652222],[-55.610902250141116,48.940455631505017],[-55.610870703860257,48.940474409221579],[-55.610862465540244,48.940480674450605],[-55.610847395804079,48.940487819391777],[-55.610822738375063,48.940498526063102],[-55.610732350436436,48.94053509480397],[-55.610676241990845,48.940552891595836],[-55.610616015658408,48.94057337306424],[-55.610552950531577,48.940608232577105],[-55.61044063056287,48.940656415415361],[-55.610332381656725,48.940707311546916],[-55.610298142788722,48.94072158361454],[-55.610232454347553,48.940742046250165],[-55.610169422571914,48.940772410106341],[-55.610140665310432,48.940784001137366],[-55.610043436904547,48.940822342796352],[-55.609980411901638,48.940851808184938],[-55.609933816359103,48.940875030878203],[-55.609866714668151,48.940900884005465],[-55.609813341490273,48.940917789453955],[-55.609759946888261,48.940937395344612],[-55.609683320035828,48.940960518357379],[-55.609597196714603,48.940975517096931],[-55.609583517700692,48.940979064002732],[-55.609530131306443,48.940997771470784],[-55.609398655700112,48.941051282735359],[-55.609369910666068,48.941061077701825],[-55.6092904656917,48.941094982121676],[-55.609183704239278,48.941130592748387],[-55.609133066452657,48.941146608779981],[-55.60904815788107,48.941180496097438],[-55.609004342572007,48.941197434760603],[-55.608964542156876,48.941224277319357],[-55.608905503867817,48.941267244871355],[-55.608884802269159,48.941295949412712],[-55.608869652809624,48.941312985856307],[-55.608847680755822,48.94132909959464],[-55.608765527452121,48.941360295685364],[-55.608727118494308,48.941383550240317],[-55.608584427938617,48.941474794866707],[-55.608563847613539,48.941488214727734],[-55.608477397314047,48.941544577487228],[-55.608471915727641,48.941547254793221],[-55.608384138257783,48.941599116621695],[-55.608297724363418,48.941650983000521],[-55.608293649034906,48.941648269382682],[-55.608266211731831,48.941665264574063],[-55.608260686160762,48.941673338259115],[-55.608240091351178,48.941688558367737],[-55.60820577891198,48.941711823192719],[-55.608159053939559,48.941751234429887],[-55.608102605640234,48.941812194289355],[-55.608054474248789,48.941856995491548],[-55.60797871098849,48.941943071606623],[-55.607949826101624,48.941970850509591],[-55.607842674051241,48.942055922578632],[-55.607823420349703,48.942073841358415],[-55.607789051970208,48.942104301038171],[-55.607716294887041,48.942155316228089],[-55.607666890169902,48.94218841955113],[-55.607643567627058,48.94220273169411],[-55.607470730357001,48.942307361571721],[-55.607361016046397,48.942370836217471],[-55.607319838483576,48.942398577134739],[-55.607274291029867,48.942462270941824],[-55.607252154286783,48.942499069921048],[-55.607213692626168,48.94252951455988],[-55.607132732176638,48.942582297161742],[-55.607040812093004,48.942639538415094],[-55.606947549142021,48.942694079880994],[-55.606839363687463,48.942735977260185],[-55.606773635447503,48.942761832675728],[-55.606655795078254,48.942816290277527],[-55.606558384860676,48.942877110283227],[-55.606517252167414,48.942899451855389],[-55.606381748197812,48.942943953865615],[-55.606325630182425,48.942961747338778],[-55.606264078126962,48.942976827126301],[-55.606210715891102,48.942991931402908],[-55.60615607954464,48.942995343296289],[-55.606150624610493,48.94299442611505],[-55.606109627144647,48.942999680792596],[-55.606020822054539,48.943007472268356],[-55.605962087316065,48.943011767575015],[-55.605873333408105,48.943013265097633],[-55.605828266234965,48.943014908468236],[-55.60578728285244,48.943018366318142],[-55.605716311759842,48.943016322625141],[-55.605560541020616,48.94303287772243],[-55.6054566414508,48.943051410167037],[-55.605384256874416,48.943054756907728],[-55.605274938523607,48.943066973513723],[-55.605160136300782,48.943082769289198],[-55.604987822924372,48.94311995100643],[-55.604866078935174,48.943150110960538],[-55.604811325347853,48.943167908385405],[-55.604785335755388,48.9431750103981],[-55.604686835029995,48.943200753972512],[-55.604640304798913,48.943214985405469],[-55.604571946877996,48.943226439813266],[-55.604515906269008,48.943235240968505],[-55.604433847244827,48.943253846951635],[-55.604350403571608,48.943274241986835],[-55.604329868636484,48.943281367967749],[-55.604295611889142,48.943297438461613],[-55.604272293891064,48.943310847884639],[-55.604264074192194,48.943314417494911],[-55.604255878776648,48.943315288536361],[-55.604198431654154,48.943328580001079],[-55.604140966965097,48.943344571134027],[-55.604056137594526,48.943367660835122],[-55.603967275305578,48.943383544261685],[-55.603931712189677,48.943391517352396],[-55.603839999394722,48.943421778210265],[-55.603785242160932,48.943440473622644],[-55.603707210921087,48.943467184632993],[-55.603599091027725,48.94350098845014],[-55.603534666805167,48.943534037955082],[-55.603490712876699,48.943567162588515],[-55.603453571826684,48.943602108493856],[-55.603391833011415,48.943640566436848],[-55.603301311892331,48.943693314035258],[-55.603206709638151,48.943743351173801],[-55.603165574780306,48.943765691489098],[-55.603136806840055,48.943778182630062],[-55.602964197828854,48.943852230685408],[-55.602938173293438,48.943862930890148],[-55.60289705245296,48.943883474395236],[-55.602846303449368,48.943912977273207],[-55.602795534254781,48.943945177033477],[-55.602728477589594,48.943965630594171],[-55.602709312072086,48.943971858067151],[-55.602655825385703,48.944002249737032],[-55.602603741072734,48.94402815079841],[-55.602588653509393,48.944037091259112],[-55.602493975161714,48.944096121109681],[-55.602426831900409,48.944127364620655],[-55.602377427545953,48.944159567124991],[-55.602315743228075,48.944190833077769],[-55.602252733025985,48.944216695003078],[-55.602208885547725,48.944237226204621],[-55.602132079261544,48.944281026587255],[-55.602089622805281,48.94429796717889],[-55.602001927428987,48.944338136241512],[-55.601897666966444,48.94440072680338],[-55.601836054473026,48.944422995463576],[-55.601811427554004,48.944429208285968],[-55.60180045563456,48.94443546417547],[-55.601762140564716,48.944447022560851],[-55.60163076750009,48.944485239797388],[-55.601522722253478,48.944509147049139],[-55.601428323258837,48.944533103329405],[-55.601347668387938,48.944546313521037],[-55.601284798467262,48.944555089238612],[-55.601124807699442,48.944586909534777],[-55.60103587905143,48.944609986245652],[-55.600966024266583,48.944638519748104],[-55.600933114926491,48.944656392401988],[-55.600886552214803,48.944674217416399],[-55.60083724871739,48.94469383153551],[-55.600664691151088,48.94476068105196],[-55.600573002886676,48.944787342179339],[-55.600527812362458,48.944804272552389],[-55.600479936087524,48.944815798815199],[-55.600408890516881,48.94482185021824],[-55.600376111272745,48.944823533477887],[-55.600341950781861,48.944827013117013],[-55.600235312858892,48.944845528380164],[-55.600184787671324,48.94484625108484],[-55.600138362114969,48.944846989107049],[-55.60010970276074,48.944845990728084],[-55.600052423883781,48.944837697919965],[-55.600033352710227,48.944833135088217],[-55.600025192097355,48.944828611831895],[-55.600006127151545,48.94482225111458],[-55.599995238592918,48.944818616095382],[-55.599988434446232,48.944815892697662],[-55.599940731906784,48.944805835799841],[-55.599917526493883,48.944804857120289],[-55.599854650232139,48.944814530440411],[-55.59983414173459,48.944818057634642],[-55.599745245976273,48.944836632478328],[-55.599709709704634,48.944841907595517],[-55.599638686192321,48.94484525537252],[-55.599559421527665,48.944854876456283],[-55.599458358811852,48.944859021123932],[-55.59936957838309,48.944864108035318],[-55.599294492475799,48.944862948516828],[-55.599267186996485,48.944862853818108],[-55.599243952203295,48.944866370589835],[-55.59920436736757,48.944865330925623],[-55.599066361181848,48.944879243284504],[-55.599004848526256,48.944888920867633],[-55.598958341868254,48.944899548328245],[-55.598848810334353,48.944937837950562],[-55.598769379941501,48.944968138600068],[-55.598692743294514,48.944991256738376],[-55.598663989982228,48.945001047876751],[-55.598622895640119,48.945017991881087],[-55.598577675152825,48.945038519367387],[-55.598503597696528,48.945082326875664],[-55.598421267462392,48.945134199898078],[-55.598377252064488,48.945174515600584],[-55.598333083465228,48.945234615026806],[-55.598280806712388,48.945283893651386],[-55.598251863418611,48.945317967370578],[-55.598240831257655,48.945331417759938],[-55.598216074146478,48.945353813646925],[-55.598203690708758,48.94536636202028],[-55.598184452754083,48.945381581260975],[-55.598151434284091,48.945412940983111],[-55.598115723527393,48.945438895423813],[-55.59802651635416,48.945497042570935],[-55.597962029292987,48.945536386950501],[-55.597918061066615,48.945571305296014],[-55.597857672148066,48.94561066498617],[-55.597846690632281,48.945617822379226],[-55.597832951124559,48.945628564530914],[-55.597797231014994,48.945656316650307],[-55.597777980780165,48.945673337106001],[-55.597739448413805,48.945710974914789],[-55.597713341590669,48.94573156743143],[-55.59765970697557,48.945779943538788],[-55.597584147261905,48.945838132752897],[-55.59752635563131,48.94589368920257],[-55.597513987128266,48.945903536814932],[-55.597439806720494,48.945959934021381],[-55.597384844235634,48.946003808083603],[-55.59731744118784,48.946066526745582],[-55.597298215835139,48.946079948175843],[-55.597239182457677,48.946120210617181],[-55.597206234449672,48.946142577492957],[-55.597137617824124,48.946186403347639],[-55.597106077362639,48.946203379451411],[-55.5970622406115,48.94622211098762],[-55.597019795709393,48.946236354335028],[-55.596993768707556,48.946247053127962],[-55.596954024583312,48.946265802540893],[-55.59692385948717,48.946281881543904],[-55.596830535143617,48.946341809826315],[-55.596804455375768,48.946358805971393],[-55.596694628279188,48.946433064337917],[-55.596678139858682,48.946446496404889],[-55.596646555264293,48.946468867870834],[-55.596550486714399,48.946530582135566],[-55.596387195932024,48.946631635459688],[-55.596346048404847,48.946654872439488],[-55.59625960761278,48.946707627597753],[-55.596200631003796,48.946740697266748],[-55.59616498230006,48.946759456339905],[-55.596123871196824,48.946778196089802],[-55.596000506590237,48.946838018488876],[-55.595919562649939,48.9468862972981],[-55.595796187134951,48.946947916303131],[-55.595744137472565,48.946968418494365],[-55.595649569778644,48.947013051894601],[-55.595574212602799,48.947045163068104],[-55.595550895947369,48.947058571696743],[-55.595474050232674,48.9471059652534],[-55.595390378926581,48.947154234154738],[-55.595314917065728,48.947199832265795],[-55.59527514842798,48.947221276064042],[-55.595190178016502,48.947260546366017],[-55.595127174769466,48.947284609284857],[-55.595101109890571,48.947299807462421],[-55.595046301230227,48.947323894905303],[-55.594998356671411,48.947343512971777],[-55.594933930934701,48.947374761387785],[-55.594851680031098,48.947415838824014],[-55.594776296565392,48.947451545678121],[-55.594725553832852,48.947479247147982],[-55.594657011147326,48.947513180488208],[-55.594614486830032,48.947537310229563],[-55.59454729608553,48.947573045079956],[-55.594528077978083,48.947585568606748],[-55.594497906422284,48.947602549867163],[-55.594414217610904,48.947651719677459],[-55.594297585394379,48.947723252036454],[-55.594194685092894,48.947784940893591],[-55.594167256424313,48.947799232773818],[-55.594021830171577,48.947885953188127],[-55.593991660086566,48.947902035771989],[-55.593920324070524,48.947943154647234],[-55.593836633945145,48.947993218990845],[-55.59376532989716,48.948030739965468],[-55.593670734954316,48.948078070232533],[-55.593624094268399,48.948104885574885],[-55.593547223192346,48.94815497369548],[-55.593511551711266,48.94817643057997],[-55.593482734724581,48.948194314659332],[-55.593429202485567,48.948229198947828],[-55.593401735862436,48.948248888147511],[-55.593355016740766,48.948285593389961],[-55.593331575487866,48.94831339110948],[-55.593306807315592,48.948336685084726],[-55.593273760270691,48.948370741861638],[-55.593235286927126,48.948401182416326],[-55.593165104085635,48.948468382107798],[-55.593118411184427,48.948501491959163],[-55.59310327775048,48.948515826623485],[-55.593049647586994,48.948562402685141],[-55.592982352454726,48.94861072696029],[-55.592956270198364,48.948627722164339],[-55.592930205538408,48.948642917162253],[-55.59284511400692,48.948696577213667],[-55.592738059712673,48.948764543831771],[-55.592680440461535,48.948798514910955],[-55.592650239817416,48.948818195003312],[-55.592596684401407,48.948855773914026],[-55.592556840866152,48.948886209221243],[-55.592536191327177,48.948906821695736],[-55.592503107763861,48.948945375405813],[-55.59248107237304,48.948968677199829],[-55.592456187895195,48.949006361712229],[-55.59240677228243,48.94903856052624],[-55.592382076923634,48.94905286450755],[-55.592360122497226,48.9490662763573],[-55.592338171347841,48.949078788816756],[-55.592281915690506,48.949112760899624],[-55.592239394047795,48.949136893474922],[-55.59221196408182,48.94915118485325],[-55.592205107899964,48.94915475841723],[-55.592173620929849,48.94916544032715],[-55.592116047295725,48.949193113490963],[-55.592051602338188,48.949226162267635],[-55.591941795612065,48.94929681798115],[-55.591807288298,48.949382675870559],[-55.591789447830706,48.949393401635845],[-55.591665945151306,48.949469408434815],[-55.59155351227723,48.949526564225081],[-55.591517861661195,48.949544424122422],[-55.591495937819367,48.949554237956839],[-55.591461701050228,48.949566706470691],[-55.591368451634139,48.949615837172686],[-55.591313567166296,48.949648917971537],[-55.591143361207664,48.949758029376191],[-55.591059627881741,48.949812592264301],[-55.590931957860697,48.94989667400575],[-55.59086193886607,48.949943189441548],[-55.590796032006935,48.949987920131996],[-55.590760343283286,48.950011173687699],[-55.590658760747438,48.950077361096191],[-55.590620338137711,48.950100609239854],[-55.590579162847227,48.950126541742677],[-55.590440551057789,48.950212380418741],[-55.590404885420504,48.950232938861028],[-55.590384310584582,48.950243659020515],[-55.590363726358923,48.950256177852793],[-55.590285644671837,48.950287374751269],[-55.590239044720988,48.950308792241827],[-55.590215750788865,48.950318601687641],[-55.590189689112513,48.950332896679249],[-55.590108793190467,48.950373978923572],[-55.590066275707045,48.950397208648916],[-55.590049808502997,48.950407041613595],[-55.589994928290096,48.950439223342592],[-55.589941456839483,48.950466010821003],[-55.589900332899767,48.950485648344959],[-55.58985372489181,48.950507968511005],[-55.589816710428202,48.950525822145991],[-55.589809862824843,48.950528494560544],[-55.589812581322377,48.950530303830533],[-55.589776826637113,48.950560753532152],[-55.589735665537326,48.950584885422181],[-55.589689066373111,48.950606303621299],[-55.58963840091824,48.950624109232699],[-55.589624689151307,48.950631256078744],[-55.589497089609004,48.95070544417495],[-55.589460065318818,48.950725098161286],[-55.589402472171052,48.950754568321294],[-55.589376440945841,48.950765268878726],[-55.589313391526233,48.950794722276882],[-55.589283224471714,48.950809901548212],[-55.58921188127389,48.950851915907542],[-55.589177614055551,48.950867079407885],[-55.58913652786083,48.950882223159894],[-55.589059801004488,48.950914323280145],[-55.589028277252446,48.950928598378987],[-55.588962456744817,48.950962537898555],[-55.5888636811287,48.951018842571649],[-55.588836239600134,48.951034933563413],[-55.588740234480234,48.951086750904267],[-55.588664858748004,48.951120655986308],[-55.588625113908513,48.951138501242525],[-55.588529197232155,48.951178626139878],[-55.58848126160499,48.951196440135142],[-55.588457995100342,48.951202655775596],[-55.58842101233035,48.951216910250764],[-55.588397717699088,48.951226718408563],[-55.588345615254205,48.951253511993556],[-55.588322302804777,48.951265120329332],[-55.588241374241171,48.951309795459061],[-55.588207106870172,48.951325861772126],[-55.58817561985537,48.951335641300609],[-55.588150988091208,48.951341849265702],[-55.58813180360761,48.951350774894095],[-55.588101635936709,48.951365952937884],[-55.58808655837948,48.951373094674445],[-55.588037251513029,48.951390904274106],[-55.588007133962854,48.951400687910116],[-55.587985259379138,48.951404208076148],[-55.587966082948071,48.95141133495509],[-55.587900342070483,48.95143537940033],[-55.587860604253336,48.951452324235277],[-55.587819523508735,48.951466565506131],[-55.587781158412106,48.951482616885031],[-55.587704373270313,48.951521012420983],[-55.587655026764615,48.951544217499467],[-55.587602901762132,48.951572809883672],[-55.587535655805681,48.951613935817939],[-55.587484894605737,48.951642533918935],[-55.587430078749954,48.951666620247735],[-55.587345124576217,48.951702288305853],[-55.58732596382017,48.951708513410097],[-55.587245085159502,48.951745995364028],[-55.587195717080888,48.951771898910536],[-55.587144948119615,48.95180139519681],[-55.587087323319999,48.951835358826621],[-55.587037940484478,48.951862164908299],[-55.587014634560219,48.951873769599416],[-55.586979009881887,48.951888931400354],[-55.586958418746867,48.951901448497196],[-55.58692134660302,48.951926493435487],[-55.586892490064507,48.951948876545423],[-55.586866315689662,48.951976659436248],[-55.586846990468111,48.952001771936381],[-55.586831876690532,48.952013407066211],[-55.586782450197902,48.952045605840802],[-55.586685032086251,48.952102811932726],[-55.58661506333376,48.952142129650845],[-55.586595887725501,48.952149257233813],[-55.586560283904589,48.952161720220587],[-55.58653150321274,48.952174204130699],[-55.586515037254394,48.952184039343926],[-55.586487565946491,48.952203724060737],[-55.586462830095755,48.952222520202596],[-55.586411942266572,48.952267305400675],[-55.586398168419365,48.952281643940054],[-55.586372008438957,48.95230763001684],[-55.586339006601065,48.952335388094589],[-55.586304694318351,48.952356849311528],[-55.586274495157014,48.952375628312225],[-55.586156425779919,48.952452543076028],[-55.586012267274867,48.952547351544602],[-55.585951859286602,48.95258670354864],[-55.585861240810488,48.952646633027022],[-55.585841966192085,48.952665447892279],[-55.585825366284659,48.95269146852015],[-55.585817086381162,48.952702231670777],[-55.585782661647997,48.952736282787505],[-55.585745568432543,48.952764026033783],[-55.585676916401717,48.952809642066072],[-55.585626109243009,48.952843634787953],[-55.585468222708926,48.952946487007964],[-55.585295243261719,48.953058280668891],[-55.585218361701088,48.953108362969118],[-55.585206003870169,48.95311641245371],[-55.585164825891972,48.953142344763812],[-55.585092118937162,48.953182550017438],[-55.58507841964115,48.953187895955452],[-55.585053787898325,48.953194104168219],[-55.584994967968882,48.95320648415673],[-55.584955288090164,48.953216232185504],[-55.584940224716696,48.953221573199507],[-55.58490596716674,48.953235841684887],[-55.58488129804995,48.953246542476109],[-55.584822297383766,48.953280505090305],[-55.584786641235759,48.953299259540884],[-55.584737246279424,48.95332786143387],[-55.58466458517114,48.953362671892123],[-55.584639894513948,48.953376073098504],[-55.584580878617324,48.95341183226693],[-55.584553435843709,48.953427921310791],[-55.584534280819803,48.953432348957953],[-55.584520536292935,48.953443089380514],[-55.584486222541813,48.953464549113676],[-55.584427205066554,48.953500308150957],[-55.584327144273423,48.953545813685523],[-55.584265559335478,48.953562679713052],[-55.584243646043028,48.953570693548464],[-55.584179294871042,48.95359114279114],[-55.584160139683704,48.95359557127238],[-55.584138241292507,48.953601788400704],[-55.584112177483036,48.953616082866596],[-55.584098455215241,48.953624128205647],[-55.584058624087163,48.953651860750867],[-55.58401741959279,48.95368049205279],[-55.583995435488774,48.953696600720683],[-55.583880041527955,48.953779819525593],[-55.583746863540554,48.95386657139354],[-55.583671395942588,48.953910364610742],[-55.583602794571128,48.953949685563401],[-55.583515015919595,48.953995231293824],[-55.583435495466624,48.954033614835517],[-55.583362858979193,48.954065729530427],[-55.58332994470576,48.954082698464624],[-55.583313474973899,48.954092530395464],[-55.583273658000905,48.954118465961351],[-55.583253085800735,48.954129181350183],[-55.583217426679361,48.954147940628872],[-55.583158454119655,48.954178304465124],[-55.58312554890589,48.954194370546347],[-55.583015908378094,48.954241636585905],[-55.582950107622324,48.954272874897072],[-55.582847159135355,48.954336353842152],[-55.582825207339049,48.954348865396007],[-55.582781358888376,48.954366692577274],[-55.582701926897322,48.954394281943685],[-55.582679998954561,48.954404097588998],[-55.582616976456229,48.954429047191404],[-55.582530665213838,48.954462908955335],[-55.582471731146455,48.95448877536068],[-55.582421009850485,48.954511972026445],[-55.582359300429935,48.954543227490248],[-55.582242667315263,48.95461025121957],[-55.582172720926266,48.954646871250404],[-55.582121985551318,48.954671866304281],[-55.582060291181705,48.954701319520055],[-55.581991702486441,48.95473884276425],[-55.581972484983751,48.954750461148137],[-55.581929953551537,48.954774590544211],[-55.581858607048169,48.954814799507865],[-55.581784510721057,48.954857698098955],[-55.581715936161309,48.954892523166897],[-55.58165422755485,48.954923773779626],[-55.581626813422865,48.954936264215995],[-55.581569225695617,48.954963936210014],[-55.58145272997784,48.955014771050379],[-55.581332090518245,48.955070988866048],[-55.581267615855388,48.955105828782301],[-55.581207231212815,48.955141583842924],[-55.581138626168176,48.955180904126095],[-55.581049476979622,48.955227341429016],[-55.580964483301145,48.955266601495083],[-55.580956261310838,48.955270170287086],[-55.580830021890058,48.955342555654077],[-55.580802577707011,48.955357743370087],[-55.580794363359637,48.95536041201089],[-55.580761477915452,48.955373781405591],[-55.580731318604727,48.955388059234245],[-55.580714854031498,48.955396993278683],[-55.580701130874886,48.955405036386409],[-55.580610677309757,48.955444278044808],[-55.580517391070273,48.955495199638413],[-55.580462524155863,48.955523779353832],[-55.580429598345347,48.955542544272973],[-55.580322523585451,48.955608701648679],[-55.580259394285669,48.955646243830131],[-55.580237420024211,48.955661449925593],[-55.580186454086849,48.955713424856683],[-55.58017108879919,48.955754739431612],[-55.580154584798869,48.955768166844763],[-55.58009412538793,48.955812911069309],[-55.580050098687032,48.955852320928074],[-55.579975944760108,48.95590151110185],[-55.579947054716193,48.955926587155524],[-55.579919403475571,48.955966954481127],[-55.579901459277004,48.955990273292898],[-55.579861487998564,48.956034193321571],[-55.579854425864411,48.956062043812778],[-55.579859702171667,48.956083647326942],[-55.579845873278792,48.956104281519636],[-55.579833515210787,48.956112330429328],[-55.579785541242885,48.956133739345411],[-55.579766331534536,48.956144459936695],[-55.579732005056037,48.956166815539689],[-55.579709998136288,48.956185623827693],[-55.579705854567422,48.956191004164396],[-55.579698822797411,48.956215257685386],[-55.579644963750539,48.956287007602853],[-55.579622836596741,48.956320198353112],[-55.579602170978355,48.956341707509537],[-55.579575946984583,48.956374886787749],[-55.579519544698442,48.956424141928601],[-55.579447958636543,48.956492229334813],[-55.579420376718183,48.956524502514362],[-55.579399735095073,48.956543314857427],[-55.579381875329084,48.956555839776414],[-55.579380511117606,48.956555835700051],[-55.579361209858675,48.956577344389238],[-55.579344677375545,48.956594371418205],[-55.579255358419914,48.956660596859173],[-55.579129038281714,48.956741969932828],[-55.579048115391885,48.956783943106437],[-55.578957516543262,48.956839369520971],[-55.578932802691845,48.956855464526122],[-55.578903963494902,48.956874247366684],[-55.578875091843003,48.956897522983759],[-55.578833890980327,48.956925249484463],[-55.578741798799889,48.956995960534954],[-55.578693663180609,48.957036252073237],[-55.57862769926016,48.957085471472404],[-55.578578168601091,48.957129356725005],[-55.578553413335356,48.957149950438001],[-55.578531457867719,48.957162461062346],[-55.578528708951865,48.957164247584245],[-55.578503997177762,48.957180347076374],[-55.578432492983687,48.957238538561263],[-55.578329479135647,48.957308307805022],[-55.578307509474591,48.957322618704339],[-55.578134537487749,48.957429900050265],[-55.578046664028179,48.957486234240086],[-55.577966994558778,48.957540802673577],[-55.577924429856601,48.957568523873491],[-55.577914761254277,48.957581077836949],[-55.577899626814826,48.957594512814865],[-55.577877650686283,48.95760972201095],[-55.577793892237608,48.95766337146015],[-55.577762299540815,48.957684840768835],[-55.57768268263677,48.957734008398575],[-55.577581064047152,48.957800187748553],[-55.577561837763888,48.957812708214682],[-55.577550870222872,48.957818063381438],[-55.577509713828015,48.957840393938554],[-55.577434215439204,48.957885980185452],[-55.577312025195681,48.957962874584808],[-55.57726123791187,48.957993264560557],[-55.577246133974533,48.958003100695095],[-55.577073132561296,48.958113083377057],[-55.576975556427165,48.958186464288133],[-55.576942514335364,48.958217821759405],[-55.576861464534431,48.958274180180879],[-55.576802407832375,48.958313533839906],[-55.576747429897964,48.958354697415267],[-55.576649926495534,48.958419090050576],[-55.576546863078775,48.95849425213315],[-55.576511147459499,48.958519302134953],[-55.576434233126918,48.958571179259728],[-55.576364097539077,48.958628477853154],[-55.57630500936078,48.958671427284266],[-55.576237713771903,48.958716143941203],[-55.576189649874522,48.958747442809312],[-55.576164931243,48.958763539772519],[-55.575991926386465,48.958873518039049],[-55.575960360677698,48.95889228928506],[-55.575882098678548,48.958941462195483],[-55.575845111515335,48.958954814843317],[-55.575734123016282,48.958998472496049],[-55.575672452529354,48.959023426565238],[-55.575612168476901,48.959046586481428],[-55.575564173007749,48.959069793735495],[-55.57545439833163,48.959131441001148],[-55.575351432985912,48.959194913689863],[-55.575201764382655,48.959290588253054],[-55.575133109032599,48.95933440080271],[-55.574995809433602,48.959420225358926],[-55.574969724434574,48.959436317868651],[-55.574902411063277,48.959482833953615],[-55.574857075467044,48.959514141429992],[-55.574810353684029,48.959548143408668],[-55.574704770111701,48.95959811312995],[-55.574658162426772,48.959618627350721],[-55.574586794432626,48.959660631954911],[-55.574460473037263,48.959740202760443],[-55.574442627829484,48.959750926622938],[-55.574340889140153,48.959830591558642],[-55.574312029008247,48.959852068350052],[-55.574203512038018,48.959925411142166],[-55.574075731132112,48.960015766335758],[-55.573996071750777,48.960068529812624],[-55.573927430954853,48.960110544956606],[-55.573855940100835,48.960166039218713],[-55.573821583440555,48.960191093265124],[-55.573754262978461,48.960238507948986],[-55.573718557584769,48.960261756648137],[-55.573564721091103,48.960364609220697],[-55.573522160115679,48.960390530852521],[-55.573501575525313,48.960402143604661],[-55.573450866283395,48.960423539597002],[-55.573374133773171,48.960452934333055],[-55.573326136281402,48.960476136093575],[-55.573275483071662,48.960490341530885],[-55.573230275987932,48.960506358568175],[-55.573195997563737,48.960522420105733],[-55.573150736463887,48.960545633968756],[-55.573139768703562,48.96055009011652],[-55.573119247271407,48.960554508960229],[-55.5730328105331,48.960600955126338],[-55.572945000488161,48.960648292660721],[-55.572846211128649,48.960701883952709],[-55.57283388042373,48.960706335060578],[-55.572818806944383,48.960712576369737],[-55.572744798618928,48.960742878353003],[-55.572705040692618,48.960760715947664],[-55.572663887339161,48.960782147207908],[-55.572637847607346,48.960792841041858],[-55.572624152681541,48.960797286169104],[-55.572583083970699,48.96080792809741],[-55.572511835466734,48.960835540817484],[-55.572413158897042,48.960875643098625],[-55.572341865604216,48.960907756190814],[-55.572298014643508,48.960925578452077],[-55.572278840361349,48.960931800625204],[-55.572262411326442,48.960936236295154],[-55.572182878929937,48.960973714082996],[-55.572117093400131,48.961000447519709],[-55.572091050927867,48.961012043341299],[-55.572040318201871,48.961035236016698],[-55.571996452153265,48.961053960754576],[-55.571956670496789,48.961074494881743],[-55.571862008350038,48.961124506420944],[-55.57177148481864,48.961170032649051],[-55.571697400165753,48.961209327259866],[-55.571674072925035,48.961221830371059],[-55.571598636598743,48.961259322181128],[-55.571564380604798,48.961272683703463],[-55.571527412558133,48.961283337135967],[-55.571494551675173,48.961293109467498],[-55.571445217922211,48.96131270924085],[-55.571384905815385,48.961338565416177],[-55.571365707797959,48.961347486930414],[-55.571303954454464,48.961381431761588],[-55.571243586594235,48.961413579754762],[-55.571179102232371,48.961448413784545],[-55.571114574571283,48.961487746503245],[-55.571074820749985,48.961504681478942],[-55.570949955755296,48.961572565926254],[-55.570918409888911,48.961588637089214],[-55.570785419429122,48.961648396541186],[-55.57075387736711,48.961663565585994],[-55.570645464487662,48.961724314737133],[-55.570580973924294,48.961759147324145],[-55.570520589354373,48.96179309607696],[-55.570468412850865,48.961825276170167],[-55.570421731252388,48.961853881674408],[-55.570248701846431,48.96196384971644],[-55.570166306709979,48.96201660106923],[-55.57005369256764,48.962089025104724],[-55.569903980296871,48.962187391708852],[-55.569770741439889,48.96227592461814],[-55.569763857302661,48.962282191707928],[-55.569702017215413,48.962326027230084],[-55.569597538496033,48.96240567747423],[-55.569446440431051,48.962505835763722],[-55.569439571632444,48.962510307062502],[-55.569332358332289,48.962589943066753],[-55.569240334781789,48.962649853205768],[-55.56913458385042,48.962717806683834],[-55.568961555441561,48.962827772861132],[-55.568935457616682,48.96284476218738],[-55.568787132381672,48.96293953524679],[-55.568732193719555,48.962975300309502],[-55.568714342405933,48.962986922590218],[-55.568703321533711,48.962997674809287],[-55.568663467636874,48.963026304453855],[-55.56864558720622,48.963040626032203],[-55.568641446021751,48.963046005161154],[-55.568619444999328,48.963063009870524],[-55.568576804852562,48.963097923802295],[-55.568529943785236,48.963147209119569],[-55.568496871151432,48.96318125897173],[-55.568441925193746,48.963217927656032],[-55.568403442033315,48.96324565943636],[-55.568395172296327,48.963254621812752],[-55.568345674390947,48.963292208275355],[-55.568298842946717,48.963337895611687],[-55.568258980708727,48.963367424334329],[-55.568188872310614,48.963420220573582],[-55.568113254138936,48.963478389720898],[-55.568069284048882,48.963508802029715],[-55.568050023132045,48.963524918653746],[-55.567997789645766,48.963563393102817],[-55.567905746066522,48.96362599911015],[-55.567811005359339,48.96368320249308],[-55.567771188533506,48.96370733199641],[-55.567665456085209,48.963773483078278],[-55.567599509882861,48.963818203891414],[-55.567519861230338,48.963868263932291],[-55.567401766985292,48.963941564562354],[-55.567328998526477,48.963985357387216],[-55.567272702477275,48.964020218282172],[-55.567230140124401,48.964045239883148],[-55.567186238940891,48.96406845460956],[-55.567138236019346,48.964091659953773],[-55.567123146497195,48.964098794973758],[-55.567072420251776,48.964121087116844],[-55.566962775871673,48.964164739969327],[-55.566924382574769,48.964182586143316],[-55.566876374318362,48.964205786691124],[-55.566831137205895,48.964225399125667],[-55.566779009385279,48.964251283641261],[-55.566733750866575,48.964272696109539],[-55.566681633470587,48.964297682339037],[-55.566644628122219,48.964312833154565],[-55.566496559365341,48.964377023668533],[-55.566399212159475,48.964420722808541],[-55.566358076589367,48.964439455760413],[-55.566333358560904,48.964454650268991],[-55.566305916752128,48.964468937872589],[-55.566297685786367,48.964473403925986],[-55.566264743398911,48.964492163395938],[-55.566152124602702,48.964563683124005],[-55.566121894839618,48.964584253983993],[-55.566044977377096,48.964634326987643],[-55.565984510372758,48.964677263784033],[-55.565943288836827,48.964704988654049],[-55.565849878652052,48.964766688329554],[-55.565807252228147,48.964799802724826],[-55.565763223112057,48.964836507751578],[-55.565723333475511,48.964869632677143],[-55.565688916744257,48.964900079289933],[-55.56566418139068,48.964917972467134],[-55.565606394985942,48.964966316515593],[-55.565584403987756,48.964982422400112],[-55.565570666594418,48.964991361847979],[-55.565559699930255,48.964995817321508],[-55.565552833171708,48.965000288462342],[-55.565507494528127,48.965030693621031],[-55.565334451052649,48.965139756233526],[-55.565320714724031,48.965148698392383],[-55.565275393233243,48.965177301441933],[-55.565102362027396,48.96528546553219],[-55.56507214051075,48.9653051387061],[-55.564936168943625,48.965391858488594],[-55.56485923575778,48.965442828776645],[-55.564812500463056,48.965476823608206],[-55.56475747961219,48.965521582607408],[-55.564734077533465,48.965542177280071],[-55.564648760031183,48.965615598136608],[-55.564604795287458,48.96564510892803],[-55.56450039472324,48.965713062905245],[-55.564452264220158,48.965750650284072],[-55.56442062020686,48.965777509443228],[-55.564408239942352,48.965787356771578],[-55.564397234833187,48.965796308323341],[-55.564347768476544,48.965830296178147],[-55.564349126387135,48.965831199715794],[-55.564266681470492,48.965887544124882],[-55.564184232623141,48.965944786940646],[-55.564035839375016,48.966045846365574],[-55.5638751537236,48.966146858671387],[-55.563818837736427,48.966182621232825],[-55.563726838087995,48.966238929862072],[-55.563553818295837,48.966344391754966],[-55.563542827319125,48.966351545610529],[-55.563478294310137,48.966389969034616],[-55.563384914605528,48.966447172992432],[-55.563283287617146,48.96651063665383],[-55.563222830021232,48.966551778756916],[-55.563184287383613,48.966585801492585],[-55.563167765816075,48.966601029426506],[-55.563132036250252,48.966626075779175],[-55.563088060421777,48.96665648512375],[-55.563037200163798,48.966693162940764],[-55.56298496501929,48.966731634201381],[-55.562965717214801,48.966745949637328],[-55.562792677974222,48.966853211446903],[-55.562733624012324,48.966889857809853],[-55.562585310927865,48.966981024538256],[-55.562535863185403,48.967012314665915],[-55.562505651861763,48.967031085322922],[-55.562467179493503,48.967057019229266],[-55.56245616315077,48.967066868814278],[-55.56240113726323,48.967111623834612],[-55.562381866675089,48.96712863689708],[-55.56233787149894,48.967161744701556],[-55.562211496794902,48.967243103989702],[-55.562179907592963,48.967262765712917],[-55.562137300503302,48.96729318003559],[-55.562030041090026,48.967375509902908],[-55.561987395106051,48.967409521744315],[-55.561936492162431,48.967451597331539],[-55.561886994739744,48.967488278884481],[-55.561859522420605,48.96750616060239],[-55.561838908271802,48.967520469696233],[-55.561829278793304,48.967528527081114],[-55.561821008206564,48.96753659036834],[-55.561783739338388,48.967581412346888],[-55.561768573550744,48.967597543579458],[-55.561728632346444,48.967635163790327],[-55.561688778830536,48.967662889777507],[-55.56164070101412,48.967693283605833],[-55.561522601235744,48.96776567772347],[-55.56151160298743,48.967773731541918],[-55.56148959234757,48.967791632285156],[-55.561459272482189,48.967822093368369],[-55.561444090660338,48.967840022110558],[-55.561416458797879,48.967875887376863],[-55.561397115689743,48.967900996006271],[-55.561377812522394,48.967921606693473],[-55.561348838725387,48.967954768114289],[-55.561335084764167,48.967965510908591],[-55.561333712503185,48.96796640314178],[-55.576428300762075,48.981449716117503],[-55.579807176161161,48.984466670485261],[-55.580781232827128,48.983973392389579],[-55.581173589801246,48.983785061768053],[-55.581369675001284,48.983702140546796],[-55.581509322757313,48.983668473130663],[-55.581541943960289,48.983647235090821]]]},"properties":{"OBJECTID":57,"MUNICIPALI":"Grand Falls-Windsor","MPAB_LINK":"http://www.assembly.nl.ca/Legislation/sr/Regulations/rc050010.htm","OLR_LINK":"https://www.gov.nl.ca/mpa/registry/community/Grand-Falls-Windsor","GOV_LEG":"http://www.assembly.nl.ca/Legislation/sr/statutes/u08.htm"}}]}