{"type": "FeatureCollection", "features": [{"type": "Feature", "properties": {"district_id": "Ward 1"}, "geometry": {"type": "MultiPolygon", "coordinates": [[[[-106.6124227048, 52.1494405687952], [-106.60984257549, 52.1502997210573], [-106.609823079052, 52.1503061941117], [-106.609548119111, 52.1503933893887], [-106.60926833073, 52.1504745625942], [-106.60898405821, 52.1505496118874], [-106.608695657902, 52.150618445157], [-106.608403489317, 52.1506809765456], [-106.608107915155, 52.1507371273488], [-106.607809304287, 52.1507868277731], [-106.607508027347, 52.1508300160968], [-106.607204461107, 52.1508666386107], [-106.606898984099, 52.1508966496776], [-106.606591973687, 52.1509200117729], [-106.606283816329, 52.150936696243], [-106.605974891439, 52.150946681728], [-106.605665589016, 52.1509499566182], [-106.599000364937, 52.1509479747306], [-106.591701892176, 52.1509733340421], [-106.591647631923, 52.1509727608217], [-106.591440055165, 52.1509661543882], [-106.591233378475, 52.1509525678679], [-106.591028220226, 52.1509320414776], [-106.590825196635, 52.1509046370474], [-106.590624915852, 52.1508704363016], [-106.59042797952, 52.1508295435352], [-106.59023497816, 52.1507820793818], [-106.590046491402, 52.150728187104], [-106.58986308194, 52.1506680272802], [-106.589685303002, 52.1506017821989], [-106.589513686433, 52.150529649725], [-106.589348745715, 52.1504518459562], [-106.589190977395, 52.1503686043041], [-106.589040853745, 52.1502801746936], [-106.588898824194, 52.150186822644], [-106.588765316694, 52.1500888265527], [-106.588640729108, 52.1499864823065], [-106.588525437725, 52.1498800959731], [-106.588419787132, 52.1497699866349], [-106.588324093032, 52.1496564836528], [-106.588238643809, 52.1495399293424], [-106.587991372381, 52.1492759792475], [-106.586451672465, 52.1476177555067], [-106.586363251106, 52.1475098528669], [-106.586266062541, 52.147404841998], [-106.586160354647, 52.1473029928885], [-106.586046402764, 52.1472045670644], [-106.585924495019, 52.1471098159878], [-106.585794947062, 52.1470189844566], [-106.585658090158, 52.1469323044698], [-106.585514274202, 52.1468499978857], [-106.585363870673, 52.146772277281], [-106.585207263647, 52.1466993397781], [-106.585044854433, 52.1466313741764], [-106.58487706135, 52.1465685546613], [-106.584704312457, 52.1465110418016], [-106.584527052887, 52.1464589833501], [-106.584345736022, 52.1464125125644], [-106.584160829366, 52.1463717490275], [-106.583972802796, 52.146336797007], [-106.583782143236, 52.1463077470572], [-106.583589336965, 52.1462846717606], [-106.583394878643, 52.1462676328002], [-106.583309137805, 52.1462620709359], [-106.582802727694, 52.1462545474861], [-106.582788649076, 52.1454353778364], [-106.5827555093, 52.1452852478408], [-106.582712440503, 52.1451360747281], [-106.582659514455, 52.1449881074905], [-106.582490464356, 52.1445973875115], [-106.582137743344, 52.1437937089733], [-106.581853928045, 52.1431467760131], [-106.581768951561, 52.1430283278704], [-106.581677868099, 52.1429116106376], [-106.581580773959, 52.1427967425974], [-106.581477763976, 52.1426838420514], [-106.580412659395, 52.141717107984], [-106.580360999763, 52.141670248363], [-106.580260744261, 52.141570552651], [-106.580169810628, 52.1414675300329], [-106.580088488125, 52.1413615093424], [-106.580017037109, 52.1412528287904], [-106.579955686173, 52.1411418378017], [-106.579904630435, 52.1410288898439], [-106.579864036046, 52.1409143459639], [-106.579834028477, 52.140798574045], [-106.579814706965, 52.1406819441177], [-106.579806132796, 52.1405648276172], [-106.579808332359, 52.1404476009393], [-106.57982129832, 52.1403306373319], [-106.579827381285, 52.13790935453], [-106.579825089854, 52.1378283719219], [-106.579831250231, 52.1377048492644], [-106.579849057473, 52.1375817550084], [-106.579878450197, 52.1374595044828], [-106.579919327457, 52.1373385099467], [-106.579971554594, 52.1372191805111], [-106.580034951387, 52.137101917802], [-106.580109306764, 52.1369871184613], [-106.580194369873, 52.1368751697707], [-106.580289851515, 52.1367664487336], [-106.58039543145, 52.136661321978], [-106.58051075252, 52.1365601449361], [-106.58063542494, 52.13646325909], [-106.580769029183, 52.1363709910342], [-106.582328570835, 52.1355203457759], [-106.585242250135, 52.1339309514109], [-106.585137617664, 52.1338444175682], [-106.585246662506, 52.1337847579154], [-106.578647941677, 52.1292125402344], [-106.577344434365, 52.1281200154069], [-106.577411048894, 52.1280836289618], [-106.57538819668, 52.1266825188397], [-106.575243109576, 52.1263701839064], [-106.57684663474, 52.1261471211509], [-106.57878135315, 52.1259328223815], [-106.578788334765, 52.125932161522], [-106.579158752601, 52.1259001405118], [-106.579530382203, 52.125873978114], [-106.579902980371, 52.1258536919636], [-106.580276300827, 52.1258392952439], [-106.580650098627, 52.1258307975268], [-106.581024128701, 52.1258282047925], [-106.581398142869, 52.1258315176707], [-106.581711454679, 52.1258388438513], [-106.582024440065, 52.1258503142148], [-106.582336949983, 52.1258659253696], [-106.582648843927, 52.1258856675169], [-106.583213037655, 52.1259103734429], [-106.583946568587, 52.1259728162784], [-106.584898092559, 52.1260820803316], [-106.585416052885, 52.1261576998874], [-106.598961299434, 52.1281124547243], [-106.60778059559, 52.1293567758154], [-106.607756853629, 52.1293337501034], [-106.607755160972, 52.1293321043383], [-106.607507149807, 52.1290854305768], [-106.607267400803, 52.1288356827242], [-106.607036015497, 52.1285829646482], [-106.606813088242, 52.1283273839099], [-106.606598714781, 52.1280690462523], [-106.606392983679, 52.1278080611114], [-106.606195980538, 52.1275445370633], [-106.606007789591, 52.1272785853988], [-106.605828489225, 52.1270103174869], [-106.605658153469, 52.1267398456535], [-106.605496854951, 52.1264672840404], [-106.605344658963, 52.1261927459882], [-106.605343965162, 52.126191448951], [-106.605216488663, 52.1259459929664], [-106.605096290083, 52.1256991492591], [-106.604983408819, 52.1254510009363], [-106.604877881283, 52.1252016293467], [-106.604779742487, 52.1249511176547], [-106.604689024522, 52.1246995490635], [-106.604605757983, 52.1244470058962], [-106.604529969112, 52.1241935714327], [-106.604461685677, 52.1239393307294], [-106.60440092665, 52.1236843680618], [-106.604347713857, 52.1234287658666], [-106.604302064902, 52.1231726111329], [-106.604301903795, 52.1231716233461], [-106.604262578989, 52.1229053352789], [-106.604231427721, 52.1226386383486], [-106.604208460535, 52.1223716268298], [-106.604193685086, 52.1221043959334], [-106.604187107568, 52.121837040889], [-106.60461458402, 52.1218149747189], [-106.604976953428, 52.1217962678512], [-106.609002560256, 52.1218153057538], [-106.618280363359, 52.1218586574654], [-106.619731939971, 52.1218653747935], [-106.62118131777, 52.1218720631198], [-106.622633537275, 52.1218787466642], [-106.633181252025, 52.1218214794847], [-106.634684137893, 52.1218132424875], [-106.634656592075, 52.1288877638865], [-106.643331646396, 52.1288600571904], [-106.646479599923, 52.1288883262546], [-106.647944799119, 52.1296774697487], [-106.647747862307, 52.1297744216815], [-106.64755735305, 52.1298761218804], [-106.647373573719, 52.1299824105955], [-106.647196816071, 52.1300931174359], [-106.647027361487, 52.1302080676605], [-106.64686547795, 52.1303270795224], [-106.646711430001, 52.1304499569361], [-106.646565453217, 52.1305765105148], [-106.646427779933, 52.1307065419247], [-106.646298627523, 52.1308398431497], [-106.646178201557, 52.1309762027409], [-106.646066692877, 52.1311154058574], [-106.646060563334, 52.1311234823291], [-106.644483900522, 52.1333976478582], [-106.64447964487, 52.1334037756878], [-106.644344326604, 52.1335896207036], [-106.644198895314, 52.1337725503118], [-106.644043518574, 52.1339523562288], [-106.643878371436, 52.1341288345613], [-106.643703643665, 52.1343017839068], [-106.643519532504, 52.1344710072535], [-106.643326248518, 52.1346363118984], [-106.643143654514, 52.1347916465486], [-106.642968376318, 52.134950141139], [-106.642800559669, 52.1351116650909], [-106.642640344375, 52.1352760852104], [-106.642487859993, 52.1354432675462], [-106.642343232933, 52.1356130718962], [-106.64220658387, 52.1357853608347], [-106.642078023065, 52.135959991685], [-106.641957657795, 52.1361368200126], [-106.641845586548, 52.1363157006048], [-106.64174190337, 52.1364964865113], [-106.641646692022, 52.1366790291252], [-106.641560030328, 52.1368631772232], [-106.641481993197, 52.1370487796212], [-106.641478517753, 52.1370575876757], [-106.641063722904, 52.1379366606903], [-106.64065792554, 52.1388173233481], [-106.640261138044, 52.1396995414035], [-106.639873358586, 52.1405833311601], [-106.639833251489, 52.1406720979157], [-106.639804118342, 52.1407624708106], [-106.639786124466, 52.1408539359294], [-106.63977937221, 52.1409459757335], [-106.639783900858, 52.1410380663649], [-106.639799684027, 52.141129686674], [-106.639826631033, 52.1412203155032], [-106.6398164693, 52.1413972074497], [-106.639798631063, 52.1415738707558], [-106.639773130498, 52.14175017664], [-106.639739984902, 52.1419260016706], [-106.63969921725, 52.1421012178398], [-106.639715688593, 52.142184193898], [-106.639718865234, 52.1422546361434], [-106.639712216219, 52.1423249875331], [-106.6396957926, 52.1423947294365], [-106.63966971428, 52.142463347658], [-106.639634171742, 52.1425303396069], [-106.639589428804, 52.142595209763], [-106.639535812861, 52.1426574824014], [-106.639473719134, 52.1427166979367], [-106.639403605159, 52.142772421992], [-106.639325986305, 52.142824242764], [-106.639241434681, 52.1428717809297], [-106.639150570169, 52.1429146843765], [-106.638960363485, 52.1430343041805], [-106.638777426541, 52.1431581422231], [-106.638602007544, 52.1432860323399], [-106.638434342691, 52.1434177995422], [-106.638274659427, 52.1435532689624], [-106.63812317166, 52.1436922551311], [-106.63797680306, 52.1438349986288], [-106.6378399828, 52.1439812832984], [-106.637712935924, 52.1441308677693], [-106.637595872617, 52.1442835036825], [-106.637488985475, 52.1444389411231], [-106.637392453629, 52.1445969213701], [-106.636840411216, 52.1455151914658], [-106.636286159202, 52.1464329606721], [-106.635729700291, 52.1473502262225], [-106.635724160166, 52.1473595797415], [-106.63564304299, 52.1474858477943], [-106.6355517029, 52.1476094449933], [-106.63545036954, 52.1477300588173], [-106.635339300585, 52.1478473835481], [-106.635218775961, 52.1479611221491], [-106.635089102231, 52.1480709862048], [-106.634950608275, 52.1481766977797], [-106.634787369417, 52.1482838384229], [-106.634631818521, 52.1483952233154], [-106.634484246121, 52.1485106434513], [-106.634344926459, 52.1486298837562], [-106.634214123167, 52.1487527185126], [-106.634092080829, 52.1488789204679], [-106.63397902611, 52.1490082518271], [-106.633875172375, 52.1491404704825], [-106.633780713805, 52.1492753291959], [-106.633695828321, 52.149412575558], [-106.633620673235, 52.1495519529472], [-106.633555389597, 52.1496931995705], [-106.633500099372, 52.1498360511995], [-106.633454908329, 52.1499802402315], [-106.633419900259, 52.1501254975672], [-106.633395139802, 52.1502715498747], [-106.633380672638, 52.1504181249807], [-106.633376529743, 52.150564948216], [-106.633377040822, 52.15059887734], [-106.633335730777, 52.1508079141164], [-106.633302498773, 52.1510174953751], [-106.633277359605, 52.1512275031284], [-106.633260330928, 52.1514378175487], [-106.633251421761, 52.1516483225233], [-106.633250638038, 52.1518588974847], [-106.633262113921, 52.152109722702], [-106.63328274568, 52.1523603266887], [-106.633312522954, 52.1526105819034], [-106.633351431062, 52.1528603626605], [-106.63341730616, 52.1531214275215], [-106.633423268917, 52.153264701997], [-106.633424074721, 52.1534080227218], [-106.629850559216, 52.1530311430335], [-106.617257201707, 52.1517815566689], [-106.617235563323, 52.1517780832358], [-106.616982498755, 52.1517343556117], [-106.616732022417, 52.1516853147883], [-106.616484425918, 52.151631018827], [-106.616240003946, 52.1515715302456], [-106.615999042777, 52.1515069215696], [-106.615761825794, 52.1514372662655], [-106.615528632345, 52.1513626477478], [-106.615299737522, 52.1512831530877], [-106.615075409365, 52.1511988766479], [-106.614855911654, 52.1511099164474], [-106.614641504073, 52.1510163786554], [-106.614432439089, 52.1509183722383], [-106.614228960625, 52.1508160125748], [-106.61403130844, 52.1507094213954], [-106.613839717969, 52.1505987222891], [-106.613654410287, 52.1504840462349], [-106.613475606593, 52.1503655278076], [-106.613303516585, 52.1502433071341], [-106.613138341317, 52.1501175280564], [-106.612980276121, 52.1499883380914], [-106.612829507751, 52.149855890268], [-106.612686211298, 52.1497203386732], [-106.612550557691, 52.1495818437446], [-106.6124227048, 52.1494405687952]]], [[[-106.646765864756, 52.1580180311171], [-106.643316021055, 52.1579712598895], [-106.643130663301, 52.1579732905051], [-106.642945367725, 52.1579697055903], [-106.642760583515, 52.1579605132752], [-106.64257676042, 52.1579457369708], [-106.642394342743, 52.1579254109568], [-106.64221377395, 52.157899586611], [-106.642035490528, 52.1578683244029], [-106.641859928096, 52.1578317010012], [-106.641293700207, 52.1576700221955], [-106.641103938404, 52.1575871139749], [-106.640920435839, 52.1574990380909], [-106.640743563085, 52.157405971947], [-106.640573680871, 52.1573081038748], [-106.640411131354, 52.1572056341541], [-106.640256243691, 52.1570987677418], [-106.640109332914, 52.1569877232788], [-106.639970696677, 52.1568727241436], [-106.639840615484, 52.1567540047427], [-106.639297071002, 52.1558746589316], [-106.639260992726, 52.155762645505], [-106.639214860311, 52.1556520369402], [-106.639158815017, 52.1555431747426], [-106.639093030049, 52.1554363945764], [-106.639017709022, 52.1553320244876], [-106.638933084603, 52.1552303876211], [-106.638839416881, 52.1551317977471], [-106.638736994795, 52.1550365583432], [-106.638626134675, 52.1549449626144], [-106.63850717881, 52.1548572944126], [-106.638380493787, 52.1547738228651], [-106.638246470664, 52.1546948068688], [-106.638105521773, 52.154620487941], [-106.637958082453, 52.1545510973892], [-106.637804609323, 52.1544868491425], [-106.637645572974, 52.1544279398532], [-106.635894232966, 52.1538912776649], [-106.636033326192, 52.1531562094969], [-106.636061223246, 52.1529857062734], [-106.636080477588, 52.1528147519754], [-106.636091070508, 52.152643511414], [-106.636092992132, 52.1524721510743], [-106.636092859902, 52.1524609304574], [-106.636096586252, 52.1523006776097], [-106.636110803015, 52.1521406469719], [-106.636135490382, 52.1519810986726], [-106.636170605134, 52.1518222922631], [-106.636216092238, 52.1516644838594], [-106.636271877734, 52.151507931636], [-106.636337868476, 52.1513528886357], [-106.636413959569, 52.1511996062641], [-106.636483334553, 52.1510804296804], [-106.636563158663, 52.1509637542765], [-106.636633853052, 52.1508662641837], [-106.636713854276, 52.1507715347841], [-106.636802877845, 52.1506799008991], [-106.636900608268, 52.1505916887881], [-106.637006697392, 52.1505072107761], [-106.637120771745, 52.1504267660519], [-106.637272752675, 52.1503301656664], [-106.637417383671, 52.1502293862197], [-106.637554362641, 52.1501246396405], [-106.637683400881, 52.1500161439657], [-106.637804229119, 52.1499041286511], [-106.638006055152, 52.1497108178347], [-106.638200744971, 52.1495147581435], [-106.638388202889, 52.149316048951], [-106.638568330338, 52.1491147905695], [-106.638741037617, 52.1489110858848], [-106.638906236528, 52.14870503866], [-106.639063843292, 52.1484967534954], [-106.639213778519, 52.1482863349289], [-106.63935596591, 52.1480738919506], [-106.639490333455, 52.147859530792], [-106.639616812236, 52.1476433621365], [-106.639735339082, 52.1474254938887], [-106.639845852422, 52.1472060375265], [-106.639948297991, 52.1469851044247], [-106.640042623055, 52.1467628077337], [-106.640044056723, 52.1467592639701], [-106.640101056235, 52.1466423531529], [-106.640166241743, 52.1465270728233], [-106.640239491069, 52.146413639567], [-106.640320664346, 52.146302265719], [-106.640409608534, 52.1461931628968], [-106.640506160038, 52.1460865338725], [-106.640624430771, 52.1459469296539], [-106.640733212816, 52.1458044352445], [-106.64083232224, 52.1456592933067], [-106.640921585641, 52.1455117544478], [-106.641000853031, 52.1453620698461], [-106.641002942207, 52.145357197873], [-106.641102528558, 52.1451376701691], [-106.641211979145, 52.1449199283892], [-106.641331210777, 52.1447041382104], [-106.641460127187, 52.1444904672879], [-106.641598633476, 52.1442790805586], [-106.641746619981, 52.1440701386673], [-106.641903974221, 52.1438638049937], [-106.64205799695, 52.1437378938247], [-106.642204975606, 52.143608835463], [-106.642344740322, 52.1434767788645], [-106.642477131631, 52.1433418773358], [-106.642601994484, 52.1432042850207], [-106.642719185759, 52.1430641621901], [-106.642828571134, 52.1429216698903], [-106.642832066782, 52.1429169005725], [-106.642989970915, 52.1427166171736], [-106.643138454309, 52.1425136252627], [-106.643277399029, 52.1423080928648], [-106.643406687182, 52.1421001889016], [-106.643526214159, 52.1418900857049], [-106.643635879773, 52.1416779564419], [-106.643735595595, 52.1414639759121], [-106.643737837029, 52.1414588859628], [-106.643874377738, 52.141069701222], [-106.643999799909, 52.1406791022618], [-106.644114065901, 52.140287210132], [-106.644217139504, 52.1398941449604], [-106.644217299841, 52.1398934989221], [-106.644222789746, 52.1398613104709], [-106.644255098723, 52.139710183173], [-106.644297996782, 52.1395600573305], [-106.644351403524, 52.1394112127938], [-106.644415220993, 52.1392639287563], [-106.644489327704, 52.1391184802416], [-106.644573585979, 52.1389751388998], [-106.644667839058, 52.1388341739474], [-106.644771909478, 52.1386958476946], [-106.644885600695, 52.1385604200185], [-106.645008702764, 52.138428143788], [-106.645140983609, 52.1382992658855], [-106.645430740862, 52.138029395129], [-106.645711463026, 52.1377559334819], [-106.645983031629, 52.1374789941591], [-106.646245334213, 52.1371986947868], [-106.646498259758, 52.1369151520705], [-106.646741704624, 52.1366284844098], [-106.646975566703, 52.13633881198], [-106.647199746887, 52.1360462567115], [-106.647414151918, 52.135750940451], [-106.647618692993, 52.13545298678], [-106.647813284271, 52.1351525201359], [-106.647997844368, 52.1348496666901], [-106.648172297814, 52.1345445543278], [-106.648336569047, 52.1342373082361], [-106.648490591506, 52.1339280597679], [-106.648634299934, 52.1336169357601], [-106.648767635115, 52.1333040683576], [-106.648890540698, 52.1329895878646], [-106.648891205476, 52.1329878063096], [-106.648892972049, 52.1329847613024], [-106.649016706955, 52.1327803387915], [-106.649149247094, 52.1325780175181], [-106.649290499767, 52.1323779408173], [-106.649440364974, 52.1321802521248], [-106.649598733797, 52.131985090504], [-106.649765497323, 52.1317925950168], [-106.649940533404, 52.1316029022119], [-106.650123719832, 52.1314161468394], [-106.650314925546, 52.131232461075], [-106.650514015078, 52.1310519762561], [-106.651701801087, 52.1317014549385], [-106.663242703204, 52.1337965661169], [-106.664017155836, 52.1338914654838], [-106.664274922767, 52.1339117586878], [-106.664533900531, 52.1339249775601], [-106.66479357805, 52.13393109514], [-106.665053440437, 52.1339300998107], [-106.665312973307, 52.1339219934405], [-106.665571664271, 52.1339067922608], [-106.665828999951, 52.1338845251096], [-106.666084471993, 52.1338552378427], [-106.666337573905, 52.1338189870838], [-106.666587805652, 52.1337758455549], [-106.666594236486, 52.1337746387868], [-106.668147851523, 52.1334830874671], [-106.668194963438, 52.1334742465631], [-106.668331797118, 52.1334499490434], [-106.668469480155, 52.133427543785], [-106.668700237958, 52.1333944913457], [-106.668932834912, 52.1333667525856], [-106.669166949596, 52.1333443653137], [-106.669402257468, 52.1333273619909], [-106.669638432194, 52.1333157661143], [-106.669875144184, 52.1333095922379], [-106.67020602549, 52.1333153655817], [-106.670182310746, 52.1336510970651], [-106.670245712833, 52.1438940390428], [-106.670429455833, 52.1438677800336], [-106.681379326765, 52.1438730969443], [-106.681372512176, 52.1419244848206], [-106.6813663309, 52.1401558840357], [-106.682761513431, 52.1401543736766], [-106.683119187523, 52.140199397361], [-106.688061813036, 52.1401972243017], [-106.688061892139, 52.1417873644613], [-106.690131302614, 52.1417856782741], [-106.690132101045, 52.140174346055], [-106.69013417422, 52.140159202179], [-106.690140032135, 52.1401444383521], [-106.690149534797, 52.1401304099545], [-106.690162451013, 52.140117456589], [-106.690178471053, 52.1401058893114], [-106.69069052292, 52.1397895860396], [-106.691312088892, 52.1401692135589], [-106.691399862339, 52.1402102937668], [-106.691561639683, 52.1401950159661], [-106.705974052719, 52.1401959709069], [-106.70597852277, 52.1416656142237], [-106.705429413228, 52.1419180811288], [-106.704603948976, 52.142351879158], [-106.701704494432, 52.1438754869059], [-106.693009559545, 52.1477222773647], [-106.688370412452, 52.1498178328172], [-106.687926959395, 52.1500321392223], [-106.687490595319, 52.1502518831624], [-106.687061495177, 52.1504769767915], [-106.686639832373, 52.1507073295893], [-106.686225777298, 52.1509428483823], [-106.685819497366, 52.1511834382424], [-106.685818765658, 52.1511838803038], [-106.68422838168, 52.1511830113154], [-106.68216865774, 52.1521402086988], [-106.678239418411, 52.1539606346443], [-106.677461931848, 52.1542774611677], [-106.677395816135, 52.1542782847248], [-106.676284643666, 52.1545778223717], [-106.67628465077, 52.1546324835344], [-106.676279635448, 52.1546333469909], [-106.67599274452, 52.1546799624423], [-106.675703775812, 52.1547214428005], [-106.675412970705, 52.1547577513521], [-106.675120578161, 52.154788858472], [-106.674826841434, 52.1548147382152], [-106.674532008301, 52.1548353681713], [-106.674236326739, 52.1548507313247], [-106.673940044866, 52.1548608142569], [-106.67364341246, 52.1548656089233], [-106.673346679473, 52.154865111775], [-106.670142153784, 52.1548648892854], [-106.670128037817, 52.1551388304865], [-106.661242305419, 52.1551441925964], [-106.661242371406, 52.1552127080601], [-106.660588253379, 52.1552130027746], [-106.660588334506, 52.1551444852446], [-106.658380247693, 52.1551435631824], [-106.65838022706, 52.155203023452], [-106.651171337179, 52.1553740307764], [-106.650967640562, 52.155388177031], [-106.650765511294, 52.1554091679091], [-106.650565556572, 52.1554369409701], [-106.650368375532, 52.1554714132091], [-106.650174563592, 52.1555124800974], [-106.649984700869, 52.1555600184414], [-106.649799359486, 52.1556138862805], [-106.649619096163, 52.1556739202926], [-106.64944445239, 52.1557399402875], [-106.649275954392, 52.1558117483075], [-106.649114107283, 52.1558891287093], [-106.648959396531, 52.1559718481424], [-106.64889184885, 52.1560109755995], [-106.64871268257, 52.1561307566842], [-106.648538520504, 52.1562532972038], [-106.648119470968, 52.1568688969377], [-106.647677776776, 52.1580206552718], [-106.647200605574, 52.15801928343], [-106.646765864756, 52.1580180311171]]]]}}, {"type": "Feature", "properties": {"district_id": "Ward 2"}, "geometry": {"type": "Polygon", "coordinates": [[[-106.681379326765, 52.1438730969443], [-106.670429455833, 52.1438677800336], [-106.670245712833, 52.1438940390428], [-106.670182310746, 52.1336510970651], [-106.67020602549, 52.1333153655817], [-106.670236990778, 52.1330088307977], [-106.670266676586, 52.1292747872048], [-106.670257240027, 52.12685454564], [-106.670250494979, 52.1266053579274], [-106.670232203878, 52.126356391323], [-106.670202383172, 52.1261078461045], [-106.668728968782, 52.1230096390304], [-106.668777277281, 52.1220821503316], [-106.668861291877, 52.1220872121119], [-106.668974181368, 52.1220938270549], [-106.669085449855, 52.1221072949408], [-106.669194002679, 52.1221274829099], [-106.669298773352, 52.122154191169], [-106.669398728167, 52.1221871592197], [-106.669492883516, 52.1222260602173], [-106.669580315087, 52.1222705125298], [-106.669660160713, 52.1223200778978], [-106.669699475472, 52.1223410778197], [-106.669743642342, 52.1223580346725], [-106.669791573504, 52.1223705313569], [-106.669842088839, 52.1223782608821], [-106.669893946853, 52.1223810331211], [-106.669945871171, 52.1223787798315], [-106.670244572154, 52.1223613512641], [-106.670542001375, 52.1223370307297], [-106.670837734842, 52.1223058512212], [-106.671026360737, 52.122276214341], [-106.671211801929, 52.1222397463418], [-106.671393402958, 52.1221965779188], [-106.671570529515, 52.1221468583535], [-106.671742555611, 52.122090763788], [-106.672062819756, 52.121976833296], [-106.672378896546, 52.1218585553836], [-106.672690630366, 52.1217359889399], [-106.672997868626, 52.1216091955094], [-106.673300458707, 52.1214782357389], [-106.673302000529, 52.1214775529642], [-106.673609479923, 52.1213118275632], [-106.673910043942, 52.1211413628889], [-106.674203498057, 52.1209662696568], [-106.674489656509, 52.1207866584586], [-106.674768335248, 52.1206026461565], [-106.675039354611, 52.1204143495509], [-106.675302542417, 52.1202218898316], [-106.675557728018, 52.1200253899655], [-106.675804751135, 52.1198249763682], [-106.676043450104, 52.1196207772736], [-106.676273673591, 52.1194129234655], [-106.676495273295, 52.1192015483817], [-106.676708108323, 52.1189867880514], [-106.676912043665, 52.1187687793183], [-106.677106945916, 52.1185476625993], [-106.677292690472, 52.1183235790839], [-106.677469160172, 52.1180966734511], [-106.677636240748, 52.1178670894382], [-106.677793826904, 52.1176349760485], [-106.677941814741, 52.1174004804651], [-106.678080112216, 52.1171637541967], [-106.67820863018, 52.1169249478096], [-106.678327286954, 52.1166842162577], [-106.678436005149, 52.1164417117343], [-106.678438132493, 52.1164367153153], [-106.678439101776, 52.1164012039774], [-106.678448332733, 52.1163130651268], [-106.678467246093, 52.1162255140491], [-106.678495759083, 52.1161389538481], [-106.678533736146, 52.1160537820826], [-106.678581005029, 52.1159703914369], [-106.678637347894, 52.1158891662508], [-106.678702504067, 52.1158104779848], [-106.678776176083, 52.1157346905294], [-106.678858023543, 52.1156621522003], [-106.678947670413, 52.1155931956348], [-106.679205547117, 52.1153047950563], [-106.679453658067, 52.1150131656072], [-106.679691897125, 52.1147184329479], [-106.680292126607, 52.1140130063446], [-106.680902108062, 52.1133107607917], [-106.682102041892, 52.1119407005765], [-106.682533067202, 52.1114462602083], [-106.682954082153, 52.1109485622099], [-106.683365042212, 52.1104476585782], [-106.683765865311, 52.1099436512987], [-106.684003412534, 52.1096330155657], [-106.684235044046, 52.109320689772], [-106.684460723657, 52.1090067185295], [-106.68468043497, 52.1086911290823], [-106.68489413498, 52.1083739787268], [-106.685101796227, 52.108055311049], [-106.685359622121, 52.1076479621933], [-106.685609949604, 52.1072388442682], [-106.685852744299, 52.1068280090668], [-106.686087976246, 52.1064155092171], [-106.686088133543, 52.1064152273237], [-106.686088330522, 52.1064148360626], [-106.686247075603, 52.1061060617167], [-106.686412673451, 52.1057986547445], [-106.686585089657, 52.1054926740553], [-106.686764292596, 52.1051881749209], [-106.686950250751, 52.1048852153081], [-106.68714292531, 52.1045838532872], [-106.687342283164, 52.1042841432493], [-106.687548285475, 52.1039861423642], [-106.687760893372, 52.103689906902], [-106.687766243629, 52.1036819831901], [-106.687908845578, 52.1034798792014], [-106.688061399912, 52.1032805503229], [-106.688223763132, 52.1030841820028], [-106.688395785844, 52.1028909579736], [-106.68857730536, 52.102701057661], [-106.68876815452, 52.1025146578559], [-106.688968152939, 52.1023319328403], [-106.689177117189, 52.102153053342], [-106.689394849053, 52.1019781849051], [-106.689621147342, 52.1018074913176], [-106.689855800489, 52.10164113202], [-106.690098590899, 52.1014792611441], [-106.690349290639, 52.1013220293735], [-106.690607667303, 52.1011695847587], [-106.690873478015, 52.1010220683078], [-106.691146476852, 52.1008796174764], [-106.691426408943, 52.1007423644547], [-106.691713013491, 52.1006104388216], [-106.692006022106, 52.1004839621736], [-106.692305163356, 52.1003630525563], [-106.692476271836, 52.1002820472877], [-106.69265323241, 52.1002059589475], [-106.692835671616, 52.10013494933], [-106.693023208159, 52.1000691659568], [-106.693215444428, 52.1000087493923], [-106.693411977865, 52.0999538249878], [-106.693637436009, 52.0999030992164], [-106.69385989565, 52.099847582127], [-106.694079092101, 52.0997873413819], [-106.694294757897, 52.0997224482817], [-106.694506633217, 52.0996529830108], [-106.696795029277, 52.0987857958142], [-106.696935681441, 52.0987258855008], [-106.697069513261, 52.0986603157853], [-106.69719592558, 52.0985893803572], [-106.697314350816, 52.0985133967303], [-106.697573994024, 52.0983402111532], [-106.697825619428, 52.0981625942404], [-106.698069029481, 52.0979806873625], [-106.698304031123, 52.0977946345228], [-106.69853043874, 52.0976045832138], [-106.698748072634, 52.097410682641], [-106.698751119873, 52.0974078845415], [-106.699338167647, 52.0968951345825], [-106.699927742086, 52.0963834888944], [-106.700197918739, 52.0961442383829], [-106.700461048181, 52.0959020271976], [-106.700717044376, 52.0956569330574], [-106.700965824348, 52.0954090372332], [-106.701809147385, 52.0944887151917], [-106.702659699686, 52.0935709412208], [-106.702765207829, 52.0934414054148], [-106.70287854319, 52.0933144027025], [-106.70299954464, 52.0931901116287], [-106.703128042234, 52.0930687090658], [-106.703263852626, 52.0929503648863], [-106.703498623979, 52.092717015883], [-106.703766178664, 52.0924977951506], [-106.704162784628, 52.0923323670619], [-106.704526157805, 52.0921530313791], [-106.704753975438, 52.092082567726], [-106.70489680393, 52.0919769163104], [-106.70501661969, 52.0919607062792], [-106.705121245685, 52.0919289802479], [-106.705478742139, 52.0917947754722], [-106.705871335949, 52.0916660861124], [-106.705983998277, 52.0916273193098], [-106.70599314799, 52.0916241746196], [-106.706259803051, 52.0915325996035], [-106.706652392268, 52.0914039076764], [-106.707040854719, 52.0912704186279], [-106.707433439343, 52.0911417241336], [-106.707806950614, 52.0909914546324], [-106.708186492585, 52.0908577313459], [-106.708598223964, 52.0907527635143], [-106.709005825314, 52.09064290863], [-106.709416687673, 52.0905382202674], [-106.709887734792, 52.0904117963412], [-106.710277903916, 52.090281418864], [-106.710668793335, 52.0901508497882], [-106.711059677012, 52.0900201895651], [-106.71148964617, 52.0898734046333], [-106.711870962243, 52.089733169477], [-106.712255130427, 52.0895950496662], [-106.712620771327, 52.0894382251095], [-106.713004938069, 52.0893001927587], [-106.713389098976, 52.0891620693056], [-106.71364187098, 52.0890540893263], [-106.713787456644, 52.0889945147785], [-106.714002935197, 52.0888961580242], [-106.714350173233, 52.0887241297434], [-106.714652453465, 52.0885217327724], [-106.714978561134, 52.0883355332069], [-106.715137189655, 52.0882393503461], [-106.715168667836, 52.0882182290703], [-106.715236377471, 52.0881728061496], [-106.715468275674, 52.0880955182792], [-106.715630127336, 52.0880415493252], [-106.715844396436, 52.0879651557504], [-106.716015033125, 52.0879043055119], [-106.716388529525, 52.0877550876432], [-106.716589306798, 52.0876581091099], [-106.716818556779, 52.0875804075283], [-106.716919859886, 52.0874854169491], [-106.71718590554, 52.0873814620134], [-106.717315396045, 52.0873477442062], [-106.717511807112, 52.08727780313], [-106.717620022168, 52.087146204446], [-106.71777423339, 52.0870298957194], [-106.71806797041, 52.086975889293], [-106.718066647489, 52.0877724482654], [-106.718175563031, 52.0877016109273], [-106.718382856545, 52.0875676678839], [-106.718392541893, 52.0875614122339], [-106.718455677005, 52.0875216470404], [-106.718520003251, 52.0874824938703], [-106.718585232315, 52.0874440468442], [-106.718651655967, 52.0874063017056], [-106.718718978985, 52.0873691728399], [-106.71878735416, 52.0873328378534], [-106.718856628702, 52.0872971191364], [-106.718926955404, 52.0872621942952], [-106.718998184928, 52.0872279755878], [-106.719070320731, 52.0871945528805], [-106.719143505243, 52.0871618341759], [-106.7192174467, 52.087129823728], [-106.719292294439, 52.0870986092751], [-106.719367902581, 52.0870681929438], [-106.719444417011, 52.0870385726041], [-106.719521691848, 52.0870097503828], [-106.719599727096, 52.0869817262784], [-106.719678522755, 52.0869545002892], [-106.719758082286, 52.0869281622816], [-106.719773362666, 52.0869231736435], [-106.722596292224, 52.0860131569899], [-106.722625274729, 52.0860039213812], [-106.722689467503, 52.085984190173], [-106.722754420768, 52.0859652570764], [-106.722781138376, 52.0859578529007], [-106.722819849691, 52.0859473060905], [-106.722885889772, 52.0859300654789], [-106.722930542854, 52.0859191710067], [-106.722952551396, 52.0859138048436], [-106.723019827645, 52.0858983444481], [-106.723087579566, 52.0858838661595], [-106.723155800239, 52.0858701902417], [-106.723224347251, 52.0858574086945], [-106.723293512363, 52.0858455172511], [-106.723363003821, 52.0858345201767], [-106.723432825093, 52.0858245073384], [-106.723502969256, 52.0858152990002], [-106.723573443241, 52.0858070748969], [-106.72364409771, 52.0857997472937], [-106.723715082008, 52.0857934039241], [-106.7237862468, 52.0857879570538], [-106.723857592089, 52.0857834066823], [-106.723929117879, 52.0857797528094], [-106.72400068176, 52.085777087436], [-106.72407242615, 52.0857753185606], [-106.724144062763, 52.0857745403186], [-106.724171501731, 52.0857744985658], [-106.72500372024, 52.0857747956214], [-106.724995936948, 52.0876760233106], [-106.725974497923, 52.087681694217], [-106.725982253054, 52.0857751416804], [-106.727607063666, 52.0857756953582], [-106.727597285729, 52.0881389709171], [-106.729842317305, 52.0881388425433], [-106.72982325875, 52.0929346044959], [-106.741266663659, 52.0929684106686], [-106.741179020192, 52.0962848129637], [-106.741179739061, 52.096319316571], [-106.741176807258, 52.0964603031648], [-106.741164446781, 52.0966010963455], [-106.741142680296, 52.0967414556928], [-106.741111543744, 52.0968811441852], [-106.741071090543, 52.0970199236416], [-106.741021387384, 52.0971575592794], [-106.740962521424, 52.0972938169106], [-106.74089459018, 52.0974284657895], [-106.740817710174, 52.0975612757866], [-106.740732012808, 52.0976920237446], [-106.740637639666, 52.097820485455], [-106.740534755967, 52.0979464435524], [-106.740423532945, 52.0980696850771], [-106.740304159458, 52.0981899995058], [-106.740176839244, 52.0983071832879], [-106.740041787896, 52.0984210371932], [-106.73989923585, 52.0985313680659], [-106.739749422517, 52.0986379880128], [-106.739592605107, 52.0987407160712], [-106.739429048448, 52.0988393792587], [-106.739259030649, 52.0989338079942], [-106.739082839004, 52.0990238433517], [-106.738900775615, 52.0991093315825], [-106.738713147321, 52.0991901278609], [-106.738520271498, 52.0992660952998], [-106.738322477519, 52.099337104929], [-106.738120102339, 52.0994030348616], [-106.737913487752, 52.0994637748303], [-106.737702984561, 52.0995192207316], [-106.737488951288, 52.0995692791403], [-106.737271749697, 52.0996138646782], [-106.73705175066, 52.0996529008273], [-106.736829326967, 52.0996863227334], [-106.736604856071, 52.0997140726693], [-106.736378718765, 52.0997361036519], [-106.736135401397, 52.0997525893332], [-106.735891365863, 52.0997643841666], [-106.735646851274, 52.0997714774336], [-106.735402095422, 52.0997738620339], [-106.729795857708, 52.0997619509498], [-106.729794297386, 52.1001668749723], [-106.734545335051, 52.1001805881264], [-106.741536232367, 52.1002004203402], [-106.741829871, 52.1002008470087], [-106.753619623809, 52.1001720564654], [-106.753618589354, 52.1004434454532], [-106.762284895228, 52.1004233507243], [-106.762623079097, 52.1004206614273], [-106.762961022177, 52.1004123485626], [-106.763298476415, 52.1003984194392], [-106.763635198204, 52.1003788831006], [-106.763970939812, 52.1003537549492], [-106.764305456498, 52.1003230521439], [-106.764638503769, 52.1002867981368], [-106.764969841621, 52.1002450190131], [-106.765299224357, 52.1001977445426], [-106.765626415254, 52.1001450097585], [-106.765631376823, 52.1001441648329], [-106.765709892307, 52.1001439687586], [-106.765708849555, 52.1003800204393], [-106.765707790091, 52.1007136051531], [-106.767000569001, 52.1001467464793], [-106.770464629829, 52.1001544696531], [-106.770756526315, 52.1001551201527], [-106.772216446376, 52.1001583552233], [-106.773384181538, 52.1001610231968], [-106.774631785431, 52.1001637359508], [-106.777418305311, 52.1001697646352], [-106.78314422432, 52.100181892214], [-106.786790365019, 52.1001894648618], [-106.788040283918, 52.1025532669108], [-106.788111686092, 52.1026883206882], [-106.789122904502, 52.1046011030357], [-106.78941739164, 52.1051580914727], [-106.789837322709, 52.1059520758284], [-106.789419538748, 52.1065320103841], [-106.78914077892, 52.1069189358627], [-106.789126451407, 52.1069185239031], [-106.789127298884, 52.1074248431402], [-106.783778089061, 52.1074676989917], [-106.783781483949, 52.1074173831111], [-106.783782660266, 52.1073992916682], [-106.777423836134, 52.1072378219454], [-106.777423932567, 52.1073063384194], [-106.765687261039, 52.1070029546575], [-106.754374494468, 52.106701122083], [-106.754378225629, 52.106632638742], [-106.75359443734, 52.1066116523818], [-106.752332985147, 52.1065779088853], [-106.741684412126, 52.1062920907386], [-106.741695552196, 52.1069110726913], [-106.741711564913, 52.1070730735591], [-106.74173899374, 52.1072344939101], [-106.741777706431, 52.1073951972175], [-106.741827692227, 52.1075547169547], [-106.741888854857, 52.1077127533051], [-106.741961082101, 52.1078690093824], [-106.742044235598, 52.1080231922804], [-106.742138162457, 52.1081750111032], [-106.742222337674, 52.1082963352855], [-106.74231336889, 52.1084157660024], [-106.742411146844, 52.1085331591859], [-106.743315183854, 52.1095067471828], [-106.743435420494, 52.1096356352039], [-106.74354764236, 52.1097672339914], [-106.743651691636, 52.1099013552756], [-106.7437474147, 52.110037806228], [-106.743834817095, 52.11017650586], [-106.743913629597, 52.1103171434594], [-106.743983737661, 52.1104595175225], [-106.744045042653, 52.110603422712], [-106.744097454725, 52.1107486544581], [-106.744140899943, 52.1108950043568], [-106.744175315938, 52.1110422611335], [-106.74419919133, 52.1111805912366], [-106.744215114118, 52.1113193537186], [-106.744223062896, 52.1114583762561], [-106.744223026407, 52.1115974845757], [-106.744220336922, 52.1147312517056], [-106.753557526551, 52.114696640836], [-106.753561208073, 52.1180766347002], [-106.741746644156, 52.1174764836006], [-106.741746369005, 52.1177458036914], [-106.72979918391, 52.1171412650446], [-106.724395280935, 52.1168661405459], [-106.718059798734, 52.1165428085165], [-106.718078673773, 52.1199032584056], [-106.71808889745, 52.1217274765945], [-106.71805044148, 52.1251293139175], [-106.718117575758, 52.1253367537586], [-106.718192650367, 52.1255431597782], [-106.718275621565, 52.1257484175048], [-106.718366444144, 52.1259524124869], [-106.718465067055, 52.1261550303566], [-106.718571434966, 52.1263561595046], [-106.71868548952, 52.1265556856668], [-106.718807168148, 52.1267534991353], [-106.71893640094, 52.1269494894083], [-106.719073116558, 52.1271435469035], [-106.719074750154, 52.1271457926034], [-106.719381247383, 52.1275900468923], [-106.719465965726, 52.1277334680492], [-106.719541515184, 52.1278788158307], [-106.719607781966, 52.1280258689181], [-106.719609657879, 52.1280303841925], [-106.719667994552, 52.1281839928068], [-106.719716205323, 52.1283389252145], [-106.719754210276, 52.1284949299247], [-106.719781948339, 52.1286517515724], [-106.719799374496, 52.1288091345558], [-106.719806458334, 52.1289668230574], [-106.719804489328, 52.1290974516412], [-106.719795421261, 52.1292279679748], [-106.719779267342, 52.1293582234994], [-106.708658613391, 52.1293135781926], [-106.705813951689, 52.1292926462375], [-106.694123282016, 52.1292807625679], [-106.694117303545, 52.1333715403829], [-106.692750200144, 52.1333723983893], [-106.692743446797, 52.1370801441377], [-106.691381260965, 52.1370852778017], [-106.691385298194, 52.1379825666206], [-106.69139133506, 52.1393235926624], [-106.69138973656, 52.1393362876079], [-106.691384868584, 52.139348662591], [-106.69137685508, 52.1393604020228], [-106.691365900936, 52.139371205338], [-106.691352287913, 52.1393807951462], [-106.69069052292, 52.1397895860396], [-106.690178471053, 52.1401058893114], [-106.690162451013, 52.140117456589], [-106.690149534797, 52.1401304099545], [-106.690140032135, 52.1401444383521], [-106.69013417422, 52.140159202179], [-106.690132101045, 52.140174346055], [-106.690131302614, 52.1417856782741], [-106.688061892139, 52.1417873644613], [-106.688061813036, 52.1401972243017], [-106.683119187523, 52.140199397361], [-106.682761513431, 52.1401543736766], [-106.6813663309, 52.1401558840357], [-106.681372512176, 52.1419244848206], [-106.681379326765, 52.1438730969443]]]}}, {"type": "Feature", "properties": {"district_id": "Ward 3"}, "geometry": {"type": "Polygon", "coordinates": [[[-106.726185888735, 52.1366302338006], [-106.725897196666, 52.135961804032], [-106.725683627502, 52.1360004214019], [-106.7227187204, 52.1360629088093], [-106.721340154893, 52.1359446266384], [-106.719306099866, 52.135869738002], [-106.718140791829, 52.1358690236421], [-106.717840939598, 52.1357627376451], [-106.717744532788, 52.135778798758], [-106.717247669883, 52.1362549423267], [-106.716583112869, 52.1361661885927], [-106.716739798271, 52.1359933168821], [-106.716887430505, 52.1358174539473], [-106.717025858699, 52.1356387782577], [-106.717154939498, 52.1354574735672], [-106.717274545654, 52.1352737242924], [-106.717384551525, 52.1350877184217], [-106.717386487951, 52.1350842697563], [-106.717645083026, 52.1345199574041], [-106.717997150315, 52.1337516372262], [-106.718893188501, 52.1317960843706], [-106.71909768825, 52.1312980133331], [-106.719308357637, 52.1308009174288], [-106.719525185894, 52.1303048255546], [-106.719777846293, 52.129367494047], [-106.719779267342, 52.1293582234994], [-106.719795421261, 52.1292279679748], [-106.719804489328, 52.1290974516412], [-106.719806458334, 52.1289668230574], [-106.719799374496, 52.1288091345558], [-106.719781948339, 52.1286517515724], [-106.719754210276, 52.1284949299247], [-106.719716205323, 52.1283389252145], [-106.719667994552, 52.1281839928068], [-106.719609657879, 52.1280303841925], [-106.719607781966, 52.1280258689181], [-106.719541515184, 52.1278788158307], [-106.719465965726, 52.1277334680492], [-106.719381247383, 52.1275900468923], [-106.719074750154, 52.1271457926034], [-106.719073116558, 52.1271435469035], [-106.71893640094, 52.1269494894083], [-106.718807168148, 52.1267534991353], [-106.71868548952, 52.1265556856668], [-106.718571434966, 52.1263561595046], [-106.718465067055, 52.1261550303566], [-106.718366444144, 52.1259524124869], [-106.718275621565, 52.1257484175048], [-106.718192650367, 52.1255431597782], [-106.718117575758, 52.1253367537586], [-106.71805044148, 52.1251293139175], [-106.71808889745, 52.1217274765945], [-106.718078673773, 52.1199032584056], [-106.718059798734, 52.1165428085165], [-106.724395280935, 52.1168661405459], [-106.72979918391, 52.1171412650446], [-106.741746369005, 52.1177458036914], [-106.741746644156, 52.1174764836006], [-106.753561208073, 52.1180766347002], [-106.753557526551, 52.114696640836], [-106.744220336922, 52.1147312517056], [-106.744223423728, 52.1115984219374], [-106.744222888555, 52.1114418249153], [-106.744212215955, 52.1112853644022], [-106.744191423118, 52.1111292910131], [-106.74416054461, 52.1109738515066], [-106.744119628128, 52.1108192924445], [-106.744068737495, 52.1106658619457], [-106.74400795668, 52.1105138006355], [-106.743937380009, 52.11036335258], [-106.743857122024, 52.1102147561491], [-106.743767307373, 52.1100682468636], [-106.743668081064, 52.1099240581427], [-106.743559601056, 52.1097824187163], [-106.743442038332, 52.1096435544224], [-106.743315581136, 52.1095076845482], [-106.742411544064, 52.1085340956561], [-106.742298005427, 52.1083967596037], [-106.742193732457, 52.1082566653846], [-106.742098902249, 52.1081140495877], [-106.742013674583, 52.1079691544511], [-106.741938193253, 52.1078222242458], [-106.741872586129, 52.1076735070726], [-106.741816965195, 52.1075232557609], [-106.741771421965, 52.107371722541], [-106.741736033564, 52.1072191652485], [-106.741710862482, 52.1070658410335], [-106.741695947926, 52.106912009186], [-106.741684432594, 52.1062920913354], [-106.752332985147, 52.1065779088853], [-106.75359443734, 52.1066116523818], [-106.754378225629, 52.106632638742], [-106.754374494468, 52.106701122083], [-106.765687261039, 52.1070029546575], [-106.777423932567, 52.1073063384194], [-106.777423836134, 52.1072378219454], [-106.783782660266, 52.1073992916682], [-106.783781483949, 52.1074173831111], [-106.783778089061, 52.1074676989917], [-106.789127298884, 52.1074248431402], [-106.789420986133, 52.1074252406639], [-106.789421159815, 52.1075645220648], [-106.789421219693, 52.1076119712433], [-106.789422641927, 52.1086117823522], [-106.789422943535, 52.1087834325047], [-106.791662740566, 52.1076950226802], [-106.801180856868, 52.108053067998], [-106.80118091623, 52.1146225234391], [-106.793862181491, 52.1146260246394], [-106.793638861654, 52.1146260239109], [-106.789431354351, 52.1146279254137], [-106.7894314671, 52.1146745015279], [-106.789431260657, 52.1148553309278], [-106.789431227444, 52.1149019092561], [-106.789425072346, 52.1198826807828], [-106.789424690196, 52.1201575674625], [-106.789422118576, 52.1220879766987], [-106.8011789083, 52.1220863434885], [-106.812934062314, 52.1220835624467], [-106.813227826448, 52.1220834504367], [-106.824970010975, 52.1220953140822], [-106.824970032163, 52.1222109584652], [-106.824971307675, 52.1289055689695], [-106.82497145384, 52.1293345693714], [-106.824971202181, 52.1294535358537], [-106.824957417072, 52.1365590398047], [-106.824943696816, 52.1437834973055], [-106.824943783049, 52.1439643222971], [-106.824947448149, 52.1512093635966], [-106.813191803157, 52.1512095273294], [-106.812897850943, 52.1512097308959], [-106.801148474472, 52.1512162401584], [-106.789396582822, 52.1512216163768], [-106.789102618179, 52.1512214910342], [-106.777346520764, 52.1512162882553], [-106.771469120673, 52.1512132554202], [-106.765675621266, 52.1512099860731], [-106.765456422867, 52.151209845761], [-106.757078431087, 52.1512097525274], [-106.757039910309, 52.1512099947048], [-106.756796048621, 52.151207901183], [-106.75655253976, 52.1511995454288], [-106.756309812753, 52.1511849435345], [-106.75606828672, 52.1511641198358], [-106.755828385691, 52.1511371120865], [-106.755590526709, 52.1511039662405], [-106.75535512581, 52.151064739959], [-106.75512259218, 52.1510195026977], [-106.754893330972, 52.150968332967], [-106.754667744801, 52.150911319209], [-106.754446223584, 52.1508485617466], [-106.754229156126, 52.1507801699136], [-106.754016919925, 52.1507062631051], [-106.753809885482, 52.1506269689152], [-106.753608413561, 52.1505424276728], [-106.753412856362, 52.1504527852312], [-106.753223553352, 52.1503581984244], [-106.75304083554, 52.1502588323059], [-106.752865022592, 52.1501548610905], [-106.752696418272, 52.150046463726], [-106.752535319522, 52.1499338318502], [-106.752382004389, 52.1498171600798], [-106.752236742499, 52.1496966521479], [-106.752099787682, 52.1495725192156], [-106.751971374941, 52.1494449772191], [-106.751851732179, 52.1493142475939], [-106.751741065697, 52.1491805601885], [-106.751639568706, 52.1490441468425], [-106.751547420017, 52.1489052450031], [-106.751464776766, 52.1487640987322], [-106.749800829467, 52.1463000000022], [-106.74971361947, 52.146152823857], [-106.749616071481, 52.1460081245146], [-106.749508373147, 52.1458661752129], [-106.749390726641, 52.1457272471744], [-106.749263357182, 52.1455916031849], [-106.749126505871, 52.1454595012976], [-106.748980431009, 52.1453311912165], [-106.748825412623, 52.1452069178266], [-106.748661744909, 52.1450869150119], [-106.748489736522, 52.1449714128451], [-106.748309714598, 52.1448606285361], [-106.748122020659, 52.1447547736868], [-106.747927011824, 52.1446540479794], [-106.747725058066, 52.1445586437127], [-106.747516542033, 52.1444687413096], [-106.747301860583, 52.1443845110933], [-106.747081418977, 52.1443061142722], [-106.746855638001, 52.1442336983393], [-106.746624945352, 52.1441674007965], [-106.746389778481, 52.1441073473149], [-106.746150583212, 52.1440536535531], [-106.745907813489, 52.1440064188679], [-106.745661931732, 52.1439657353001], [-106.745413404069, 52.1439316777549], [-106.74516269923, 52.1439043130104], [-106.744910296989, 52.1438836914994], [-106.744656673778, 52.1438698529183], [-106.744402312799, 52.1438628233798], [-106.744346533098, 52.1438621937008], [-106.742317252232, 52.1438582659152], [-106.725903323436, 52.1438757446501], [-106.72593632472, 52.1428937373123], [-106.726407031807, 52.140427569732], [-106.726185888735, 52.1366302338006]]]}}, {"type": "Feature", "properties": {"district_id": "Ward 4"}, "geometry": {"type": "Polygon", "coordinates": [[[-106.717712822164, 52.1589755604849], [-106.715305168503, 52.1589758065868], [-106.715156949031, 52.1589749159615], [-106.715008787479, 52.1589722232682], [-106.71500513116, 52.1589721127912], [-106.714712861014, 52.1589615228516], [-106.714565213005, 52.1589534747655], [-106.714417852843, 52.1589436329602], [-106.714414213137, 52.1589433459859], [-106.714124207657, 52.1589186703245], [-106.711838360083, 52.1586959699888], [-106.711838268695, 52.15855037762], [-106.709437487525, 52.1583184273101], [-106.709185332616, 52.1582994841651], [-106.708932254459, 52.15828597316], [-106.708678563521, 52.1582779104708], [-106.708424569991, 52.1582753050871], [-106.705304741503, 52.1582768025888], [-106.705306292324, 52.156648218822], [-106.704729475864, 52.1565046796641], [-106.704315313192, 52.1561149852615], [-106.704246710943, 52.1557748594512], [-106.704230014182, 52.1557441540092], [-106.702197544021, 52.155003973949], [-106.700326077888, 52.1543254029517], [-106.699972769174, 52.1541972909137], [-106.698135736158, 52.1532575485391], [-106.697529304617, 52.1529473100091], [-106.695816547084, 52.1529484151566], [-106.694695681727, 52.1516639418201], [-106.694707261405, 52.1511875383283], [-106.69303316808, 52.1511869957292], [-106.693034851456, 52.1481474221069], [-106.693034969429, 52.1479381323322], [-106.693009559545, 52.1477222773647], [-106.701704494432, 52.1438754869059], [-106.704603948976, 52.142351879158], [-106.705429413228, 52.1419180811288], [-106.70597852277, 52.1416656142237], [-106.705974052719, 52.1401959709069], [-106.691561639683, 52.1401950159661], [-106.691399862339, 52.1402102937668], [-106.691312088892, 52.1401692135589], [-106.69069052292, 52.1397895860396], [-106.691352287913, 52.1393807951462], [-106.691365900936, 52.139371205338], [-106.69137685508, 52.1393604020228], [-106.691384868584, 52.139348662591], [-106.69138973656, 52.1393362876079], [-106.69139133506, 52.1393235926624], [-106.691385298194, 52.1379825666206], [-106.691381260965, 52.1370852778017], [-106.692743446797, 52.1370801441377], [-106.692750200144, 52.1333723983893], [-106.694117303545, 52.1333715403829], [-106.694123282016, 52.1292807625679], [-106.705813951689, 52.1292926462375], [-106.708658613391, 52.1293135781926], [-106.719779267342, 52.1293582234994], [-106.719777846293, 52.129367494047], [-106.719525185894, 52.1303048255546], [-106.719308357637, 52.1308009174288], [-106.71909768825, 52.1312980133331], [-106.718893188501, 52.1317960843706], [-106.717997150315, 52.1337516372262], [-106.717645083026, 52.1345199574041], [-106.717386487951, 52.1350842697563], [-106.717384551525, 52.1350877184217], [-106.717274545654, 52.1352737242924], [-106.717154939498, 52.1354574735672], [-106.717025858699, 52.1356387782577], [-106.716887430505, 52.1358174539473], [-106.716739798271, 52.1359933168821], [-106.716583112869, 52.1361661885927], [-106.717247669883, 52.1362549423267], [-106.717744532788, 52.135778798758], [-106.717840939598, 52.1357627376451], [-106.718140791829, 52.1358690236421], [-106.719306099866, 52.135869738002], [-106.721340154893, 52.1359446266384], [-106.7227187204, 52.1360629088093], [-106.725683627502, 52.1360004214019], [-106.725897196666, 52.135961804032], [-106.726185888735, 52.1366302338006], [-106.726407031807, 52.140427569732], [-106.72593632472, 52.1428937373123], [-106.725903323436, 52.1438757446501], [-106.742317252232, 52.1438582659152], [-106.744346533098, 52.1438621937008], [-106.744402312799, 52.1438628233798], [-106.744656673778, 52.1438698529183], [-106.744910296989, 52.1438836914994], [-106.74516269923, 52.1439043130104], [-106.745413404069, 52.1439316777549], [-106.745661931732, 52.1439657353001], [-106.745907813489, 52.1440064188679], [-106.746150583212, 52.1440536535531], [-106.746389778481, 52.1441073473149], [-106.746624945352, 52.1441674007965], [-106.746855638001, 52.1442336983393], [-106.747081418977, 52.1443061142722], [-106.747301860583, 52.1443845110933], [-106.747516542033, 52.1444687413096], [-106.747725058066, 52.1445586437127], [-106.747927011824, 52.1446540479794], [-106.748122020659, 52.1447547736868], [-106.748309714598, 52.1448606285361], [-106.748489736522, 52.1449714128451], [-106.748661744909, 52.1450869150119], [-106.748825412623, 52.1452069178266], [-106.748980431009, 52.1453311912165], [-106.749126505871, 52.1454595012976], [-106.749263357182, 52.1455916031849], [-106.749390726641, 52.1457272471744], [-106.749508373147, 52.1458661752129], [-106.749616071481, 52.1460081245146], [-106.74971361947, 52.146152823857], [-106.749800829467, 52.1463000000022], [-106.751464776766, 52.1487640987322], [-106.751547420017, 52.1489052450031], [-106.751639568706, 52.1490441468425], [-106.751741065697, 52.1491805601885], [-106.751851732179, 52.1493142475939], [-106.751971374941, 52.1494449772191], [-106.752099787682, 52.1495725192156], [-106.752236742499, 52.1496966521479], [-106.752382004389, 52.1498171600798], [-106.752535319522, 52.1499338318502], [-106.752696418272, 52.150046463726], [-106.752865022592, 52.1501548610905], [-106.75304083554, 52.1502588323059], [-106.753223553352, 52.1503581984244], [-106.753412856362, 52.1504527852312], [-106.753608413561, 52.1505424276728], [-106.753809885482, 52.1506269689152], [-106.754016919925, 52.1507062631051], [-106.754229156126, 52.1507801699136], [-106.754446223584, 52.1508485617466], [-106.754667744801, 52.150911319209], [-106.754893330972, 52.150968332967], [-106.75512259218, 52.1510195026977], [-106.75535512581, 52.151064739959], [-106.755590526709, 52.1511039662405], [-106.755828385691, 52.1511371120865], [-106.75606828672, 52.1511641198358], [-106.756309812753, 52.1511849435345], [-106.75655253976, 52.1511995454288], [-106.756796048621, 52.151207901183], [-106.757039910309, 52.1512099947048], [-106.757078431087, 52.1512097525274], [-106.765456422867, 52.151209845761], [-106.765675621266, 52.1512099860731], [-106.765671847509, 52.1548306803235], [-106.765668083016, 52.1584514443412], [-106.765588694136, 52.1584513741119], [-106.765294676946, 52.1584510999816], [-106.765229617756, 52.1584510847577], [-106.762357572649, 52.158448272503], [-106.759420474071, 52.1584455515961], [-106.758576432233, 52.158444653553], [-106.75430227377, 52.1584400659934], [-106.753853419529, 52.1584394589725], [-106.753546244525, 52.1584391713901], [-106.753546246203, 52.1584857036951], [-106.753518549722, 52.1584885163253], [-106.753387877504, 52.1585026610736], [-106.75325762629, 52.1585182201146], [-106.753127854159, 52.1585351835944], [-106.752998576064, 52.158553560284], [-106.752926983543, 52.1585643805323], [-106.751077643162, 52.1588498285399], [-106.751007967809, 52.1588603493969], [-106.750878716717, 52.1588787143574], [-106.750748942926, 52.1588956842223], [-106.750618718448, 52.1589112309457], [-106.750488058611, 52.1589253722822], [-106.750357021167, 52.1589380893896], [-106.750225635353, 52.158949381833], [-106.750093945014, 52.1589592489605], [-106.749961993646, 52.158967681134], [-106.749829810484, 52.158974677919], [-106.749697454339, 52.1589802474339], [-106.749564968353, 52.1589843710546], [-106.749432367504, 52.1589870575504], [-106.749299724862, 52.1589883058371], [-106.749246687012, 52.1589884001964], [-106.741797948981, 52.1589835218692], [-106.741504098289, 52.1589834556747], [-106.735629720833, 52.1589818132782], [-106.731598843217, 52.1589805175461], [-106.729755322355, 52.1589798784618], [-106.718006812646, 52.1589754861292], [-106.717712822164, 52.1589755604849]]]}}, {"type": "Feature", "properties": {"district_id": "Ward 5"}, "geometry": {"type": "MultiPolygon", "coordinates": [[[[-106.672050393091, 52.227487467732], [-106.672044275142, 52.2238957295637], [-106.672040897843, 52.2218962591024], [-106.672040896341, 52.2218953617649], [-106.67204590792, 52.2215511689255], [-106.67206192791, 52.221207102412], [-106.672088950843, 52.2208632962704], [-106.672126965297, 52.2205198819305], [-106.672175956995, 52.220176992658], [-106.672235907201, 52.2198347599803], [-106.672306791397, 52.2194933173023], [-106.672388582074, 52.2191527962698], [-106.672481247269, 52.2188133267907], [-106.673102719723, 52.2166663011008], [-106.672805420925, 52.216666344201], [-106.673296509828, 52.2149710317947], [-106.673321609724, 52.2148832776585], [-106.673357166164, 52.2147543736042], [-106.673391255989, 52.2146254004195], [-106.673423872457, 52.2144961783697], [-106.673455022337, 52.2143668871919], [-106.67348455596, 52.2142374390941], [-106.673512623021, 52.2141079218703], [-106.673539220153, 52.2139782456535], [-106.673564201069, 52.2138484125197], [-106.673587715462, 52.2137185102625], [-106.673609763343, 52.2135885388828], [-106.673630341348, 52.2134584085134], [-106.673649306568, 52.2133282110979], [-106.673666805317, 52.2131979445619], [-106.673682691308, 52.2130676109811], [-106.673691261404, 52.2129918701802], [-106.673697110853, 52.2129372082808], [-106.673710067345, 52.2128068263293], [-106.673721407742, 52.2126762874665], [-106.673731281732, 52.2125456794853], [-106.673739692709, 52.2124150922538], [-106.673746491009, 52.2122844379798], [-106.673751826321, 52.2121538044559], [-106.67375569528, 52.2120231018144], [-106.673757954982, 52.2118924219984], [-106.673758605442, 52.211761765008], [-106.673757935882, 52.2116310368245], [-106.673755657107, 52.2115003314663], [-106.673751769129, 52.2113696489333], [-106.673746418256, 52.2112389871498], [-106.673739604502, 52.2111083461156], [-106.673731181586, 52.2109777279055], [-106.673721299192, 52.2108472203119], [-106.673709950578, 52.2107166435983], [-106.673696996221, 52.2105861795752], [-106.673682436135, 52.2104558282422], [-106.673666559537, 52.2103254955801], [-106.673649073858, 52.2101951857387], [-106.673626404554, 52.2100405921046], [-106.673530167386, 52.2094342956366], [-106.672955131952, 52.2057925834738], [-106.672916494228, 52.2055471213014], [-106.672897492847, 52.2054269932688], [-106.672780866659, 52.2054936561183], [-106.672780389291, 52.2047250612957], [-106.672779821066, 52.2045969391061], [-106.672777871159, 52.2044242381853], [-106.672774308939, 52.2042514702039], [-106.672769287446, 52.204078812824], [-106.672762799945, 52.203906086309], [-106.672754706935, 52.2037334724686], [-106.672745001686, 52.2035607915661], [-106.672739781174, 52.2034763445645], [-106.67273514123, 52.2034073548787], [-106.672722660468, 52.2032348032341], [-106.67270871716, 52.20306227232], [-106.672693165056, 52.2028897642095], [-106.672676153815, 52.2027173666963], [-106.672657533815, 52.202544991985], [-106.672637454713, 52.2023727278694], [-106.672621285311, 52.202242219255], [-106.672326107063, 52.2022419978448], [-106.671731512265, 52.2022417027799], [-106.671731570759, 52.2021964742108], [-106.671731798431, 52.2020161714494], [-106.671243711946, 52.2020161558162], [-106.67039392733, 52.2020162029393], [-106.670099108795, 52.2020162046522], [-106.670098952379, 52.202242255608], [-106.670097322647, 52.2034770837251], [-106.670096588938, 52.2056937916007], [-106.669974612329, 52.2071907297644], [-106.669973973859, 52.2071984868541], [-106.669953550132, 52.2073993755948], [-106.669925614054, 52.2075999237711], [-106.669890181958, 52.2078000232469], [-106.66984727035, 52.2079995703782], [-106.669796904375, 52.2081984578004], [-106.669739109317, 52.2083965817424], [-106.669673914817, 52.208593837471], [-106.669601356332, 52.2087901192702], [-106.669521470958, 52.2089853258952], [-106.669434302933, 52.2091793515032], [-106.669339896706, 52.2093720956422], [-106.669238301011, 52.209563455101], [-106.66912957197, 52.2097533283608], [-106.669013765841, 52.2099416174967], [-106.668890943109, 52.2101282200272], [-106.668761168883, 52.2103130396984], [-106.668624512566, 52.2104959774972], [-106.668481046558, 52.2106769361659], [-106.66833084486, 52.2108558220197], [-106.668173987228, 52.2110325385943], [-106.66801055798, 52.2112069938561], [-106.667840641372, 52.2113790939733], [-106.667664329146, 52.2115487495036], [-106.66748171305, 52.2117158710041], [-106.667292890655, 52.2118803680502], [-106.66709795974, 52.2120421556088], [-106.666897025334, 52.2122011467459], [-106.666690194105, 52.2123572589998], [-106.666477572658, 52.2125104081115], [-106.666259275087, 52.2126605142118], [-106.666035416986, 52.2128074983095], [-106.665806115421, 52.2129512813928], [-106.665571493447, 52.2130917879622], [-106.665331672729, 52.2132289443364], [-106.665086782287, 52.2133626776297], [-106.664994480309, 52.2134091969935], [-106.658805924456, 52.2166489800827], [-106.658388781598, 52.2166500943348], [-106.658388757068, 52.2168694888147], [-106.652941294324, 52.219718741393], [-106.646658388734, 52.2230049680931], [-106.646366942843, 52.2214786743293], [-106.646221565675, 52.2214787244378], [-106.646218101035, 52.221626231372], [-106.646203218614, 52.2217734704922], [-106.646176951363, 52.2219201086468], [-106.646136980707, 52.2220674288957], [-106.646085790383, 52.2222134346223], [-106.64602349423, 52.2223578023263], [-106.645950226779, 52.2225002136109], [-106.645866150604, 52.2226403559796], [-106.645771453228, 52.2227779183838], [-106.645666341539, 52.2229125984939], [-106.645551046013, 52.2230440981455], [-106.645425823842, 52.2231721286903], [-106.645290949955, 52.2232964057273], [-106.645146721674, 52.2234166562313], [-106.644993457119, 52.2235326149786], [-106.644856619381, 52.223627506656], [-106.644713137947, 52.2237186226101], [-106.64456328893, 52.2238057881294], [-106.644407360358, 52.2238888337319], [-106.636872032224, 52.2277990063483], [-106.634581468528, 52.2289019161209], [-106.634598903631, 52.2238995107417], [-106.623464766505, 52.2239079589453], [-106.622914607682, 52.2239083513803], [-106.622840964588, 52.223908402085], [-106.622546493978, 52.2239085850615], [-106.622254521585, 52.2239078158244], [-106.616674980607, 52.2238930527582], [-106.610803464987, 52.223877228262], [-106.610803745216, 52.2274766556883], [-106.610804023947, 52.2309593715633], [-106.610803992271, 52.2310313039142], [-106.606430206027, 52.2310251051858], [-106.599091542078, 52.231014178738], [-106.599045637423, 52.2238446333613], [-106.599035668295, 52.2195775871026], [-106.599660975665, 52.219195964807], [-106.605295127012, 52.2192114338687], [-106.605305824743, 52.217750349176], [-106.606340293367, 52.216884146307], [-106.610803103565, 52.2168969481944], [-106.620018264549, 52.2169229170381], [-106.62250262392, 52.2169297924421], [-106.622576409324, 52.2169299467335], [-106.622944378405, 52.216930541852], [-106.622945335684, 52.2167058395119], [-106.622871710075, 52.2167060429165], [-106.622503652983, 52.2167049902239], [-106.610803024447, 52.2166722514426], [-106.604872256639, 52.2166551474437], [-106.600835062715, 52.2166434511221], [-106.59926275615, 52.2166387863363], [-106.599028746085, 52.2166380914019], [-106.6015161109, 52.2152777517055], [-106.602207185753, 52.2146921044893], [-106.603082472693, 52.2139502856582], [-106.604074497781, 52.2127888579292], [-106.604371385971, 52.2124812681107], [-106.607294293392, 52.2094516299847], [-106.608780335387, 52.2094552136273], [-106.609151774262, 52.2091663581497], [-106.609234116225, 52.2091023214651], [-106.609489859577, 52.2089210258267], [-106.610054139263, 52.2081874236234], [-106.610127052496, 52.2080926200852], [-106.610224135618, 52.2079664209364], [-106.610441700614, 52.2074800403133], [-106.610495784842, 52.2073207365809], [-106.610681155956, 52.2067747494765], [-106.610800416012, 52.2064509280511], [-106.610826995348, 52.2063801615356], [-106.610849928277, 52.2062741350794], [-106.610881236751, 52.206129384655], [-106.611089745971, 52.2056431262496], [-106.611368347749, 52.2053448311139], [-106.611645754856, 52.2050132200129], [-106.612102733366, 52.2046458051498], [-106.61215259715, 52.204603439084], [-106.612281047545, 52.2044943159929], [-106.612322079482, 52.2044594435962], [-106.612666572826, 52.2042324827286], [-106.61406417053, 52.2033687966068], [-106.614399405416, 52.2031363914471], [-106.614999750366, 52.2027336715614], [-106.615374744292, 52.2026007411351], [-106.615819120481, 52.2022589749844], [-106.61570293194, 52.202258722936], [-106.615704450426, 52.2022578209704], [-106.615909629418, 52.2021532267502], [-106.61605589784, 52.2020786616106], [-106.615957652192, 52.2020784427765], [-106.616074077307, 52.2019561636628], [-106.616126406893, 52.2019000679755], [-106.616352500691, 52.2016577148531], [-106.616666769813, 52.2014523131363], [-106.616783743127, 52.201375873632], [-106.617166955236, 52.201029212775], [-106.617330747753, 52.2007966312581], [-106.617536105312, 52.2005050256275], [-106.617703404312, 52.2000818107764], [-106.617910031156, 52.1992745670479], [-106.617969777439, 52.1991565159571], [-106.618336833185, 52.1991569663358], [-106.618499998282, 52.1991571647376], [-106.618525381989, 52.198869087112], [-106.618513829529, 52.1985914068949], [-106.618473074828, 52.1983315708793], [-106.618409499805, 52.1980598193947], [-106.618341557606, 52.1977886672682], [-106.61828672342, 52.1975158067293], [-106.618148094746, 52.197264416404], [-106.617986766801, 52.1970366253324], [-106.617771719471, 52.1967961732961], [-106.617536548243, 52.1965615715481], [-106.617347617812, 52.1963350572147], [-106.617209281342, 52.1961801410716], [-106.616991733388, 52.1959390924969], [-106.61694285781, 52.1958663913762], [-106.616734060984, 52.1956204568679], [-106.61654631871, 52.1953700074652], [-106.616430164906, 52.1951044601759], [-106.616299365499, 52.1948642987461], [-106.614727989577, 52.1948601821848], [-106.61464249971, 52.1947809984358], [-106.614568278504, 52.194699974489], [-106.614503600088, 52.1946159183276], [-106.614448792882, 52.1945292534703], [-106.614404130181, 52.194440416776], [-106.614369838867, 52.194349856527], [-106.614346091967, 52.1942580289329], [-106.61433300716, 52.1941653972523], [-106.614330652529, 52.1940724290162], [-106.614339039124, 52.1939795925332], [-106.61435812382, 52.1938873550521], [-106.614387812244, 52.1937961827217], [-106.614427952733, 52.193706535279], [-106.61447834355, 52.1936188632527], [-106.614534472865, 52.1934547294763], [-106.61457948962, 52.1932893073102], [-106.614613316452, 52.1931228810604], [-106.614635893583, 52.1929557356881], [-106.614647184764, 52.1927881594261], [-106.614647168374, 52.1926204403038], [-106.614635844659, 52.1924528642496], [-106.61461328509, 52.1922835240746], [-106.614579369039, 52.192114901293], [-106.614534153815, 52.1919472819419], [-106.61447771723, 52.1917809526735], [-106.614410156037, 52.1916161980799], [-106.614331585796, 52.1914532970977], [-106.61424213961, 52.1912925284205], [-106.614184585532, 52.1911126226699], [-106.614116365032, 52.1909341315409], [-106.614037567318, 52.1907572929708], [-106.613948297676, 52.1905823446737], [-106.613848675846, 52.190409519668], [-106.613738836118, 52.1902390489724], [-106.613618924443, 52.1900711625447], [-106.613489102618, 52.1899060838299], [-106.613349544064, 52.1897440343137], [-106.613200435162, 52.1895852299082], [-106.613041976802, 52.1894298836281], [-106.612874379911, 52.1892782029548], [-106.612697868463, 52.1891303924927], [-106.612512679258, 52.1889866476787], [-106.612354209365, 52.1888575415847], [-106.61218743412, 52.1887324493201], [-106.612012621302, 52.1886115739968], [-106.611830053007, 52.1884951104382], [-106.611640024221, 52.1883832460983], [-106.611442841388, 52.1882761619814], [-106.611238822316, 52.1881740299452], [-106.611030807113, 52.1880783226474], [-106.610816718087, 52.1879878186121], [-106.610596895468, 52.18790266332], [-106.610371696699, 52.1878229930267], [-106.610141481877, 52.1877489367604], [-106.609906620936, 52.1876806126272], [-106.609667492318, 52.1876181314263], [-106.609645124888, 52.1876126397814], [-106.609245106981, 52.1873824414502], [-106.608840802941, 52.1871550903097], [-106.608432269421, 52.1869306161148], [-106.608019557221, 52.1867090487005], [-106.607602724445, 52.1864904178026], [-106.607181823315, 52.1862747523383], [-106.606756910404, 52.1860620802664], [-106.606328043741, 52.1858524295266], [-106.605895279954, 52.1856458298761], [-106.605458674046, 52.1854423065991], [-106.605018286959, 52.1852418875967], [-106.604574175213, 52.1850445999317], [-106.604573643072, 52.1850443652974], [-106.604457537959, 52.1849779684437], [-106.604322582172, 52.1848922406647], [-106.604195907391, 52.1848018638822], [-106.604077937049, 52.184707141674], [-106.603969062818, 52.1846083897385], [-106.603869649035, 52.1845059367332], [-106.603780029835, 52.1844001261119], [-106.603700501656, 52.1842913108307], [-106.603631330541, 52.1841798532488], [-106.603572746365, 52.1840661270051], [-106.603524946954, 52.183950509768], [-106.603488091011, 52.1838333896262], [-106.603462300678, 52.1837151551621], [-106.603447661834, 52.1835962035408], [-106.603444223739, 52.1834769306237], [-106.60346390261, 52.1831025733201], [-106.6034895776, 52.1827283529762], [-106.603521245498, 52.1823543064963], [-106.603569468109, 52.1817933118858], [-106.603624162889, 52.1812325412188], [-106.603685326241, 52.180672023307], [-106.603752956033, 52.1801117869409], [-106.603827050068, 52.1795518591128], [-106.603907600335, 52.1789922677921], [-106.603909597013, 52.1789807278543], [-106.603934213753, 52.1788672883446], [-106.603967726493, 52.1787547142333], [-106.604010056831, 52.1786432673336], [-106.604061102944, 52.1785332088765], [-106.60412074976, 52.1784247975739], [-106.604188852746, 52.1783182862426], [-106.604265257043, 52.1782139251408], [-106.604349781194, 52.1781119567949], [-106.604512300392, 52.1779635191997], [-106.604665277837, 52.1778112980517], [-106.604808479105, 52.1776555240642], [-106.604941689011, 52.1774964339811], [-106.605166350426, 52.1772479846841], [-106.60539938286, 52.1770024673439], [-106.605640684753, 52.1767599884947], [-106.605801078447, 52.1765528747695], [-106.605953486894, 52.1763434948605], [-106.606097826619, 52.1761319650275], [-106.606234017108, 52.1759184023881], [-106.606361983799, 52.1757029266748], [-106.606481655023, 52.1754856566804], [-106.606592963568, 52.1752667129337], [-106.606695848105, 52.1750462167814], [-106.606790254716, 52.1748242921648], [-106.606876126496, 52.1746010612661], [-106.606953416844, 52.1743766479238], [-106.607022086533, 52.1741511776726], [-106.607082093352, 52.1739247742876], [-106.607133405454, 52.1736975649977], [-106.607175996775, 52.1734696751529], [-106.607209839859, 52.1732412319183], [-106.607234918909, 52.1730123613994], [-106.607251218197, 52.1727831914971], [-106.607258730699, 52.1725538481934], [-106.607257452413, 52.1723244601245], [-106.607257366436, 52.1723210606848], [-106.607257406446, 52.1723204666961], [-106.60727877886, 52.1720663551541], [-106.607308792611, 52.1718125745192], [-106.607347435457, 52.1715592355471], [-106.607394690775, 52.1713064490515], [-106.607421795424, 52.1712093960063], [-106.607459342303, 52.1711136680649], [-106.607507163737, 52.1710196865095], [-106.607565048113, 52.1709278705213], [-106.607631631778, 52.1708646882781], [-106.607704194336, 52.1708040464416], [-106.607782483219, 52.1707461597457], [-106.607908175224, 52.170630383742], [-106.608025156989, 52.1705112070482], [-106.608133187437, 52.170388877548], [-106.6082320418, 52.1702636491957], [-106.608321513056, 52.1701357810973], [-106.608401416371, 52.1700055392479], [-106.608669628058, 52.1695867440503], [-106.608948597136, 52.169170615805], [-106.609072964403, 52.1690188974535], [-106.609187339451, 52.1688642356773], [-106.609291539751, 52.168706878466], [-106.609385399086, 52.1685470798793], [-106.609468763036, 52.1683850965109], [-106.609541502133, 52.1682211873094], [-106.609603494482, 52.1680556183108], [-106.609654645898, 52.167888653372], [-106.609970815502, 52.1668275973038], [-106.610287675317, 52.1657666197226], [-106.61054418807, 52.1649358206185], [-106.610544880663, 52.1649335803491], [-106.610620170932, 52.1647090637037], [-106.610706689736, 52.1644860822708], [-106.610804356889, 52.1642648493215], [-106.610913076005, 52.1640455747488], [-106.611032746287, 52.163828467604], [-106.611084947698, 52.1637459760667], [-106.611144801949, 52.1636654741012], [-106.611212112586, 52.1635872314295], [-106.611286653549, 52.1635115073875], [-106.611632429891, 52.163181611168], [-106.611791150118, 52.1630363572392], [-106.611959095714, 52.1628950816578], [-106.612136002679, 52.1627580055893], [-106.612321593611, 52.1626253431892], [-106.612515579202, 52.162497302481], [-106.613336416309, 52.1619623669615], [-106.614227152942, 52.1614854168457], [-106.614561206662, 52.161310200787], [-106.614901007721, 52.1611392165337], [-106.61492108678, 52.1611265556716], [-106.615083206618, 52.1610286444045], [-106.615251300022, 52.160934619086], [-106.615425119137, 52.160844619758], [-106.615604411371, 52.160758776637], [-106.615788913749, 52.1606772155871], [-106.615978354309, 52.160600056302], [-106.616172457942, 52.1605274122258], [-106.616370937597, 52.1604593897741], [-106.616573505935, 52.1603960872757], [-106.61677986231, 52.1603375987472], [-106.616989707248, 52.1602840100988], [-106.61720273365, 52.1602353983554], [-106.617418626953, 52.1601918361503], [-106.617637073731, 52.1601533871118], [-106.617857751505, 52.1601201069021], [-106.618080338997, 52.1600920439759], [-106.618304508861, 52.1600692405793], [-106.618529933428, 52.1600517299739], [-106.618756283242, 52.1600395364565], [-106.618983224303, 52.1600326798929], [-106.619210426571, 52.1600311684082], [-106.619220173934, 52.1600306074792], [-106.619536342673, 52.1600153620383], [-106.619853099444, 52.1600058074469], [-106.62017017559, 52.1600019500891], [-106.620487299499, 52.1600037954934], [-106.620804200693, 52.160011340184], [-106.621120607135, 52.160024578012], [-106.621436249547, 52.1600434982976], [-106.621750858454, 52.1600680849715], [-106.622064164149, 52.1600983156766], [-106.622375899781, 52.1601341662207], [-106.622685799697, 52.1601756052046], [-106.622993596648, 52.1602225976573], [-106.623155346995, 52.1602557724285], [-106.623320024606, 52.1602829623377], [-106.623487042602, 52.160304072048], [-106.623655809007, 52.1603190269762], [-106.623825722333, 52.160327772455], [-106.627296198446, 52.1604941776018], [-106.627539488979, 52.1605027027976], [-106.627783145151, 52.1605049786726], [-106.628026744152, 52.1605010002708], [-106.628269860675, 52.1604907743629], [-106.628512071301, 52.1604743193865], [-106.628752955932, 52.1604516645265], [-106.628992093337, 52.1604228479784], [-106.629229067132, 52.1603879204625], [-106.629463465717, 52.1603469434262], [-106.629694879285, 52.1602999872867], [-106.629922905767, 52.1602471340465], [-106.63014714788, 52.1601884764347], [-106.630161157998, 52.1601845836318], [-106.63030405874, 52.1601416533077], [-106.630442712793, 52.1600937435188], [-106.630576661058, 52.160041014384], [-106.630705462467, 52.1599836392617], [-106.630828689671, 52.1599218066077], [-106.630945937907, 52.1598557225498], [-106.631056818919, 52.1597856046774], [-106.631160965442, 52.1597116846766], [-106.631306484912, 52.1596443217555], [-106.631458266103, 52.1595824063679], [-106.633437529468, 52.1584875840923], [-106.633619343365, 52.1584077576084], [-106.63379444095, 52.1583224382918], [-106.633962381273, 52.158231841786], [-106.634122744183, 52.1581361924394], [-106.634275130592, 52.1580357304943], [-106.634419156462, 52.1579307076742], [-106.634554464497, 52.1578213870212], [-106.634680712356, 52.1577080403616], [-106.634797587457, 52.1575909534952], [-106.63490479646, 52.1574704182484], [-106.635002071265, 52.1573467368863], [-106.635089167395, 52.1572202176392], [-106.635165868507, 52.1570911782364], [-106.63523198184, 52.1569599414729], [-106.635287342636, 52.1568268360473], [-106.635331812541, 52.156692192987], [-106.635340013912, 52.1566628016405], [-106.635399392482, 52.1565382616052], [-106.635447565925, 52.1564119050644], [-106.635484390365, 52.1562841116756], [-106.635509754338, 52.1561552678371], [-106.63552358155, 52.1560257621537], [-106.635894232966, 52.1538912776649], [-106.637645572974, 52.1544279398532], [-106.637804609323, 52.1544868491425], [-106.637958082453, 52.1545510973892], [-106.638105521773, 52.154620487941], [-106.638246470664, 52.1546948068688], [-106.638380493787, 52.1547738228651], [-106.63850717881, 52.1548572944126], [-106.638626134675, 52.1549449626144], [-106.638736994795, 52.1550365583432], [-106.638839416881, 52.1551317977471], [-106.638933084603, 52.1552303876211], [-106.639017709022, 52.1553320244876], [-106.639093030049, 52.1554363945764], [-106.639158815017, 52.1555431747426], [-106.639214860311, 52.1556520369402], [-106.639260992726, 52.155762645505], [-106.639297071002, 52.1558746589316], [-106.639840615484, 52.1567540047427], [-106.639970696677, 52.1568727241436], [-106.640109332914, 52.1569877232788], [-106.640256243691, 52.1570987677418], [-106.640411131354, 52.1572056341541], [-106.640573680871, 52.1573081038748], [-106.640743563085, 52.157405971947], [-106.640920435839, 52.1574990380909], [-106.641103938404, 52.1575871139749], [-106.641293700207, 52.1576700221955], [-106.641859928096, 52.1578317010012], [-106.642035490528, 52.1578683244029], [-106.642213773916, 52.1578995857123], [-106.642394342743, 52.1579254109568], [-106.64257676042, 52.1579457369708], [-106.642760583515, 52.1579605132752], [-106.642945367725, 52.1579697055903], [-106.643130663301, 52.1579732905051], [-106.643316021055, 52.1579712598895], [-106.646765864756, 52.1580180311171], [-106.647200605574, 52.15801928343], [-106.647677776776, 52.1580206552718], [-106.648119470968, 52.1568688969377], [-106.648538520504, 52.1562532972038], [-106.64871268257, 52.1561307566842], [-106.64889184885, 52.1560109755995], [-106.648959396531, 52.1559718481424], [-106.649114107283, 52.1558891287093], [-106.649275954392, 52.1558117483075], [-106.64944445239, 52.1557399402875], [-106.649619096163, 52.1556739202926], [-106.649799359486, 52.1556138862805], [-106.649984700869, 52.1555600184414], [-106.650174563592, 52.1555124800974], [-106.650368375532, 52.1554714132091], [-106.650565556572, 52.1554369409701], [-106.650765511294, 52.1554091679091], [-106.650967640562, 52.155388177031], [-106.651171337179, 52.1553740307764], [-106.65838022706, 52.155203023452], [-106.658380247693, 52.1551435631824], [-106.660588334506, 52.1551444852446], [-106.660588253379, 52.1552130027746], [-106.661242371406, 52.1552127080601], [-106.661242305419, 52.1551441925964], [-106.670128037817, 52.1551388304865], [-106.670142153784, 52.1548648892854], [-106.673346679473, 52.154865111775], [-106.67364341246, 52.1548656089233], [-106.673940044866, 52.1548608142569], [-106.674236326739, 52.1548507313247], [-106.674532008301, 52.1548353681713], [-106.674826841434, 52.1548147382152], [-106.675120578161, 52.154788858472], [-106.675412970705, 52.1547577513521], [-106.675703775812, 52.1547214428005], [-106.67599274452, 52.1546799624423], [-106.676279635448, 52.1546333469909], [-106.67628465077, 52.1546324835344], [-106.676284643666, 52.1545778223717], [-106.677395816135, 52.1542782847248], [-106.677461931848, 52.1542774611677], [-106.678239418411, 52.1539606346443], [-106.68216865774, 52.1521402086988], [-106.68422838168, 52.1511830113154], [-106.685818765658, 52.1511838803038], [-106.685819497366, 52.1511834382424], [-106.686225777298, 52.1509428483823], [-106.686639832373, 52.1507073295893], [-106.687061495177, 52.1504769767915], [-106.687490595319, 52.1502518831624], [-106.687926959395, 52.1500321392223], [-106.688370412452, 52.1498178328172], [-106.693009559545, 52.1477222773647], [-106.693034969429, 52.1479381323322], [-106.693034851456, 52.1481474221069], [-106.69303316808, 52.1511869957292], [-106.694707261405, 52.1511875383283], [-106.694695681727, 52.1516639418201], [-106.695816547084, 52.1529484151566], [-106.697529304617, 52.1529473100091], [-106.698135736158, 52.1532575485391], [-106.699972769174, 52.1541972909137], [-106.700326077888, 52.1543254029517], [-106.702197544021, 52.155003973949], [-106.704230014182, 52.1557441540092], [-106.704246710943, 52.1557748594512], [-106.704315313192, 52.1561149852615], [-106.704729475864, 52.1565046796641], [-106.705306292324, 52.156648218822], [-106.705304741503, 52.1582768025888], [-106.705293951644, 52.1582818761727], [-106.708413780493, 52.1582803789533], [-106.708667775513, 52.1582829843388], [-106.708921466513, 52.1582910479496], [-106.709174543235, 52.1583045589988], [-106.709426699596, 52.1583235012468], [-106.711827479527, 52.1585554517954], [-106.71182757088, 52.1587010441645], [-106.711826722612, 52.1600879549489], [-106.711822534654, 52.1656635528222], [-106.713136449172, 52.1656630154079], [-106.713135856951, 52.1664153772517], [-106.711638689439, 52.1664159846099], [-106.711637809069, 52.169082753553], [-106.711636603366, 52.1729005788272], [-106.717692123218, 52.172897309668], [-106.717986067713, 52.1728970747126], [-106.72612533447, 52.1728962085439], [-106.729740358352, 52.1728955789178], [-106.729740061419, 52.1730764064862], [-106.729734781553, 52.1778105255614], [-106.729732548125, 52.1798562595581], [-106.733019825835, 52.1800452977813], [-106.733458203176, 52.1800455099433], [-106.733458151765, 52.1803149919669], [-106.729732011287, 52.1803135851093], [-106.729728097738, 52.1839291125593], [-106.726552588144, 52.1839286092798], [-106.71797996084, 52.1839267241429], [-106.71797775798, 52.1869736842639], [-106.717977469864, 52.1873343354638], [-106.717977583451, 52.1873600499929], [-106.717977387181, 52.1875408609961], [-106.717683348655, 52.1875412010443], [-106.711914374794, 52.1875479430365], [-106.711354007095, 52.1875485750065], [-106.709845302861, 52.1875502580128], [-106.705946584645, 52.1875545267592], [-106.70176993331, 52.1875590169172], [-106.697433673604, 52.1875634080447], [-106.696127029904, 52.1875646692918], [-106.696126877111, 52.1873838494671], [-106.696126801564, 52.1872896180906], [-106.696126315521, 52.1852089575622], [-106.694210044318, 52.1852107797622], [-106.694208888213, 52.180327790158], [-106.693914882994, 52.1803276966765], [-106.6821618317, 52.1803234340493], [-106.679217053816, 52.1803211541413], [-106.676272271186, 52.1803187108422], [-106.672228535187, 52.1803153241126], [-106.67114479361, 52.1803144083007], [-106.670680373205, 52.1803139736549], [-106.670392482781, 52.1803137169311], [-106.670392506629, 52.1803990920976], [-106.670392511965, 52.1804890082969], [-106.67039219636, 52.1822057839602], [-106.670392677092, 52.1827260145716], [-106.670630574375, 52.182853114851], [-106.671198155088, 52.1831455021376], [-106.671878343777, 52.1835197159253], [-106.676279249803, 52.1858706917042], [-106.679089352499, 52.1873717178391], [-106.679222452677, 52.1874427381083], [-106.679428558846, 52.1875528377118], [-106.682163763189, 52.189012958482], [-106.682970622901, 52.1894436492615], [-106.683207151522, 52.1895704733177], [-106.683416250538, 52.189683751317], [-106.683555169857, 52.1897594564629], [-106.68367991675, 52.1898279006745], [-106.683900909322, 52.189949999699], [-106.684093550228, 52.190057397134], [-106.684217013348, 52.1901266683578], [-106.684353799813, 52.1902039316014], [-106.685545575035, 52.1908962586645], [-106.686694774094, 52.1915991632934], [-106.688212795562, 52.1925515121673], [-106.688709477255, 52.1928631565179], [-106.691734060863, 52.1947603051319], [-106.6939269473, 52.1961350393805], [-106.694221492525, 52.1963197238877], [-106.696061910093, 52.1974729181312], [-106.701898938815, 52.2011297727268], [-106.701130611827, 52.2015931600822], [-106.700535799045, 52.2018349782545], [-106.699843122717, 52.2019395525125], [-106.699151741627, 52.2019791934491], [-106.702838965886, 52.201976734795], [-106.703250761546, 52.2019765450056], [-106.703320028004, 52.2020198737358], [-106.703611054922, 52.2022023379552], [-106.703267585877, 52.2022025765994], [-106.703199260642, 52.2022026188872], [-106.703270929443, 52.2022475314588], [-106.705003919294, 52.2033335055835], [-106.705956067103, 52.2039301836058], [-106.709342613321, 52.2060520171868], [-106.714729756935, 52.2094268133719], [-106.716809484548, 52.210729399977], [-106.717095017994, 52.21110350509], [-106.71730071573, 52.2113730119104], [-106.717674486216, 52.2118627046174], [-106.717968481881, 52.2122478520539], [-106.717964045473, 52.2166583134541], [-106.71796340337, 52.2172978975261], [-106.718036599597, 52.2172979107692], [-106.718035197921, 52.2188774008473], [-106.717961999097, 52.2188773876261], [-106.717960626649, 52.2202756056866], [-106.718033827773, 52.2202756188884], [-106.718030421172, 52.2238929089454], [-106.717957214098, 52.2238928957935], [-106.71766248349, 52.2238928704229], [-106.71182965089, 52.2238928856706], [-106.705940501434, 52.2238926174352], [-106.705923891324, 52.231124893277], [-106.694192277901, 52.2311212632876], [-106.693897651271, 52.2311213566025], [-106.682161315165, 52.2311239710271], [-106.682161359008, 52.2310790395275], [-106.672056528148, 52.23108023768], [-106.672050393091, 52.227487467732]]], [[[-106.598633590621, 52.2049361464339], [-106.595652930772, 52.2049285705992], [-106.595655858315, 52.2058190501047], [-106.592850588793, 52.2058119352522], [-106.586992518787, 52.2057965282017], [-106.586986392689, 52.2021869721048], [-106.586986091843, 52.2020060670764], [-106.57527240369, 52.2019684716696], [-106.575264714524, 52.1947371625197], [-106.563173322161, 52.1947264895878], [-106.557274584866, 52.1947384052221], [-106.5513758438, 52.1947382101613], [-106.551081431527, 52.1947374057537], [-106.539323476129, 52.1947033959305], [-106.539335124225, 52.1874767997095], [-106.527578078276, 52.1874382901158], [-106.52759014963, 52.1802062062732], [-106.527296027615, 52.1802067230124], [-106.521444602386, 52.1802168480852], [-106.515593281516, 52.1802282414769], [-106.515596863732, 52.1766101205704], [-106.515600451392, 52.1729919975142], [-106.515600739799, 52.1728111753248], [-106.516907857892, 52.1728161554146], [-106.517279802275, 52.1730251671648], [-106.517658856575, 52.1732292938174], [-106.518044852399, 52.1734284439601], [-106.518437617017, 52.1736225280357], [-106.518836973423, 52.1738114601394], [-106.519242743174, 52.1739951552856], [-106.519654746473, 52.1741735321038], [-106.520072796174, 52.1743465084208], [-106.520074806998, 52.1743473214119], [-106.524968503945, 52.1762238827889], [-106.529519322671, 52.1779381705234], [-106.531457714754, 52.1786733288881], [-106.533969861674, 52.1797168314421], [-106.536348795107, 52.1808873032922], [-106.538945684155, 52.1823468530144], [-106.541524057303, 52.1838098906268], [-106.542907596173, 52.1845948851656], [-106.54503393028, 52.1858012402903], [-106.548010369495, 52.1874897174798], [-106.548307414994, 52.1872633491672], [-106.549015797313, 52.1867007477342], [-106.549728567163, 52.1862716465177], [-106.550638971083, 52.1856664353237], [-106.551372258838, 52.185066121491], [-106.552018488411, 52.1845197796809], [-106.552315817761, 52.1842683873838], [-106.55302929079, 52.1836651289454], [-106.553884087413, 52.1829421394733], [-106.554176954625, 52.1827521500751], [-106.556114779207, 52.1811693955284], [-106.556616412084, 52.1807508924683], [-106.557135924774, 52.1802694327383], [-106.557385446354, 52.1798657820162], [-106.557755385302, 52.1795191265053], [-106.558192743278, 52.1791985897045], [-106.558581353782, 52.1789619908694], [-106.559313012869, 52.1784330238022], [-106.560545402048, 52.1775722199956], [-106.561225505871, 52.1767410562388], [-106.561560295798, 52.1765433789694], [-106.562612251834, 52.1758515793297], [-106.563175469747, 52.1754014481529], [-106.563261252326, 52.1747322523211], [-106.563471662265, 52.1747842695263], [-106.563685186418, 52.174831243092], [-106.563901507877, 52.1748731043715], [-106.564120299656, 52.1749097893497], [-106.564341236574, 52.1749412438803], [-106.56456398782, 52.174967420188], [-106.564788219971, 52.1749882795262], [-106.565013595501, 52.1750037912976], [-106.565239779993, 52.1750139302607], [-106.565466432164, 52.1750186838563], [-106.56569321378, 52.1750180430834], [-106.565919784059, 52.1750120097677], [-106.56614580686, 52.1750005928688], [-106.566370941909, 52.174983808597], [-106.566594852206, 52.1749616830125], [-106.566817202465, 52.1749342493484], [-106.567037660582, 52.1749015479913], [-106.567255894769, 52.1748636283173], [-106.567471580806, 52.1748205467977], [-106.567684394759, 52.1747723679945], [-106.567894017372, 52.1747191645022], [-106.567920871381, 52.1747119227326], [-106.573915914797, 52.1730890386142], [-106.579150612192, 52.1715395139962], [-106.580608654601, 52.1710585975835], [-106.583463470524, 52.1702425437791], [-106.583499403301, 52.1701044673368], [-106.583499472991, 52.1699882416728], [-106.583502096697, 52.1656474459954], [-106.583502288424, 52.165467522451], [-106.581939616325, 52.1654636749958], [-106.58194799559, 52.1620998233079], [-106.57526004748, 52.1620954347603], [-106.575259802036, 52.1615637308681], [-106.574074460998, 52.1615639072213], [-106.574074262129, 52.1610128996775], [-106.566117268621, 52.1609890755807], [-106.565532665112, 52.1609865607034], [-106.565532605169, 52.161526619449], [-106.563099998163, 52.1615218820634], [-106.563099039056, 52.1632167785449], [-106.551435743938, 52.1632029743063], [-106.551443713422, 52.1567523482371], [-106.563205131233, 52.1567653602416], [-106.565533145448, 52.1567677483901], [-106.565811806472, 52.1567679476698], [-106.565822400216, 52.1511553622036], [-106.587005946012, 52.1511564073157], [-106.587006233739, 52.1500140945302], [-106.587011735683, 52.1499491192729], [-106.587027342447, 52.1498847678145], [-106.58705290996, 52.1498216346347], [-106.587088201539, 52.1497602992725], [-106.587132890938, 52.1497013298819], [-106.587186569114, 52.1496452678556], [-106.58724873851, 52.1495926314991], [-106.587318827251, 52.1495439041512], [-106.587396189272, 52.1494995377794], [-106.587480109652, 52.1494599385222], [-106.587569817985, 52.1494254728038], [-106.587991372381, 52.1492759792475], [-106.588238643809, 52.1495399293424], [-106.588324093032, 52.1496564836528], [-106.588419787132, 52.1497699866349], [-106.588525437725, 52.1498800959731], [-106.588640729108, 52.1499864823065], [-106.588765316694, 52.1500888265527], [-106.588898824194, 52.150186822644], [-106.589040853745, 52.1502801746936], [-106.589190977395, 52.1503686043041], [-106.589348745715, 52.1504518459562], [-106.589513686433, 52.150529649725], [-106.589685303002, 52.1506017821989], [-106.58986308194, 52.1506680272802], [-106.590046491402, 52.150728187104], [-106.59023497816, 52.1507820793818], [-106.59042797952, 52.1508295435352], [-106.590624915852, 52.1508704363016], [-106.590825196635, 52.1509046370474], [-106.591028220226, 52.1509320414776], [-106.591233378475, 52.1509525678679], [-106.591440055165, 52.1509661543882], [-106.591647631923, 52.1509727608217], [-106.591701892176, 52.1509733340421], [-106.599000364937, 52.1509479747306], [-106.605665589016, 52.1509499566182], [-106.605974892932, 52.1509466826068], [-106.606283816329, 52.150936696243], [-106.60659197518, 52.1509200126517], [-106.606898984099, 52.1508966496776], [-106.607204461107, 52.1508666386107], [-106.607508027347, 52.1508300160968], [-106.607809304287, 52.1507868277731], [-106.608107915155, 52.1507371273488], [-106.608403489317, 52.1506809765456], [-106.608695657934, 52.1506184460557], [-106.608984058242, 52.1505496127862], [-106.60926833073, 52.1504745625942], [-106.609548119111, 52.1503933893887], [-106.609823079052, 52.1503061941117], [-106.60984257549, 52.1502997210573], [-106.6124227048, 52.1494405687952], [-106.612550557691, 52.1495818437446], [-106.612686211298, 52.1497203386732], [-106.612829507751, 52.149855890268], [-106.612980276121, 52.1499883380914], [-106.613138341317, 52.1501175280564], [-106.613303516585, 52.1502433071341], [-106.613475606593, 52.1503655278076], [-106.613654410255, 52.1504840453362], [-106.613839717936, 52.1505987213903], [-106.614031309869, 52.1507094204767], [-106.614228960625, 52.1508160125748], [-106.614432439089, 52.1509183722383], [-106.614641504073, 52.1510163786554], [-106.614855911687, 52.1511099173462], [-106.615075409365, 52.1511988766479], [-106.615299737522, 52.1512831530877], [-106.615528632345, 52.1513626477478], [-106.615761825794, 52.1514372662655], [-106.615999042777, 52.1515069215696], [-106.616240003978, 52.1515715311443], [-106.616484425918, 52.151631018827], [-106.616732020956, 52.1516853148083], [-106.616982498755, 52.1517343556117], [-106.617235563323, 52.1517780832358], [-106.617257201707, 52.1517815566689], [-106.629850559216, 52.1530311430335], [-106.633424074721, 52.1534080227218], [-106.633437471964, 52.1535235764418], [-106.633439626724, 52.1536394153598], [-106.633430529688, 52.1537551277883], [-106.633410216739, 52.1538702987136], [-106.633378756103, 52.1539845180655], [-106.633336264324, 52.1540973777992], [-106.63328288886, 52.1542084757329], [-106.63321882267, 52.1543174144469], [-106.633144294113, 52.1544238050206], [-106.632936992358, 52.1546500212618], [-106.632724623679, 52.1548744522988], [-106.632507225928, 52.1550970553194], [-106.63211195571, 52.1554246889564], [-106.631722831884, 52.1557550955111], [-106.631339904078, 52.1560882311981], [-106.63096322485, 52.156424052191], [-106.63059284384, 52.1567625147037], [-106.630228809134, 52.1571035722735], [-106.630228592896, 52.1571037757757], [-106.63011774522, 52.1571936659282], [-106.630013605306, 52.1572865410906], [-106.629916387052, 52.1573822130973], [-106.629826289454, 52.1574804858954], [-106.629144375063, 52.1582650578694], [-106.629141784058, 52.1582675285905], [-106.629001275433, 52.1583967736538], [-106.628854044607, 52.1585231558445], [-106.628700241684, 52.158646542686], [-106.628540028593, 52.1587668051348], [-106.628373574709, 52.1588838176413], [-106.628201053862, 52.1589974563923], [-106.628087456105, 52.1590648288726], [-106.627956717887, 52.1591335294295], [-106.627819228887, 52.1591970512371], [-106.627675531128, 52.1592551431189], [-106.627526192373, 52.1593075778219], [-106.627371800112, 52.1593541476045], [-106.627212961758, 52.1593946696293], [-106.627050303123, 52.1594289841856], [-106.62688446552, 52.1594569556298], [-106.62671609999, 52.1594784742628], [-106.626545873107, 52.1594934553513], [-106.626374452403, 52.1595018402284], [-106.626202513632, 52.1595035952938], [-106.626030734997, 52.1594987138926], [-106.625859792694, 52.1594872145777], [-106.625690359516, 52.1594691429276], [-106.625523103392, 52.1594445715666], [-106.625358682835, 52.1594135957315], [-106.625197745615, 52.1593763368859], [-106.625040925861, 52.1593329436599], [-106.624888839453, 52.1592835856181], [-106.624742088568, 52.1592284576934], [-106.624601248391, 52.1591677767725], [-106.624137901914, 52.1590260642276], [-106.623669569955, 52.1588906928553], [-106.623196482926, 52.1587617313573], [-106.622718871002, 52.1586392421472], [-106.622236968634, 52.158523284886], [-106.621751013056, 52.1584139156026], [-106.621261241462, 52.1583111894309], [-106.620767893762, 52.1582151560759], [-106.620765303099, 52.1582146710657], [-106.620540930743, 52.1581734968399], [-106.620314049591, 52.158137903578], [-106.620085025625, 52.1581079473804], [-106.619854228983, 52.1580836779991], [-106.619622032293, 52.1580651334655], [-106.619388812308, 52.1580523445641], [-106.619154943957, 52.1580453322163], [-106.618920807654, 52.1580441073806], [-106.618686779103, 52.1580486720916], [-106.618453239493, 52.1580590184206], [-106.618220563879, 52.1580751304338], [-106.617989129846, 52.1580969813758], [-106.617759310305, 52.1581245364655], [-106.617531476351, 52.158157751059], [-106.617305998755, 52.1581965715281], [-106.617083239168, 52.1582409344814], [-106.617052418456, 52.1582475558934], [-106.61676601166, 52.1583314008536], [-106.616483179498, 52.1584197170906], [-106.616204106994, 52.1585124481442], [-106.615928977552, 52.1586095330823], [-106.615657967175, 52.1587109083778], [-106.615391256195, 52.1588165086477], [-106.615129016015, 52.1589262641361], [-106.614871419442, 52.159040103271], [-106.614618634809, 52.159157951845], [-106.61437082597, 52.1592797330154], [-106.61412815377, 52.1594053672844], [-106.61389077899, 52.1595347733568], [-106.613658854984, 52.1596678664435], [-106.613432533553, 52.1598045590796], [-106.613211963517, 52.1599447620429], [-106.613207518624, 52.1599476623883], [-106.613012905538, 52.1600977378448], [-106.612810525877, 52.1602438774593], [-106.612600591925, 52.1603859281298], [-106.612383319094, 52.1605237421065], [-106.612013859297, 52.1606885947938], [-106.611028695954, 52.1610852769974], [-106.610067299809, 52.1615461931739], [-106.60989250948, 52.1616107884519], [-106.609722839945, 52.1616803578541], [-106.609558668726, 52.1617547487882], [-106.609400355397, 52.1618337972188], [-106.609248250386, 52.1619173284468], [-106.609102687693, 52.1620051581073], [-106.608963989315, 52.1620970930081], [-106.608832460827, 52.162192930291], [-106.608708391443, 52.1622924592284], [-106.608592055417, 52.162395459406], [-106.608483709282, 52.1625017052558], [-106.60838359165, 52.1626109606638], [-106.608291923479, 52.1627229861592], [-106.608208906473, 52.1628375353396], [-106.608134724485, 52.162954353053], [-106.608069540914, 52.1630731844249], [-106.608058134011, 52.1630960715748], [-106.607897834038, 52.1633994643155], [-106.607744264183, 52.1637041713513], [-106.607597453188, 52.1640101347711], [-106.607457426972, 52.1643172993988], [-106.607324212854, 52.1646256082397], [-106.607197835167, 52.1649350025406], [-106.607078316914, 52.1652454271621], [-106.606965682433, 52.1655568233487], [-106.606965466297, 52.1655574395192], [-106.606966125305, 52.1655652595072], [-106.606976310512, 52.1657439668143], [-106.606977213285, 52.1659227835066], [-106.606968831291, 52.1661015261873], [-106.606951173954, 52.1662800130955], [-106.606924259466, 52.1664580623488], [-106.606888114824, 52.1666354928418], [-106.606842775794, 52.1668121233474], [-106.60678828987, 52.1669877733761], [-106.606818400158, 52.1670800977854], [-106.606838170866, 52.1671734729985], [-106.606847507206, 52.1672674615226], [-106.606846365413, 52.1673616215706], [-106.606834751508, 52.1674555133718], [-106.606832990504, 52.1674592346989], [-106.606745564992, 52.1676333049401], [-106.606649152503, 52.1678055706355], [-106.606543846081, 52.1679758569578], [-106.606429757841, 52.1681439906169], [-106.606307001395, 52.1683097991999], [-106.606175702252, 52.1684731155252], [-106.606035993201, 52.168633771412], [-106.605888018956, 52.1687916048097], [-106.605731927195, 52.1689464545258], [-106.605567878856, 52.169098161884], [-106.60540586347, 52.1692258221489], [-106.605253104326, 52.1693577261093], [-106.605109895087, 52.1694936216374], [-106.604976512998, 52.1696332469373], [-106.60485321313, 52.1697763333204], [-106.604740232766, 52.1699226051455], [-106.604637790038, 52.1700717825346], [-106.604546082334, 52.1702235777973], [-106.604465284964, 52.1703776990458], [-106.60439555262, 52.1705338501743], [-106.604385219683, 52.1705595393711], [-106.604289509105, 52.1709543581048], [-106.603841777961, 52.172058488237], [-106.603751227149, 52.1724059199246], [-106.603600396515, 52.1730713727713], [-106.603208792962, 52.1746852354303], [-106.603208362321, 52.1747285320534], [-106.603199749618, 52.1748480642398], [-106.603180264768, 52.1749671120887], [-106.603149968888, 52.1750853034124], [-106.603108955258, 52.1752022655829], [-106.603057355428, 52.1753176326424], [-106.602995328856, 52.1754310418484], [-106.602923070412, 52.1755421389657], [-106.602840808758, 52.175650573794], [-106.602748799263, 52.1757560065578], [-106.602647331282, 52.1758581069091], [-106.602536723773, 52.1759565539872], [-106.602352892594, 52.176100379827], [-106.602176607978, 52.1762477336559], [-106.602008047362, 52.1763984647371], [-106.60184738377, 52.1765524214942], [-106.601694778317, 52.1767094462177], [-106.601550387704, 52.1768693803583], [-106.601414358279, 52.1770320619096], [-106.601286827467, 52.1771973244897], [-106.601167923892, 52.1773650009358], [-106.601057771737, 52.1775349223456], [-106.600956478885, 52.1777069137426], [-106.600864151825, 52.1778808019661], [-106.600780882306, 52.1780564104572], [-106.600706754707, 52.1782335609566], [-106.600641846003, 52.1784120726064], [-106.600586221512, 52.1785917656041], [-106.600539936194, 52.1787724566891], [-106.600503040623, 52.1789539626581], [-106.600501283582, 52.1789639725164], [-106.600222998932, 52.1802307750834], [-106.600154943964, 52.1804661340793], [-106.600098031602, 52.1807026078852], [-106.600052307523, 52.1809399971851], [-106.600017811558, 52.1811781027395], [-106.599994573241, 52.1814167236469], [-106.599982611844, 52.1816556582428], [-106.599981936435, 52.1818947058972], [-106.599992550203, 52.1821336651572], [-106.600014443149, 52.1823723338466], [-106.60004759799, 52.182610510784], [-106.600091985813, 52.1828479967407], [-106.600147568833, 52.1830845899078], [-106.600214302078, 52.1833200921675], [-106.600292127352, 52.1835543037799], [-106.600380982196, 52.1837870286567], [-106.600383475124, 52.1837931486487], [-106.600449199325, 52.1838922878905], [-106.600525447248, 52.1839885364924], [-106.600611887901, 52.1840814745247], [-106.600708140988, 52.184170694414], [-106.600813784384, 52.1842558053378], [-106.600928355627, 52.1843364341043], [-106.601098069194, 52.1845610404372], [-106.601276672123, 52.1847830271091], [-106.601464057383, 52.1850022624585], [-106.60166011206, 52.1852186140036], [-106.601864719004, 52.1854319538144], [-106.602077756606, 52.1856421522222], [-106.602299096133, 52.1858490850489], [-106.602528607381, 52.1860526281358], [-106.602530100502, 52.1860539170207], [-106.602713061439, 52.1861840116914], [-106.602903519885, 52.1863099759932], [-106.60310122861, 52.1864316469063], [-106.603305931798, 52.1865488669227], [-106.603517365041, 52.1866614840466], [-106.603735253883, 52.1867693518146], [-106.603959316836, 52.1868723319517], [-106.60396777822, 52.1868760715777], [-106.604107813297, 52.1869401527868], [-106.604253161857, 52.1869995965637], [-106.604403417091, 52.1870542375823], [-106.604558159439, 52.1871039223802], [-106.604716958192, 52.1871485129342], [-106.604879367001, 52.1871878840236], [-106.604925629627, 52.1871928329799], [-106.605079684581, 52.18721369506], [-106.605231050431, 52.1872410027056], [-106.605379011597, 52.1872746262969], [-106.605522873453, 52.187314408957], [-106.605661956314, 52.1873601621386], [-106.605795605871, 52.1874116708759], [-106.605923194579, 52.1874686919673], [-106.606044117438, 52.1875309585278], [-106.606157809374, 52.1875981752566], [-106.606346032927, 52.1877189610771], [-106.606549599838, 52.1878596076734], [-106.606733286454, 52.1879986211897], [-106.606976445156, 52.1881963285411], [-106.607255833373, 52.188423577146], [-106.607560058901, 52.1886309363159], [-106.608121661416, 52.1888986237095], [-106.608725810836, 52.1891564597596], [-106.609039730534, 52.1892883436812], [-106.609312776306, 52.1894050716566], [-106.609646598375, 52.1895622508296], [-106.609826333497, 52.1896654857799], [-106.609905334995, 52.1897193091588], [-106.61004355786, 52.1898331619434], [-106.610102253377, 52.1898913121226], [-106.610153540111, 52.1899488054088], [-106.610197073706, 52.1900045342575], [-106.610232504116, 52.1900573956967], [-106.61025948847, 52.1901062830583], [-106.610277675159, 52.1901500906917], [-106.610286130386, 52.1902011155986], [-106.610264544569, 52.1904180948331], [-106.610379918197, 52.1907065422601], [-106.610410844274, 52.190788819833], [-106.610442142469, 52.1908798923435], [-106.610472607692, 52.1909801763665], [-106.610501258456, 52.1910896772089], [-106.61052798739, 52.1912067598761], [-106.610552906371, 52.1913293790634], [-106.610576125779, 52.1914554885871], [-106.610597761867, 52.1915830430826], [-106.610617922115, 52.191709997305], [-106.610636727124, 52.1918343049311], [-106.610654284335, 52.1919539198176], [-106.610682011802, 52.1921441709875], [-106.610712717543, 52.1923356142232], [-106.610750828161, 52.1925239801407], [-106.610800971611, 52.1927080986833], [-106.610868826799, 52.1928943374313], [-106.610958027919, 52.1930856804751], [-106.611070468609, 52.1932816442374], [-106.611213649437, 52.1934904101222], [-106.611418559325, 52.1937398367343], [-106.61155939068, 52.1939000242137], [-106.611763676247, 52.1941203567315], [-106.611836835025, 52.1941997245067], [-106.6118998095, 52.194269678774], [-106.61198304215, 52.1943691757535], [-106.612097405997, 52.1945207003342], [-106.612114323227, 52.1945435963059], [-106.612197338714, 52.1946443018686], [-106.612252966565, 52.1948535885844], [-106.612314615704, 52.1949253257839], [-106.612465566973, 52.1952510853077], [-106.612728824998, 52.1954755392768], [-106.612902961297, 52.1958009812927], [-106.61300917913, 52.195952707176], [-106.613099248862, 52.1960976169827], [-106.613112144669, 52.1964537664467], [-106.613213134951, 52.1966804379811], [-106.613221389136, 52.1969083775596], [-106.613325992447, 52.1972347697158], [-106.61327036505, 52.1976203683213], [-106.613285326735, 52.1980335047906], [-106.613154479048, 52.1982633464127], [-106.613161701398, 52.1984627878795], [-106.613145742614, 52.1986625552985], [-106.613041685078, 52.1989918005447], [-106.613092706232, 52.199119385213], [-106.612986067981, 52.1993773987436], [-106.612679013054, 52.1998662042164], [-106.612438934878, 52.200282826545], [-106.612079831045, 52.2006155562914], [-106.612046871135, 52.2009865927208], [-106.611874798347, 52.2013595297974], [-106.611633158309, 52.2017334079158], [-106.61144722315, 52.2020670896017], [-106.610799265841, 52.2020672863372], [-106.610798285891, 52.2023189501759], [-106.61067324338, 52.2024077582709], [-106.610282350656, 52.2026020168984], [-106.609418825496, 52.2029805227336], [-106.609036173814, 52.2031524376831], [-106.608514497646, 52.2034818281263], [-106.607946617089, 52.2037840594063], [-106.607585214862, 52.2042946244529], [-106.607396772906, 52.2045861264433], [-106.607184413916, 52.2049668530924], [-106.606938309958, 52.2054118157891], [-106.606809108166, 52.2055942870335], [-106.606686940346, 52.2059682275883], [-106.606401419441, 52.2065777679804], [-106.606352985995, 52.2067395644198], [-106.605986710573, 52.2073668724794], [-106.605755649623, 52.2077311886336], [-106.605723691539, 52.2078483064823], [-106.605420121, 52.2081577354252], [-106.603589154921, 52.2081566446423], [-106.599081632178, 52.2081498451928], [-106.599008595757, 52.2081497560481], [-106.599000920447, 52.2049361257303], [-106.598706625002, 52.2049363257252], [-106.598633590621, 52.2049361464339]]]]}}, {"type": "Feature", "properties": {"district_id": "Ward 6"}, "geometry": {"type": "MultiPolygon", "coordinates": [[[[-106.622633537275, 52.1218787466642], [-106.622678118608, 52.1167683252763], [-106.622695603488, 52.1147963616254], [-106.611063076506, 52.1148121597063], [-106.610883661535, 52.114782056283], [-106.604384245281, 52.1147190830748], [-106.604512489187, 52.1120146115841], [-106.604744959121, 52.1071114809206], [-106.604854885853, 52.104792696927], [-106.608172925566, 52.1047965061843], [-106.621088570914, 52.1072915438264], [-106.621161790431, 52.1073253373661], [-106.621430164401, 52.107342775735], [-106.622696454853, 52.1073445187013], [-106.622696995914, 52.1027269262626], [-106.628199434135, 52.1027242311426], [-106.631621450806, 52.1019007267002], [-106.63532078026, 52.1018996994724], [-106.63531418756, 52.1052820904044], [-106.638262808527, 52.1052815458686], [-106.638259911594, 52.1073297640769], [-106.646511521292, 52.1073310125413], [-106.656771365401, 52.107329048012], [-106.664999968814, 52.1073268991929], [-106.670256170722, 52.1073250934357], [-106.670569075236, 52.1074427733403], [-106.675755398587, 52.1074457679322], [-106.676007053875, 52.1074305709928], [-106.676257959361, 52.1074112335917], [-106.676507934435, 52.1073877699914], [-106.67676370988, 52.1073593714098], [-106.677018119598, 52.1073266522884], [-106.67727097174, 52.1072896387439], [-106.680122990334, 52.107288111872], [-106.68161237903, 52.1072872870109], [-106.681518815853, 52.1073933152848], [-106.681419106848, 52.1074971975965], [-106.681313381292, 52.1075987999078], [-106.681201777293, 52.1076979898525], [-106.681135318448, 52.1077321918458], [-106.681076634831, 52.1077714181006], [-106.681026720722, 52.1078150034473], [-106.680986418773, 52.1078622111461], [-106.680956413005, 52.1079122410784], [-106.680937211908, 52.1079642461726], [-106.680929140181, 52.1080173460085], [-106.68093233347, 52.1080706421774], [-106.68094673887, 52.1081232317634], [-106.680972112645, 52.1081742244592], [-106.680977267948, 52.1082128253196], [-106.680987149114, 52.1083388646093], [-106.680986430882, 52.1084650505517], [-106.680975113522, 52.1085910432543], [-106.680953226696, 52.108716507798], [-106.680920832112, 52.1088411070054], [-106.680878013576, 52.1089645087763], [-106.680824887009, 52.1090863805501], [-106.680761593487, 52.1092063983967], [-106.680688303316, 52.1093242388661], [-106.68060521203, 52.1094395889369], [-106.680512541541, 52.1095521379068], [-106.680132670165, 52.1103003656342], [-106.679666389994, 52.1109961614546], [-106.679664694621, 52.1109986916083], [-106.67949529816, 52.1112585493469], [-106.679315960995, 52.1115158679977], [-106.679126785561, 52.1117705012891], [-106.678893221752, 52.1121613734704], [-106.678651963608, 52.1125504709418], [-106.678618354374, 52.1125971391609], [-106.678578859632, 52.1126420262906], [-106.678554114227, 52.1126928636245], [-106.678518612808, 52.1127412249239], [-106.678472984687, 52.1127862514999], [-106.678418041058, 52.1128271441153], [-106.678354755107, 52.1128631776553], [-106.678284250732, 52.1128937120798], [-106.678207779702, 52.1129182062368], [-106.678126699957, 52.1129362235676], [-106.678042448417, 52.1129474468816], [-106.678007951883, 52.1129832682358], [-106.677982731554, 52.1130219086257], [-106.677967375739, 52.1130624659054], [-106.677962244574, 52.1131039899217], [-106.677967456438, 52.1131455096826], [-106.677975769571, 52.1132197151977], [-106.677972535846, 52.1132940706849], [-106.677957789539, 52.1133678958803], [-106.677931661608, 52.1134405181322], [-106.67789439137, 52.113511272235], [-106.677846319648, 52.1135795122169], [-106.677787887476, 52.1136446158538], [-106.677659915832, 52.113786347554], [-106.677537000254, 52.1139297668394], [-106.677419200913, 52.1140748027341], [-106.67700450646, 52.1146163625345], [-106.676742351158, 52.1149252573215], [-106.676475394144, 52.1152325895763], [-106.676203657657, 52.1155383310756], [-106.676114818302, 52.115645235314], [-106.676034893394, 52.1157547741002], [-106.675964087125, 52.115866665806], [-106.675902584481, 52.1159806227806], [-106.675850541055, 52.1160963523942], [-106.675808093266, 52.1162135568928], [-106.675775346746, 52.1163319353609], [-106.675752387985, 52.1164511826574], [-106.675750437417, 52.1164645217317], [-106.675719630835, 52.1166154711948], [-106.675679623612, 52.1167656010006], [-106.675630470442, 52.1169146972578], [-106.675572242214, 52.11706254944], [-106.675453256901, 52.1173201791286], [-106.675342569387, 52.1175792058621], [-106.675312006745, 52.1176587745323], [-106.675271631374, 52.1177366672102], [-106.67522168026, 52.1178124273352], [-106.675162447767, 52.1178856092186], [-106.675094281427, 52.1179557825997], [-106.675017583438, 52.1180225335244], [-106.674932802205, 52.1180854725578], [-106.67484043642, 52.1181442266347], [-106.674734174002, 52.1182179505505], [-106.674634853589, 52.1182952551671], [-106.674542793148, 52.1183758941082], [-106.674458288281, 52.1184596087265], [-106.674448436528, 52.1184685443566], [-106.674266261896, 52.1186272342777], [-106.674074939217, 52.1187817917375], [-106.673874718049, 52.1189320171286], [-106.673665855498, 52.1190777170307], [-106.673448621955, 52.1192187014311], [-106.673223298414, 52.119354790058], [-106.672990174776, 52.1194858061104], [-106.672749552968, 52.119611581609], [-106.672745530343, 52.1196132239254], [-106.672483931996, 52.1197168531841], [-106.672217841495, 52.1198160533118], [-106.671947453325, 52.1199107504859], [-106.671672972292, 52.1200008734363], [-106.671394600528, 52.1200863572262], [-106.671112544547, 52.1201671368585], [-106.67082701542, 52.1202431517689], [-106.670538224421, 52.1203143467871], [-106.670246387246, 52.1203806675809], [-106.669951719828, 52.1204420661112], [-106.669810315079, 52.1205092292789], [-106.669662315021, 52.1205707732474], [-106.669508308005, 52.1206264540777], [-106.66934890656, 52.1206760490703], [-106.669184741719, 52.1207193613426], [-106.669016470281, 52.1207562188267], [-106.668844760219, 52.1207864744766], [-106.668829880548, 52.1207875537072], [-106.668527727865, 52.1208061227911], [-106.668224727146, 52.1208183792301], [-106.66792122569, 52.1208243100124], [-106.667617572492, 52.1208239084], [-106.667314115353, 52.1208171748685], [-106.667011203805, 52.120804117066], [-106.666709183268, 52.1207847498959], [-106.666408403772, 52.1207590944939], [-106.666085660932, 52.1207421712522], [-106.665762326362, 52.1207302908443], [-106.66543860621, 52.1207234611426], [-106.665114707984, 52.1207216873049], [-106.664790841976, 52.1207249708555], [-106.664467213898, 52.1207333079904], [-106.664144033843, 52.1207466948463], [-106.663821508817, 52.1207651231095], [-106.663499847085, 52.1207885790561], [-106.663179255456, 52.120817048985], [-106.662859939078, 52.1208505138255], [-106.662542103068, 52.1208889536104], [-106.662225953738, 52.1209323411646], [-106.66191169163, 52.1209806511949], [-106.661599522827, 52.1210338502391], [-106.661593257075, 52.1210349725953], [-106.6613231575, 52.121055426342], [-106.661054369411, 52.1210816147789], [-106.660787211509, 52.1211135082481], [-106.660522003555, 52.1211510662894], [-106.660259063756, 52.1211942457698], [-106.659998705605, 52.1212429946336], [-106.65974123945, 52.121297254578], [-106.659486975409, 52.1213569610117], [-106.659236216003, 52.1214220413601], [-106.658989260709, 52.1214924194972], [-106.658746404293, 52.1215680103738], [-106.658507938411, 52.1216487235915], [-106.658274147189, 52.1217344625653], [-106.658045310184, 52.1218251253815], [-106.657821702343, 52.1219206038984], [-106.657603588138, 52.12202078293], [-106.657391230452, 52.1221255437168], [-106.657184884612, 52.1222347604137], [-106.656984792647, 52.1223483028672], [-106.656791197818, 52.1224660346133], [-106.656604330123, 52.1225878157781], [-106.656424413529, 52.122713501178], [-106.656251661524, 52.1228429385834], [-106.656086283223, 52.122975975826], [-106.655928474278, 52.1231124519349], [-106.655778424473, 52.1232522051222], [-106.655636313116, 52.1233950665532], [-106.655502310759, 52.1235408675153], [-106.655376574557, 52.1236894322902], [-106.655259258718, 52.1238405843006], [-106.655247090173, 52.1238570678707], [-106.655246841674, 52.1238574184388], [-106.655019158978, 52.1241719260396], [-106.65478494272, 52.1244846096425], [-106.654544228955, 52.1247954201469], [-106.654297059449, 52.1251043047751], [-106.654043471658, 52.1254112126071], [-106.653783508949, 52.1257160944378], [-106.653517214625, 52.1260188992641], [-106.653244630602, 52.1263195779], [-106.652965803113, 52.1266180793], [-106.652947602645, 52.1266409278763], [-106.652819624769, 52.1267922636477], [-106.652681450145, 52.1269401644172], [-106.652533320342, 52.1270843696007], [-106.652375499113, 52.1272246254954], [-106.652208260739, 52.1273606863423], [-106.652031900159, 52.1274923114875], [-106.651846728749, 52.1276192699371], [-106.651653071376, 52.1277413395003], [-106.651451267751, 52.1278583040724], [-106.651241672601, 52.1279699581294], [-106.650730377785, 52.1282434667331], [-106.650213247638, 52.1285127899947], [-106.649690375487, 52.128777882473], [-106.64910359128, 52.129074110052], [-106.648521712935, 52.1293739832169], [-106.647944799119, 52.1296774697487], [-106.646479599923, 52.1288883262546], [-106.643331646396, 52.1288600571904], [-106.634656592075, 52.1288877638865], [-106.634684137893, 52.1218132424875], [-106.633181252025, 52.1218214794847], [-106.622633537275, 52.1218787466642]]], [[[-106.663242703204, 52.1337965661169], [-106.651701801087, 52.1317014549385], [-106.650514015078, 52.1310519762561], [-106.650754437634, 52.1308857090944], [-106.651001111349, 52.130722947866], [-106.65125390064, 52.1305637798514], [-106.651512667075, 52.1304082941698], [-106.651777269112, 52.1302565745895], [-106.652047563719, 52.1301087040007], [-106.652306710033, 52.1299954163507], [-106.652559429321, 52.1298767566598], [-106.65280542416, 52.1297528613159], [-106.653044409117, 52.1296238746327], [-106.653276107765, 52.1294899470931], [-106.65350024827, 52.1293512345112], [-106.653716572151, 52.12920789791], [-106.65392482701, 52.1290601045212], [-106.654124769391, 52.1289080259478], [-106.654316169223, 52.1287518398985], [-106.654500099797, 52.1285905449659], [-106.654674919534, 52.1284254572274], [-106.654840420932, 52.128256771159], [-106.654996408348, 52.1280846855649], [-106.65514269946, 52.1279094035571], [-106.655414335576, 52.1276511108101], [-106.655677440543, 52.1273894951965], [-106.65593190738, 52.1271246634786], [-106.656177634986, 52.1268567232347], [-106.656414520913, 52.1265857847585], [-106.656642467064, 52.1263119573821], [-106.656861582187, 52.1260350975607], [-106.65707155851, 52.1257555693374], [-106.657272314223, 52.1254734872064], [-106.657436783084, 52.1252745754562], [-106.657610817747, 52.1250787722719], [-106.657794262421, 52.1248862515429], [-106.657986956874, 52.1246971854214], [-106.658188727514, 52.1245117399522], [-106.658399394982, 52.1243300830589], [-106.65861759128, 52.1241533003542], [-106.658844212472, 52.1239805816254], [-106.659079061044, 52.1238120770673], [-106.65932192632, 52.1236479361607], [-106.659572598893, 52.1234883029737], [-106.659830853208, 52.1233333191043], [-106.659886475826, 52.1232942952027], [-106.660010775994, 52.1232139648381], [-106.660142151281, 52.1231380197686], [-106.660280192634, 52.1230666950196], [-106.660424471526, 52.1230002124039], [-106.66057454132, 52.1229387778056], [-106.66072993441, 52.1228825830187], [-106.660890170786, 52.1228318002322], [-106.661054752458, 52.1227865893019], [-106.661223167499, 52.1227470887022], [-106.661394896122, 52.1227134217349], [-106.661569403245, 52.1226856930377], [-106.661746147281, 52.1226639893593], [-106.662245897939, 52.1226202868369], [-106.662744435904, 52.1225716196895], [-106.663241629915, 52.1225179978759], [-106.663737350371, 52.1224594367285], [-106.664231467674, 52.1223959515819], [-106.664839821275, 52.1223580097584], [-106.66544750727, 52.1223162149804], [-106.666054462824, 52.1222705708429], [-106.666660716883, 52.1222210742495], [-106.667266110553, 52.1221677382472], [-106.667870579577, 52.122110567354], [-106.668018963783, 52.1220889578223], [-106.668169503661, 52.1220740290105], [-106.668321404595, 52.1220658586942], [-106.668473869204, 52.1220644896244], [-106.668626094417, 52.122069929569], [-106.668777277281, 52.1220821503316], [-106.668728968782, 52.1230096390304], [-106.670202383172, 52.1261078461045], [-106.670232203878, 52.126356391323], [-106.670250494979, 52.1266053579274], [-106.670257240027, 52.12685454564], [-106.670266676586, 52.1292747872048], [-106.670236990778, 52.1330088307977], [-106.67020602549, 52.1333153655817], [-106.669875144184, 52.1333095922379], [-106.669638432194, 52.1333157661143], [-106.669402257468, 52.1333273619909], [-106.669166949596, 52.1333443653137], [-106.668932834912, 52.1333667525856], [-106.668700237958, 52.1333944913457], [-106.668469480155, 52.133427543785], [-106.668331797118, 52.1334499490434], [-106.668194963438, 52.1334742465631], [-106.668147851523, 52.1334830874671], [-106.666594236486, 52.1337746387868], [-106.666587805652, 52.1337758455549], [-106.666337573905, 52.1338189870838], [-106.666084471993, 52.1338552378427], [-106.665828999951, 52.1338845251096], [-106.665571664271, 52.1339067922608], [-106.665312973307, 52.1339219934405], [-106.665053440437, 52.1339300998107], [-106.66479357805, 52.13393109514], [-106.664533900531, 52.1339249775601], [-106.664274922767, 52.1339117586878], [-106.664017155836, 52.1338914654838], [-106.663242703204, 52.1337965661169]]]]}}, {"type": "Feature", "properties": {"district_id": "Ward 7"}, "geometry": {"type": "Polygon", "coordinates": [[[-106.670569075236, 52.1074427733403], [-106.670256170722, 52.1073250934357], [-106.664999968814, 52.1073268991929], [-106.656771365401, 52.107329048012], [-106.646511521292, 52.1073310125413], [-106.638259911594, 52.1073297640769], [-106.638262808527, 52.1052815458686], [-106.63531418756, 52.1052820904044], [-106.63532078026, 52.1018996994724], [-106.631621450806, 52.1019007267002], [-106.628199434135, 52.1027242311426], [-106.622696995914, 52.1027269262626], [-106.622703959446, 52.1002580731818], [-106.622703961109, 52.1002561480386], [-106.622706899011, 52.0941682764204], [-106.62269635724, 52.09416827319], [-106.622692003564, 52.0906743811989], [-106.622690802955, 52.089709411908], [-106.622660883633, 52.0897092636456], [-106.60464499865, 52.089581291501], [-106.599100781587, 52.0894519481327], [-106.59903497026, 52.0894511955402], [-106.599034289151, 52.0890007415214], [-106.599029226222, 52.085638713099], [-106.599029038161, 52.0854578929121], [-106.604011962529, 52.0854644530662], [-106.604003669535, 52.0809187264624], [-106.603784762672, 52.0809189182157], [-106.603784326561, 52.0806747097283], [-106.603782729518, 52.0798403920597], [-106.603724399413, 52.0798404395214], [-106.603379526982, 52.0790882200798], [-106.603274120495, 52.0785980061163], [-106.603275614975, 52.0782296229211], [-106.60327862366, 52.0774123625114], [-106.60337547879, 52.0769041737265], [-106.603946374573, 52.0756936751325], [-106.603938380268, 52.0756172106045], [-106.603924345864, 52.0754984413989], [-106.60390885623, 52.0753797819128], [-106.603891762303, 52.0752611442572], [-106.60387321317, 52.0751426163196], [-106.603853208843, 52.0750241980993], [-106.603831603481, 52.0749058915803], [-106.603808542947, 52.0747876947767], [-106.603783881403, 52.0746696096725], [-106.603757910562, 52.0745516322969], [-106.603730341954, 52.0744338564918], [-106.60370116915, 52.0743161025095], [-106.60367812872, 52.0742269486022], [-106.603055988112, 52.071866701513], [-106.603720126867, 52.0718674319371], [-106.604407895618, 52.0718681839817], [-106.604176745749, 52.0709911504867], [-106.603915660534, 52.0700004011333], [-106.603873099512, 52.0698387699695], [-106.60808857095, 52.0709957137012], [-106.61075023307, 52.0717261396727], [-106.622495384135, 52.0749483028653], [-106.622642179773, 52.0749884528733], [-106.62278882982, 52.0750286047045], [-106.634589754382, 52.0782509417866], [-106.64640492619, 52.081488809805], [-106.646404229926, 52.0811887381916], [-106.64640249182, 52.0804094752738], [-106.646401742208, 52.0800881209025], [-106.646401486756, 52.0799895749804], [-106.646695181234, 52.0800709740796], [-106.646694580279, 52.0798100151391], [-106.646695543244, 52.0798234892975], [-106.646696456841, 52.0798324502909], [-106.646698894714, 52.0798499141577], [-106.646705525437, 52.0798770125364], [-106.646714746654, 52.0799033589749], [-106.646737483717, 52.0799483884228], [-106.646752097052, 52.0799706402043], [-106.646768307331, 52.0799915532781], [-106.646767392959, 52.0795817404098], [-106.646766588821, 52.0792220999033], [-106.646764395728, 52.0782438827405], [-106.646750379547, 52.0721019316778], [-106.658440336137, 52.0720722666995], [-106.66993279299, 52.0720905481864], [-106.669977447545, 52.0782326193923], [-106.670003650338, 52.0818495014799], [-106.670152665508, 52.081849988388], [-106.670155967631, 52.0830986279667], [-106.669924771496, 52.0830995303389], [-106.669926356039, 52.0833241581055], [-106.669927918508, 52.0835040161889], [-106.670201479835, 52.0835033226907], [-106.670203317593, 52.0841791265387], [-106.670206655107, 52.0854724092606], [-106.670606960267, 52.0854708268051], [-106.670607318671, 52.0856523653783], [-106.670612259291, 52.0878127453544], [-106.67384379358, 52.0886938549596], [-106.682233573876, 52.0909809593736], [-106.682243986882, 52.0909838050048], [-106.683344927323, 52.0912842993489], [-106.683435789179, 52.0913092575349], [-106.683616359529, 52.0913595498443], [-106.683796231237, 52.091410661119], [-106.683975407695, 52.0914626812314], [-106.684154031427, 52.0915155182304], [-106.684331810641, 52.0915691762887], [-106.684509040528, 52.0916237411085], [-106.684685568428, 52.0916790350394], [-106.684861547017, 52.0917352357371], [-106.685036681118, 52.0917922575067], [-106.685211116637, 52.0918500982657], [-106.685384853582, 52.0919087580171], [-106.685557746058, 52.0919682388504], [-106.685729939973, 52.0920285386826], [-106.685901435334, 52.0920896575166], [-106.686072228759, 52.0921515054861], [-106.686155571158, 52.0921821440565], [-106.686242181129, 52.0922142644201], [-106.686411285673, 52.0922777545835], [-106.686579691688, 52.0923420637615], [-106.686747253277, 52.0924071940449], [-106.686913967056, 52.0924730555681], [-106.68707983642, 52.0925397382038], [-106.687244857983, 52.0926071520863], [-106.687409181046, 52.0926753849995], [-106.687572510414, 52.0927443512551], [-106.687735141291, 52.0928141365478], [-106.687896781875, 52.0928847450594], [-106.688061774005, 52.0929578859873], [-106.688075951162, 52.0929579436971], [-106.693856269935, 52.0929816017142], [-106.693945332685, 52.0929819402285], [-106.694238814118, 52.0929845376177], [-106.694239386478, 52.0886060809173], [-106.70052089377, 52.0894240727963], [-106.700595592378, 52.0894337941143], [-106.700536742613, 52.0894857795628], [-106.700328773232, 52.0896557846097], [-106.700175390603, 52.0897703497508], [-106.700009924768, 52.0899564478068], [-106.699950361995, 52.0900104484036], [-106.699811871398, 52.0901278284863], [-106.699741364158, 52.0902184215416], [-106.6996153017, 52.0903386703607], [-106.699477501499, 52.0904742664291], [-106.699353743817, 52.0906552032542], [-106.699151214892, 52.0908387952061], [-106.698992503508, 52.0910080876409], [-106.698916442477, 52.091082062488], [-106.698909777754, 52.0912144097327], [-106.699221476038, 52.0912614482031], [-106.699306249969, 52.091274244151], [-106.699588525652, 52.09130222966], [-106.69999596806, 52.0913426251812], [-106.700518866495, 52.0912352549652], [-106.700915538655, 52.0912285148957], [-106.70121579008, 52.0912155762245], [-106.70150677248, 52.091209946049], [-106.701637787275, 52.0914178599355], [-106.701542060145, 52.091775559549], [-106.701155497254, 52.0920151599516], [-106.700841483025, 52.0919446554547], [-106.700547873399, 52.0918479324004], [-106.700542595738, 52.0918461922084], [-106.700004489086, 52.0917030818753], [-106.699285072747, 52.0916581210491], [-106.699193354978, 52.0916523848339], [-106.698545162946, 52.0916162476271], [-106.698486495731, 52.0917031534616], [-106.698357641184, 52.0918796127723], [-106.698258099804, 52.0920495711146], [-106.698254636084, 52.0921528646754], [-106.698229890497, 52.092215471345], [-106.698175554163, 52.0923422650957], [-106.698082083168, 52.0924772207128], [-106.697950225809, 52.0926400552895], [-106.697861051382, 52.0927582510813], [-106.697718825282, 52.0929075672425], [-106.697650210237, 52.0929717048581], [-106.697806461671, 52.0929711131261], [-106.697575891, 52.0933888672662], [-106.697349820165, 52.0938075541885], [-106.697330389875, 52.093860946648], [-106.697302044229, 52.0939128031131], [-106.697265088844, 52.0939625607865], [-106.697219928026, 52.0940096797266], [-106.697167050341, 52.0940536475507], [-106.696118812781, 52.0950021275531], [-106.696070828879, 52.0950774866668], [-106.696012865741, 52.0951501353672], [-106.695945318968, 52.0952195733992], [-106.695868658013, 52.0952853228228], [-106.695783407279, 52.0953469300831], [-106.695690155047, 52.0954039703787], [-106.695589544895, 52.095456052282], [-106.695482268294, 52.0955028151481], [-106.692932394833, 52.0969021309653], [-106.692662949834, 52.0970541797278], [-106.692400473091, 52.0972107837436], [-106.692145165854, 52.0973718214782], [-106.691897227855, 52.0975371696212], [-106.691656848386, 52.0977066987182], [-106.691424213794, 52.097880278458], [-106.691421021574, 52.0978827304642], [-106.69134070878, 52.0979400023632], [-106.691253808691, 52.0979935031655], [-106.691160786368, 52.0980429447416], [-106.691062141389, 52.0980880636442], [-106.69095840039, 52.0981286167197], [-106.690850121713, 52.0981643882356], [-106.690737883522, 52.0981951846556], [-106.689026449688, 52.0987263797699], [-106.688938366277, 52.0987674529888], [-106.688844362743, 52.098803204219], [-106.688745283965, 52.0988333111257], [-106.688642020609, 52.0988575037718], [-106.688535500375, 52.0988755647437], [-106.688306278849, 52.0989469248988], [-106.688081406169, 52.0990233539185], [-106.687861177761, 52.0991047504854], [-106.687645881596, 52.0991910088953], [-106.687435802393, 52.0992820144998], [-106.687231215985, 52.0993776491828], [-106.687032390617, 52.0994777868453], [-106.686839587003, 52.0995822952027], [-106.686653058403, 52.0996910375822], [-106.68647305055, 52.0998038711253], [-106.686299798767, 52.0999206477275], [-106.686133532347, 52.1000412139762], [-106.686125809158, 52.1000470351226], [-106.68612270961, 52.1000503299822], [-106.68593892837, 52.100240186111], [-106.685747643529, 52.1004272107476], [-106.68554897198, 52.1006112915852], [-106.685343032118, 52.1007923171942], [-106.685129946891, 52.1009701805752], [-106.684909846517, 52.1011447737254], [-106.684682861323, 52.1013159913375], [-106.684554588928, 52.1014362792932], [-106.684435689548, 52.1015601647362], [-106.684326428821, 52.1016873723484], [-106.684227050133, 52.1018176172369], [-106.68413777621, 52.1019506085087], [-106.684058806202, 52.1020860493114], [-106.683990317104, 52.1022236359135], [-106.683932461009, 52.1023630622396], [-106.683885367888, 52.1025040162338], [-106.683849144266, 52.1026461834744], [-106.683823868808, 52.1027892463387], [-106.683809599617, 52.102932883898], [-106.683807299749, 52.1029807133052], [-106.683815485475, 52.1030318034965], [-106.68383004231, 52.1031708930624], [-106.683833369131, 52.1033102554441], [-106.683825455852, 52.1034495482003], [-106.683806321511, 52.103588426672], [-106.683776014466, 52.1037265493753], [-106.68373460935, 52.1038635744474], [-106.683682207302, 52.1039991659385], [-106.683618937199, 52.1041329874997], [-106.68354495738, 52.1042647095518], [-106.683460448285, 52.1043940075927], [-106.683365618328, 52.1045205630127], [-106.683260700948, 52.1046440622378], [-106.683260553821, 52.104644343083], [-106.6831000195, 52.1049431275251], [-106.68293378003, 52.1052407262395], [-106.682761858599, 52.1055370984077], [-106.682584276934, 52.1058322032316], [-106.682401062605, 52.1061259998288], [-106.682212238805, 52.1064184473788], [-106.682017831614, 52.1067095041202], [-106.681817870136, 52.1069991309453], [-106.68161237903, 52.1072872870109], [-106.680122990334, 52.107288111872], [-106.67727097174, 52.1072896387439], [-106.677018119598, 52.1073266522884], [-106.67676370988, 52.1073593714098], [-106.676507934435, 52.1073877699914], [-106.676257959361, 52.1074112335917], [-106.676007053875, 52.1074305709928], [-106.675755398587, 52.1074457679322], [-106.670569075236, 52.1074427733403]]]}}, {"type": "Feature", "properties": {"district_id": "Ward 8"}, "geometry": {"type": "Polygon", "coordinates": [[[-106.503965719939, 52.145735648957], [-106.503965846023, 52.1442963421349], [-106.503965800233, 52.1440434118174], [-106.503891997331, 52.1440434539125], [-106.503892186094, 52.1435588995335], [-106.503904495548, 52.1365065245018], [-106.503915927258, 52.1292756710444], [-106.50389546543, 52.125659181414], [-106.50387501289, 52.1220426896001], [-106.509774657995, 52.1220414957669], [-106.50976431989, 52.114845849263], [-106.509764311046, 52.1145745653759], [-106.515693573202, 52.1145742914959], [-106.515674633475, 52.1109928382056], [-106.527257869427, 52.1109841784925], [-106.527265847232, 52.1073502833872], [-106.527879143153, 52.1073497091699], [-106.527883220719, 52.1014969461145], [-106.527884066202, 52.1001588971743], [-106.527883824698, 52.0966614415784], [-106.527883421314, 52.0929240903186], [-106.52785232157, 52.0929025539519], [-106.52772225541, 52.0929026213637], [-106.527722391993, 52.0928126137008], [-106.527724554484, 52.0926065432068], [-106.531813848987, 52.0954441537782], [-106.533517985425, 52.0966265248322], [-106.538005775681, 52.0997398409153], [-106.53850568976, 52.099466500364], [-106.539493904167, 52.0994643878926], [-106.540805348092, 52.0994617290087], [-106.540805431865, 52.0994959319664], [-106.540808580141, 52.1001358770202], [-106.548121167872, 52.1001222555452], [-106.548122810751, 52.0999819486918], [-106.548193788762, 52.0999820253292], [-106.5512636345, 52.0999737041405], [-106.551553491407, 52.0999731971942], [-106.551571442335, 52.0999728116483], [-106.551845920604, 52.0999707467508], [-106.552120294885, 52.0999758641841], [-106.552394068531, 52.0999881534064], [-106.552666746012, 52.1000075939749], [-106.552937838558, 52.1000341500766], [-106.553206854043, 52.1000677733586], [-106.553473308686, 52.1001084036736], [-106.553736719691, 52.100155967378], [-106.553996612575, 52.1002103781343], [-106.554252519801, 52.1002715396265], [-106.55450397618, 52.1003393393264], [-106.554750530796, 52.1004136555293], [-106.55493046413, 52.1004730760739], [-106.555107258367, 52.1005359671614], [-106.555299430834, 52.1006050804871], [-106.557556434085, 52.1014348091194], [-106.560625130568, 52.1025671981507], [-106.56080653307, 52.1026306239772], [-106.560992563409, 52.1026887443304], [-106.56118281116, 52.1027414315483], [-106.561376861986, 52.1027885715098], [-106.56157428723, 52.1028300583787], [-106.561774651467, 52.1028658016964], [-106.561977516787, 52.1028957236283], [-106.562182436894, 52.1029197572436], [-106.562388960186, 52.1029378509707], [-106.562596633975, 52.1029499640452], [-106.562635615763, 52.1029515657163], [-106.569541039221, 52.1029661001072], [-106.569847796183, 52.102963917843], [-106.570154311345, 52.1029560993514], [-106.570460310372, 52.1029426527845], [-106.570765523403, 52.1029235889349], [-106.571069674961, 52.1028989249671], [-106.571372495598, 52.1028686833631], [-106.571673717456, 52.1028328901829], [-106.571973068552, 52.1027915787376], [-106.572270285728, 52.1027447840215], [-106.572565101736, 52.1026925491787], [-106.572570558782, 52.1026915268612], [-106.57335467302, 52.1025081040989], [-106.579004807412, 52.1007181239633], [-106.579034888238, 52.100707267326], [-106.57922937802, 52.1006418434982], [-106.579429136736, 52.100582746298], [-106.579633622616, 52.1005301367165], [-106.57984227718, 52.1004841570895], [-106.580054539861, 52.100444931801], [-106.580269829065, 52.1004125684363], [-106.580487563935, 52.1003871538941], [-106.580707152768, 52.1003687572396], [-106.580927998818, 52.1003574287273], [-106.581149504677, 52.1003531997426], [-106.581371066337, 52.1003560801837], [-106.581592083565, 52.1003660628191], [-106.581811956919, 52.1003831215282], [-106.58203008911, 52.1004072085861], [-106.582254449245, 52.1004343227507], [-106.591770106484, 52.1024229534562], [-106.591776596786, 52.1024241848874], [-106.592037393648, 52.1024770180049], [-106.592294841537, 52.1025357520494], [-106.592548587272, 52.1026003072934], [-106.592798284671, 52.1026705958247], [-106.593043593032, 52.1027465197689], [-106.593284175864, 52.1028279767012], [-106.598173998219, 52.1045696877632], [-106.598347035076, 52.104617238109], [-106.59852393255, 52.1046590576188], [-106.598704188427, 52.1046950281023], [-106.598887293802, 52.1047250485468], [-106.599072733014, 52.1047490333198], [-106.599259980854, 52.1047669158041], [-106.599448505328, 52.1047786438641], [-106.599637778067, 52.1047841851003], [-106.599661056903, 52.1047844374696], [-106.604606274623, 52.1047960814055], [-106.604854885853, 52.104792696927], [-106.604744959121, 52.1071114809206], [-106.604512489187, 52.1120146115841], [-106.604384245281, 52.1147190830748], [-106.610883661535, 52.114782056283], [-106.611063076506, 52.1148121597063], [-106.622695603488, 52.1147963616254], [-106.622678118608, 52.1167683252763], [-106.622633537275, 52.1218787466642], [-106.62118131777, 52.1218720631198], [-106.619731939971, 52.1218653747935], [-106.618280363359, 52.1218586574654], [-106.609002560256, 52.1218153057538], [-106.604976953428, 52.1217962678512], [-106.60461458402, 52.1218149747189], [-106.604187107568, 52.121837040889], [-106.604193685086, 52.1221043959334], [-106.604208460535, 52.1223716268298], [-106.604231427721, 52.1226386383486], [-106.604262578989, 52.1229053352789], [-106.604301903795, 52.1231716233461], [-106.604302064902, 52.1231726111329], [-106.604347713857, 52.1234287658666], [-106.60440092665, 52.1236843680618], [-106.604461685677, 52.1239393307294], [-106.604529969112, 52.1241935714327], [-106.604605757983, 52.1244470058962], [-106.604689024522, 52.1246995490635], [-106.604779742487, 52.1249511176547], [-106.604877881283, 52.1252016293467], [-106.604983408819, 52.1254510009363], [-106.605096290083, 52.1256991492591], [-106.605216488663, 52.1259459929664], [-106.605343965162, 52.126191448951], [-106.605344658963, 52.1261927459882], [-106.605496854951, 52.1264672840404], [-106.605658153469, 52.1267398456535], [-106.605828489225, 52.1270103174869], [-106.606007789591, 52.1272785853988], [-106.606195980538, 52.1275445370633], [-106.606392983679, 52.1278080611114], [-106.606598714781, 52.1280690462523], [-106.606813088242, 52.1283273839099], [-106.607036015497, 52.1285829646482], [-106.607267400803, 52.1288356827242], [-106.607507149807, 52.1290854305768], [-106.607755160972, 52.1293321043383], [-106.607756853629, 52.1293337501034], [-106.60778059559, 52.1293567758154], [-106.598961299434, 52.1281124547243], [-106.585416052885, 52.1261576998874], [-106.584898092559, 52.1260820803316], [-106.583946568587, 52.1259728162784], [-106.583213037655, 52.1259103734429], [-106.582648843927, 52.1258856675169], [-106.582336949983, 52.1258659253696], [-106.582024440065, 52.1258503142148], [-106.581711454679, 52.1258388438513], [-106.581398142869, 52.1258315176707], [-106.581024128701, 52.1258282047925], [-106.580650098627, 52.1258307975268], [-106.580276300827, 52.1258392952439], [-106.579902980371, 52.1258536919636], [-106.579530382203, 52.125873978114], [-106.579158752601, 52.1259001405118], [-106.578788334765, 52.125932161522], [-106.57878135315, 52.1259328223815], [-106.57684663474, 52.1261471211509], [-106.575243109576, 52.1263701839064], [-106.575075362988, 52.1263935174878], [-106.572643862543, 52.1267297582949], [-106.572332671356, 52.1267724619957], [-106.572023356339, 52.1268200483679], [-106.571716116373, 52.126872484203], [-106.571411154724, 52.1269297362361], [-106.571108670156, 52.1269917676675], [-106.570808859784, 52.1270585363266], [-106.570511919268, 52.1271300000639], [-106.570218044115, 52.127206112238], [-106.569927423836, 52.1272868217932], [-106.569640250836, 52.1273720767377], [-106.56935671156, 52.1274618215643], [-106.569076990899, 52.12755599809], [-106.568801272135, 52.1276545436593], [-106.568529735569, 52.1277573938591], [-106.568262558526, 52.1278644825189], [-106.567999915289, 52.1279757399132], [-106.567741977068, 52.1280910918626], [-106.567488913622, 52.128210464208], [-106.567240890141, 52.128333777457], [-106.566998067476, 52.1284609530747], [-106.566991517359, 52.1284644758143], [-106.553039932759, 52.1360337915969], [-106.552624036975, 52.1362751604992], [-106.550837827162, 52.1372630080905], [-106.549837677547, 52.1378094095737], [-106.54898954523, 52.1382681196019], [-106.547969035283, 52.1388255046875], [-106.546679912862, 52.1395288746117], [-106.545956833207, 52.1399239801306], [-106.545407310958, 52.1402242431392], [-106.544114166599, 52.1409354094344], [-106.543458848034, 52.1412993392399], [-106.543452165094, 52.1413034810017], [-106.543178396599, 52.141468706872], [-106.542897810438, 52.1416295444074], [-106.542610589993, 52.1417858868586], [-106.542316927572, 52.1419376318561], [-106.542017015554, 52.1420846788288], [-106.541711053694, 52.1422269289082], [-106.541399243435, 52.1423642894993], [-106.541081792103, 52.1424966688303], [-106.540758908646, 52.1426239796058], [-106.540430809422, 52.1427461371324], [-106.540097708027, 52.1428630612502], [-106.539759828356, 52.1429746734652], [-106.539417391605, 52.1430809016144], [-106.539070624822, 52.1431816734606], [-106.538719758201, 52.143276923022], [-106.53836502499, 52.1433665878756], [-106.538006658502, 52.1434506073985], [-106.5376448952, 52.1435289272233], [-106.537279977454, 52.1436014947063], [-106.536912144876, 52.1436682617387], [-106.536541641618, 52.1437291846505], [-106.536168713424, 52.143784223351], [-106.535793606103, 52.1438333395496], [-106.535416568668, 52.1438765030095], [-106.535037850168, 52.1439136843956], [-106.534657702699, 52.1439448579329], [-106.534276377117, 52.1439700041598], [-106.533894125832, 52.1439891062951], [-106.531313061529, 52.1440272572859], [-106.528842799295, 52.1440224688222], [-106.52751226832, 52.1440235447144], [-106.527504718872, 52.1442283345585], [-106.527526692999, 52.1477056666151], [-106.527526885972, 52.1477096392662], [-106.527531486359, 52.1479093397608], [-106.527526065719, 52.1481090315847], [-106.527510627684, 52.1483085258671], [-106.527485186052, 52.1485076318042], [-106.527449767834, 52.1487061602174], [-106.527404404391, 52.1489039209698], [-106.527349138869, 52.1491007264668], [-106.527284024613, 52.1492963880805], [-106.527209123859, 52.149490720662], [-106.527124506124, 52.1496835380667], [-106.52750744712, 52.1511475097811], [-106.527458651319, 52.1728071816786], [-106.516907857892, 52.1728161554146], [-106.515600739799, 52.1728111753248], [-106.503963813303, 52.1728271422843], [-106.503964288726, 52.1657259474097], [-106.504163973731, 52.1656030951313], [-106.503964250262, 52.1656033941705], [-106.503964875227, 52.1583801748587], [-106.50396526564, 52.1511536233977], [-106.503965566218, 52.1475440746827], [-106.503965719939, 52.145735648957]]]}}, {"type": "Feature", "properties": {"district_id": "Ward 9"}, "geometry": {"type": "Polygon", "coordinates": [[[-106.608172925566, 52.1047965061843], [-106.604854885853, 52.104792696927], [-106.604606274623, 52.1047960814055], [-106.599661056903, 52.1047844374696], [-106.599637778067, 52.1047841851003], [-106.599448505328, 52.1047786438641], [-106.599259980854, 52.1047669158041], [-106.599072733014, 52.1047490333198], [-106.598887293802, 52.1047250485468], [-106.598704188427, 52.1046950281023], [-106.59852393255, 52.1046590576188], [-106.598347035076, 52.104617238109], [-106.598173998219, 52.1045696877632], [-106.593284175864, 52.1028279767012], [-106.593043593032, 52.1027465197689], [-106.592798284671, 52.1026705958247], [-106.592548587272, 52.1026003072934], [-106.592294841537, 52.1025357520494], [-106.592037393648, 52.1024770180049], [-106.591776596786, 52.1024241848874], [-106.591770106484, 52.1024229534562], [-106.582254449245, 52.1004343227507], [-106.58203008911, 52.1004072085861], [-106.581811956919, 52.1003831215282], [-106.581592083565, 52.1003660628191], [-106.581371066337, 52.1003560801837], [-106.581149504677, 52.1003531997426], [-106.580927998818, 52.1003574287273], [-106.580707152768, 52.1003687572396], [-106.580487563935, 52.1003871538941], [-106.580269829065, 52.1004125684363], [-106.580054539861, 52.100444931801], [-106.57984227718, 52.1004841570895], [-106.579633622616, 52.1005301367165], [-106.579429136736, 52.100582746298], [-106.57922937802, 52.1006418434982], [-106.579034888238, 52.100707267326], [-106.579004807412, 52.1007181239633], [-106.57335467302, 52.1025081040989], [-106.572570558782, 52.1026915268612], [-106.572565101736, 52.1026925491787], [-106.572270285728, 52.1027447840215], [-106.571973068552, 52.1027915787376], [-106.571673717456, 52.1028328901829], [-106.571372495598, 52.1028686833631], [-106.571069674961, 52.1028989249671], [-106.570765523403, 52.1029235889349], [-106.570460310372, 52.1029426527845], [-106.570154311345, 52.1029560993514], [-106.569847796183, 52.102963917843], [-106.569541039221, 52.1029661001072], [-106.562635615763, 52.1029515657163], [-106.562596633975, 52.1029499640452], [-106.562388960186, 52.1029378509707], [-106.562182436894, 52.1029197572436], [-106.561977516787, 52.1028957236283], [-106.561774651467, 52.1028658016964], [-106.56157428723, 52.1028300583787], [-106.561376861986, 52.1027885715098], [-106.56118281116, 52.1027414315483], [-106.560992563409, 52.1026887443304], [-106.56080653307, 52.1026306239772], [-106.560625130568, 52.1025671981507], [-106.557556434085, 52.1014348091194], [-106.555299430834, 52.1006050804871], [-106.555107258367, 52.1005359671614], [-106.554930462639, 52.1004730751944], [-106.554750530796, 52.1004136555293], [-106.55450397618, 52.1003393393264], [-106.55425251977, 52.1002715387277], [-106.553996612575, 52.1002103781343], [-106.55373671966, 52.1001559664793], [-106.553473308655, 52.1001084027749], [-106.553206854043, 52.1000677733586], [-106.552937838558, 52.1000341500766], [-106.552666746012, 52.1000075939749], [-106.552394068531, 52.0999881534064], [-106.552120294853, 52.0999758632854], [-106.551845920604, 52.0999707467508], [-106.551571442335, 52.0999728116483], [-106.551553491407, 52.0999731971942], [-106.5512636345, 52.0999737041405], [-106.548193788762, 52.0999820253292], [-106.548122810751, 52.0999819486918], [-106.548121167872, 52.1001222555452], [-106.540808580141, 52.1001358770202], [-106.540805431865, 52.0994959319664], [-106.540805348092, 52.0994617290087], [-106.539493904167, 52.0994643878926], [-106.53850568976, 52.099466500364], [-106.538005775681, 52.0997398409153], [-106.533517985425, 52.0966265248322], [-106.531813848987, 52.0954441537782], [-106.527724554484, 52.0926065432068], [-106.527723523659, 52.0924088681898], [-106.527723495193, 52.0924005144647], [-106.527431473545, 52.0921977620956], [-106.525282302555, 52.0907059235925], [-106.524297472806, 52.0900221748524], [-106.519396669404, 52.0866198221967], [-106.520089519821, 52.0866879463738], [-106.522338850094, 52.0869092409186], [-106.524027901692, 52.0870752920326], [-106.524509713759, 52.0871226508684], [-106.527443737862, 52.0874110138993], [-106.527736939627, 52.0874398532904], [-106.53305190868, 52.0879604203007], [-106.536525140984, 52.0874594074226], [-106.536587904632, 52.0874593984227], [-106.536715332978, 52.0874565519508], [-106.536721901059, 52.0874562900785], [-106.536852660907, 52.0874474304877], [-106.536854480493, 52.0874472440131], [-106.536983294464, 52.0874326460251], [-106.536985153331, 52.0874323709183], [-106.537111853897, 52.0874120879762], [-106.537113351655, 52.087411795997], [-106.537237667023, 52.0873858631234], [-106.537242602821, 52.0873846550137], [-106.537360077275, 52.0873541077202], [-106.538221094339, 52.08710696153], [-106.538223821712, 52.0871061787314], [-106.538507287095, 52.0870287583796], [-106.538510832296, 52.0870278614951], [-106.538795163734, 52.0869577815851], [-106.539087111897, 52.0868934253919], [-106.539090740153, 52.0868926946494], [-106.539382686716, 52.0868356955809], [-106.539464460378, 52.0868210411722], [-106.539649200962, 52.0867900346567], [-106.540642190214, 52.0867901775682], [-106.540794351242, 52.0867470455139], [-106.540797775126, 52.0867461456504], [-106.540948924681, 52.086707302133], [-106.540951769432, 52.0867066238373], [-106.541105710836, 52.0866709967837], [-106.541226018601, 52.0866473626811], [-106.541232433252, 52.0866462951154], [-106.541348511023, 52.0866284654435], [-106.54135046292, 52.0866282232191], [-106.541472697401, 52.0866143807176], [-106.541474900943, 52.0866141981412], [-106.541591472448, 52.0866055745862], [-106.541599739151, 52.0866050951054], [-106.541724165456, 52.0866008545987], [-106.546608450929, 52.0865298310506], [-106.549948907773, 52.0865232372767], [-106.550034817874, 52.0865262157412], [-106.550035556411, 52.0865262572807], [-106.550119869317, 52.0865354150558], [-106.5501210173, 52.0865355627058], [-106.550202983575, 52.0865507954585], [-106.550204094908, 52.0865510227161], [-106.550283089156, 52.0865722676437], [-106.550285634016, 52.0865730901729], [-106.550356554159, 52.0865987239679], [-106.550358480672, 52.0865994773014], [-106.550426821447, 52.0866314175449], [-106.550427601253, 52.0866318074143], [-106.550489173078, 52.0866683963213], [-106.550490035599, 52.0866689406574], [-106.550544320454, 52.0867098874305], [-106.550544913341, 52.0867103588845], [-106.550591461224, 52.0867554824283], [-106.550622446211, 52.0867899353304], [-106.55118592062, 52.0867897319712], [-106.5514782559, 52.086519731851], [-106.557244485637, 52.0865137306133], [-106.55724471605, 52.0866167717301], [-106.558736774875, 52.0866146799427], [-106.560530133946, 52.0865660695914], [-106.563200311538, 52.0866085613575], [-106.565116714439, 52.086606101785], [-106.565523697321, 52.0866084806331], [-106.565527367062, 52.0866085307962], [-106.565928019449, 52.0866169475027], [-106.565931790003, 52.0866170421713], [-106.566330194629, 52.0866312483234], [-106.566335770723, 52.0866314682452], [-106.56673432733, 52.0866515470536], [-106.566739081444, 52.0866518021604], [-106.567141494197, 52.0866780316701], [-106.567539056701, 52.0867098703645], [-106.567542773612, 52.0867101832928], [-106.567937156446, 52.0867476494474], [-106.567942700262, 52.0867481970186], [-106.568336391653, 52.0867915246018], [-106.568341048837, 52.0867920533809], [-106.568737595201, 52.086841724808], [-106.569128440308, 52.0868966958557], [-106.569132099191, 52.0868972262054], [-106.56951891121, 52.0869576131758], [-106.569524351104, 52.0869584839577], [-106.569909561946, 52.0870246627132], [-106.569914132408, 52.0870254641332], [-106.570301221524, 52.0870981292467], [-106.570587942384, 52.0871564123251], [-106.570873393931, 52.087217017086], [-106.574101420442, 52.0879280788287], [-106.57461945983, 52.0880422136005], [-106.574903308803, 52.0881046985238], [-106.575196914912, 52.0881692553196], [-106.576910708502, 52.0885462870763], [-106.580748077336, 52.0893900026375], [-106.581869965261, 52.0896366079963], [-106.582550225929, 52.0897861788192], [-106.58699368393, 52.0898711981239], [-106.587672327975, 52.0898841778644], [-106.591443438567, 52.0899562346718], [-106.598742703163, 52.0900158831225], [-106.599035901189, 52.090018289761], [-106.599035692013, 52.0898817989505], [-106.599035393547, 52.0897305629986], [-106.59903497026, 52.0894511955402], [-106.599100781587, 52.0894519481327], [-106.60464499865, 52.089581291501], [-106.622660883633, 52.0897092636456], [-106.622690802955, 52.089709411908], [-106.622692003564, 52.0906743811989], [-106.62269635724, 52.09416827319], [-106.622706899011, 52.0941682764204], [-106.622703961109, 52.1002561480386], [-106.622703959446, 52.1002580731818], [-106.622696995914, 52.1027269262626], [-106.622696454853, 52.1073445187013], [-106.621430164401, 52.107342775735], [-106.621161790431, 52.1073253373661], [-106.621088570914, 52.1072915438264], [-106.608172925566, 52.1047965061843]]]}}, {"type": "Feature", "properties": {"district_id": "Ward 10"}, "geometry": {"type": "Polygon", "coordinates": [[[-106.524968503945, 52.1762238827889], [-106.520074806998, 52.1743473214119], [-106.520072796174, 52.1743465084208], [-106.519654746442, 52.1741735312051], [-106.519242744636, 52.1739951552667], [-106.518836973423, 52.1738114601394], [-106.518437617017, 52.1736225280357], [-106.518044853831, 52.1734284430425], [-106.517658858007, 52.1732292928998], [-106.517279802244, 52.173025166266], [-106.516907857892, 52.1728161554146], [-106.527458651319, 52.1728071816786], [-106.52750744712, 52.1511475097811], [-106.527124506124, 52.1496835380667], [-106.527209123859, 52.149490720662], [-106.527284024613, 52.1492963880805], [-106.527349138869, 52.1491007264668], [-106.527404404391, 52.1489039209698], [-106.527449767834, 52.1487061602174], [-106.527485186052, 52.1485076318042], [-106.527510627684, 52.1483085258671], [-106.527526065719, 52.1481090315847], [-106.527531486359, 52.1479093397608], [-106.527526885972, 52.1477096392662], [-106.527526692999, 52.1477056666151], [-106.527504718872, 52.1442283345585], [-106.52751226832, 52.1440235447144], [-106.528842799295, 52.1440224688222], [-106.531313061529, 52.1440272572859], [-106.533894125832, 52.1439891062951], [-106.534276377117, 52.1439700041598], [-106.534657702699, 52.1439448579329], [-106.535037850168, 52.1439136843956], [-106.535416568668, 52.1438765030095], [-106.535793606103, 52.1438333395496], [-106.536168713424, 52.143784223351], [-106.536541641618, 52.1437291846505], [-106.536912144876, 52.1436682617387], [-106.537279977454, 52.1436014947063], [-106.537644896661, 52.1435289272042], [-106.538006658502, 52.1434506073985], [-106.53836502499, 52.1433665878756], [-106.538719758201, 52.143276923022], [-106.539070624822, 52.1431816734606], [-106.539417391605, 52.1430809016144], [-106.539759828356, 52.1429746734652], [-106.540097708027, 52.1428630612502], [-106.540430809422, 52.1427461371324], [-106.540758910107, 52.1426239795868], [-106.541081792103, 52.1424966688303], [-106.541399244896, 52.1423642894802], [-106.541711053694, 52.1422269289082], [-106.542017016983, 52.1420846779109], [-106.542316927572, 52.1419376318561], [-106.542610591454, 52.1417858868395], [-106.542897810407, 52.1416295435086], [-106.543178398028, 52.1414687059542], [-106.543452165094, 52.1413034810017], [-106.543458848034, 52.1412993392399], [-106.544114166599, 52.1409354094344], [-106.545407310958, 52.1402242431392], [-106.545956833207, 52.1399239801306], [-106.546679912862, 52.1395288746117], [-106.547969035283, 52.1388255046875], [-106.54898954523, 52.1382681196019], [-106.549837677547, 52.1378094095737], [-106.550837827162, 52.1372630080905], [-106.552624036975, 52.1362751604992], [-106.553039932759, 52.1360337915969], [-106.566991517359, 52.1284644758143], [-106.566998067476, 52.1284609530747], [-106.567240890141, 52.128333777457], [-106.567488913622, 52.128210464208], [-106.567741977068, 52.1280910918626], [-106.567999915289, 52.1279757399132], [-106.568262558526, 52.1278644825189], [-106.568529735569, 52.1277573938591], [-106.568801272135, 52.1276545436593], [-106.569076990899, 52.12755599809], [-106.56935671156, 52.1274618215643], [-106.569640250836, 52.1273720767377], [-106.569927423836, 52.1272868217932], [-106.570218044115, 52.127206112238], [-106.570511919268, 52.1271300000639], [-106.570808859784, 52.1270585363266], [-106.571108670156, 52.1269917676675], [-106.571411154724, 52.1269297362361], [-106.571716116373, 52.126872484203], [-106.572023356339, 52.1268200483679], [-106.572332671356, 52.1267724619957], [-106.572643862543, 52.1267297582949], [-106.575075362988, 52.1263935174878], [-106.575243109576, 52.1263701839064], [-106.57538819668, 52.1266825188397], [-106.577411048894, 52.1280836289618], [-106.577344434365, 52.1281200154069], [-106.578647941677, 52.1292125402344], [-106.585246662506, 52.1337847579154], [-106.585137617664, 52.1338444175682], [-106.585242250135, 52.1339309514109], [-106.582328570835, 52.1355203457759], [-106.580769029183, 52.1363709910342], [-106.58063542494, 52.13646325909], [-106.58051075252, 52.1365601449361], [-106.58039543145, 52.136661321978], [-106.580289851515, 52.1367664487336], [-106.580194369873, 52.1368751697707], [-106.580109306764, 52.1369871184613], [-106.580034951387, 52.137101917802], [-106.579971554594, 52.1372191805111], [-106.579919327457, 52.1373385099467], [-106.579878450197, 52.1374595044828], [-106.579849057473, 52.1375817550084], [-106.579831250231, 52.1377048492644], [-106.579825089854, 52.1378283719219], [-106.579827381285, 52.13790935453], [-106.57982129832, 52.1403306373319], [-106.579808332359, 52.1404476009393], [-106.579806132796, 52.1405648276172], [-106.579814706965, 52.1406819441177], [-106.579834028477, 52.140798574045], [-106.579864036046, 52.1409143459639], [-106.579904630435, 52.1410288898439], [-106.579955686173, 52.1411418378017], [-106.580017037109, 52.1412528287904], [-106.580088488125, 52.1413615093424], [-106.580169810628, 52.1414675300329], [-106.580260744261, 52.141570552651], [-106.580360999763, 52.141670248363], [-106.580412659395, 52.141717107984], [-106.581477763976, 52.1426838420514], [-106.581580773959, 52.1427967425974], [-106.581677868099, 52.1429116106376], [-106.581768951561, 52.1430283278704], [-106.581853928045, 52.1431467760131], [-106.582137743344, 52.1437937089733], [-106.582490464356, 52.1445973875115], [-106.582659514455, 52.1449881074905], [-106.582712440503, 52.1451360747281], [-106.5827555093, 52.1452852478408], [-106.582788649076, 52.1454353778364], [-106.582802727694, 52.1462545474861], [-106.583309137805, 52.1462620709359], [-106.583394878643, 52.1462676328002], [-106.583589336965, 52.1462846717606], [-106.583782143236, 52.1463077470572], [-106.583972802796, 52.146336797007], [-106.584160829366, 52.1463717490275], [-106.584345736022, 52.1464125125644], [-106.584527052887, 52.1464589833501], [-106.584704312457, 52.1465110418016], [-106.58487706135, 52.1465685546613], [-106.585044854433, 52.1466313741764], [-106.585207263647, 52.1466993397781], [-106.585363870673, 52.146772277281], [-106.585514274202, 52.1468499978857], [-106.585658090158, 52.1469323044698], [-106.585794947062, 52.1470189844566], [-106.585924495019, 52.1471098159878], [-106.586046402764, 52.1472045670644], [-106.586160354647, 52.1473029928885], [-106.586266062541, 52.147404841998], [-106.586363251106, 52.1475098528669], [-106.586451672465, 52.1476177555067], [-106.587991372381, 52.1492759792475], [-106.587569817985, 52.1494254728038], [-106.587480109652, 52.1494599385222], [-106.587396189272, 52.1494995377794], [-106.587318827251, 52.1495439041512], [-106.58724873851, 52.1495926314991], [-106.587186569114, 52.1496452678556], [-106.587132890938, 52.1497013298819], [-106.587088201539, 52.1497602992725], [-106.58705290996, 52.1498216346347], [-106.587027342447, 52.1498847678145], [-106.587011735683, 52.1499491192729], [-106.587006233739, 52.1500140945302], [-106.587005946012, 52.1511564073157], [-106.565822400216, 52.1511553622036], [-106.565811806472, 52.1567679476698], [-106.565533145448, 52.1567677483901], [-106.563205131233, 52.1567653602416], [-106.551443713422, 52.1567523482371], [-106.551435743938, 52.1632029743063], [-106.563099039056, 52.1632167785449], [-106.563099998163, 52.1615218820634], [-106.565532605169, 52.161526619449], [-106.565532665112, 52.1609865607034], [-106.566117268621, 52.1609890755807], [-106.574074262129, 52.1610128996775], [-106.574074460998, 52.1615639072213], [-106.575259802036, 52.1615637308681], [-106.57526004748, 52.1620954347603], [-106.58194799559, 52.1620998233079], [-106.581939616325, 52.1654636749958], [-106.583502288424, 52.165467522451], [-106.583502096697, 52.1656474459954], [-106.583499472991, 52.1699882416728], [-106.583499403301, 52.1701044673368], [-106.583463470524, 52.1702425437791], [-106.580608654601, 52.1710585975835], [-106.579150612192, 52.1715395139962], [-106.573915914797, 52.1730890386142], [-106.567920871381, 52.1747119227326], [-106.567894017372, 52.1747191645022], [-106.567684394759, 52.1747723679945], [-106.567471580806, 52.1748205467977], [-106.567255894769, 52.1748636283173], [-106.567037660582, 52.1749015479913], [-106.566817202434, 52.1749342484497], [-106.566594852206, 52.1749616830125], [-106.566370941909, 52.174983808597], [-106.566145806828, 52.17500059197], [-106.56591978552, 52.1750120097483], [-106.56569321378, 52.1750180430834], [-106.565466432164, 52.1750186838563], [-106.565239779993, 52.1750139302607], [-106.565013596931, 52.1750037903794], [-106.564788219971, 52.1749882795262], [-106.564563989282, 52.1749674201686], [-106.564341238036, 52.1749412438609], [-106.564120301118, 52.1749097893303], [-106.563901507877, 52.1748731043715], [-106.563685187911, 52.1748312439714], [-106.563471662265, 52.1747842695263], [-106.563261252326, 52.1747322523211], [-106.563175469747, 52.1754014481529], [-106.562612251834, 52.1758515793297], [-106.561560295798, 52.1765433789694], [-106.561225505871, 52.1767410562388], [-106.560545402048, 52.1775722199956], [-106.559313012869, 52.1784330238022], [-106.558581353782, 52.1789619908694], [-106.558192743278, 52.1791985897045], [-106.557755385302, 52.1795191265053], [-106.557385446354, 52.1798657820162], [-106.557135924774, 52.1802694327383], [-106.556616412084, 52.1807508924683], [-106.556114779207, 52.1811693955284], [-106.554176954625, 52.1827521500751], [-106.553884087413, 52.1829421394733], [-106.55302929079, 52.1836651289454], [-106.552315817761, 52.1842683873838], [-106.552018488411, 52.1845197796809], [-106.551372258838, 52.185066121491], [-106.550638971083, 52.1856664353237], [-106.549728567163, 52.1862716465177], [-106.549015797313, 52.1867007477342], [-106.548307414994, 52.1872633491672], [-106.548010369495, 52.1874897174798], [-106.54503393028, 52.1858012402903], [-106.542907596173, 52.1845948851656], [-106.541524057303, 52.1838098906268], [-106.538945684155, 52.1823468530144], [-106.536348795107, 52.1808873032922], [-106.533969861674, 52.1797168314421], [-106.531457714754, 52.1786733288881], [-106.529519322671, 52.1779381705234], [-106.524968503945, 52.1762238827889]]]}}]}